4b52433130310000bf4100000020000000040000ae8c0000000000000000000000000000420000000000000058000000
000000005c000000000000008800000000000000f6000000000000001601000000000000320100000000000054010000
0000000077010000000000007d01000000000000a50100000000000025020000000000004f0200000000000055020000
0000000067020000000000006d0200000000000073020000000000009302000000000000ab02000000000000c9020000
0000000005030000000000001d030000000000003503000000000000ab03000000000000af03000000000000cb030000
00000000f10300000000000031040000000000003f0400000000000042040000000000006404000000000000bb040000
000000007505000000000000bb05000000000000c705000000000000350600000000000059060000000000007d060000
000000008806000000000000d7060000000000009107000000000000d707000000000000e30700000000000051080000
00000000f60800000000000038090000000000004409000000000000c409000000000000f009000000000000020a0000
00000000140a000000000000700a000000000000d40a000000000000390b000000000000490b000000000000bb0b0000
00000000eb0b0000000000001b0c0000000000002b0c000000000000a40c000000000000e00c000000000000f80c0000
00000000100d0000000000008c0d000000000000c20d000000000000d80d000000000000ee0d0000000000005a0e0000
00000000ca0e000000000000f60e000000000000fe0e0000000000004c0f0000000000008a0f000000000000ca0f0000
00000000d40f0000000000001c1000000000000038100000000000004410000000000000501000000000000088100000
00000000dc1000000000000000110000000000002411000000000000cf11000000000000d511000000000000ff110000
00000000351200000000000059120000000000007d120000000000008912000000000000ca12000000000000d0120000
00000000d212000000000000d412000000000000df12000000000000091300000000000017130000000000002d130000
000000004413000000000000fb1300000000000041140000000000004d14000000000000c91400000000000027150000
0000000086150000000000009615000000000000011600000000000037160000000000004d1600000000000063160000
00000000cf16000000000000f416000000000000f916000000000000fc1600000000000017170000000000001a170000
00000000221700000000000040170000000000006d1700000000000074170000000000008b170000000000008e170000
000000009617000000000000b617000000000000c917000000000000d217000000000000e917000000000000f1170000
0000000008180000000000001f180000000000004e180000000000005518000000000000581800000000000060180000
0000000077180000000000009518000000000000a018000000000000a518000000000000a618000000000000ae180000
00000000bd18000000000000c018000000000000c118000000000000cc18000000000000e518000000000000ea180000
00000000fc180000000000000419000000000000121900000000000019190000000000002a190000000000002d190000
00000000361900000000000055190000000000005a190000000000006f19000000000000721900000000000079190000
00000000821900000000000085190000000000008e190000000000009b19000000000000a119000000000000b0190000
00000000ce19000000000000da19000000000000f919000000000000fb19000000000000001a0000000000000e1a0000
00000000141a000000000000271a000000000000381a000000000000481a000000000000491a0000000000005a1a0000
000000005b1a000000000000631a0000000000007a1a0000000000007d1a000000000000aa1a000000000000b11a0000
00000000b41a000000000000cf1a000000000000df1a000000000000e81a000000000000f11a000000000000061b0000
00000000331b0000000000003a1b0000000000003d1b000000000000581b0000000000007e1b000000000000851b0000
00000000881b000000000000a81b000000000000be1b000000000000c71b000000000000e01b000000000000121c0000
000000001a1c000000000000331c0000000000004b1c000000000000571c000000000000631c000000000000821c0000
00000000a01c000000000000ac1c000000000000ca1c000000000000e51c000000000000f01c0000000000000e1d0000
00000000281d0000000000002c1d0000000000002e1d000000000000411d000000000000601d000000000000651d0000
00000000751d000000000000831d000000000000891d000000000000991d000000000000c31d000000000000d51d0000
00000000021e000000000000051e0000000000000c1e0000000000001f1e000000000000281e000000000000431e0000
00000000551e000000000000581e000000000000591e0000000000005c1e000000000000651e000000000000701e0000
000000009d1e000000000000a41e000000000000a71e000000000000c51e000000000000f41e000000000000fc1e0000
00000000141f0000000000002f1f0000000000003a1f000000000000581f000000000000b21f000000000000c01f0000
00000000c61f00000000000008200000000000002e200000000000004020000000000000522000000000000082200000
00000000e220000000000000f020000000000000f62000000000000032210000000000004e2100000000000070210000
000000007621000000000000a021000000000000a621000000000000b821000000000000be21000000000000dc210000
000000001822000000000000302200000000000034220000000000005a22000000000000862200000000000098220000
00000000fc220000000000000c23000000000000482300000000000060230000000000009623000000000000ac230000
00000000ea23000000000000f42300000000000010240000000000001c24000000000000702400000000000094240000
000000009a24000000000000d024000000000000f424000000000000fa24000000000000fc2400000000000012250000
0000000070250000000000008025000000000000b625000000000000cc250000000000003b260000000000004d260000
000000005526000000000000ab26000000000000c226000000000000e626000000000000f52600000000000034270000
00000000882700000000000090270000000000009d27000000000000e427000000000000072800000000000031280000
0000000039280000000000007028000000000000772800000000000080280000000000008f28000000000000b8280000
00000000d7280000000000000d2900000000000012290000000000003f29000000000000a329000000000000c9290000
00000000ce29000000000000082a000000000000432a0000000000005a2a000000000000db2a000000000000f02a0000
000000003e2b0000000000005e2b0000000000007c2b000000000000ad2b000000000000f92b000000000000062c0000
00000000162c0000000000002f2c0000000000005c2c000000000000aa2c000000000000b12c000000000000f12c0000
000000000f2d000000000000122d000000000000172d000000000000312d000000000000af2d000000000000c42d0000
00000000e22d000000000000132e000000000000512e0000000000006f2e0000000000008c2e000000000000db2e0000
00000000f22e0000000000002b2f000000000000422f000000000000992f000000000000b02f000000000000ec2f0000
0000000004300000000000005930000000000000633000000000000081300000000000008b30000000000000bd300000
00000000c430000000000000cd30000000000000e4300000000000001c310000000000002a3100000000000030310000
00000000403100000000000076310000000000008d310000000000009331000000000000b53100000000000005320000
00000000253200000000000075320000000000009532000000000000de32000000000000fc3200000000000015330000
00000000563300000000000084330000000000009833000000000000a833000000000000d033000000000000e3330000
00000000ec33000000000000043400000000000051340000000000005a3400000000000072340000000000007a340000
000000009934000000000000e934000000000000093500000000000021350000000000005d35000000000000db350000
00000000f035000000000000f9350000000000005636000000000000b936000000000000c136000000000000d1360000
0000000023370000000000003a3700000000000067370000000000007937000000000000c23700000000000010380000
000000003038000000000000363800000000000070380000000000008f38000000000000cf38000000000000d4380000
00000000083900000000000015390000000000001b3900000000000027390000000000005539000000000000d6390000
00000000eb39000000000000263a0000000000003d3a000000000000bd3a000000000000d43a000000000000ed3a0000
00000000193b0000000000006c3b0000000000008e3b000000000000ac3b000000000000ed3b0000000000001a3c0000
00000000773c0000000000009b3c000000000000263d0000000000002d3d000000000000303d000000000000363d0000
000000004e3d000000000000963d000000000000b33d000000000000d13d0000000000000f3e000000000000343e0000
00000000883e000000000000ac3e0000000000002c3f000000000000313f000000000000343f0000000000003a3f0000
000000004f3f000000000000883f000000000000a33f000000000000be3f000000000000f43f00000000000018400000
000000001b40000000000000214000000000000023400000000000002c4000000000000046400000000000005c400000
00000000e440000000000000f94000000000000002410000000000005c41000000000000bc41000000000000c4410000
00000000d4410000000000001b42000000000000394200000000000075420000000000008d42000000000000ef420000
00000000fa42000000000000ff420000000000000b43000000000000334300000000000034430000000000003d430000
000000004543000000000000544300000000000078430000000000008443000000000000b343000000000000b6430000
00000000b743000000000000b943000000000000c243000000000000dd43000000000000e643000000000000f1430000
0000000007440000000000005c440000000000007e440000000000008444000000000000bd44000000000000d6440000
0000000012450000000000001745000000000000444500000000000056450000000000005e450000000000006e450000
00000000ad45000000000000254600000000000058460000000000006146000000000000b246000000000000e5460000
00000000ee46000000000000f14600000000000012470000000000009647000000000000ae47000000000000ff470000
0000000020480000000000004648000000000000a048000000000000a748000000000000e9480000000000000d490000
00000000104900000000000016490000000000003149000000000000ba49000000000000d249000000000000f2490000
00000000324a0000000000004a4a000000000000564a0000000000006e4a000000000000c84a000000000000d44a0000
00000000ec4a000000000000f44a000000000000184b000000000000694b0000000000008a4b000000000000a94b0000
00000000e44b000000000000fe4b0000000000003a4c000000000000524c000000000000aa4c000000000000ae4c0000
00000000b04c000000000000b44c000000000000c34c000000000000ed4c000000000000ff4c000000000000124d0000
00000000384d000000000000494d000000000000594d000000000000794d000000000000e04d000000000000e14d0000
00000000f74d000000000000084e000000000000184e000000000000384e000000000000424e000000000000744e0000
00000000754e000000000000764e000000000000784e0000000000007e4e000000000000944e0000000000009e4e0000
00000000a64e000000000000b84e0000000000001d4f0000000000004a4f0000000000004f4f000000000000884f0000
000000009f4f000000000000df4f000000000000e24f0000000000001c500000000000002d5000000000000035500000
0000000048500000000000008050000000000000ee500000000000001e5100000000000027510000000000007a510000
00000000aa51000000000000b351000000000000b651000000000000d8510000000000004f5200000000000066520000
00000000ba52000000000000dc52000000000000095300000000000066530000000000006d53000000000000b8530000
00000000db53000000000000de53000000000000e4530000000000000254000000000000835400000000000098540000
00000000b354000000000000f15400000000000001550000000000000a550000000000001c550000000000005e550000
00000000675500000000000079550000000000007f550000000000009a55000000000000d655000000000000ee550000
0000000003560000000000002d560000000000005a56000000000000ba56000000000000de560000000000006c570000
00000000735700000000000076570000000000007c570000000000009457000000000000dd57000000000000fa570000
000000001558000000000000505800000000000075580000000000009f58000000000000b1580000000000000b590000
0000000010590000000000001359000000000000165900000000000024590000000000004a590000000000005c590000
0000000077590000000000009259000000000000a459000000000000a759000000000000aa59000000000000ab590000
00000000b159000000000000c359000000000000ce590000000000002d5a0000000000003b5a000000000000415a0000
000000007c5a000000000000ac5a000000000000b45a000000000000bc5a000000000000ec5a0000000000000a5b0000
00000000285b000000000000345b000000000000755b0000000000009f5b000000000000b15b000000000000c35b0000
00000000205c000000000000235c000000000000385c000000000000535c000000000000655c000000000000775c0000
000000007d5c000000000000a05c000000000000a35c000000000000a45c000000000000a55c000000000000ab5c0000
00000000c05c000000000000c75c000000000000d25c000000000000dd5c0000000000003d5d000000000000615d0000
00000000675d000000000000a35d000000000000d35d000000000000035e0000000000000b5e000000000000435e0000
00000000615e0000000000006d5e000000000000795e000000000000bb5e000000000000345f000000000000675f0000
00000000705f000000000000c05f000000000000f35f000000000000fc5f000000000000ff5f00000000000020600000
00000000a860000000000000c0600000000000001a610000000000003d610000000000009761000000000000f4610000
00000000026200000000000069620000000000008c6200000000000092620000000000009862000000000000c1620000
000000008463000000000000a463000000000000e66300000000000028640000000000004e6400000000000060640000
000000007564000000000000dc64000000000000ee6400000000000003650000000000000a6500000000000033650000
000000009d65000000000000c765000000000000f7650000000000002f660000000000008f66000000000000ef660000
000000001367000000000000d667000000000000e467000000000000ea67000000000000f06700000000000010680000
000000007a68000000000000a468000000000000e0680000000000001c6900000000000027690000000000002c690000
0000000032690000000000004e690000000000004f6900000000000055690000000000005d690000000000006c690000
000000007e690000000000008469000000000000a669000000000000a969000000000000aa69000000000000ab690000
00000000b169000000000000c369000000000000c969000000000000d469000000000000df690000000000001b6a0000
00000000336a000000000000376a0000000000005d6a000000000000766a000000000000946a000000000000996a0000
00000000b76a000000000000c86a000000000000d06a000000000000d86a000000000000026b000000000000086b0000
000000001a6b000000000000206b000000000000436b000000000000446b0000000000004b6b000000000000566b0000
000000006e6b0000000000008c6b000000000000946b000000000000a56b000000000000d86b000000000000e96b0000
00000000ec6b0000000000000c6c000000000000616c000000000000796c000000000000956c000000000000b76c0000
00000000da6c000000000000e06c000000000000086d000000000000856d000000000000af6d000000000000b56d0000
00000000c76d000000000000cd6d000000000000d46d000000000000fc6d000000000000186e000000000000366e0000
00000000726e0000000000008a6e000000000000a26e0000000000001f6f000000000000236f0000000000003f6f0000
00000000656f000000000000b96f000000000000dd6f000000000000e36f00000000000019700000000000003d700000
00000000437000000000000045700000000000005b70000000000000b970000000000000c970000000000000ff700000
00000000157100000000000039710000000000005d7100000000000069710000000000006b7100000000000081710000
00000000e071000000000000f771000000000000ae72000000000000f47200000000000000730000000000007c730000
00000000a673000000000000d073000000000000de730000000000004974000000000000f47400000000000035750000
000000004075000000000000ac75000000000000d275000000000000ff75000000000000067600000000000032760000
00000000447600000000000047760000000000004a760000000000005c76000000000000c076000000000000d0760000
00000000f07600000000000010770000000000003d770000000000004f77000000000000617700000000000064770000
000000007977000000000000de77000000000000fe770000000000007e78000000000000b178000000000000ba780000
000000001879000000000000447900000000000056790000000000006b79000000000000dd79000000000000417a0000
00000000a67a000000000000b67a000000000000287b0000000000003d7b000000000000497b000000000000557b0000
00000000917b0000000000009d7b000000000000a97b000000000000ad7b000000000000c57b000000000000fb7b0000
00000000117c0000000000002d7c0000000000004c7c000000000000587c000000000000647c000000000000687c0000
000000006c7c000000000000847c0000000000009b7c000000000000ba7c000000000000de7c000000000000027d0000
000000000d7d0000000000005f7d0000000000009b7d000000000000b37d000000000000cb7d000000000000387e0000
000000006e7e000000000000847e0000000000009b7e000000000000087f000000000000227f000000000000407f0000
000000004c7f0000000000008a7f0000000000008e7f000000000000907f000000000000927f0000000000009c7f0000
00000000b87f000000000000c47f000000000000d77f000000000000ea7f000000000000088000000000000014800000
0000000020800000000000006080000000000000628000000000000070800000000000008380000000000000d9800000
00000000fb80000000000000018100000000000039810000000000007781000000000000b781000000000000c1810000
000000000982000000000000258200000000000031820000000000003f820000000000008782000000000000db820000
00000000ff820000000000002383000000000000da83000000000000e0830000000000000a8400000000000040840000
00000000648400000000000088840000000000009484000000000000da84000000000000e084000000000000e2840000
00000000e484000000000000f0840000000000001a8500000000000028850000000000003e8500000000000054850000
00000000ff8500000000000040860000000000004b86000000000000b786000000000000158700000000000074870000
000000008487000000000000ef8700000000000025880000000000003b880000000000005288000000000000ce880000
00000000f8880000000000000a8900000000000037890000000000003a89000000000000418900000000000054890000
000000005d8900000000000078890000000000008a890000000000008d890000000000008e8900000000000091890000
000000009a89000000000000a589000000000000d589000000000000dc89000000000000df89000000000000fd890000
000000002d8a000000000000358a0000000000004d8a0000000000006b8a000000000000778a000000000000988a0000
00000000bd8a000000000000c28a000000000000c58a000000000000e08a000000000000e38a000000000000eb8a0000
00000000098b000000000000368b0000000000003d8b000000000000548b000000000000578b0000000000005f8b0000
000000007f8b000000000000928b0000000000009b8b000000000000b28b000000000000bb8b000000000000d28b0000
00000000ea8b000000000000198c000000000000208c000000000000238c0000000000002b8c000000000000428c0000
000000005f8c0000000000006d8c000000000000708c000000000000818c000000000000848c0000000000008d8c0000
00000000908c000000000000ae8c000000000000bd00000055010000fd02000015030000360300007e050000c4050000
48060000ad070000b307000035080000b30900006d0a0000ac0a00002e0b00005f0b0000670b0000730b00008d0b0000
910b0000ab0c0000f10c0000080d0000570d0000010e0000080e000000100000a5110000b9120000381300007f130000
89130000c3130000fb13000000140000371400003c140000521400003115000061170000b3170000be170000fc1c0000
221f00003c1f00004d1f0000701f00007c1f0000831f0000d51f00002620000073210000d22100000622000089220000
d62200001323000071230000b2230000b9230000322700007027000054280000e9280000922900009829000017000000
e4000000ee000000fa000000b1010000fa010000fb0100008f020000ed020000f5020000030d00003f0d0000640d0000
ac0d0000af0d0000d80d00004815000049150000021b00001e200000172700001d2700000b000000a701000003020000
881d00002600000092000000c3000000d30000000f010000a2010000b5010000ea0100004002000048020000e4020000
3c0300004403000086050000b60500000306000084060000c606000005080000b8090000790b00007f0b0000b10b0000
cc0c00004f0d0000d30d00000f120000cb120000ed1a0000551d0000681d00006c1d0000971d0000c51d0000cc1d0000
051f0000871f00008c1f00001c2000003c2200008f220000382300000c270000122700003f0000001d0100004f010000
e501000052030000560300007e050000c405000048060000ad070000b307000035080000b3090000460a00006d0a0000
960a0000ac0a0000c00a0000e60a0000fb0a0000fd0a00002e0b00005f0b0000670b0000730b00008d0b0000910b0000
b90c00002d0d0000ec0d0000230e000000100000a5110000b912000038130000591300007f1300008913000096130000
c3130000d5130000fb1300000014000025140000371400003c140000521400000a150000221500009c150000a7150000
451700004c170000611700007a1700007e170000b3170000be170000fb190000171a0000211a0000371b0000d41c0000
fc1c0000221f00003c1f00004d1f0000701f00007c1f0000831f0000012000002620000073210000d2210000e6210000
0222000006220000a5220000092300002123000078270000b427000054280000e92800009229000098290000ab290000
ca2900001f3b00005f3b0000753b0000893b0000af3b0000c53b0000c73b0000fa3b00002b3c0000333c00009c3c0000
c83c0000de3c0000093d0000103d0000363d0000b33d0000b73d0000313e0000663e0000823e0000893e000047000000
5d0000003a010000130200001b0200007603000086050000b60500000306000084060000c606000005080000b8090000
790b00007f0b0000b10b0000f20c00007d0d00000f120000cb120000051f0000871f00008c1f0000d61f000007200000
2d200000612000003c220000aa220000c922000059230000642300008a0e00001f0f0000581300009d130000ea130000
201400002414000044170000a4180000e0180000721b00008e1b0000ba1c0000ca1c000001220000a6290000592e0000
b02e000031310000dc3100004c3400006b39000087390000a3390000a5390000123a0000383a0000983f0000eb000000
2101000065010000d2020000e5020000c805000084080000fb090000010d00000c0d00008a0d00008b0d0000940d0000
9e0d0000d60d0000d70d0000041000003a1000008511000031120000cd120000ce120000d2190000611a0000ef1a0000
d31b00006d1d0000711d00007b1d0000b51d00001d20000046200000902300000f27000019000000cb000000ea000000
aa010000b50100004002000048020000e802000002030000440300007f050000ff0500004d060000bc06000068090000
b40900007f0b0000920b0000840c0000c50c0000370d0000b60d0000481000007e15000014170000611d0000b81d0000
c51d0000871f0000da1f0000972200000c270000122700003727000059280000a2010000aa0200002c06000059150000
751c0000ac1d0000260000004f00000092000000f8000000a20100004002000048020000aa020000e4020000e8020000
02030000440300008e0500002c0600004d06000084060000050800006f090000ca090000cc0900007f0b0000730c0000
370d0000b60d000048100000591500007e15000014170000751c00003d1d0000461d0000551d0000ac1d0000b81d0000
c51d0000871f00000c2700001227000037270000592800003f00000055010000cd010000e5010000520300009a030000
f303000000040000740400009b0400001f050000250500007e050000930500000806000048060000dd060000a6070000
b3070000ef0700007d0800001b090000270900006e090000880900009c090000b3090000bb090000870a0000730b0000
8d0b0000be0b0000fa0b0000660c0000810c0000b30c00002d0d0000de0d0000190e0000310e0000da0e0000040f0000
001000005c1000003a110000461100007211000099110000fd11000075120000a6120000d21200001413000047130000
cf13000048140000521400006014000088140000c01400002215000088150000eb150000ef150000b1160000fd160000
18170000c9190000f51c0000c21e0000de1e0000e21e0000f91e00003f1f0000c51f00000f200000b12000008f210000
342200003b22000055220000a5220000a9220000132300003b23000046230000792300009d240000d224000024250000
cb2500005826000074260000b3260000c626000078270000b427000054280000e92800002629000063290000132a0000
8c2a00004d2b0000612c0000aa2c00005c2f0000912f00002b300000a0320000c7330000e7330000e9340000ee340000
3036000039360000a3360000d33700000d38000079380000b9380000313900004d3900009f3a0000bb3a0000503b0000
d83c000021400000f1040000b10500009d080000b3090000030a00002e0b0000730b0000ed0c0000ec0d000036100000
a5110000371200007f120000d61200001d170000ba190000e9190000fb190000e61a00001f1b0000371b00008b1b0000
651c0000791c0000d41c0000fc1c0000c51e0000111f0000701f0000d51f00005c20000037220000a52200009b2b0000
dd34000009360000b5360000c4380000f63900001d3a0000fa3b0000313e000063130000d9130000041a00004f1a0000
bd1c0000d81c00000a0100006b030000b1050000810a0000400b0000a60b0000900d000036100000e613000060140000
941500008f170000ab170000031d0000441f0000771f0000f822000080230000d80000009e020000650d0000880d0000
6c150000031b000027000000f0000000a7010000ff010000e9020000881d0000a4000000d3000000f80000000f010000
d50100004f02000070030000b60500008d06000044070000b607000009080000c9080000ab0b0000ae0c0000370d0000
d30d00000c0e0000cb1200003f140000121500005915000099150000b0170000ed1a00005c1d00006c1d0000931d0000
d71d0000d01e0000961f00002427000066000000580100001f02000008030000b60500008d06000044070000b6070000
09080000c9080000ab0b0000f20c00007d0d0000cb1200003f140000b0170000d01e0000961f0000e01f000031200000
bf2200001923000060230000ba230000b1050000810a0000400b0000a60b0000ed0c0000310e00003610000063130000
d9130000e6130000601400008f170000ab170000041a00004f1a0000e61a00003e1b0000bd1c0000d81c0000031d0000
441f0000771f0000be220000b5230000483b00000c3c0000e23c0000f23c0000c83d0000353e0000ee03000022040000
0b05000019050000f40500001c0a00007b0a0000270f0000340f0000700f0000f80f000010100000451000006c110000
43130000e3130000af140000e5140000e9140000781b0000cf1b0000b41c0000131d0000ff1d0000341e0000b0200000
d620000020210000b4240000c7240000842500008b260000f6290000372b0000012c00001b2c0000a22c00001f2d0000
692d00008e2d0000f12d0000152e0000e92e0000f22e0000292f00004c2f0000732f0000862f0000003500007d350000
6236000021370000d538000027390000743a0000d23a0000423b0000ef3c0000134100008f410000c805000084080000
fb090000950c0000ef0c0000310d0000720d00007f0d0000800d0000041000003a1000008511000031120000cd120000
ce120000fa1700005118000092180000d2190000611a0000da1a0000e81a0000071b0000d31b00004000000030010000
87010000e60100000f020000570300007f050000ff0500004d060000bc06000068090000b40900007f0b0000920b0000
481000002315000054150000141700003a180000871f0000aa22000059230000b9270000592800004f0100008d010000
5f0200009a030000f303000000040000740400009b0400001f05000025050000c4050000f90500001806000058060000
9a0600000f07000062070000a6070000ad070000cd070000e40700000e0800005b0900006e090000e30900002a0a0000
870a00002d0c0000b30c0000f10c0000570d0000a50d0000190e0000da0e0000040f0000e50f0000f90f000015100000
3110000036100000531000005c10000089100000ca100000e711000055120000b9120000df12000047130000cf130000
3714000048140000ea1400003f15000068150000eb150000ef15000056160000a71600001d17000063190000a51a0000
e61a0000fc1a0000371b00006e1c0000f51c0000fc1c0000671e0000791e0000f61e0000161f00003f1f0000b91f0000
b120000000210000252100000923000079230000b924000008250000ab2500003a2700005c28000087280000df280000
f7290000462a0000a92a0000f82a0000382b0000422b00000d2c0000202c0000a72c0000d62c0000542d00006e2d0000
812d0000952d0000c42d0000d32e0000092f00002e2f0000782f0000d62f00000a3000006c300000803200003e330000
4a330000a6350000c6360000e33800004d3a0000503b0000d83c00009c4100002c0600001d1800000e1b0000751c0000
5d000000be0000008e0100001b02000033020000350200008e0500002c0600004d06000084060000050800006f090000
ca090000cc0900007f0b0000481000002315000054150000141700001d1800003a1800000e1b0000751c0000871f0000
aa22000059230000b927000059280000f1040000e405000040060000480600002e0b0000730b0000a50d000040100000
b110000090110000df1200002215000021190000fb190000981a0000fc1a0000371b00008b1b0000d81b0000011c0000
6e1c0000d41c0000fc1c0000631e0000751e0000701f0000a5220000e7240000b427000054280000922c0000ca2c0000
892d0000882e0000c72e0000a62f0000fa3b0000313e0000660000004801000058010000bd0100001f02000008030000
b60500008d060000fb06000044070000a7070000b607000009080000c9080000120900007a0900005a0a0000880a0000
b70a0000d60a0000050b0000620b0000ab0b00006f0c0000f20c0000110d0000680d00007d0d0000090e000022100000
cb1200003313000080130000cb130000dc1300003f14000066140000fa1400004c150000a11600003c17000078170000
b01700002c180000d01e0000351f0000401f0000501f00005b1f00006b1f0000841f0000961f0000e01f000031200000
d52100001122000047220000bf220000f2220000192300003423000060230000ba2300005027000029000000e1000000
f5000000a501000001020000f1020000040d0000610d0000660d0000b00d0000471500008a1d00009e1d00001b270000
0e000000f50100009a1d0000060000000b00000037000000c6000000d40000002d010000a7010000f0010000f2010000
030200000d020000380200008e020000f40200003f03000076050000fd050000cf090000cd0c0000750d0000ab0d0000
45150000ff1a00003e1d0000691d0000721d0000881d00009f1d0000a71d0000cd1d00006a1e00009222000056230000
13270000a4000000d3000000f80000000f01000099010000d50100004f0200002003000070030000b60500008d060000
fb06000044070000a7070000b607000009080000c9080000120900007a0900005a0a0000880a0000b70a0000d60a0000
050b0000620b0000ab0b0000ae0c0000c00c0000230d0000370d0000850d0000c40d0000d30d00000c0e0000370e0000
22100000cb1200003313000080130000cb130000dc1300003f14000066140000121500005915000099150000a1160000
3c17000078170000b0170000ed1a00005c1d00006c1d0000811d0000931d0000c01d0000d71d0000d01e0000351f0000
401f0000501f00005b1f00006b1f0000841f0000961f0000f81f00006c200000d5210000112200004722000004230000
242700008e2700002e3b0000513b0000803b00009f3b0000cf3b00002e3c00009f3c0000d33c0000e53c0000113d0000
b13d0000463e0000553e0000853e00003f00000055010000cd010000e5010000520300009a030000b3030000f3030000
000400006504000074040000950400009b040000ac0400001f050000250500007e050000930500000806000048060000
dd060000a6070000b3070000ef0700007d0800001b090000270900006e090000880900009c090000b3090000bb090000
4b0a0000870a0000ac0a0000e30a0000ee0a0000370b0000730b00008d0b0000be0b0000fa0b0000660c0000810c0000
b30c00002d0d0000de0d0000190e0000310e0000900e0000da0e0000040f0000200f0000001000005c1000003a110000
461100007211000099110000fd11000075120000a6120000d212000014130000471300005013000073130000a2130000
cf13000003140000111400002814000048140000521400006014000088140000c01400002215000088150000c4150000
eb150000ef150000fb150000b1160000fd1600001817000054170000a4170000c9190000f51c0000e51d00000a1e0000
211e0000261e0000c21e0000de1e0000e21e0000f91e00002b1f00002f1f00003f1f00004d1f00005d1f0000631f0000
731f0000c51f00000f200000b12000008f210000f8210000342200003b22000055220000a5220000a922000013230000
3b23000046230000792300009d240000d224000024250000cb2500005826000074260000b3260000c626000078270000
b427000054280000e92800002629000063290000b6290000e2290000132a00008c2a00004d2b0000612c0000aa2c0000
fd2c0000252d0000e42e0000f42e00005c2f0000912f00002b300000973000001c320000a0320000c7330000e7330000
e9340000ee3400003036000039360000a3360000ef36000019370000d33700000d38000079380000b93800000e390000
14390000313900004d390000713900008c390000a6390000c0390000d3390000e43900000e3a0000613a00006d3a0000
9f3a0000bb3a0000043b0000503b0000d83c0000eb3e0000d93f0000214000004c400000494100001d000000c7000000
d5000000ee000000f30000001a0100002e010000ae010000b9010000f1010000040200003902000099020000e6020000
000300004003000081050000c1050000010600004b060000ba060000c00600007c090000b6090000d00900007c0b0000
9a0b0000860c0000ce0c0000000d00000b0d0000390d0000640d00006d0d0000760d0000b10d0000b40d0000b80d0000
d90d000003100000271000004a1000002112000023120000cf120000f6120000801500001617000027180000001b0000
6a1d0000701d0000731d00008b1d00008d1d0000a81d0000ba1d0000ce1d00006c1e0000071f00008d1f0000941f0000
d81f00002f2000009322000057230000102700001427000035270000572800000600000037000000f20100000d020000
f402000076050000fd050000cf090000451500003e1d00009f1d00006a1e0000260000004f000000920000009b000000
f800000099010000a20100004002000048020000aa020000e4020000e80200000203000044030000620300008e030000
a9030000a20400008e0500002c0600004d0600007c06000084060000b7060000d0060000020800000508000048090000
6f0900007a09000093090000ca090000cc090000d4090000250a0000340a00004e0a0000f50a0000000b0000740b0000
7f0b00009d0b0000c90b0000d50b0000730c0000de0c0000370d0000b60d0000f20d00002210000048100000d3110000
26120000421200009c120000d9120000591500007e15000014170000ac170000751c00003d1d0000461d0000551d0000
581d0000811d0000ac1d0000b81d0000c51d0000d01d0000df1d0000241e0000921e0000ef1e0000fc1e00000c1f0000
1e1f0000251f0000301f0000641f0000671f0000871f00008f1f00009e1f0000a41f0000e1220000c523000047260000
832600000c270000122700003727000059280000ee290000402b00001d300000f631000099360000b0360000ad380000
bd380000de380000493a0000553a00008e3a0000ca3a0000143b0000bf3b0000ca3b00004f3e00006600000058010000
1f02000008030000b60500008d06000044070000b607000009080000c90800005a0a0000b70a0000050b0000620b0000
ab0b0000f20c00007d0d0000cb12000080130000dc1300003f140000b0170000d01e0000351f0000501f00006b1f0000
841f0000961f0000e01f000031200000d521000011220000bf2200001923000060230000ba2300006600000048010000
bd0100001f0200008d060000fb060000a707000009080000120900007a0900005a0a0000880a0000d60a0000050b0000
ab0b00006f0c0000680d00002210000033130000cb13000066140000fa1400004c150000a11600003c17000078170000
351f0000401f00005b1f00006b1f0000961f000047220000bf220000f2220000342300006023000029000000e1000000
f5000000a501000001020000f1020000610d0000660d0000471500008a1d00009e1d0000a4000000d3000000f8000000
0f01000099010000d50100004f0200002003000070030000b60500008d060000fb06000044070000a7070000b6070000
09080000c9080000120900007a0900005a0a0000880a0000b70a0000d60a0000050b0000620b0000ab0b0000ae0c0000
c00c0000370d0000d30d00000c0e0000370e000022100000cb1200003313000080130000cb130000dc1300003f140000
66140000121500005915000099150000a11600003c17000078170000b0170000ed1a00005c1d00006c1d0000811d0000
931d0000c01d0000d71d0000d01e0000351f0000401f0000501f00005b1f00006b1f0000841f0000961f0000f81f0000
6c200000d52100001122000047220000242700002e3b0000513b0000803b00009f3b0000cf3b00002e3c0000d33c0000
e53c0000b13d0000463e0000553e0000bd00000055010000fd02000015030000360300009f030000db030000f3030000
f80300001b040000710400007c040000a4040000be0400001a0500002c0500007e050000c4050000df050000f9050000
4806000050060000da060000ad070000b30700003508000068080000dd080000300900004e090000b3090000d7090000
6d0a00009f0a0000ac0a00002e0b00005f0b0000670b0000730b00008d0b0000910b0000e20b0000f20b0000ab0c0000
f10c0000080d0000570d0000010e0000080e0000540e0000040f0000110f0000730f0000f90f00000010000009100000
31100000741000004911000058110000a0110000a511000009120000b91200002f130000381300007f13000089130000
c3130000c8130000fb13000000140000371400003c14000052140000c8140000ed1400003115000025160000cd160000
61170000b3170000be170000f317000024190000fc1c0000f71d0000fc1d0000111e0000171e00002b1e0000391e0000
671e0000ba1e0000d61e0000e51e0000221f00003c1f0000471f00004d1f0000701f00007c1f0000831f0000a61f0000
d51f00002620000074200000c3200000f82000000f21000073210000d22100000622000089220000d622000013230000
71230000b2230000b9230000c2240000f82400001d250000d4250000412600007d260000aa260000d126000032270000
70270000542800006f280000e92800004b29000092290000982900000b2a00000a2b00004a2b00008d2c0000a72c0000
ce2c0000182d00003b2d0000622d0000812d0000af2d0000e52d0000ee2d0000082e0000192e0000372e0000602e0000
ef2e0000fe2e0000012f0000182f0000342f0000452f0000812f0000b72f0000be2f0000ed2f0000283000008f300000
1932000097320000d6340000f1340000fe35000042360000e73600001637000016380000ee3800001c3900005d3a0000
6e3a0000883a0000c43a0000683b0000cf3c0000d13e0000ce3f00001740000066400000544100001700000042000000
e4000000ee000000fa000000340100009b010000b1010000e8010000fa010000fb010000110200008f020000ed020000
f50200005f03000081050000c1050000010600004b060000ba060000c00600007c090000b6090000d00900007c0b0000
9a0b0000d40c0000f70c0000030d0000330d00003f0d0000640d0000790d0000810d0000ac0d0000af0d0000d00d0000
d80d000003100000271000004a1000002112000023120000cf120000f612000025150000481500004915000056150000
161700003f180000021b0000421d0000761d0000831d0000991d0000a11d0000d51d00006c1e0000071f00008d1f0000
941f00001e200000b22200005e230000172700001d270000c1270000572800000b000000c6000000a701000003020000
3802000076050000fd050000cf090000691d0000881d0000a71d00006a1e000026000000920000009b000000c3000000
d30000000f010000a2010000b5010000ea0100004002000048020000d1020000e40200003c0300004403000062030000
a9030000a204000086050000aa050000b2050000b6050000cd050000fc05000003060000110600005f0600007c060000
84060000c6060000f70600000208000005080000b8090000fa090000340a00004e0a0000f50a0000000b0000790b0000
7f0b00009d0b0000b10b0000610c0000cc0c0000fd0c00004f0d0000cb0d0000d30d0000e90f00002c100000fa110000
0f1200002d120000cb120000f1120000ed1a0000d21b0000551d0000581d0000641d0000681d00006c1d0000971d0000
b41d0000c51d0000cc1d0000d01d0000241e00005d1e00005e1e0000701e00007d1e0000991e0000051f0000251f0000
301f0000641f0000671f0000871f00008c1f00008f1f0000cd1f00001c2000003c2200008f2200003823000094240000
d02400000c27000012270000c4270000552800007a2a0000692b0000772c00007b2c0000b32c0000dd2c0000582d0000
7c2d0000c22e0000cc2e0000d72e0000532f00008f2f0000143b0000bf3b0000ca3b00004f3e00003f0000001d010000
4f010000e50100005203000056030000cd0300004d0400008e040000b60400007e050000c405000048060000ad070000
b307000035080000b3090000460a00004b0a00006d0a0000960a00009f0a0000ac0a0000c00a0000c20a0000e60a0000
ee0a0000fb0a0000fd0a00002e0b0000370b00003b0b00005f0b0000670b0000730b00008d0b0000910b0000b90c0000
2d0d0000ec0d0000230e0000780e0000180f000000100000a5110000b912000038130000591300005d1300007f130000
8913000096130000a2130000c3130000d5130000fb13000000140000091400002514000030140000371400003c140000
521400000a150000221500009c150000a7150000bc150000bd150000f5150000f715000045170000491700004c170000
54170000611700007a1700007e1700009217000098170000b3170000be170000fb190000171a0000211a0000371b0000
d41c0000df1c0000fc1c0000221f00002b1f00003c1f0000471f00004d1f0000551f0000701f00007c1f0000831f0000
0120000026200000a6200000bf20000073210000d2210000e6210000f02100000222000006220000a522000009230000
2123000078270000b427000054280000e92800009229000098290000ab290000b6290000ca290000e22900005a360000
6d360000793600007f3600008336000085360000f3360000043700001c370000343700004a3700004b3700005a370000
5c3700007f370000873700008c370000ca370000f5370000013800009b380000a23800001f3b00005f3b0000753b0000
893b0000af3b0000c53b0000c73b0000fa3b00002b3c0000333c00009c3c0000c83c0000de3c0000093d0000103d0000
363d0000b33d0000b73d0000313e0000663e0000823e0000893e00001d0000006e000000e7000000ec000000fb000000
38010000b9010000f1010000990200009a020000b6020000e6020000ea0200000c0300000e03000095060000c4060000
29070000480700004a0700008e0800009a080000d0080000e4080000e5080000920c0000a40c0000000d0000140d0000
3d0d0000460d00005e0d0000600d0000b20d0000bd0d0000bf0d0000db0d0000b9100000d5100000f2100000f3100000
24120000471200002b1500006e15000070150000dd160000de160000551800003f1c0000491d0000521d0000771d0000
b01d0000bc1d0000be1d0000e41f00001e200000232000004121000010270000142700005427000056270000a3280000
a42800000600000056000000a3010000be010000a50200007d060000fc060000e8080000411800004a1d00008e1d0000
9d1e0000260000004f000000920000009b000000c3000000d30000000f0100007a010000a2010000b5010000ea010000
4002000048020000b3020000c5020000e40200003c030000440300008e030000ab03000075040000a504000086050000
8e050000b2050000b6050000cd05000003060000350600007c06000084060000c6060000050800001c0800006a080000
6c0800006e08000098080000af080000ed080000ef0800003c0900004f090000b4090000b8090000bc090000740b0000
760b0000790b00007f0b0000b10b0000c90b0000f30b0000f40b0000cc0c0000fd0c00004f0d0000cb0d0000d30d0000
d0100000de110000fa1100000f120000151200002d120000cb120000f1120000d1190000581a00005a1a0000ed1a0000
551d0000681d00006c1d0000971d0000c51d0000cc1d0000141e00005e1e0000bc1e0000f31e0000051f0000081f0000
871f00008c1f0000ad1f0000af1f0000da1f0000152000001c200000452000006c200000902100009d210000a9210000
bb2100003c220000472200008f220000b5220000e12200003823000097230000a6230000d9250000e025000010260000
162600000c270000122700000c2a0000102b00007b2c0000c22e0000d834000000360000023600001c36000025360000
4e360000ac360000d4370000db370000e93700001b38000022380000573800005d380000b1050000810a0000400b0000
a60b0000ed0c0000310e000036100000631300007b130000d9130000e613000011140000601400008f170000ab170000
b0180000041a00004f1a0000e61a00003e1b0000911b0000bd1c0000c11c0000d81c0000e31c0000031d0000341f0000
441f0000771f00007f1f0000be220000b5230000f53600001e3700008237000097370000c3370000cc370000483b0000
0c3c0000e23c0000f23c0000c83d0000353e0000d10000002c01000000020000bd020000b906000030070000870d0000
980d0000b40d0000e31000002512000046150000721500006d16000058180000401c0000751d0000b21d000027000000
67000000fe000000a3010000be0100009d020000f40200008e060000fc06000093080000e6080000170900008f0c0000
fb140000411800004f1d00008e1d00009d1e0000a4000000d3000000f80000000f0100005c010000d50100004f020000
c90200002003000070030000a9030000a2040000b2050000b6050000cd0500008d060000fb06000044070000b6070000
ba070000090800002008000071080000b9080000c9080000d3080000f1080000120900001e090000a70b0000ab0b0000
040c0000ae0c0000fd0c0000370d0000cb0d0000d30d00000c0e00003d110000fa1100002d120000cb120000f1120000
381400003f14000090140000121500005915000099150000c3160000ac170000b0170000c717000067190000661a0000
ed1a00005c1d00006c1d0000931d0000d71d0000241e00005e1e0000bf1e0000d01e0000d31e0000961f0000b41f0000
f81f00004d20000092210000ab210000c3220000272300009e230000c5230000de250000f9250000142600002d260000
242700007b2c0000c22e0000cb330000db340000e4340000063600001e36000033360000203800003f3800005b380000
75380000eb0000002101000065010000d2020000e502000008040000f4040000c0050000c8050000d5050000b6060000
84080000a8080000cb090000fb090000070a0000d20c0000f60c0000010d00000c0d0000340d00008a0d00008b0d0000
940d00009e0d0000c70d0000ce0d0000cf0d0000d60d0000d70d00000a0f00002c0f000002100000041000000b100000
391000003a1000003e100000e21000008511000095110000e0110000f71100000d1200002b1200002f12000030120000
311200003a120000cd120000ce120000f4120000f5120000d718000085190000a1190000b2190000d2190000da190000
611a0000e11a0000e91a0000ef1a0000131b0000891b0000d31b0000301c0000351c0000421c0000411d00006d1d0000
711d00007b1d0000981d0000b51d0000d31d00005f1e0000611e0000c81e0000061f0000131f0000921f00001d200000
4620000017210000902300000f270000a62b0000832c0000642d0000872d0000c32e0000c52e0000202f0000e1340000
15360000b93600006737000077370000a53700001900000044000000cb000000ea0000006c01000091010000aa010000
b5010000ea0100004002000048020000ad020000e8020000020300004403000062030000a0030000060400007d040000
9c040000260500007f05000083050000ff0500002f060000490600004d06000051060000bc060000690800008a080000
aa080000be080000de080000eb08000035090000500900006809000072090000b4090000b8090000760b00007f0b0000
920b00009d0b0000f40b0000840c0000c50c0000370d0000b60d0000d80f000022100000481000004e100000dc110000
271500007a1500007e150000f0150000ce160000e1160000141700002417000096190000581a0000611d0000811d0000
b81d0000c51d0000761e0000f01e0000871f0000ad1f0000da1f0000f920000097220000b522000097230000d9250000
102600000c2700001227000037270000c4270000552800005928000070280000502900000d2a0000cf2c0000472d0000
902d0000d02e0000022f0000bf2f0000ff3500001736000023360000473600001b38000057380000a2010000aa020000
fc0500002c0600003606000059150000301900008c1900001a1b0000431c0000751c0000641d0000ac1d0000721e0000
c02c0000ce2e0000260000004f000000920000009b000000c3000000f800000099010000a20100004002000048020000
aa020000c5020000d1020000d5020000e4020000e80200000203000044030000ad030000a80400002605000086050000
8e05000096050000fc0500002c06000036060000490600004d060000510600007c06000084060000050800001c080000
6c0800006e0800007e080000c5080000ef080000f3080000f50800006f0900007a090000ca090000cc090000fa090000
fe090000760b00007f0b0000f40b0000730c0000370d0000b60d0000d10f000022100000481000004e10000027150000
591500007a1500007e150000f0150000ce160000e11600001417000024170000301900008c19000096190000581a0000
1a1b0000431c0000751c00003d1d0000461d0000551d0000641d0000811d0000ac1d0000b81d0000c51d0000521e0000
551e0000721e0000761e0000bc1e0000871f0000ad1f0000b522000097230000d9250000102600000c27000012270000
37270000c427000055280000592800007028000050290000642c0000c02c0000cf2c0000402d0000902d0000ba2e0000
bd2e0000ce2e0000d02e0000bf2f0000d8340000023600001b38000057380000470000005d0000003a01000013020000
1b0200007603000086050000b60500000306000084060000c606000005080000b80900004e0a0000610a0000c30a0000
000b0000090b0000430b0000790b00007f0b0000b10b0000f20c00007d0d00000f120000cb12000080130000dc130000
051f0000301f0000371f0000671f00006d1f0000871f00008c1f0000d61f0000072000002d20000061200000d3210000
f32100000f220000292200003c220000aa220000c92200005923000064230000470000005500000048010000d0010000
0c0200001802000086050000fc0500007c060000a7070000f20700000208000098080000fa090000340a0000610a0000
880a0000e70a0000f40a0000f50a00009d0b0000c10b00008e0c0000410d0000d010000036130000af13000066140000
f61700004818000067190000f41900002b1a0000251f0000391f0000401f0000601f0000641f0000661f00008f1f0000
9e1f00003f2200008c220000cb220000f22200004123000050230000532300000f0000002d000000e1000000fc000000
b2010000f4010000f6010000fd01000005020000a20200003a0d0000660d0000431800008c1d00009b1d00009d1d0000
26000000920000009b000000c3000000d30000000f0100007a010000a2010000b5010000ea0100004002000048020000
d1020000e40200003c03000044030000620300008603000086050000b6050000fc050000030600007c06000084060000
c6060000a7070000f2070000020800000508000098080000b8090000fa090000340a00004e0a0000610a0000880a0000
c30a0000e70a0000f40a0000f50a0000000b0000090b0000430b0000790b00007f0b00009d0b0000b10b0000c10b0000
c00c0000cc0c00004f0d0000d30d0000370e0000d01000000f120000cb1200003613000080130000af130000dc130000
6614000067190000f41900002b1a0000ed1a0000551d0000581d0000641d0000681d00006c1d0000971d0000c51d0000
cc1d0000d01d0000df1d0000051f0000251f0000301f0000371f0000391f0000401f0000601f0000641f0000661f0000
671f00006d1f0000871f00008c1f00008f1f00009e1f0000f01f0000152000001c2000004d20000064200000d3210000
f32100000f220000292200003c2200003f2200008f220000382300000c27000012270000143b0000303b0000513b0000
8c3b0000b03b0000be3b0000bf3b0000ca3b0000d33b00000f3c0000b43c0000e53c0000f43d00004b3e00004f3e0000
523e0000f1040000b10500009d080000b3090000030a00002e0b0000730b0000ed0c0000ec0d000036100000a5110000
371200007f120000d61200007b130000301400001d170000b6180000ba190000e9190000fb190000e61a00001f1b0000
371b00008b1b0000941b0000651c0000791c0000c11c0000d41c0000df1c0000ef1c0000fc1c0000c51e0000111f0000
2b1f0000701f0000d51f00005c200000d22100002422000037220000a52200009b2b0000dd34000009360000b5360000
7f370000ca370000c438000073390000a8390000f6390000023a0000193a00001d3a00003b3a0000443a0000fa3b0000
313e0000d10000000d010000b1010000f1010000b1020000b6020000b40500003306000029070000870d0000910d0000
db0d000037100000d01200005c15000042180000551800006c180000381900003f1c0000771c00006e1d0000ae1d0000
b01d0000080000002b0000004800000057000000fe000000f20100000d02000096020000a5020000ec02000087050000
fd0500007e060000e208000075090000cd090000ff090000700c000045150000f7170000431d0000471d00009f1d0000
6a1e0000260000004f000000920000009b000000c3000000f80000005c010000a20100004002000048020000aa020000
c5020000d1020000e4020000e8020000020300001803000044030000ab03000075040000a5040000860500008e050000
fc0500002c0600004d0600007c06000084060000b7060000d0060000ba070000050800001c080000380800006a080000
6c0800006e080000ea080000ef0800004f0900006f0900009f090000ca090000cc090000d8090000fa090000060a0000
760b00007f0b0000b30b0000e60b0000f40b0000730c0000de0c0000370d0000b60d0000f20d00004810000032110000
421200009c120000d91200003814000074140000591500007e150000a116000014170000b917000083190000581a0000
5a1a0000741a0000751c00003d1d0000461d0000551d0000641d0000ac1d0000b81d0000c01d0000c51d0000141e0000
921e0000bb1e0000bc1e0000d91e0000f11e00000e1f0000871f0000a91f0000ad1f0000b5220000d922000027230000
97230000a6230000bd230000d9250000102600004526000065260000812600009b2600000c2700001227000037270000
592800001d300000f6310000bf330000d7340000d8340000e6340000003600000236000022360000653700001b380000
573800008c3a0000ac3a0000c83a0000e23a00000a0100006b03000074040000fd040000b1050000cc0500006f060000
5a070000810a0000400b0000a60b0000900d0000361000003c100000f5110000e613000060140000f514000094150000
011600008f170000ab17000045190000331c0000031d0000281d0000381d0000301e0000441f0000771f0000f8220000
80230000b5240000e2240000422500004f2a0000772a0000c02b00007a2c0000ed2c0000072d0000342d0000852d0000
0d2e00004c2e00006d2e0000ea2e0000fa2e0000742f0000a12f000064300000b230000027320000bf320000d8000000
9e020000b40500003306000029070000fa0c0000650d0000820d0000880d000037100000d01200006c15000012180000
211800007518000038190000ea1a0000031b00000b1b0000101b00003f1c0000771c000027000000a0000000c4000000
f000000094010000a7010000ff0100002602000036020000d6020000e902000087050000fd0500007e060000e2080000
75090000cd090000ff090000691d0000881d0000a71d00006a1e0000a4000000d3000000f80000000f01000099010000
d50100004f020000760200008602000070030000ab03000075040000a5040000a3050000b2050000b6050000cd050000
0a0600001b060000700600008d060000a5060000a7060000b1060000120700003c070000440700005c070000b6070000
e7070000090800001108000017080000c9080000fa0800007a090000e6090000ab0b0000ae0c0000fd0c0000370d0000
cb0d0000d30d00000c0e0000dd0f00002210000075100000fa1100002d120000cb120000f11200003f14000012150000
5915000099150000b01700001b1900003019000046190000bc1a0000cc1a0000ed1a00001a1b0000d21b00005c1d0000
6c1d0000811d0000931d0000b41d0000d71d0000141e0000591e00005e1e00006e1e0000821e00008a1e00008f1e0000
ad1e0000d01e0000db1e0000961f00002427000096270000bc270000622800009f280000542a0000782a0000052b0000
572b0000672b0000c52b0000712c00007b2c0000ac2c0000ee2c00004c2d0000b02d0000322e00004d2e0000c12e0000
c22e0000ca2e0000dc2e00001530000066300000f2310000063200009f030000c0030000ef030000020400002b040000
7c040000ed0400001a0500001c0500003205000033050000a1050000ed050000b0060000e00600004d07000051070000
5a070000d7070000c3090000360c00003a0c0000620e0000d20e0000e30e0000480f000099100000b3100000be100000
df10000017110000191100004c110000b3110000b2120000ce1400000f16000015160000591600008e16000005170000
e1170000e7170000281d0000ec1d0000011e00003a1e00003c1e00007a200000b1200000b72000000b21000028210000
432100007821000000250000152500002a250000422500005b2500005e250000ba280000c5280000112900007b290000
4f2a0000dd2a0000eb2a00006f2c00009b2c0000142f00002e300000563000005a30000064300000893000009b300000
b2300000be300000bf300000ce300000d83000000e310000113100002d31000041310000443100005a31000066310000
6831000081310000a231000012320000183200001f320000273200002b3200002e32000031320000403200005a320000
6b320000783200008d320000a6320000bf320000d9320000dc320000e3320000ef32000005330000063300009d000000
700100007c010000dc010000280200002902000095060000c406000029070000480700004a0700008e0800009a080000
d0080000e4080000e5080000d80c0000290d00007a0d0000f70d0000b9100000d5100000f2100000f310000024120000
4712000017150000191500005115000052150000dd160000de1600001218000036180000381800000b1b00003f1c0000
172000002b200000412100009b270000a2270000a3280000a4280000a70000002c0200007d060000fc060000e8080000
9d1e0000fd1f000034200000a4000000de0100007602000020030000ab03000075040000a5040000a30500000d060000
8d060000a5060000a7060000b1060000b7060000d0060000eb060000fb0600000207000010070000120700005b070000
5c07000011080000d2080000fa08000012090000420c0000de0c0000f20d0000a4100000da100000421200009c120000
d9120000bc1a0000051c0000141e00008a1e0000911e0000921e0000a31e0000ad1e0000af1e0000f81f0000fc1f0000
292000004120000001210000102100003a2100003f21000078220000012500003825000096270000a52700009f280000
a1280000542a00005b2a0000572b00005d2b0000712c0000af2c00000a2f0000192f0000153000001d3000003a300000
6530000066300000ea300000f2310000f6310000063200000932000079320000b432000008040000f4040000c3060000
d8060000e40600003d07000045070000d70c00002a0d0000a00d0000f50d0000f60d00000a0f00002c0f0000a6100000
b8100000c0100000e5100000ea100000eb1000008d11000033120000451200004612000099120000b6120000db120000
dc12000016150000d71800001d190000d71900008d1a0000e21a0000f81a0000891b0000d61b0000fe1b0000381c0000
6b1c0000931e0000951e0000961e0000a81e00002a200000402100004b2100004d25000099270000a0280000342e0000
862e00002530000033300000da300000f1300000f3300000f7310000f9310000fb31000046320000cb3200009f000000
72010000d8010000de01000076020000a0030000060400007d0400009c04000026050000a20500000b06000091060000
b2060000e606000012070000460700004e0700005c07000090080000cc080000d2080000fa080000a4090000c4090000
3b0c000096100000a2100000d0100000f71000001b1500008b150000f0150000751600000617000019170000cc190000
bc1a00008e1e0000a91e0000ad1e000015200000292100000225000096270000a52700009f280000a1280000bb280000
80290000542a0000572b0000702c0000ad2c0000353000005730000066300000ca300000f63000000232000006320000
323200007a320000e4320000fb0600003307000065160000c1190000261b00007a1c0000a51e0000f81f00004c300000
00320000a40000007a010000760200002003000024030000ad030000a8040000260500008d0600009d060000a5060000
a7060000fb0600001207000033070000460700004e0700005c0700001108000098080000fa0800001209000016090000
5c090000ab090000da090000dc0900008f100000d0100000f71000001b1500008b150000f01500006516000075160000
0617000019170000c1190000cc190000bc1a0000261b00007a1c0000861e0000891e00008a1e0000a51e0000a91e0000
ad1e0000f81f00001520000096270000a52700009f280000a1280000bb28000080290000542a0000572b00000d300000
153000004c3000005730000066300000c3300000f6300000ee310000f1310000f2310000003200000232000006320000
e4320000a104000002050000cf0600006b070000e810000097120000d61400007e160000e5180000691c00002c1d0000
321e00001f25000049250000582a0000f02b00001c300000753000008e300000b7300000ef3000005e3100008e310000
af3100001b3200002a3200009a320000c6320000b906000030070000db0c00007b0d0000e3100000251200006d160000
1518000081180000e31a00000c1b0000401c0000a5000000750100002a020000250300008e060000fc06000093080000
e6080000170900009d1e0000fd1f0000342000007a0100007a020000a9030000a2040000aa060000b7060000d0060000
0907000019070000540700006c070000db0700001308000098080000fe080000de0c0000f20d00009a100000d0100000
1a110000421200009c120000d912000050160000651600007f160000c01a0000261b0000051c0000241e00008d1e0000
921e0000a11e0000b41e000015200000412000002f2100007b2100009d270000ad280000592a0000e62a00005b2b0000
f52b0000193000001d300000403000005d30000076300000cf300000123100008f310000f5310000f6310000fe310000
0e320000ee030000220400000b05000019050000f40500001c0a00007b0a0000530e0000270f0000340f0000700f0000
cc0f0000f80f000010100000451000006c11000043130000e3130000af140000e5140000e9140000651b0000781b0000
ad1b0000cf1b0000b41c0000131d0000ff1d0000341e0000b0200000d620000020210000d82300003f240000b4240000
c7240000842500008b260000f6290000372b0000012c00001b2c0000a22c00001f2d0000692d00008e2d0000e42d0000
f12d0000152e0000ad2e0000e92e0000f22e0000292f00004c2f0000732f0000862f00003a340000003500007d350000
62360000eb36000021370000bf370000d538000027390000743a0000d23a0000423b00005d3c0000833c0000ef3c0000
793d0000873d0000163e0000403e00003c3f0000673f00006b3f0000ba3f0000784000000b4100001341000072410000
8f410000c805000084080000fb090000950c0000ef0c0000310d0000720d00007f0d0000800d0000041000003a100000
8511000031120000cd120000ce1200004d1300007d130000a6130000d3130000de130000df130000fa17000051180000
92180000d2190000ff190000331a0000441a0000611a0000da1a0000e81a0000071b0000d31b0000b71c0000c31c0000
d61c0000400000003001000087010000e60100000f020000570300007f050000ff0500004d060000bc06000068090000
b40900004c0a00009b0a0000c80a0000ef0a0000fe0a00003c0b00007f0b0000920b0000481000002315000054150000
14170000551700007f1700003a180000241a0000301f0000671f0000871f0000aa22000059230000b927000059280000
e72900004f0100008d0100005f0200009a030000bc030000f3030000000400003f04000074040000830400009b040000
b10400001f05000025050000c4050000f905000018060000580600009a0600000f07000062070000a6070000ad070000
cd070000e40700000e0800005b0900006e090000e30900002a0a0000870a00009f0a0000ce0a00001d0b00002d0c0000
b30c0000f10c0000570d0000a50d0000190e0000540e0000da0e0000040f0000110f0000e50f0000f90f000015100000
3110000036100000531000005c10000089100000ca100000e711000055120000b9120000df1200004713000050130000
7f130000c3130000cf130000f7130000031400003714000048140000ea1400003f15000068150000b2150000eb150000
ef150000f415000056160000a71600001d170000721700008c17000063190000a51a0000e61a0000fc1a0000371b0000
6e1c00009b1c0000c11c0000cf1c0000df1c0000f51c0000fc1c0000671e0000791e0000f61e0000161f00003f1f0000
471f0000731f0000b91f0000b120000000210000252100000923000079230000d9230000232400004024000046240000
b924000008250000ab2500003a2700005c28000087280000df280000ae290000f7290000462a0000a92a0000f82a0000
382b0000422b00000d2c0000202c0000a72c0000d62c0000542d00006e2d0000812d0000952d0000c42d0000e52d0000
082e0000d32e0000092f00002e2f0000782f0000d62f00000a3000006c30000085300000aa300000b43000004d310000
9e31000014320000803200001c3300003e3300004a330000933300009f330000ab33000096340000c63400000e350000
a6350000c6360000ef36000019370000e33800004d3a0000503b0000d83c00006c3f00007a4000009b400000e0400000
0d4100005a410000804100009c4100002c0600001d1800000b1a00000e1b0000751c0000d91c00005d000000be000000
8e0100001b02000033020000350200008e0500002c0600004d06000084060000050800006f090000ca090000cc090000
4e0a00006e0a0000cf0a0000000b00000b0b00000d0b00007f0b00004810000023150000541500001417000055170000
7f1700001d1800003a1800000b1a0000241a00000e1b0000751c0000d91c0000301f0000671f0000871f0000aa220000
59230000b927000059280000e7290000f1040000e405000040060000480600002e0b0000730b0000a50d000040100000
b110000090110000df120000f71300002215000054170000a718000021190000fb190000981a0000fc1a0000371b0000
8b1b00008f1b0000d81b0000011c00006e1c0000cf1c0000d41c0000df1c0000fc1c0000631e0000751e00002b1f0000
701f0000a5220000e7240000b427000054280000e2290000922c0000ca2c0000892d00005c2e0000882e0000b12e0000
c72e0000a62f00003f310000e0310000503400007f370000ca370000fa3b0000313e0000a83f0000290100008b010000
77030000b60600006c090000840a0000cc0a0000440b0000b20b00001c0d0000970d0000a70d0000e21000005b110000
e11200008d130000e7130000f91300004f140000691400006a14000089180000401a0000591a0000ff1c0000421f0000
451f0000571f0000791f00005e2000002622000039220000f6220000fa22000023230000842300008900000018020000
16030000c705000080070000f4070000020800001c080000360800008a080000620a0000f50a0000680b0000950b0000
8b0c0000eb0c0000020e00003413000079130000fc13000038140000c117000002180000f5190000361f0000641f0000
7d1f00008f1f0000ee1f0000db210000c822000050230000b323000071270000ea280000992900001e000000e6000000
00010000ba010000f6010000fc0100009b020000f6020000ad0d00004a1500009b1d00001e270000a8000000d5000000
e7000000fa000000020100002e0100009b010000240200004b02000053020000220300007c03000088060000ba060000
040700002d070000b0070000bc07000007080000e0080000140900007c090000b70b0000b00c0000c20c0000240d0000
3f0d00005e0d0000870d00008d0d0000b10d0000c60d0000d50d0000100e0000390e000027100000bc10000094110000
2312000042140000681400006b1400005d150000a31600000e180000551800008e1800005d1a0000f11a0000001b0000
5e1d0000731d0000831d0000a41d0000c21d0000db1d0000d71e00009a1f0000fa1f00006e2000004922000006230000
2227000090270000b6280000370300002f0b0000740b00000a1d0000711f00007223000090020000041b000013000000
0602000093000000410200005602000045030000940600000a080000800b0000561d0000c61d0000881f00000d270000
55000000be0000001802000016030000370300008e0500007c060000ba0700000208000036080000340a00006e0a0000
f50a00002f0b0000680b0000740b00009d0b0000c90b0000cd0b0000ac0c0000020e000039130000fc13000038140000
c11700000a1d0000231f0000251f00003d1f0000641f0000711f00007d1f00008f1f00008a2200008c220000d7220000
5023000072230000b323000071270000ea280000992900000f0000003100000003010000f6010000fd01000008020000
0902000090020000f6020000ad0d00004a150000041b00009b1d00001e27000066010000f1010000b6020000d3020000
e60200002907000085080000fc0900008d0d00009f0d00008711000032120000551800006f1a0000f11a0000d41b0000
3f1c00007c1d0000b01d0000b61d00009123000010270000080000002f00000057000000cc000000b801000041020000
5602000096020000450300008f050000040600007e060000c9060000e2080000800b0000ce0b0000c60c0000471d0000
621d0000c61d0000881f0000982200000d270000bd00000055010000fd0200001503000036030000d103000000040000
0a04000065040000c5040000cc0400003d050000640500007e050000c4050000e105000048060000da060000ad070000
b307000035080000b50800009c090000b30900004b0a0000600a00006d0a0000ac0a0000ee0a0000f30a00002e0b0000
370b00005a0b00005f0b0000670b0000730b00008d0b0000910b00001c0c0000250c0000ab0c0000f10c0000080d0000
570d0000010e0000080e0000700e0000da0e00006c0f0000c80f0000001000003a1100003c1100004911000056110000
a5110000ba110000cd110000b9120000381300007f1300008413000089130000a2130000c3130000fb13000000140000
371400003c14000052140000881400008d140000c8140000e314000031150000031600005417000061170000b3170000
be170000db170000f31900007e1a00007d1b0000fc1c0000f11d00000a1e00003f1e00004c1e0000221f00002b1f0000
3c1f00004d1f0000701f00007c1f0000831f0000bc1f0000d51f00002620000085200000f520000073210000cd210000
d2210000062200006922000089220000d62200001323000071230000b2230000b9230000ca2400001d25000072250000
7b250000a6250000a8250000b6250000c4250000f025000058260000c9260000e42600003227000070270000d2270000
54280000e92800008d2900009229000098290000e2290000be2a0000d12a00008f2c0000892f0000283000008f300000
1932000097320000c7330000ca330000fd33000011340000193400002d34000054340000fe3400000d35000014350000
6835000071350000a0350000a3350000b2350000c03500005e3600008136000093360000fc3600007d370000ef370000
363800008e3800000e390000613a00009f3a0000243b0000b73b0000bd3b0000033c0000263c0000953c00007d3e0000
ff3e0000203f0000653f0000923f0000df3f0000054000002e400000e74000001700000061000000e4000000ee000000
fa000000520100005e010000b1010000c6010000fa010000fb0100001d0200008f020000ba020000ed020000f5020000
88060000ba060000040700002d070000b0070000bc07000007080000e0080000140900007c090000b70b0000860c0000
d40c0000030d0000180d00003f0d0000640d00006d0d0000790d0000ac0d0000af0d0000d80d00003c0e000027100000
bc100000941100002312000042140000681400006b1400000315000048150000491500004e150000a316000031180000
5d1a0000021b00004d1d0000a51d0000d71e00009a1f00001e20000049220000af2200000f230000292300004b230000
5d2300009c230000172700001d27000068270000b62800000b0000006d000000a7010000030200002002000094060000
0a080000800b0000881d0000881f0000e622000067230000260000004f000000920000009b000000c3000000d3000000
0f010000a2010000b5010000d2010000ea0100004002000048020000c5020000e40200003c030000440300008e030000
ad030000a804000026050000860500008e05000096050000b605000003060000090600007c06000084060000c6060000
e1060000a7070000f4070000050800001c0800006c0800006e0800007e080000ef08000028090000b8090000880a0000
740b0000760b0000790b00007f0b0000b10b0000bf0b0000c90b0000f40b00000a0c0000670c0000c00c0000cc0c0000
4f0d0000d30d0000370e0000471100000f120000cb12000080130000dc13000066140000c1140000f0150000581a0000
ed1a0000f61c0000551d0000681d00006c1d0000971d0000c51d0000cc1d0000bc1e0000c31e0000e31e0000051f0000
401f0000871f00008c1f0000ad1f0000c61f00001c200000352200003c2200008f220000b5220000e1220000e5220000
38230000492300008723000097230000ad240000d724000031250000cc250000d925000010260000b426000002270000
0c2700001227000086270000ea280000232a0000522b0000642c0000ab2c00006c2f0000962f00002f300000ad320000
d8340000ef340000023600003a3600000e3800001b38000057380000513b0000e53c000022400000eb00000021010000
65010000d2020000e5020000c8050000b6060000840800006c090000fb090000840a0000cc0a0000440b0000b20b0000
850c0000d20c0000010d00000c0d0000210d00008a0d00008b0d0000940d00009e0d0000d60d0000d70d0000200e0000
3a0e00003b0e0000041000003a100000e21000005b1100008511000031120000cd120000ce120000e11200004d130000
7d1300008d130000a6130000d3130000de130000df130000e7130000f91300004f140000691400006a140000d2190000
ff190000331a0000401a0000441a0000591a0000611a0000d51a0000e11a0000ef1a00003a1b0000d31b0000b71c0000
c31c0000d61c0000ff1c00006d1d0000711d00007b1d0000b51d0000421f0000451f0000571f0000791f00001d200000
462000002622000039220000ae2200004a230000902300009a2300000f2700004c3b0000953b0000103c0000a23c0000
dc3c0000e73c0000e83c0000f43c0000063d0000fc3d00000b3e0000333e00001900000080000000cb000000ea000000
200100006c010000aa010000b5010000d20100004002000048020000c5020000e802000002030000440300005a030000
7f050000c7050000ff0500004d060000bc06000080070000f4070000020800001c080000360800008a08000068090000
b40900004c0a0000620a00009b0a0000c80a0000ef0a0000f50a0000fe0a00003c0b0000680b00007f0b0000920b0000
950b0000840c0000c50c0000370d0000b60d0000481000003413000079130000fc130000381400000f1500007e150000
aa15000014170000551700007f170000c1170000f5190000241a0000581d0000611d0000b81d0000c51d0000d01d0000
301f0000361f0000641f0000671f00007d1f0000871f00008f1f0000da1f0000db21000097220000272300000c270000
12270000372700008627000059280000ea28000099290000e7290000253b0000643b0000913b0000b83b0000bf3b0000
c83b0000083c0000343c00000a3d0000b83d00004f3e00008a3e0000a2010000aa0200002c0600002f0b0000740b0000
591500000b1a0000451b0000751c0000d91c00000a1d0000ac1d0000711f0000e1220000fb3b0000363e000026000000
4f000000920000009b000000f80000005c010000a20100004002000048020000aa020000e4020000e802000002030000
44030000620300008e030000920300008e0500002c0600004d0600007c06000084060000ba0700000208000005080000
360800006f090000ca090000cc090000340a00004e0a00006e0a0000cf0a0000f50a0000000b00000b0b00000d0b0000
2f0b0000680b0000740b00007f0b00009d0b0000c90b0000cd0b0000730c0000370d0000b60d00004810000039130000
fc130000381400000f150000591500007e150000aa15000014170000551700007f170000c11700000b1a0000241a0000
451b0000751c0000d91c00000a1d00003d1d0000461d0000551d0000581d0000ac1d0000b81d0000c51d0000d01d0000
231f0000251f0000301f00003d1f0000641f0000671f0000711f00007d1f0000871f00008f1f0000e122000027230000
0c27000012270000372700008627000059280000ea28000099290000e7290000143b0000323b0000983b0000bf3b0000
ca3b0000d53b0000d73b0000fb3b0000343c00000a3d0000b83d0000363e00004f3e00008a3e00000a0100006b030000
0c0500001a050000b10500005a0700001d0a00007c0a0000810a0000400b0000a60b0000900d0000361000007b130000
e4130000e613000060140000bc140000941500008f170000ab1700007d1b0000c11c0000031d0000181d0000281d0000
351e0000441f0000771f0000f82200008023000042250000852500008c260000062a00004f2a0000022c0000572c0000
64300000b230000027320000bf320000013500007e3500006336000022370000d638000028390000753a0000d33a0000
433b0000f03c00002341000090410000d80000009e0200002907000085080000fc090000a30c0000650d0000740d0000
880d000087110000321200006c150000ff17000012180000a01800006f1a0000dc1a0000031b0000081b00000b1b0000
d41b00003f1c00002700000050000000a0000000f00000003d010000a7010000ff0100001402000026020000e9020000
930300008f050000040600007e060000c9060000e2080000800b0000ce0b0000881d0000881f0000e622000067230000
a4000000d3000000f80000000f0100005c010000d50100004f020000640200007602000070030000ad030000a8040000
26050000b60500001d0600008d0600009d060000a5060000a706000012070000440700005c07000072070000a7070000
b6070000ba070000d1070000090800000f08000011080000c9080000fa0800005c090000e40900002b0a0000880a0000
ab0b00002e0c0000ae0c0000c00c0000370d0000d30d00000c0e0000370e0000e811000056120000cb12000080130000
dc130000381400003f14000066140000121500005915000099150000f0150000b0170000aa1a0000bc1a0000ed1a0000
451b0000f61c00000a1d00005c1d00006c1d0000931d0000d71d00008a1e0000ad1e0000d01e0000f71e0000171f0000
401f0000961f0000ba1f0000272300008723000018250000b02500002427000048270000962700006a2800009f280000
072a0000472a0000542a0000b62a0000472b0000572b00000e2c00005c2c00000d30000015300000663000007c300000
f23100000632000090320000423300004b330000ab350000c7360000e43800004e3a0000513b0000e53c00009d410000
d30e0000e40e0000490f0000ac0f0000bf100000e010000018110000b4120000cf1400001016000036160000e2170000
021e00003b1e00008a2000000c2100002b2500005d250000df2a0000152f0000382f0000d93000001031000045310000
5b31000067310000203200002d320000a7320000db3200007d390000693d0000713d0000db3d0000403f0000773f0000
92400000732200003725000023320000b3320000ec3f00009e1e00003620000009220000f50d0000db10000045120000
db12000018140000151e0000931e0000a41e0000ae1e00002a200000c1200000112100003c21000040210000fd210000
99270000a02800009e290000592b00001a2f0000432f0000eb300000f7310000083200005e320000a039000045410000
591f00002f22000032230000421800008f1d00009e1e0000591f000054200000092200002f220000443e0000420d0000
d1100000ac130000b013000069140000dd1400001f1e0000421f0000611f0000651f0000921f0000ae200000e0210000
402200004c220000f62200004223000052230000b324000072260000a6260000b9260000e82e0000722f00000b370000
6b3a0000b93a0000b13c0000ca3f00001340000073010000d901000008040000520400009d040000aa0400000c060000
e706000091080000cd080000a8090000a30a0000da0a000097100000a3100000d1100000f81000008c150000f1150000
f9150000761600001a1700009b170000ce190000901e0000aa1e0000ae1e000018200000e021000099270000a0280000
9e290000592b0000ae2c0000232d00003630000091300000cb300000f73000000332000008320000f7380000e2390000
063a0000454100002003000012090000da0900004f0b0000861e0000ee31000017390000d1100000f81000008c150000
f1150000f9150000761600001a1700009b170000ce190000aa1e0000ae1e000018200000e021000099270000a0280000
9e290000592b0000f73000000332000008320000e2390000063a000045410000dc020000c70900003c1d000046150000
aa170000a01d00006b1e0000a21f0000ad2300007b260000c23a0000010100008101000099020000ed020000f9020000
4a030000a004000044060000e4080000770900008b090000ce090000d2090000f80a0000850b0000710c0000d1110000
46150000aa170000441d0000491d0000a01d00006b1e0000ed1e0000211f0000a21f0000ad2300007b26000097360000
bb380000c23a0000c23b0000f10400005a050000a60900003f0c00008e100000eb1d0000732200001125000037250000
c23000002c310000173200002332000089320000b3320000f5380000703c0000f43e0000ec3f0000770100002b020000
95080000e7080000af0a0000030b00009e1e00003620000009220000f50d0000d11000001b11000045120000db120000
18140000251e0000931e0000b51e000018200000e02100004a2400009e270000ae280000bb290000e82a00005c2b0000
13310000f73100000f320000a03900009840000057410000a20b00006d0c000031130000331f0000591f00002f220000
bd22000032230000690d000023100000cc1300006914000071140000dd140000491e0000421f00006c1f0000971f0000
f622000061230000b324000052260000d6260000d9260000da270000e82e0000722f0000993a00001d3f0000dc3f0000
3640000001010000810100009e0200006703000095080000e7080000af0a0000030b0000a20b0000900c000031130000
42180000501d00008f1d00009e1e0000331f0000591f000054200000092200002f220000783b0000cd3b0000443e0000
68040000c8050000f00500008c0800008c0a0000960b0000d90b00008d0c0000ef0c0000060e0000520e0000f70f0000
721000002b130000351300007d130000fe1300003a14000022160000c2170000ea170000f31d0000371e0000381f0000
651f0000811f0000921f0000ca22000052230000b7230000f62400003d260000a6260000b9260000f22a00009e2c0000
ad2d0000e32d0000172e0000fc2e0000b52f0000e3360000593a0000843a0000553b0000ca3f000013400000c90b0000
4e0c0000231f00008a22000093240000e02e0000522f00000802000030020000c7090000ca1d00007b1e00008a1f0000
10270000ac27000053280000612b0000d52e0000060e000072100000fe1300003a14000022160000c2170000ea170000
371e0000651f0000811f0000921f000052230000b7230000f6240000a6260000b9260000f22a0000ad2d0000172e0000
fc2e0000b52f0000ca3f000013400000b9010000e1010000990200004a030000a0040000050600000f060000cb060000
ef060000e4080000af090000f80a0000850b0000ca0c0000e70f0000491d0000661d0000ca1d00005b1e00007b1e0000
211f00008a1f000010270000ac27000053280000612b0000b12c0000562d0000d52e0000c23b0000b00f00003a160000
8e2000003c2f0000833900006a3d0000723d0000dc3d0000443f00007b3f00009340000097130000d61300007b170000
181a0000ea2100000c22000020140000c220000001220000a6290000442f000061320000a339000046410000090d0000
580d0000050e000001100000ba1200008a130000c4130000fd1300003914000053140000b41700004e1f0000801f0000
14230000b62300005a1f00003722000033230000891d0000500d0000d60d000010120000cd1200006d1d0000981d0000
c91d0000061f0000891f00001d2000000f2700002f0d0000240e000001100000ba1200008a13000097130000c4130000
d6130000fd13000039140000531400009d1500007b170000b4170000181a00004e1f0000801f000002200000ea210000
0b2300009d3c0000c93c0000df3c00000d3d0000b43d00005a1f00005c2000000c22000037220000453e0000ad130000
e5140000201e0000b0200000e821000050220000b424000073260000a7260000c1260000e92e0000732f00000c370000
6c3a0000ba3a0000b23c0000cb3f0000144000007f0d000010120000cd120000061f0000891f0000092000002e200000
5b23000059040000ab040000a70a0000de0a0000fa1500009f170000e8210000a6290000242d00009330000000390000
e3390000093a000046410000fa1500009f170000e8210000a6290000e3390000093a000046410000eb000000ab010000
00060000bd0600006c090000850c0000c90c0000380d0000b70d0000491000007f15000015170000651d0000b91d0000
c91d0000891f00000f270000e4020000ca0900003d1d0000380d0000b70d0000491000007f15000015170000b91d0000
c91d0000891f00000f2700002f0d0000df0d00001b0e0000db0e0000050f0000011000005d100000fe110000a7120000
d3120000d01300004a1400005314000089140000c2140000ec150000fa1e0000411f0000c91f00003822000014230000
3c230000d3240000252500005c260000922f0000a1320000a436000032390000a33a0000d93c0000ab170000a31f0000
b52300007e260000c53a000089010000fd02000052030000a1040000480600006a0900008e090000d3090000fb0a0000
8d0b0000d2110000ab170000ee1e0000221f0000a31f0000b52300007e26000098360000bc380000c53a0000c53b0000
b20a0000040b00000c22000020140000e82100004b240000bf290000a339000099400000584100006a090000a60b0000
6e0c000032130000341f00005a1f000037220000be22000033230000f200000000020000891d0000380d0000d60d0000
0d0e0000cd120000401400006d1d0000d81d0000971f00002527000072140000e51400004a1e0000b42400005a260000
da260000dc270000e92e0000732f0000a13a00001e3f0000dd3f0000384000007f0d0000cd12000040140000971f0000
1b23000061230000890100006b0300006a090000b20a0000040b0000a60b000032130000341f00005a1f00005c200000
0c220000372200007b3b0000ce3b0000453e0000ee0300006c040000f4050000920a0000dd0b0000530e0000f80f0000
731000002c13000024160000ee170000f41d0000381e0000f72400003e260000a7260000c1260000fa2a0000a22c0000
ae2d0000e42d0000182e0000fd2e0000b62f0000e43600005a3a0000853a00005b3b0000cb3f00001440000031010000
8b0100001002000000060000bd0600006c0900004910000055150000151700003c180000891f00005b230000580d0000
1b0e0000db0e0000050f000016100000321000005d1000008a100000cb10000057120000ba120000d013000039140000
4a14000040150000ec150000681e00001a1f0000411f00000b2300003b2700005d280000aa2a0000fc2a0000432b0000
6f2d0000822d0000c52d0000ca360000513a0000d93c000033020000ca0900007c1e0000b427000054280000642b0000
d62e00007310000024160000ee170000381e0000f7240000a7260000c1260000fa2a0000ae2d0000182e0000fd2e0000
b62f0000cb3f0000144000004910000055150000151700003c180000891f00005b230000e501000052030000a1040000
10060000f2060000b3090000fb0a00008d0b0000e80f00005c1e00007c1e0000221f0000b427000054280000642b0000
b22c0000572d0000d62e0000c53b000072140000e51400004a1e0000b42400005a260000da260000dc270000e92e0000
732f0000633a0000a13a0000963c0000603e00001e3f0000673f0000dd3f000038400000120d0000690d00007f0d0000
23100000cd120000cc130000de1300004014000069140000421f0000521f00006c1f0000971f0000f62200001b230000
6123000051230000040e0000ab1700005a1f00007f1f0000a31f0000c81f00003722000033230000b5230000cf240000
7e260000f32e00008e2f0000983200006f3a0000c53a0000d03c00009c1d0000770d0000ae0d000046150000741d0000
891d0000a01d0000a91d00006b1e0000250d0000380d0000d60d00000d0e00003a0e000023100000cd120000cc130000
de13000040140000691400006d1d0000841d0000d81d0000421f0000521f00006c1f0000971f000025270000a03c0000
d43c0000e73c0000563e0000c81d00000e270000503e00002f0d0000df0d00001b0e0000db0e0000050f0000210f0000
011000005d100000fe110000a7120000d3120000a4130000d013000005140000291400004a1400005314000089140000
c2140000ec1500000c1e0000271e0000fa1e0000411f00004e1f00005e1f0000c91f000038220000142300003c230000
d3240000252500005c260000f52e0000922f00001d320000a1320000a43600001a370000323900008d390000a7390000
653a0000a33a0000d93c0000ab1700007f1f0000a31f0000b52300007e2600006f3a0000c53a000046150000a01d0000
6b1e0000380d0000b70d0000f50d000023100000491000002712000045120000db1200007f15000015170000841d0000
b91d0000c91d0000d31d0000251e0000931e0000fe1e00000d1f0000651f0000691f0000891f0000921f00000f270000
f7310000b13600004a3a0000513e000072140000e51400004a1e0000b42400005a260000da260000dc270000e92e0000
732f0000633a0000a13a0000603e00001e3f0000673f0000dd3f0000384000007f0d0000cd120000de13000040140000
521f00006c1f0000971f00001b23000061230000690d000023100000cc13000069140000421f00006c1f0000971f0000
f622000061230000380d0000d60d00000d0e00003a0e000023100000cd120000cc130000de1300004014000069140000
6d1d0000841d0000d81d0000421f0000521f00006c1f0000971f000025270000d43c0000e73c0000563e0000090d0000
580d0000050e0000050f0000120f0000740f0000011000000a100000321000000b120000ba1200008a130000c4130000
c9130000fd1300003914000053140000ca140000ee140000b4170000fd1d0000121e00002c1e0000681e0000491f0000
4e1f0000801f0000a71f000014230000b6230000c32400001e2500007f260000632d0000822d0000ef2d0000092e0000
f02e0000822f00001a3200009932000017370000703a0000c63a0000d13c00005a1f0000c81f00003722000033230000
cf240000f32e00008e2f0000891d0000a91d00006b1e0000500d0000ce0d0000d60d00002d100000101200002f120000
cd120000f41200006d1d0000981d0000c91d0000d31d0000251e00005f1e0000711e00009b1e0000061f0000651f0000
691f0000891f0000921f00001d2000000f2700007d2d0000c32e0000cd2e0000513e00002f0d0000240e0000190f0000
01100000ba1200008a13000097130000a4130000c4130000d6130000fd1300000a14000039140000531400009d150000
f61500007b17000093170000b4170000181a0000491f00004e1f0000801f000002200000a8200000ea210000f1210000
0b230000053700001d3700005b37000088370000f93700009d3c0000c93c0000df3c00000d3d0000b43d00005a1f0000
5c2000000c220000242200003722000003380000453e0000421800008f1d00009e1e0000500d0000ce0d0000d60d0000
d110000010120000161200002f120000cd120000f4120000d2190000591a00006d1d0000981d0000c91d0000151e0000
5f1e0000061f0000091f0000891f0000ae1f0000182000001d200000462000009f210000aa2100009a23000012260000
0f270000c32e0000ad360000dc37000059380000890100006b030000b70400006a090000b20a0000ca0a0000040b0000
400b0000a60b000032130000341f00005a1f00005c2000000c2200002422000037220000733600008636000003380000
7b3b0000ce3b0000453e0000010100009e02000095080000e7080000900c000042180000501d00008f1d00009e1e0000
380d0000ce0d0000d60d00000d0e00002f120000cd120000f41200003a1400004014000091140000671a00006d1d0000
d81d0000251e00005f1e0000971f0000b51f00002a2300009f230000fb2500001526000025270000c32e000041380000
5c380000eb0000006e01000092010000ab010000ae020000080400009d0400000006000030060000bd0600008c080000
ab080000c2080000ec0800006c09000073090000850c0000c90c0000380d0000b70d0000d90f00002310000049100000
4f100000dd1100007b1500007f150000f1150000e2160000151700002517000098190000591a0000651d0000841d0000
b91d0000c91d0000771e0000f21e0000891f0000ae1f00009a230000122600000f270000482d0000912d0000d12e0000
183600002436000059380000d1020000e4020000f3080000ca090000fa0900003d1d0000521e0000ba2e0000380d0000
b70d000023100000491000004f1000007b1500007f150000f1150000e2160000151700002517000098190000591a0000
841d0000b91d0000c91d0000771e0000891f0000ae1f00009a230000122600000f270000912d0000d12e000059380000
ad130000e5140000201e0000b0200000ee200000e821000050220000b424000073260000a7260000c1260000e92e0000
732f00000c370000f73700006c3a0000ba3a0000b23c00005b3e0000673f0000cb3f0000d43f0000fc3f000014400000
7f0d000010120000cd120000de130000061f0000691f0000891f0000092000002e200000f5210000102200005b230000
420d0000d1100000b013000069140000421f0000611f0000651f0000921f000040220000f62200004223000052230000
500d0000d60d00003a0e0000d110000010120000cd120000b0130000de130000691400006d1d0000981d0000c91d0000
d31d0000061f0000421f0000611f0000651f0000691f0000891f0000921f0000182000001d20000065200000f5210000
10220000402200000f270000b53c0000e73c00004c3e0000513e000089010000fd02000052030000a1040000bd040000
480600006a0900008e090000d3090000ca0a0000fb0a0000370b00005f0b00008d0b0000d2110000ab170000ee1e0000
221f00007f1f0000a31f0000b52300007e2600008336000098360000bc380000083900001b3900006f3a0000c53a0000
c53b00000101000099020000ed020000e408000077090000ce090000710c000046150000441d0000491d0000a01d0000
6b1e0000380d0000b70d0000f50d00004910000045120000db1200003a140000751400007f15000015170000ba170000
591a0000b91d0000c91d0000151e0000931e0000891f0000aa1f0000ae1f00002a2300009a230000be23000012260000
67260000822600000f270000f731000059380000ae3a0000c93a00001f050000c00800006a090000a60b0000360c0000
5e0c00006e0c0000d00f000032130000e61d0000341f00005a1f0000c81f000037220000be22000033230000a4240000
cf240000002500003f2d0000cc2d0000e52e0000f32e0000632f00008e2f00001232000078320000f200000096010000
000200002802000037020000e408000077090000ce090000891d0000a91d00006b1e0000380d0000ce0d0000d60d0000
0d0e000023100000761000002f120000cd120000f4120000401400006d1d0000841d0000d81d0000151e00005f1e0000
831e0000ae1e0000971f00002527000099270000bd27000063280000a0280000072b0000592b0000682b0000b12d0000
c32e0000dd2e000008320000d30e0000e40e0000490f0000bf100000e010000018110000b4120000cf14000010160000
e2170000021e00003b1e00000c2100002b2500005d250000df2a0000152f0000d930000010310000453100005b310000
67310000203200002d320000a7320000db320000732200003725000023320000b33200009e1e000036200000f50d0000
db10000045120000db120000151e0000931e0000a41e0000ae1e00002a200000112100003c2100004021000099270000
a0280000592b00001a2f0000eb300000f73100000832000073010000d9010000080400009d0400000c060000e7060000
91080000cd080000a809000097100000a3100000d1100000f81000008c150000f1150000761600001a170000ce190000
901e0000aa1e0000ae1e00001820000099270000a0280000592b0000ae2c000036300000cb300000f730000003320000
083200002003000012090000da090000861e0000ee310000d1100000f81000008c150000f1150000761600001a170000
ce190000aa1e0000ae1e00001820000099270000a0280000592b0000f73000000332000008320000f1040000a6090000
3f0c00008e100000eb1d0000732200001125000037250000c23000002c310000173200002332000089320000b3320000
770100002b02000095080000e70800009e1e000036200000f50d0000d11000001b11000045120000db120000251e0000
931e0000b51e0000182000009e270000ae280000e82a00005c2b000013310000f73100000f320000ee03000022040000
6c04000050050000f4050000920a0000dd0b0000530e0000f80f0000731000002c130000241600004a160000ee170000
f41d0000381e0000f72400003e260000a7260000c1260000fa2a0000a22c00001f2d0000ae2d0000e42d0000182e0000
fd2e0000b62f000069360000e43600005a3a0000853a00005b3b00005d3c00006e3c0000df3d0000e83e00008b3f0000
cb3f0000d43f00001440000094400000310100008b0100001002000000060000bd0600006c0900009c0a0000cc0a0000
ff0a0000491000005515000015170000801700003c180000261a0000691f0000891f00005b230000580d00001b0e0000
db0e0000050f0000120f000016100000321000005d1000008a100000cb10000057120000ba120000c4130000d0130000
05140000391400004a14000040150000ec15000073170000681e00001a1f0000411f0000491f00000b23000025240000
472400003b2700005d280000af290000aa2a0000fc2a0000432b00006f2d0000822d0000c52d0000092e00004e310000
ca3600001a370000513a0000d93c00009c400000e44000005c41000033020000ca0900000b0b00007c1e0000b4270000
54280000e2290000642b0000d62e00004741000073100000241600004a160000ee170000381e0000f7240000a7260000
c1260000fa2a0000ae2d0000182e0000fd2e0000b62f0000df3d00008b3f0000cb3f0000d43f00001440000094400000
491000005515000015170000801700003c180000261a0000691f0000891f00005b230000e501000052030000a1040000
ae04000010060000f2060000b3090000ee0a0000fb0a0000370b00008d0b0000e80f00005c1e00007c1e0000221f0000
b427000054280000e2290000642b0000b22c0000272d0000572d0000d62e0000a130000083360000c53b000047410000
c80500008c080000960b00008d0c0000ef0c0000060e0000351300007d130000fe1300003a140000c2170000381f0000
651f0000811f0000921f0000ca22000052230000b7230000c90b0000231f00008a22000008020000ca1d00008a1f0000
10270000060e0000fe1300003a140000c2170000651f0000811f0000921f000052230000b7230000b901000099020000
05060000cb060000e4080000ca0c0000491d0000661d0000ca1d00008a1f000010270000090d0000580d0000050e0000
db0e00006e0f0000ca0f000001100000ba120000851300008a130000a4130000c4130000fd1300003914000053140000
891400008e140000ca140000e7140000b41700000c1e00004d1e00004e1f0000801f000014230000b6230000cb240000
1e250000f22500005c260000ca260000e6260000d32700008a2f00001a32000099320000fd36000038380000653a0000
a33a0000973c0000213f0000693f0000e13f00002f4000005a1f00003722000033230000a8260000fd260000cc3f0000
15400000891d00008a1f000069230000500d0000d60d00003a0e000010120000cd120000de13000069140000c3140000
f1150000591a00006d1d0000981d0000c91d0000061f0000421f0000891f0000ae1f0000ca1f00001d20000039220000
4a2300009a230000d824000033250000122600000f270000972f0000af32000059380000e73c0000eb00000021010000
6e010000ab0100005b030000c805000000060000bd0600008c0800006c0900009c0a0000cc0a0000ff0a0000960b0000
850c0000c90c0000380d0000b70d000049100000351300007d130000fe1300003a1400007f150000ab15000015170000
80170000c2170000261a0000651d0000b91d0000c91d0000d31d0000381f0000651f0000691f0000811f0000891f0000
921f00002a2300000f270000653b0000953b0000c93b00000e3d0000b93d0000513e0000e40200008e030000ca090000
0b0b0000c90b00003d1d0000231f0000d53b0000380d0000b70d000049100000fe1300003a1400007f150000ab150000
1517000080170000c2170000261a0000b91d0000c91d0000d31d0000651f0000691f0000811f0000891f0000921f0000
2a2300000f2700000e3d0000b93d0000513e00007c0400006a090000ca0a0000a60b0000ed0b0000360c00006e0c0000
2d13000032130000f51d0000341f00005a1f000037220000be22000033230000002500003f260000a8260000fd260000
1232000078320000e53600005b3a0000863a0000933b0000cc3f000015400000f20000003f0100000002000015020000
2802000005060000cb060000e4080000891d00008a1f000069230000380d0000d60d00000d0e00003a0e000058120000
cd120000de1300003a1400004014000069140000f11500006d1d0000d81d0000ae1e00001b1f0000421f0000971f0000
2a2300002527000049270000992700006b280000a0280000b82a0000482b0000592b000008320000cb360000523a0000
e73c000008040000f4040000c3060000d8060000e40600003d07000045070000d70c00002a0d0000a00d0000f50d0000
f60d0000830e00000a0f00001c0f00002c0f0000a6100000b8100000c0100000e5100000ea100000eb1000008d110000
33120000451200004612000099120000b6120000db120000dc120000541300009b130000e81300001814000019140000
1615000040170000a3180000d7180000df1800001d190000d71900008d1a0000e21a0000f81a00006f1b0000891b0000
8d1b0000d61b0000fe1b0000381c00006b1c0000b81c0000c81c0000931e0000951e0000961e0000a81e00002a200000
402100004b210000fd2100004d25000099270000a02800009e290000342e0000582e0000862e0000af2e000025300000
33300000da300000f1300000f33000002f310000db310000f7310000f9310000fb31000046320000cb3200004b340000
623900007f390000a0390000a1390000113a0000343a0000953f0000fb0600003307000065160000c1190000261b0000
7a1c0000e71c0000a51e0000f81f0000c22100004c30000000320000fe390000413a0000a1010000a90200002b060000
58150000741c0000ab1d0000d10000000d010000b1010000f1010000b1020000b6020000f0040000b0050000b4050000
33060000290700009c080000b2090000020a00002d0b0000720b0000e50c0000870d0000910d0000db0d0000ea0d0000
3510000037100000a3110000361200007c120000d0120000d51200005c1500001c17000042180000551800006c180000
38190000b9190000e6190000f8190000e41a00001d1b0000351b00008a1b00003f1c0000641c0000771c0000781c0000
d31c0000fa1c00006e1d0000ae1d0000b01d0000c41e0000101f00006f1f0000d11f0000542000002f2200009d220000
9a2b0000dc34000008360000b4360000c3380000f33900001c3a0000f93b0000303e0000a104000002050000cf060000
6b070000e810000097120000d61400007e160000e5180000b01b0000691c00002c1d0000321e0000e22300001f250000
49250000582a0000f02b00001c300000753000008e300000b7300000ef3000005e3100008e310000af3100001b320000
2a3200009a320000c632000060390000323a0000823c0000413e0000573f0000be3f000071400000ed400000b9060000
30070000db0c00007b0d0000e31000002512000060130000d81300006d1600001518000081180000031a00004c1a0000
e31a00000c1b0000401c0000bc1c0000d71c0000090100006a030000b0050000800a00003f0b0000a50b00008f0d0000
35100000e51300005e140000931500008e170000aa170000011d0000431f0000761f0000f72200007f230000d1000000
2c01000000020000bd020000b0050000b906000030070000800a00003f0b0000a50b0000e50c0000870d0000980d0000
b40d00002f0e000035100000e31000002512000060130000d8130000e51300005e14000046150000721500006d160000
8e170000aa17000058180000031a00004c1a0000e41a00003c1b0000401c0000bc1c0000d71c0000011d0000751d0000
b21d0000431f0000761f0000ba220000ad230000473b00000b3c0000e13c0000f13c0000c73d0000343e000029010000
8b01000077030000ed030000210400000a05000018050000f3050000b60600006c0900001b0a00007a0a0000840a0000
cc0a0000440b0000b20b00001c0d0000970d0000a70d0000260f0000330f0000690f0000f40f00000f10000044100000
e21000005b1100006a110000e11200003d1300008d130000e2130000e7130000f91300004f140000691400006a140000
ad140000dd140000de14000089180000401a0000591a0000761b0000cd1b0000b21c0000ff1c0000111d0000fe1d0000
331e0000421f0000451f0000571f0000791f00005e200000ae200000d52000001f2100002622000039220000f6220000
fa2200002323000084230000b3240000c6240000832500008a260000f2290000332b0000002c0000132c0000a12c0000
1e2d0000682d00008d2d0000f02d0000142e0000e82e0000f12e0000282f00004b2f0000722f0000852f0000ff340000
7c3500006136000020370000d438000026390000733a0000d13a0000413b0000ee3c0000104100008e41000037030000
5e0600002f0b0000740b00000a1d0000301d0000711f000072230000db240000672a0000dc2c00002f2d0000f72e0000
9a2f0000900200002b0600001a180000041b00000d1b0000741c000066010000f1010000b6020000d3020000e6020000
f0040000e30500003f060000470600002907000085080000fc0900002d0b0000720b00008d0d00009f0d0000a30d0000
3f100000ae100000871100008f11000032120000dd1200001e1500005518000020190000f81900006f1a0000951a0000
f11a0000fa1a0000351b00008a1b0000d41b0000d71b0000001c00003f1c00006c1c0000d31c0000fa1c00007c1d0000
b01d0000b61d0000621e0000741e00006f1f00009d22000091230000e624000010270000ac27000053280000912c0000
c92c0000882d0000872e0000c62e0000a52f0000f93b0000303e00008a0e00001f0f0000581300009d130000ea130000
201400002414000044170000a4180000e0180000721b00008e1b0000ba1c0000ca1c000001220000a6290000592e0000
b02e000031310000dc3100004c3400006b39000087390000a3390000a5390000123a0000383a0000983f0000eb000000
2101000065010000d2020000e5020000c805000084080000fb090000010d00000c0d00008a0d00008b0d0000940d0000
9e0d0000d60d0000d70d0000041000003a1000008511000031120000cd120000ce120000d2190000611a0000ef1a0000
d31b00006d1d0000711d00007b1d0000b51d00001d20000046200000902300000f270000a2010000aa0200002c060000
59150000751c0000ac1d0000f1040000b10500009d080000b3090000030a00002e0b0000730b0000ed0c0000ec0d0000
36100000a5110000371200007f120000d61200001d170000ba190000e9190000fb190000e61a00001f1b0000371b0000
8b1b0000651c0000791c0000d41c0000fc1c0000c51e0000111f0000701f0000d51f00005c20000037220000a5220000
9b2b0000dd34000009360000b5360000c4380000f63900001d3a0000fa3b0000313e000063130000d9130000041a0000
4f1a0000bd1c0000d81c00000a0100006b030000b1050000810a0000400b0000a60b0000900d000036100000e6130000
60140000941500008f170000ab170000031d0000441f0000771f0000f822000080230000d80000009e020000650d0000
880d00006c150000031b0000b1050000810a0000400b0000a60b0000ed0c0000310e00003610000063130000d9130000
e6130000601400008f170000ab170000041a00004f1a0000e61a00003e1b0000bd1c0000d81c0000031d0000441f0000
771f0000be220000b5230000483b00000c3c0000e23c0000f23c0000c83d0000353e0000ee030000220400000b050000
19050000f40500001c0a00007b0a0000270f0000340f0000700f0000f80f000010100000451000006c11000043130000
e3130000af140000e5140000e9140000781b0000cf1b0000b41c0000131d0000ff1d0000341e0000b0200000d6200000
20210000b4240000c7240000842500008b260000f6290000372b0000012c00001b2c0000a22c00001f2d0000692d0000
8e2d0000f12d0000152e0000e92e0000f22e0000292f00004c2f0000732f0000862f0000003500007d35000062360000
21370000d538000027390000743a0000d23a0000423b0000ef3c0000134100008f410000c805000084080000fb090000
950c0000ef0c0000310d0000720d00007f0d0000800d0000041000003a1000008511000031120000cd120000ce120000
fa1700005118000092180000d2190000611a0000da1a0000e81a0000071b0000d31b00002c0600001d1800000e1b0000
751c0000f1040000e405000040060000480600002e0b0000730b0000a50d000040100000b110000090110000df120000
2215000021190000fb190000981a0000fc1a0000371b00008b1b0000d81b0000011c00006e1c0000d41c0000fc1c0000
631e0000751e0000701f0000a5220000e7240000b427000054280000922c0000ca2c0000892d0000882e0000c72e0000
a62f0000fa3b0000313e0000b1050000810a0000400b0000a60b0000ed0c0000310e000036100000631300007b130000
d9130000e613000011140000601400008f170000ab170000b0180000041a00004f1a0000e61a00003e1b0000911b0000
bd1c0000c11c0000d81c0000e31c0000031d0000341f0000441f0000771f00007f1f0000be220000b5230000f5360000
1e3700008237000097370000c3370000cc370000483b00000c3c0000e23c0000f23c0000c83d0000353e0000d1000000
2c01000000020000bd020000b906000030070000870d0000980d0000b40d0000e3100000251200004615000072150000
6d16000058180000401c0000751d0000b21d0000eb0000002101000065010000d2020000e502000008040000f4040000
c0050000c8050000d5050000b606000084080000a8080000cb090000fb090000070a0000d20c0000f60c0000010d0000
0c0d0000340d00008a0d00008b0d0000940d00009e0d0000c70d0000ce0d0000cf0d0000d60d0000d70d00000a0f0000
2c0f000002100000041000000b100000391000003a1000003e100000e21000008511000095110000e0110000f7110000
0d1200002b1200002f12000030120000311200003a120000cd120000ce120000f4120000f5120000d718000085190000
a1190000b2190000d2190000da190000611a0000e11a0000e91a0000ef1a0000131b0000891b0000d31b0000301c0000
351c0000421c0000411d00006d1d0000711d00007b1d0000981d0000b51d0000d31d00005f1e0000611e0000c81e0000
061f0000131f0000921f00001d2000004620000017210000902300000f270000a62b0000832c0000642d0000872d0000
c32e0000c52e0000202f0000e134000015360000b93600006737000077370000a5370000a2010000aa020000fc050000
2c0600003606000059150000301900008c1900001a1b0000431c0000751c0000641d0000ac1d0000721e0000c02c0000
ce2e0000f1040000b10500009d080000b3090000030a00002e0b0000730b0000ed0c0000ec0d000036100000a5110000
371200007f120000d61200007b130000301400001d170000b6180000ba190000e9190000fb190000e61a00001f1b0000
371b00008b1b0000941b0000651c0000791c0000c11c0000d41c0000df1c0000ef1c0000fc1c0000c51e0000111f0000
2b1f0000701f0000d51f00005c200000d22100002422000037220000a52200009b2b0000dd34000009360000b5360000
7f370000ca370000c438000073390000a8390000f6390000023a0000193a00001d3a00003b3a0000443a0000fa3b0000
313e0000d10000000d010000b1010000f1010000b1020000b6020000b40500003306000029070000870d0000910d0000
db0d000037100000d01200005c15000042180000551800006c180000381900003f1c0000771c00006e1d0000ae1d0000
b01d00000a0100006b03000074040000fd040000b1050000cc0500006f0600005a070000810a0000400b0000a60b0000
900d0000361000003c100000f5110000e613000060140000f514000094150000011600008f170000ab17000045190000
331c0000031d0000281d0000381d0000301e0000441f0000771f0000f822000080230000b5240000e224000042250000
4f2a0000772a0000c02b00007a2c0000ed2c0000072d0000342d0000852d00000d2e00004c2e00006d2e0000ea2e0000
fa2e0000742f0000a12f000064300000b230000027320000bf320000d80000009e020000b40500003306000029070000
fa0c0000650d0000820d0000880d000037100000d01200006c15000012180000211800007518000038190000ea1a0000
031b00000b1b0000101b00003f1c0000771c000008040000f4040000c3060000d8060000e40600003d07000045070000
d70c00002a0d0000a00d0000f50d0000f60d00000a0f00002c0f0000a6100000b8100000c0100000e5100000ea100000
eb1000008d11000033120000451200004612000099120000b6120000db120000dc12000016150000d71800001d190000
d71900008d1a0000e21a0000f81a0000891b0000d61b0000fe1b0000381c00006b1c0000931e0000951e0000961e0000
a81e00002a200000402100004b2100004d25000099270000a0280000342e0000862e00002530000033300000da300000
f1300000f3300000f7310000f9310000fb31000046320000cb320000fb0600003307000065160000c1190000261b0000
7a1c0000a51e0000f81f00004c30000000320000a104000002050000cf0600006b070000e810000097120000d6140000
7e160000e5180000691c00002c1d0000321e00001f25000049250000582a0000f02b00001c300000753000008e300000
b7300000ef3000005e3100008e310000af3100001b3200002a3200009a320000c6320000b906000030070000db0c0000
7b0d0000e3100000251200006d1600001518000081180000e31a00000c1b0000401c0000ee030000220400000b050000
19050000f40500001c0a00007b0a0000530e0000270f0000340f0000700f0000cc0f0000f80f00001010000045100000
6c11000043130000e3130000af140000e5140000e9140000651b0000781b0000ad1b0000cf1b0000b41c0000131d0000
ff1d0000341e0000b0200000d620000020210000d82300003f240000b4240000c7240000842500008b260000f6290000
372b0000012c00001b2c0000a22c00001f2d0000692d00008e2d0000e42d0000f12d0000152e0000ad2e0000e92e0000
f22e0000292f00004c2f0000732f0000862f00003a340000003500007d35000062360000eb36000021370000bf370000
d538000027390000743a0000d23a0000423b00005d3c0000833c0000ef3c0000793d0000873d0000163e0000403e0000
3c3f0000673f00006b3f0000ba3f0000784000000b41000013410000724100008f410000c805000084080000fb090000
950c0000ef0c0000310d0000720d00007f0d0000800d0000041000003a1000008511000031120000cd120000ce120000
4d1300007d130000a6130000d3130000de130000df130000fa1700005118000092180000d2190000ff190000331a0000
441a0000611a0000da1a0000e81a0000071b0000d31b0000b71c0000c31c0000d61c00002c0600001d1800000b1a0000
0e1b0000751c0000d91c0000f1040000e405000040060000480600002e0b0000730b0000a50d000040100000b1100000
90110000df120000f71300002215000054170000a718000021190000fb190000981a0000fc1a0000371b00008b1b0000
8f1b0000d81b0000011c00006e1c0000cf1c0000d41c0000df1c0000fc1c0000631e0000751e00002b1f0000701f0000
a5220000e7240000b427000054280000e2290000922c0000ca2c0000892d00005c2e0000882e0000b12e0000c72e0000
a62f00003f310000e0310000503400007f370000ca370000fa3b0000313e0000a83f0000290100008b01000077030000
b60600006c090000840a0000cc0a0000440b0000b20b00001c0d0000970d0000a70d0000e21000005b110000e1120000
8d130000e7130000f91300004f140000691400006a14000089180000401a0000591a0000ff1c0000421f0000451f0000
571f0000791f00005e2000002622000039220000f6220000fa2200002323000084230000370300002f0b0000740b0000
0a1d0000711f00007223000090020000041b000066010000f1010000b6020000d3020000e60200002907000085080000
fc0900008d0d00009f0d00008711000032120000551800006f1a0000f11a0000d41b00003f1c00007c1d0000b01d0000
b61d00009123000010270000eb0000002101000065010000d2020000e5020000c8050000b6060000840800006c090000
fb090000840a0000cc0a0000440b0000b20b0000850c0000d20c0000010d00000c0d0000210d00008a0d00008b0d0000
940d00009e0d0000d60d0000d70d0000200e00003a0e00003b0e0000041000003a100000e21000005b11000085110000
31120000cd120000ce120000e11200004d1300007d1300008d130000a6130000d3130000de130000df130000e7130000
f91300004f140000691400006a140000d2190000ff190000331a0000401a0000441a0000591a0000611a0000d51a0000
e11a0000ef1a00003a1b0000d31b0000b71c0000c31c0000d61c0000ff1c00006d1d0000711d00007b1d0000b51d0000
421f0000451f0000571f0000791f00001d200000462000002622000039220000ae2200004a230000902300009a230000
0f2700004c3b0000953b0000103c0000a23c0000dc3c0000e73c0000e83c0000f43c0000063d0000fc3d00000b3e0000
333e0000a2010000aa0200002c0600002f0b0000740b0000591500000b1a0000451b0000751c0000d91c00000a1d0000
ac1d0000711f0000e1220000fb3b0000363e00000a0100006b0300000c0500001a050000b10500005a0700001d0a0000
7c0a0000810a0000400b0000a60b0000900d0000361000007b130000e4130000e613000060140000bc14000094150000
8f170000ab1700007d1b0000c11c0000031d0000181d0000281d0000351e0000441f0000771f0000f822000080230000
42250000852500008c260000062a00004f2a0000022c0000572c000064300000b230000027320000bf32000001350000
7e3500006336000022370000d638000028390000753a0000d33a0000433b0000f03c00002341000090410000d8000000
9e0200002907000085080000fc090000a30c0000650d0000740d0000880d000087110000321200006c150000ff170000
12180000a01800006f1a0000dc1a0000031b0000081b00000b1b0000d41b00003f1c000073010000d9010000f1030000
08040000520400009d040000aa040000220500000c060000e7060000ea0600005507000091080000cd080000a8090000
a30a0000da0a00002a0d0000a10d00005a0e0000dc0e0000060f0000140f000097100000a3100000a9100000b8100000
c3100000d1100000d4100000d9100000e2100000f8100000fb10000013110000691100008e110000341200009b130000
ee130000641500008c150000ae150000ed150000f1150000f2150000f9150000521600005d16000076160000a5160000
e51600001a170000851700009b17000060190000ce190000e11a0000b21c0000901e0000981e0000aa1e0000ac1e0000
ae1e000018200000192000009d200000b3200000b52000004521000071210000e0210000e121000099270000a0280000
d0280000d42800009e290000592b0000ae2c0000232d000036300000393000005e30000091300000cb300000df300000
e9300000f7300000fb3000000831000037310000723100009a310000fd31000003320000053200000832000042320000
69320000fb32000009330000363400004e34000094340000c134000043350000f7380000e2390000063a000045410000
200300000907000012090000da0900004f0b0000051c0000861e0000a11e0000412000002f2100007b21000014220000
40300000ee310000fe310000563200005035000017390000d4010000dc020000c8080000c7090000ec1a00003c1d0000
921d0000cf1e0000010100006601000081010000dc0100002402000099020000ed020000f90200004a0300007b040000
a0040000e30500004406000085080000d0080000e0080000e4080000770900008b090000c2090000ce090000d2090000
f80a0000850b00002c0c0000710c0000390d00004a0d00008d0d0000a30d0000ae100000711100007311000087110000
8f110000d111000019120000dd12000046150000aa1700004c1800009b190000f01a0000001b00006d1c0000f41c0000
441d0000491d00007c1d0000951d0000a01d0000a41d0000161e0000621e00006b1e0000d21e0000d71e0000ed1e0000
0a1f0000211f0000a21f0000b81f00000d2000003820000027210000502100006a2100007921000077230000ad230000
05250000aa2500007b260000262b0000912c0000c62e0000303200004b3200007d3200002135000027350000a5350000
97360000bb380000c23a0000c23b0000f50d0000d11000001b11000045120000db12000018140000251e0000931e0000
b51e000018200000e02100004a2400009e270000ae280000bb290000e82a00005c2b000013310000f73100000f320000
a039000098400000574100007a0100007a020000a9030000be030000a2040000b2040000aa0600000907000054070000
db0700001308000098080000fe080000ba0a0000210b00009a10000050160000051c00008d1e0000a11e000041200000
2f2100007b2100001422000019300000403000005d30000087300000ba300000cf300000f5310000fe31000056320000
98330000ac33000050350000a3000000f6000000d40100004d0200008c06000041070000b507000008080000c8080000
ad0c000011150000ec1a00005b1d0000921d0000cf1e00000101000066010000810100002b0200009e02000067030000
f0040000e30500008508000095080000e7080000af0a0000030b0000a20b00003e0c0000900c0000600d0000710d0000
8d0d0000a30d0000ae10000084110000871100008f110000dd120000311300003b140000aa14000050150000dc160000
dd17000042180000031b00008a1b0000021d0000501d00007c1d00008f1d0000a61d0000621e00009e1e0000d81e0000
331f0000591f0000bf1f000054200000092200002f2200001f2300007e230000102500005925000093250000ae250000
912c0000c62e000088320000d73200008d350000a9350000783b0000cd3b0000443e0000a8000000e700000002010000
4d01000082010000240200004b0200005d0200002203000096030000fd03000073040000980400001e05000016060000
570600008806000099060000040700000e0700002d0700005f070000ab070000b0070000bc070000cc070000e0070000
070800000d080000e0080000140900005a090000630900002c0c0000b00c0000c20c0000870d0000c60d0000e40f0000
351000005210000094110000e61100005d15000066150000ee15000055160000a3160000a61600001b1700000e180000
62190000e41a0000001b0000f41c00005e1d0000a41d0000c21d0000781e0000d71e0000f51e0000b81f0000fa1f0000
ff2000007723000005250000aa2500009027000086280000b6280000dc280000452a0000d52c0000532d0000942d0000
d22e0000082f0000d52f000009300000693000007d3200003d33000049330000a5350000ca1d00007b1e00008a1f0000
10270000ac27000053280000612b0000d52e000093000000560200007e0200009e05000094060000ad0600000a080000
14080000de090000561d0000561e00006c2c0000be2e0000b9010000e10100002402000099020000220300004a030000
a00400001e050000050600000f06000057060000cb060000ef060000e0080000e408000014090000af090000f80a0000
850b00002c0c0000ca0c0000870d0000c60d0000e70f00003510000052100000941100005d15000066150000ee150000
55160000a3160000a61600001b17000062190000e41a0000001b0000f41c0000491d0000661d0000a41d0000c21d0000
ca1d00005b1e0000781e00007b1e0000d71e0000211f00008a1f0000b81f00007723000005250000aa25000010270000
90270000ac2700005328000086280000b6280000dc280000612b0000b12c0000d52c0000562d0000942d0000d22e0000
d52e0000d52f00007d320000a5350000c23b000059040000ab040000a70a0000de0a00005b0e0000150f00009d130000
f0130000af150000f3150000fa150000871700009f170000b41c0000a0200000b6200000e8210000ec210000a6290000
242d00009330000038310000753100009b3100006a3200000c330000373400004f34000095340000c234000047350000
00390000e3390000093a000046410000eb00000073010000ab0100002103000000060000bd0600009108000013090000
6c090000850c0000c90c0000010d00001d0d0000380d00003e0d00004d0d0000860d00008b0d0000b70d0000c50d0000
49100000051100005c110000761100008611000093110000381500005b1500007f150000a216000015170000651d0000
7e1d0000b91d0000c11d0000c91d0000891f00002a200000402100000f2700008f270000a8280000d5010000e4020000
c9080000ca090000ed1a00003d1d0000931d0000d01e000089010000fd020000520300007c040000a1040000e4050000
480600006a0900008e090000c3090000d3090000fb0a00008d0b00002d0c0000a50d0000b11000007211000090110000
d21100001a120000df120000ab1700006e1c0000f51c0000171e0000631e0000ee1e00000b1f0000221f0000a31f0000
b91f00000f2000003a20000028210000532100006b2100007a21000079230000b523000008250000ab2500007e260000
272b0000922c0000c72e0000313200004e320000803200002235000028350000a635000098360000bc380000c53a0000
c53b000020140000e82100004b240000bf290000a33900009940000058410000380d0000d60d00000d0e0000cd120000
401400006d1d0000d81d0000971f000025270000a4000000f8000000d50100004f0200008d06000044070000b6070000
09080000c9080000ae0c000012150000ed1a00005c1d0000931d0000d01e0000890100006b030000f1040000e4050000
6a090000b20a0000040b0000a60b00003f0c0000a50d0000b110000090110000df120000321300003c140000ab140000
de1700008b1b0000031d0000631e0000341f00005a1f0000c01f00005c2000000c220000372200002123000080230000
112500005c25000094250000af250000922c0000c72e000089320000da3200008e350000aa3500007b3b0000ce3b0000
453e0000580d00001b0e0000db0e0000050f000016100000321000005d1000008a100000cb10000057120000ba120000
d0130000391400004a14000040150000ec150000681e00001a1f0000411f00000b2300003b2700005d280000aa2a0000
fc2a0000432b00006f2d0000822d0000c52d0000ca360000513a0000d93c00004f0100008d0100005f0200009a030000
00040000740400009b0400001f05000018060000580600009a0600000f07000062070000ad070000cd070000e4070000
0e0800005b0900006e0900002d0c0000e50f00003610000053100000e711000068150000ef15000056160000a7160000
1d17000063190000e61a0000f51c0000791e0000f61e0000b91f0000002100007923000008250000ab25000087280000
df280000462a0000d62c0000542d0000952d0000d32e0000092f0000d62f00000a3000006c300000803200003e330000
4a330000a63500007c1e0000b427000054280000642b0000d62e0000e501000052030000a10400001f05000010060000
58060000f2060000b3090000fb0a00008d0b00002d0c0000e80f0000361000005310000068150000ef15000056160000
a71600001d17000063190000e61a0000f51c00005c1e0000791e00007c1e0000221f0000b91f00007923000008250000
ab250000b42700005428000087280000df280000642b0000b22c0000d62c0000572d0000952d0000d32e0000d62e0000
d62f000080320000a6350000c53b00000a010000890100006b030000b7040000f1040000b1050000e40500006a090000
a60900007c0a0000810a0000b20a0000ca0a0000040b0000400b0000a60b00003f0c00001b0d0000900d0000a50d0000
361000008e100000b11000008911000090110000df120000321300007b130000e6130000f71300003c14000060140000
ab140000bc14000094150000771700008f170000ab170000de1700008b1b0000031d0000eb1d00002a1e0000631e0000
011f0000341f0000441f0000551f00005a1f0000771f00007f1f0000c01f00005c2000000c2200002422000037220000
73220000f4220000f8220000212300008023000011250000372500005c2500008525000094250000af250000922c0000
c72e0000c23000000f3100002c3100003f31000017320000233200002c32000089320000b3320000da320000da330000
e33300004a340000503400000135000007350000103500007e3500008e350000aa350000633600007336000086360000
5937000003380000433b00007b3b0000ce3b00000c3d0000b03d0000453e0000d8000000010100006601000077010000
2b0200009e0200008508000095080000e7080000900c0000a30c0000020d00001e0d00005f0d0000600d0000650d0000
710d0000740d0000880d00008d0d0000be0d00008411000087110000501500006c150000dc1600003418000042180000
031b0000501d00007c1d00007f1d00008f1d0000a61d0000bd1d00009e1e0000d81e000036200000230200008e020000
ff1a0000481d0000a31d000064010000a2010000d5010000aa020000d1020000e402000020030000fc0500000a060000
2c060000c9080000ea080000f308000012090000ca090000da090000fa090000c80c0000850d00009d0d0000c40d0000
59150000a1160000ed1a0000d21b0000751c00003d1d0000641d00007a1d0000931d0000ac1d0000b41d0000c01d0000
c81d0000521e00006e1e0000861e00008f1e0000d01e0000d91e0000db1e0000f11e00000e1f00008f2300000e270000
8e270000ac2c0000ba2e0000ca2e000032300000ee310000fa31000007320000e0340000e63400001436000022360000
54380000890100006b030000b7040000f1040000e40500006a090000b20a0000ca0a0000040b0000400b0000a60b0000
3f0c0000a50d0000b110000090110000df12000032130000f71300003c140000ab140000de1700008b1b0000031d0000
eb1d00002a1e0000631e0000341f0000551f00005a1f0000771f0000c01f00005c2000000c2200002422000037220000
2123000080230000112500005c25000094250000af250000922c0000c72e00003f310000173200002c32000089320000
da3200005034000007350000103500008e350000aa3500007336000086360000033800007b3b0000ce3b0000453e0000
01010000660100002b0200009e0200008508000095080000e7080000900c0000600d0000710d00008d0d000084110000
8711000050150000dc16000042180000031b0000501d00007c1d00008f1d0000a61d00009e1e0000d81e0000eb000000
6e0100007301000092010000ab010000ae02000021030000fa030000080400009d040000a7040000eb05000000060000
30060000bd060000e40600008c08000091080000ab080000c2080000ec080000130900006c09000073090000db090000
850c0000c90c0000010d00001d0d0000340d0000380d00003e0d00004d0d0000860d00008b0d0000a00d0000a80d0000
b70d0000c50d0000080f00000a0f0000d90f0000021000001110000023100000261000002b100000491000004f100000
a6100000b510000000110000051100005c1100006f1100007611000083110000861100008d1100009211000093110000
dd1100002a12000033120000e2120000381500005b1500007b1500007f150000f1150000a2160000e216000015170000
251700002819000098190000591a0000761c0000651d00007d1d00007e1d0000841d0000851d0000ad1d0000b91d0000
c11d0000c91d0000151e0000231e0000651e0000771e0000881e0000961e0000a41e0000b21e0000c91e0000ce1e0000
da1e0000f21e00000f1f0000891f0000ae1f00002a20000011210000402100009a230000122600000f2700008f270000
a8280000552b0000992c0000482d00006a2d00007b2d0000912d00003b2e0000c92e0000d12e00001a2f000033300000
f0310000fb3100000c320000e2340000e7340000183600002436000059380000d5010000d1020000e40200000a060000
c9080000f3080000ca090000fa090000ed1a0000d21b00003d1d0000931d0000b41d0000521e00006e1e00008f1e0000
d01e0000db1e0000ac2c0000ba2e0000ca2e000089010000fd020000520300007c040000a1040000bd040000e4050000
480600006a0900008e090000c3090000d3090000ca0a0000fb0a0000370b00005f0b00008d0b00002d0c0000a50d0000
b11000007211000090110000d21100001a120000df120000f7130000ab1700006e1c0000f51c0000171e0000631e0000
ee1e00000b1f0000221f0000731f00007f1f0000a31f0000b91f00000f2000003a2000007a200000c620000028210000
532100006b2100007a210000f82100001c22000079230000b523000008250000ab2500007e260000272b0000922c0000
c72e00003f31000014320000313200004e3200005a3200007132000080320000503400000e3500002235000028350000
4a35000053350000a63500008336000098360000bc380000083900001b3900006f3a0000c53a0000c53b000001010000
66010000dc0100002402000099020000ed02000085080000d0080000e0080000e408000077090000ce090000710c0000
390d00004a0d00008d0d00007311000087110000461500004c1800009b190000f01a0000001b0000441d0000491d0000
7c1d0000951d0000a01d0000a41d00006b1e0000d21e0000d71e0000380d0000ce0d0000d60d00000d0e000023100000
761000002f120000cd120000f4120000401400006d1d0000841d0000d81d0000151e00005f1e0000831e0000ae1e0000
971f00002527000099270000bd27000063280000a0280000072b0000592b0000682b0000b12d0000c32e0000dd2e0000
08320000a4000000f800000099010000d50100004f0200007602000086020000ab030000a5040000a30500000a060000
8d060000a5060000a7060000b10600003c07000044070000b6070000e7070000090800001108000017080000c9080000
fa0800007a090000e6090000ae0c0000dd0f0000121500001b190000ed1a0000d21b00005c1d0000931d0000b41d0000
591e00006e1e00008a1e00008f1e0000d01e0000db1e0000712c0000ac2c00004c2d0000322e0000c12e0000ca2e0000
15300000f231000073010000d9010000f1030000080400009d040000220500000c060000e7060000ea06000055070000
91080000cd080000a80900002a0d0000a10d0000dc0e0000060f000097100000a3100000a9100000b8100000c3100000
d1100000d4100000d9100000e2100000f8100000fb10000013110000691100008e11000034120000641500008c150000
ed150000f1150000521600005d16000076160000a5160000e51600001a17000060190000ce190000e11a0000901e0000
981e0000aa1e0000ac1e0000ae1e00001820000019200000b3200000452100007121000099270000a0280000d0280000
d4280000592b0000ae2c000036300000393000005e300000cb300000df300000e9300000f7300000fb30000008310000
fd31000003320000053200000832000042320000fb320000200300000907000012090000da090000051c0000861e0000
a11e0000412000002f2100007b21000040300000ee310000fe310000f50d0000d11000001b11000045120000db120000
251e0000931e0000b51e0000182000009e270000ae280000e82a00005c2b000013310000f73100000f3200007a010000
7a020000a9030000a2040000aa0600000907000054070000db0700001308000098080000fe0800009a10000050160000
051c00008d1e0000a11e0000412000002f2100007b21000019300000403000005d300000cf300000f5310000fe310000
580d00001b0e0000db0e0000050f0000120f000016100000321000005d1000008a100000cb10000057120000ba120000
c4130000d013000005140000391400004a14000040150000ec15000073170000681e00001a1f0000411f0000491f0000
0b23000025240000472400003b2700005d280000af290000aa2a0000fc2a0000432b00006f2d0000822d0000c52d0000
092e00004e310000ca3600001a370000513a0000d93c00009c400000e44000005c4100004f0100008d0100005f020000
9a030000bc030000000400003f04000074040000830400009b040000b10400001f05000018060000580600009a060000
0f07000062070000ad070000cd070000e40700000e0800005b0900006e0900009f0a0000ce0a00001d0b00002d0c0000
e50f00003610000053100000e711000068150000b2150000ef150000f415000056160000a71600001d1700008c170000
63190000e61a0000c11c0000f51c0000791e0000f61e0000731f0000b91f0000002100007923000008250000ab250000
87280000df280000462a0000d62c0000542d0000952d0000d32e0000092f0000d62f00000a3000006c30000085300000
aa300000b43000009e31000014320000803200001c3300003e3300004a330000933300009f330000ab33000096340000
c63400000e350000a63500007c1e0000b427000054280000e2290000642b0000d62e000047410000e501000052030000
a1040000ae0400001f0500001006000058060000f2060000b3090000ee0a0000fb0a0000370b00008d0b00002d0c0000
e80f0000361000005310000068150000b2150000ef150000f415000056160000a71600001d1700008c17000063190000
e61a0000c11c0000f51c00005c1e0000791e00007c1e0000221f0000731f0000b91f00007923000008250000ab250000
b42700005428000087280000df280000e2290000642b0000b22c0000d62c0000272d0000572d0000952d0000d32e0000
d62e0000d62f0000a13000009e31000014320000803200001c33000096340000c63400000e350000a635000083360000
c53b000047410000a8000000e700000002010000240200004b0200002203000088060000040700002d070000b0070000
bc07000007080000e008000014090000b00c0000c20c0000870d0000c60d0000941100005d150000a31600000e180000
001b00005e1d0000a41d0000c21d0000d71e0000fa1f000090270000b6280000ca1d00008a1f00001027000093000000
56020000940600000a080000561d0000b901000024020000990200002203000005060000cb060000e0080000e4080000
14090000ca0c0000870d0000c60d0000941100005d150000a3160000001b0000491d0000661d0000a41d0000c21d0000
ca1d0000d71e00008a1f00001027000090270000b6280000eb000000210100006e01000073010000ab01000021030000
5b03000008040000f4040000c805000000060000bd060000e40600008c08000091080000130900006c090000a8090000
9c0a0000cc0a0000ff0a0000960b0000430c0000850c0000c90c0000010d00001d0d0000210d0000380d00003e0d0000
4d0d0000860d00008b0d0000940d0000a00d0000b70d0000c50d00000a0f00002c0f00003a1000004910000097100000
a6100000051100002d1100005b1100005c1100006611000076110000861100008b1100008d1100009311000005120000
33120000351300007d130000fe1300003a1400003d14000062140000ac140000be140000381500005b1500007f150000
ab150000a21600001517000080170000c2170000d7180000261a0000891a0000891b0000071d0000651d00007e1d0000
b91d0000c11d0000c91d0000d31d0000961e0000031f0000381f0000651f0000691f0000811f0000891f0000921f0000
c21f00002a2000004021000075220000102300002a2300002b2300007c2300000c25000040250000512500008e250000
9a250000ad2500000f2700008f270000a8280000d82a000033300000cb30000026310000fb31000084320000bc320000
cf320000dd330000e53300008835000094350000a8350000653b0000953b0000c93b00000e3d0000b93d0000513e0000
d5010000e40200008e030000c9080000ca0900000b0b0000c90b00002e0c0000ed1a0000f61c00003d1d0000931d0000
d01e0000231f0000ba1f00008723000018250000b025000090320000ab350000d53b0000380d0000d60d00000d0e0000
3a0e000058120000cd120000de1300003a1400004014000069140000f11500006d1d0000d81d0000ae1e00001b1f0000
421f0000971f00002a2300002527000049270000992700006b280000a0280000b82a0000482b0000592b000008320000
cb360000523a0000e73c0000a4000000f80000005c010000d50100004f0200006402000076020000ad030000a8040000
1d0600008d0600009d060000a5060000a70600004407000072070000b6070000ba070000d1070000090800000f080000
11080000c9080000fa0800005c0900002e0c0000ae0c0000e811000012150000ed1a0000f61c00005c1d0000931d0000
8a1e0000d01e0000f71e0000ba1f00008723000018250000b0250000472a00000d300000153000007c300000f2310000
90320000423300004b330000ab3500007404000083040000f10400005a050000cf0600000f0700005a070000a6090000
3f0c00008e100000d710000097120000d6140000d5180000281d0000eb1d00001a1e000071200000e420000000210000
6f2100007322000077220000112500001f250000372500003e250000422500004f2a0000092f0000312f00001c300000
643000008e300000aa300000b2300000c2300000e73000002c31000053310000173200001b3200002332000026320000
27320000893200009a320000b3320000ba320000bf32000041350000f538000060390000693c0000703c00005c3e0000
f43e0000573f0000b23f0000ec3f0000f03f00004a400000770100002b020000b9060000040700002907000095080000
e7080000af0a0000030b0000db0c00007b0d0000d21000002512000060130000d813000012180000f81900000b1b0000
3f1c0000d31c00009e1e0000a01e0000fa1f00001a2000003620000037200000c4210000e2210000092200000a220000
09010000e401000035030000b0050000b2090000800a0000ed0a00002d0b0000720b0000a20b00006d0c0000480d0000
7111000031130000b11300005e140000fa1c0000331f0000431f0000591f0000621f00006f1f00002f22000030220000
bd220000f7220000322300004523000070230000d1000000010100002c01000081010000b1010000c6010000f1010000
9e020000b602000067030000b0050000b9060000040700002907000095080000e7080000b2090000800a0000af0a0000
ed0a0000030b00002d0b0000720b0000a20b0000900c0000e50c0000390d0000430d0000b40d00002f0e0000d2100000
71110000251200003113000060130000b1130000d81300005e140000421800004518000055180000f8190000351b0000
3f1c0000d31c0000fa1c0000501d0000751d00008f1d0000911d0000b01d00009e1e0000a01e0000331f0000431f0000
591f0000621f00006f1f0000d11f00000d2000005420000055200000c4210000e2210000092200000a2200002f220000
302200009d220000473b0000783b0000b63b0000cd3b0000f93b0000b63c0000e13c0000303e0000443e00004d3e0000
d1100000f81000008c150000f1150000f9150000761600001a1700009b170000ce190000aa1e0000ae1e000018200000
e021000099270000a02800009e290000592b0000f73000000332000008320000e2390000063a000045410000a4000000
7a010000760200002003000024030000ad030000d6030000a8040000bb0400008d0600009d060000a5060000a7060000
fb060000330700001108000098080000fa08000012090000160900005c090000ab090000da090000dc090000570a0000
ba0a0000150b00004f0b0000530b00008f10000065160000c1190000261b00007a1c0000e71c0000861e0000891e0000
8a1e0000a51e0000f81f0000c22100000d300000153000004c30000081300000c3300000ee310000f1310000f2310000
00320000a8330000e9380000fa3800001739000019390000fe390000413a0000240000004e00000091000000f6000000
a101000046020000a9020000dc020000dd0200008d0500002b060000810600000408000064090000c7090000c8090000
720c000058150000741c00003c1d0000451d0000541d0000ab1d0000d1000000010100000d0100008101000000020000
150200002402000099020000ed020000f90200004a0300007b040000a0040000b0050000b40500000506000044060000
9c080000e0080000e4080000770900008b090000ce090000d2090000f80a0000850b0000a50b0000ec0b00002c0c0000
710c0000e50c0000600d00006a0d0000db0d0000ea0d000024100000a3110000d11100007c120000d0120000d5120000
3b140000761400004615000049150000aa170000bd170000001b0000f41c0000441d0000491d00006e1d0000a01d0000
a21d0000a41d0000161e00006b1e00006d1e0000c41e0000d71e0000ed1e0000211f0000a21f0000ab1f0000b81f0000
ba2200001f23000077230000ad230000ae23000005250000aa25000036260000542600007b2600007c2600007d320000
dc340000a53500000836000097360000bb3800007d3a00009b3a0000c23a0000c33a0000c23b0000060e000072100000
fe1300003a14000022160000c2170000ea170000371e0000651f0000811f0000921f000052230000b7230000f6240000
a6260000b9260000f22a0000ad2d0000172e0000fc2e0000b52f0000ca3f00001340000055000000be00000037030000
a7030000b7030000150500008e050000a7050000a90500005e0600007c060000ba070000de070000320a0000340a0000
3b0a00006e0a00002f0b0000740b00009d0b0000c90b0000cd0b0000140c00004e0c0000520c0000ac0c0000dc0f0000
391300000a1d0000301d0000e71d0000231f0000251f00003d1f0000711f00008a2200008c220000d722000072230000
93240000a8240000db24000066250000672a0000752c0000dc2c0000012d00002f2d00004b2d0000cd2d0000e02e0000
e62e0000f72e0000522f0000672f00009a2f0000f83400005c35000055360000123b00000f000000310000005a000000
b50000000301000083010000fd01000008020000090200001a0200003002000031020000900200008d0500002b060000
810600000408000064090000c7090000c80900001a180000041b00000d1b0000741c000066010000b9010000e1010000
f101000099020000e6020000400300004a030000900300007b040000a0040000e3050000050600000f06000047060000
76060000cb060000ef06000085080000e408000026090000af090000f80a0000720b00007c0b0000850b0000cb0b0000
ca0c0000870d00008d0d0000a30d0000160e0000e70f00003510000077100000ae100000871100008f110000dd120000
451400001e150000e41a0000491d0000661d00007c1d0000ca1d0000ce1d0000e11d0000161e00005b1e0000621e0000
7b1e0000841e0000e11e0000211f00008a1f00008d1f0000a01f00009d22000010270000142700002a27000076270000
ac270000ad2700005328000066280000e8280000102a0000692a0000f42a00004c2b0000612b0000622b0000912c0000
b12c0000f42c0000562d0000b22d0000c62e0000d52e0000de2e0000ed34000038360000c23b0000b20a0000040b0000
63130000d9130000fb190000d41c0000cd210000ed2100000c2200000e2200000a010000e501000036030000b1050000
6a090000b3090000810a0000ee0a00002e0b0000730b0000a60b00006e0c0000490d00007211000032130000b2130000
60140000fc1c0000341f0000441f00005a1f0000631f0000701f0000372200003b220000be220000f822000033230000
4623000071230000d8000000f2000000b9010000000200008f0200003b0d0000650d0000021b0000891d00008d1d0000
890100006b030000b10500006a090000b3090000810a0000b20a0000ee0a0000040b00002e0b0000730b0000a60b0000
ed0c0000310e0000721100003213000063130000b2130000d913000060140000fb190000371b0000d41c0000fc1c0000
341f0000441f00005a1f0000631f0000701f0000d51f00000f2000005c20000060200000cd210000ed2100000c220000
0e220000372200003b220000a5220000483b00007b3b0000b73b0000ce3b0000fa3b0000b73c0000e23c0000313e0000
453e00004e3e0000fa1500009f170000e8210000a6290000e3390000093a000046410000380d0000b70d000049100000
7f15000015170000b91d0000c91d0000891f00000f270000260000004f00000092000000f8000000a201000048020000
aa020000e4020000e80200008e0500002c06000084060000050800006f090000ca090000cc090000730c000059150000
751c00003d1d0000461d0000551d0000ac1d000089010000fd020000520300007c040000a1040000b105000048060000
9d0800006a0900008e090000d3090000fb0a00008d0b0000a60b0000ed0b00002d0c0000ed0c0000ec0d0000a5110000
d21100007f120000d61200003c14000077140000ab170000be170000f51c0000171e0000c51e0000ee1e0000221f0000
a31f0000ac1f0000b91f0000be2200002123000079230000b5230000b923000008250000ab2500003f2600005f260000
7e2600008026000080320000dd340000a63500000936000098360000bc380000863a0000a63a0000c53a0000c73a0000
c53b00007310000024160000ee170000381e0000f7240000a7260000c1260000fa2a0000ae2d0000182e0000fd2e0000
b62f0000cb3f0000144000004910000055150000151700003c180000891f00005b2300005d000000be0000008e010000
1b02000033020000350200008e0500002c06000084060000050800006f090000ca090000cc0900001d1800000e1b0000
751c0000e5010000520300007c040000a1040000e4050000100600004806000077060000f206000027090000b3090000
fb0a0000730b00008d0b0000a50d0000e80f00003610000078100000b110000090110000df12000022150000e61a0000
171e00005c1e0000631e00007c1e0000851e0000e21e0000221f0000a522000078270000b4270000b827000054280000
67280000e9280000132a0000722a0000ff2a00004d2b0000642b0000662b0000922c0000b22c0000f52c0000572d0000
b32d0000c72e0000d62e0000df2e0000ee34000039360000c53b0000280100000c02000033020000fc050000ca090000
f40a00000b0b0000790b0000c90b00008c0c00006f0d0000231f0000371f0000661f00006d1f00008c1f00009e1f0000
8a220000c9220000f9220000512300005323000064230000dc000000f401000008020000620d00009c1d00009d1d0000
64010000a2010000e40200003c0300008e030000fc050000ca090000f40a00000b0b0000790b0000c90b0000c80c0000
850d0000140e00003d1d0000641d00007a1d0000c81d0000cc1d0000df1d0000231f0000371f0000661f00006d1f0000
8c1f00009e1f00000e270000122700004b3b0000be3b0000d53b0000d53c0000503e0000523e000089010000fd020000
520300007c040000a1040000bd040000b1050000480600009d0800006a0900008e090000d3090000ca0a0000fb0a0000
370b00005f0b00008d0b0000a60b0000ed0b00002d0c0000ed0c0000ec0d0000a5110000d21100007f120000d6120000
7b130000301400003c14000077140000ab170000be170000f51c0000f51d0000171e00002d1e0000c51e0000ee1e0000
221f0000341f0000551f0000731f00007f1f0000831f0000a31f0000ac1f0000b91f0000be2200002123000079230000
b5230000b923000008250000ab2500003f2600005f2600007e260000802600001432000080320000dd3400000e350000
a6350000093600008336000098360000bc380000083900001b39000073390000a83900005b3a0000683a00006f3a0000
713a0000863a0000a63a0000c53a0000c73a0000c53b0000d1000000010100000d010000000200001502000024020000
99020000ed020000b405000005060000e0080000e408000077090000ce090000710c0000600d00006a0d0000db0d0000
24100000d01200004615000049150000001b0000441d0000491d00006e1d0000a01d0000a21d0000a41d00006b1e0000
6d1e0000d71e00000a010000e501000036030000a1040000ae0400001f050000b1050000cc05000010060000c0080000
6a090000b3090000810a0000ee0a0000f30a00002e0b0000730b0000a60b0000360c00005e0c00006e0c0000490d0000
d00f00002910000072110000f511000032130000b213000060140000f5140000ef150000fc1c0000e61d0000281e0000
5c1e0000cc1e00002b1f0000341f0000441f00005a1f0000631f0000701f0000bc1f0000c81f0000cc1f000037220000
3b220000be220000f8220000332300004623000071230000a4240000b5240000cf240000d624000000250000a8250000
7a2c0000b22c0000072d0000272d00003f2d0000792d0000cc2d0000012e0000e52e0000ea2e0000f32e0000f62e0000
632f0000742f00008e2f0000952f000012320000783200000d350000a335000081360000bd3b0000d8000000f2000000
96010000b90100000002000028020000370200008f020000b405000005060000e0080000e408000077090000ce090000
fa0c00003b0d0000650d0000820d000024100000d0120000021b00004d1d0000661d0000861d0000891d00008d1d0000
a51d0000a91d0000aa1d00006b1e00006d1e0000d71e0000890100006b030000b7040000b10500006a090000b3090000
810a0000b20a0000ca0a0000ee0a0000040b00002e0b0000400b0000730b0000a60b0000ed0c0000310e000072110000
32130000631300007b130000b2130000d91300001114000060140000fb190000371b0000d41c0000df1c0000fc1c0000
2b1f0000341f0000441f00005a1f0000631f0000701f0000d51f00000f2000005c2000006020000085200000c9200000
cd210000d2210000ed210000f82100000c2200000e2200002422000028220000372200003b220000a522000073360000
86360000f53600001e3700007f370000ca370000ef370000fc3700000338000005380000483b00007b3b0000b73b0000
ce3b0000fa3b0000b73c0000e23c0000313e0000453e00004e3e0000d1000000010100002c010000b1010000c6010000
f10100009e020000b6020000b9060000040700002907000095080000e7080000900c0000390d0000430d0000b40d0000
d2100000251200004218000045180000551800003f1c0000501d0000751d00008f1d0000911d0000b01d00009e1e0000
a01e0000380d0000b70d000023100000491000004f1000007b1500007f150000f1150000e21600001517000025170000
98190000591a0000841d0000b91d0000c91d0000771e0000891f0000ae1f00009a230000122600000f270000912d0000
d12e000059380000260000004f000000920000009b000000c3000000f800000099010000a201000048020000aa020000
c5020000d1020000d5020000e4020000e8020000ad030000a8040000860500008e05000096050000fc0500002c060000
360600007c06000084060000050800001c0800006c0800006e0800007e080000c5080000ef080000f3080000f5080000
6f0900007a090000ca090000cc090000fa090000fe090000730c0000d10f000059150000301900008c1900001a1b0000
431c0000751c00003d1d0000461d0000551d0000641d0000ac1d0000521e0000551e0000721e0000bc1e0000642c0000
c02c0000402d0000ba2e0000bd2e0000ce2e0000d8340000023600007404000083040000f1040000cf0600000f070000
5a070000a60900003f0c00008e100000d710000097120000d6140000d5180000281d0000eb1d00001a1e000000210000
6f2100007322000077220000112500001f250000372500003e250000422500004f2a0000092f00001c30000064300000
8e300000aa300000b2300000c2300000e73000002c31000053310000173200001b320000233200002632000027320000
893200009a320000b3320000ba320000bf320000770100002b020000b9060000040700002907000095080000e7080000
db0c00007b0d0000d210000025120000121800000b1b00003f1c00009e1e0000a01e0000fa1f00001a20000036200000
37200000d1100000f81000008c150000f1150000761600001a170000ce190000aa1e0000ae1e00001820000099270000
a0280000592b0000f73000000332000008320000a40000007a010000760200002003000024030000ad030000a8040000
8d0600009d060000a5060000a7060000fb060000330700001108000098080000fa08000012090000160900005c090000
ab090000da090000dc0900008f10000065160000c1190000261b00007a1c0000861e0000891e00008a1e0000a51e0000
f81f00000d300000153000004c300000c3300000ee310000f1310000f23100000032000073100000241600004a160000
ee170000381e0000f7240000a7260000c1260000fa2a0000ae2d0000182e0000fd2e0000b62f0000df3d00008b3f0000
cb3f0000d43f00001440000094400000491000005515000015170000801700003c180000261a0000691f0000891f0000
5b2300005d000000be0000008e0100001b02000033020000350200008e0500002c06000084060000050800006f090000
ca090000cc0900004e0a00006e0a0000cf0a0000000b00000b0b00000d0b00001d1800000b1a00000e1b0000751c0000
d91c0000e5010000520300007c040000a1040000ae040000e4050000100600004806000077060000f206000027090000
b3090000ee0a0000fb0a0000370b0000730b00008d0b0000a50d0000e80f00003610000078100000b110000090110000
df120000f71300002215000054170000e61a0000c11c0000171e00005c1e0000631e00007c1e0000851e0000e21e0000
221f00002b1f0000a5220000f62300005224000078270000b4270000b82700005428000067280000e9280000b6290000
e2290000e6290000132a0000722a0000ff2a00004d2b0000642b0000662b0000922c0000b22c0000f52c0000272d0000
572d0000b32d0000c72e0000d62e0000df2e0000a13000003f31000050340000ee3400003936000083360000c53b0000
4c40000086400000a0400000474100004941000061410000060e0000fe1300003a140000c2170000651f0000811f0000
921f000052230000b723000055000000be000000370300008e0500007c060000ba070000340a00006e0a00002f0b0000
740b00009d0b0000c90b0000cd0b0000ac0c0000391300000a1d0000231f0000251f00003d1f0000711f00008a220000
8c220000d7220000722300000f0000003100000003010000fd010000080200000902000090020000041b000066010000
b9010000f101000099020000e6020000400300009003000005060000cb06000085080000e40800007c0b0000cb0b0000
ca0c0000870d00008d0d0000160e00008711000045140000491d0000661d00007c1d0000ca1d0000ce1d0000e11d0000
8a1f00008d1f0000a01f000010270000142700002a2700000a010000e5010000360300007c0400001a0500006e050000
b10500006a090000b30900007c0a0000810a0000ca0a0000ee0a00002e0b0000730b0000a60b0000ed0b0000f20b0000
360c0000590c00006e0c0000490d0000721100002d130000321300007b130000b213000060140000a9140000bc140000
fc1c0000f51d0000511e0000341f0000441f00005a1f0000631f0000701f0000372200003b220000be220000f8220000
332300004623000071230000ac240000002500008525000098250000d42500003f260000a8260000aa260000d1260000
f3260000fd26000001270000e52700006b2f00001232000078320000013500007e3500009235000063360000e5360000
163800005b3a0000863a0000433b0000933b0000d13e00000b3f0000253f0000cc3f0000ce3f0000e63f000015400000
1740000041400000d8000000f20000003f010000b90100000002000015020000280200008f02000005060000cb060000
85080000e40800007c0b0000cb0b0000a30c00003b0d0000650d0000740d00008711000045140000021b0000891d0000
8d1d00008a1f00008d1f0000a01f0000b2220000e32200002c2300005e230000692300006a230000380d0000b70d0000
49100000fe1300003a1400007f150000ab1500001517000080170000c2170000261a0000b91d0000c91d0000d31d0000
651f0000691f0000811f0000891f0000921f00002a2300000f2700000e3d0000b93d0000513e0000260000004f000000
920000009b000000f80000005c010000a201000048020000aa020000e4020000e8020000620300008e03000092030000
8e0500002c0600007c06000084060000ba070000050800006f090000ca090000cc090000340a00004e0a00006e0a0000
cf0a0000000b00000b0b00000d0b00002f0b0000740b00009d0b0000c90b0000cd0b0000730c00003913000059150000
0b1a0000451b0000751c0000d91c00000a1d00003d1d0000461d0000551d0000ac1d0000231f0000251f00003d1f0000
711f0000e1220000143b0000323b0000983b0000ca3b0000d53b0000d73b0000fb3b0000363e00003701000009030000
45040000680400003b050000c8050000f0050000c3060000450700008c0800008c0a0000a60a0000aa0a0000580b0000
630b0000960b0000d90b00008d0c0000ef0c00000a0d0000590d0000060e00000a0e0000520e0000d60e0000eb0e0000
250f0000f70f000002100000721000005f11000080110000b811000045120000ab120000bb1200002b13000035130000
541300007d1300008b130000c5130000fe13000001140000181400003a1400003d14000056140000b31400002a150000
fc15000022160000401700005b1700005f170000b7170000c2170000d4170000ea170000f31d0000051e0000371e0000
3d1e0000381f00004f1f0000651f0000811f0000851f0000921f000022200000bd2000000621000040210000fd210000
0022000004220000ca2200001523000052230000b7230000bb230000f624000090250000c22500003d260000a6260000
b926000051270000a02800008b290000952900009e290000c22a0000f22a00009e2c0000ad2d0000e32d0000172e0000
fc2e00000f2f0000b52f0000d4330000fb33000030340000463400005234000005350000123500008a350000be350000
6f36000091360000e33600004e370000ff3700008c380000593a0000843a0000553b00006f3b0000243c0000293d0000
633e00007b3e0000ca3f000013400000bd010000fb060000d50a0000d60a0000c90b00004e0c0000231f00005b1f0000
c221000047220000632200008a22000034230000932400009d250000e02e0000522f000009350000973500007a360000
9e3b0000a50100000802000030020000c8080000c70900008a1d0000cf1e0000dd1f000030200000d10000000d010000
b1010000b9010000e1010000e8010000f101000099020000400300004a0300007b040000a0040000b0050000b4050000
050600000f060000cb060000ef0600009c080000dc080000e408000026090000af090000b2090000b6090000f80a0000
720b00007c0b0000850b0000ca0c0000e50c0000510d0000db0d0000ea0d0000e70f00007b110000a311000011120000
7c120000d0120000d512000042180000491d0000661d00006e1d0000991d0000ca1d0000ce1d0000161e00005b1e0000
7b1e0000c41e0000d51e0000e11e0000071f0000211f00008a1f00008d1f0000d11f00001e2000002420000054200000
f72000000e21000036210000722100002f22000044220000582200009d22000036230000022600001027000014270000
76270000ac27000053280000e8280000102a00004c2b0000612b0000b12c0000562d0000d52e0000002f0000172f0000
3b320000dc340000ed340000083600003836000048380000c23b00001d0000003b000000c7000000ee00000053010000
ae010000b9010000cb010000e1010000f101000099020000e602000000030000400300004a03000096030000fd030000
73040000980400001e0500007a05000081050000920500000106000007060000470600004b060000c0060000dc060000
b1070000ed0700007c0800001a090000260900007c09000098090000af090000b6090000ba090000720b00007c0b0000
850b00009a0b0000f70b0000860c0000ce0c0000390d0000b80d00004a10000039110000451100007111000098110000
1e1500008015000086150000ee150000b0160000fc1600001617000017170000c81900006a1d0000ba1d0000ce1d0000
c11e0000dd1e0000e11e00008d1f0000d81f00000d2000008e210000932200009d220000ca2500001027000014270000
3527000076270000ac2700005328000057280000e82800002529000060290000102a00004c2b0000602c0000a92c0000
2a300000c6330000e6330000e8340000ed3400002f36000038360000d23700000c3800007838000046150000aa170000
a01d00006b1e0000a21f0000ad2300007b260000c23a00000600000037000000b3000000f40200001003000075050000
7605000030080000650800004b090000cf090000d50900003e1d0000b81e0000d4340000fb3500000101000081010000
f101000099020000e6020000ed020000f902000000030000400300004a030000a00400001e0500004406000047060000
4b060000e40800001a09000026090000770900008b090000ce090000d2090000f80a0000720b00007c0b0000850b0000
710c0000390d0000b80d00004a1000007111000098110000d11100001e150000461500008015000086150000ee150000
b0160000fc1600001617000017170000aa170000c8190000441d0000491d0000a01d0000ba1d0000ce1d00006b1e0000
dd1e0000e11e0000ed1e0000211f00008d1f0000a21f00000d2000009d220000ad2300007b2600001027000014270000
3527000076270000ac2700005328000057280000e82800002529000060290000102a00004c2b0000e6330000e8340000
ed3400002f360000383600009736000078380000bb380000c23a0000c23b0000690d000023100000cc13000069140000
71140000dd140000491e0000421f00006c1f0000971f0000f622000061230000b324000052260000d6260000d9260000
da270000e82e0000722f0000993a00001d3f0000dc3f00003640000066000000bd010000d0030000c80400008d060000
fb060000120900007a09000096090000570a0000590a00005a0a0000d50a0000d60a00004f0b0000ab0b0000200c0000
6f0c00003111000033130000fa1400003b1700003c170000f01d0000351f00005b1f0000c22100004722000063220000
bf22000034230000772500009d250000be33000018340000fd340000093500006d350000973500005d3600007a360000
463700002c3b00009e3b00001b3c00002900000065000000f500000057010000a5010000010200001e020000f1020000
050300008c06000041070000b507000008080000c80800008a1d0000cf1e0000dd1f000030200000d100000001010000
0d01000081010000000200009e020000670300006e030000f0040000b0050000b4050000950800009c080000e7080000
38090000af0a0000030b0000a20b0000a50b0000a90b0000900c0000e50c0000390d0000db0d0000ea0d00000e0e0000
71110000a3110000bb1100007c120000d0120000d512000031130000411400004615000097150000f0160000aa170000
ae170000421800008a1b0000501d00006e1d00008f1d0000d91d00009e1e0000c41e0000e81e0000331f0000591f0000
981f00000d20000054200000092200002f220000ba220000ad230000262700007d270000f12800001b2a0000cc2a0000
502b0000d52b0000fe330000dc340000f4340000083600004a3600003b370000783b0000cd3b0000443e0000ee030000
460400006c0400003c050000f4050000920a0000a70a0000590b0000dd0b0000530e0000d70e0000ec0e0000270f0000
f80f0000731000006011000081110000b9110000ad1200002c1300005813000020140000b5140000fe15000024160000
441700005c170000d6170000ee170000f41d0000061e0000381e00003e1e0000be2000000821000001220000f7240000
91250000c32500003e260000a7260000c12600008c290000a6290000c42a0000fa2a0000a22c0000ae2d0000e42d0000
182e0000fd2e0000112f0000b62f0000d5330000fc33000031340000473400005334000006350000133500008b350000
bf3500007036000092360000e43600004f370000003800008d3800005a3a0000853a00005b3b0000703b0000253c0000
313d0000653e00007c3e0000cb3f000014400000310100008b0100001002000000060000bd0600009108000013090000
6c0900009b0c0000200d0000730d0000e60d000049100000051100005c110000761100008611000093110000fe140000
4d15000055150000a2160000151700002f1800003c180000891f00001120000022200000402100005b2300005a270000
a828000033020000c9080000ca090000d01e0000e01f000031200000e5010000520300007c040000a1040000b1050000
10060000f20600009d080000dd08000027090000b3090000fb0a0000730b00008d0b0000ed0c0000ec0d0000e80f0000
7c110000a51100007f120000d6120000171e00005c1e00007c1e0000c51e0000d61e0000e21e0000221f0000d51f0000
262000005c200000f82000000f2100003721000073210000372200005b220000a52200000326000078270000b4270000
54280000e9280000132a00004d2b0000642b0000b22c0000572d0000d62e0000012f0000182f00003c320000dd340000
ee340000093600003936000049380000c53b00002f0d0000df0d00001b0e0000db0e0000050f0000011000005d100000
fe110000a7120000d3120000d01300004a1400005314000089140000c2140000ec150000fa1e0000411f0000c91f0000
38220000142300003c230000d3240000252500005c260000922f0000a1320000a436000032390000a33a0000d93c0000
3f00000055010000cd010000e5010000520300009a03000000040000740400009b0400001f0500007e05000093050000
0806000048060000dd060000b3070000ef0700007d0800001b090000270900009c090000b3090000bb090000730b0000
8d0b0000fa0b00003a1100004611000072110000991100002215000088150000ef150000b1160000fd16000018170000
c9190000c21e0000de1e0000e21e00000f2000008f210000a5220000cb25000078270000b427000054280000e9280000
2629000063290000132a00004d2b0000612c0000aa2c00002b300000c7330000e7330000e9340000ee34000030360000
39360000d33700000d38000079380000ab170000a31f0000b52300007e260000c53a000089010000fd02000052030000
a10400001f050000480600001b090000270900006a0900008e090000d3090000fb0a0000730b00008d0b000072110000
99110000d21100002215000088150000ef150000b1160000fd16000018170000ab170000c9190000de1e0000e21e0000
ee1e0000221f0000a31f00000f200000a5220000b52300007e26000078270000b427000054280000e928000026290000
63290000132a00004d2b0000e7330000e9340000ee34000030360000393600009836000079380000bc380000c53a0000
c53b000072140000e51400004a1e0000b42400005a260000da260000dc270000e92e0000732f0000a13a00001e3f0000
dd3f0000384000007f0d0000cd12000040140000971f00001b2300006123000066000000580100001f02000008030000
8d06000044070000b607000009080000c9080000d01e0000e01f000031200000890100006b030000f1040000b1050000
9d080000390900006a090000b20a0000040b0000a60b0000ed0c0000ec0d000072110000a5110000bc1100007f120000
d612000032130000f1160000ab1700008b1b0000c51e0000e91e0000341f00005a1f00000f2000005c2000000c220000
37220000be220000b52300007f270000f22800001c2a0000cd2a0000512b0000d82b0000ff330000dd340000f5340000
093600004b3600003c3700007b3b0000ce3b0000453e0000eb000000210100006501000073010000d9010000d2020000
e5020000fa030000080400009d040000a7040000c0050000c80500000c060000b6060000e70600008408000091080000
a4080000a8080000cd080000f4080000a8090000cb090000fb090000d20c0000f60c0000010d00000c0d0000210d0000
8a0d00008b0d0000940d00009e0d0000c70d0000ce0d0000d60d0000d70d0000ef0d0000080f00000a0f000004100000
3a10000097100000a3100000d1100000f81000005b1100006111000085110000861100008b1100008c11000095110000
a8110000e01100002b1200003112000083120000b0120000cd120000ce120000d8120000f4120000fd1200008c150000
f1150000761600001a17000090190000ce190000d2190000611a0000ef1a0000d31b0000411d00006d1d0000711d0000
7b1d00007e1d0000941d0000981d0000b51d0000d31d0000151e0000231e0000541e00006f1e0000901e0000971e0000
aa1e0000ae1e0000c71e0000c81e0000d11e0000dc1e0000031f0000061f0000091f0000921f0000b21f000018200000
1d20000046200000aa210000902300000e2600000f27000099270000a0280000592b0000ae2c0000bc2e0000cb2e0000
36300000cb300000f7300000fc3100000332000008320000d6330000e5330000df340000e13400001036000015360000
6a370000dc37000055380000a2010000aa02000020030000fc0500002c060000ea08000012090000da09000059150000
a1160000751c0000641d0000ac1d0000c01d0000861e0000d91e0000f11e00000e1f0000ee310000e634000022360000
0a0100006b030000b7040000f1040000b1050000a60900007c0a0000810a0000040b0000400b0000a60b00003f0c0000
900d0000361000008e100000891100007b130000e613000060140000bc14000094150000771700008f170000ab170000
8b1b0000031d0000eb1d00002a1e0000011f0000341f0000441f0000771f00007f1f0000c01f000073220000f8220000
80230000112500003725000085250000af250000c23000002c310000173200002332000089320000b3320000e3330000
4a34000001350000103500007e350000aa350000633600008636000059370000433b0000ce3b0000b03d0000d8000000
770100002b0200009e0200008508000095080000e7080000a30c0000650d0000740d0000880d00008411000087110000
6c150000dc160000031b0000501d00007f1d0000a61d0000bd1d00009e1e0000d81e000036200000eb0000006e010000
7301000092010000ab010000ae02000021030000f1030000080400009d040000220500000006000030060000bd060000
c3060000450700008c08000091080000ab080000ae080000c2080000ec080000130900001f0900006c09000073090000
850c0000c90c0000d70c0000010d00001d0d0000210d0000380d00003e0d00004d0d0000860d00008b0d0000b70d0000
c50d0000c80d0000f50d0000dc0e0000060f0000d90f000023100000491000004f100000051100005b1100005c110000
6411000075110000761100007a110000831100008611000093110000961100009c110000dd110000e311000007120000
2c120000451200004e12000016150000381500005b150000771500007b1500007f150000ed150000f1150000a2160000
aa160000c5160000d0160000e0160000e216000015170000251700009419000098190000591a0000651d00007d1d0000
7e1d0000841d0000b91d0000c11d0000c91d0000771e0000ca1e0000e01e0000f21e0000891f0000ae1f000012200000
2a200000b320000040210000a4210000a62100009a230000122600000f2700008f27000099270000a0280000a8280000
3129000035290000482d0000912d0000d12e0000db330000e1330000eb330000e3340000eb340000183600001b360000
2436000034360000c2360000da3700005938000085380000d5010000d1020000e4020000fb060000c9080000d3080000
f3080000ca090000fa09000067190000ed1a00003d1d0000931d0000521e0000d01e0000d31e0000f81f00004d200000
92210000ab210000ba2e0000e43400001e360000380d0000ce0d0000d60d00000d0e00002f120000cd120000f4120000
3a1400004014000091140000671a00006d1d0000d81d0000251e00005f1e0000971f0000b51f00002a2300009f230000
fb2500001526000025270000c32e0000413800005c380000a4000000f80000005c010000d50100004f020000c9020000
20030000a9030000a20400008d060000fb06000044070000b6070000ba070000090800002008000071080000b9080000
c9080000d3080000f1080000120900001e090000ae0c00003d11000012150000c316000067190000ed1a00005c1d0000
931d0000bf1e0000d01e0000d31e0000f81f00004d20000092210000ab210000cb330000db340000e434000006360000
1e360000333600000a010000e5010000360300008e0400001f050000b1050000c00800006a090000b30900007c0a0000
810a0000e60a0000ee0a0000f30a00002e0b0000730b0000a60b0000360c00005e0c00006e0c0000490d0000d00f0000
7211000078110000321300007b130000b213000060140000bc1400002a1a00007b1b0000fc1c0000e61d00001d1e0000
2b1f0000341f0000441f00005a1f0000631f0000701f0000bc1f0000c81f0000a2210000d22100002422000037220000
3b2200006b220000be220000f8220000332300004623000071230000a4240000cf2400000025000085250000a4250000
a82500003f2d0000cc2d0000e52e0000f32e0000632f00008e2f00001232000078320000df3300003f34000001350000
0c3500000d3500007e3500009e350000a3350000633600007f360000813600008e370000433b0000af3b0000bd3b0000
f33d0000d8000000f200000096010000b90100000002000028020000370200008f02000085080000d0080000e0080000
e408000077090000ce090000a30c00003b0d0000650d0000740d000073110000871100009b190000021b00004d1d0000
891d00008d1d0000a51d0000a91d00006b1e0000d21e0000d71e0000e41f000013200000332000004a200000380d0000
b70d0000f50d00004910000045120000db1200003a140000751400007f15000015170000ba170000591a0000b91d0000
c91d0000151e0000931e0000891f0000aa1f0000ae1f00002a2300009a230000be230000122600006726000082260000
0f270000f731000059380000ae3a0000c93a0000260000004f000000920000009b000000c3000000f80000005c010000
a201000048020000aa020000c5020000d1020000e4020000e802000018030000ab030000a5040000860500008e050000
fc0500002c0600007c06000084060000ba070000050800001c080000380800006a0800006c0800006e080000ea080000
ef0800004f0900006f0900009f090000ca090000cc090000d8090000fa090000060a0000730c00003211000059150000
a116000083190000751c00003d1d0000461d0000551d0000641d0000ac1d0000c01d0000bb1e0000bc1e0000d91e0000
f11e00000e1f0000bf330000d7340000d8340000e634000000360000023600002236000065370000090d0000580d0000
050e0000db0e00006e0f0000ca0f000001100000ba120000851300008a130000a4130000c4130000fd13000039140000
53140000891400008e140000ca140000e7140000b41700000c1e00004d1e00004e1f0000801f000014230000b6230000
cb2400001e250000f22500005c260000ca260000e6260000d32700008a2f00001a32000099320000fd36000038380000
653a0000a33a0000973c0000213f0000693f0000e13f00002f400000bd000000fd02000036030000d10300000a040000
c50400003d0500007e050000c4050000e105000048060000ad070000b5080000b30900004b0a0000600a00006d0a0000
ee0a0000f30a00002e0b0000370b00005a0b00005f0b0000730b00008d0b0000910b00001c0c0000ab0c0000f10c0000
080e0000700e00003c11000056110000ba110000381300007f130000001400003c1400000316000054170000be170000
db170000f3190000fc1c0000f11d00003f1e0000221f00002b1f00003c1f0000701f0000831f0000bc1f0000d51f0000
85200000cd210000d221000089220000d622000071230000b92300007b250000a8250000c42500003227000054280000
8d29000092290000e2290000d12a00008f2c0000ca330000fd330000193400002d34000054340000fe3400000d350000
1435000071350000a3350000c03500005e36000081360000933600007d370000ef3700008e380000243b0000b73b0000
bd3b0000033c0000263c00007d3e00001700000061000000e4000000fa000000520100005e010000b1010000c6010000
fa010000fb0100001d0200008f020000ba020000ed02000088060000040700002d070000b0070000bc07000007080000
e008000014090000af0d00009411000003150000491500004e150000a316000031180000021b00004d1d0000a51d0000
d71e00001727000068270000b6280000eb00000021010000650100006e01000092010000ab010000e50200005b030000
8f03000008040000f4040000c805000000060000b6060000bd060000840800008c080000a8080000c20800003d090000
6c090000730900009c0a0000cc0a0000ff0a0000960b0000b20b0000ca0b0000850c0000c90c0000d20c0000260d0000
380d00003e0d00004d0d0000860d00008a0d0000b70d0000c70d0000d60d0000d70d0000150e00003a0e00003b0e0000
0a0f00002c0f0000d90f0000261000002b10000049100000bb100000c510000067110000761100008311000085110000
95110000a7110000bd110000cf110000e01100002b120000351300007d130000fe1300003a140000441400005a140000
691400006a140000a3140000351500007f150000ab1500001517000080170000c2170000d7180000ae190000261a0000
591a0000891b0000651d00007b1d00007d1d0000851d0000b91d0000c91d0000d31d0000e01d0000c81e0000ce1e0000
eb1e0000381f0000651f0000691f0000811f0000891f0000921f00009f1f00001d20000065200000b821000039220000
40220000ae220000fd2200002a2300004a2300009a230000eb2500000f270000212700007b270000f0280000172a0000
c72a0000d32a0000182b00004f2b0000aa2b0000482d00007b2d0000e13000000134000013340000e1340000f7340000
153600004f36000073370000e637000030380000653b0000953b0000c93b00000e3d0000b93d0000513e00005a1f0000
3722000033230000a8260000fd260000cc3f000015400000891d00008a1f0000692300000b0000006d00000003020000
20020000940600000a080000a2010000e40200003c0300008e03000028090000ca0900000b0b0000740b0000790b0000
c90b00003d1d0000cc1d0000e31e0000231f00008c1f0000e12200001227000086270000ea280000232a0000522b0000
ef3400003a360000d53b0000fd020000360300007c0400003d050000480600006a090000ca0a0000f30a00002e0b0000
5a0b00005f0b0000730b0000a60b0000ed0b0000360c00006e0c0000080e0000ba1100002d1300003213000000140000
3c1400000316000054170000be170000db170000fc1c0000f51d00003f1e00002b1f0000341f00005a1f0000701f0000
831f0000bc1f000037220000be2200003323000071230000b923000000250000a8250000c42500003f260000a8260000
fd26000032270000542800008d29000092290000e2290000d12a00001232000078320000fd330000543400000d350000
14350000a3350000c03500008136000093360000e53600008e3800005b3a0000863a0000933b0000bd3b0000263c0000
7d3e0000cc3f000015400000f20000003f0100000002000015020000280200008f020000ed02000005060000cb060000
e0080000e408000014090000af0d00009411000003150000491500004e150000a316000031180000021b00004d1d0000
891d0000a51d0000d71e00008a1f0000692300001727000068270000b6280000500d0000d60d00003a0e000010120000
cd120000de13000069140000c3140000f1150000591a00006d1d0000981d0000c91d0000061f0000421f0000891f0000
ae1f0000ca1f00001d200000392200004a2300009a230000d824000033250000122600000f270000972f0000af320000
59380000e73c0000260000004f000000920000009b000000c3000000a2010000b5010000d201000048020000c5020000
e40200003c0300008e030000ad030000a8040000860500008e0500009605000003060000090600007c06000084060000
c6060000e1060000f4070000050800001c0800006c0800006e0800007e080000ef08000028090000740b0000790b0000
b10b0000c90b00000a0c0000cc0c000047110000551d0000681d0000cc1d0000bc1e0000c31e0000e31e00008c1f0000
8f220000e1220000cc2500001227000086270000ea280000232a0000522b0000642c0000ab2c00002f300000d8340000
ef340000023600003a3600000e380000d30e0000e40e0000490f0000ac0f0000bf100000e010000018110000b4120000
cf1400001016000036160000e2170000021e00003b1e00008a2000000c2100002b2500005d250000df2a0000152f0000
382f0000d930000010310000453100005b31000067310000203200002d320000a7320000db3200007d390000693d0000
713d0000db3d0000403f0000773f0000924000009f030000b0030000c0030000020400001d0400007c04000092040000
ed0400001a0500003205000046050000a1050000ed050000b00600004d0700005a070000d7070000c3090000360c0000
3a0c0000620e000099100000b310000019110000c1150000151600004516000005170000e7170000281d0000ec1d0000
3c1e00007a200000282100000025000015250000422500005e250000ba2800007b2900004f2a0000eb2a00006f2c0000
9b2c0000fa2c00001a2d0000563000006430000089300000b2300000be300000ce300000113100002d31000041310000
683100001232000018320000273200002e320000313200005a320000783200008d320000bf320000dc320000e3320000
053300008d33000011390000d0390000f13a0000353c0000563c0000673c00006c3c00008c3c0000de3d0000d83e0000
dc3e0000863f0000b23f00004a400000954000009d000000700100007c010000dc010000280200002902000095060000
29070000480700008e0800009a080000d0080000e4080000e50800003d0a00008e0a0000bc0a0000e50a0000f80a0000
f90a0000f31000001915000052150000de1600004b1700007d1700001218000038180000f8190000201a00000b1b0000
3f1c0000d31c0000a2270000a3280000c729000073010000d9010000fa03000008040000520400009d040000a7040000
aa0400000c060000c3060000e4060000e7060000f6060000450700007307000091080000cd080000a8090000a30a0000
da0a0000d70c0000540d0000a00d0000f50d00004a0e0000080f00000a0f00000f0f0000ef0f00002f10000097100000
a3100000a6100000c6100000c8100000d1100000e2100000f8100000061100001c1100002e1100008d11000014120000
331200004512000054130000be130000e813000018140000d3140000161500003c1500008c150000f1150000f9150000
761600001a170000401700006d1700009b170000ce190000e11a0000b21c0000151e0000231e0000901e0000961e0000
9c1e0000aa1e0000ae1e0000b71e0000182000002a2000004021000057210000e0210000fd210000cc2300001a240000
362400004224000021250000992700009a270000a0280000b22800009e2900009f290000512a0000e12a0000ed2a0000
2e2b0000592b00005a2b0000ae2c0000232d00005e2d00007f2d0000db2d0000062e000033300000363000007d300000
91300000cb300000e4300000f730000015310000273100002f3100004a310000fb310000033200000832000011320000
523200009c3200004b340000f7380000e2390000063a00004c3f0000844000009e400000e5400000454100005f410000
76410000732200003725000023320000b3320000ec3f00009e1e00003620000009220000a70000002c0200007d060000
e80800005d0a0000060b000020030000fb0600005b07000012090000da0900004f0b0000861e0000af1e0000f81f0000
c2210000a5270000a1280000d22900005b2a00005d2b000065300000ee31000009320000173900004b40000048410000
f10400001a050000320500005a0500004d0700005a070000a60900003f0c00008e10000019110000c115000015160000
4516000005170000e7170000281d0000eb1d00003c1e0000732200001125000037250000422500005e250000ba280000
7b2900004f2a0000eb2a00005630000064300000b2300000be300000c2300000113100002c3100006831000017320000
23320000273200002e32000089320000b3320000bf320000dc320000e332000005330000f5380000d0390000f13a0000
703c00008c3c0000de3d0000f43e0000863f0000b23f0000ec3f00004a40000095400000770100002b02000029070000
4807000095080000e7080000af0a0000030b0000f31000001915000052150000de1600004b1700007d17000012180000
38180000f8190000201a00000b1b00003f1c0000d31c00009e1e00003620000009220000a2270000a3280000c7290000
f50d0000db10000045120000db12000018140000151e0000931e0000a41e0000ae1e00002a200000c120000011210000
3c21000040210000fd21000099270000a02800009e290000592b00001a2f0000432f0000eb300000f731000008320000
5e320000a039000045410000a4000000de0100007602000020030000ab030000b5030000a5040000ad040000a3050000
0d0600008d060000a5060000a7060000b1060000eb060000fb0600005b07000011080000d2080000fa08000012090000
570a0000e90a0000150b00004f0b0000420c0000a41000008a1e0000911e0000af1e0000f81f0000c221000001250000
a5270000a1280000d22900005b2a00005d2b0000712c0000af2c0000ff2c0000262d0000153000003a30000065300000
813000009c300000f23100000932000079320000a8330000fa3e00004b40000048410000bc000000fc02000035030000
7a050000c205000047060000ab070000af0900006c0a00002d0b00005e0b0000720b0000850b0000860b0000aa0c0000
f00c0000070e0000371300007e130000ff1300003b140000bc170000fa1c0000211f00003b1f00006f1f0000821f0000
d41f0000d121000088220000d522000070230000b8230000312700005328000091290000591f00002f22000032230000
3600000075050000330a0000b90b0000241f00008b2200000a00000002020000a1010000dc0200003b030000c7090000
780b00003c1d0000cb1d00008b1f000011270000fc02000035030000470600002d0b00005e0b0000720b0000a20b0000
6d0c0000070e000031130000ff1300003b140000bc170000fa1c0000331f0000591f00006f1f0000821f00002f220000
bd2200003223000070230000b82300003127000053280000912900002400000091000000c2000000a1010000b3010000
46020000dc0200003b030000850500000206000081060000c506000004080000780b0000ae0b0000cb0c0000541d0000
671d0000cb1d00008b1f00008e22000011270000190100002901000034020000ed0300005d0400006804000018050000
6c050000c0050000c8050000f0050000b60600008c08000082090000cb0900007a0a0000840a00008c0a0000b60a0000
0c0b0000960b0000d90b0000570c00008d0c0000ef0c0000130d0000700d0000800d0000060e0000520e0000d50e0000
6f0f0000cb0f0000f70f000072100000b81000008311000070120000ce120000f4120000071300002b13000035130000
3d1300007d130000861300008c1300009b130000cd130000df130000fe1300003a1400004f1400006314000083140000
a7140000ad140000e814000022160000c2170000ea17000026180000141a0000f31d00000d1e0000371e00004f1e0000
061f0000381f0000451f0000531f0000651f00006e1f0000811f0000921f0000931f00002e200000ae200000ed200000
102200004f220000ca220000fa2200001c2300005223000065230000b723000098240000c5240000f624000083250000
892500003d2600005d2600006f260000a6260000b9260000ba260000f1260000c9270000862a0000f22a00009e2c0000
ad2d0000e32d0000172e0000fc2e0000572f0000842f0000b52f0000ff3400007c3500008335000061360000e3360000
fe360000b33800000439000040390000593a0000663a0000843a0000a43a0000b63a0000413b0000553b0000983c0000
093f0000233f00006a3f0000ca3f0000e43f0000fb3f00001340000025400000c74000000c020000fc050000f40a0000
c90b0000d40b00004e0c0000231f0000661f00009e1f00008a220000532300009324000034260000a9260000ed260000
e02e0000522f00007b3a0000d03e0000cd3f000016400000f40100000802000030020000c7090000780b00009d1d0000
8b1f0000c622000063230000d10000002c010000b9010000e1010000000200002402000037020000990200004a030000
a00400001e050000b0050000050600000f060000b9060000cb060000ef060000e0080000e4080000af090000ce090000
800a0000f80a0000850b0000a50b00002c0c00005d0c0000ca0c0000e50c0000780d0000b40d00002f0e0000e70f0000
221200002512000060130000d81300005e140000c414000046150000ee150000aa170000001b0000f41c0000491d0000
661d0000751d00008d1d0000a41d0000aa1d0000ca1d00005b1e00006d1e00007b1e0000d71e0000211f0000431f0000
8a1f00009b1f0000b81f0000cb1f00003a220000ba220000442300005523000077230000ad230000a3240000d5240000
052500002d250000aa250000ac260000e226000010270000ac27000053280000612b0000b12c0000562d0000d52e0000
622f0000942f00007d320000a9320000a5350000473b0000c23b0000e13c0000194000001d0000003b0000006e000000
e7000000fb0000001b0100004d010000b9010000e1010000f1010000990200009a020000b6020000e60200000c030000
4a0300004b0300007a050000c205000047060000950600002907000048070000ab0700008e0800009a080000d0080000
e4080000e5080000af0900003d0a00006c0a00008e0a0000bc0a0000e50a0000f80a0000f90a00002d0b00005e0b0000
720b0000850b0000860b0000920c0000a40c0000600d0000bf0d0000f3100000371300007e130000ff1300003b140000
1e15000070150000a5150000de1600004b1700007d170000bc17000055180000f8190000201a0000351b00003f1c0000
d31c0000fa1c0000491d0000521d0000b01d0000be1d0000211f00003b1f00006f1f0000821f0000e41f0000d1210000
9d2200001f2300001027000054270000ac27000053280000a328000091290000c72900001a3b0000573b0000853b0000
ae3b0000c23b0000c33b0000f93b00002a3c00000f3d0000b63d0000303e0000813e0000421800008f1d00009e1e0000
591f000054200000092200002f220000443e00000600000056000000b3000000a50200007e030000750500007d060000
e8080000330a00005d0a0000060b0000b90b00004a1d0000241f0000133b0000d03b00000101000081010000f1010000
9e020000b6020000e60200000c0300006703000047060000290700004807000095080000e7080000af0a0000030b0000
2d0b00005e0b0000720b0000a20b0000900c0000600d0000bf0d0000f310000031130000ff1300003b1400001e150000
70150000a5150000de1600004b1700007d170000bc1700004218000055180000f8190000201a0000351b00003f1c0000
d31c0000fa1c0000501d00008f1d0000b01d0000be1d00009e1e0000331f0000591f00006f1f0000821f000054200000
092200002f2200009d2200001f2300001027000054270000ac27000053280000a328000091290000c7290000783b0000
cd3b0000f93b00002a3c00000f3d0000b63d0000303e0000443e0000813e0000420d0000d1100000ac130000b0130000
69140000dd1400001f1e0000421f0000611f0000651f0000921f0000ae200000e0210000402200004c220000f6220000
4223000052230000b324000072260000a6260000b9260000e82e0000722f00000b3700006b3a0000b93a0000b13c0000
ca3f00001340000047000000550000000c020000a7030000da0300007704000086050000fc0500007c06000098080000
4509000047090000fa090000120a0000320a0000340a00003b0a0000610a0000ba0a0000f40a00009d0b0000c10b0000
d40b0000e80b0000140c00008e0c00002e13000036130000f6170000f4190000f61d0000251f0000391f0000661f0000
9e1f00008c220000cb22000053230000662500003426000040260000a9260000ed260000ed290000f83400005c350000
55360000e6360000ab380000cb380000ed3800005c3a00007b3a0000873a0000123b0000833b0000d03e0000cd3f0000
16400000754000000f0000002d000000460000005a000000fc00000039010000f4010000fd0100000502000012020000
1a020000a202000073030000850500000206000081060000c506000004080000780b0000ae0b00009d1d00008b1f0000
c622000063230000d1000000010100002c01000081010000b1010000f101000099020000ed020000f902000040030000
4a0300007a030000a00400001e050000b005000044060000b9060000e408000026090000770900008b090000b2090000
ce090000d2090000210a0000800a0000f80a0000720b00007c0b0000850b0000b50b0000710c0000e50c0000600d0000
b40d0000120e00002f0e0000d1110000251200005912000060130000d81300003b140000431400005e14000046150000
ee150000aa170000421800008c1800005c1a0000441d0000491d0000751d0000a01d0000ce1d0000dd1d00006b1e0000
e11e0000ed1e00001c1f0000211f0000431f00008d1f00009c1f0000a21f0000d11f0000542000002f2200009d220000
1f230000ad2300007b2600001427000028270000432700007627000065280000e8280000fd290000102a0000b22a0000
452b00004c2b0000062c00003c2c0000ed3400003836000097360000cc360000bb380000da380000533a0000c23a0000
473b0000c23b0000e13c000094410000b00f00003a1600008e2000003c2f0000833900006a3d0000723d0000dc3d0000
443f00007b3f00009340000097130000d61300007b170000181a0000ea210000460a0000960a0000c00a0000e60a0000
fb0a0000fd0a00004c1700007e170000fb190000211a0000d41c0000ca29000059040000ab040000a70a0000de0a0000
4b0e0000100f000058130000c0130000ea13000020140000fa150000441700006f1700009f170000b41c0000e8210000
01220000d32300001d2400003724000045240000a6290000aa290000242d0000dc2d0000072e00009330000031310000
4b3100004c34000000390000e3390000093a00004f3f0000854000009f400000e6400000464100006041000077410000
0c220000b20a0000040b00004c1700007e170000fb190000211a0000d41c00000c220000ca29000020140000c2200000
01220000a6290000442f000061320000a339000046410000090d0000580d0000050e000001100000ba1200008a130000
c4130000fd1300003914000053140000b41700004e1f0000801f000014230000b6230000bd000000fd02000036030000
7e050000c405000048060000ad070000b30900006d0a00002e0b00005f0b0000730b00008d0b0000910b0000ab0c0000
f10c0000080e0000381300007f130000001400003c140000be170000fc1c0000221f00003c1f0000701f0000831f0000
d51f0000d221000089220000d622000071230000b923000032270000542800009229000017000000e4000000fa000000
b1010000fa010000fb0100008f020000ed020000af0d000049150000021b000017270000eb0000006501000092010000
ab010000e50200008f03000000060000bd060000840800006c09000073090000ca0b0000850c0000c90c0000260d0000
380d00003e0d0000860d00008a0d0000b70d0000d60d0000d70d0000150e00003b0e00002610000049100000bb100000
85110000441400005a1400006a1400007f15000015170000651d00007b1d0000851d0000b91d0000c91d0000e01d0000
891f00009f1f00001d2000006520000040220000fd2200000f270000212700005a1f00003722000033230000891d0000
0b00000003020000a2010000e40200003c030000ca090000790b00003d1d0000cc1d00008c1f000012270000fd020000
36030000480600006a0900002e0b00005f0b0000730b0000a60b00006e0c0000080e000032130000001400003c140000
be170000fc1c0000341f00005a1f0000701f0000831f000037220000be2200003323000071230000b923000032270000
5428000092290000f2000000000200008f020000ed020000af0d000049150000021b0000891d000017270000500d0000
d60d000010120000cd1200006d1d0000981d0000c91d0000061f0000891f00001d2000000f2700002600000092000000
c3000000a2010000b501000048020000e40200003c030000860500000306000084060000c606000005080000790b0000
b10b0000cc0c0000551d0000681d0000cc1d00008c1f00008f22000012270000ee0300005e0400006c04000019050000
6d050000f4050000830900007b0a0000920a0000dd0b0000580c0000530e0000d70e0000700f0000cc0f0000f80f0000
73100000741200000f1300002c13000043130000871300009d13000085140000a8140000af140000e914000024160000
ee170000f41d00000e1e0000381e0000501e0000b0200000ee200000502200009c240000c7240000f724000084250000
8b2500003e2600005e26000073260000a7260000c1260000c5260000f2260000cf270000872a0000fa2a0000a22c0000
ae2d0000e42d0000182e0000fd2e00005b2f0000862f0000b62f0000003500007d3500008535000062360000e4360000
ff360000b438000005390000483900005a3a0000673a0000853a0000a53a0000ba3a0000423b00005b3b0000993c0000
0a3f0000243f00006b3f0000cb3f0000e53f0000fc3f0000144000002b400000ca400000310100008b01000010020000
00060000bd060000840800006c09000073090000ca0b00007d0c0000950c0000170d00006c0d0000720d00002b0e0000
2610000049100000bb10000085110000441400005a1400006a14000055150000151700003c180000891f00009f1f0000
40220000a72200000d23000023230000422300005b2300005c23000033020000ca090000790b00008c1f0000c9220000
64230000e501000052030000a10400001f050000b105000010060000f2060000b3090000810a0000fb0a00008d0b0000
a60b00002d0c00005e0c0000ed0c0000310e0000e80f000063130000d913000060140000c5140000ef150000ab170000
f51c00005c1e00007c1e0000221f0000441f0000b91f0000cc1f00003b220000be2200004623000079230000b5230000
a4240000d6240000082500002e250000ab250000ad260000e5260000b427000054280000642b0000b22c0000572d0000
d62e0000632f0000952f000080320000aa320000a6350000483b0000c53b0000e23c00001a4000002f0d0000240e0000
01100000ba1200008a13000097130000c4130000d6130000fd13000039140000531400009d1500007b170000b4170000
181a00004e1f0000801f000002200000ea2100000b2300009d3c0000c93c0000df3c00000d3d0000b43d00003f000000
1d0100004f010000e501000052030000560300007e050000c405000048060000ad070000b3090000460a00006d0a0000
960a0000c00a0000e60a0000fb0a0000fd0a00002e0b00005f0b0000730b00008d0b0000910b0000381300007f130000
001400003c14000022150000a71500004c1700007e170000be170000fb190000211a0000371b0000d41c0000fc1c0000
221f00003c1f0000701f0000831f0000d2210000a522000021230000b42700005428000092290000ca2900001f3b0000
5f3b0000893b0000af3b0000c53b0000c73b0000fa3b00002b3c0000103d0000b73d0000313e0000823e00005a1f0000
5c2000000c22000037220000453e0000890100006b030000480600006a090000b20a0000040b00002e0b00005f0b0000
730b0000a60b000032130000001400003c14000022150000a71500004c1700007e170000be170000fb190000211a0000
371b0000d41c0000fc1c0000341f00005a1f0000701f0000831f00005c2000000c22000037220000a522000021230000
b42700005428000092290000ca2900007b3b0000ce3b0000fa3b00002b3c0000103d0000b73d0000313e0000453e0000
823e0000ad130000e5140000201e0000b0200000e821000050220000b424000073260000a7260000c1260000e92e0000
732f00000c3700006c3a0000ba3a0000b23c0000cb3f0000144000007f0d000010120000cd120000061f0000891f0000
092000002e2000005b230000470000005d0000003a010000130200001b02000076030000860500000306000084060000
c606000005080000790b0000b10b00008c1f0000c92200006423000089010000fd02000052030000a10400001f050000
b105000048060000270900006a0900008e090000b3090000d3090000220a0000810a0000fb0a0000730b00008d0b0000
ed0c0000310e0000d21100005a12000063130000d91300003c14000060140000ef150000ab170000e21e0000ee1e0000
1d1f0000221f0000441f0000a31f0000d51f00005c20000037220000a522000021230000b52300007e26000045270000
7827000067280000e9280000fe290000132a0000b32a0000462b00004d2b0000072c00003f2c0000ee34000039360000
98360000cd360000bc380000db380000543a0000c53a0000483b0000c53b0000e23c000095410000ee03000022040000
5e0400006c04000019050000500500006d050000f4050000830900007b0a0000920a0000dd0b0000580c0000530e0000
8f0e0000d70e0000700f0000c40f0000cc0f0000f80f000073100000741200000f1300002c1300004313000087130000
9d13000085140000a8140000af140000e9140000241600004a160000ee170000e41d0000f41d0000ff1d00000e1e0000
201e0000381e0000461e0000501e0000b0200000ee200000502200009c240000c7240000f7240000842500008b250000
3e2600005e26000073260000a7260000c1260000c5260000f2260000cf270000872a0000fa2a0000a22c00001f2d0000
ae2d0000e42d0000182e0000e32e0000f22e0000fd2e00005b2f0000862f0000b62f000000350000033500007d350000
853500006236000069360000e4360000eb360000ff36000008370000b4380000053900004839000070390000bb390000
5a3a0000673a00006c3a0000853a0000a53a0000ba3a0000423b00005b3b0000523c00005d3c00006e3c0000723c0000
993c0000763d0000793d0000df3d00005b3e00005f3e0000e83e00000a3f0000243f00003c3f00005f3f00006b3f0000
8b3f0000cb3f0000d43f0000d83f0000e53f0000fc3f0000144000002b40000094400000ca400000310100008b010000
1002000000060000bd060000840800006c090000730900009c0a0000cc0a0000ff0a0000ca0b00007d0c0000950c0000
170d00006c0d0000720d00002b0e00002610000049100000bb100000851100004d13000067130000a0130000d3130000
db1300000e140000441400005a1400006a1400005515000015170000801700003c180000261a00002d1f00004b1f0000
571f0000611f0000691f00006a1f0000891f00009f1f000040220000a72200000d23000023230000422300005b230000
5c23000033020000ca0900000b0b0000790b0000371f00006d1f00008c1f0000c922000064230000e501000052030000
a1040000ae0400001f050000b105000010060000f2060000b3090000810a0000ee0a0000fb0a0000370b00008d0b0000
a60b00002d0c00005e0c0000ed0c0000310e0000e80f0000631300007b130000d91300001114000060140000c5140000
ef150000ab170000f51c0000e61d0000281e00005c1e00007c1e0000221f0000341f0000441f0000631f0000731f0000
7f1f0000b91f0000cc1f00003b220000be2200004623000079230000b5230000a4240000d6240000082500002e250000
ab250000ad260000e5260000b427000054280000e2290000642b0000b22c0000272d0000572d0000d62e0000e52e0000
f62e0000632f0000952f0000a1300000143200002132000080320000aa3200000e350000a635000083360000f5360000
1e370000483b0000c53b0000e23c0000e03f00001a40000047410000190100002901000034020000c0050000c8050000
b60600008c080000cb090000840a0000b60a00000c0b0000960b00008d0c0000ef0c0000130d0000700d0000800d0000
060e0000b810000083110000ce120000f4120000351300007d1300008c130000cd130000df130000fe1300003a140000
4f14000063140000c217000026180000141a0000061f0000381f0000451f0000531f0000651f00006e1f0000811f0000
921f0000931f00002e20000010220000ca220000fa2200001c2300005223000065230000b72300000c020000fc050000
f40a0000c90b0000231f0000661f00009e1f00008a22000053230000f4010000080200009d1d0000d10000002c010000
b90100000002000024020000370200009902000005060000b9060000cb060000e0080000e4080000ce090000ca0c0000
780d0000b40d0000221200002512000046150000001b0000491d0000661d0000751d00008d1d0000a41d0000aa1d0000
ca1d00006d1e0000d71e00008a1f00009b1f00005523000010270000eb00000021010000650100006e01000092010000
ab010000e50200005b0300008f030000c0050000c805000000060000b6060000bd060000840800008c0800006c090000
73090000cb090000840a00009c0a0000b60a0000cc0a0000ff0a00000c0b0000960b0000ca0b0000850c0000c90c0000
d20c0000f60c0000260d00002a0d0000380d00003e0d0000860d00008a0d0000b70d0000ce0d0000d60d0000d70d0000
150e0000200e0000340e00003b0e00002610000049100000b8100000bb1000008311000085110000ce120000f4120000
351300004d130000671300007d1300008c130000a0130000cd130000d3130000db130000df130000fe1300000e140000
3a140000441400004f1400005a140000631400006a1400007f150000ab1500001517000080170000c2170000141a0000
261a0000411d0000651d0000711d00007b1d00007d1d0000851d0000981d0000b91d0000c91d0000d31d0000d41d0000
e01d0000061f00002d1f0000381f0000451f00004b1f0000531f0000571f0000611f0000651f0000691f00006a1f0000
6e1f0000811f0000891f0000921f0000931f00009f1f00001d200000652000001022000040220000fd2200002a230000
0f270000212700004c3b0000653b00007f3b0000953b0000c93b0000d63b0000a13c0000d63c0000dc3c0000e43c0000
e83c00000e3d00001f3d0000b93d00004c3e0000513e0000543e0000a2010000e40200003c0300008e030000fc050000
ca090000f40a00000b0b0000790b0000c90b00003d1d0000641d0000cc1d0000df1d0000231f0000371f0000661f0000
6d1f00008c1f00009e1f000012270000be3b0000d53b0000523e0000fd020000360300007c040000a1040000bd040000
48060000cf0600006a090000d3090000ca0a0000f30a00002e0b00005f0b0000730b0000a60b0000ed0b0000360c0000
6e0c0000080e0000971200002d13000032130000ca130000001400003c140000d6140000be170000fc1c0000f51d0000
171e00002d1e0000ee1e0000191f00002b1f0000341f0000551f00005a1f0000701f0000831f0000ac1f0000bc1f0000
37220000be2200003323000071230000b9230000002500001f250000a82500003f26000080260000a8260000fd260000
3227000054280000922900003f2b00001c3000008e300000123200001b320000783200009a3200000d350000a3350000
81360000e536000018370000bc3800001b390000503a00005b3a0000713a0000863a0000c73a0000933b0000bd3b0000
d23c0000cc3f0000154000005b410000f20000003f0100000002000015020000280200008f020000ed02000005060000
b9060000cb060000e0080000e4080000ce090000db0c00007b0d0000af0d0000221200002512000049150000021b0000
441d00004d1d0000781d0000891d0000a21d0000a51d0000dc1d00006d1e0000d71e00008a1f00009b1f000069230000
172700002f0d0000240e0000190f000001100000ba1200008a13000097130000a4130000c4130000d6130000fd130000
0a14000039140000531400009d150000f61500007b17000093170000b4170000181a0000491f00004e1f0000801f0000
02200000a8200000ea210000f12100000b230000053700001d3700005b37000088370000f93700009d3c0000c93c0000
df3c00000d3d0000b43d00003f0000001d0100004f010000e50100005203000056030000cd0300004d0400008e040000
b60400007e050000c405000048060000ad070000b3090000460a00004b0a00006d0a0000960a00009f0a0000c00a0000
c20a0000e60a0000ee0a0000fb0a0000fd0a00002e0b0000370b00003b0b00005f0b0000730b00008d0b0000910b0000
381300007f130000001400003c14000022150000a7150000bd150000f71500004c170000541700007e17000098170000
be170000fb190000211a0000371b0000d41c0000df1c0000fc1c0000221f00002b1f00003c1f0000551f0000701f0000
831f0000d2210000a522000021230000b42700005428000092290000ca290000e22900005a3600006d36000079360000
7f36000083360000853600004b3700005c3700007f3700008c370000ca370000a23800001f3b00005f3b0000893b0000
af3b0000c53b0000c73b0000fa3b00002b3c0000103d0000b73d0000313e0000823e00005a1f00005c2000000c220000
242200003722000003380000453e0000890100006b030000b7040000480600006a090000b20a0000ca0a0000040b0000
2e0b0000400b00005f0b0000730b0000a60b000032130000001400003c14000022150000a7150000bd150000f7150000
4c170000541700007e17000098170000be170000fb190000211a0000371b0000d41c0000df1c0000fc1c00002b1f0000
341f0000551f00005a1f0000701f0000831f00005c2000000c2200002422000037220000a522000021230000b4270000
5428000092290000ca290000e229000073360000863600004b3700005c3700007f3700008c370000ca37000003380000
a23800007b3b0000ce3b0000fa3b00002b3c0000103d0000b73d0000313e0000453e0000823e00001d0000006e000000
e7000000fb000000b9010000f1010000990200009a020000b6020000e60200000c030000950600002907000048070000
8e0800009a080000d0080000e4080000e5080000920c0000a40c0000600d0000bf0d0000f310000070150000de160000
551800003f1c0000491d0000521d0000b01d0000be1d0000e41f00001027000054270000a3280000421800008f1d0000
9e1e00000600000056000000a50200007d060000e80800004a1d000001010000f10100009e020000b6020000e6020000
0c030000290700004807000095080000e7080000900c0000600d0000bf0d0000f310000070150000de16000042180000
551800003f1c0000501d00008f1d0000b01d0000be1d00009e1e00001027000054270000a3280000eb00000065010000
6e01000092010000ab010000ae020000e50200008f030000fa030000080400009d040000a70400000006000030060000
b6060000bd060000840800008c080000a8080000ab080000c2080000ec0800006c0900007309000092090000b20b0000
ca0b00000b0c0000850c0000c90c0000d20c0000260d00002a0d0000380d00003e0d0000860d00008a0d0000b70d0000
bb0d0000c70d0000d60d0000d70d0000150e00003a0e00003b0e0000080f00000a0f0000d90f00002310000026100000
491000004d1000004f100000b8100000bb1000008511000095110000d9110000dd110000e01100000212000004120000
291200002b120000681200003d140000441400005a1400005b140000691400006a14000092140000a41400007b150000
7f150000f1150000e2160000151700002517000098190000591a00006b1a0000651d00007b1d0000841d0000851d0000
b91d0000c91d0000e01d0000151e0000231e0000771e0000c81e0000f21e0000ff1e0000891f00009f1f0000ae1f0000
b71f00001d2000006520000039220000402200005f220000ae220000fd22000010230000242300004a2300009a230000
9b230000d6250000f4250000002600000a26000012260000132600000f27000021270000a62a0000482d0000912d0000
d12e0000e13400001536000018360000243600009f360000aa360000b3360000dc360000183800003a38000046380000
50380000593800005a380000a2010000d1020000e40200003c030000f3080000ca090000fa090000740b0000790b0000
f30b00005a1a00003d1d0000cc1d0000521e00008c1f0000af1f0000e1220000a6230000e02500001626000012270000
ba2e0000223800005d380000500d0000ce0d0000d60d0000d110000010120000161200002f120000cd120000f4120000
d2190000591a00006d1d0000981d0000c91d0000151e00005f1e0000061f0000091f0000891f0000ae1f000018200000
1d200000462000009f210000aa2100009a230000122600000f270000c32e0000ad360000dc3700005938000026000000
4f000000920000009b000000c30000007a010000a2010000b501000048020000b3020000c5020000e40200003c030000
8e030000ab030000a5040000860500008e05000003060000350600007c06000084060000c6060000050800001c080000
6a0800006c0800006e08000098080000af080000ed080000ef0800003c0900004f090000740b0000790b0000b10b0000
c90b0000f30b0000cc0c0000de1100005a1a0000551d0000681d0000cc1d0000bc1e0000f31e00008c1f0000af1f0000
8f220000e1220000a6230000e025000016260000122700000c2a0000d834000000360000023600001c36000025360000
4e360000223800005d380000ad130000e5140000201e0000b0200000ee200000e821000050220000b424000073260000
a7260000c1260000e92e0000732f00000c370000f73700006c3a0000ba3a0000b23c00005b3e0000673f0000cb3f0000
d43f0000fc3f0000144000007f0d000010120000cd120000de130000061f0000691f0000891f0000092000002e200000
f5210000102200005b230000470000005d0000003a010000130200001b02000076030000860500000306000084060000
c6060000050800004e0a0000610a0000c30a0000000b0000090b0000430b0000790b0000b10b0000371f00006d1f0000
8c1f0000c92200006423000089010000fd02000052030000a1040000bd0400001f050000b10500004806000027090000
6a0900008e090000b3090000d3090000220a0000810a0000ca0a0000fb0a0000370b00005f0b0000730b00008d0b0000
ed0c0000310e0000d21100005a120000631300007b130000d9130000111400003c14000060140000ef150000ab170000
e21e0000ee1e00001d1f0000221f00002b1f0000441f0000551f00007f1f0000a31f0000d51f00005c200000d2210000
2422000037220000a522000021230000b5230000eb2300004f2400007e260000452700007827000067280000e9280000
b6290000da290000fe290000132a0000b32a0000462b00004d2b0000072c00003f2c0000ee3400003936000083360000
98360000cd360000f53600001e370000bc380000db380000083900001b390000543a00006f3a0000c53a0000483b0000
c53b0000e23c00004c400000794000009d4000000c410000494100005d41000095410000420d0000d1100000b0130000
69140000421f0000611f0000651f0000921f000040220000f6220000422300005223000047000000550000000c020000
86050000fc0500007c06000098080000fa090000340a0000610a0000f40a00009d0b0000c10b00008e0c000036130000
f6170000f4190000251f0000391f0000661f00009e1f00008c220000cb220000532300000f0000002d000000fc000000
f4010000fd01000005020000a20200009d1d0000d1000000010100002c010000b1010000f101000099020000ed020000
400300007a030000b9060000e408000077090000ce0900007c0b0000b50b0000710c0000600d0000b40d0000120e0000
251200004314000046150000421800008c1800005c1a0000441d0000491d0000751d0000a01d0000ce1d0000dd1d0000
6b1e00008d1f00009c1f00001427000028270000fd02000036030000740400001f0500006305000048060000cf060000
c00800006a0900002e0b00005f0b0000730b0000a60b0000e50b0000f20b0000360c00005e0c00006e0c0000080e0000
d00f00009712000032130000001400003c1400008f140000d6140000be170000731a0000fc1c0000e61d00004e1e0000
341f00005a1f0000701f0000831f0000c81f000037220000be2200003323000071230000b9230000a4240000cf240000
002500001f250000d4250000fe2500004426000096260000aa260000d1260000e7260000f526000032270000e1270000
54280000922900003f2d0000cc2d0000e52e0000f32e0000632f00008e2f00001c3000008e300000123200001b320000
783200009a32000016380000443800008b3a0000dd3a0000d13e0000fe3e0000223f0000913f0000ce3f0000e23f0000
174000003d400000f2000000960100000002000028020000370200008f020000ed020000b9060000e408000077090000
ce0900007c0b0000b50b0000db0c00007b0d0000af0d00002512000043140000491500005c1a0000021b0000891d0000
a91d00006b1e00008d1f00009c1f0000b2220000cd220000252300005e23000066230000a323000017270000500d0000
d60d00003a0e0000d110000010120000cd120000b0130000de130000691400006d1d0000981d0000c91d0000d31d0000
061f0000421f0000611f0000651f0000691f0000891f0000921f0000182000001d20000065200000f521000010220000
402200000f270000b53c0000e73c00004c3e0000513e000026000000920000009b000000c30000007a010000a2010000
b501000048020000d1020000e40200003c030000620300008603000086050000fc050000030600007c06000084060000
c60600000508000098080000fa090000340a00004e0a0000610a0000c30a0000f40a0000000b0000090b0000430b0000
790b00009d0b0000b10b0000c10b0000cc0c000036130000f4190000551d0000641d0000681d0000cc1d0000df1d0000
251f0000371f0000391f0000661f00006d1f00008c1f00009e1f00008f22000012270000143b0000303b00008c3b0000
be3b0000ca3b0000d33b00000f3c0000523e0000d30e0000e40e0000490f0000bf100000e010000018110000b4120000
cf14000010160000e2170000021e00003b1e00000c2100002b2500005d250000df2a0000152f0000d930000010310000
453100005b31000067310000203200002d320000a7320000db3200009f030000c0030000020400007c040000ed040000
1a05000032050000a1050000ed050000b00600004d0700005a070000d7070000c3090000360c00003a0c0000620e0000
99100000b3100000191100001516000005170000e7170000281d0000ec1d00003c1e00007a2000002821000000250000
15250000422500005e250000ba2800007b2900004f2a0000eb2a00006f2c00009b2c0000563000006430000089300000
b2300000be300000ce300000113100002d31000041310000683100001232000018320000273200002e32000031320000
5a320000783200008d320000bf320000dc320000e3320000053300009d000000700100007c010000dc01000028020000
290200009506000029070000480700008e0800009a080000d0080000e4080000e5080000f31000001915000052150000
de16000012180000381800000b1b00003f1c0000a2270000a328000073010000d9010000fa030000080400009d040000
a70400000c060000c3060000e4060000e7060000f6060000450700007307000091080000cd080000a8090000d70c0000
540d0000a00d0000f50d0000080f00000a0f0000ef0f00002f10000097100000a3100000a6100000c6100000c8100000
d1100000e2100000f8100000061100001c1100002e1100008d110000141200003312000045120000d314000016150000
3c1500008c150000f1150000761600001a170000ce190000e11a0000151e0000231e0000901e0000961e00009c1e0000
aa1e0000ae1e0000b71e0000182000002a200000402100005721000021250000992700009a270000a0280000b2280000
512a0000e12a0000ed2a00002e2b0000592b00005a2b0000ae2c00005e2d00007f2d000033300000363000007d300000
cb300000e4300000f73000001531000027310000fb310000033200000832000011320000523200009c32000073220000
3725000023320000b33200009e1e000036200000a70000002c0200007d060000e808000020030000fb0600005b070000
12090000da090000861e0000af1e0000f81f0000a5270000a12800005b2a00005d2b000065300000ee31000009320000
f10400001a050000320500004d0700005a070000a60900003f0c00008e100000191100001516000005170000e7170000
281d0000eb1d00003c1e0000732200001125000037250000422500005e250000ba2800007b2900004f2a0000eb2a0000
5630000064300000b2300000be300000c2300000113100002c310000683100001732000023320000273200002e320000
89320000b3320000bf320000dc320000e332000005330000770100002b020000290700004807000095080000e7080000
f31000001915000052150000de16000012180000381800000b1b00003f1c00009e1e000036200000a2270000a3280000
f50d0000db10000045120000db120000151e0000931e0000a41e0000ae1e00002a200000112100003c21000040210000
99270000a0280000592b00001a2f0000eb300000f731000008320000a4000000de0100007602000020030000ab030000
a5040000a30500000d0600008d060000a5060000a7060000b1060000eb060000fb0600005b07000011080000d2080000
fa08000012090000420c0000a41000008a1e0000911e0000af1e0000f81f000001250000a5270000a12800005b2a0000
5d2b0000712c0000af2c0000153000003a30000065300000f2310000093200007932000072140000e51400004a1e0000
b42400005a260000da260000dc270000e92e0000732f0000633a0000a13a0000963c0000603e00001e3f0000673f0000
dd3f000038400000120d0000690d00007f0d000023100000cd120000cc130000de1300004014000069140000421f0000
521f00006c1f0000971f0000f62200001b23000061230000660000004801000058010000bd0100001f02000008030000
8d060000fb06000044070000a7070000b607000009080000c9080000120900005a0a0000880a0000b70a0000d60a0000
050b0000620b0000fa1400004c150000a11600003c170000781700002c180000d01e0000e01f000031200000d5210000
11220000502700000a010000890100006b030000b7040000f1040000b10500009d080000c0080000390900006a090000
7c0a0000810a0000b20a0000ca0a0000040b0000400b0000a60b00006e0c0000ed0c0000490d0000ec0d0000040e0000
d00f00002910000072110000a5110000bc110000cd1100007f120000d6120000321300007b130000b213000030140000
3115000094150000f116000061170000771700008f170000ab1700008b1b0000c51e0000cc1e0000e91e0000341f0000
5a1f00007f1f00000f2000005c200000b6210000f82100000c2200002422000037220000be220000f422000033230000
b5230000e52300004c2400007f270000f2280000c42900001c2a0000be2a0000cd2a00000f2b0000512b0000d82b0000
3f2d0000792d0000cc2d0000012e0000de300000ff33000011340000dd340000f5340000093600004b36000063360000
73360000863600003c37000059370000e4370000033800002e38000073390000a8390000433b00007b3b0000ce3b0000
0c3d0000b03d0000453e0000724000009a400000e7400000ee400000594100007a41000051230000280100000c020000
33020000fc050000c908000012090000ca090000f40a00000b0b0000fa1400004c150000a11600003c17000078170000
2c180000d01e0000e01f000031200000d5210000112200005123000050270000040e0000ab1700005a1f00007f1f0000
a31f0000c81f00003722000033230000b5230000cf2400007e260000f32e00008e2f0000983200006f3a0000c53a0000
d03c0000120d0000690d00007f0d000023100000cd120000cc130000de1300004014000069140000421f0000521f0000
6c1f0000971f0000f62200001b2300006123000066000000bd01000008030000b60500008d060000fb06000044070000
c9080000120900007a0900005a0a0000d60a0000620b0000ab0b00006f0c0000f20c0000090e00003313000080130000
fa1400003c170000b0170000351f00005b1f0000841f0000e01f0000d521000047220000bf22000034230000ba230000
5027000029000000e1000000f5000000a501000001020000f1020000b00d0000471500008a1d00001b270000d1000000
d8000000f2000000010100000d01000096010000000200009e0200006e030000b40500008508000095080000e7080000
77090000a90b0000900c0000a30c0000270d0000390d00003b0d00005f0d0000ae0d0000be0d0000d80d0000db0d0000
0e0e00003c0e000024100000d0120000411400006b140000461500006c15000097150000dc160000ae17000042180000
501d00006e1d0000861d0000891d00008f1d0000bd1d0000d91d00009e1e0000981f0000692000004422000001230000
26270000512300009c1d00000e000000f5010000f00100008e0200003f030000481d0000cd1d000013270000bd010000
08030000fb06000044070000d60a0000620b0000790b0000c90b00008c0c0000090e0000b0170000231f0000371f0000
5b1f0000841f0000472200008a220000c92200003423000051230000ba23000050270000dc000000a5010000f4010000
08020000f1020000b00d0000471500008a1d00009c1d00001b270000770d0000ae0d000046150000741d0000891d0000
a01d0000a91d00006b1e0000060000000b00000037000000c6000000a7010000f00100008e020000f40200003f030000
76050000fd050000cf090000cd0c00003e1d0000691d0000cd1d000092220000132700000a010000890100006b030000
a1040000f10400005d050000b1050000cc050000e40500006a0900008e090000a6090000810a0000ca0a0000400b0000
a60b0000030c00003f0c00001b0d0000900d0000a50d0000361000008e100000b1100000d2110000f5110000df120000
e6130000f71300003c140000601400007314000077140000ea140000f5140000941500008f170000ab170000c6170000
de170000031d0000eb1d00004b1e0000441f0000551f0000771f00005c20000024220000372200005b22000073220000
f4220000f82200002123000080230000b5240000b924000011250000372500005c250000dd2500000326000028260000
5f2600006a260000db260000df260000dd2700007a2c0000922c0000072d0000ea2e0000742f0000782f0000c2300000
0f3100002c3100003f31000017320000233200002c32000089320000b3320000da32000098360000c93600001f380000
493800007038000008390000683a0000a63a0000b13a00009a3c0000f73e00001f3f00006c3f0000733f0000de3f0000
ff3f000039400000d80000000101000066010000770100002b0200009e020000b40500008508000095080000e7080000
77090000a90b0000710c0000fa0c0000020d0000150d00005f0d0000600d0000650d00006a0d0000820d0000880d0000
8d0d0000110e000024100000d0120000411400006b140000501500006c150000dc160000ae1700003418000042180000
031b00009e1e0000981f00003620000044220000c1220000062300001e2300003623000062230000c223000023020000
8e020000ff1a0000922200005623000064010000a2010000d5010000aa020000d1020000e4020000200300000a060000
2c060000c908000012090000da090000fa090000740b0000b10b0000d50b0000610c0000c80c0000850d00009d0d0000
140e000059150000ac170000ed1a0000d21b0000751c00007a1d0000ac1d0000b41d0000861e00008f1e0000a41f0000
cd1f00003c2200008f220000e1220000382300008f230000c523000094240000d024000047260000832600000e270000
8e270000ac2c0000532f00008f2f000032300000ee310000073200009d3200008e3a0000ca3a00004b3b0000d53c0000
1d400000250d0000380d0000d60d00000d0e00003a0e000023100000cd120000cc130000de1300004014000069140000
6d1d0000841d0000d81d0000421f0000521f00006c1f0000971f000025270000a03c0000d43c0000e73c0000563e0000
a4000000d3000000f80000000f01000099010000d50100004f0200002003000070030000b60500008d060000fb060000
44070000a7070000b607000009080000c9080000120900007a0900005a0a0000880a0000b70a0000d60a0000050b0000
620b0000ab0b0000ae0c0000c00c0000850d0000c40d00003313000080130000121500005915000099150000a1160000
3c17000078170000b0170000ed1a00005c1d0000931d0000c01d0000d01e0000351f00005b1f0000841f0000f81f0000
6c200000d52100001122000047220000042300008e2700002e3b0000513b0000803b00009f3b0000cf3b00002e3c0000
113d0000b13d0000463e0000853e0000c81d00000e270000503e000064010000a2010000d5010000e402000020030000
3c0300008e030000fc050000fb06000044070000c908000012090000ca090000d60a0000f40a00000b0b0000620b0000
790b0000c90b0000c80c0000850d0000c40d0000121500005915000099150000a11600003c17000078170000b0170000
ed1a00003d1d0000641d0000931d0000c01d0000c81d0000d01e0000231f0000371f00005b1f0000841f0000f81f0000
6c200000d52100001122000047220000042300000e2700008e2700004b3b00009f3b0000be3b0000d53b00002e3c0000
113d0000b13d0000463e0000503e0000853e0000040e0000ab1700005a1f00007f1f0000a31f0000c81f000037220000
33230000b5230000cf2400007e260000f32e00008e2f0000983200006f3a0000c53a0000d03c0000770d0000ae0d0000
46150000741d0000891d0000a01d0000a91d00006b1e0000060000000b00000037000000c6000000d40000002d010000
f0010000f2010000030200000d020000380200008e0200003f03000076050000fd050000cf090000ff1a000092220000
5623000064010000a2010000aa020000d1020000e40200003c0300008e030000fc0500002c0600005f060000ea080000
f3080000ca090000fa090000250a0000790b0000c90b0000c80c0000850d0000140e00003d1d0000641d00007a1d0000
c81d0000cc1d0000df1d0000521e00007d1e0000f11e00001e1f00008c1f00009e1f0000042300008f2300000e270000
1227000037270000c42700005528000059280000ee2900007a2a0000402b0000692b0000dd2c0000ba2e0000d72e0000
1436000022360000ce36000054380000de380000553a00004b3b0000d53c000098410000ee0300002204000046040000
6c0400003c05000050050000f4050000920a0000a70a0000590b0000dd0b0000530e0000770e0000d70e0000ec0e0000
270f0000b50f0000f80f0000731000006011000081110000b9110000ad1200002c1300005813000020140000b5140000
bb150000fe150000241600003f1600004a160000441700005c170000d6170000ee170000f41d0000061e0000381e0000
3e1e000093200000be2000000821000001220000f724000091250000c32500003e260000a7260000c12600008c290000
a6290000c42a0000fa2a0000a22c00001f2d0000ae2d0000e42d0000182e0000fd2e0000112f0000412f0000b62f0000
d5330000fc33000031340000473400005334000006350000133500008b350000bf350000693600007036000092360000
e4360000f23600002f370000493700004f370000003800008d38000096380000903900005a3a0000853a00005b3b0000
703b0000253c00004c3c00005d3c00006e3c00008d3c0000313d00006b3d0000733d0000dd3d0000df3d0000653e0000
6d3e00007c3e0000e83e0000493f0000803f00008b3f0000cb3f0000d43f000014400000944000009640000031010000
8b0100001002000000060000bd06000091080000130900006c0900009c0a0000cc0a0000ff0a00009b0c0000200d0000
730d0000e60d000049100000051100005c1100007611000086110000931100005b1300009a130000d71300002d140000
fe1400004d15000055150000a216000015170000471700007c170000801700002f1800003c1800001b1a0000261a0000
691f0000891f0000112000002220000040210000fa210000042200005b2300005a270000a8280000b329000033020000
c9080000ca0900000b0b0000d01e0000e01f000031200000d521000011220000e5010000520300007c040000a1040000
ae040000b105000010060000f20600009d080000dd08000027090000b3090000ee0a0000fb0a0000370b0000730b0000
8d0b0000ed0c0000ec0d0000e80f00007c110000a51100007f120000d61200007b13000030140000171e00005c1e0000
7c1e0000c51e0000d61e0000e21e0000221f00002b1f0000d51f0000262000005c20000074200000c3200000f8200000
0f2100003721000073210000d22100000622000024220000372200005b220000a52200000326000078270000b4270000
54280000e9280000b6290000e2290000132a00004d2b0000642b0000b22c0000272d0000572d0000d62e0000012f0000
182f0000342f0000452f0000a13000003c32000066320000dd340000ee34000009360000393600008336000049380000
73390000a8390000c53b0000ff3f00004c40000047410000494100003701000009030000c8050000c306000045070000
8c080000aa0a0000630b0000960b00008d0c0000ef0c00000a0d0000590d0000060e00000a0e00000210000045120000
bb120000351300007d1300008b130000c5130000fe130000011400003a1400003d140000561400002a1500005f170000
b7170000c2170000381f00004f1f0000651f0000811f0000851f0000921f0000222000004021000004220000ca220000
1523000052230000b7230000bb23000051270000a028000095290000bd010000fb060000d60a0000c90b0000231f0000
5b1f0000472200008a22000034230000a5010000080200008a1d0000d10000000d010000b1010000b9010000e8010000
f10100009902000040030000b405000005060000cb060000e4080000b60900007c0b0000ca0c0000510d0000db0d0000
11120000d012000042180000491d0000661d00006e1d0000991d0000ca1d0000ce1d0000071f00008a1f00008d1f0000
1e20000044220000362300001027000014270000eb000000210100006e01000073010000ab010000210300005b030000
c805000000060000bd060000c3060000450700008c08000091080000130900006c0900009c0a0000aa0a0000cc0a0000
ff0a0000630b0000960b0000850c0000c90c0000d70c0000010d00001d0d0000340d0000380d00003e0d00004d0d0000
860d00008b0d0000b70d0000c50d0000f50d0000270e00000210000049100000051100005c1100007611000086110000
9311000045120000bb120000351300005b1300007d1300008b1300009a130000c5130000d7130000fe13000001140000
2d1400003a1400003d1400005614000016150000381500005b1500007f150000a0150000ab150000a216000015170000
471700005f1700007c17000080170000b7170000c21700001b1a0000261a0000651d00007e1d0000b91d0000c11d0000
c91d0000d31d0000381f00004f1f0000651f0000691f0000811f0000851f0000891f0000921f0000052000002a200000
40210000fa21000004220000102300002a2300000f2700008f27000099270000a0280000a828000095290000b3290000
653b0000733b0000953b0000c93b00002f3c00009e3c0000ca3c0000e03c00000e3d0000123d00003e3d0000b53d0000
b93d0000513e0000683e0000863e0000d5010000e40200008e030000fb060000c9080000ca090000d60a00000b0b0000
c90b0000ed1a00003d1d0000931d0000d01e0000231f00005b1f0000f81f00006c200000d52100001122000047220000
9f3b0000d53b0000463e00000a010000e501000036030000740400007c04000095040000b1050000cc0500006a090000
b3090000bb090000810a0000ca0a0000ee0a00002e0b0000730b0000a60b0000ed0b0000f20b0000360c00006e0c0000
490d000072110000f51100002d13000032130000ae130000b213000060140000f5140000fc1c0000f51d0000211e0000
341f0000441f00005a1f0000631f0000701f0000b12000008f210000b6210000f8210000372200003b22000055220000
be220000f8220000332300004623000071230000b524000000250000d42500003f26000074260000a8260000aa260000
d1260000fd2600000f2b00007a2c0000072d0000ea2e0000742f00001232000078320000e53600000d370000d3370000
e437000016380000143900005b3a00006d3a0000863a0000bb3a0000933b0000b33c0000d13e0000cc3f0000ce3f0000
15400000174000007a410000d8000000f20000003f010000b90100000002000015020000280200008f020000b4050000
05060000cb060000e4080000b60900007c0b0000fa0c00003b0d0000650d0000820d000011120000d0120000021b0000
891d00008d1d0000071f00008a1f00008d1f0000d81f00000c2000002f2000006920000044220000b22200005e230000
692300002f0d0000df0d00001b0e0000db0e0000050f0000210f0000011000005d100000fe110000a7120000d3120000
a4130000d013000005140000291400004a1400005314000089140000c2140000ec1500000c1e0000271e0000fa1e0000
411f00004e1f00005e1f0000c91f000038220000142300003c230000d3240000252500005c260000f52e0000922f0000
1d320000a1320000a43600001a370000323900008d390000a7390000653a0000a33a0000d93c00003f00000055010000
cd010000e5010000520300009a030000b3030000000400006504000074040000950400009b040000ac0400001f050000
7e050000930500000806000048060000dd060000b3070000ef0700007d0800001b090000270900009c090000b3090000
bb0900004b0a0000ac0a0000e30a0000ee0a0000370b0000730b00008d0b0000fa0b00003a1100004611000072110000
991100002215000088150000c4150000ef150000fb150000b1160000fd1600001817000054170000a4170000c9190000
c21e0000de1e0000e21e00002b1f00000f2000008f210000f8210000a5220000cb25000078270000b427000054280000
e92800002629000063290000b6290000e2290000132a00004d2b0000612c0000aa2c0000fd2c0000252d00002b300000
97300000c7330000e7330000e9340000ee3400003036000039360000d33700000d380000793800000e39000014390000
d3390000e43900000e3a0000043b0000eb3e00004c40000049410000ab1700007f1f0000a31f0000b52300007e260000
6f3a0000c53a000089010000fd02000052030000a1040000bd0400001f050000480600001b090000270900006a090000
8e090000d3090000ca0a0000fb0a0000370b00005f0b0000730b00008d0b00007211000099110000d211000022150000
88150000c4150000ef150000fb150000b1160000fd1600001817000054170000a4170000ab170000c9190000de1e0000
e21e0000ee1e0000221f00002b1f00007f1f0000a31f00000f200000f8210000a5220000b52300007e26000078270000
b427000054280000e92800002629000063290000b6290000e2290000132a00004d2b0000e7330000e9340000ee340000
3036000039360000833600009836000079380000bc380000083900001b390000d3390000e43900000e3a00006f3a0000
c53a0000043b0000c53b00004c400000494100001d000000c7000000ee000000ae010000b9010000f101000099020000
e6020000000300004003000081050000010600004b060000c00600007c090000b60900007c0b00009a0b0000860c0000
ce0c0000390d0000b80d00004a10000080150000161700006a1d0000ba1d0000ce1d00008d1f0000d81f000093220000
1027000014270000352700005728000046150000a01d00006b1e00000600000037000000f402000076050000cf090000
3e1d000001010000f101000099020000e6020000ed02000000030000400300004b060000e408000077090000ce090000
7c0b0000710c0000390d0000b80d00004a100000461500008015000016170000441d0000491d0000a01d0000ba1d0000
ce1d00006b1e00008d1f000010270000142700003527000057280000eb000000210100006501000073010000d9010000
d2020000e5020000f1030000080400009d04000022050000c80500000c060000b6060000e70600008408000091080000
cd0800006c09000086090000a8090000fb090000840a0000b20b0000620c0000850c0000d20c0000010d00000c0d0000
340d00008a0d00008b0d0000940d00009e0d0000d60d0000d70d0000e20d0000200e00003a0e0000dc0e0000060f0000
02100000041000003a1000006010000097100000a3100000d1100000f810000085110000ff1100003112000077120000
aa120000cd120000ce120000d41200001c1300004d130000d31300004f14000054140000691400008a140000c6140000
8c150000ed150000f1150000761600001a170000ce190000d2190000591a0000611a0000ef1a0000d31b00006d1d0000
711d00007b1d0000b51d0000901e0000aa1e0000ae1e0000fb1e0000451f0000ce1f0000182000001d20000046200000
b3200000392200003d22000053220000ae220000172300003f2300004a230000902300009a2300009f240000d4240000
282500006c26000076260000b0260000ce2600000f27000099270000a02800008a2a0000592b0000ae2c00005e2f0000
932f000036300000cb300000f73000000332000008320000a4320000a5360000b73800003339000055390000b33a0000
bd3a00004c3b0000dc3c00001e400000a2010000aa020000200300002c06000012090000da090000740b0000d50b0000
59150000ac170000751c0000ac1d0000861e0000a41f0000e1220000c52300004726000083260000ee3100008e3a0000
ca3a0000380d0000b70d0000f50d000023100000491000002712000045120000db1200007f15000015170000841d0000
b91d0000c91d0000d31d0000251e0000931e0000fe1e00000d1f0000651f0000691f0000891f0000921f00000f270000
f7310000b13600004a3a0000513e0000260000004f000000920000009b000000f800000099010000a201000048020000
aa020000e4020000e802000002030000620300008e030000a9030000a20400008e0500002c0600004d0600007c060000
8406000005080000480900006f0900007a09000093090000ca090000cc090000d4090000250a0000340a00004e0a0000
000b0000740b00009d0b0000c90b0000d50b0000730c0000d311000059150000ac170000751c00003d1d0000461d0000
551d0000ac1d0000ef1e0000251f0000a41f0000e1220000c52300004726000083260000ee29000099360000ad380000
bd380000de3800008e3a0000ca3a0000143b0000ca3b000072140000e51400004a1e0000b42400005a260000da260000
dc270000e92e0000732f0000633a0000a13a0000603e00001e3f0000673f0000dd3f0000384000007f0d0000cd120000
de13000040140000521f00006c1f0000971f00001b2300006123000066000000580100001f020000080300008d060000
44070000b607000009080000c90800005a0a0000b70a0000050b0000620b0000d01e0000e01f000031200000d5210000
11220000890100006b030000b7040000f1040000b10500009d080000390900006a090000b20a0000ca0a0000040b0000
400b0000a60b0000ed0c0000ec0d000072110000a5110000bc1100007f120000d6120000321300007b13000030140000
f1160000ab1700008b1b0000c51e0000e91e0000341f00005a1f00007f1f00000f2000005c200000f82100000c220000
2422000037220000be220000b5230000e52300004c2400007f270000f2280000c42900001c2a0000cd2a0000512b0000
d82b0000ff330000dd340000f5340000093600004b36000073360000863600003c3700000338000073390000a8390000
7b3b0000ce3b0000453e0000724000009a400000ee40000059410000690d000023100000cc13000069140000421f0000
6c1f0000971f0000f62200006123000066000000bd0100008d060000fb060000120900007a0900005a0a0000d60a0000
ab0b00006f0c000033130000fa1400003c170000351f00005b1f000047220000bf2200003423000029000000f5000000
a501000001020000f10200008a1d0000d1000000010100000d010000000200009e0200006e030000b405000095080000
e7080000a90b0000900c0000390d0000db0d00000e0e0000d0120000411400004615000097150000ae17000042180000
501d00006e1d00008f1d0000d91d00009e1e0000981f0000262700000a0100006b030000a1040000f10400005d050000
b1050000cc050000a6090000810a0000400b0000a60b0000030c00003f0c0000900d0000361000008e100000f5110000
e61300006014000073140000f5140000941500008f170000ab170000c6170000031d0000eb1d00004b1e0000441f0000
771f000073220000f822000080230000b52400001125000037250000dd250000282600006a260000db260000df260000
dd2700007a2c0000072d0000ea2e0000742f0000c23000002c310000173200002332000089320000b33200001f380000
70380000b13a0000f73e00001f3f0000733f0000de3f000039400000d8000000770100002b0200009e020000b4050000
95080000e7080000a90b0000fa0c0000650d0000820d0000880d0000d0120000411400006c150000ae170000031b0000
9e1e0000981f000036200000c12200001e23000062230000c2230000380d0000d60d00000d0e00003a0e000023100000
cd120000cc130000de13000040140000691400006d1d0000841d0000d81d0000421f0000521f00006c1f0000971f0000
25270000d43c0000e73c0000563e0000a4000000f800000099010000d50100004f02000020030000700300008d060000
fb06000044070000b607000009080000c9080000120900007a0900005a0a0000b70a0000d60a0000050b0000620b0000
ab0b0000ae0c000033130000121500003c170000ed1a00005c1d0000931d0000d01e0000351f00005b1f0000f81f0000
6c200000d521000011220000472200002e3b0000803b00009f3b0000cf3b00002e3c0000463e0000090d0000580d0000
050e0000050f0000120f0000740f0000011000000a100000321000000b120000ba1200008a130000c4130000c9130000
fd1300003914000053140000ca140000ee140000b4170000fd1d0000121e00002c1e0000681e0000491f00004e1f0000
801f0000a71f000014230000b6230000c32400001e2500007f260000632d0000822d0000ef2d0000092e0000f02e0000
822f00001a3200009932000017370000703a0000c63a0000d13c0000bd000000fd020000360300009f030000db030000
f3030000710400007c0400001a0500002c0500007e050000c4050000f90500004806000050060000ad07000068080000
dd080000300900004e090000b30900006d0a00009f0a00002e0b00005f0b0000730b00008d0b0000910b0000e20b0000
f20b0000ab0c0000f10c0000080e0000540e0000f90f0000741000002f130000381300007f130000001400003c140000
25160000cd160000be170000f3170000fc1c0000f71d0000391e0000221f00003c1f0000701f0000831f0000d51f0000
74200000f8200000d221000089220000d622000071230000b9230000f8240000d425000041260000aa260000d1260000
32270000542800006f2800004b290000922900000b2a00000a2b0000a72c0000ce2c00003b2d0000af2d0000e52d0000
192e0000fe2e0000012f0000342f0000b72f0000be2f0000ed2f0000fe35000042360000e736000016380000ee380000
5d3a0000883a0000683b0000d13e0000ce3f000017400000664000001700000042000000e4000000fa00000034010000
9b010000b1010000e8010000fa010000fb010000110200008f020000ed0200005f03000081050000010600004b060000
c00600007c090000b60900007c0b00009a0b0000af0d00004a100000251500004915000056150000161700003f180000
021b00008d1f0000b22200005e23000017270000c127000057280000eb000000650100006e01000092010000ab010000
ae020000e50200008f030000f1030000080400009d04000022050000c0050000f70500000006000030060000b6060000
bd060000840800008c080000ab080000c2080000ec0800006c09000073090000cb090000260a0000840a0000ca0b0000
850c0000c90c0000d20c0000f60c0000260d0000380d00003e0d00005b0d0000860d00008a0d0000b70d0000ce0d0000
d60d0000d70d0000150e0000200e00003b0e0000dc0e0000060f0000d90f0000fb0f0000171000002310000026100000
33100000491000004f1000005e1000008b100000bb100000ce10000085110000dd1100005b120000bd120000f4120000
4d130000d31300003d140000441400004f1400005a1400006a140000f2140000431500007b1500007f150000ed150000
f1150000e2160000151700002517000098190000591a0000411d0000651d00007b1d0000841d0000851d0000981d0000
b91d0000c91d0000d31d0000e01d0000691e0000771e0000f21e0000061f00001f1f0000451f0000891f0000921f0000
9f1f0000ae1f00001d20000065200000b32000002321000040220000fd220000102300009a230000b724000012260000
0f270000212700003e27000060280000f9290000ad2a00000c2b00003a2b0000442b00000a2c0000282c0000a52c0000
482d0000702d0000832d0000912d0000c62d0000d12e00002c2f0000762f00001836000024360000cf36000059380000
df380000563a00004c3b0000dc3c0000994100005a1f0000c81f00003722000033230000cf240000f32e00008e2f0000
891d0000a91d00006b1e00000b000000c6000000030200003802000076050000cf090000a2010000d1020000e4020000
3c030000fc0500005f060000f3080000ca090000fa090000790b00003d1d0000641d0000cc1d0000521e00007d1e0000
8c1f000012270000c4270000552800007a2a0000692b0000dd2c0000ba2e0000d72e0000fd020000360300001a050000
1f0500002c0500004806000050060000c00800006a0900002e0b00005f0b0000730b0000a60b0000f20b0000360c0000
5e0c00006e0c0000080e0000d00f00007410000032130000001400003c14000025160000cd160000be170000f3170000
fc1c0000e61d0000391e0000341f00005a1f0000701f0000831f0000c81f000037220000be2200003323000071230000
b9230000a4240000cf240000f824000000250000d4250000aa260000d126000032270000542800006f2800004b290000
922900000a2b0000ce2c00003b2d00003f2d0000af2d0000cc2d0000192e0000e52e0000f32e0000fe2e0000632f0000
8e2f0000b72f0000be2f0000ed2f0000123200007832000016380000d13e0000ce3f000017400000f200000096010000
0002000028020000370200008f020000ed0200004b060000e408000077090000ce0900007c0b0000af0d00004a100000
251500004915000056150000161700003f180000021b0000891d0000a91d00006b1e00008d1f0000b22200005e230000
17270000c127000057280000500d0000ce0d0000d60d00002d100000101200002f120000cd120000f41200006d1d0000
981d0000c91d0000d31d0000251e00005f1e0000711e00009b1e0000061f0000651f0000691f0000891f0000921f0000
1d2000000f2700007d2d0000c32e0000cd2e0000513e000026000000920000009b000000c3000000a2010000b5010000
ea01000048020000d1020000e40200003c03000062030000a9030000a204000086050000aa050000fc05000003060000
110600005f0600007c06000084060000c6060000f706000005080000b8090000fa090000340a00004e0a0000000b0000
790b00009d0b0000b10b0000610c0000cc0c0000e90f0000551d0000641d0000681d0000cc1d00005d1e00007d1e0000
251f00008c1f00008f2200009424000012270000c4270000552800007a2a0000692b0000772c0000b32c0000dd2c0000
582d0000d72e0000532f0000143b0000ca3b0000db0e0000f70e00006e0f00008c0f00000b11000018110000c8120000
ca140000e0150000111700009a200000342100001e250000d3270000ea270000102800008b280000e0280000df2a0000
da2f0000f12f0000003100001031000067310000793100001a3200003932000065320000993200001d33000094390000
d7390000613d0000a53d0000b03e0000293f0000924000000a04000054040000c5040000d204000024060000d7070000
aa0900005f0e00009510000099100000e8100000031600000b16000022170000521b0000a31b0000f71b0000111c0000
151c0000691c0000862b0000ba2c00002a2d0000c9300000ce300000ef3000002d3100003d3100005e310000c4310000
c7310000d7310000e6310000ed3100008d330000f9380000e6390000323a0000503c0000753c0000e43d000029410000
7001000078010000780200008e08000096080000fc0800008e0a0000b00a0000170b0000e310000065150000e6160000
8917000060180000a3190000371a0000e31a0000bc1c000073010000d9010000fa03000019040000eb04000044050000
eb050000e706000091080000cd080000a30a0000da0a0000380c00002a0d0000a10d0000080f00002a0f0000310f0000
42100000a3100000b5100000b8100000c3100000d1100000d4100000e2100000ec1000001b1100001c1100002a110000
69110000341200009b130000ee130000641500008c150000131600004116000076160000e5160000851700009b170000
e51700008d1a0000e11a00008c1b0000fd1b0000031c00001e1c0000b21c00001820000019200000e0210000e1210000
1224000054240000192500004d2500006025000099270000a02800009e290000e12a0000e82a0000e92a0000882b0000
992c0000162d00008b2d0000122e00003630000091300000df300000f43000001331000015310000233100005f310000
d031000091320000cb320000de32000036340000da3e0000823f0000953f0000984000009e400000d940000041410000
ba2800007b290000e332000005330000f13a0000a2270000a3280000c72900007b020000ff080000240b000020030000
120900004f0b0000420c0000051c0000161c00004120000014220000012500008b2b0000c831000079320000fa3e0000
2a4100007c04000092040000c3090000360c0000e8100000031600000b16000022170000a31b0000111c0000151c0000
691c00007a2000002821000000250000ba2800007b290000862b0000ef3000005e310000c4310000c7310000e6310000
ed31000012320000313200005a32000078320000e33200000533000011390000e6390000323a0000f13a0000673c0000
e43d0000d83e000029410000dc01000028020000d0080000e4080000e50a0000f80a0000e310000065150000e6160000
8917000060180000a3190000371a0000e31a0000bc1c0000a2270000a3280000c7290000f50d0000d11000001b110000
4512000018140000d314000018200000e0210000212500009e270000e3270000f52700008e280000ae280000d0280000
d4280000e3280000bb290000e82a0000dd2f0000fc2f0000133100009c320000fb320000093300004c3f000098400000
7a0100007a020000cd040000d50400002506000021070000db07000098080000fe080000ba0a0000210b00009a100000
f11b0000f81b0000051c0000161c000041200000142200008b2b0000bb2c00002d2d000049300000ac300000cf300000
c8310000983300002a41000016060000ab07000063090000800c0000aa0c00008f0d0000351000003713000072130000
e51300001b170000c81a00001e1b00002e1b0000a71c0000db1c0000ee1c0000f41c0000312700005328000091290000
de090000a11a0000901c000051020000dc020000ae0b0000ec1a0000311b0000f71c00008e220000af090000850b0000
8f0d000035100000e51300001b1700001e1b00002e1b0000db1c0000ee1c0000f41c0000211f0000d41f0000d1210000
88220000312700005328000091290000f60000004d0200001a06000014070000b5070000ad0c0000b81a0000cb1a0000
ec1a0000311b0000f71c00006804000030060000630600008c080000730900007f0900008c0a00007d0c00008d0c0000
0a0d0000690d00006c0d0000700d00008e0e0000d60e0000250f0000c30f00000210000023100000261000005f110000
831100003312000073120000ab120000e2120000e41200002b13000035130000671300008b130000cc130000cd130000
db130000e81300007114000084140000a7140000fc15000022160000251700002d1700001e1800007918000089180000
0c1a0000401a0000531a0000591a0000d41a0000d81a00000f1b0000731b0000b61b0000611c0000761c0000ac1c0000
b11c0000bf1c0000da1c0000341d0000f423000086240000dd240000892500005226000053260000702a0000cc2b0000
002c0000132c0000e12c00009c2f0000d43300003034000083350000e3360000bb370000b0380000343900006f390000
c4390000393a0000993a00009a3a0000553b0000f53c00001d3f0000233f00005e3f0000c63f000055400000fd400000
104100008e410000fa090000120a0000f6170000f4190000061b0000d21b0000d21c00000f1d000086260000ed290000
cb380000cd3a0000af3f000075400000a202000073030000ae0b0000011b0000f71c0000822300000101000081010000
9e0200006703000073040000330600006e0600002d0700005f07000095080000af0a0000a20b0000900c0000600d0000
710d00008d0d0000a30d00008411000035120000dd12000031130000f21300003b140000aa140000001600000e180000
21180000421800008c1800005c1a0000d91a0000031b00000a1b0000101b00003e1c0000771c0000af1c0000021d0000
241d0000371d0000542000002f2200001f2300007e230000e12400004425000093250000452a0000762a0000062c0000
3c2c0000ec2c0000a02f000069300000c13200008d350000783b0000ff3c000094410000e7000000020100004d010000
820100004b0200005d02000016060000ab0700008e08000096080000fc080000630900008e0a0000b00a0000170b0000
920c0000a00c0000870d0000980d000035100000e31000003713000072130000e51300005d15000066150000e6160000
1b17000089170000a3190000371a0000b61a0000e41a0000001b0000161b0000241b0000a71c0000bc1c0000db1c0000
ee1c0000f41c000077230000573b0000793b0000e23b0000f13c0000c23d0000013e00001027000054270000ac270000
53280000a328000091290000c7290000813e0000560200007e020000ff080000de090000240b0000ae1a0000901c0000
ef3b0000b9010000e1010000990200004a030000d0080000e4080000af090000e50a0000f80a0000850b0000870d0000
980d000035100000e3100000e51300005d15000066150000e61600001b17000089170000a3190000371a0000e41a0000
001b0000161b0000241b0000bc1c0000db1c0000ee1c0000f41c0000491d0000211f0000e41f0000d121000077230000
1027000054270000ac27000053280000a328000091290000c7290000ae3b0000c23b0000f13c0000c23d0000013e0000
813e0000690d000023100000f412000007130000cc1300007114000026180000141a0000522600004127000051270000
da2700004528000063280000a028000054290000572900008b290000952900009e290000ce290000862a00008c380000
40390000993a0000e63a0000003b00007b3e00001d3f0000c7400000c8040000fa0800007a09000096090000e6090000
ea090000150b00006f0c00003111000033130000a81a0000ad1a0000061b00005c1b0000d21b0000561c00008f1c0000
911c0000a51c0000d21c00000f1d000086260000be33000018340000b4370000bf3800002f3a0000cd3a0000e03b0000
af3f0000f5000000570100004c0200005402000061020000690200001a06000014070000b5070000011b0000f71c0000
82230000010100008101000099020000ed020000f90200004a030000730400004406000095080000af0a0000850b0000
9a0b0000b50b0000e40b0000f70b0000900c0000390d00008d0d0000a30d00000e0e000071110000bb11000035120000
dd12000031130000f2130000411400004615000000160000aa170000d91a0000f01a0000001b0000341b0000431b0000
491c00006d1c0000881c0000af1c0000f41c0000f91c0000081d00009b1f00000d2000003820000093220000cd220000
5523000077230000ad230000ca25000043260000ac260000e2260000cc2a0000732b00007a2b0000fe330000a9370000
0c380000263a00008a3a0000783b0000ff3c000019400000000400002e040000cc040000db040000d6060000da060000
26070000850e0000491100009b120000ed120000491b00007d1b0000851b0000bf1b0000fa1b0000731c0000281d0000
d020000047210000422500007b2e00009d2e000023300000283000008f3000009f300000b1300000bc310000da310000
27320000443200006f320000bf3200001b34000064390000ab3900003e3a0000583c00007b3c00003c3e0000b23f0000
ba060000c80600001b070000d40c0000dc0c0000a20d0000351200003f13000061130000f2130000be1a0000f91a0000
0b1b0000391c00003f1c0000951c0000cc1c0000d31c000099000000db01000026020000930600002807000047070000
cf080000e2080000390a0000e40a0000f60a0000181500004a17000010180000f6190000a0270000a2280000c5290000
9f000000de01000076020000a4030000c3030000f90300007504000088040000a60400002005000091060000a4060000
c2060000e3060000f506000012070000370700004307000046070000520700007107000099070000fc07000011080000
d2080000fa0800003f0a0000e90a0000150b0000d60c0000f20d0000490e0000ee0f0000a51000004212000053130000
15140000d1140000151500001b150000b71500008f1600003f1700004f17000054190000bc1a0000931c0000141e0000
8a1e0000ad1e0000292000002d2100003f21000056210000fc210000ca230000352400002025000096270000a5270000
9f280000a1280000c6280000162900009b290000d22900004d2a00002d2b0000572b00005d2d0000da2d000014300000
31300000503000005b3000007b3000002e310000f23100000632000036320000513200009b320000f03200007f330000
a5330000a833000085340000b8340000f33500004a3f000082400000444100007541000013070000c11a0000a21c0000
a0000000a90000007b0200007e06000092060000130700002807000047070000ff080000400a00005f0a0000240b0000
181500004a17000010180000f6190000c11a0000a21c0000a0270000a2280000c5290000cd040000b7060000db060000
190700002007000027070000de0c00004d1100006b13000065160000c01a0000261b00004c1b0000c01b0000f21b0000
9f1c0000e71c00002d1d0000432500007c2e0000a02e00002930000048300000d2310000c032000026340000c13f0000
1c0100004601000082020000c3050000a5070000e2090000860a0000c10a0000290b0000dd120000d01a00006c1c0000
af1c0000fa1c00006f1f0000392000001b22000070230000ba000000fb020000330300007905000046060000ae090000
6a0a00002c0b00005d0b0000710b0000820b0000201f0000d31f0000d021000086220000302700005228000090290000
14000000af010000f70100008a020000eb02000015270000150000008c000000e90000006001000090010000b3010000
3f02000046020000c1020000e0020000e7020000170300008a0300007c070000f1070000040800001808000037080000
8108000071090000c50b0000d10d000057140000541d0000c41d0000861f0000ef1f00001b200000632000003e220000
fb2200000b2700001127000072270000eb2800005b02000014060000120b000042020000090000000700000075000000
a00100003a03000079070000770b00004b000000740000005b020000fb020000330300008a0500001406000046060000
78070000de090000350a0000680a0000120b00002c0b00005d0b0000710b0000a11a0000901c00003027000052280000
90290000110000002a00000042020000510200008a020000eb02000015270000d2000000490100004e02000072020000
85020000a8070000f6080000e509000058150000051d000073230000230000008f000000c1000000a0010000d9020000
3a030000840500007f060000770b0000ac0b00008d220000c0000000180100002701000032020000fe02000039030000
98030000c9030000ec0300005c04000077040000170500001b050000380500006b0500008305000099050000bf050000
49060000b5060000a00700003d0800004a08000081090000b8090000be090000c9090000700a0000790a0000830a0000
b50a00000a0b0000310b0000600b0000760b00009d0b0000140c0000550c00006f120000f1120000041300003b130000
0017000025180000131a0000051f0000251f0000641f00008f1f0000d61f00002d20000080200000ad200000ec200000
5c210000d32100000f2200004e2200008c2200005023000097240000662500006e260000a5260000b626000033270000
55280000f82800006b290000932900002d2a0000852a0000672c0000562f0000563300006033000085330000ae330000
ba330000f8340000173500003e3500005c350000c7350000e135000060360000b2380000033900003d390000b53a0000
3f3b0000073f0000c93f0000fa3f000012400000c5400000210000007a000000db000000f4000000b2010000cf010000
fd010000070200001a02000094020000ee0200007c070000f10700000408000018080000370800008108000071090000
c50b00007b0c0000930c0000b30d0000280e0000571400000c150000041800008c1d00009b1d0000861f00003e220000
9c22000040230000582300001827000081270000eb2800000c00000087000000f301000079070000770b0000c4220000
270000008400000095000000c4000000d00000002b010000a3010000ff0100002202000036020000f402000010030000
3d030000aa0300001d050000870500009c050000af050000890600009f060000b80600008307000095070000a1070000
eb070000300800004b080000df080000cd0900007f0a00007a0b0000a40b0000b60b0000230c00002b0c00005c0c0000
e20c00005e13000045150000a9170000991f0000e81f000090220000b922000054230000aa230000a224000003250000
67250000ab260000e02600003c2a00006a2c0000612f00000f3000007b320000613300005d350000463b000018400000
d5000000fa0000002e0100003c0100005302000070020000c3050000ba060000c80600001b070000a5070000e2090000
860a0000c10a0000290b0000b10c0000e60c00008d0d0000a30d000035120000dd1200003f13000061130000f2130000
55180000a31a0000d91a0000f11a0000fa1a0000351b0000391c00003f1c00006c1c0000951c0000af1c0000cc1c0000
d31c0000fa1c0000b01d00006f1f00003f2000001b2200004f3b00008a3b0000f43b0000ff3c0000283e0000303e0000
1c0000003a0000006c000000b8010000e0010000ef01000096020000b4020000e20200000b0300004703000079050000
46060000930600002807000047070000cf080000e2080000ae090000390a00006a0a0000e40a0000f60a00002c0b0000
5d0b0000710b0000820b00001d1500004a170000f6190000471d0000201f0000e31f0000d02100009a2200000d270000
53270000a927000052280000a228000090290000c5290000183b0000ad3b0000c03b0000f73b0000293c0000803e0000
41020000680200001406000013070000120b0000c41a0000a21c0000dd3b0000080000002f000000570000006b000000
78000000b7000000ef0100004102000056020000680200007e020000b4020000e20200000b0300008a05000014060000
460600007e0600009206000013070000280700004707000078070000ff080000de090000350a0000400a00005f0a0000
680a0000120b0000240b00002c0b00005d0b0000710b00001d1500004a170000f6190000ae1a0000c41a0000901c0000
a21c00009a2200000d27000053270000a927000052280000a228000090290000c5290000153b00002f3b0000dd3b0000
ef3b0000f73b0000293c0000803e00000b0100006202000067020000c9040000e5040000b20500001b06000012070000
bf070000eb090000820a0000110b0000130b0000270b0000871200005b18000030190000361a0000551c0000811c0000
931c00006d2b00002f3300008a33000088360000c0380000223900001f3a0000dc3b00003c410000d900000045020000
54020000a8070000f6080000e5090000bb0c000056180000a71a0000af1a0000401b0000051d00000d0000002c000000
4500000058000000f3010000a002000071030000840500007f060000770b0000ac0b0000c4220000080000002b000000
4a00000076000000780000008a000000d00000002b010000b0010000ef010000f201000019020000a50200003e030000
790300007e030000aa0300001d05000089050000af050000b8060000780700007a070000850700008c0700008f070000
03080000210800005d080000730800002509000056090000b1090000200a00007f0a0000710b0000750b00007b0b0000
b40b0000b90b0000110c0000e20c00005e13000003180000411800008b1800005b1a0000d01f0000512000002c220000
9a220000d122000079250000fc2900000e2a00002a2a0000052c00003a2c00002433000027330000733300006f350000
36360000d9380000463b000093410000000400000a0400002e04000054040000c5040000cc040000d2040000db040000
24060000d6060000da06000026070000d7070000aa0900005f0e0000850e0000da0e0000f60e00006c0f00008b0f0000
9510000099100000e81000000a11000017110000491100009b120000c7120000ed120000c8140000df15000003160000
0b1600001017000022170000491b0000521b00007d1b0000851b0000a31b0000bf1b0000f71b0000fa1b0000111c0000
151c0000691c0000731c0000281d000099200000d020000033210000472100001d25000042250000d2270000e9270000
0f2800008a280000de280000dd2a0000862b0000ba2c00002a2d00007b2e00009d2e0000d92f0000f02f000023300000
283000008f3000009f300000b1300000c9300000ce300000ef300000ff3000000e3100002d3100003d3100005e310000
6631000078310000bc310000c4310000c7310000d7310000da310000e6310000ed310000193200002732000038320000
44320000643200006f32000097320000bf3200001b3300008d3300001b340000f93800006439000093390000ab390000
d6390000e6390000323a00003e3a0000503c0000583c0000753c00007b3c0000603d0000a43d0000e43d00003c3e0000
ae3e0000273f0000b23f00009140000029410000700100007801000078020000ba060000c80600001b0700008e080000
96080000fc0800008e0a0000b00a0000170b0000d40c0000dc0c0000530d0000790d0000a20d0000e3100000f2100000
071100001312000023120000351200003f13000061130000ba130000ce130000f21300003b15000065150000e6160000
69170000891700003618000060180000a3190000161a0000371a0000be1a0000e31a0000f91a00000b1b0000391c0000
3f1c0000951c0000bc1c0000cc1c0000d31c000098270000b52800009d2900007b02000013070000ff080000240b0000
c11a0000a21c0000a0270000a2280000c52900007a0100007a020000cd040000d504000025060000b7060000db060000
19070000200700002107000027070000db07000098080000fe080000ba0a0000210b0000de0c0000f20d00009a100000
d01000001a1100004d110000421200006b13000015140000d114000065160000c01a0000261b00004c1b0000c01b0000
f11b0000f21b0000f81b0000051c0000161c00009f1c0000e71c00002d1d00001520000041200000dd21000014220000
20250000432500009d270000e2270000f42700008d280000ad280000cf280000d2280000e2280000ba290000e62a0000
8b2b0000bb2c00002d2d00007c2e0000a02e0000dc2f0000fb2f0000293000004830000049300000ac300000cf300000
12310000c8310000d23100009b320000c0320000f93200000733000098330000263400004a3f0000c13f000097400000
2a4100001c0100004601000082020000c305000016060000a5070000ab07000063090000e2090000860a0000c10a0000
290b0000800c0000aa0c00008f0d0000dd0d0000000e0000351000005b100000b7120000dd1200003713000072130000
e5130000fa1300002714000036140000461400001b170000c81a0000d01a00001e1b00002e1b00006c1c0000a71c0000
af1c0000db1c0000ee1c0000f41c0000fa1c00003e1f00006f1f00000020000039200000ef2100001b220000f0220000
70230000b02700005a280000de2900005b02000014060000de090000120b0000a11a0000901c00003027000052280000
90290000420200005102000015270000d2000000f6000000490100004d0200004e02000072020000850200001a060000
14070000a8070000b5070000f6080000e5090000ad0c0000360d0000d10d00000b0e00003e1400005714000058150000
b81a0000cb1a0000ec1a0000311b0000f71c0000051d0000fb22000073230000232700008a270000bb27000061280000
a5280000d5000000e7000000fa000000020100002e0100003c0100004d010000820100004b020000530200005d020000
70020000c305000016060000ba060000c80600001b070000a5070000ab0700008e08000096080000fc08000063090000
e2090000860a00008e0a0000b00a0000c10a0000170b0000290b0000920c0000a00c0000b10c0000e60c00003f0d0000
550d00005e0d0000870d00008d0d0000980d0000a30d0000b10d0000bd0d0000d50d0000e80d0000170e000035100000
5b100000e3100000f210000007110000131200002312000035120000b7120000dd120000371300003f13000061130000
72130000ba130000ce130000e5130000f2130000fa1300002714000036140000461400003d1500005d15000066150000
e61600001b170000691700008917000055180000a3190000161a0000371a0000a31a0000b61a0000d91a0000e41a0000
f11a0000fa1a0000001b0000161b0000241b0000351b0000391c00003f1c00006c1c0000951c0000a71c0000af1c0000
bc1c0000cc1c0000d31c0000db1c0000ee1c0000f41c0000fa1c0000731d0000b01d00003e1f00006f1f00000b200000
3f200000ef2100001b22000007230000772300002227000038270000672700005a280000b52800009d290000de290000
4f3b0000573b0000793b00008a3b0000e23b0000f43b0000bf3c0000d73c0000f13c0000ff3c0000083d0000383d0000
c23d0000013e0000283e0000303e00008c3e00004102000056020000680200007e0200001406000013070000ff080000
de090000120b0000240b0000ae1a0000c41a0000901c0000a21c00000d27000053270000a927000052280000a2280000
90290000c5290000dd3b0000ef3b0000803e00000b0100006202000067020000c8040000c9040000e5040000b2050000
1b06000012070000bf070000fa0800007a09000096090000e6090000ea090000eb090000820a0000110b0000130b0000
150b0000270b00006f0c0000680d0000221000003111000087120000f11200000413000033130000cb13000070140000
251800005b18000030190000131a0000361a0000a81a0000ad1a0000061b00005c1b0000d21b0000551c0000561c0000
811c00008f1c0000911c0000931c0000a51c0000d21c00000f1d00004f26000086260000402700004f270000d9270000
44280000622800009f28000053290000562900008a290000942900009b290000cd290000852a00006d2b00002f330000
8a330000be3300001834000088360000b43700008b380000bf380000c0380000223900003d3900001f3a00002f3a0000
963a0000cd3a0000e53a0000ff3a0000dc3b0000e03b00007a3e00001c3f0000af3f0000c54000003c410000d9000000
f500000057010000450200004c0200005402000061020000690200001a06000014070000a8070000b5070000f6080000
e5090000bb0c0000610d0000b30d0000280e00003e1400005714000056180000a71a0000af1a0000011b0000401b0000
f71c0000051d000018230000822300001a270000292700003f2700005727000061280000a5280000fa030000a7040000
c3060000e4060000f60600004507000073070000d70c00002a0d0000a00d0000f50d0000f60d00004a0e00002a0f0000
4c0f0000b70f0000ef0f0000a6100000b8100000c3100000e5100000eb100000f1100000691100003312000045120000
46120000541300009b130000e81300001814000019140000cc140000d3140000d41400001615000040170000e6180000
e21a0000f81a0000621b0000a81b0000cc1b0000fe1b0000381c0000b81c0000c81c00002a1d0000151e0000ae1e0000
2a2000004021000057210000fd210000cc230000362400002125000022250000302500004b25000099270000a0280000
9e290000512a00002e2b0000592b00005e2d0000db2d0000842e0000aa2e0000333000007d300000df300000f3300000
2f310000db31000008320000523200009c3200009e320000ac320000c8320000363400002b3f00004c3f00004d3f0000
b43f00008440000045410000764100009f00000072010000d8010000de01000076020000a4030000c3030000f9030000
180400007504000088040000e90400002005000042050000ea05000091060000a4060000e60600001207000037070000
460700005207000099070000fc0700001108000090080000cc080000d2080000fa0800003f0a0000a20a0000d90a0000
e90a0000150b0000340c0000a2100000b4100000d01000001a1100001b1500008b150000b71500001216000040160000
751600008f1600004f1700009a170000e4170000541900008b1a0000bc1a0000931c00008a1e0000152000002d210000
dd210000172500004c2500005f25000096270000a52700009f280000a1280000c6280000162900009b290000d2290000
e62a0000982c0000152d00001430000035300000503000005b3000009030000012310000f2310000363200008f320000
c9320000dd320000f03200007f330000a5330000a833000085340000b8340000f3350000d63e0000813f0000933f0000
97400000fb0600005b07000065160000261b0000e71c00002d1d0000f81f0000c2210000432500005b2a000065300000
c0320000c13f00004b400000a40000007a010000760200002003000024030000ab030000b5030000f504000020050000
61050000a30500008d060000a5060000a7060000b1060000fb060000120700003707000046070000520700005b070000
db07000098080000fa0800001209000016090000570a0000ba0a0000150b00004f0b0000530b00003b0c0000420c0000
440c00009a100000d01000001a1100001b1500008b150000b7150000121600004016000065160000751600008f160000
4f1700009a170000e4170000541900008b1a0000bc1a0000261b0000931c0000e71c00002d1d0000f81f000015200000
c2210000dd210000012500000225000016250000432500004c2500005f25000096270000a52700009f280000a1280000
c6280000162900009b290000d22900005b2a0000e62a0000712c0000ff2c000015300000503000005b30000065300000
81300000cf30000012310000793200007a3200008e320000c0320000c9320000dd320000f03200009833000085340000
b8340000f3350000dd3e0000fa3e0000fc3e0000813f0000933f0000c13f00004b40000097400000150000008c000000
e8000000a8010000b30100003f02000046020000c1020000e702000017030000be050000bb0600007c070000f1070000
040800001808000037080000840b0000c40c0000f40c0000360d00000b0e00003e1400007d150000b81700005e1a0000
541d0000ef1f0000dd2200008b230000bc2300000b2700001127000072270000eb280000a10100003b030000780b0000
58150000051d0000732300000700000075000000d902000079070000ac0b00008d2200002400000091000000c2000000
f6000000a10100003f02000046020000c1020000dc020000dd020000e7020000170300003b0300008505000081060000
b50700001808000037080000780b0000870b0000ae0b0000af0b0000ad0c0000360d00000b0e00003e14000058150000
7d150000b81700005e1a0000051d00008e22000096220000d8220000732300008b230000bc2300000b27000011270000
72270000eb2800001d0000003b0000006e000000d5000000ee000000f30000004c010000530100005a010000ae010000
b9010000cb010000e1010000f1010000040200002102000099020000b6020000e60200000c0300004a030000f5030000
01040000c0040000ce0400007a050000c1050000de0500004706000095060000c0060000dc0600002907000048070000
a5070000aa070000b1070000b8070000ed0700000b080000b1080000d0080000e40800006d0900009d090000af090000
3d0a00006c0a0000e50a0000f80a00002d0b00005e0b0000720b0000850b00009f0b0000bd0b0000160c0000280c0000
7f0c0000b10c0000ce0c0000f70c0000000d0000140d00002b0d0000390d0000640d0000760d0000810d0000b10d0000
b40d0000d90d0000dc0d00000e0e0000170e00002f0e0000d10e0000720f0000ff0f00005a100000b910000037110000
3e11000045110000571100007111000097110000bb110000c811000021120000cf120000881300009513000041140000
461400004e140000511400005c1400005e1400007f14000093140000bf140000ec1400001e1500008015000086150000
00160000b01600004b170000bb170000d81700002e180000f8190000641a0000801a0000001b00007a1b0000f41c0000
491d00008b1d00008d1d0000a41d0000d21e0000d71e0000211f0000911f0000b81f0000e41f00000d20000033200000
d1210000332200003a2200006a2200009d2200009e220000e722000000230000112300001d2300003923000044230000
682300007723000095230000bf230000c1240000232500006c2500007e250000a3250000aa250000b2250000c5250000
e725000061260000b8260000f926000010270000142700005427000076270000ac270000c827000053280000a3280000
e828000091290000c7290000bf2a0000cc2a00008c2c0000802f00002a3000009f320000c4330000cc330000fe330000
0c34000062350000743500009d350000a5350000ae350000c13500002a380000a83a00001a3b0000ae3b0000c23b0000
f93b00002a3c00009b3c0000813e0000244000000600000056000000b3000000f201000019020000f402000010030000
750500007d0600000308000030080000330a00005d0a0000750b0000b60b0000110c0000230c000045150000a9170000
991f000090220000d122000054230000aa2300006725000079250000ab260000e02600005d3500006f350000133b0000
18400000d10000002c010000b1010000f1010000400300007a0300001e050000b0050000b906000026090000b2090000
210a0000800a0000720b00007c0b0000b50b0000e50c0000870d0000980d0000db0d0000ea0d000035100000e3100000
a311000060130000e51300005d140000b71400005c1500001c17000042180000551800008c1800005c1a0000e41a0000
1d1b0000351b00007a1b0000bc1c0000fa1c0000001d0000081d0000151d00001c1d0000d11f0000542000002f220000
9d220000fe220000762300008523000086250000182600008d260000fd290000102a0000062c00003c2c00007f350000
3836000060380000da380000d43a0000473b0000f13c000094410000080000002b0000004a0000007600000078000000
8a000000fe0000007e010000f20100001902000096020000a5020000ec020000f8020000470300007e030000aa030000
720400008905000043060000780700007a070000850700008c0700008f07000003080000210800005d08000073080000
930800005609000060090000ad0a0000750b0000820b0000980b0000b40b0000b90b0000e30b0000f50b0000110c0000
8f0c00003013000045150000a917000003180000991f000091220000cc220000d122000054230000aa23000079250000
c925000042260000ab260000e02600002a2a00002433000027330000733300006f3500000a380000893a0000763b0000
184000001a050000320500004d0700005a070000ed120000c1150000051700007d1b0000851b0000fa1b0000731c0000
281d0000d02000004721000042250000ba2800007b2900004f2a00005630000064300000b2300000be300000bc310000
da31000027320000443200006f320000bf320000e332000005330000ab390000d03900003e3a0000f13a00008c3c0000
3c3e0000b23f00004a4000002907000048070000a20d000035120000f2130000191500004b17000012180000f8190000
f91a00000b1b0000391c00003f1c0000cc1c0000d31c0000a2270000a3280000c7290000a0000000a9000000db010000
260200007b0200007e0600009206000013070000cf080000e2080000ff080000400a00005f0a0000e40a0000f60a0000
240b0000c11a0000a21c0000a0270000a2280000c5290000a4000000de0100007602000020030000ab030000b5030000
7504000088040000a5040000a30500008d060000a5060000a7060000b1060000b7060000db060000fb06000002070000
120700005b0700005c07000070070000fc07000011080000d2080000fa08000012090000570a0000e90a0000150b0000
4f0b0000420c0000de0c0000f20d00004d110000421200006b13000015140000d1140000bc1a0000051c0000161c0000
931c0000141e00008a1e0000ad1e0000f81f0000fc1f000029200000412000002d2100003f21000056210000c2210000
c6210000fc21000014220000e923000035240000012500002025000096270000a52700009f280000a1280000c6280000
162900009b290000d2290000542a00005b2a00005d2a00002d2b0000572b00008b2b0000712c0000ff2c000015300000
2930000065300000663000007a30000081300000c8310000f2310000063200003632000051320000793200009b320000
f0320000a5330000a833000026340000f3350000fa3e00004a3f00004b4000004d400000804000002a41000044410000
75410000fc02000035030000470600002d0b00005e0b0000720b0000dd120000d01a00006c1c0000af1c0000fa1c0000
6f1f0000392000001b220000702300003127000053280000912900004b000000740000005b0200008a05000014060000
78070000ae090000de090000350a0000680a0000120b0000820b0000a11a0000901c0000201f0000d31f0000d0210000
86220000302700005228000090290000110000002a000000af010000f701000042020000510200001527000024000000
91000000c2000000d200000049010000a1010000b3010000b40100003f02000046020000dc0200003b03000043030000
850300008505000081060000a8070000f107000004080000780b00007e0b0000ae0b0000c00b0000d10d000057140000
ec1a0000311b0000f71c0000541d0000c41d0000861f0000ef1f00001b200000632000003e2200008e220000fb220000
0b2700001127000072270000eb28000047000000550000000b0100000c0200001302000018020000a7030000da030000
77040000780400006905000086050000b2050000fc050000030600007c060000bf070000020800004509000047090000
b8090000be090000fa090000120a0000320a0000340a00003b0a0000610a0000820a0000f40a0000f50a0000090b0000
9d0b0000d40b0000e90b0000100c0000140c000087120000f112000004130000f617000025180000f4190000131a0000
061b0000d21b0000d21c00000f1d0000051f0000251f0000641f00008f1f0000d61f00002d20000080200000ad200000
ec2000005c210000d32100000f2200004e2200008c22000050230000662500006a25000034260000382600006e260000
86260000a5260000b62600003327000055280000f82800006b29000093290000ed290000852a00002f3300008a330000
f8340000173500003e3500005c35000060350000c7350000e135000055360000ab380000cb380000ed3800003d390000
7b3a00007f3a0000b53a0000cd3a0000123b0000d03e0000d23e0000053f0000af3f0000c93f0000fa3f000012400000
75400000c54000000f0000002d000000460000005a000000d9000000b2010000cf010000f4010000f6010000fd010000
050200001a020000a2020000730300008505000081060000a8070000f107000004080000780b00007e0b0000ae0b0000
c00b0000bb0c0000b30d0000280e000057140000011b0000f71c00008c1d00009b1d0000861f00003e2200009f220000
c6220000c72200004023000058230000822300001827000081270000eb280000f1010000b6020000e60200000c030000
4706000029070000480700002d0b00005e0b0000720b00008d0d0000a30d000035120000dd120000f21300001e150000
4b17000055180000f8190000d91a0000f11a0000fa1a0000351b0000391c00003f1c00006c1c0000af1c0000cc1c0000
d31c0000fa1c0000b01d00006f1f00003f2000001b2200009d2200001027000054270000ac27000053280000a3280000
91290000c7290000f93b00002a3c0000ff3c0000283e0000303e0000813e0000080000002f000000570000006b000000
78000000b7000000b8010000e00100004102000056020000680200007e02000096020000470300008a05000014060000
7e060000920600001307000078070000cf080000e2080000ff080000ae090000de090000350a0000400a00005f0a0000
680a0000e40a0000f60a0000120b0000240b0000820b0000ae1a0000c41a0000901c0000a21c0000471d0000201f0000
e31f0000d02100000d27000053270000a927000052280000a228000090290000c5290000153b00002f3b0000ad3b0000
c03b0000dd3b0000ef3b0000803e0000190100002901000034020000ed0300005d040000180500006c050000c0050000
b606000082090000cb0900007a0a0000840a0000b60a00000c0b0000570c00000a0d0000930d0000970d0000260f0000
420f0000690f00000210000039100000e21000005f11000095110000be11000070120000ab120000e5120000f4120000
f512000007130000081300003d1300008b130000e2130000e7130000f513000026180000291800002d18000064180000
da190000141a0000151a0000231a00003e1a0000761b0000e51b0000601c0000b21c0000061f0000651f0000921f0000
2e200000ae200000ed200000102200004f220000522300001e24000062240000982400006f260000a6260000b9260000
862a0000992a0000bc2a0000922b0000932e0000572f0000d433000002340000303400006136000020370000b3380000
04390000353900004039000041390000b2390000b63a0000413b0000ee3c0000093f0000ca3f0000fb3f000013400000
a6400000c7400000c84000002f410000c0000000fe0200003903000098030000c9030000ea0300006704000077040000
1b0500003805000083050000990500002f0600004906000062060000a00700003d0800004a0800008a08000072090000
7e090000b8090000be090000700a00008a0a0000310b0000600b0000760b00009d0b0000140c00007c0c00008b0c0000
680d00008d0e000022100000721200002a1300003413000066130000cb13000070140000211600000017000024170000
2c1700001c18000078180000871800000a1a00003f1a0000521a0000581a0000251f0000d61f0000802000005c210000
d32100008c220000f323000085240000662500004f2600003327000055280000f82800006b290000932900002d2a0000
6e2a0000cb2b0000ff2b0000102c0000672c0000e02c0000563300006033000085330000ae330000ba330000f8340000
173500003e3500005c350000c7350000e1350000e2360000af3800006e390000c3390000963a0000533b00001c3f0000
51400000fc4000000e4100008d410000210000007a000000e6000000f4000000170100002f010000b2010000cf010000
fd0100001a0200009402000098020000ee02000049030000be050000bb0600007c070000f10700000408000018080000
37080000840b0000610d00003e1400000c1500006f150000a1150000b817000004180000671800008f1800005e1a0000
182300001827000081270000eb2800001d0000003b0000006e000000e7000000ec000000fb0000001b0100004d010000
6a01000093010000b9010000e1010000f1010000990200009a020000b6020000e6020000ea0200000c0300004a030000
4b03000094030000f503000001040000c0040000ce0400007a050000c205000047060000950600002907000048070000
ab070000b0070000b2070000b8070000c5070000cc070000d3070000e50700001e080000340800005008000062080000
88080000d0080000e408000074090000af0900003d0a00006c0a0000e50a0000f80a00002d0b00005e0b0000720b0000
850b0000860b0000cf0b0000b00c0000b70c0000be0c0000000d0000140d00002b0d00003d0d00005e0d0000600d0000
710d0000b20d0000db0d0000ea0d0000100e0000210e00002d0e0000d10e0000720f0000e20f0000ff0f00004c100000
801000009b100000b9100000f41000001d11000084110000a3110000e6110000541200008e120000b812000016130000
8813000095130000361400003b14000042140000501400005c1400005d140000aa140000b7140000081500001e150000
6e150000701500009a150000a515000000160000ab160000bf1600004b170000b1170000bc1700000b18000033180000
3e18000055180000701800007e1800009f1800006e1900007b190000f81900006e1a0000351b00007a1b0000fa1c0000
491d0000ce1d0000e11e0000211f00008d1f0000e41f0000ff1f00001e20000024200000662000007221000089210000
d1210000412200009d220000fe220000072300001f230000862500009325000010270000142700005427000076270000
ac270000c827000053280000a3280000e828000091290000c72900002f2a0000412a0000942a0000a82a0000d42a0000
012b0000212b00004c2b0000b02b0000e72b0000122c0000532c0000512d0000bb2d0000d03000001631000035330000
3d33000066330000783300007c340000af340000ed340000353500007f3500008d350000c53600004f3900001a3b0000
ae3b0000c23b0000f93b00002a3c00009b3c0000813e00009f4100000c020000fc050000f40a0000d40b00005b180000
30190000361a0000811c0000342600006d2b00001f3a00007b3a0000d03e00003c410000f4010000780b000056180000
401b0000051d0000c62200000c00000087000000a00200007103000079070000ac0b00000600000056000000b3000000
a3010000a50200003d0300007e030000750500007d060000eb070000210800004b0800005d080000330a00005d0a0000
7a0b0000b90b000003180000411800008b1800005b1a0000e81f0000512000002c2200002a2a00003c2a0000052c0000
3a2c00006133000073330000133b00009341000047000000550000000c020000fe02000039030000a7030000da030000
150500001b0500003805000086050000fc050000490600007c0600001c0800003d0800004a0800004e08000045090000
470900007a09000096090000fa090000fe090000120a0000160a0000320a0000340a00003b0a0000610a0000f40a0000
310b0000600b0000760b0000d40b00006f0c0000680d0000221000003111000033130000cb1300007014000021160000
00170000241700002c170000f6170000fd170000021800005b180000781800008718000030190000f4190000f5190000
091a0000361a00003f1a0000521a0000581a0000811c0000f123000085240000342600004f2600003327000055280000
f82800006b29000093290000ed290000022a0000292a00002d2a00006d2b0000cb2b0000ff2b0000102c000056330000
6033000064330000ae330000ba330000be33000018340000c7350000e135000055360000ab380000cb380000cf380000
ed380000c33900001f3a00007b3a0000963a0000123b0000d03e00001c3f0000584000007540000077400000fc400000
0e4100003c4100008d4100000f0000002d000000460000005a000000f500000057010000f4010000940200009b020000
a2020000a3020000ee0200004c03000073030000740300008505000081060000b50700001808000037080000780b0000
870b0000ae0b0000af0b0000610d00003e1400000c1500006f150000a1150000b8170000041800005618000067180000
8f1800005e1a0000401b0000051d0000c6220000182300001827000081270000eb280000d10000002c01000000020000
24020000370200001e050000b0050000b9060000e0080000ce090000800a0000a50b00002c0c00005d0c0000e50c0000
870d0000980d0000b40d00002f0e000035100000e310000097110000c811000060130000e51300005e14000046150000
aa1700002e180000581800005f18000065180000a2190000db190000e41a00003c1b00007a1b0000e91b0000171c0000
bc1c0000011d00009b1f0000ba22000055230000ad230000a324000005250000ac260000e2260000bf2a0000822b0000
952b0000972e0000622f0000c93100007d3200000c340000473b0000f13c000019400000270000008400000095000000
c4000000fe0000007e010000a30100009d020000f4020000100300003d03000066030000aa0300007204000087050000
9c050000320600006d060000890600009f0600002b0700005d0700008307000095070000a1070000eb07000030080000
4b0800009308000060090000ad0a00007a0b0000a10b0000b60b0000230c00008f0c0000301300000c18000020180000
411800008b1800005b1a0000e81f0000512000002c22000090220000672500003c2a0000442a0000752a0000052c0000
3a2c00006a2c0000eb2c00000f30000067300000613300005d350000763b000093410000fb0e0000e4150000ee270000
f52f000098390000db390000623d0000a63d0000b53e00002f3f000093400000bc130000d01300006b170000181a0000
a8290000960a0000b40a00001b0b00008a170000381a0000bd1c00001a0400004b050000a70a0000de0a0000320f0000
9d130000f013000042160000871700009f170000b41c0000e8210000ec2100001524000057240000a6290000172d0000
132e0000933000006031000037340000e33e0000833f0000983f0000994000009f400000da40000042410000ca290000
e60a0000fb0a00008a170000381a0000bd1c0000ca29000020140000e8210000f6270000bf290000fd2f00000c330000
4f3f000099400000df0d0000050e00005d100000ba120000fd13000029140000391400004a140000411f000002200000
f1210000f5220000b52700005d280000e329000018060000ad0700006e090000810c0000ab0c0000900d000036100000
3813000073130000e61300001d170000c91a00001f1b00002f1b0000a81c0000dc1c0000ef1c0000f51c0000e4000000
f30000004a020000880d00005c15000057180000eb000000ab010000c0050000bd0600008f0b0000c90c0000f60c0000
010d00001d0d0000380d00003e0d0000860d00008b0d00000d0e0000150e0000340e000039100000e41000005c110000
4014000044140000631400005b1500007f150000ba170000611a0000df1a0000e91a0000461b00000b1d0000e2220000
90230000be2300000f2700003227000054280000922900001727000052020000e4020000b10b0000ed1a0000321b0000
f81c00008f220000b30900008d0b0000900d000036100000e61300001d1700001f1b00002f1b0000dc1c0000ef1c0000
f51c0000221f0000d51f0000d221000089220000322700005428000092290000b1010000fa010000880d00005c150000
5718000017270000380d0000d60d00000d0e0000401400005a140000fd220000252700008f270000bd27000063280000
a8280000f80000004f0200001b06000015070000b6070000ae0c0000b91a0000cc1a0000ed1a0000321b0000f81c0000
ee0300006c0400006706000083090000920a00008f0e0000d70e0000270f0000c40f00006011000074120000ad120000
e61200002c130000ea1300007214000085140000a8140000fe1500002416000031170000741b0000b71b0000621c0000
ad1c0000351d0000f523000087240000df2400008b2500005a2600005e260000712a0000cd2b0000012c00001b2c0000
e52c00009e2f0000d53300003134000085350000e4360000bc370000b43800003639000070390000c83900003a3a0000
a13a0000a53a00005b3b0000f73c00001e3f0000243f00005f3f0000c73f00005e400000fe400000134100008f410000
190100003101000054030000c0050000bd0600008f0b0000200d0000930d0000990d000039100000e41000005c110000
401400004414000063140000a3150000ba17000092180000611a00000b1d00000d2300001b2300001c2300007b230000
76030000b10b0000f81c000083230000890100006b030000740400006f060000620700006a090000b20a0000a60b0000
a50d0000df12000032130000f31300003c140000ab14000001160000b01c0000031d0000251d0000381d00005c200000
372200002123000080230000e22400004525000094250000462a0000772a0000072c00003f2c0000ed2c0000a12f0000
6c300000c23200008e3500007b3b0000003d000095410000580d00001b0e00005d100000ba120000bc130000d0130000
fd13000029140000391400004a140000401500006b170000181a0000411f0000f12100000b2300003b2700005d280000
a8290000e3290000c13c0000d93c00000d3d00003a3d0000913e00004f0100008d0100005f02000018060000ad070000
6e090000960a0000b40a00001b0b0000361000003813000073130000e6130000681500001d1700008a170000381a0000
e61a0000a81c0000bd1c0000dc1c0000ef1c0000f51c0000792300005f3b00007d3b0000e63b0000f23c0000c33d0000
023e0000b42700005428000092290000ca290000823e0000e501000052030000b3090000e60a0000fb0a00008d0b0000
36100000e6130000681500001d1700008a170000381a0000e61a0000bd1c0000dc1c0000ef1c0000f51c0000221f0000
d221000079230000b42700005428000092290000ca290000af3b0000c53b0000f23c0000c33d0000023e0000823e0000
0f130000721400005a260000dc27000046280000582900008c290000a6290000872a00008d38000048390000a13a0000
e83a0000013b00007c3e00001e3f0000ca4000002b0e0000401400005a1400001b230000412700005a27000063280000
a828000058010000620200006a0200001b06000015070000b6070000f81c00008323000089010000fd02000052030000
74040000480600006a090000b20a00008d0b0000e50b0000fa0b0000a50d000072110000bc110000df12000032130000
f313000001160000ab1700004a1c00006e1c0000891c0000b01c0000f51c00000f2000003a20000079230000b5230000
cb25000044260000ad260000e5260000cd2a0000742b00007b2b0000ff330000aa3700000d380000273a00008b3a0000
7b3b0000003d00001a4000004713000065130000f3130000991c0000cd1c0000d41c00001d0100004701000083020000
c4050000a6070000e3090000870a0000c20a00002a0b0000df120000d11a00006e1c0000b01c0000fc1c0000701f0000
3a2000001c22000071230000e0000000fb000000570200008c0d0000f01a0000021b0000190000008d000000ea000000
6101000091010000b50100004002000048020000c2020000e1020000e8020000180300008b0300007e070000f2070000
0508000019080000380800008208000072090000c60b0000d30d000058140000551d0000c51d0000871f0000f01f0000
1c200000642000003f220000fc2200000c2700001227000073270000ec28000043020000120000002b00000043020000
520200008b020000ec02000016270000d30000004a0100004f0200007302000086020000a9070000f7080000e6090000
59150000061d0000742300007e000000d00100001b0200007e070000f207000005080000190800003808000082080000
72090000c60b00007c0c0000940c0000290e0000581400000d15000005180000871f00003f220000a322000041230000
5923000082270000ec280000c4050000a6070000e3090000870a0000c20a00002a0b0000b30c0000f10c0000a50d0000
df1200004713000065130000f3130000a51a0000fc1a0000371b00006e1c0000991c0000b01c0000cd1c0000d41c0000
fc1c0000701f00001c220000503b00008b3b0000f53b0000003d0000293e0000313e0000a9070000f7080000e6090000
bc0c0000a81a0000b01a0000411b0000061d0000960a0000b40a00001b0b00004713000065130000bb130000cf130000
f31300006a1700008a170000171a0000381a0000991c0000bd1c0000cd1c0000d41c0000a42900001d01000047010000
83020000c405000018060000a6070000ad0700006e090000e3090000870a0000c20a00002a0b0000810c0000ab0c0000
900d0000de0d0000010e0000361000005c100000b9120000df1200003813000073130000e6130000fb13000028140000
37140000481400001d170000c91a0000d11a00001f1b00002f1b00006e1c0000a81c0000b01c0000dc1c0000ef1c0000
f51c0000fc1c00003f1f0000701f0000012000003a200000f02100001c220000f122000071230000b12700005c280000
df290000e0000000e4000000f3000000fb0000004a020000570200003d0d0000630d0000880d00008c0d0000ac0d0000
d90d00005c15000057180000f01a0000021b000020270000430200005202000016270000d3000000f80000004a010000
4f02000073020000860200001b06000015070000a9070000b6070000f7080000e6090000ae0c0000370d0000d30d0000
0c0e00003f1400005814000059150000b91a0000cc1a0000ed1a0000321b0000f81c0000061d0000fc22000074230000
242700008b270000bc27000062280000a62800004f0100008d0100005f020000c405000018060000a6070000ad070000
6e090000e3090000870a0000960a0000b40a0000c20a00001b0b00002a0b0000b30c0000f10c0000570d0000a50d0000
190e0000361000005c100000b9120000df12000038130000471300006513000073130000bb130000cf130000e6130000
f3130000fb1300002814000037140000481400003f150000681500001d1700006a1700008a170000171a0000381a0000
a51a0000e61a0000fc1a0000371b00006e1c0000991c0000a81c0000b01c0000bd1c0000cd1c0000d41c0000dc1c0000
ef1c0000f51c0000fc1c00003f1f0000701f0000f02100001c22000009230000792300003a2700005c280000a4290000
df290000503b00005f3b00007d3b00008b3b0000e63b0000f53b0000c03c0000d83c0000f23c0000003d0000093d0000
393d0000c33d0000023e0000293e0000313e00008f3e000058010000620200006a0200001b06000015070000a9070000
b6070000f7080000e6090000bc0c0000290e00003f14000058140000a81a0000b01a0000411b0000f81c0000061d0000
1923000083230000402700005827000062280000a62800004b0e0000ba0f0000581300009d130000ea13000020140000
2414000044170000631b0000ab1b0000ba1c0000ca1c000001220000d323000037240000a6290000dc2d0000ab2e0000
31310000dc31000037340000333f00004f3f0000513f0000b83f0000854000004641000077410000eb00000065010000
92010000e50200008f0300008408000073090000ca0b0000010d00001d0d00008a0d00008b0d00009e0d0000a80d0000
d60d0000d70d00005c11000031120000e21200004c1400005a1400005b140000ef1a0000fe1c0000c91d0000891f0000
1d2000006520000040220000fd2200000523000024230000882300000f270000190000008d000000ea000000aa010000
b50100004002000048020000c2020000e802000018030000bf050000bc0600007e070000f20700000508000019080000
380800008b0b0000c50c0000f50c0000370d00000c0e00003f1400007e150000b91700005f1a0000551d0000f01f0000
de2200008c230000bd2300000c2700001227000073270000ec280000a20100003c030000790b000059150000061d0000
742300002600000092000000c3000000f8000000a20100004002000048020000c2020000e4020000e802000018030000
3c0300008605000084060000b60700001908000038080000790b0000920b0000b10b0000b30b0000ae0c0000370d0000
0c0e00003f140000591500007e150000b91700005f1a0000061d00008f22000097220000d9220000742300008c230000
bd2300000c2700001227000073270000ec2800003f00000055010000cd010000e501000052030000f803000002040000
c3040000cf0400007e050000df05000048060000dd060000a6070000b3070000ef070000b20800006e0900009e090000
b3090000460a00006d0a0000e60a0000fb0a00002e0b00005f0b0000730b00008d0b0000be0b00001a0c0000290c0000
810c0000b30c00002d0d0000de0d0000190e0000310e0000d20e0000730f0000001000005c100000381100003f110000
461100005811000072110000bc110000c911000089130000961300004814000052140000601400008014000094140000
c0140000ed140000221500008815000001160000b11600004c170000d9170000fb190000811a00007b1b0000f51c0000
221f0000b91f00000f200000d2210000342200003b2200006b220000a5220000a9220000132300003b23000046230000
79230000c224000024250000702500007f250000a4250000ab250000b3250000c6250000e825000062260000bf260000
fa26000078270000b4270000cb27000054280000e928000092290000ca290000c02a0000cd2a00008d2c0000812f0000
2b300000a0320000c5330000cd330000ff3300000d34000066350000753500009e350000a6350000af350000c2350000
2b380000a93a00001f3b0000af3b0000c53b0000fa3b00002b3c00009c3c0000823e0000274000001f050000b1050000
27090000b3090000220a0000810a0000730b0000ed0c0000ec0d000036100000a511000063130000e6130000b8140000
1d170000e61a00001f1b0000371b00007b1b0000bd1c0000fc1c0000161d00001d1d0000d51f00005c20000037220000
a522000087250000192600008e260000fe290000132a0000072c00003f2c0000803500003936000061380000db380000
d53a0000483b0000f23c000095410000f31300004c170000fb190000cd1c0000d41c0000ca290000fd02000036030000
480600002e0b00005f0b0000730b0000df120000d11a00006e1c0000b01c0000fc1c0000701f00003a2000001c220000
712300003227000054280000922900008f020000ed0200008c0d0000f01a0000021b000017270000120000002b000000
b0010000f80100004302000052020000162700002600000092000000c3000000d30000004a010000a2010000b5010000
4002000048020000e40200003c03000044030000860300008605000084060000a9070000f207000005080000790b0000
7f0b0000b10b0000c10b0000d30d000058140000ed1a0000321b0000f81c0000551d0000c51d0000871f0000f01f0000
1c200000642000003f2200008f220000fc2200000c2700001227000073270000ec280000470000005d000000d0010000
1b020000760300008605000084060000a9070000f207000005080000790b00007f0b0000b10b0000c10b0000bc0c0000
290e000058140000f81c0000871f00003f220000aa220000c9220000cb22000041230000592300008323000082270000
ec280000480600002e0b00005f0b0000730b0000a50d0000df120000f3130000221500004c170000fb190000fc1a0000
371b00006e1c0000b01c0000cd1c0000d41c0000fc1c0000701f00001c220000a5220000b42700005428000092290000
ca290000fa3b00002b3c0000003d0000293e0000313e0000823e0000ee0300005e040000190500006d05000083090000
7b0a0000580c0000270f0000430f0000700f000060110000c011000074120000ad120000e61200000f13000013130000
43130000e3130000781b0000e71b0000621c0000b41c0000b0200000ee200000502200001f240000632400009c240000
73260000a7260000c1260000872a00009a2a0000bd2a0000932b0000952e00005b2f0000d53300000434000031340000
6236000021370000b43800000539000036390000483900004c390000b3390000ba3a0000423b0000ef3c00000a3f0000
cb3f0000fc3f000014400000ae400000ca400000cc400000334100008408000073090000ca0b00007d0c0000950c0000
200d00001d0e00002b0e00002c0e00005c11000031120000e21200004c1400005a1400005b140000d41a0000da1a0000
391b0000fe1c0000891f000040220000a7220000422300005b2300007e0000001801000030010000d00100001b020000
50030000bf050000bc0600007e070000f20700000508000019080000380800008b0b00003f1400000d150000a2150000
b917000005180000901800005f1a00001923000082270000ec2800003f0000001d0100004f010000e501000052030000
56030000f803000002040000c3040000cf0400007e050000c405000048060000ad070000b3070000c6070000cd070000
d4070000e6070000350800005408000063080000b3090000460a00006d0a0000e60a0000fb0a00002e0b00005f0b0000
730b00008d0b0000910b0000b90c00002d0d0000ec0d0000230e0000d20e0000730f0000e30f00000010000081100000
9c1000001e110000a5110000e7110000551200008f120000b9120000171300008913000096130000371400003c140000
52140000ab140000b81400000a150000221500009c150000a715000001160000c01600004c170000b3170000be170000
7c190000fb190000371b00007b1b0000fc1c0000e21e0000221f00000120000026200000732100008a210000d2210000
a52200000923000021230000872500009425000078270000b4270000cb27000054280000e928000092290000ca290000
332a0000422a0000952a0000a92a0000d52a0000022b0000222b00004d2b0000b12b0000e82b0000192c0000542c0000
522d0000bc2d0000d130000017310000363300003e3300006a330000793300007d340000b0340000ee34000036350000
803500008e350000c6360000503900001f3b0000af3b0000c53b0000fa3b00002b3c00009c3c0000823e0000a2410000
790b0000411b0000061d0000c9220000470000005d000000580100005703000076030000780300008605000084060000
b60700001908000038080000790b0000920b0000b10b0000b30b00003f1400000d150000a2150000b917000005180000
901800005f1a0000411b0000061d0000c92200001923000082270000ec2800001f050000b1050000810a0000a60b0000
2d0c00005e0c0000ed0c0000310e000036100000c911000063130000e613000060140000ab170000e61a00003e1b0000
7b1b0000ea1b0000181c0000bd1c0000031d0000be220000b5230000a424000008250000ad260000e5260000c02a0000
832b0000962b0000982e0000632f0000ca310000803200000d340000483b0000f23c00001a400000ee0300005e040000
6c040000fb0400006706000083090000920a00008f0e0000d70e0000270f0000430f0000c40f00006011000074120000
ad120000e61200002c130000ea1300007214000085140000a8140000fe1500001e1600002416000031170000741b0000
b71b0000621c0000ad1c0000351d00000e1e00002f1e0000f523000087240000df2400008b2500005a2600005e260000
712a0000cd2b0000012c00001b2c0000e52c0000322d0000f92e00009e2f0000d5330000313400000335000085350000
69360000e436000024370000bc370000b438000005390000363900007039000090390000b3390000c8390000eb390000
3a3a0000633a0000673a0000a13a0000a53a00005b3b0000523c00007f3c0000f73c0000763d0000843d0000ea3d0000
423e00001e3f0000243f00005f3f0000c73f00005e400000fe4000000b410000134100008f4100001901000031010000
54030000c0050000bd0600009c0a0000b60a0000390b00008f0b0000200d0000930d0000990d000039100000e4100000
5c1100009a130000ed130000f5130000401400004414000063140000a315000096170000ba17000092180000441a0000
611a00000b1d00004b1f0000521f0000531f0000751f00000d2300001b2300001c2300007b23000076030000430b0000
b10b0000f81c0000781f000083230000890100006b03000074040000fd0400006f060000620700006a090000b20a0000
ca0a0000400b0000a60b0000a50d0000df12000032130000f3130000f71300003c140000ab14000001160000b01c0000
031d0000251d0000381d0000301e0000551f0000771f00005c20000024220000372200002123000080230000e2240000
4525000094250000462a0000772a0000072c00003f2c0000ed2c0000342d0000fa2e0000a12f00006c300000b4300000
28320000c2320000073500008e35000073360000283700007b3b0000003d00000c41000095410000300600008c080000
730900007d0c00008d0c00000a0d0000690d00006c0d0000700d00000210000023100000261000008311000033120000
e212000035130000671300008b130000cc130000cd130000db130000251700001e18000079180000891800000c1a0000
401a0000531a0000591a0000d41a0000d81a00000f1b0000761c0000b11c0000bf1c0000da1c0000fa090000f6170000
f4190000061b0000d21b0000d21c0000a2020000011b0000010100009e020000330600002d07000095080000900c0000
600d0000710d00008d0d000084110000351200000e18000021180000421800008c1800005c1a0000d91a0000031b0000
0a1b0000101b00003e1c0000771c0000eb0000006e01000092010000ab010000ae020000c005000030060000bd060000
8c080000730900009c0a0000b60a0000390b00008f0b0000c90c0000f60c0000010d00001d0d0000340d0000380d0000
3e0d0000860d00008b0d0000a00d0000a80d00000d0e0000150e0000340e000002100000231000002610000039100000
e41000005c1100008311000033120000e212000035130000671300008b1300009a130000cc130000cd130000db130000
ed130000f51300004014000044140000631400005b1500007b1500007f1500002517000096170000ba1700000c1a0000
401a0000441a0000531a0000591a0000611a0000df1a0000e91a0000461b0000761c0000b11c0000bf1c0000da1c0000
0b1d00007d1d0000841d0000851d0000ad1d00004b1f0000521f0000531f0000751f0000e2220000902300009a230000
be2300000f270000653b00007f3b0000053c00009e3c0000d43c0000d63c0000e43c0000fa3c0000023d0000cf3d0000
0b3e0000373e0000d1020000e4020000fa090000430b0000b10b0000f4190000ed1a0000321b0000d21b0000d21c0000
f81c0000b41d0000781f00008f2200000f3c00002f3e0000f1040000a6090000b3090000030a0000370b00008d0b0000
900d0000361000008e10000089110000ed120000e61300001d170000b6180000ba190000f3190000731a00001f1b0000
2f1b00008b1b0000941b0000fa1b0000791c0000d11c0000dc1c0000ef1c0000f51c0000011f0000111f0000221f0000
731f0000d51f0000d22100008922000096260000322700005428000092290000c23000002c310000bc310000da310000
e33300004a3400007d370000c9370000c4380000023a00001d3a0000443a0000dd3a0000033c00002e3e0000913f0000
77010000b1010000fa010000b1020000ba020000330600002d07000095080000880d0000a20d00008411000035120000
5c150000571800005c1a00003e1c0000771c00007f1d0000ae1d0000b11d0000a3230000172700007e000000d0010000
1b0200007e070000f20700000508000019080000380800008208000072090000540a0000e70a0000000b0000c60b0000
7c0c0000940c0000290e00004c130000661300000c140000581400000d1500004d17000005180000001a0000291f0000
601f0000671f0000871f00003f220000a3220000412300005923000082270000ec280000cf290000c000000018010000
2701000032020000fe0200003903000083050000bf05000049060000b5060000b8090000c9090000700a0000830a0000
b50a00000a0b0000310b0000600b0000760b00009d0b0000f112000025180000131a0000051f0000251f0000641f0000
8f1f0000d61f00002d200000d32100000f2200008c2200005023000033270000552800009329000021000000db000000
f4000000b2010000fd0100000702000094020000ee020000b30d00008c1d00009b1d0000182700000c000000f3010000
2700000095000000c4000000d00000002b010000a3010000ff0100002202000036020000f40200003d03000087050000
89060000b8060000df080000cd0900007a0b0000b60b000045150000991f000090220000542300001900000044000000
8d000000ea0000006101000091010000b5010000ea0100004002000048020000c2020000e1020000e802000018030000
620300008b03000083050000bf05000049060000b50600007e070000f207000005080000190800003808000082080000
72090000b8090000c9090000540a0000700a0000830a0000b50a0000e70a0000000b00000a0b0000310b0000600b0000
760b00009d0b0000c60b0000d00c0000f50c0000cb0d0000d30d0000f11200004c130000661300000c14000058140000
271500004d170000001a0000131a0000401d0000551d0000971d0000c51d0000d01d0000051f0000251f0000291f0000
601f0000641f0000671f0000871f00008f1f0000f01f00001c20000064200000d32100000f2200003f220000b5220000
fc2200000c2700001227000073270000c427000055280000ec28000093290000cf290000293b00004a3b00007e3b0000
b03b0000ca3b0000d43b0000fd3b00002c3c00001d3d00004b3e00004f3e0000833e0000120000002b00000048000000
6200000043020000520200008b020000ec0200007b0300008705000089060000b8060000df080000cd0900007a0b0000
b60b0000d90c0000431d00004b1d0000da1d0000991f0000ce220000162700003f00000055010000cd010000e5010000
52030000cd030000f8030000020400001b0400008e040000c3040000cf040000570500007e050000df05000048060000
dd060000a6070000b3070000ef070000b20800006e0900009e090000b3090000460a00004b0a00006d0a0000ac0a0000
e30a0000e60a0000ee0a0000fb0a00002e0b0000370b00005f0b0000730b00008d0b0000be0b00001a0c0000290c0000
810c0000b30c00002d0d0000de0d0000190e0000310e00006d0e0000d20e0000730f0000bb0f0000001000005c100000
381100003f110000461100005811000072110000bc110000c911000050130000731300008913000096130000a2130000
0314000011140000281400004814000052140000601400008014000094140000c0140000ed1400002215000088150000
bd1500000116000043160000b11600004c17000054170000a4170000d9170000fb190000811a00007b1b0000f51c0000
ef1d0000fc1d00001d1e0000421e0000221f00002b1f00002f1f00004d1f00005d1f0000631f0000731f0000b91f0000
0f200000d2210000f8210000342200003b2200006b220000a5220000a9220000132300003b2300004623000079230000
c224000024250000702500007f250000a4250000ab250000b3250000c6250000e825000062260000bf260000fa260000
78270000b4270000cb27000054280000e928000092290000b6290000ca290000e2290000c02a0000cd2a00008d2c0000
182d0000ef2e0000812f00002b300000973000001c320000a0320000c5330000cd330000ff3300000d34000021340000
293400005a340000fc3400000c3500000e35000066350000753500009e350000a6350000af350000c23500005a360000
7f36000083360000043700004b3700007f3700002b380000a2380000a93a00001f3b0000af3b0000c53b0000fa3b0000
2b3c00009c3c0000823e0000f13e0000383f0000523f0000843f00009d3f0000d23f0000274000009a4000001d000000
6e000000d5000000ee000000f30000004c0100005a010000ae010000b9010000f1010000040200002102000099020000
b6020000e60200000c030000c105000095060000c00600002907000048070000aa070000b80700000b080000d0080000
e40800009f0b0000ce0c0000f70c0000000d0000140d0000390d0000640d0000760d0000810d0000b10d0000b40d0000
d90d00000e0e0000b91000009711000021120000cf120000411400004e1400005c14000080150000bb1700002e180000
641a0000001b0000491d00008b1d00008d1d0000a41d0000d21e0000d71e0000911f0000e41f000033200000e7220000
002300001d2300006823000095230000bf230000102700001427000054270000a32800000600000056000000f2010000
19020000f40200007d06000003080000b60b000045150000991f00009022000054230000260000004f00000092000000
9b000000c3000000f800000099010000a20100004002000048020000c2020000e4020000e80200000203000018030000
3c030000620300008e030000ab03000075040000a5040000860500008e0500004d0600007c06000084060000b7060000
db060000b60700000208000019080000380800006a0800006c0800006e080000ee0800003c0900004f0900007a090000
cc090000d8090000b70a0000740b0000790b0000920b00009d0b0000b10b0000b30b0000c90b0000e60b0000f30b0000
ff0b0000ae0c0000de0c0000370d0000f20d00000c0e0000221000004d1100004212000033130000cb1300003f140000
d1140000591500007e15000014170000ac170000b91700005f1a0000061d0000461d0000581d0000811d0000b81d0000
d01d0000df1d0000141e0000bb1e0000bd1e0000ea1e0000501f00008f1f00009e1f0000a91f0000b01f00008f220000
97220000d9220000e1220000742300008c230000bd230000c523000020250000ce250000e02500000d26000045260000
81260000ae260000ea2600000c2700001227000073270000ec2800000c2a00004b2b0000293000009b320000d7340000
d9340000f634000000360000023600004e3600001038000022380000533800008c3a0000c83a0000803b0000d33c0000
1b400000470000005d000000d00100001b020000760300008605000084060000a9070000f2070000050800004e0a0000
610a0000e70a0000000b0000430b0000790b00007f0b0000b10b0000c10b0000bc0c0000290e0000681300000c140000
58140000f81c0000301f0000371f0000391f0000601f0000671f0000781f0000871f00003f220000aa220000c9220000
cb22000041230000592300008323000082270000ec280000cf29000047000000550000000b0100000c02000013020000
1802000086050000b2050000fc050000030600007c06000002080000b8090000fa090000340a0000610a0000820a0000
f40a0000f50a0000090b00009d0b0000f1120000f617000025180000f4190000131a0000061b0000d21b0000d21c0000
051f0000251f0000641f00008f1f0000d61f00002d200000d32100000f2200008c220000502300003327000055280000
932900000f0000002d000000d9000000b2010000f4010000f6010000fd01000005020000a2020000b30d0000011b0000
8c1d00009b1d00001827000026000000920000009b000000c3000000d30000004a010000a2010000b5010000ea010000
4002000048020000d1020000e40200003c03000044030000620300008603000086050000b2050000fc05000003060000
7c06000084060000a9070000f20700000208000005080000b8090000fa090000340a00004e0a0000610a0000820a0000
e70a0000f40a0000f50a0000000b0000090b0000430b0000790b00007f0b00009d0b0000b10b0000c10b0000fd0c0000
cb0d0000d30d0000f1120000681300000c14000058140000f4190000131a0000ed1a0000321b0000d21b0000d21c0000
f81c0000551d0000581d0000641d0000681d0000971d0000b41d0000c51d0000d01d0000051f0000251f0000301f0000
371f0000391f0000601f0000641f0000671f0000781f0000871f00008f1f0000f01f00001c20000064200000d3210000
0f2200003f2200008f220000fc2200000c2700001227000073270000c427000055280000ec28000093290000cf290000
143b0000303b0000493b0000b03b0000be3b0000bf3b0000ca3b0000d33b00000f3c00001d3d00002f3e00004b3e0000
4f3e0000833e00001d01000047010000830200009f030000c0030000f3030000f80300003c040000710400007c040000
a4040000b30400001a05000032050000a1050000c4050000180600006c060000b00600004d0700005a070000a6070000
ad070000c6070000ca070000160800006e09000088090000c3090000e3090000870a00009f0a0000c20a00002a0b0000
360c0000810c0000ab0c0000900d0000de0d0000010e0000900e0000040f0000200f0000730f0000361000005c100000
be100000ea1100005d120000751200008f120000b2120000b9120000d2120000df12000000130000171300002f130000
3813000073130000c8130000e6130000fb1300002814000037140000481400007314000025160000051700001d170000
361700005c190000c91a0000d11a00001f1b00002f1b00006e1c0000a81c0000b01c0000dc1c0000ef1c0000f51c0000
fc1c0000111e0000171e0000581e00007f1e0000f91e00000b1f00003f1f0000471f0000701f0000bc1f000001200000
3a2000007a200000c6200000282100007a210000f02100001c220000f122000071230000f82300001624000050240000
8824000000250000a82500006a260000b12700005c280000ba2800007b290000df2900004f2a0000742a0000952a0000
a22a0000632b0000ce2b0000042c00002b2c00006f2c0000ea2c0000c02e0000d92e0000563000006430000089300000
b2300000be300000d83000004431000012320000313200005a32000078320000e332000005330000363300003b330000
8b3300009b330000ad330000a4340000c03400000d3500002835000053350000a3350000d1360000e736000016370000
b9380000313900005039000071390000a6390000cd390000b13a0000683b0000cf3c00001f3f00006c400000b3400000
cd400000ff400000184100004d410000924100009d000000e0000000e4000000f3000000fb0000001a01000034010000
dc010000280200004a0200005702000064030000c105000095060000c00600002907000048070000aa070000b8070000
0b080000d0080000e40800009f0b0000b60c0000be0c0000290d00003d0d0000630d0000880d00008c0d0000ac0d0000
c90d0000d90d00001f0e00002d0e0000b91000009711000021120000cf120000411400004e1400005c14000019150000
5c150000a4150000bb170000121800005718000095180000641a0000f01a0000021b00005a1d0000701d0000761d0000
951d0000a51d0000d21d0000d21e0000d71e0000911f00001e23000020270000a2270000a3280000a700000043020000
520200007b0300007d06000003080000b60b00005d1d0000da1d0000991f000016270000a4000000d3000000f8000000
4a010000990100004f02000073020000860200002003000070030000ab03000075040000a5040000a30500001b060000
700600008d060000a5060000a7060000b1060000fb060000150700005b07000067070000a7070000a9070000b6070000
cb070000090800001008000017080000f7080000120900007a090000e6090000b70a0000ab0b0000420c0000ae0c0000
c00c0000370d0000d30d00000c0e0000370e000022100000ee1100006612000033130000cb1300003f14000058140000
6614000059150000a1160000b91a0000cc1a0000ed1a0000321b0000f81c0000061d00005c1d0000811d0000c01d0000
d71d0000141e0000591e0000821e00008b1e0000b01e0000501f0000961f0000c11f0000f81f00006c20000047220000
fc2200007423000001250000a9250000242700008b270000bc27000062280000a6280000492a00005b2a0000782a0000
a52a0000542b0000672b0000082c0000442c0000712c0000ee2c0000c12e0000dc2e0000153000006530000071300000
f33100000a320000793200003c330000a4350000da360000803b0000d33c000096410000580d00001b0e0000f20e0000
5d100000ba120000bc130000c4130000d0130000fd1300000514000029140000391400004a14000040150000db150000
6b17000073170000181a0000411f0000491f0000f12100000b2300003b270000282800005d280000a8290000af290000
e3290000133700001a370000563700008837000098380000c13c0000d93c00000d3d00003a3d0000913e00004f010000
8d0100005f0200004a040000de04000018060000ad0700006e090000960a00009f0a0000b40a0000ce0a00001b0b0000
1d0b0000361000003813000073130000e613000068150000091600001d1700008a1700008c170000381a0000e61a0000
a81c0000bd1c0000c11c0000dc1c0000ef1c0000f51c0000731f0000792300006d360000753600008c36000060370000
93370000c33700005f3b00007d3b0000e63b0000f23c0000c33d0000023e0000b42700005428000092290000ca290000
e2290000a2380000823e0000e5010000520300008e040000b3090000e60a0000ee0a0000fb0a0000370b00008d0b0000
36100000e613000068150000091600001d1700008a1700008c170000381a0000e61a0000bd1c0000c11c0000dc1c0000
ef1c0000f51c0000221f0000731f0000d221000079230000b42700005428000092290000ca290000e22900007f360000
833600006037000093370000c3370000a2380000af3b0000c53b0000f23c0000c33d0000023e0000823e0000e7000000
020100004b0200008e08000096080000fc080000920c0000a00c0000870d0000980d0000e31000005d150000e6160000
a3190000b61a0000001b0000161b0000241b00001027000054270000a328000056020000ff080000ae1a0000b9010000
99020000d0080000e4080000870d0000980d0000e31000005d150000e6160000a3190000001b0000161b0000241b0000
491d0000e41f00001027000054270000a3280000eb000000210100006e010000ab0100005b030000fa030000eb040000
c0050000c8050000bd0600008c080000a4080000ab080000320900008f0b0000960b0000c90c0000f60c0000010d0000
1d0d0000210d0000380d00003e0d0000860d00008b0d0000940d0000a00d00000d0e0000150e0000340e0000080f0000
2a0f0000391000003a100000e41000005b1100005c11000064110000dd1100000712000033120000391200003b120000
831200003a1400003d140000401400004414000062140000631400009114000092140000a01400005b1500007f150000
ab15000013160000f8160000ba170000c2170000b2190000611a0000df1a0000e91a0000461b00008c1b00002f1c0000
671c0000071d00000b1d0000231d0000d31d0000921f0000e2220000102300002a2300002b2300007c23000090230000
be230000f4250000fb250000fc2500001e2600000f270000242a0000a62b0000dc2b0000db3300001036000018360000
44360000b7360000ba36000043370000773700003a380000413800004238000066380000e40200008e0300003c090000
b10b0000c90b0000ed1a0000321b0000f61c0000f81c00001b1d00008f22000087230000212600000c2a00004e360000
69380000380d0000d60d00000d0e00003a0e0000681200003a140000401400005a1400006914000091140000fd220000
2a230000fb25000025270000492700008f27000099270000bd270000e3270000632800006b280000a0280000a8280000
2d290000312900003529000067290000a62a0000dc360000413800008038000085380000f80000005c0100004f020000
6402000076020000cd0400001b0600001d06000015070000b6070000ba070000b9080000fa0800000409000006090000
ae0c00003d110000b91a0000cc1a0000ed1a0000321b0000231c00005b1c0000f61c0000f81c00001b1d000087230000
21260000cb330000293600002b36000069380000c4050000a6070000e3090000870a0000c20a00002a0b0000b30c0000
f10c0000a50d00007b0e0000df1200004713000050130000651300007f130000f3130000f7130000a51a0000fc1a0000
371b0000551b0000831b00006e1c0000991c00009b1c0000b01c0000cd1c0000cf1c0000d41c0000df1c0000fc1c0000
701f00001c220000ef360000f736000028370000b8370000c8370000ca370000503b00008b3b0000f53b0000003d0000
293e0000313e0000d5000000fa0000002e0100003c0100005302000070020000ba060000c80600001b0700008d0d0000
3512000055180000d91a0000f11a0000391c00003f1c0000b01d00003f2000001c0000006c000000b8010000ef010000
96020000b4020000e20200000b030000930600002807000047070000cf080000e2080000471d0000e31f00000d270000
53270000a2280000410200006802000013070000080000002f000000570000006b000000ef0100004102000056020000
68020000b4020000e20200000b0300007e06000092060000130700002807000047070000ff080000ae1a00000d270000
53270000a228000019000000800000008d000000ea0000006101000091010000b5010000d20100004002000048020000
c2020000c5020000e1020000e8020000180300008b030000a4030000f903000075040000a604000020050000b5060000
7e0700008007000094070000f2070000f40700000208000005080000190800001c080000270800003608000038080000
420800007708000082080000a7080000da080000ef080000680900007209000091090000b00b0000c60b0000090c0000
840c0000d00c0000d30d0000370e0000d8110000df1100006612000058140000661400000f150000ca16000088190000
581a0000551d0000581d0000c51d0000141e0000bc1e0000871f0000ad1f0000f01f00001c2000006420000061210000
352200003f2200005e220000ad220000fc2200004923000097230000d225000009260000102600000c27000012270000
7327000086270000ea280000ec2800000429000044290000a52a00002c330000503300005b330000d83400001c350000
d4350000133600009e360000da360000143800004f38000057380000d30000004a0100004f0200007302000086020000
cd04000012070000a7070000a9070000cb070000f708000005090000e4090000e6090000f0090000c00c0000ee110000
59150000aa1a0000bc1a0000451b0000221c0000241c0000521c0000061d00000a1d000074230000792b00003c330000
2a3600009d370000b23700004f0100008d0100005f0200004a040000de040000c405000018060000a6070000ad070000
6e090000e3090000870a0000960a00009f0a0000b40a0000c20a0000ce0a00001b0b00001d0b00002a0b0000b30c0000
f10c0000570d0000a50d0000190e00007b0e0000f10e0000361000005c100000b9120000df1200003813000047130000
5013000065130000731300007f130000bb130000c3130000cf130000e6130000f3130000f7130000fb13000003140000
2814000037140000481400003f15000068150000da150000091600001d1700006a170000721700008a1700008c170000
171a0000381a0000a51a0000e61a0000fc1a0000371b0000551b0000831b00006e1c0000991c00009b1c0000a81c0000
b01c0000bd1c0000c11c0000cd1c0000cf1c0000d41c0000dc1c0000df1c0000ef1c0000f51c0000fc1c00003f1f0000
471f0000701f0000731f0000f02100001c22000009230000792300003a270000262800005c280000a4290000ae290000
df2900006d360000753600008c360000ef360000f7360000123700001937000028370000553700006037000087370000
93370000b8370000c3370000c8370000ca37000094380000503b00005f3b00007d3b00008b3b0000e63b0000f53b0000
c03c0000d83c0000f23c0000003d0000093d0000393d0000c33d0000023e0000293e0000313e00008f3e0000d5000000
e7000000fa000000020100002e0100003c0100004b0200005302000070020000ba060000c80600001b0700008e080000
96080000fc080000920c0000a00c00003f0d00005e0d0000870d00008d0d0000980d0000b10d0000bd0d0000d50d0000
e80d0000e3100000f2100000071100001312000023120000351200005d150000e616000055180000a3190000b61a0000
d91a0000f11a0000001b0000161b0000241b0000391c00003f1c0000731d0000b01d00000b2000003f20000022270000
67270000b528000041020000560200006802000013070000ff080000ae1a00000d27000053270000a2280000d3000000
f80000004a0100005c0100004f02000064020000730200007602000086020000cd0400001b0600001d06000012070000
15070000a7070000a9070000b6070000ba070000cb070000b9080000f7080000fa080000040900000509000006090000
e4090000e6090000f0090000ae0c0000c00c0000370d0000d30d00000c0e0000370e00003d110000ee11000066120000
381400003f14000058140000661400009014000059150000aa1a0000b91a0000bc1a0000cc1a0000ed1a0000321b0000
451b0000221c0000231c0000241c0000521c00005b1c0000f61c0000f81c0000061d00000a1d00001b1d0000fc220000
272300007423000087230000f92500002126000024270000482700008b27000096270000bc270000e227000062280000
6a2800009f280000a62800002c290000302900003329000066290000a52a0000792b00003c330000cb33000029360000
2a3600002b360000da3600009d370000b23700003f380000693800007f38000083380000480600002e0b00005f0b0000
730b0000a50d0000df120000f3130000f713000022150000bd1500004c17000054170000fb190000fc1a0000371b0000
831b00006e1c0000b01c0000cd1c0000cf1c0000d41c0000df1c0000fc1c00002b1f0000701f00001c220000a5220000
b42700005428000092290000ca290000e2290000283700004b3700007f370000c8370000ca370000a2380000fa3b0000
2b3c0000003d0000293e0000313e0000823e0000f1010000b6020000e60200000c03000029070000480700008d0d0000
3512000055180000d91a0000f11a0000391c00003f1c0000b01d00003f2000001027000054270000a328000008000000
2f000000570000006b000000b8010000410200005602000068020000960200007e0600009206000013070000cf080000
e2080000ff080000ae1a0000471d0000e31f00000d27000053270000a2280000260000004f000000920000009b000000
c3000000d30000004a010000a2010000b5010000d20100004002000048020000c5020000e40200003c03000044030000
860300008e030000ab03000075040000a5040000860500008e0500007c06000084060000a7070000a9070000cb070000
f2070000f4070000050800001c0800006a0800006c0800006e080000da080000ef0800003c0900004f090000740b0000
760b0000790b00007f0b0000b10b0000bf0b0000c10b0000c90b0000f30b0000f40b0000080c0000c00c0000d30d0000
370e0000ee110000661200005814000066140000581a0000ed1a0000321b0000f61c0000f81c00001b1d0000551d0000
c51d0000141e0000bc1e0000871f0000ad1f0000f01f00001c2000006420000061210000352200003f2200005e220000
8f220000b5220000e1220000e5220000fc220000492300008723000097230000d9250000e0250000e225000009260000
10260000212600000c270000122700007327000086270000ea280000ec28000004290000442900000c2a0000a52a0000
3c330000d83400001c350000d435000000360000023600004e360000da3600001b38000022380000243800004f380000
5738000069380000eb0000006501000092010000e50200008f030000fa030000a7040000b606000084080000a8080000
6c0900007309000092090000b20b0000ca0b00000b0c0000850c0000d20c0000010d00001d0d0000210d00008a0d0000
8b0d00009e0d0000a80d0000d60d0000d70d0000200e00003a0e00003b0e00002a0f00004c0f0000e21000005b110000
5c11000064110000d9110000e011000007120000311200003a120000611200006812000069120000e1120000e2120000
eb1200004c1400004f1400005a1400005b140000691400006a140000e6180000591a0000d51a0000e11a0000ef1a0000
3a1b00002e1c0000301c00004f1c0000fe1c0000ff1c0000c91d0000151e0000891f0000ae1f00001d20000065200000
39220000402200005f220000ae220000fd22000005230000242300004a230000882300009a230000d62500000a260000
122600000f270000a62a0000a72a0000b52a0000812b0000db330000153600009f360000b9360000d5360000dc360000
dd360000a1370000af37000018380000503800005938000019000000800000008d000000ea000000200100006c010000
aa010000b5010000d20100004002000048020000c2020000c5020000e8020000180300005a030000a4030000f9030000
75040000e904000020050000bf050000c7050000bc0600007e0700008007000094070000f2070000f407000002080000
05080000190800001c08000027080000360800003808000042080000770800008a080000a3080000aa080000da080000
ef0800002e0900008b0b0000950b0000c50c0000f50c0000370d00000c0e0000dc11000082120000381400003f140000
901400000f1500007e150000aa15000012160000ca160000f7160000b9170000c117000088190000b01900005f1a0000
551d0000581d0000d01d0000bc1e00008f1f0000f01f000061210000de220000272300008c230000bd230000f9250000
0c270000122700007327000086270000ea280000ec2800000429000044290000222a0000a52b0000db2b00002c330000
503300005b330000d83400001c350000d43500000f360000173600004036000042370000753700003f380000a2010000
3c030000740b0000790b0000f30b000059150000451b0000521c0000061d00000a1d0000e122000074230000e0250000
792b0000b237000022380000260000004f000000920000009b000000c3000000f80000005c010000a201000040020000
48020000c2020000e4020000e8020000180300003c030000620300008e03000092030000ab030000f504000020050000
860500008e0500007c06000084060000b6070000ba070000020800001908000027080000360800003808000042080000
6a0800006c0800006e080000b9080000350900003c0900003e0900004f090000740b0000790b0000920b00009d0b0000
b10b0000b30b0000c90b0000cd0b0000f30b0000ae0c0000370d00000c0e00003d110000381400003f14000090140000
0f150000591500007e150000aa15000012160000ca160000f7160000b9170000c117000088190000b01900005f1a0000
451b0000521c0000061d00000a1d0000581d0000d01d00008f1f00008f22000097220000d9220000e122000027230000
742300008c230000bd230000e0250000f92500000c270000122700007327000086270000ea280000ec28000004290000
442900000c2a00000d2a0000212a0000792b0000a52b0000db2b0000503300005b330000cb330000d435000000360000
02360000473600004e360000503600004237000075370000b2370000223800003f3800000f130000721400005a260000
dc27000046280000582900008c290000a6290000872a00008d3800009638000048390000bb390000633a0000a13a0000
e83a0000013b00007c3e0000c63e00001e3f0000ca4000002b0e00000e140000401400005a140000521f00001b230000
412700005a27000063280000a8280000b3290000ce29000058010000620200006a0200001b06000015070000b6070000
b70a00001e0b0000270b0000f81c0000781f00008323000089010000fd02000052030000740400006305000048060000
6a090000b20a0000ca0a0000370b00005f0b00008d0b0000e50b0000fa0b0000a50d000072110000bc110000df120000
32130000f3130000f713000001160000ab1700004a1c00006e1c0000891c0000b01c0000f51c0000731f00007f1f0000
0f2000003a200000f82100001c22000079230000b523000061240000cb25000044260000ad260000e5260000cd2a0000
742b00007b2b0000ff3300007336000028370000aa3700000d380000273a00008b3a00007b3b0000003d0000eb3e0000
fe3e0000e03f00001a4000009a4000002b4100003f410000690d000023100000f4120000cc13000026180000141a0000
412700005127000063280000a028000095290000ce290000fa0800007a090000e60900006f0c000033130000a81a0000
ad1a0000061b0000d21b0000911c0000a51c0000d21c0000f50000004c02000054020000011b00000101000099020000
ed020000950800009a0b0000b50b0000900c0000390d00008d0d00000e0e0000351200004114000046150000d91a0000
f01a0000001b0000341b0000431b0000f91c0000081d00009b1f000093220000cd220000552300001f05000030090000
a6090000b3090000220a00008d0b0000900d0000361000008e100000ed120000e6130000731400001d1700001f1b0000
2f1b00007b1b0000b51b0000fa1b0000dc1c0000ef1c0000f51c0000161d00001a1d0000191f0000221f0000d51f0000
d221000089220000eb2300001c2600006a2600008e260000322700005428000092290000fe2900000b2a00003f2b0000
c23000002c310000bc310000da3100004236000064380000db380000503a0000b13a0000d53a00001f3f0000b03f0000
c43f000066400000794000005b41000077010000b1010000fa0100005f0300007a030000950800009a0b0000b50b0000
880d0000a20d000035120000411400005c15000057180000f91c0000081d0000dc1d00009b1f00001e2300007d230000
8523000017270000380d0000ce0d0000d60d00000d0e000023100000f4120000cc1300000e140000401400005a140000
141a0000841d0000521f0000fd220000252700008f27000099270000bd27000063280000a0280000a828000095290000
b3290000ce290000d43c00001f3d0000863e0000a73e0000f8000000990100004f02000076020000860200001b060000
15070000b6070000fa0800007a090000e6090000b70a00001e0b0000270b0000ae0c000033130000b91a0000cc1a0000
ed1a0000321b0000d21b0000911c0000a51c0000d21c0000f81c0000b41d0000781f0000803b0000e93b0000f23b0000
2f3e0000a9070000f7080000e6090000bc0c000068130000a81a0000b01a0000411b00009c1c0000a51c0000e41c0000
061d00000b0100006202000067020000b20500001b06000012070000820a0000130b0000270b00005b18000030190000
361a0000d90000004502000054020000561800000d0000002c000000f3010000a0020000080000002b00000076000000
8a000000d00000002b010000b0010000ef010000f201000019020000a50200003e03000079030000b80600007a070000
8507000003080000210800007b0b0000b40b000003180000411800008b1800005b1a0000120000002b00000081000000
8a00000043020000520200008b020000ca020000ec020000b80600007a0700008507000003080000210800007b0b0000
b40b0000d90c00005b1a00005d1d0000b0220000cc220000a123000016270000d30000004a0100004f02000073020000
86020000b20500001b06000012070000a9070000f7080000e6090000820a0000130b0000270b0000fd0c000068130000
5915000030190000361a0000bc1a0000cc1a00001a1b00009c1c0000a51c0000e41c0000061d000074230000493b0000
de3b0000f23b0000003e000058010000620200006a0200001b06000015070000a9070000b6070000f7080000e6090000
b70a00001e0b0000270b0000bc0c0000290e0000681300000c1400003f14000058140000a81a0000b01a0000411b0000
9c1c0000a51c0000e41c0000f81c0000061d0000501f0000781f00001923000083230000402700005827000062280000
a6280000b1290000cd2900000b0100006202000067020000b20500001b06000012070000fa0800007a090000e6090000
820a0000130b0000270b00006f0c0000680d000022100000f112000033130000cb130000251800005b18000030190000
131a0000361a0000a81a0000ad1a0000061b0000d21b0000911c0000a51c0000d21c0000402700004f27000062280000
9f28000094290000cd290000d9000000f5000000450200004c02000054020000610d0000b30d000056180000011b0000
1a27000029270000d3000000f80000004a010000990100004f020000730200007602000086020000b20500001b060000
1207000015070000a9070000b6070000f7080000fa0800007a090000e6090000820a0000b70a0000130b00001e0b0000
270b0000ae0c0000fd0c0000370d0000cb0d0000d30d00000c0e000022100000f11200003313000068130000cb130000
0c1400003f140000581400005915000030190000131a0000361a0000b91a0000bc1a0000cc1a0000ed1a00001a1b0000
321b0000d21b0000911c00009c1c0000a51c0000d21c0000e41c0000f81c0000061d0000811d0000b41d0000501f0000
781f0000fc22000074230000242700008b27000096270000bc270000622800009f280000a628000094290000b1290000
cd290000493b0000803b0000de3b0000e93b0000f23b0000d33c00001d3d0000003e00002f3e0000843e0000a63e0000
1f050000b105000027090000b3090000220a0000810a0000730b0000ed0c0000ec0d000036100000a511000063130000
7b130000e613000030140000b81400001d170000e61a00001f1b0000371b00007b1b0000b51b0000bd1c0000c11c0000
df1c0000ef1c0000fc1c0000161d00001d1d00002b1f0000d51f00005c200000d22100002422000037220000a5220000
eb23000087250000192600008e260000fe290000132a0000072c00003f2c00008035000039360000f5360000c3370000
61380000db380000d53a0000483b0000f23c0000543f0000bb3f0000c43f00004c400000794000000c41000095410000
d10000002c010000b1010000f1010000400300007a030000b90600007c0b0000b50b0000870d0000980d0000db0d0000
e31000005d1400005c15000042180000551800008c1800005c1a0000001d0000081d0000fe2200007623000085230000
080000002b000000760000008a000000fe000000f20100001902000096020000a5020000ec0200007a07000085070000
030800002108000093080000980b0000b40b00008f0c00004515000003180000991f000091220000cc22000054230000
26000000920000009b000000c3000000f80000005c010000a20100004002000048020000c2020000c5020000d1020000
e4020000e8020000180300003c030000cd04000086050000fc0500007c06000084060000b7060000db060000b6070000
ba070000190800001c08000038080000b9080000fa090000340a00004e0a0000610a0000f40a0000430b0000760b0000
790b0000920b0000b10b0000b30b0000120c00001d0c0000260c0000ae0c0000de0c0000370d0000f20d00000c0e0000
3d1100004d11000042120000381400003f14000090140000d1140000591500007e150000a1160000b9170000f4190000
581a00005a1a00005f1a00007f1a0000061d0000641d0000c01d0000371f0000c11f00008f22000097220000b5220000
d922000027230000742300008c23000097230000a6230000bd2300002025000068250000732500007c250000a9250000
bb250000f9250000af260000cc260000e82600000c2700001227000073270000e2270000ec280000293000009b320000
cb3300005e3500006935000072350000a4350000b73500003f380000143b0000303b0000be3b00000f3c00001c400000
3e400000fd02000036030000740400006305000048060000cf0600002e0b00005f0b0000730b0000e50b0000f20b0000
e810000097120000df1200001f13000001160000731a0000d11a00004d1c0000691c00006e1c0000891c0000b01c0000
fc1c0000701f00003a2000001c2200007123000061240000d42500004426000096260000322700005428000092290000
882a0000742b0000782b00001c3000008e300000ef3000005e310000ad3700001638000058390000273a00008b3a0000
dd3a0000d13e0000fe3e0000913f0000cf400000364100003f4100008f020000ed020000b90600007c0b0000b50b0000
db0c00008c0d00002e0e0000e31000005d1400005c1a0000e31a0000f01a0000021b00003b1b0000431b0000001d0000
081d0000b2220000cd220000a323000017270000120000002b000000810000008a00000075010000b0010000f8010000
4302000052020000ca0200005d030000790300007a07000085070000030800002108000093080000980b0000b40b0000
5d1d0000da1d0000991f00001627000026000000920000009b000000c3000000d30000004a0100007a010000a2010000
b50100004002000048020000d1020000e40200003c030000440300006203000086030000cd04000086050000fc050000
7c06000084060000a7070000a9070000cb070000db070000f207000002080000050800004c0800005708000060080000
98080000fa090000340a00004e0a0000610a0000f40a0000430b0000790b00007f0b00009d0b0000b10b0000c10b0000
c00c0000d30d0000370e00009a100000d01000001a110000ee110000661200005814000066140000671900007a190000
f4190000ed1a0000321b0000f81c0000551d0000581d0000641d0000c51d0000d01d0000df1d0000ea1e0000371f0000
871f00008f1f00009e1f0000f01f0000152000001c2000004d200000642000003f2200008f220000fc2200000c270000
1227000073270000e2270000ec2800002b2a0000362a00003f2a0000a52a0000e62a00004b2b0000b92b0000092c0000
262c0000422c0000cf300000123100003c330000623300006d33000076330000ae340000f6340000da360000143b0000
303b0000be3b00000f3c000097410000b9410000db0e00006e0f00008c0f00000b11000018110000c8120000ca140000
111700009a200000342100001e250000d3270000102800008b280000e0280000df2a0000da2f00000031000010310000
67310000793100001a3200003932000065320000993200001d3300000a040000c504000024060000d7070000aa090000
5f0e00009510000099100000e81000000316000022170000521b0000a31b0000f71b0000111c0000151c0000691c0000
862b0000ba2c0000c9300000ce300000ef3000002d3100003d3100005e310000c4310000c7310000d7310000e6310000
ed3100007001000078010000780200008e08000096080000fc080000e310000065150000e616000060180000a3190000
e31a000073010000d9010000fa030000eb040000eb050000e706000091080000cd080000380c00002a0d0000a10d0000
080f00002a0f000042100000a3100000b5100000b8100000c3100000d1100000d4100000e2100000ec1000001b110000
1c1100002a1100006911000034120000641500008c1500001316000076160000e5160000e51700008d1a0000e11a0000
8c1b0000fd1b0000031c00001e1c00001820000019200000192500004d2500006025000099270000a0280000e12a0000
e82a0000e92a0000882b0000992c00008b2d000036300000df300000f4300000133100001531000023310000d0310000
91320000cb320000de320000ba2800007b290000e332000005330000a2270000a32800007b020000ff08000020030000
12090000420c0000051c0000161c000041200000012500008b2b0000c8310000793200007c040000c3090000360c0000
e81000000316000022170000a31b0000111c0000151c0000691c00007a2000002821000000250000ba2800007b290000
862b0000ef3000005e310000c4310000c7310000e6310000ed31000012320000313200005a32000078320000e3320000
05330000dc01000028020000d0080000e4080000e310000065150000e616000060180000a3190000e31a0000a2270000
a3280000f50d0000d11000001b11000045120000d314000018200000212500009e270000e32700008e280000ae280000
d0280000d4280000e3280000e82a0000dd2f0000133100009c320000fb3200007a0100007a020000cd04000025060000
21070000db07000098080000fe0800009a100000f11b0000f81b0000051c0000161c0000412000008b2b0000bb2c0000
49300000cf300000c8310000000400002e040000cc040000db040000d6060000da06000026070000491100009b120000
ed1200007d1b0000bf1b0000fa1b0000731c0000281d0000d020000047210000422500007b2e00002330000028300000
8f3000009f300000b1300000bc310000da31000027320000443200006f320000bf320000ba060000c80600001b070000
d40c0000dc0c0000a20d000035120000be1a0000f91a00000b1b0000391c00003f1c000099000000db01000026020000
930600002807000047070000cf080000e20800001815000010180000a0270000a22800009f000000de01000076020000
a4030000f903000075040000a60400002005000091060000a4060000c2060000e3060000f50600001207000037070000
4307000046070000520700007107000099070000fc07000011080000d2080000fa080000d60c0000f20d0000ee0f0000
a510000042120000d1140000151500001b1500008f16000054190000bc1a0000141e00008a1e0000ad1e000029200000
2d2100003f210000562100002025000096270000a52700009f280000a1280000c6280000162900004d2a00002d2b0000
572b00005d2d00001430000031300000503000005b3000007b300000f23100000632000036320000513200009b320000
f032000013070000c11a0000a0000000a90000007b0200007e06000092060000130700002807000047070000ff080000
1815000010180000c11a0000a0270000a2280000cd040000b7060000db060000190700002007000027070000de0c0000
4d11000065160000c01a0000261b0000c01b0000f21b00002d1d0000432500007c2e00002930000048300000c0320000
000400000a0400002e040000c5040000cc040000db04000024060000d6060000da06000026070000d7070000aa090000
5f0e0000da0e00006c0f00008b0f00009510000099100000e81000000a11000017110000491100009b120000c7120000
ed120000c8140000031600001017000022170000521b00007d1b0000a31b0000bf1b0000f71b0000fa1b0000111c0000
151c0000691c0000731c0000281d000099200000d020000033210000472100001d25000042250000d22700000f280000
8a280000de280000dd2a0000862b0000ba2c00007b2e0000d92f000023300000283000008f3000009f300000b1300000
c9300000ce300000ef300000ff3000000e3100002d3100003d3100005e3100006631000078310000bc310000c4310000
c7310000d7310000da310000e6310000ed31000019320000273200003832000044320000643200006f32000097320000
bf3200001b330000700100007801000078020000ba060000c80600001b0700008e08000096080000fc080000d40c0000
dc0c0000530d0000790d0000a20d0000e3100000f2100000071100001312000023120000351200003b15000065150000
e61600003618000060180000a3190000be1a0000e31a0000f91a00000b1b0000391c00003f1c000098270000b5280000
7b02000013070000ff080000c11a0000a0270000a22800007a0100007a020000cd04000025060000b7060000db060000
19070000200700002107000027070000db07000098080000fe080000de0c0000f20d00009a100000d01000001a110000
4d11000042120000d114000065160000c01a0000261b0000c01b0000f11b0000f21b0000f81b0000051c0000161c0000
2d1d0000152000004120000020250000432500009d270000e22700008d280000ad280000cf280000d2280000e2280000
e62a00008b2b0000bb2c00007c2e0000dc2f0000293000004830000049300000cf30000012310000c83100009b320000
c0320000f9320000fa030000a7040000c3060000e4060000f60600004507000073070000d70c00002a0d0000a00d0000
f50d0000f60d00002a0f00004c0f0000ef0f0000a6100000b8100000c3100000e5100000eb100000f110000069110000
331200004512000046120000cc140000d3140000d414000016150000e6180000e21a0000f81a0000cc1b0000fe1b0000
381c00002a1d0000151e0000ae1e00002a20000040210000572100002125000022250000302500004b25000099270000
a0280000512a00002e2b0000592b00005e2d0000842e0000333000007d300000df300000f33000000832000052320000
9c3200009e320000ac320000c83200009f00000072010000d8010000de01000076020000a4030000f903000075040000
e904000020050000ea05000091060000a4060000e60600001207000037070000460700005207000099070000fc070000
1108000090080000cc080000d2080000fa080000340c0000a2100000b4100000d01000001a1100001b1500008b150000
12160000751600008f160000e4170000541900008b1a0000bc1a00008a1e0000152000002d210000172500004c250000
5f25000096270000a52700009f280000a1280000c628000016290000e62a0000982c0000143000003530000050300000
5b30000012310000f2310000363200008f320000c9320000dd320000f0320000fb0600005b07000065160000261b0000
2d1d0000f81f0000432500005b2a000065300000c0320000a40000007a010000760200002003000024030000ab030000
f504000020050000a30500008d060000a5060000a7060000b1060000fb06000012070000370700004607000052070000
5b070000db07000098080000fa08000012090000160900003b0c0000420c0000440c00009a100000d01000001a110000
1b1500008b1500001216000065160000751600008f160000e4170000541900008b1a0000bc1a0000261b00002d1d0000
f81f000015200000012500000225000016250000432500004c2500005f25000096270000a52700009f280000a1280000
c6280000162900005b2a0000e62a0000712c000015300000503000005b30000065300000cf3000001231000079320000
7a3200008e320000c0320000c9320000dd320000f03200001a050000320500004d0700005a070000ed12000005170000
7d1b0000fa1b0000731c0000281d0000d02000004721000042250000ba2800007b2900004f2a00005630000064300000
b2300000be300000bc310000da31000027320000443200006f320000bf320000e3320000053300002907000048070000
a20d0000351200001915000012180000f91a00000b1b0000391c00003f1c0000a2270000a3280000a0000000a9000000
db010000260200007b0200007e0600009206000013070000cf080000e2080000ff080000c11a0000a0270000a2280000
a4000000de0100007602000020030000ab03000075040000a5040000a30500008d060000a5060000a7060000b1060000
b7060000db060000fb06000002070000120700005b0700005c07000070070000fc07000011080000d2080000fa080000
12090000420c0000de0c0000f20d00004d11000042120000d1140000bc1a0000051c0000161c0000141e00008a1e0000
ad1e0000f81f0000fc1f000029200000412000002d2100003f21000056210000012500002025000096270000a5270000
9f280000a1280000c628000016290000542a00005b2a00005d2a00002d2b0000572b00008b2b0000712c000015300000
2930000065300000663000007a300000c8310000f2310000063200003632000051320000793200009b320000f0320000
ee0300005e040000190500006d050000830900007b0a0000580c00008f0e0000270f0000430f0000650f0000700f0000
60110000c011000074120000ad120000e61200000f1300001313000043130000e3130000741b0000781b0000961b0000
e71b0000621c0000b41c0000e41d0000201e0000b0200000ee200000502200001f240000632400009c24000073260000
a7260000c1260000872a00009a2a0000bd2a0000932b0000952e0000b42e0000e32e00005b2f0000d533000004340000
313400005634000062360000eb36000021370000bf370000b43800000539000036390000483900004c39000070390000
90390000b3390000bb390000bf3900003a3a00006c3a0000ba3a0000423b0000523c0000723c0000ef3c0000843d0000
923d00001b3e00005b3e00000a3f0000cb3f0000d43f0000fc3f000014400000ae400000ca400000cc40000033410000
8408000073090000ca0b00007d0c0000950c0000200d00001d0e00002b0e00002c0e00005c11000031120000e2120000
4d130000671300009a130000071400000e1400000f1400004c1400005a1400005b140000d41a0000da1a0000391b0000
b71c0000bf1c0000e11c0000fe1c00002d1f0000611f0000691f0000891f000040220000a7220000422300005b230000
7e0000001801000030010000d00100001b02000050030000bf050000bc0600007e070000f20700000508000019080000
38080000540a00009b0a0000b50a0000e70a0000000b0000350b00008b0b00003f1400000d150000a21500004d170000
95170000b91700000518000090180000001a0000421a00005f1a0000501f00001923000082270000ec280000cf290000
3f0000001d0100004f010000e50100005203000056030000cd030000f8030000020400003c0400008e040000c3040000
cf040000060500007e050000c405000048060000ad070000b3070000c6070000cd070000d4070000e607000035080000
5408000063080000b3090000460a00004b0a00006d0a00009f0a0000c20a0000e60a0000ee0a0000fb0a00002e0b0000
370b00003b0b00005f0b0000730b00008d0b0000910b0000b90c00002d0d0000ec0d0000230e00004c0e0000d20e0000
530f0000730f0000e30f000000100000811000009c1000001e110000a5110000e7110000551200008f120000b9120000
171300005d1300008913000096130000a21300000914000030140000371400003c14000052140000ab140000b8140000
0a150000221500009c150000a7150000bd150000011600001b160000c0160000491700004c1700005417000092170000
98170000b3170000be1700007c190000fb190000371b00007b1b0000df1c0000fc1c0000e21e0000221f00002b1f0000
471f0000551f00000120000026200000732100008a210000d2210000f021000006220000a52200000923000021230000
df230000162400003824000067240000872500009425000078270000b4270000cb27000054280000e928000092290000
b6290000ca290000e2290000332a0000422a0000952a0000a92a0000d52a0000022b0000222b00004d2b0000b12b0000
e82b0000192c0000542c0000522d0000bc2d0000dd2d00001e2e0000d130000017310000353100006931000036330000
3e3300006a33000079330000933300009b330000b23300007d3400009a340000b0340000cd340000ee34000007350000
36350000803500008e3500005a3600007f36000083360000c6360000043700004b3700007f370000a238000050390000
1f3b0000af3b0000c53b0000fa3b00002b3c00009c3c0000823e0000543f0000884000009b400000cd40000022410000
4941000078410000a2410000790b0000411b0000e41c0000061d0000371f0000c9220000470000005d00000058010000
5703000076030000780300008605000084060000b607000019080000380800004e0a0000610a0000b70a00003c0b0000
430b0000450b0000790b0000920b0000b10b0000b30b00003f1400000d150000a21500004d17000095170000b9170000
0518000090180000001a0000421a00005f1a0000411b0000e41c0000061d0000371f0000501f0000c922000019230000
82270000ec280000cf2900001f050000b1050000810a0000a60b00002d0c00005e0c0000ed0c0000310e000036100000
c9110000631300007b130000e61300001114000060140000ab170000e61a00003e1b00007b1b0000971b0000ea1b0000
181c0000bd1c0000c11c0000e31c0000031d0000e61d0000341f00007f1f0000be220000b5230000a424000008250000
ad260000e5260000c02a0000832b0000962b0000982e0000b52e0000e52e0000632f0000ca310000e731000014320000
803200000d3400005a340000f5360000c3370000483b0000f23c0000e03f00001a400000190100002901000034020000
c0050000b6060000cb090000840a0000b60a00000c0b00000a0d0000930d0000970d00000210000039100000e2100000
95110000f4120000f51200008b130000e7130000f513000026180000291800002d18000064180000da190000141a0000
151a0000231a00003e1a0000061f0000651f0000921f00002e2000001022000052230000c0000000fe02000039030000
830500002f060000490600008a08000072090000b8090000700a0000310b0000600b0000760b00009d0b00007c0c0000
8b0c0000680d0000221000003413000066130000cb130000241700001c18000078180000871800000a1a00003f1a0000
521a0000581a0000251f0000d61f0000d32100008c22000033270000552800009329000021000000e6000000f4000000
b2010000fd0100009402000098020000ee020000610d00006f15000067180000182700001d0000006e000000e7000000
ec000000fb0000006a01000093010000b9010000f1010000990200009a020000b6020000e6020000ea0200000c030000
94030000950600002907000048070000b0070000b80700001e08000088080000d0080000e408000074090000cf0b0000
b00c0000be0c0000000d0000140d00003d0d00005e0d0000600d0000710d0000b20d0000db0d0000100e00002d0e0000
4c100000b9100000f410000084110000421400005c1400005d1400006e15000070150000ab1600000b18000033180000
3e18000055180000701800007e1800009f1800006e1900006e1a0000491d0000ce1d00008d1f0000e41f00001e200000
6620000041220000fe220000102700001427000054270000a32800000c020000fc050000f40a00005b18000030190000
361a0000f4010000561800000c000000a00200000600000056000000a3010000a50200003d0300007d06000021080000
7a0b000003180000411800008b1800005b1a000047000000550000000c020000fe0200003903000086050000fc050000
490600007c0600001c0800007a090000fa090000fe090000340a0000610a0000f40a0000310b0000600b0000760b0000
6f0c0000680d00002210000033130000cb13000024170000f6170000fd170000021800005b1800007818000087180000
30190000f4190000f5190000091a0000361a00003f1a0000521a0000581a00003327000055280000932900000f000000
2d000000f5000000f4010000940200009b020000a2020000a3020000ee020000610d00006f1500005618000067180000
18270000d10000002c010000000200002402000037020000b9060000e0080000ce090000870d0000980d0000b40d0000
e310000097110000461500002e180000581800005f18000065180000a2190000db1900009b1f00005523000027000000
95000000c4000000fe000000a30100009d020000f40200003d0300008705000032060000890600002b07000093080000
7a0b0000b60b00008f0c00000c18000020180000411800008b1800005b1a0000902200001d0100004701000083020000
9f030000c0030000ef030000020400005f0400007c040000ed0400001a0500001c0500003205000070050000a1050000
c4050000180600003c060000b00600004d0700005a070000a6070000ad070000b50800006e090000840900009e090000
c3090000e30900007e0a0000870a0000c20a00002a0b0000360c00005b0c0000810c0000ab0c0000900d0000de0d0000
010e00006d0e0000d20e0000480f0000bb0f0000361000005c100000be100000381100003c1100008911000079120000
b2120000b9120000df120000f81200001f130000381300005013000073130000e6130000fb1300000314000028140000
3714000048140000801400008d1400000f16000015160000051700001d1700002a170000ac180000cd18000001190000
14190000591900007519000079190000c5190000101a0000971a0000c91a0000d11a00001f1b00002f1b00006e1c0000
a81c0000b01c0000dc1c0000ef1c0000f51c0000fc1c0000011f00003f1f0000701f0000012000003a2000007a200000
b1200000ef20000028210000f02100001c22000051220000f122000071230000a1240000ea24000000250000f0250000
6226000078260000aa260000d1260000b12700005c280000ba2800007b290000df2900004f2a0000882a0000b42b0000
6f2c0000c62c0000602f0000a92f0000563000006430000089300000b2300000be300000d83000004431000012320000
313200005a32000078320000e332000005330000c5330000ca330000e333000019340000293400004a340000aa340000
ad340000bd340000cc340000d3340000653600008437000036380000b53800000639000039390000583900000c3a0000
a93a0000bf3a0000453b0000143d00000d3f0000203f0000523f0000a73f0000ce3f0000fd3f000017400000cf400000
9d000000e0000000e4000000f3000000fb000000520100005a010000dc010000280200004a02000057020000c7020000
950600002907000048070000b0070000b80700001e08000088080000d0080000e408000074090000cf0b00007e0c0000
980c0000290d00003d0d0000630d0000880d00008c0d0000ac0d0000ba0d0000c00d0000d90d00002e0e00004c100000
b9100000f410000084110000421400005c1400005d140000191500005c15000078150000ab1600001218000057180000
711800006e1900006e1a0000f01a0000021b00007f1d00008d1f000041220000b72200000f2300001d23000043230000
5e2300009923000020270000a2270000a3280000a70000004302000052020000ca0200007d060000210800007a0b0000
5b1a0000ce220000a123000016270000a4000000d3000000f80000004a0100005c0100004f0200007302000086020000
c902000020030000ab030000f504000020050000a3050000b20500001b0600003d0600008d060000a5060000a7060000
b1060000fb06000015070000380700005b070000a9070000b6070000ba07000020080000b9080000f708000012090000
e6090000820a0000a70b0000300c0000420c00005f0c0000ae0c0000fd0c0000370d0000cb0d0000d30d00000c0e0000
3d110000f1120000681300000c140000381400003f14000058140000901400005915000012160000ac17000053190000
5a190000671900007a190000131a0000661a0000881a00009b1a0000b91a0000cc1a0000ed1a0000321b0000f81c0000
061d0000f81f00004d200000c3220000fc22000027230000742300009e230000c5230000a5240000ed24000001250000
0d2500004f250000f9250000ae260000ea260000242700008b270000bc27000062280000a62800005b2a0000b92b0000
712c0000c72c0000642f0000ac2f00001530000051300000653000007932000085320000cd320000cb330000ae340000
3f380000493b00001d3d00001b400000eb0000006501000092010000e50200008f030000c0050000b606000084080000
73090000cb090000840a0000b60a00000c0b0000ca0b0000d20c0000f60c0000010d00001d0d0000340d00008a0d0000
8b0d00009e0d0000a80d0000c70d0000ce0d0000cf0d0000d60d0000d70d00000210000039100000e21000005c110000
9511000031120000e2120000f4120000f51200004d130000671300008b1300009a130000e7130000f513000007140000
0e1400000f1400004c1400005a1400005b140000da190000141a0000151a0000231a00003e1a0000e11a0000e91a0000
ef1a0000131b0000b71c0000bf1c0000e11c0000fe1c0000411d0000981d0000c91d0000d31d0000061f00002d1f0000
611f0000651f0000691f0000891f0000921f00001d200000652000001022000040220000fd2200000523000024230000
882300000f2700004c3b00007f3b0000d63b00009e3c0000f43c0000023d0000183d00001f3d0000203d0000083e0000
4c3e0000513e000019000000440000008d000000ea0000006c01000091010000aa010000b5010000ea01000040020000
48020000ad020000c2020000e8020000180300006203000083050000bf0500002f06000049060000bc0600007e070000
f20700000508000019080000380800008a08000072090000b8090000540a0000700a00009b0a0000b50a0000e70a0000
000b0000310b0000350b0000600b0000760b00008b0b00009d0b0000c50c0000f50c0000370d00000c0e000022100000
3413000066130000cb1300003f140000271500007a1500007e150000241700004d17000095170000b9170000001a0000
0a1a00003f1a0000421a0000521a0000581a00005f1a0000551d0000811d0000251f0000501f0000f01f0000d3210000
b5220000de2200008c23000097230000bd2300000c2700001227000073270000c427000055280000ec28000093290000
cf290000293b0000643b00007e3b0000b03b0000ca3b0000fd3b0000013c00002c3c0000d33c0000ce3d0000093e0000
833e0000a20100003c030000fc050000f40a0000790b00005915000030190000361a00001a1b0000e41c0000061d0000
641d0000371f000074230000be3b0000003e000026000000920000009b000000c3000000f800000099010000a2010000
4002000048020000c2020000c5020000d1020000d5020000e4020000e8020000180300003c03000086050000fc050000
490600007c06000084060000b6070000190800001c080000380800007a090000fa090000fe090000340a00004e0a0000
610a0000b70a0000f40a0000310b00003c0b0000430b0000450b0000600b0000760b0000790b0000920b0000b10b0000
b30b0000ae0c0000370d00000c0e00002210000033130000cb1300003f14000027150000591500007a1500007e150000
241700004d17000095170000b917000030190000f4190000f5190000001a0000091a0000361a00003f1a0000421a0000
521a0000581a00005f1a00001a1b0000e41c0000061d0000641d0000811d0000371f0000501f00008f22000097220000
b5220000d9220000742300008c23000097230000bd2300000c2700001227000073270000c427000055280000ec280000
93290000cf290000143b0000303b0000803b0000be3b0000fd3b0000083c00000f3c0000113c00002c3c0000d33c0000
ce3d0000003e0000093e0000833e0000fd02000036030000a1040000bd04000048060000cf060000d3090000f30a0000
2e0b00005f0b0000730b0000e810000097120000df12000000130000e5180000ee1800005c190000dd190000351a0000
d11a0000691c00006e1c00007d1c0000b01c0000df1c0000fc1c0000ee1e0000191f00002b1f0000701f00003a200000
1c220000712300003227000054280000922900003f2b00001c3000008e300000ef3000005e310000a4340000c0340000
8136000092370000bc3800001b390000ee390000173a0000503a0000bd3b0000ff3d00005b4100008f020000ed020000
b9060000e0080000ce090000db0c00008c0d0000c90d0000e310000097110000a2190000db190000e31a0000f01a0000
021b0000141b0000171b0000441d00004d1d0000dc1d00009b1f000017270000120000002b0000004800000062000000
75010000b0010000f80100004302000052020000b0020000b80200007b0300008705000032060000890600002b070000
930800007a0b0000b60b00005b1a0000ce220000a123000016270000260000004f000000920000009b000000c3000000
d30000004a0100007a010000a2010000b50100004002000048020000b3020000c5020000e40200003c03000044030000
860300008e030000ab030000f504000020050000860500008e050000b2050000350600007c06000084060000a9070000
db070000f2070000050800001c08000026080000280800006a0800006c0800006e080000980800002a0900003c090000
4f090000b4090000230a0000820a0000740b0000760b0000790b00007f0b0000b10b0000c10b0000c90b0000f30b0000
fd0c0000cb0d0000d30d00009a100000d01000001a110000f1120000681300000c140000581400001216000087190000
ad190000bf190000d1190000ec190000131a0000581a00005a1a00007f1a0000ed1a0000321b0000f81c0000551d0000
c51d0000871f0000da1f0000f01f0000152000001c20000045200000642000006c2000003f220000472200008f220000
b5220000e1220000fc22000097230000a6230000bb250000e02500000c2700001227000073270000ec280000ff290000
0c2a0000182a0000e62a0000a12b0000a82b0000082c0000442c0000cf300000123100004f33000051330000b7350000
00360000023600003c3600004e3600007137000022380000dc380000f9390000493b00001d3d0000964100009f030000
b0030000c00300007c040000920400001a05000032050000a1050000b00600004d0700005a070000c3090000360c0000
c1150000051700007a2000002821000000250000ba2800007b2900004f2a00006f2c0000fa2c00005630000064300000
89300000b2300000be30000012320000313200005a32000078320000e33200000533000011390000d0390000f13a0000
353c0000673c00008c3c0000d83e00004a4000009d000000dc01000028020000950600002907000048070000d0080000
e40800003d0a0000e50a0000f80a0000191500004b17000012180000f8190000a2270000a3280000c7290000fa030000
a7040000c3060000e4060000f60600004507000073070000d70c0000f50d00004a0e0000ef0f0000a610000045120000
5413000018140000d31400001615000040170000151e0000ae1e00002a2000004021000057210000fd210000cc230000
362400002125000099270000a02800009e290000512a00002e2b0000592b00005e2d0000db2d0000333000007d300000
2f31000008320000523200009c3200004c3f0000844000004541000076410000a70000007d0600005d0a0000fb060000
5b070000f81f0000c22100005b2a0000653000004b4000001a050000320500004d0700005a070000c115000005170000
ba2800007b2900004f2a00005630000064300000b2300000be300000e332000005330000d0390000f13a00008c3c0000
4a4000002907000048070000191500004b17000012180000f8190000a2270000a3280000c7290000a400000020030000
ab030000b5030000a30500008d060000a5060000a7060000b1060000fb0600005b07000012090000570a00004f0b0000
420c0000f81f0000c2210000012500005b2a0000712c0000ff2c000015300000653000008130000079320000fa3e0000
4b400000bc000000fc020000350300007a05000047060000af0900006c0a00002d0b00005e0b0000720b0000850b0000
211f0000d41f0000d1210000882200003127000053280000912900003600000075050000330a00000a000000a1010000
3b030000780b0000fc02000035030000470600002d0b00005e0b0000720b000031270000532800009129000024000000
91000000c2000000a1010000dc0200003b0300008505000081060000780b0000ae0b00008e2200001901000029010000
34020000ed0300005d040000180500006c050000c0050000b606000082090000cb0900007a0a0000840a0000b60a0000
0c0b0000570c000070120000f4120000071300003d13000026180000141a0000061f0000651f0000921f00002e200000
ae200000ed200000102200004f22000052230000982400006f260000a6260000b9260000862a0000572f000061360000
b33800000439000040390000b63a0000413b0000093f0000ca3f0000fb3f000013400000c74000000c020000fc050000
f40a0000d40b0000342600007b3a0000d03e0000f4010000780b0000c6220000d10000002c0100000002000024020000
370200001e050000b0050000b9060000e0080000ce090000800a0000a50b00002c0c00005d0c0000e50c000060130000
46150000aa1700009b1f0000ba22000055230000ad230000a324000005250000ac260000e2260000622f00007d320000
473b0000194000001d0000003b0000006e000000b9010000e1010000f101000099020000b6020000e60200000c030000
4a0300007a05000047060000950600002907000048070000d0080000e4080000af0900003d0a00006c0a0000e50a0000
f80a00002d0b00005e0b0000720b0000850b00001e1500004b170000f8190000491d0000211f0000e41f0000d1210000
9d2200001027000054270000ac27000053280000a328000091290000c72900001a3b0000ae3b0000c23b0000f93b0000
2a3c0000813e00000600000056000000b3000000750500007d060000330a00005d0a0000133b0000f1010000b6020000
e60200000c0300004706000029070000480700002d0b00005e0b0000720b00001e1500004b170000f81900009d220000
1027000054270000ac27000053280000a328000091290000c7290000f93b00002a3c0000813e00004700000055000000
0c020000a7030000da03000086050000fc0500007c0600004509000047090000fa090000120a0000320a0000340a0000
3b0a0000610a0000f40a0000d40b0000f6170000f419000034260000ed29000055360000ab380000cb380000ed380000
7b3a0000123b0000d03e0000754000000f0000002d000000460000005a000000f4010000a20200007303000085050000
81060000780b0000ae0b0000c6220000d10000002c010000b1010000f1010000400300007a0300001e050000b0050000
b906000026090000b2090000210a0000800a0000720b00007c0b0000b50b0000e50c000060130000421800008c180000
5c1a0000d11f0000542000002f2200009d220000fd290000102a0000062c00003c2c000038360000da380000473b0000
94410000db0e0000f70e00006e0f00008c0f00000b11000018110000c8120000ca140000e0150000111700009a200000
342100001e250000d3270000ea270000102800008b280000e0280000df2a0000da2f0000f12f00000031000010310000
67310000793100001a3200003932000065320000993200001d33000094390000d7390000613d0000a53d0000b03e0000
293f000092400000ba2800007b290000e332000005330000f13a0000a2270000a3280000c7290000f50d0000d1100000
1b1100004512000018140000d314000018200000e0210000212500009e270000e3270000f52700008e280000ae280000
d0280000d4280000e3280000bb290000e82a0000dd2f0000fc2f0000133100009c320000fb320000093300004c3f0000
984000003127000053280000912900001027000054270000ac27000053280000a328000091290000c7290000813e0000
690d000023100000f412000007130000cc1300007114000026180000141a0000522600004127000051270000da270000
4528000063280000a028000054290000572900008b290000952900009e290000ce290000862a00008c38000040390000
993a0000e63a0000003b00007b3e00001d3f0000c740000073010000d9010000fa03000019040000eb04000044050000
eb050000e706000091080000cd080000a30a0000da0a0000380c0000a3100000b5100000d11000001b1100008c150000
1316000041160000761600009b170000e51700008d1a000018200000e0210000192500004d2500006025000099270000
a02800009e290000e82a0000992c0000162d000036300000913000001331000091320000cb320000de320000da3e0000
823f0000953f00009840000020030000120900004f0b0000420c00000125000079320000fa3e0000d11000001b110000
8c1500001316000041160000761600009b170000e51700008d1a000018200000e02100004d2500006025000099270000
a02800009e290000e82a000013310000cb320000de320000823f0000953f000098400000dc020000ae0b00008e220000
46150000aa1700009b1f000055230000ad230000ac260000e226000019400000010100008101000099020000ed020000
f90200004a030000730400004406000095080000af0a0000850b00009a0b0000b50b0000e40b0000f70b0000900c0000
3113000046150000aa1700009b1f000093220000cd22000055230000ad230000ca25000043260000ac260000e2260000
0c3800008a3a0000783b0000194000007c04000092040000c3090000360c00007a2000002821000000250000ba280000
7b29000012320000313200005a32000078320000e33200000533000011390000f13a0000673c0000d83e0000dc010000
28020000d0080000e4080000e50a0000f80a0000a2270000a3280000c7290000f50d00004512000018140000d3140000
151e0000ae1e00002a2000004021000057210000fd210000362400002125000099270000a02800009e2900002e2b0000
592b000008320000523200009c3200004c3f00004541000076410000af090000850b0000211f0000d41f0000d1210000
88220000312700005328000091290000f41200000713000026180000141a0000061f0000651f0000921f00002e200000
ae200000ed200000102200004f220000522300006f260000a6260000b9260000862a000040390000b63a0000ca3f0000
fb3f000013400000c7400000b9010000e1010000990200004a030000d0080000e4080000af090000e50a0000f80a0000
850b0000491d0000211f0000e41f0000d12100001027000054270000ac27000053280000a328000091290000c7290000
ae3b0000c23b0000813e00006804000030060000630600008c080000730900007f0900008c0a00007d0c00008d0c0000
690d00008e0e000023100000731200002b1300003513000067130000cc1300007114000022160000251700002d170000
1e18000079180000891800000c1a0000401a0000531a0000591a0000f42300008624000052260000702a0000cc2b0000
002c0000132c0000e12c0000e3360000b03800006f390000c4390000993a0000553b00001d3f000055400000fd400000
104100008e410000fa090000120a0000f6170000f4190000ed290000cb38000075400000a202000073030000ae0b0000
421800008c1800005c1a0000542000002f220000062c00003c2c000094410000690d000023100000cc13000071140000
22160000251700002d1700007918000089180000401a0000531a0000591a00008624000052260000cc2b0000002c0000
132c0000c4390000993a00001d3f0000fd400000104100008e41000001010000810100009e0200006703000073040000
330600006e0600002d0700005f07000095080000af0a0000a20b0000900c0000311300000e1800002118000042180000
8c1800005c1a0000542000002f220000452a0000762a0000062c00003c2c0000ec2c000069300000783b000094410000
4b0e000058130000201400004417000001220000d323000037240000a6290000dc2d0000313100004f3f000085400000
46410000774100004c170000fb190000ca290000eb0000006501000092010000e50200008f0300008408000073090000
ca0b0000d60d00005a140000c91d0000891f00001d2000006520000040220000fd2200000f270000a20100003c030000
790b0000fd02000036030000480600002e0b00005f0b0000730b00003227000054280000922900008f020000ed020000
17270000ee0300005e040000190500006d050000830900007b0a0000580c0000741200000f13000043130000b0200000
ee200000502200009c24000073260000a7260000c1260000872a00005b2f000062360000b43800000539000048390000
ba3a0000423b00000a3f0000cb3f0000fc3f000014400000ca4000000101010101010101010101010101010101010101
010101010101010101010101010101010101010101010101010101010101010101010101010101010101010101010101
010101010101010101010101010101010101010101010101010101010101020101010101010101010101010101010101
010101010101010101010101010101010101010101010101010101010101010101010101010101010101010101010101
010101010101010101010101010101010101010101010101010101010101010101010101010101010101010101010101
010101010101010101010101010101010101010101010101010101010101010101010101010101010101010101010101
010101010101010101010101010101010101010101010101010101010101010101010101010101010101010101010101
010101010101010101010101010101010101010101010101010101010101010101010101010101010101010101010101
010101010101010101010101010101010101010101010101010101010101010101010201010101010101010101010101
010101010101010101010101010101010101010101010101010101010101010101010101010101010101010101010101
010101010101010101010101010101010101010101010101010101010101010101010101010101010101010101010101
010101010101010101010101010101010101010101010101010101010101010101010101010101010101010101010101
010101010101010101010101010101010101010101010101010101010101010101010101010101010101010101010101
010101010101010101010101010101010101010101010101010101010101010101010101020101010101010101010101
010101010101010101010101010101010101010101010101010101010101010101010101010101010101010101010101
010101010101010101010101010101010101010101010101010101010101010101010101010101010101010101010101
010101010101010101010101010101010101010101010101010101010101010101010101010101010101010101010101
010101010101010101010101010101010101010101010101010101010101010101010101010101010101010101010101
010101010101010101010101010101010101010101010101010101010101010101010101010101010101010101010101
010101010101010101010101010101010101010101010101010101010101010101010101010101010101010101010101
010101010101010101010101010101010101010101010101010101010101010101010101010101010101010101010101
010101010101010101010101010101010101010101010101010101010101010101010101010101010101010101010101
010101010101010101010101010101010101010101010101010101010101010101010101010101010101010101010202
020202010202020202010101020101010101010101010101010101010102020201010101010101010101010102010101
020202020202020202020202020202020202020202020202020202020202020202020202020202020202020202020202
020202020202020202020202020202020202020202020201020102020202020102020202020101010101010101010101
010101010101010101010101010101010101010101010101010101010101010101010101010101010101010101010101
010101010101010101010101010101010101010101010101010101010101010101010101010101010101010101010101
010101010101010101010101010101010101010101010101010101010101010101010101010101010101010101010101
010101010101010101010101010101010101010101010101010101010101010101010101010101010101010101010101
010101010101010101010101010101010101010101010101010101010101010101010101010101010101010101010101
010101010101010101010101010101010101010102010101010101010101020201010101020201020101010101010201
010101020201010101010101010101010101010101010101010101010102010101020101010102010101010102010201
010101010101010101010101010101010101010101010102010101010101010101010101010101010101010101010101
010101010101010101010101010101010101010101010101010101010101010101010101010101010101010101010101
010101010101010101010101010201010101010102010101010102010201020101010102010101020101010201020101
010101010101010101010101010101010101010102010101010201020101010201020101010101010101010102010101
010101010101010101010101010101010101010101010101010101010101010101010101010101010101010101010101
010101010101010101010101010101010101010101010101010101010101010101010101010101010101010101010101
010101010101010101010101010101010101010101010101010101010101010101010101010101010101010101010101
010101010101010101010101010101010101010101010101010101010101010101010101010101010101010101010101
010101010101010101010101010101010101010101010101010101010101010101010101010101010101010101010101
010101010101010101010101010101010101010101010101010101010101010101010201010102020101010101010101
020202010101010202010101010101010201010101010101010101010101010101010101010101010101010102010201
010101010201020101020101010101010101010101010101010101010101010102010101010101010101010101010101
010101010101010101010101010101010101010101010101010101010101010101010101010101010101010101010101
010101010101010101010101010101010101010101010101010101010101010101010101010101010101010101010101
010101010101010102010101010101010101010101010101010101010101010101010101010101010101010101010101
010101010101010101010101010101010101010101010101010101010101010101010101010101010101010101010101
010101010101010101010101010101010101010101010101010101010101010101010101010101010101010101010101
010101010101010101020101010101010101010101010101010101010101010101010101010101010101010101010101
010101010101010101010101010101010101010101010101010101010101010101010101010101010101010101010101
010101010101010101010101010101010101010101010101010101010101010101010101010101010101010101010101
010101010101010101010101010101010101010101010101010101010101010101010101010101010101010101010101
010101010101010101010101010101010201010101010201010101020101010201010101010102010101010101010101
010101010101010101010101010101010101010101010101010101010101010101010101010101010101010101010101
010101010101010101010101010101010101010101010101010101010101010101010101010101010101010101010101
010101010101010101010101010101010101010101010101010101010101010101010101010101010101010101010101
010101010101010101010101010101010101010101010101010101010101010101010101010101010101010101010101
010101010101010101010101010101010101010101010101010101010101010101010101010101010101010101010101
010101010101010101010101010101010101010101010101010101010101010101010101010101010101010101010101
010101010201010101010101010101010101010101010101010101010101010101010101010101010101010101010101
010101010101010101010101010101010101010101010101010101010101010101010101010101010101010101010101
010101010101010101010101010101010101010101010101010101010101010101010101010101010101010101010101
010101010101010101010101010101010101010101010101010101010101010101010101010101010101010101010101
010101010101010101010101010101010101010101010101010102010101010201010101010101010102010101010101
010101010101010101020101010101010101010101010101010101010101010101010101010101010101010101010101
010101010101010101010101010101010101010101010101010101010101010101010101010101010101010101010101
010101010101010101010101010101010101010101010101010101010101010101010101010101010101010101010101
010101010101010101010101010101010101010101010101010101010101010101010101010101010101010101010101
010101010101010101010101010101010101010101010101010102010101010101010101010101010101010101010101
010101010101010101010101010101010101010101010101010101010101010101010101010101010101010101010101
010101010101010101010101010101010101010101010101010101010101010101010101010101010101010101010101
010101010101010101010101010101010101010101010101010101010101010101010101010101010101010101010101
010101010101010101010101010101010101010101010101010101010101010101010101010101010101010101010101
020101010101010101010101010101010101010101010101010101010101010101010101010101010101010101010101
010101010101010101010101010101010101010101010101010101010101010101010101010101010101010101010101
010101010101010101010101010101010101010101010101010101010101010101010101010101010101010101010101
010101010101010101010101010101010101010101010101010101010101010101010101010101010101010101010101
010101010101010101010101010101010101010101010101010101010101010101010101010101010101010101010101
010101010101010101010101010101010101010101010101010101010101010101010101010101010101010101010101
010101010101010101010101010101010101010101010101010101010101010101010101010101010101010101010101
010101010101010101010101010101010101010101010101010101010101010101010101010101010101010101010101
010101010101010101010101010101010101010101010101010101010101010101010101010101010101010101010101
010101010101010101010101010101010101010101010101010101010101010101010101010101010101010101010101
010101010101010101010101010101010101010101010101010101010101010101010101010101010101010101010101
010101010101010101010101010101010101010101010101010101010101010101010101010101010101010101010101
010101010101010101010101010101010101010101010101010101010101010202010101010101010101010101010101
010101010101010101010101010101010101010101010101010101010101010101010101010101010101010101010101
010101010101010101010101010101010101010101010101010101010101010101010101010101010101010101010101
010101010101010101010101010101010101010101010101010101010101010101010101010101010101010101010101
010101010101010101010101010101010101010101010101010101010101010101010101010101010101010101010101
010101010101010101010101010101010101010101010101010101010101010101010101010101010101010101010101
010101010101010101010101010101010101010101010101010101010101010101010101010101010101010101010101
010101010101010101010101010101010101010101010101010101010101010101010101010101010101010101010101
010101010101010101010101010101010101010101010101010101010101010101010101010101010101010101010101
010101010101010101010101010101010101010101010101010101010101010101010101010101010101010101010101
010101010101010101010101010101010101010101010101010101010101010101010101010101010101010101010101
010101010101010101010101010101010101010101010101010101010101010101010101010101010101010101010101
010101010101010101010101010101010101010101010101010101010101010101010101010101010101010101010101
010101010101010101010101010101010101010101010101010101010101010101010101010101010101010101010101
010101010101010101010101010101010101010101010101010101010101010101010101010101010101010101010101
010101010101010101010101010101010101010101010101010101010101010101010101010101010101010101010101
010101010101010101010101010101010101010101010101010101010101010101010101010101010101010101010101
010101010101010101010101010101010101010101010101010101010101010101010101010101010101010101010101
010101010101010101010101010101010101010101010101010101010101010101010101010101010101010101010101
010101010101010101010101010101010101010101010101010101010101010101010101010101010101010101010101
010101010101010101010101010101010101010101010101010101010101010101010101010101010101010101010101
010101010101010101010101010101010101010101010101010101010101010101010101010101010101010101010101
010201010101010101010101010101010101010101010101010101010101010101010101010101010101010101010101
010101010101010101010101010101010101010101010101010101010101010101010101010101010101010101010101
010101010101010101010101010101010101010101010101010101010101010101010101010101010101010101010101
010101010101010101010101010101010101010101010101010101010101010101010101010101010101010101010101
010101010101010101010101010101010101010101010101010101010101010101010101010101010101010101010101
010101010101010101010101010101010101010101010101010101010101010101010101010101010101010101010101
010101010101010101010101010101010101010101010101010101010101010101010102010101010101010101020101
010101020101010101010101010101010102010101010101010101010101010101010101010101010101010101010101
010101010101010101010101010101010101010101010101010101010101010101010101010101010101010101010101
010101010101010101010101010101010101010101010101010101010101010101010101010101010101010101010101
010101010101010101010101010101010101010101010101010101010101010101010101010101010101010101010101
010101010102010101010101010101010101010101010101010101010101010101010101010101010101010101010101
010101010101010101010101010101010101010101010101010101010101010101010101010101010101010101010101
010101010101010101010101010101010101010101010101010101010101010101010101010101010101010101010101
010101010101010101010101010101010101010101010101010101010101010101010101010101010101010101010101
010101010101010101010101010101010101010101010101010101010101010101010101010101010101010101010101
010101010101010101010101010101010101010101010101010101010101010101010101010101010101010101010101
010101010101010101010101010101010101010101010101010101010101010101010101010101010101010101010101
010101010101010101010101010101010101010101010101010101010101010101010101010101010101010101010101
010101010101010101010101010101010101010101010101010101010101010101010101010101010101010101010101
010101010101010101010101010101010101010101010101010101010101010101010101010101010101010101010101
010101010101010101010101010101010101010101010101010101010101010101010101010101010101010101010101
010101010101010101010101010101010101010101010101010101010101010101010101010101010101010101010101
010101010101010101010101010101010101010101010101010101010101010101010101010101010101010101010101
010101010101010101010101010101010101010101010101010101010101010101010101010101010101010101010101
010101010101010101010101010101010101010101010101010101010101010101010101010101010101010101010101
010101010101010101010101010101010101010101010101010101010101010101010101010101010101010101010101
010101010101010101010101010101010101010101010101010101010101010101010101010101010101010101010102
010101010101010101010101010101010101010101010101010101010101010101010101010101010101010101010101
010101010101010101010101010101010101010101010101010101010101010101010101010101010101010101010101
010101010101010101010101010101010101010101010101010101010101010101010101010101010101010101010101
010101020202020202010202020201010202020101010101010101010101010101010101010101010101010101010101
010101010101010101010101010102020202020202020202020202020202020202010102020102010101010101010101
010101010101010101010101010101010101010101010101010101010101010101010101010101010101010101010101
010101010101010101020102010101010102010101010101010101010102010102010101010101010102010101010101
010101010101010101010101010101010101010101010101010201010202010101010101010101010101010101010101
010101010101010101010101010101010101010101010101010101010101010101010101010101010101010101010101
010102010101010201020101010101010101010101010101010101010101010101010101010101010101010101010101
010101010101010101010101010101010101010101010101010101010101010101010101010101010101010101010101
010101010101010101010101010101010101010101010101010101010101010101010101010101010101010101010101
010101010101010101010101010101010101010101010101010101010101010101010101010101010101010101010101
010101010101010101010101010101010101010101010101010101010101010101010101010101010101010101010101
010101010101010101010101010101010101010101010101010101010101010101010101010101010101010101010101
010101010101010101010101010101010101010101010101010101010101010101010101010101010101010101010101
010101010101010101010101010101010101010101010101010101010101010101010101010101010101010101010101
010101010101010101010101010101010101010101010101010101010101010101010101010101010101010101010101
010101010101010101010101010101010101010101010101010101010101010101010101010101010101010101010101
010101010101010101010101010101010101010101010101010101010101010101010101010101010101010101010101
010101010101010101010101010101010101010101010101010101010101010101010101010101010101010101010101
010101010101010101010101010101010101010101010101010101010101010101010101010101010101010101010101
010101010101010101010101010101010101010101010101010101010101010101010101010101010101010101010101
010101010101010101010101010101010101010101010101010101010101010101010101010101010101010101010101
010101010101010101010101010101010101010101010101010101010101010101010101010101010101010101010101
010101010101010101010101010101010101010101010101010101010101010101010101010101010101010101010101
010101010101010101010101010101010101010101010101010101010101010101010101010101010101010101010101
010101010101010101010101010101010101010101010101010101010101010101010101010101010101010101010101
010101010101010101010101010101010101010101010101010101010101010101010101010101010101010101010101
010101010101010101010101010101010101010101010101010101010101010101010101010101010101010101010101
010101010101010101010101010101010101010101010101010101010101010101010101010101010101010101010101
010101010101010101010101010101010101010101010101010101010101010101010101010101010101010101010101
010101010101010101010101010101010101010101010101010101010101010101010101010101010101010101010101
010101010101010101010101010101010101010101010101010101010101010101010101010101010101010101010101
010101010101010101010101010101010101010101010101010101010101010101010101010101010101010101010101
010101010101010101010101010101010101010101010101010101010101010101010101010101010101010101010101
010101010101010101010101010101010101010101010101010101010101010101010101010101010101010101010101
010101010101010101010101010101010101010101010101010101010101010101010101010101010101010101010101
010101010101010101010101010101010101010101010101010101010101010101010101010101010101010101010101
010101010101010101010101010101010101010101010101010101010101010101010101010101010101010101010101
010101010101010101010101010101010101010101010101010101010101010101010101010101010101010101010101
010101010101010101010101010101010101010101010101010101010101010101010101010101010101010101010101
010101010101010101010101010101010101010101010101010101010101010101010101010101010101010101010101
010101010101010101010101010101010101010101010101010101010101010101010101010101010101010101010101
010101010101010101010101010101010101010101010101010101010101010101010101010101010101010101010101
010101010101010101010101010101010101010101010101010101010101010101010101010101010101010101010101
010101010101010101010101010101010101010101010101010101010101010101010101010101010101010101010101
010101010101010101010101010101010101010101010101010101010101010101010101010101010101010101010101
010101010101010101010101010101010101010101010101010101010101010101010101010101010101010101010101
010101010101010101010101010101010101010101010101010101010101010101010101010101010101010101010101
010101010101010101010101010101010101010101010101010101010101010101010101010101010101010101010101
010101010101010101010101010101010101010101010101010101010101010101010101010101010101010101010101
010101010101010101010101010101010101010101010101010101010101010101010101010101010101010101010101
010101010101010101010101010101010101010101010101010101010101010101010101010101010101010101010101
010101010101010101010101010101010101010101010101010101010101010101010101010101010101010101010101
010101010101010101010101010101010101010101010101010101010101010101010101010101010101010101010101
010101010101010101010101010101010101010101010101010101010101010101010101010101010101010101010101
010101010101010101010101010101010101010101010101010101010101010101010101010101010101010101010101
010101010101010101010101010101010101010101010101010101010101010101010101010101010101010101010101
010101010101010101010101010101010101010101010101010101010101010101010101010101010101010101010101
010101010101010101010101010101010101010101010101010101010101010101010101010101010101010101010101
010101010101010101010101010101010101010101010101010101010101010101010101010101010101010101010101
010101010101010101010101010101010101010101010101010101010101010101010101010101010101010101010101
010101010101010101010101010101010101010101010101010101010101010101010101010101010101010101010101
010101010101010101010101010101010101010101010101010101010101010101010101010101010101010101010101
010101010101010101010101010101010101010101010101010101010101010101010101010101010101010101010101
010101010101010101010101010101010101010101010101010101010102010101010101010101010101010101010101
010101010101010101010101010101010101010101010101010101010101010101010101010101010101010101010101
010101010101010101010101010101010101010101010101010101010101010101010101010101010101010101010101
010101010101010101010101010101010101010101010101010101010101010101010101010101010101010101010101
010101010101010101010101010101010101010102010101010101010101010101010101010101010101010101010101
010101010101010101010101010101010101010101010101010101020101010101010101010101010101010101010101
010101010101010101010101010101010101010101010101010101010101010101010101010101010101010101010101
010101010101010101010101010101010101010101010101010101010101010101010101010101010101010101010101
010101010101010101010101010101010101010101010101010101010101010101010101010101010101010101010101
010101010101010101010101010101010101010101010101010101010101010101010101010101010101010101010101
010101010101010101010101010101010101010101010101010101010101010101010101010101010101010101010101
010101010101010101010101010101010101010101010101010101010101010101010101010101010101010101010101
010101010101010101010101010101010101010101010101010101010101010101010101010101010101010101010101
010101010101010101010101010101010101010101010101010101010101010101010101010101010101010101010101
010101010101010101010101010101010101010101010101010101010101010101010101010101010101010101010101
010101010101010101010101010101010101010101010101010101010101010101010101010101010101010101010101
010101010101010101010101010101010101010101010101010101010101010101010101010101010101010101010101
010101010101010101010101010101010101010101010101010101010101010101010101010101010101010101010101
010101010101010101010101010101010101010101010101010101010101010101010101010101010101010101010101
010101010101010101010101010101010101010101010101010101010101010101010101010202020101010101010101
010101010202010102010101010101010101020101010101010101010101010101010101010101010101010101010101
010101010101010101010101010101010101010101010101010101010101010101010101010101010101010101010101
010101010101010101010101010101010101010101010101010101010101010101010101010101010101010101010101
010101010102010101010101010101010101010101010101010101010101010101010101010101010101010101010101
010101010101010101010101010101010101010101010101010101010101010101010101010101010101010101010101
010101010101010101010101010101010101010101010101010101010101010101010101010101010101010101010101
010101010101010101010101010101010101010101010101010101010101010101010101010101010101010101010101
010101010101010101010101010101010101010101010101010101010101010101010101010101010101010101010101
010101010101010101010101010101010101010101010101010101010101010101010101010101010101010101010101
010101010101010101010101010101010101010101010101010101010101010101010101010101010101010101010101
010101010101010101010101010101010101010101010101010101010101010101010101010101010101010101010101
010101010101010101010101010101010101010101010101010101010101020101010101010101010101010101010101
010101010101010101010101010101010101010101010101010101010101010101010101010102010101010101010101
010101010101010101010101010101010101010101010101010101010101010101010101010101010101010101010101
010101010101010101010101010101010101010101010101010101010101010101010101010101010101010101010101
010101010101010101010101010101010101010101010101010101010101010101010101010101010101010101010101
010101010101010101010101010101010101010101010101010101010101010101010101010101010101010101010101
010101010101010101010101010101010101010101010101010101010101010101010101010101010101010101010101
010101010101010101010101010101010101010101010101010101010101010101010101010101010101010101010101
010101010101010101010101010101010101010101010101010101010101010101010101010101010101010101010101
010101010101010101010101010101010101010101010101010101010101010101010101010101010101010101010101
010101010101010101010101010101010101010101010101010101010101010101010101010101010101010101010101
010101010101010101010101010101010101010101010101010101010101010101010101010101010101010101010101
010101010101010101010101010101010101010101010101010101010101010101010101020101010201010101010101
010101010101010101020101010102010101010101010101010102010101010101010101010101010101010101010101
010201010102010101020101010101010101010101010101010101010101020101020101010201010101010101010101
010101010101010101010101010101010101010101010101010101010101020101010101010101010201010201010102
010101010201010102010201010101010101010101020101010101010101010101010101010101010101010101010101
010101010101010101010101010101010101010101010101010101010101010101010101010101010101010101010101
010101010101010101010101010101010101010101010101010101010101010101010101010101010101010101010101
010101010101010101010101010101010101010101010101010201020101010101010201010102010101010102010101
010102010101010102010101010101010101020101010101010101010101010101010101010101010101010101010101
010101010101010101010101010101010101010101010101010101010101010101010101010101010101010101010101
010101010101010101010101010101010101010101010101010101010101010101010101010101010101010101010101
010101010101010101010101010101010101010101010101010101010102010101010102010101020101010201010102
010201010101010102010101010101010201010101010101010101010102010101010101010101010101010101010101
010101020101020101010201010101010101010101020101010101010101010101010101010101010101010101010101
010201010101020101010201020101010101010101010102010101010101010101010101010101010101010101010101
010101010101010101010101010101010101010101010101010101010101010101010101010101010201010101010102
010101010102010101010102010101010101010101020101010101010101010101010101010101010101010101010101
010101010101010101010101010101010101010101010101010101010101010101010101010102010101010102010201
010101010102010101010101010201010101010101010101010101010101010101010101010102010102020202020202
020202020202020202020202020202020402020202020202020202020202020202010101010101010101010101010101
010101010101010101010101010101020101010101010101010101020102010101010102010101010102010101010101
010101010101010101010201010102010101010101010101010101010101010101010101010201010101010201010201
010101010101010101010101010101010101010101010101010101010101010101010101010101010201010102010201
010102010101010201010101010101010101010101020101010201010101010101010101010101010101010101010101
010101010101010101020101020102010101010101010101010101010101010101010101010101010101010101010101
010102010101010201010101010101020102010201010101010101010101020101010101010101010201010101010101
010101010101010101010101010201010101010201010201010101010101010101010101010101010101010101010101
010101010101010101010101010101010101010101010101010101010101010101010101010101010101010101010101
010101010101010101010101010101010101010101010101010101010101010101010101020101010201010101010101
010101010101010102010101010201010101010101010101010101010101020101010201010101010101010101010101
010101010101010101010101010101010101010101010101010101010101010101010101010101010101010101010101
010101010101010101010101010101010101010101010101010101010101010101010101010101010101010101010101
010101010101010101010101010101010101010101010101010101010101010102010101010101010102010201010102
010101010102010101010101010102010101010101010101010102010101010101010101010101010101010101010101
010101010101010101010101010101010101010101010101010101010101010101010101010101010101010102010102
010102010101010101010101010101010101010101010101010101010101010101010101010101010201010201010102
010101010101010102010101020101010101010101010101010101010101010201010201010101010101010101010101
010101010101010101010201020101010101010201010101010101010101010101010101010101010101010101010201
010101010101010101010102010101010101010101010201010101010101010101010101010101010101010101010101
010101010101010101010101010101010101010101010101010101010101010101010101010101010101010101010101
010101010101010101010101010101010101010101010101010101010101010101010101010101010101010101010101
010101010101010101010101010101010101010101010101010101010101010101010101010101010101010101010101
010101010101010101010101010101010101010101010101010101010101010101010101010101010101010101010101
010101010101010101010101010101010101010101010101010101010101010101010101010101010101010101010101
010101010101010101010101010101010101010101010101010101010101010101010101010101010101010101010101
010101010101010101010101010101010101010101010101010101010101010101010101010101010101010101010101
010101010101010101010101010101010101010101010101010101010101010101010101010101010101010101010101
010101010101010101010101010101010101010101010101010101010101010101010101010101010101010101010101
010101010101010101010101010101010101010101010101010101010101010101010101010101010101010101010101
010101010101010101010101010101010101010101010101010101010101010101010101010101010101010101010101
010101010101010101010101010101010101010101010101010101010101010101010101010101010101010101010101
010101010101010101010101010101010101010101010101010101010101010101010101010101010101010101010101
010101010101010101010101010101010101010101010101010101010101010101020101010101010101010101010101
010101010101010101010101010101010101010101010101010101010101010101010101010101010101010101010101
010101010101010101010101010101010101010101010101010101010201010101010101010101010101010101010101
010101010101010101010101010101010101010101010101010101010101010101010101010101010101010101010101
010101010101010101010101010101010101010101010101010101010101010101010101010101010101010101010101
010101010101010101010101010101010101010101010101010101010101010101010101010201010101010101010101
010101010101010101010101010101010101010101010101010101010101010101010101010101010102010101010101
010101010101010101010101010101010101010101010101010101010201010101010101010101010101010101010101
010101010101010101010101010101010101010101010101010101010101010101010101010101010101010101010101
010101010101010101010101010101010101010101010101010101010101010101010101010101010101010101010101
010101010101010101010101010101010101010101010101010101010101010101010101010101010101010101010101
010101010101010101010101010101010101010101010101010101010101010101010101010101010101010101010101
010101010101010101010101010101010101010101010101010101010101010101010101010101010201010101010101
010101010101010101010101010101010101010101010101010101010101010101010101010101010101010101010101
010101010101010101010101010101010101010101010101010101010101010101010101010101010101010101010101
010101010101010101010102010201020101010101010101010101010101010101010101010101010101010101010101
010101010101010101010101010101010101010101010101010101010101010101010101010101010102010101010101
010102010101010101020101010101010101010101010101010101010101010101010101010101010101010101010101
010101010101010101010101010101010101010101010101010102010101010101010201010101020101010101010101
010101010101010101010101010101010101010101010101010101010101010101010101010101010101010101010102
010101010101010101010101010101010101010101010101010101010101010101010101010101010101010101010101
010101010101010101010101010101010101010101010101010101010101010101010101010101010101010101010101
010101010101010101010101010101010101010101010101010101010101010101010101010101010101010101010101
010101010101010101010101010101010101010101010101010101010101010101010101010101010101010101010101
010101010101010101010101010101010101010101010101010101010101010101010101010101010101010101010101
010101010101010101010101010101010101010101010101010101010101010101010101010101020101010101010101
010101010101010101010102010101010101010201010101010101010101010101010101010101010101010101010101
010101010101010101010101010101010101010101010101010101010101020101010101010101010201010101010101
010101010101020101010101010101010101010101010101010101010101010101010101010101010101010101010101
010101010101010101010101010101010101010101010101010101010101010101010101010101010101010101010101
010101010101010101010101010101010101010101010101010101010101010101010101010101010101010101010101
010101010101010101010101010101010101010101010101010101010101010101010101010101010101010101010101
010101010101010101010101010101010101010101010101010101010101010101010101010101010101010101010101
010101010101010101010101010101010101010101010101010101010101010101010101010101010101010101010101
010101010101010101010101010101010101010101010101010101010101010101010101010101010101010101010101
010101010101010101010101010101010101010101010101010101010101010101010101010101010101010101010101
010101010101010101010101010101010101010101010101010101010101010101010101010101010101010101010101
010101010101010101010101010101010101010101010101010101010101010101010101010101010101010101010101
010101010101010101010101010201010101010101010101010102010201020101010101020101010101010101010101
010101010101010101020101010101010101010101020101010101010101010101010101010101010101010101010101
010101010101010101010101010101010101010101010101010101010101010101010101010101010101010101010101
010101010101010101010101010101010101010101010101010101010101010101010101010101010101010101010101
010101010101010101010101010101010101010101010101010101010101010101010101010101010101010101010101
010101010101010101010101010101010101010101010101010101010101010101010101010101010101010101010101
010101010101010101010101010101010101010101010101010101010101010101010101010101010101010101010101
010101010101010101010101010101010101010101010101010101010101010101010101010101010101010101010101
010101010101010101010101010101010101010101010101010101010101010101010101010101010101010101010101
010101010101010101010101010101020101020101010101010101010201010101010101010101020201010101010101
010101010101010101010101010101010101010101010101010102010102010101010101010101010101010101010101
010101010101010101010101010101010101010101010101010101010101010101010101010101010101010101010101
010101010101010101010101010101010101010101010101010101010101010101010101010101010101010101010101
010101010101010101010101010101010101010101010101010101010101010101010101010101010101010101010101
010101010101010101010101010101010101010101010101010101010101010101010101010101010101010101010101
010101010101010101010101010101010101010101010101010101010101010101010101010101010101010101010101
010101010101010101010101010101010101010101010101010101010101010101010101010101010101010101010101
010101010101010101010101010101010101010101010101010101010101010101010101010101010101010101010101
010101010101010101010101010101010101010101010101010101010101010101010101010101010101010101010101
010101010101010101010101010101010101010101010101010101010101010101010101010101010101010101010101
010101010101010101010101010101010101010101010101010101010101010101010101010101010101010101010101
010101010101010101010101010101010101010101010101010101010101010101010101010101010101010101010101
010101010101010101010101010101010101010101010101010101010201010101010101010101010101010102010101
010101010101010101010101010101010101010101010101010101010101010101010101010101010101010101010101
010101010101010101010101010101010101010101010101010101010101010102010101010101010101010101010101
010101010101010101010101010101010101010101020102010101010102010101010101010101010101010101010101
010101010101010101010101010101010101010101010101010101010101010101010101010101010101010101010101
010101010101010101010101010101010101010201010101010101010101010101010101010101010101010101010101
010101010101010101010101010101020201010101010101010101010101010101010101010101010101010101010101
010102010102010101010101010101010101010101010101010101010101010101020101010101010201010101010101
010101010101010101010101010101010101010101010101010101010101010101010101010101010101010101010101
010101010101010101010101010101010101010101010101010101010101010101010101010101010101010101010101
010101010101010101010101010101010101010101010101010101010101010101010101010101010101010101010101
010101010101010101010101010101010101010101010101010101010101010101010101010101010101010101010101
010101010101010101010101010101010101010101010101010101010101010101010101010101010101010101010101
010101010101010101010101010101010101010101010101010101010101010101010101010101010101010101010101
010101010101010101020101010101010101010101010101010101010101010101010101010101010101010101010101
010101010101010101010101010102020101010101010101010101010101010101010101010101010101010101010101
010101010101010101010101010101010101010101010101020201010102010101010101010101010101010101010101
010101010101010101010101010101010101010101010101010201020101010101010201010101010101010101010101
010101010101010101010101010101010101010101010101010101010101010101010101010101010101010101010101
010101010101010101010101010101010101010101010101010101010101010101010101010101010101010101010101
010101010101010101010101010101010101010102010102010101010101020101010101010101010101010101010101
010101010101010101010101010101010101010101010101010101010101020101010101010101010101010101010101
010101010101010101010101010101010101010101010101010101010101010101010101010101010101010101010101
010101010101010101010101010101010101010102020101010101010101010102020101010202010101010101010102
010101010101010101010101010101010201010101010101010101010101010101010101010101010101010101010101
010101010101010101010101010101010101010101010101010101010101010101010101010101010101010101010101
010101010101010101010101010101010101010101010101010101010101010101010101010101010101010101010101
010101010101010101010101010101010101010101010101010101010101010101010101010101010101010101010101
010101010101010101010101010101010101010101010101010101010101010101010101010101010101010101010101
010101010101010101010101010101010101010101010101010101010101010101010101010101010101010101010101
010101010101010101010101010101010101010101010101010101010101010101010101010101010101010101010101
010101010101010101010101010101010101010101010101010101010101010101010101010101010101010101010101
010101010101010101010101010101010101010101010101010101010101010101010101010101010101010101020101
020101010101010101010101010101010101010202010101010201010101010101010101010101010101010101010101
010101010101010101010101010101010101010101010101010101010102010101010101020101010101010102010201
010101010101010101010201010101010201020101010101010101010101010101010101020101010101010101010101
010101010101010101010101010101010101010101010101010101010101010101010101010101010101010101010101
010101010101010101010101010101010101010101010101010101010101010101010101010101010101010101010101
010101010101010101010101010101010101010101010101010101010101010101010101010101010101010101010101
010101010101010101010101010101010101010101010101010101010101010101010101010101010101010101010101
010101010101010101010101010101010101010101010101010101010101010101010101010101010101010101010101
010101010101010101010101010101010101010101010101010101010101010101010101010101010101010101010101
010101010101010101010101010101010101010101010101010101010101010101010101010101010101010101010101
010101010101010101010101010101010101010101010101010101010101010101010101010101010101010101010101
010101010101010101010101010101010101010101010101010101010101010101010101010101010101010101010101
010101010101010101010101010101010101010101010101010101010101010101010101010101010101010101010101
010101010101010102010101010101010101020101010101010101010102010101010101010101010101010101010101
010101010101010101010101010101010101010101010101010101010101010101010101010101010101010101010101
010101010101010101010101010101010101010101010101010101010101010101010101010101010101010101010101
010101010101010101010101010101010101010101010101010101010101010101010101010101010101010101010101
010101010101010101010101010101010101010101010101010101010101010101010101020101010101010201020101
010101020101010101010101010101010101020101010101010101010101010101010101010101010101010101010101
010101010101010101010101010101010101010101010101010101010101010101010101010101010101010101010101
010101010101010101010101010101010101010101010101010101010101010101010101010101010101010101010101
010101010101010101010101010101010101010102020202020201020202020101020202010101010101010101010101
010101010101010101010101010101010101010101010101010101010101010101010101010101010101020101010201
010101010102010101010101010202010101010202010101010101010102010101010202020101010101010201010101
010101010101010101010101010101010101010101010101010101010101010101010101010101010101010101010101
010101010101010101010101010101010101010101010101010101010101010101010101010101010101010101010101
010101010101010101010101010101010101010101010101010101010101010101010101010101020102010101010101
010101010101010101010101010101010101010101010101010101010101010101010101010101010101010101010101
010101010101010101010101010101010101010101010101010101010101010101010101010101010101010101010101
010201010101010101010102010101010101010101010101010101010101010101010101010101010101010101010101
010101010101010101010101010101010101010101010101010101010101010101010101010101010101010101010101
010101010101010101010101010101010101010101010101010101010101010101010101010101010101010101010101
010101010101010101010101010101010101010101010101010101010101010101010101010101010101010101010101
010101010101010101010101010101010201010101010101010101010101010101010101020202020202020202020202
020202020202010102020102010101010201020101020202010101020201020101020102010101010101010201010102
010101010101010101010201020101010201010102010201010101020101010101010101010101010101010101010101
010101010101010101010101010101010201010101010101010101010102010101010101010101010101010101010101
010101010101010101010101010101010201010101010101010101010101020101010101020201010201010201010101
020101010102020202020103010101010101010101010202010101010101010101010101010101010101010101010101
010101010101010101010101010101010101010101010101010101010101010101010101010201020101010101010101
010101010101010101010101010101010101010101010101010101010201010101010101010101010101010101010101
010101010101010101010101010101010101010101010101010101010101010101010101010101010101010101010101
010101010101010101010101010101010101010101010101010101010101020101010101010101010101010101010101
010101010101010101010101010101010101010101010101010101010101010101010101010101010101010101010101
010101010101010101010101010101010101010101010101010101010101010101010101010101010101010101010101
010101010101010101010101010101010101010101010101010101010101010101010101010101010101010101010101
010101010101010101010101010101010101010101010101010101010101010101010101010101010101010101010101
010101010101010101010101010101010101010101010101010101010101010101010101010101010101010101010202
010201010101010101010101010101010101010101010101010101010101010101010101010101010101010101010101
010101010101010101010101010101010101010101010101010101010101010101010101010201010101010102010101
010201010101010101010101010101010101010101010101010101010101010101010101010101010101010101010101
010101010101010101010102010101010101010101010101010101010101010101010101010101010101010101010101
010101010101010101010101010101010101010101010101010101010101010101010101010101010101010101010101
010101010101010101010101010101010101010101010101010101010101010101010101010101010101010101010101
010101010101010101010101010101010101010101010101010101010101010201010101010101010101010101010101
010101010101010101010101010101010101010101010101010101010101010101010101010101010101010101010101
010101010101010101010101010101010101010101010101010101010101010101010101010101010101010101010101
010101010101010101010101010101010101010101010101010101010101010101010101010101010101010101010101
010101010101010101010101010101010101010101010101010101010101010101010101010101010101010101010101
010101010101010101010101010101010101010101010101010101010101010101010101010101010101010101010101
010101010101010101010101010101010101010101010101010101010101010101010101010101010101010101020102
010101010102010101010101010101010201010101010101010101010101010201010101010201010101010101010101
010101010101010101010101010101010101010101010101010101010101010201010201010101010101010201010101
010101010101010101010101010101010101010101010101010101010101010101010101020101010101010101010101
010101010201010101010101010101010101010101010101010101010101010101010101010101010101010101010101
010101010101010101010101010101010101010101010101010101010101010101010101010101010101010101010101
010101010101010101010101010101010101010101010101010101010101010101010101010101010101010101010101
010101010101010101010101010101010101010101010101010101010101010101010101010101010101010101010101
010101010101020101020201010101020101010101010201010101010101020101010101010101010101010101010101
010101010101010101010101010101010101010101010101010101010101010101010101010101010101010101010101
010101010101010101010101010101010101010101010101010101010101010101010101010101010101010101010101
010101010101010101010101010101010101010101010101010101010101010101010101010101010101010101010101
010101010101010101010101010101010101010101010101010101010101010101010101010101010101020101020101
010101010101010101010101010101010101020101010101010101010101010101010101010101010101010101010101
010101010101010101010101010101010101010101010101010101010101010101010101020101010101010101020101
010101010101010101010102010101010101010101010101010101010101010101010101010101010101010101010101
010101010101010101010101010101010101010101010101010101010101010101010101010101010101010101010101
010101010101010101010101010101010101010101010101010101010101010101010101010101010101010101010101
010101010101010101010101010101010101010101010101010101010101010101010101010101010101010101010102
010101010201020101010101010101010101010102010101010101010101010202010101010101010101010101010101
010101010101010101010101010101010101010101010101010101010101010101010101010101010101010101010101
010101010101010101010101010101010101010101010101010101010101010101010101010101010101010101010101
010101010101010101010101010101010101010101010101010101010101010101010101010101010101010101010101
010101010101010101010101010101010101010101010101010101010101010101010101010101010101010101010101
010101010101010101010101010101010101010101010101010101010101010101010101010101010101010101010101
010101010101010101010101010101010101010101010101010101010101010101010101010101010101010101010101
010101010101010101010101010101010101010101010101010101010101010101010101010101010101010101010101
010101010101010101010101010101010101010101010101010101010101010101010101010101010101010101010101
010101010101010101010101010101010101010101010101010101010101010101010101010101010101010101010101
010101010101010101010101010101010101010101010101010101010101010101010101010101010101010101010101
010101010101010101010101010101010101010101010101010101010101010101010101010101010101010101010101
010101010101010101010101010101010101010101010101010101010101010101010101010101010101010101010101
010101010101010101010101010101010101010101010101010101010101010101010101010101010101010101010101
010101010101010101010101010101010101010101010101010101010101010101010101010101010101010101010101
010101010101010101010101010101010101010101010101010101010101010101010101010101010101010101010101
010101010101010101010101010101010101010101010101010101010101010101010101010101010101010101010101
010101010101010101010101010101010101010101010101010101010101010101010101010101010101010101010101
010101010101010101010101010101010101010101010101010101010101010101010101010101010101010101010101
010101010101010101010101010101010101010101010101010101010101010101010101010101010101010101010101
010101010101010101010101010101010101010101010101010101010101010101010101010101010101010101010101
010101010101010101010101010101010101010101010101010101010101010101010101010101010101010101010101
010101010101010101010101010101010101010101010101010101010101010101010101010101010101010101010101
010101010101010101010101010101010101010101010101010101010101010101010101010101010101010101010101
010101010101010101010101010101010101010101010101010101010101010101010101010101010101010101010101
010101010101010101010101010101010101010101010101010101010101010101010101010101010101010101010101
010101010101010101010101010101010101010101010101010101010101010101010101010101010101010101010101
010101010101010101010101010101010101010101010101010101010101010101010101010101010101010101010101
010101010101010101010101010101010101010101010101010101010101010101010101010101010101010101010101
010101010101010101010101010101010101010101010101010101010101010101010101010101010101010101010101
010101010101010101010101010101010101010101010101010101010101010101010101010101010101010101010101
010101010101010101010101010101010101010101010101010101010101010101010101010101010101010101010101
010101010101010101010101010101010101010101010101010101010101010101010101010101010101010101010101
010101010101010101010101010101010101010101010101010101010101010101010101010101010101010101010101
010101010101010101010101010101010101010101010101010101010101010101010101010101010101010101010101
010101010101010101010101010101010101010101010101010101010101010101010101010101010101010101010101
010101010101010101010101010101010101010101010101010101010101010101010101010101010101010101010101
010101010101010101010101010101010101010101010101010101010101010101010101010101010101010101010101
010101010101010101010101010101010101010101010101010101010101010101010101010101010101010101010101
010101010101010101010101010101010101010101010101010101010101020101010101010101010101010101010101
010101010101010101010101010101010101010101010101010101010101010101010101010101010101010101010101
010101010101010101010101010101010101010101010101010101010101010101010101010101010101010101010101
010101010101010101010101010101010101010101010101010101010101010101010101010101010101010101010101
010101010101010101010101010101010101010101010101010101010101010101010101010101010101010101010101
010101010101010101010101010101010101010101010101010101010101010101010101010101010101010101010101
010101010101010101010101010101010101010101010101010101010101010101010101010101010101010101010101
010101010101010101010101010101010101010101010101010101010101010101010101010101010101010101010101
010101010101010101010101010101010101010101010101010101010101010101010101010101010101010101010101
010101010101010101010101010101010101010101010101010101020101010101010101010101010101010101010101
010101010101010101010101010101010101010101010101010101010101010101010101010101010101010101010101
010101010101010101010101010101010101010101010101010101010101010101010101010101010101010101010101
010101010101010101010101010101010101010101010101010101010101010101010101010101010101010101010101
010101010101010101010101010101010101010101010101010101010101010101010101010101010101010101010101
010101010101010101010101010101010101010101010101010101010101010101010101010101010101010101010101
010101010101010101010101010101010101010101010101010101010101010101010101010101010101010101010101
010101010101010101010101010101010101010101010101010101010101010101010101010101010101010101010101
010101010101010101010101010101010101010101010101010101010101010101010101010101010101010101010101
010101010101010101010101010101010101010101010101010101010101010101010101010101010101010101010101
010101010101010101010101010101010101010101010101010101010101010101010101010101010101010101010101
010101010101010101010101010101010101010101010101010101010101010101010101010101010101010101010101
010101010101010101010101010101010101010101010101010101010101010101010101010101010101010101010101
010101010101010101010101010101010101010101010101010101010101010101010101010101010101010101010101
010101010101010101010101010101010101010101010101010101010101010101010101010101010101010101010101
010101010101010101010101010101010101010101010101010101010101010101010101010101010101010101010101
010101010101010101010101010101010101010101010101010101010101010101010101010101010101010101010101
010101010101010101010101010101010101010101010101010101010101010101010101010101010101010101010101
010101010101010101010101010101010101010101010101010101010101010101010101010101010101010101010101
010101010101010101010101010101010101010101010101010101010101010101010101010101010101010101010101
010101010101010101010101010101010101010101010101010101010101010101010101010101010101010101010101
010101010101010101010101010101010101010101010101010101010101010101010101010101010101010101010101
010101010101010101010101010101010101010101010101010101010101010101010101010101010101010101010101
010101010101010101010101010101010101010101010101010101010101010101010101010101010101010101010101
010101010101010101010101010101010101010101010101010101010101010101010101010101010101010101010101
010101010101010101010101010101010101010101010101010101010101010101010101010101010101010101010101
010101010101010101010101010101010101010101010101010101010101010101010101010101010101010101010101
010101010101010101010101010101010101010101010101010101010101010101010101010101010101010101010101
010101010101010101010101010101010101010101010101010101010101010101010101010101010101010101010101
010101010101010101010101010101010101010101010101010101010101010101010101010101010101010101010101
010101010101010101010101010101010101010101010101010101010101010101010101010101010101010101010101
010101010101010101010101010101010101010101010101010101010101010101010101010101010101010101010101
010101010101010101010101010101010101010101010101010101010101010101010101010101010101010101010101
010101010101010101010101010101010101010101010101010101010101010101010101010101010101010101010101
010101010101010101010101010101010101010101010101010101010101010101010101010101010101010101010101
010101010101010101010101010101010101010101010101010101010101010101010101010101010101010101010101
010101010101010101010101010101010101010101010101010101010101010101010101010101010101010101010101
010101010101010101010101010101010101010101010101010101010101010101010101010101010101010101010101
010101010101010101010101010101010101010101010101010101010101010101010101010101010101010101010101
010101010101010101010101010101010101010101010101010101010101010101010101010101010101010101010101
010101010101010101010101010101010101010101010101010101010101010101010101010101010101010101010101
010101010101010101010101010101010101010101010101010101010101010101010101010101010101010101010101
010101010101010101010101010101010101010101010101010101010101010101010101010101010101010101010101
010101010101010101010101010101010101010101010101010101010101010101010101010101010101010101010101
010101010101010101010101010101010101010101010101010101010101010101010101010101010101010101010101
010101010101010101010101010101010101010101010101010101010101010101010101010101010101010101010101
010101010101010101010101010101010101010101010101010101010101010101010101010101010101010101010101
010101010101010101010101010101010101010101010101010101010101010101010101010101010101010101010101
010101010101010101010101010101010101010101010101010101010101010101010101010101010101010101010101
010101010101010101010101010101010101010101010101010101010101010101010101010101010101010101010101
010101010101010101010101010101010101010101010101010101010101010101010101010101010101010101010101
010101010101010101010101010101010101010101010101010101010101010101010101010101010201010101010101
010101010101010101010101010101010101010101010101010101010101010101010101010101010101010101010101
010101010101010101010101010101010101010101010101010101010101010101010101010101010101010101010101
010101010101010101010101010101010101010101010101010101010101010101010101010101010101010101010101
010101010101010101010101010101010101010101010101010101010101010101010101010101010101010101010101
010101010101010101010101010101010101010101010101010101010101010101010101010101010101010101010101
010101010101010101010101010101010101010101010101010101010101010101010101010101010101010101010101
010101010101010101010102010101010101010101010101010101010101010101010101010101010101010101010101
010101010101010101010101010101010101010101010101010101010101010101010101010101010101010101010101
010101010101010101010101010101010101010101010101010101010101010101010101010101010101010101010101
010101010101010101010101010101010101010101010101010101010101010101010101010101010101010101010101
010101010101010101010101010101010101010101010101010101010101010101010101010101010101010101010101
010101010101010101010101010101010101010101020101010101010101010101010101010101010101010101010101
010101010101010101010101010101010101010101010101010101010101010101010101010101010101010101010101
010101010101010101010101010101010101010101010101010101010101010101010101010101010101010101010101
010101010101010101010101010101010101010101010101010101010101010101010101010101010101010101010101
010101010101010101010101010101010101010101010101010101010101010101010101010101010101010101010101
010101010101010101010101010101010101010101010201010101010101010101010101010101010101010101010101
010101010101010101010101010101010101010101010101010101010101010101010101010101010101010101010101
010101010101010101010101010101010101010101010101010101010101010101010101010101010101010101010101
010101010101010101010101010101010101010101010101010101010101010101010101010101010101010101010101
010101010101010101010101010101010101010101010101010101010101010101010101010101010101010101010101
010101010101010101010101010101010101010101010101010101010101010101010101010101010101010101010101
010101010101010101010101010101010101010101010101010101010101010101010101010101010101010101010101
010101010101010101010101010101010101010101010101010101010101010101010101010101010101010101010101
010101010101010101010101010101010101010101010101010101010101010101010101010101010101010101010101
010101010101010101010101010101010101010101010101010101010101010101010101010101010101010101010101
010101010101010101010101010101010101010101010101010101010101010101010101010101010101010101010101
010101010101010101010101010101010101010101010101010101010101010101010101010101010101010101010101
010101010101010101010101010101010101010101010101010101010101010101010101010101010101010101010101
010101010101010101010101010101010101010101010101010101010101010101010101010101010101010101010101
010101010101010101010101010101010101010101010101010101010101010101010101010101010101010101010101
010101010101010101010101010101010101010101010101010101010101010101010101010101010101010101010101
010101010101010101010101010101010101010101010101010101010101010101010101010101010101010101010101
010101010101010101010101010101010101010101010101010101010101010101010101010101010101010101010101
010101010101010101010101010101010101010101010101010101010101010101010101010101010101010101010101
010101010101010101010101010101010101010101010101010101010101010101010101010101010101010101010101
010101010101010101010101010101010101010101010101010101010101010101010101010101010101010101010101
010101010101010101010101010101010101010101010101010101010101010101010101010101010101010101010101
010101010101010101010101010101010101010101010101010101010101010101010101010101010101010101010101
010101010101010101010101010101010101010101010101010101010101010101010101010101010101010101010101
010101010101010101010101010101010101010101010101010101010101010101010101010101010101010101010101
010101010101010101010101010101010101010101010101010101010101010101010101010101010101010101010101
010101010101010101010101010101010101010101010101010101010101010101010101010101010101010101010101
010101010101010101010101010101010101010101010101010101010101010101010101010101010101010101010101
010101010101010102010101010101010101010101010101010101010101010101010101010101010101010101010101
010101010101010101010101010101010101010101010101010101010101010101010101010101010101010101010101
010101010101010101010101010101010101010101010101010101010101010101010101010101010101010101010101
010101010101010101010101010101010101010101010101010101010101010101010101010101010101010101010101
010101010101010101010101010101010101010101010101010101010102010101020101010101010101010201010101
010101010101010101020101010101010101010101010101010101010101010101010101010101010101010101010101
010101010101010101010101010101010101010101010101010101010101010101010101010101010101010101010101
010101010101010101010101010101010101010101010101010101010101010101010101010101010101010101010101
010101010101010101010101010101010101010101010101010101010101010101010101010101010101010101010101
010101010101010101010101010101010101010101010101010101010101010101010101010101010101010101010101
010101010101010101010101010101010101010101010101010101010101010101010101010101010101010101010101
010101010101010101010101010101010101010101010101010101010101010101010101010101010101010101010101
010201010101010101010101010101010101010101010101010101010101010101010101010101010101010101010101
010101010101010101010101010101010101010101010101010101010101010101010101010101010101010101010101
010101010101010101010101010101010101010101010101010101010101010101010101010101010101010101010101
010101010101010101010101010101010101010101010101010101010101010101010101010101010101010101010101
010101010101010101010101010101010101010101010101010101010101010101010101010101010101010101010101
010101010101010101010101010101010101010101010101010101010101010101010101010101010101010101010101
010101010101010101010101010101010101010101010101010101010101010101010101010101010101010101010101
010101010101010101010101010101010101010101010101010101010101010101010101010101010101010101010101
010101010101010101010101010101010101010101010101010101010101010101010101010101010101010101010101
010101010101010101010101010101010101010101010101010101010101010101010101010101010101010101010101
010101010101010101010101010101010101010101010101010101010101010101010101010101010101010101010101
010101010101010101010101010101010101010101010101010101010101010101010101010101010101010101010101
010101010101010101010101010101010101010101010101010101010101010101010101010101010101010101010101
010101010101010101010101010101010101010101010101010101010101010101010101010101010101010101010101
010101010101010101010101010101010101010101010101010101010101010101010101010101010101010101010101
010101010101010101010101010101010101010101010101010101010101010101010101010101010101010101010101
010101010101010101010101010101010101010101010101010101010101010101010101010101010101010101010101
010101010101010101010101010101010101010101010101010101010101010101010101010101010101010101010101
010101010101010101010101010101010101010101010101010102010101010201010101010101010101010101010101
010101010101010101010101010101010101010101010101010101010101010101010101010101010101010101010101
010101010101010101010101010101010101010101010101010101010101010101010101010101010101010101010101
010101010101010101010101010101010101010101010101010101010101010101010101010101010101010101010101
010101010101010101010101010101020101010101010101010101010101010101010101010101010101010101010101
010101010101010101010101010101010101010101010101010101010101010101010101010101010101010101010101
010101010101010101010101010101010101010101010101010101010101010101010101010101010101010101010101
010101010101010101010101010101010101010101010101010101010101010101010101010101010101010101010101
010101010101010101010101010101010101010101010101010101010101010101010101010101010101010101010101
010101010101010101010101010101010101010101010101010101010101010101010101010101010101010101010101
010101010101010101010101010101010101010101010101010101010101010101010101010101010101010101010101
010101010101010101010101010102010101010101010101010101010101010101010101010101010101010101010101
010101010101010101010101010101010101010101010101010101010101010101010101010101010101010101010101
010101010101010101010101010101010101010101010101020201010101010101010101020101010101010101010101
010101010101010101010101010101010101010101010101010101010101010101010101010101010101010101010101
010101010101010101010101010101010101010101010101010101010101010101010101010101010101010101010101
010101010101010101010101010101010101010101010101010101010101010101010101010101010101010101010101
010101010101010101010101010101010101010101010101010101010101010101010101010101010101010101010101
010101010101010101010101010101010101010101010101010101010101020201010101020101010101010101010101
010101010101010101010101010101010101010101010101010101010101010101010101010101010101010101010101
010101010101010101010101010101010101010101010101010101010101010101010101010101010101010101010101
010101010101010101010101010101010101010101010101010101010101010101010101010101010101010101010101
010101010101010101010101010101010101010101010101010101010101010101010101010101010101010101010101
010101010101010101010101010101010101020101010101010101010102010102010201010101010101020101010102
010101010101010101010101010101010101010102010101010101020101010101010101010101010102020101010102
010101010201010101010101010101010101010101010101010101010101010101010101010101010101010101010101
010101010101010101010101010101010101010101010101010101010101010101010101010101010101010101010101
010101010101010101010101010101010101010101010101010102010101010101010101020201020201010101010101
010102010101010201010101010102010102010101010101010101010101010101020101010101010101010101010102
010101010102010101020101010101020101010101010101010102010101010101010101010101010101010101010101
010101010101010101010101010101010101010101010101010101010101010101010101010101010101010101010101
010101010101010101010101010101010101010101010101010101010101010101010101010101010101020101010102
010101010101010202020101010101010102010101010201010101020101010101010201010101010101010101010101
010101010101010101010101010102010101020201010101010101010102010101010101020101010101020101010101
010101010101010101010101010101010101010101010101010101010101010101010101010101010101010101010101
010101010101010101010101010101010101010101010101010101010101010101010101010101010101010101010101
010101010101010101010101010101010101010101010101010101010101010101010101010101010101010101010101
010101010101010101010101010101010101010101010101010101010101010101010101010101010101010101010101
010101010101010101010101010101010101010101010101010101010101010101010101010101010101010101010101
010101010101010101010101010101010101010101010101010101010101010101010101010101010101010101010101
010101010101010101010101010101010101010101010101010101010101010101010101010101010101010101010101
010101010101010101010101010101010101010101010101010101010101010101010101010101010101010101010101
010101010101010101010101010101010101010101010101010101010101010101010101010101010101010101010101
010101010101010101010101010101010101010101010101010101010101010101010101010101010101010101010101
010101010101010101010101010101010101010101010101010101010101010201010101010101010101010101010101
010101010101010101010101010101010101010101010101010101010101010101010101010101010101010101010101
010101010101010101010101010101010101010101010101010101010101010101010101010101010101010101010101
010101010101010101010101010101010101010101010101010101010101010101010101010101010101010101010101
010101010101010101010101010101010101010101010101010101010101010101010101010101010101010101010101
010101010101010101010101010101010101010101010101010101010101010101010101010101010101010101010101
010101010101010101010101010101010101010101010101010101010101010101010101010101010101010101010101
010101010101010101010101010101010101010101010101010101010101010101010101010101010101010101010101
010101010101010101010101010101010101010101010101010101010101010101010101010101010101010101010101
010101010101010101010101010101010101010101010101010101010101010101010101010101010101010101010101
010101010101010101010101010101010101010101010101010101010101010101010101010101010101010101010101
010101010101010101010101010101010101010101010101010101010101010101010101010101010101010101010101
010101010101010101010101010101010101010101010101010101010101010101010101010101010101010101010101
010101010101010101010101010101010101010101010101010101010101010101010101010101010101010101010101
010101010101010101010101010101010101010101010101010101010101010101010101010101010101010101010101
010101010101010101010101010101010101010101010101010101010101010101010101010101010101010101010101
010101010101010101010101010101010101010101010101010101010101010101010101010101010101010101010101
010101010101010101010101010101010101010101010101010101010101010101010101010101010101010101010101
010101010101010101010101010101010101010101010101010101010101010101010101010101010101010101010101
010101010101010101010101010101010101010101010101010101010101010101010101010101010101010101010101
010101010101010101010101010101010101010101010101010101010101010101010101010101010101010101010101
010101010101010101010101010101010101010101010101010101010101010101010101010101010101010101010101
010101010101010101010101010101010101010101010101010101010101010101010101010101010101010101010101
010101010101010101010101010101010101010101010101010101010101010101010101010101010101010101010101
010101010101010101010101010101010101010101010101010101010101010101010101010101010101010101010101
010101010101010101010101010101010101010101010101010101010101010101010101010101010101010101010101
010101010101010101010101010101010101010101010101010101010101010101010101010101010101010101010101
010101010101010101010101010101010101010101010101010101010101010101010101010101010101010101010101
010101010101010101010101010101010101010101010101010101010101010101010101010101010101010102010101
010101010101010101010101010101010101010101010101010101010101010101010101010101010101010101010101
010101010101010101010101010101010101010101010101010101010101010101010101010101010101010101010101
010101010101010101010101010101010101010101010101010101010101010101010101010101010101010101010101
010101010101010101010101010101010101010101010101010101010101010101010101010101010101010101010101
010101010101010101010101010101010101010101010101010101010101010101010101010101010101010101010101
010101010101010101010101010101010101010101010101010101010101010101010101010101010101010101010101
010101010101010101010101010101010101010201010101010101010101020101020101010101010101010101010102
010101010101010101010101010101010101010101010101010101010101010101010101010101010101010101010101
010101010101010101010101010101010101010101010101010101010101010101010101010101010101010101010101
010101010101010101010101010101010101010101010101010101010101010101010101010101010101010101010101
010101010101010101010101010101010101010101010101010101010101010101010101010101020101010101010101
010101010101010101010101010101010101010101010101010101010101010101010101010101010101010101010101
010101010101010101010101010101010101010101010101010101010101010101010101010101010101010101010101
010101010101010101010101010101010101010101010101010101010101010101010101010101010101010101010101
010101010101010101010101010101010101010101010101010101010101010101010101010101010101010101010101
010101010101010101010101010101010101010101010101010101010101010101010101010101010101010101010101
010101010101010101010101010101010101010101010101010101010101010101010101010101010101010101010101
010101010101010101010101010101010101010101010101010101010101010101010101010101010101010101010101
010101010101010101010101010101010101010101010101010101010101010101010101010101010101010101010101
010101010101010101010101010101010101010101010101010101010101010101010101010101010101010101010101
010101010101010101010101010101010101010101010101010101010101010101010101010101010101010101010101
010101010101010101010101010101010101010101010101010101010101010101010101010101010101010101010101
010101010101010101010101010101010101010101010101010101010101010101010101010101010101010101010101
010101010101010101010101010101010101010101010101010101010101010101010101010101010101010101010101
010101010101010101010101010101010101010101010101010101010101010101010101010101010101010101010101
010101010101010101010101010101010101010101010101010101010101010101010101010101010101010101010101
010101010101010101010101010101010101010101010101010101010101010101010101010101010101010101010101
010101010101010101010101010101010101010101010101010101010101010101010101010101010101010101010101
010101010101010101010101010101010101010101010101010101010101010101010101010101010101010101010101
010101010101010101010101010101010101010101010101010101010101010101010101010101010101010101010101
010101010101010101010101010101010101010101010101010101010101010101010101010101010101010101010101
010101010101010101010101010101010101010101010101010101010101010101010101010101010101010101010101
010101010101010101010101010101010101010101010101010101010101010101010101010101010101010101010101
010101010101010101010101010101010101010101010101010101010101010101010101010101010101
