4b52433130310000bf410000001c000000040000f38d0000000000000000000000000000080000000000000013000000
000000002a00000000000000640000000000000075000000000000007e000000000000009200000000000000ca000000
00000000e80000000000000029010000000000007c010000000000009e01000000000000b101000000000000d9010000
00000000ec01000000000000140200000000000067020000000000008902000000000000a702000000000000e8020000
0000000003030000000000000e03000000000000290300000000000044030000000000004f030000000000005b030000
000000009803000000000000e9030000000000000904000000000000240400000000000061040000000000007f040000
00000000bb04000000000000d3040000000000002f050000000000004c050000000000006a0500000000000088050000
00000000e105000000000000ff050000000000003b060000000000005306000000000000ae06000000000000c0060000
00000000c806000000000000d8060000000000001107000000000000240700000000000037070000000000006f070000
00000000810700000000000089070000000000009907000000000000d207000000000000e307000000000000ed070000
00000000fd07000000000000360800000000000054080000000000008508000000000000d308000000000000f3080000
000000000a0900000000000021090000000000004f090000000000006f09000000000000b009000000000000d0090000
00000000110a0000000000005f0a0000000000007f0a0000000000009d0a000000000000ce0a000000000000ec0a0000
00000000f80a000000000000130b000000000000310b0000000000003d0b000000000000490b000000000000830b0000
00000000dd0b000000000000000c0000000000001b0c000000000000550c000000000000850c0000000000009d0c0000
00000000b40c000000000000f30c0000000000000e0d000000000000290d000000000000340d0000000000006f0d0000
000000008d0d000000000000ab0d000000000000b70d000000000000f30d000000000000fb0d000000000000130e0000
000000001b0e000000000000430e0000000000004b0e000000000000560e000000000000610e000000000000870e0000
00000000980e000000000000a00e000000000000a80e000000000000ce0e000000000000de0e000000000000ee0e0000
00000000f60e000000000000230f000000000000590f0000000000006f0f000000000000ab0f000000000000c30f0000
00000000d20f000000000000dc0f000000000000e60f00000000000014100000000000004e1000000000000066100000
000000008610000000000000a610000000000000ca10000000000000da10000000000000ed1000000000000000110000
00000000151100000000000021110000000000002d1100000000000063110000000000006f110000000000007b110000
000000007f110000000000009511000000000000d111000000000000e911000000000000051200000000000024120000
000000003c12000000000000481200000000000063120000000000006e120000000000008c12000000000000ab120000
00000000c312000000000000cf12000000000000db1200000000000011130000000000001d1300000000000029130000
000000002d1300000000000043130000000000007f130000000000009713000000000000b713000000000000d7130000
000000001f1400000000000043140000000000006614000000000000c514000000000000e01400000000000016150000
000000002c150000000000008615000000000000a415000000000000e015000000000000f81500000000000051160000
0000000055160000000000005d1600000000000069160000000000006d1600000000000078160000000000008a160000
000000009216000000000000a616000000000000aa16000000000000b616000000000000ba16000000000000d0160000
00000000e016000000000000f4160000000000000017000000000000241700000000000030170000000000006c170000
0000000074170000000000007f170000000000009517000000000000ce17000000000000e017000000000000e8170000
00000000f817000000000000311800000000000049180000000000005518000000000000611800000000000080180000
000000009818000000000000b018000000000000b818000000000000f318000000000000441900000000000065190000
00000000bf19000000000000e319000000000000001a0000000000000c1a0000000000002c1a000000000000491a0000
00000000551a000000000000611a000000000000a11a000000000000f81a0000000000001c1b0000000000003c1b0000
000000007c1b0000000000008e1b000000000000961b000000000000a91b000000000000bb1b000000000000c31b0000
00000000cb1b000000000000f11b000000000000271c0000000000003f1c000000000000521c000000000000781c0000
00000000901c0000000000009c1c000000000000b41c000000000000051d000000000000111d000000000000291d0000
00000000311d000000000000521d000000000000ac1d000000000000d01d000000000000ef1d0000000000002a1e0000
00000000321e000000000000431e0000000000004b1e0000000000004f1e000000000000581e000000000000691e0000
00000000731e000000000000891e000000000000911e000000000000991e0000000000009d1e000000000000a11e0000
00000000b41e000000000000c41e000000000000da1e000000000000f21e0000000000000a1f000000000000151f0000
00000000511f000000000000621f0000000000006b1f0000000000007e1f000000000000b81f000000000000c91f0000
00000000d31f000000000000e31f0000000000001d20000000000000352000000000000041200000000000004d200000
000000006c2000000000000084200000000000009c20000000000000a420000000000000e02000000000000031210000
000000005321000000000000a121000000000000c121000000000000dc21000000000000e72100000000000005220000
0000000020220000000000002b2200000000000036220000000000006722000000000000b722000000000000d8220000
00000000f6220000000000002723000000000000452300000000000051230000000000006f230000000000008d230000
000000009923000000000000a523000000000000e3230000000000003d2400000000000061240000000000007f240000
00000000bd24000000000000d524000000000000e124000000000000f9240000000000004a2500000000000056250000
000000006e2500000000000076250000000000009825000000000000e625000000000000062600000000000025260000
000000006126000000000000ad26000000000000bb26000000000000c126000000000000022700000000000055270000
0000000076270000000000007c27000000000000be270000000000007a280000000000009a28000000000000f9280000
000000001f2900000000000052290000000000005a2900000000000062290000000000009429000000000000c7290000
00000000fa29000000000000022a0000000000003c2a000000000000cd2a000000000000e52a000000000000172b0000
00000000512b000000000000672b0000000000007d2b000000000000862b000000000000b72b000000000000cd2b0000
00000000d62b000000000000df2b000000000000112c000000000000532c0000000000006d2c0000000000009f2c0000
00000000d12c0000000000001d2d000000000000702d000000000000912d0000000000004d2e0000000000005b2e0000
00000000612e000000000000672e000000000000872e000000000000e62e0000000000000c2f0000000000004e2f0000
00000000902f000000000000bd2f000000000000d12f000000000000d52f000000000000ff2f00000000000015300000
000000008f30000000000000a930000000000000c530000000000000e630000000000000eb300000000000000b310000
000000002c310000000000008a31000000000000aa31000000000000b631000000000000bc31000000000000c2310000
00000000e231000000000000e831000000000000fa310000000000001a3200000000000047320000000000005b320000
000000007132000000000000eb32000000000000ef32000000000000093300000000000033330000000000007f330000
00000000a133000000000000a533000000000000d333000000000000f5330000000000008634000000000000aa340000
000000000e350000000000001e350000000000008335000000000000f535000000000000213600000000000033360000
000000004536000000000000a13600000000000046370000000000008837000000000000943700000000000014380000
0000000027380000000000004e3800000000000050380000000000007138000000000000ab38000000000000f4380000
0000000002390000000000005239000000000000a339000000000000b639000000000000cc39000000000000e2390000
00000000193a000000000000623a000000000000b23a000000000000c03a000000000000113b0000000000004b3b0000
00000000633b0000000000007b3b000000000000fb3b0000000000001b3c0000000000003b3c0000000000005b3c0000
00000000b93c000000000000f33c0000000000000b3d000000000000233d000000000000a33d000000000000483e0000
000000008a3e000000000000963e000000000000163f0000000000007a3f000000000000df3f000000000000ef3f0000
0000000061400000000000008d400000000000009f40000000000000b1400000000000000d4100000000000033410000
0000000060410000000000007241000000000000d641000000000000dd41000000000000e041000000000000e3410000
00000000f3410000000000001f420000000000003142000000000000514200000000000071420000000000009e420000
00000000b042000000000000c24200000000000027430000000000002a430000000000003f430000000000005f430000
00000000df4300000000000012440000000000001b440000000000007944000000000000dd4400000000000042450000
000000005245000000000000c445000000000000f0450000000000000246000000000000174600000000000089460000
00000000af46000000000000b646000000000000b946000000000000da46000000000000e246000000000000f8460000
000000002b4700000000000033470000000000004c4700000000000054470000000000006d4700000000000083470000
000000008c47000000000000a547000000000000bb47000000000000d347000000000000f94700000000000000480000
0000000003480000000000000b4800000000000021480000000000004148000000000000574800000000000061480000
000000006348000000000000784800000000000094480000000000009948000000000000a548000000000000ab480000
00000000bb48000000000000d748000000000000dc48000000000000ec48000000000000fc4800000000000008490000
000000000e490000000000001e4900000000000034490000000000003e490000000000005a490000000000005c490000
0000000061490000000000006d4900000000000073490000000000008849000000000000ae49000000000000bf490000
00000000c149000000000000d849000000000000014a000000000000054a000000000000154a0000000000001d4a0000
000000004f4a000000000000574a000000000000704a000000000000864a0000000000008f4a000000000000a84a0000
00000000ce4a000000000000d54a000000000000d84a000000000000f84a0000000000000d4b0000000000001d4b0000
00000000304b000000000000324b000000000000554b0000000000005c4b0000000000006f4b000000000000824b0000
00000000954b000000000000b84b000000000000bf4b000000000000d24b000000000000ef4b000000000000fb4b0000
000000001b4c0000000000003b4c0000000000005b4c000000000000784c000000000000844c000000000000a44c0000
00000000ca4c000000000000d14c000000000000d44c000000000000f44c000000000000264d0000000000002e4d0000
00000000474d0000000000005d4d000000000000664d0000000000007f4d000000000000ac4d000000000000be4d0000
00000000f04d000000000000f34d000000000000fb4d000000000000114e0000000000001a4e0000000000003a4e0000
00000000604e000000000000674e0000000000006a4e0000000000008a4e000000000000bc4e000000000000c44e0000
00000000dd4e000000000000f34e000000000000fc4e000000000000154f0000000000001d4f000000000000504f0000
00000000584f0000000000008a4f000000000000a04f000000000000b64f000000000000bf4f000000000000f14f0000
000000003d500000000000004b5000000000000051500000000000009350000000000000af50000000000000b4500000
00000000d550000000000000f550000000000000015100000000000007510000000000000d510000000000002d510000
000000005a510000000000006e5100000000000072510000000000009c51000000000000af51000000000000b1510000
00000000d851000000000000f9510000000000000c5200000000000022520000000000006b5200000000000079520000
000000009952000000000000b952000000000000f3520000000000000b530000000000006f530000000000007f530000
00000000ab53000000000000bd53000000000000e353000000000000ea53000000000000ed530000000000000d540000
000000003a540000000000004c540000000000004f540000000000006f54000000000000d354000000000000e3540000
000000000f550000000000002155000000000000295500000000000087550000000000009755000000000000e9550000
0000000001560000000000001a5600000000000033560000000000007c56000000000000da56000000000000e2560000
00000000f25600000000000043570000000000005f570000000000006457000000000000a157000000000000d5570000
00000000e557000000000000f557000000000000245800000000000040580000000000007d5800000000000082580000
00000000b658000000000000df58000000000000e3580000000000002559000000000000605900000000000079590000
00000000a559000000000000255a0000000000003c5a0000000000005c5a0000000000009d5a000000000000bd5a0000
00000000fe5a0000000000007e5b000000000000955b000000000000ae5b000000000000da5b0000000000000c5c0000
00000000145c0000000000002d5c0000000000005f5c000000000000925c0000000000009a5c000000000000d35c0000
000000005f5d000000000000775d000000000000905d000000000000c95d000000000000df5d000000000000125e0000
00000000275e000000000000795e000000000000925e000000000000ab5e000000000000cc5e000000000000175f0000
000000002d5f000000000000605f000000000000755f000000000000c75f000000000000d35f000000000000d95f0000
00000000e75f0000000000001c600000000000002c600000000000003c600000000000006c6000000000000078600000
000000007e600000000000008c60000000000000c160000000000000d160000000000000d960000000000000ed600000
00000000286100000000000041610000000000008261000000000000cb61000000000000e961000000000000f9610000
0000000013620000000000002662000000000000566200000000000069620000000000009962000000000000e2620000
00000000006300000000000019630000000000005a630000000000007063000000000000796300000000000092630000
00000000a863000000000000b163000000000000bd63000000000000fe6300000000000040640000000000005b640000
000000007464000000000000b56400000000000001650000000000000f65000000000000156500000000000056650000
00000000896500000000000091650000000000009965000000000000cb65000000000000e165000000000000f7650000
00000000006600000000000031660000000000005e6600000000000072660000000000007666000000000000a0660000
00000000bc66000000000000dd66000000000000e26600000000000002670000000000000e6700000000000014670000
000000001a670000000000003a670000000000008667000000000000a867000000000000ac67000000000000da670000
000000003e680000000000004e680000000000007a680000000000008c68000000000000d568000000000000e3680000
00000000f6680000000000000c6900000000000046690000000000005e690000000000007e690000000000009e690000
00000000c469000000000000f169000000000000036a000000000000676a0000000000006e6a000000000000716a0000
00000000746a000000000000846a000000000000b06a000000000000c26a000000000000e26a000000000000026b0000
00000000286b0000000000002f6b000000000000326b0000000000003a6b000000000000506b000000000000706b0000
00000000966b000000000000c36b000000000000d56b0000000000003b6c000000000000426c000000000000456c0000
00000000486c000000000000586c000000000000846c000000000000966c000000000000b76c000000000000d86c0000
00000000436d000000000000586d000000000000616d000000000000c36d000000000000296e000000000000316e0000
00000000416e0000000000008b6e000000000000a16e000000000000cd6e000000000000df6e0000000000002a6f0000
00000000406f0000000000004a6f000000000000666f000000000000686f0000000000006d6f000000000000796f0000
000000007f6f000000000000946f000000000000aa6f000000000000b46f000000000000f66f000000000000f86f0000
0000000004700000000000001970000000000000557000000000000071700000000000007770000000000000b6700000
00000000d27000000000000014710000000000001971000000000000497100000000000055710000000000005b710000
0000000067710000000000009771000000000000bd71000000000000c471000000000000c771000000000000e7710000
00000000417200000000000065720000000000006b72000000000000ab7200000000000034730000000000004c730000
000000008e73000000000000a973000000000000cc73000000000000d373000000000000e67300000000000009740000
0000000036740000000000003d740000000000006674000000000000c374000000000000d874000000000000eb740000
00000000147500000000000031750000000000003d750000000000005d750000000000007a7500000000000086750000
000000009275000000000000d27500000000000029760000000000004d760000000000006d76000000000000ad760000
00000000d3760000000000002d770000000000005177000000000000da77000000000000e177000000000000e4770000
00000000ea77000000000000027800000000000044780000000000005f780000000000007f78000000000000bf780000
00000000e578000000000000f6780000000000001f790000000000002179000000000000257900000000000035790000
000000003d7900000000000054790000000000007a790000000000008b790000000000009c79000000000000de790000
00000000e079000000000000f279000000000000097a000000000000637a000000000000947a0000000000009a7a0000
00000000c87a000000000000f17a000000000000337b000000000000377b000000000000727b000000000000827b0000
000000008a7b0000000000009c7b000000000000d77b000000000000fd7b000000000000047c000000000000077c0000
00000000277c000000000000797c0000000000009a7c000000000000a07c000000000000e17c000000000000617d0000
00000000787d000000000000bd7d000000000000db7d0000000000000d7e000000000000157e0000000000002e7e0000
00000000607e000000000000937e0000000000009b7e000000000000d47e000000000000607f000000000000787f0000
00000000917f000000000000ca7f000000000000e07f000000000000e97f000000000000028000000000000018800000
0000000021800000000000002a8000000000000056800000000000009480000000000000af80000000000000c8800000
00000000f4800000000000001a810000000000006c810000000000008d810000000000000d8200000000000014820000
0000000017820000000000001d82000000000000348200000000000079820000000000009782000000000000b7820000
00000000f8820000000000009683000000000000d883000000000000e483000000000000538400000000000095840000
00000000a184000000000000a584000000000000d2840000000000008285000000000000a2850000000000001a860000
000000004a86000000000000a48600000000000001870000000000000f87000000000000768700000000000099870000
000000009f87000000000000a587000000000000ce870000000000009488000000000000b488000000000000f6880000
0000000038890000000000005e8900000000000070890000000000008289000000000000d389000000000000e5890000
00000000f789000000000000fd890000000000001e8a000000000000798a0000000000009c8a000000000000cc8a0000
00000000fc8a0000000000005c8b000000000000bc8b000000000000e08b000000000000978c000000000000a58c0000
00000000ab8c000000000000b18c000000000000ce8c000000000000388d000000000000628d0000000000009e8d0000
00000000dd8d000000000000f38d0000000000009f170000e821000082240000a6290000753100009940000006410000
46410000380d00000d0e00000511000040140000381500007f150000ab150000c2170000c91d0000891f00000f270000
260000004f00000092000000f8000000a201000048020000aa020000e4020000e80200008e0500002c06000084060000
b60700000508000036080000ca090000ae0c00000f1500005915000076150000a91600003d1d0000551d000089010000
fd020000520300007c040000b1050000480600009d0800006a090000b20a0000fb0a00005a0b00008d0b0000a60b0000
ed0b00002d0c0000ed0c0000ec0d0000a5110000af1100007f120000321300003c140000ab14000003160000d4160000
541700008f170000ab170000be170000db1700004f1a0000f51c0000221f0000a31f0000b91f0000be22000021230000
79230000b5230000b92300000825000094250000ab250000c42500003f2600007e26000080320000f33300008e350000
a6350000c035000009360000863a0000c53a00007b3b0000c53b0000263c0000c83d0000040e0000ab1700005a1f0000
7f1f00003722000033230000b5230000a8260000ad260000e5260000fd260000983200002e380000cc3f0000e03f0000
154000001a400000770d0000ae0d000046150000891d00008a1f00009b1f000001230000552300006923000006000000
0b000000560000006d000000d40000004b010000f0010000f20100000302000019020000200200008e020000b5020000
7d06000094060000030800000a080000ff1a0000481d0000a31d000064010000a2010000e40200003c0300008e030000
fc050000280900003c090000ca090000f40a00000b0b0000740b0000790b0000b10b0000c90b0000c80c0000850d0000
c40d0000140e00003d1d0000641d00007a1d0000c81d0000cc1d0000df1d0000e31e0000ea1e0000231f0000371f0000
8c1f00009e1f00008f220000e12200008f2300000e270000122700007327000086270000ea280000ec2800000c2a0000
232a00004b2b0000522b000000340000e0340000ef340000f6340000143600003a3600004e360000723700004b3b0000
be3b0000d53b0000503e0000500d0000ce0d0000d60d00002d10000010120000f41200005a140000f2140000f1150000
611a0000981d0000d31d00009b1e0000061f0000921f0000b21f0000ca1f00001d20000039220000fd2200004a230000
90230000b7240000d82400000e2600000f2700007d2d0000762f0000972f000055380000260000004f00000092000000
9b000000c3000000d30000004a010000a2010000b5010000d201000040020000aa020000c2020000d1020000e4020000
ad030000a8040000860500008e05000096050000b2050000d9050000fc05000003060000090600002c06000036060000
7c06000084060000a9070000f407000002080000190800006c0800006e0800007e080000ee080000f3080000ca090000
fa090000fd0c0000591100008c190000ed1a0000d21b00003d1d0000581d0000641d0000681d0000931d0000b41d0000
521e00006e1e0000bd1e0000c31e0000d01e0000db1e0000642c0000872c0000ab2c0000c02c0000ba2e0000ca2e0000
d93400000236000089010000fd020000520300007c0400003d050000b1050000480600009d0800006a090000b20a0000
ca0a0000fb0a0000370b00005a0b00005f0b00008d0b0000a60b0000ed0b00002d0c0000ed0c0000ec0d0000a5110000
af1100007f120000321300007b130000301400003c140000ab14000003160000d4160000541700008f170000ab170000
be170000db1700004f1a0000f51c0000f51d00003f1e0000221f0000341f0000551f0000731f00007f1f0000831f0000
a31f0000b91f0000be2200002123000079230000b5230000b92300000825000094250000ab250000c42500003f260000
7e2600001432000080320000f333000066340000073500000e350000143500008e350000a6350000c035000009360000
73360000833600009336000097370000733900005b3a00006f3a0000863a0000c53a00007b3b0000c53b0000263c0000
c83d0000d1000000010100000d01000000020000150200002402000099020000ed020000b40500000506000095080000
e0080000e408000014090000900c0000600d0000710d0000db0d000084110000a9110000031500003215000046150000
491500004e150000721500006d160000a3160000001b0000491d0000a01d0000a41d00006b1e0000d71e0000f50d0000
db10000045120000d3140000d71800008d1a00002a2000003c210000402100007522000021250000402500004d250000
99270000a0280000eb3000009c320000bc320000cb320000a400000020030000ad0300007d0400008d0600009d060000
a5060000a7060000b7060000db060000fb0600000207000008070000120700003307000037070000120900005c090000
da090000de0c00004d11000054190000c1190000bc1a0000051c0000861e0000a11e0000f81f0000fc1f000041200000
652100007b2100000d30000015300000293000003f3000004c30000050300000ee310000fe310000d110000013110000
1b1100008c150000f11500005d1600007616000087160000ae1e00001820000099270000a0280000e82a0000592b0000
f22b000008310000133100009731000008320000a40000007a010000760200002003000024030000ad03000026050000
8d0600009d060000a5060000a7060000fb06000033070000db070000110800004608000098080000fa08000012090000
160900005c090000da0900009a1000004f160000651600007016000076190000c1190000261b0000861e00008a1e0000
f81f00000d300000153000004c300000cf3000007f31000086310000ee310000f2310000890100006b0300000c050000
1a050000b1050000620700006a0900008e090000b30900001d0a0000810a0000ca0a0000ee0a00002e0b0000400b0000
730b0000a60b0000ed0c0000310e000072110000c9110000d21100001a120000631300007b1300001114000060140000
7c190000e9190000fb190000371b00007d1b0000df1c0000fc1c00002b1f00005a1f0000d51f00000f2000005c200000
6020000085200000dd2000006b21000088210000cd210000d2210000f82100000c220000242200002822000037220000
3b220000a5220000062a0000462a0000c02a0000242b00009b2b0000b12b00006c300000b43000000d3400005a340000
b0340000cd34000022350000343500004a3500005735000098360000f53600007f370000ef37000003380000d6380000
0839000028390000f6390000193a0000483b0000b73b0000fa3b0000453e0000d1000000010100002c010000b1010000
c6010000f10100009e020000b6020000b906000004070000290700002d07000077090000fc090000710c0000390d0000
4a0d0000b40d00007311000097110000ff1700000e1800002e18000042180000451800004a180000551800006c180000
7018000038190000691900006e1900008f1d00009e1e0000380d00000d0e000023100000761000000011000005110000
40140000381500007b1500007f150000ab15000025170000c2170000d7180000281900004e190000ae190000591a0000
841d0000c91d0000891f00009a2300000f270000072b0000aa2b0000c22b0000b12d00003b2e0000552e000073370000
260000004f000000920000009b000000c3000000f800000099010000a201000048020000aa020000c5020000d1020000
d5020000e4020000e8020000ad030000f8040000860500008e05000096050000fc0500002c060000360600007c060000
84060000b6070000e7070000050800001c080000280800002e080000360800006c0800006e0800007e080000f3080000
7a090000ca090000fa090000fe090000ae0c0000dd0f00000f1500005915000076150000a91600001a19000030190000
3b19000072190000871900008c1900001a1b00003d1d0000551d0000641d0000521e0000642c0000c02c00004c2d0000
312e0000422e0000ba2e00005133000002360000e5010000520300001a0500006e050000f2060000b3090000ee0a0000
370b00008d0b0000fa0b0000590c0000e80f0000981a0000ac240000e7240000cb250000b427000054280000e2290000
572d00006b2f0000a62f0000a13000000d380000eb3e00000b3f0000a83f0000b901000099020000cb0600009a0b0000
cb0b0000ca0c00006f1a000093220000e32200009123000010270000500d0000d60d00003a0e0000101200005a140000
69140000a3140000c3140000591a0000611a00001d20000039220000fd2200004a230000902300009a23000033250000
eb250000b0260000ce260000ff2600000f270000e7270000af320000303800001e400000434000007c040000e4050000
480600007706000027090000730b0000b110000022150000541700007c1e00002b1f0000a5220000f6230000b4270000
54280000e2290000132a0000722a0000642b0000922c0000f52c0000d62e00003f310000393600004c40000086400000
4741000066010000f1010000e60200004003000090030000850800007c0b0000cb0b0000ca1d00008a1f000010270000
080000002f000000760000008e0000004102000056020000c30200007a070000860700000a0800001a080000561d0000
260000004f000000920000009b000000d30000004a010000a2010000b5010000d201000040020000aa020000c2020000
e40200008e030000d00400008e0500002c0600007c06000084060000a7070000a9070000f407000019080000b3080000
ca090000340a00004e0a00006e0a00000b0b00002f0b0000740b0000760b0000bf0b0000c90b0000120c00002a0c0000
c00c0000431100000b1a0000ed1a0000f61c00003d1d0000931d0000d01e0000231f0000ba1f0000b5220000e1220000
e5220000872300007325000080250000b0250000d13300006935000076350000ab350000143b0000323b0000d53b0000
fb3b0000e5010000520300007c0400001a0500006e050000e40500004806000077060000f206000027090000b3090000
ee0a0000370b0000730b00008d0b0000fa0b0000590c0000a50d0000e80f00003610000053100000b110000090110000
df120000f7130000221500005417000063190000981a0000e61a0000c11c0000631e00007c1e00002b1f0000a5220000
f6230000ac240000e7240000cb25000078270000b4270000b8270000e527000023280000542800006728000084280000
e9280000062900001f2900003c290000b6290000e2290000e6290000132a0000722a0000642b0000922c0000f52c0000
572d0000952d0000c72e0000d62e00006b2f0000a62f0000d32f0000a13000003f31000050340000c6340000d6350000
ed350000fa350000393600000d380000eb3e00000b3f0000a83f00004c400000864000004741000066010000b9010000
f101000099020000e60200004003000090030000cb060000850800007c0b00009a0b0000cb0b0000ca0c0000870d0000
8d0d0000c60d000087110000941100006f1a00007c1d0000ca1d00008a1f000093220000e32200009123000010270000
142700002a2700007527000088270000ed280000f5280000380d00000d0e0000051100002d110000581200003a140000
40140000381500007f150000ab150000c2170000c91d0000d31d0000891f0000921f00002a2300000f270000e7270000
b82a0000d82a00000a2c0000282c0000592c000026310000cb36000099410000be410000260000004f00000092000000
9b000000f80000005c010000a201000048020000aa020000e4020000e8020000620300008e03000092030000d0040000
8e0500002c0600007c06000084060000b6070000ba070000d107000005080000360800005708000064080000ca090000
340a00004e0a00006e0a00000b0b00002f0b0000740b00009d0b0000c90b0000cd0b0000ae0c0000e81100000f150000
5915000076150000a9160000811900000b1a0000451b00000a1d00003d1d0000551d0000231f0000e12200002b2a0000
432a0000b22b0000423300006d3300007a330000b5340000143b0000323b0000d53b0000fb3b0000420d0000d1100000
f412000007130000ac130000b0130000261800005118000089180000d2190000141a0000331a0000401a0000591a0000
ae2000001c210000e02100003e240000862a0000362b0000002c0000132c0000252f00000b37000040390000b13c0000
c740000010410000694100008e41000055000000be0000000b010000e60100003703000039030000a7030000b7030000
78040000890400008e050000a7050000a9050000b20500005e0600007c060000bf070000ff0700004a080000b4090000
320a0000340a00003b0a00006e0a0000820a0000ef0a00002f0b0000310b0000740b0000760b0000c90b00004e0c0000
87120000231f00005b1f0000fb20000047220000632200008a22000034230000932400009d2500002d2a0000672a0000
752c0000dc2c0000012d00002f2d0000e02e0000042f0000522f00002f330000603300008a330000a6330000ae330000
093500009735000055360000123b00000f000000310000005a000000b5000000d9000000ba0100000802000030020000
90020000940200008d0500002b06000081060000a8070000f307000018080000c7090000bb0c0000041800001a180000
8a1d0000cf1e0000ea1f000030200000d10000002c010000b1010000b9010000c6010000e1010000f101000099020000
b60200004a03000013050000b0050000b9060000cb060000ef0600000407000029070000af090000b2090000800a0000
ed0a00002d0b0000720b0000850b00009a0b0000cb0b0000f70b0000500c0000ca0c0000e50c0000510d0000db0d0000
ea0d0000e70f00007b110000a311000011120000601300005d140000b714000042180000f8190000641a00006f1a0000
801a0000951a00007c1b00008f1d00009e1e0000591f0000d11f00001e20000024200000542000003621000072210000
c4210000092200002f2200004922000065220000932200009d220000e3220000fe2200004b2300009123000095230000
ab240000e624000086250000a5250000b2250000ca250000102700001427000076270000ac27000053280000e8280000
562d00006a2f0000a52f00003b3200007f3500009f350000ae3500000c380000473b0000b63b0000f93b0000443e0000
01010000810100009e02000067030000130500002d0700005f070000770900008b090000fc090000140a0000a20b0000
710c0000d1110000ff1700000e180000421800006c18000038190000e6190000542000002f220000052a0000452a0000
9a2b00006930000097360000cd380000f3390000d10000000d0100000002000015020000240200007b040000b0050000
b4050000050600009c080000e0080000a50b0000ec0b00002c0c0000e50c00007c12000046150000aa170000a01d0000
6b1e0000a21f0000ba220000ad23000005250000362600007b2600007d320000083600007d3a0000c23a000027000000
500000008400000095000000a3010000ab020000f402000010030000ac0300008f0500002d060000890600009f060000
830700008d07000095070000eb070000230800003008000054090000cf090000d5090000bc1900003e1d0000b81e0000
e81f00000f300000253300004c330000d4340000d1000000010100000d01000081010000000200001502000024020000
9e020000670300007b04000013050000b0050000b4050000050600002d0700005f0700009c080000e008000077090000
8b090000fc090000140a0000a20b0000a50b0000ec0b00002c0c0000710c0000e50c0000390d0000b80d0000db0d0000
ea0d00004a1000007111000098110000a3110000d11100007c120000d0120000d512000046150000aa170000ff170000
0e180000421800006c18000038190000c8190000e61900006e1d0000a01d00006b1e0000c41e0000a21f00000d200000
542000002f220000ba220000ad23000005250000362600007b260000262700004a2700007d27000094270000e4270000
6c280000ab280000c7280000f1280000002900000d2900006d290000052a0000452a00009a2b0000693000007d320000
f1320000e6330000dc340000cf3500000836000097360000cd380000f33900007d3a0000c23a0000690d000023100000
45120000cc13000018140000711400002a150000551500002216000049160000151700005b1700005f17000080170000
ed170000651f0000921f000052230000f324000052260000a6260000b9260000b22f00004e370000993a0000293d0000
1d3f00008a3f0000ca3f00001340000055000000be00000037030000a7030000b7030000150500008e050000a7050000
a90500004d060000530600005e0600007c0600007a09000096090000320a0000340a00003b0a00006e0a00002f0b0000
740b00009d0b0000c90b0000140c00004e0c00006f0c000031110000331300002315000095150000b815000092160000
b91600005517000090170000ac170000231f0000251f00008a2200008c2200009324000066250000672a0000e02b0000
752c0000d12c0000dc2c0000012d00002f2d0000e02e0000522f0000be33000018340000763400008634000097340000
f83400005c35000055360000123b00000f000000310000005a000000b5000000f500000057010000fd01000008020000
1a0200003002000090020000f6020000120300008d0500002b06000081060000b50700000408000032080000c7090000
6d150000a81600001a1800007b180000010100006601000081010000f101000099020000e6020000ed020000f9020000
400300004a030000900300007b040000e30500004406000047060000760600008508000095080000e408000014090000
26090000af0a0000f80a0000510b0000720b00007c0b0000850b0000cb0b0000900c0000390d00000e0e0000ae100000
081100000d11000071110000bb1100003113000041140000031500001e15000039150000461500007215000080150000
86150000ac150000021600006d16000098160000b0160000c1160000531700008e170000aa170000c31700004c1a0000
491d0000ca1d0000ce1d00007b1e0000e11e0000211f00008a1f00008d1f00000d2000009d220000ad23000010270000
1427000076270000ac27000053280000e8280000102a0000692a0000cc2a00004c2b0000612b0000e22b0000912c0000
f42c0000d52e000002310000fe3300007e340000ed34000038360000783b0000c23b00001d3c0000c73d00000f130000
ad130000b020000020210000e82100003f240000872a0000372b0000012c00001b2c0000292f00000c37000048390000
b23c0000ca40000013410000724100008f4100002b0e0000101200005a14000092180000611a0000092000005e200000
392200005d000000be000000330200008e0500002c06000084060000a9070000f407000019080000ca090000bc0c0000
051800001d180000d01e0000ee1f000031200000e5010000520300001a050000b1050000f2060000b3090000810a0000
ee0a00002e0b0000730b00008d0b0000fa0b0000590c0000ed0c0000ec0d0000e80f00007c110000a511000063130000
b8140000fb190000811a0000981a00007d1b00005a1f0000d51f0000262000005c2000003721000073210000cd210000
0c2200003722000069220000a5220000ac240000e724000087250000a6250000b3250000cb25000078270000b4270000
54280000e9280000572d00006b2f0000a62f00003c32000080350000a0350000af3500000d380000483b0000b73b0000
fa3b0000453e0000890100006b0300001a050000620700006a0900008e0900001d0a0000a60b0000d2110000e9190000
5c20000037220000062a0000462a00009b2b00006c30000098360000d6380000f63900007c040000b10500009d080000
a60b0000ed0b00002d0c0000ed0c00007f120000ab170000a31f0000be220000b5230000082500003f2600007e260000
8032000009360000863a0000c53a0000890100006b0300007c0400001a050000b1050000620700009d0800006a090000
8e0900001d0a0000a60b0000ed0b00002d0c0000ed0c0000ec0d00007211000099110000a5110000d21100007f120000
d6120000ab170000c9190000e9190000c51e0000a31f00000f2000005c20000037220000be220000b523000008250000
3f2600007e2600007f270000e5270000c8280000f2280000012900000e29000071290000062a0000462a00009b2b0000
6c30000080320000f2320000e7330000dd340000d03500000936000098360000d6380000f6390000863a0000c53a0000
2014000072140000241600004a1600005c170000ee170000f72400005a260000a7260000c1260000b62f00004f370000
a13a0000313d00001e3f00008b3f0000cb3f000014400000e60d00000511000040140000c2170000891f00001b230000
5b230000b72300005d000000be000000580100001b02000033020000160300008e0500002c06000084060000b6070000
0508000036080000ca090000a91600001d1800007c18000089010000fd020000520300007c040000e405000048060000
77060000270900006a090000b20a0000fb0a00005a0b0000730b00008d0b0000b11000000e11000072110000bc110000
3213000022150000881500000316000099160000b1160000c2160000541700008f170000ab1700004f1a00007c1e0000
e21e0000221f00000f200000a5220000b523000078270000b427000054280000e9280000132a0000722a0000cd2a0000
4d2b0000642b0000e62b0000922c0000f52c0000d62e000003310000ff3300007f340000ee340000393600007b3b0000
c53b0000263c0000c83d0000040e00007c1e0000191f0000f422000032270000b42700005428000092290000e2290000
3f2b0000642b0000d62e0000c9360000503a0000d03c0000474100005b4100005f0d0000ae0d0000110e0000741d0000
ca1d0000dc1d00008a1f00009b1f0000102700001727000093000000a7000000df000000230200004302000056020000
7d06000094060000030800000a080000af0c00000d180000ff1a0000561d00005d1d0000a31d000064010000a2010000
d5010000e4020000200300003c0300008e030000fc050000c908000012090000ca090000f40a00000b0b0000790b0000
c90b00002e0c0000420c0000c80c0000850d00009d0d0000c40d000059150000a1160000ed1a0000f61c0000061d0000
3d1d0000641d0000931d0000c01d0000c81d0000d01e0000231f0000371f0000ba1f0000c11f00000423000074230000
872300000125000018250000a9250000b02500000e2700008e27000032300000fa3100007932000090320000ca320000
81350000a4350000ab3500004b3b0000be3b0000d53b0000503e0000380d0000b70d0000d60d00003a0e000023100000
4910000027120000cd1200001c13000069140000f11500006d1d0000841d0000d81d0000b21e0000fe1e00001b1f0000
971f000025270000492700008f2700006b280000a82800008a2a0000482b0000552b00000c320000b136000055390000
523a0000a4000000d30000000f0100004f020000640200007302000020030000ad030000a8040000b60500001d060000
8d0600009d060000a5060000a7060000fb06000033070000a7070000c0070000090800000f08000010080000f7080000
120900005c090000da090000c00c00009012000059150000a1160000c1190000751c00005c1d0000ac1d0000c01d0000
861e00008b1e0000d91e0000f71e00000e1f0000f81f00000d300000153000004c300000ee310000f331000030330000
4b330000e63400000a010000e501000036030000a1040000ae0400001f050000b1050000cc0500001006000058060000
a6090000b3090000810a0000ee0a0000f30a00002e0b0000730b0000360c0000900d0000361000008e10000089110000
a5110000f511000051120000e61300003115000068150000b2150000ef150000f4150000561600007e16000095160000
a71600001d170000611700008c170000fc1c00005c1e0000791e0000011f00002b1f00005a1f0000701f0000bc1f0000
c81f0000372200003323000071230000cf24000000250000a8250000f02b00007a2c0000b22c0000d62c0000072d0000
272d0000d32e0000f32e00008e2f0000c23000002c3100008e3100009e310000af3100001232000078320000e3330000
4a3400006d3400008a340000963400000d350000a335000081360000bd3b0000d800000077010000b901000028020000
8f02000022030000b40500000506000095080000e0080000e408000014090000fa0c0000880d0000d80d0000f00d0000
84110000a91100005d1500006d160000a316000081180000021b00004d1d0000661d00007f1d0000891d0000a51d0000
a91d0000c21d00006b1e0000d71e000064010000a2010000e40200003c0300008e030000280900003c090000740b0000
790b0000b10b0000c90b0000c80c0000c81d00008f220000e12200008f2300000e2700000c2a0000232a000014360000
3a3600004e3600007237000064010000a2010000e40200003c0300008e030000740b0000790b0000b10b0000c90b0000
f30b00000a0c0000c80c0000c81d00008f220000e12200008f230000cc250000e02500000e270000143600000e380000
223800005438000064010000a2010000e40200003c0300008e030000280900003c090000740b0000790b0000b10b0000
c90b0000f30b00000a0c0000c80c0000850d0000c40d00007a1d0000c81d00008f220000e12200008f230000cc250000
e02500000e270000122700007327000086270000ea280000ec280000042900000b2900003d290000442900000c2a0000
232a0000ea330000e0340000d4350000db350000143600003a3600004e360000723700000e3800002238000054380000
500d0000d60d00003a0e0000d11000001012000016120000681200005a14000069140000d7180000b2190000611a0000
d31d0000921f0000182000001d200000652000009f210000b82100003922000040220000fd2200004a23000090230000
0f270000a62a0000182b0000a62b0000ad360000dc36000077370000e6370000260000004f000000920000009b000000
c3000000d30000004a010000a2010000b5010000d201000040020000aa020000c2020000d1020000e4020000ad030000
7d040000860500008e05000096050000fc0500002c060000360600007c06000084060000a7070000a9070000cb070000
f2070000f4070000f80700000208000019080000270800006c0800006e0800007e080000f3080000ca090000fa090000
c00c0000ee11000067190000881900008c190000ed1a00003d1d0000581d0000641d0000931d0000521e0000d01e0000
d31e0000f01f00004d20000098210000ab210000642c0000c02c0000ba2e00003c3300004733000050330000e4340000
02360000380d0000f50d00000d0e000005110000451200004e1200003a1400004014000091140000381500007f150000
ab150000f1150000d0160000ba170000c2170000cf170000591a0000c91d0000891f0000ae1f00002a2300009a230000
be230000fb250000122600002a2600000f270000c2360000413800005938000072380000260000004f00000092000000
9b000000c3000000f80000005c010000a201000048020000aa020000c5020000d1020000e4020000e802000018030000
ad03000026050000860500008e05000096050000fc0500002c060000360600007c06000084060000b6070000ba070000
050800001c08000036080000380800006c0800006e0800007e080000b9080000ef080000f308000024090000ca090000
fa090000ae0c00003d1100000f15000059150000761500008b160000a1160000a9160000ac1600008c190000ab190000
3d1d0000551d0000641d0000c01d0000521e0000bc1e0000642c0000c02c0000ba2e0000cb3300006b34000070340000
d8340000023600007404000083040000f10400004006000048060000cf0600000f0700005a070000c00800006a090000
370b00008d0b00006e0c0000490d0000d00f0000721100007811000097120000df1200000013000032130000b2130000
2215000094150000541700008f170000ab170000a7180000d5180000da18000021190000451900005c1900006d190000
79190000f3190000d11a0000fc1a00002f1b00006e1c0000b01c0000cf1c0000dc1c0000f51c0000221f000000210000
19210000a22100007322000089220000372500004f2a0000b42b0000c02b0000ca2c00003f2d0000cc2d00004c2e0000
5c2e00006d2e0000092f0000222f00001c300000643000008e300000aa300000b230000023320000b3320000df330000
3f340000a4340000ad340000c0340000cb340000cc3400007d370000033c0000f200000096010000fa010000ba020000
d3020000e6020000b906000004070000290700002d07000077090000fc090000db0c00003b0d00008c0d0000c90d0000
73110000971100006c1500001218000057180000711800007518000038190000691900006e190000f11a00009e1e0000
fa1f000013200000362000004f200000380d0000b70d0000ce0d0000d60d000049100000cd120000f4120000fd120000
3a14000075140000d718000090190000671a00007c1a0000891a00006d1d00002a2300009f2300005125000067260000
9826000025270000492700008f2700006b280000a8280000cf3200006a370000ae3a0000df3a0000a4000000f8000000
5c0100004f020000c902000020030000ad030000f80400008d0600009d060000a5060000a7060000fb06000015070000
3307000038070000ba07000020080000120900005c0900006f0900009f090000da090000e40900000c0a0000730c0000
3211000052190000531900006719000070190000c1190000d9190000e2190000aa1a0000b91a0000ed1a0000121b0000
861e0000f81f00004d2000000d300000153000004c30000051300000ee310000bf330000a2340000a73400007c040000
4806000077060000300900006a090000ca0a00008d0b00006e0c00002d13000032130000221500009415000054170000
8f170000ab170000221f000089220000f62300000b2a0000722a0000022c0000572c0000f52c000042360000e5360000
933b000066400000864000002341000090410000f20000003f010000fa010000e60200005f03000090030000cb060000
9a0b0000cb0b00006c150000a01800006f1a0000380d00000d0e0000051100002d110000581200003a14000040140000
381500007f150000ab150000c2170000c91d0000d31d0000891f0000921f00002a2300000f270000e7270000b82a0000
d82a00000a2c0000282c0000592c000026310000cb36000099410000be4100000a010000e5010000360300001a050000
6e050000b1050000b30900007c0a0000810a0000ee0a00002e0b0000730b0000f20b0000590c00007b1300005a1f0000
3722000033230000ac240000d4250000a8260000fd2600006b2f00006336000016380000433b0000d13e00000b3f0000
cc3f000015400000d8000000b90100008f020000850800007c0b0000cb0b0000a30c0000891d00008a1f0000b2220000
e322000069230000120000002f000000810000008e0000000302000020020000920200007a070000860700000a080000
1a0800000a180000260000004f000000920000009b00000068010000a201000040020000aa020000e4020000e8020000
440300008e03000092030000d00400008e0500002c0600007c06000084060000d507000002080000360800004c080000
6408000087080000ca090000340a00004e0a00006e0a00000b0b00002f0b0000740b00007f0b0000c90b0000cd0b0000
a01000000f1500000b1a00003d1d0000581d0000cc1d0000e31e0000231f00008c1f0000e12200001227000086270000
ea280000362a0000432a0000522b0000d5300000623300007a330000ef340000143b0000323b0000d53b0000fb3b0000
0a010000e5010000360300007c0400001a0500006e050000b10500004806000077060000300900006a090000b3090000
7c0a0000810a0000ca0a0000ee0a00002e0b0000730b00008d0b0000f20b0000590c00006e0c0000080e0000ba110000
2d130000321300007b130000001400003c14000060140000bc1400002215000094150000541700008f170000ab170000
221f0000441f00005a1f00003722000089220000f822000033230000f6230000ac24000085250000d4250000a8260000
fd26000070270000b8270000e5270000232800006728000084280000e9280000032900001f2900003f29000098290000
e62900000b2a0000722a0000d12a0000022c0000572c0000f52c00006b2f0000d32f0000fd3300005434000001350000
7e350000d3350000e2350000fa3500004236000063360000e536000016380000433b0000933b0000d13e00000b3f0000
cc3f00001540000066400000864000002341000090410000d8000000f20000003f010000b9010000fa0100008f020000
e60200005f03000090030000cb060000850800007c0b00009a0b0000cb0b0000a30c0000650d0000740d0000af0d0000
87110000941100006c15000031180000a01800006f1a0000891d00008a1f0000b2220000e3220000692300001d270000
2a2700007c27000088270000ed280000f5280000500d0000d60d00003a0e0000101200005a14000069140000a3140000
c3140000591a0000611a00001d20000039220000fd2200004a230000902300009a23000033250000eb250000b0260000
ce260000ff2600000f270000e7270000af320000303800001e40000043400000260000004f000000920000009b000000
a2010000b5010000d201000048020000aa020000c5020000e40200008e030000d00400008e0500002c0600007c060000
84060000c6060000e1060000f40700001c080000ca090000340a00004e0a00006e0a00000b0b00002f0b0000740b0000
920b0000bf0b0000c90b00001d0c00002a0c0000cc0c0000471100000b1a00006a1a0000861a00003d1d0000231f0000
97220000e1220000e5220000932300006825000080250000b42500001227000086270000ea2800002f3000005e350000
76350000b0350000143b0000323b0000d53b0000fb3b00001f0500002905000058060000a6090000360c00008e100000
d7100000ed120000b2150000561600007e1600007b1b0000801b0000fa1b00000b1c0000151c0000cb20000015210000
6f21000000250000862b0000f02b0000d62c0000382d00001e2f0000472f0000c2300000e73000002c31000053310000
8e3100009e310000af310000bc310000c7310000da310000e5310000e6310000123200007832000041350000f5380000
ab390000883c00003d3e0000d83e0000ed4000002941000077010000280200002203000095080000e408000014090000
af0a0000f80a0000510b0000a20d0000d210000035120000f21300006d1600006018000081180000a3190000371a0000
4c1a0000071c00001a20000043200000e22100001622000044060000850b00006d0c0000480d000071110000dd120000
31130000b11300002115000093150000531700008e170000aa170000d01a0000fb1a00002e1b00006d1c0000af1c0000
ce1c0000db1c0000f41c0000211f000088220000010100008101000099020000ed020000f90200004a03000044060000
95080000e408000014090000af0a0000f80a0000510b0000850b0000900c0000390d0000430d00008d0d0000a30d0000
d21000007111000035120000dd12000031130000b1130000f21300000315000046150000721500006d16000053170000
8e170000aa170000a3190000371a00004c1a0000d91a0000f01a0000f51a0000001b0000161b0000071c00006d1c0000
af1c0000ce1c0000db1c0000f41c0000491d0000211f00000d20000038200000e22100001622000077230000ad230000
783b0000c23b00001d3c0000b63c0000ff3c0000c73d0000013e00002a3e0000f50d0000d1100000f810000045120000
db12000018140000ce190000931e000018200000e02100009e270000e72700003a280000ae280000c3280000d0280000
d42800007d290000bb290000f7300000f7310000ec320000fb32000009330000a0390000063a0000f33a00007a010000
7a020000d0040000e30400002107000098080000fe080000ab090000f4090000ba0a0000210b00008f100000de190000
f01b0000f11b0000051c00000c1c0000412000001422000049300000ac300000c3300000ba310000c1310000fa380000
20390000143a0000f60000004d0200001407000064090000e0090000720c0000d8190000a91a0000b81a0000ec1a0000
111b000001010000810100009e02000067030000130500002d0700005f070000770900008b090000fc090000140a0000
a20b0000710c0000600d00006a0d00008d0d0000a30d000024100000d1110000dd120000e3120000e81200003b140000
76140000ff1700000e180000421800006c18000038190000e6190000d21a0000031b0000081b00000a1b00007c1b0000
d41b00002b1c00003e1c0000021d0000171d0000241d0000542000002f2200001f2300007e2300004425000054260000
88260000052a0000452a00009a2b000069300000c1320000973600009e370000cd380000f33900009b3a0000cf3a0000
060e000072100000fe1300003a14000069140000dd140000421f0000f6220000b324000051270000b6270000da270000
fd2700006b2800009328000096280000a02800008b290000952900009e290000e4290000f22a0000ad2d0000172e0000
e82e0000722f0000e22f0000043000008c3800007b3e0000c80400001d06000027060000ba070000de070000fa080000
150b0000ac0c0000dc0f000039130000ad1a0000ca1a0000301b00004d1b0000c31b0000e31b00008f1c0000911c0000
a91c0000dd1c0000f61c00008e2b0000bd2c00004b2d0000cd2d0000912e0000a12e0000b22e0000b4370000e03b0000
03010000830100004c0200005802000069020000800200001407000064090000e00900005918000062180000d8190000
b9010000e1010000990200004a03000013050000cb060000ef060000af090000850b00009a0b0000cb0b0000f70b0000
500c0000ca0c0000870d0000160e0000e70f00003510000077100000e6100000ee100000451400005d15000066150000
1b1700006f1a0000951a0000e01a0000e41a0000001b0000341b0000471b00007c1b0000c91b0000eb1b0000491c0000
f41c0000f91c00000c1d000093220000e32200007723000091230000ab240000e6240000ca25000010270000ac270000
53280000f42a00007a2b0000902b0000562d0000b22d0000812e0000992e00006a2f0000a52f0000a93700000c380000
b20a0000fb0a00005a0b0000f3130000381a00004f1a0000ed2100001a220000480600006a0900008d0b00006e0c0000
490d000072110000df12000032130000b21300002215000094150000541700008f170000ab170000d11a0000fc1a0000
2f1b00006e1c0000b01c0000cf1c0000dc1c0000f51c0000221f000089220000f2000000fa010000e60200003b0d0000
8c0d00006c15000057180000f11a000089010000fd02000052030000480600006a090000b20a0000fb0a00005a0b0000
8d0b0000a50d000072110000df12000032130000b2130000f3130000541700008f170000ab170000381a00004f1a0000
6e1c0000b01c0000cf1c0000dc1c0000f51c0000221f00000f2000003a200000ed2100001a22000079230000b5230000
7b3b0000c53b0000263c0000b73c0000003d0000c83d0000023e00002b3e000020140000e821000041280000bf290000
0c330000a3390000093a0000fc3a0000380d0000b70d0000d60d000049100000cd1200006d1d00002527000049270000
8f2700006b280000a8280000f80000004f020000150700006f090000e4090000730c0000d9190000aa1a0000b91a0000
ed1a0000121b0000890100006b0300001a050000620700006a0900008e0900001d0a0000a60b0000a50d0000d2110000
df120000e91200003c14000077140000e91900007d1b00002c1c0000031d0000181d0000251d00005c20000037220000
2123000080230000452500005f2600008c260000062a0000462a00009b2b00006c300000c2320000983600009f370000
d6380000f6390000a63a0000d33a000073100000e5140000b4240000dc270000fe270000972800008c290000a6290000
fa2a0000ae2d0000182e0000e92e0000732f0000e42f0000053000008d3800007c3e00007f0d000049100000cd120000
3c1800005a270000b62700006b280000a82800008e0100006a02000084020000150700006f090000e409000063180000
d9190000e5010000520300001a050000f2060000b30900008d0b0000fa0b0000590c0000e80f00003610000078100000
ef100000681500001d170000981a0000e61a00007d1b0000ca1b0000ec1b00004a1c0000f51c000079230000ac240000
e7240000cb250000b427000054280000ff2a00007b2b0000942b0000572d0000b32d0000822e00009a2e00006b2f0000
a62f0000aa3700000d3800002801000037030000760300002f0b0000430b0000740b0000b10b0000960d000088180000
f81c00000a1d0000711f0000781f0000f922000072230000832300002c060000fa0900008c0c00006f0d0000f6170000
1d18000088180000f41900000b1a0000d71a0000061b00000e1b0000d21b0000751c0000d21c0000d91c0000dc000000
90020000a2020000620d0000890d000068180000011b0000041b000064010000a2010000aa020000d1020000e4020000
2c060000fa0900002f0b0000430b0000740b0000b10b0000c80c0000850d00009d0d0000140e000059150000f4190000
0b1a0000de1a0000ed1a0000321b0000451b0000d21b0000751c0000d21c0000d91c0000f81c00000a1d00007a1d0000
ac1d0000b41d0000711f0000781f00008f220000e12200008f2300000e2700004b3b0000fb3b00000f3c0000d53c0000
f33c00000a3e00002f3e0000363e0000890100006b0300000c0500001a050000620700006a0900008e0900001d0a0000
ca0a0000400b0000a60b0000a50d0000d2110000df120000e9120000f71300003c14000077140000e91900007d1b0000
2c1c0000031d0000181d0000251d0000351e0000551f0000771f00005c20000024220000372200002123000080230000
452500005f2600008c260000062a0000462a00009b2b00006c300000b430000028320000c2320000983600009f370000
d63800000839000028390000b4390000f6390000193a0000683a0000753a0000a63a0000d33a0000010100009e020000
2d07000077090000fc090000710c0000600d00006a0d00008d0d000024100000e3120000ff1700000e18000042180000
6c18000038190000d21a0000031b0000081b00000a1b0000d41b00003e1c0000f10400004006000048060000c0080000
6a090000370b00008d0b00006e0c0000490d0000d00f000029100000721100003e120000df12000032130000b2130000
2215000094150000541700008f170000ab170000a71800002119000045190000f3190000d11a0000fc1a00002f1b0000
8b1b00008f1b0000c61b0000d81b00006e1c0000b01c0000cf1c0000d11c0000dc1c0000f51c0000751e0000cc1e0000
221f0000731f000089220000c02b0000ca2c00003f2d0000792d0000cc2d0000012e00004c2e00005c2e00006d2e0000
7e2e0000882e0000a52e0000b12e00007d370000c9370000033c00002e3e0000f200000096010000fa010000ba020000
d3020000e60200002d07000077090000fc0900003b0d00008c0d0000a90d000024100000e31200006c15000057180000
7518000038190000f11a0000d41b00003e1c0000861d0000b11d0000b61d0000040e0000f422000032270000b4270000
542800008d29000092290000ca290000e22900008e380000a2380000d03c00000c3d00007d3e0000823e00005f0d0000
ae0d0000be0d0000741d000010270000172700005427000068270000a3280000b6280000df0000004302000056020000
f8080000ff080000910c0000ae1a0000b51a0000ff1a0000151b000064010000a2010000e40200003c0300008e030000
280900003c090000740b0000790b0000b10b0000c90b0000c80c0000850d00009d0d0000140e000059150000de1a0000
ed1a0000321b0000451b0000f61c0000f81c0000061d00000a1d00001b1d0000221d0000c81d00008f220000e1220000
0423000074230000872300008f2300001a260000212600000e2700000c2a0000232a0000143600003a3600004e360000
b83600007237000033380000623800006938000089010000fd020000520300003d050000480600006a090000b20a0000
ca0a0000fb0a0000370b00005a0b00005f0b00008d0b0000a50d000072110000df12000032130000b2130000f3130000
f7130000541700008f170000ab170000381a00004f1a00006e1c0000b01c0000cf1c0000dc1c0000f51c0000221f0000
731f00007f1f00000f2000003a200000d3200000ed210000f82100001a2200001c22000079230000b523000073360000
8336000093360000283700009337000097370000fc370000093800007b3b0000c53b0000263c0000b73c0000003d0000
c83d0000023e00002b3e00000101000099020000ed02000095080000e408000014090000900c0000390d0000430d0000
8d0d0000d2100000351200000315000046150000721500006d160000a3190000d91a0000f01a0000f51a0000001b0000
161b0000071c0000491d0000380d0000b70d0000ce0d0000d60d000023100000491000004f1000002f120000cd120000
f4120000981900006d1d0000841d00005f1e000025270000492700008f27000099270000bd270000e727000063280000
6b28000078280000a0280000a828000031290000352900004d290000912d0000c32e0000c72f000085380000f8000000
990100004f0200007602000086020000d004000015070000c5080000fa080000060900000c0900006f0900007a090000
e4090000e6090000730c0000d10f0000a7190000d9190000aa1a0000b91a0000ed1a0000121b0000bc1b0000d21b0000
d91b0000231c0000b41d0000402d0000782e0000892e00002b3600001f05000058060000a6090000360c00008e100000
d7100000ed120000b2150000561600007e1600007b1b0000801b0000fa1b00000b1c0000151c0000152100006f210000
00250000862b0000f02b0000d62c00001e2f0000c2300000e73000002c310000533100008e3100009e310000af310000
bc310000c7310000da310000e5310000e6310000123200007832000077010000280200002203000095080000e4080000
14090000a20d0000d2100000351200006d1600006018000081180000a3190000071c00001a20000043200000f50d0000
d1100000f810000045120000db120000ce190000931e0000182000009e270000e7270000ae280000c3280000d0280000
d42800007d290000f7300000f7310000ec320000fb3200007a0100007a020000d00400002107000098080000fe080000
ab090000f40900008f100000de190000f01b0000f11b0000051c00000c1c00004120000049300000c3300000ba310000
c131000073100000e5140000b4240000dc270000fe270000972800008c290000a6290000fa2a0000ae2d0000182e0000
e92e0000732f0000e42f0000053000008d380000963800007c3e0000c83e0000673f0000944000007f0d000049100000
cd120000de1300003c180000261a00005a270000b62700006b280000a8280000b3290000e42900008e0100006a020000
84020000150700006f090000e4090000cf0a00001e0b00002b0b000063180000d91900003d1a0000e501000052030000
1a0500006e050000f2060000b3090000ee0a0000370b00008d0b0000fa0b0000590c0000e80f00003610000078100000
ef100000681500001d1700008c170000981a0000e61a00007d1b0000ca1b0000ec1b00004a1c0000c11c0000f51c0000
731f00007923000064240000ac240000e7240000cb250000b427000054280000e2290000ff2a00007b2b0000942b0000
572d0000b32d0000822e00009a2e00006b2f0000a62f0000a130000064310000aa3700000d380000eb3e00000b3f0000
a83f0000a04000002b41000043410000060e0000fe1300003a14000069140000421f0000f622000051270000b6270000
6b280000a028000095290000e42900001d060000ba070000fa080000ac0c000039130000ad1a0000ca1a0000301b0000
911c0000a91c0000dd1c0000f61c0000030100004c0200005802000059180000b901000099020000cb0600009a0b0000
cb0b0000ca0c0000870d0000160e0000e6100000451400005d1500006f1a0000e01a0000001b0000341b0000471b0000
f91c00000c1d000093220000e322000091230000102700007c0400004806000077060000300900006a090000ca0a0000
8d0b00006e0c0000490d000072110000df1200002d13000032130000b2130000f7130000a91400002215000094150000
03160000541700008f170000ab170000d11a0000fc1a00002f1b0000b81b00006e1c0000ae1c0000b01c0000cf1c0000
dc1c0000f51c00001a1d0000361d0000221f000089220000f6230000e4240000982500001c2600000b2a0000722a0000
022c0000572c0000f52c0000a32f00009235000042360000e5360000bd37000064380000933b0000043d0000253f0000
b03f0000c83f000066400000864000002341000090410000f20000003f010000fa010000e60200005f03000090030000
cb0600009a0b0000cb0b00003b0d00008c0d00009b0d0000e6100000451400006c15000057180000a01800006f1a0000
f11a0000f91c00000c1d00002c2300007d23000089230000380d0000b70d0000d60d00003a0e000049100000cd120000
de130000fe1300003a14000069140000261a00006d1d0000421f00002a23000025270000492700008f27000099270000
6b280000a0280000a828000095290000b3290000e4290000e73c00000e3d0000863e0000ab3e0000f80000005c010000
4f02000064020000760200001d06000015070000ba070000fa0800006f090000e4090000cf0a00001e0b00002b0b0000
730c000039130000d91900003d1a0000aa1a0000b91a0000ed1a0000121b0000911c0000a91c0000dd1c0000f61c0000
87230000983b0000e93b0000f63b0000073e00001f0500002905000058060000a6090000360c00008e100000b2150000
561600007e16000000250000f02b0000d62c0000382d0000c23000002c3100008e3100009e310000af31000012320000
78320000f5380000883c0000d83e0000ed40000077010000280200002203000095080000e408000014090000af0a0000
f80a0000510b00006d160000811800004c1a0000d1100000131100001b1100008c150000f11500005d16000076160000
871600009b170000ae1e000018200000e02100007b24000099270000a02800009e290000e82a0000592b0000f22b0000
083100001331000072310000973100000832000098400000054100004541000044060000850b00006d0c000031130000
2115000093150000531700008e170000aa170000211f000088220000690d00002310000045120000cc13000018140000
711400002a150000551500002216000049160000151700005b1700005f17000080170000ed170000651f0000921f0000
52230000f324000052260000a6260000b9260000b22f00004e370000993a0000293d00001d3f00008a3f0000ca3f0000
13400000010100008101000099020000ed020000f90200004a0300004406000095080000e408000014090000af0a0000
f80a0000510b0000850b0000900c0000311300000315000046150000721500006d160000531700008e170000aa170000
4c1a0000491d0000211f0000ad230000783b0000c23b00001d3c0000c73d00007404000083040000cf0600000f070000
5a07000097120000712000000021000073220000372500004f2a0000092f0000312f00001c300000643000008e300000
aa300000b230000023320000b332000060390000693c0000ec3f00004a400000b90600000407000029070000db0c0000
6013000012180000f81900009e1e0000fa1f000036200000c421000009220000a0000000ad0000002c0200007e060000
960600002a070000e8080000400a0000660a0000060b000016180000061a0000a400000020030000ad030000d6030000
a80400008d0600009d060000a5060000a7060000e5060000fb0600001207000033070000460700005c07000074070000
120900005c090000da090000570a00004f0b0000aa1000001b1500004f170000c1190000bc1a0000931c0000861e0000
af1e0000f81f0000c2210000ef230000a5270000a1280000d2290000542a0000612a00005d2b00000d30000015300000
343000004c300000663000007e300000813000003a310000ee31000009320000e938000017390000fe3900004d400000
874000004841000009010000e401000035030000b0050000b2090000800a0000ed0a00002d0b0000720b0000591f0000
2f2200003223000074000000bf000000380300008905000078070000350a00006f0a0000300b0000750b0000b90b0000
241f00008b220000110000002e0000000202000091020000240000004e0000009100000067010000a10100003f020000
a9020000dc020000e702000043030000910300008d0500002b0600008106000086080000c70900007e0b0000cc0b0000
3c1d0000cb1d00008b1f00001127000055000000be0000002a010000180200003502000037030000a7030000b7030000
1b0500006f0500008e050000a7050000a90500005e0600007c060000b706000002080000cc090000320a0000340a0000
3b0a00006e0a00007d0a0000850a0000f50a00000d0b00002f0b0000740b0000c90b0000100c00004e0c00005a0c0000
6b130000231f0000661f00009e1f00008a2200005323000093240000a72400006a250000a9260000ed260000672a0000
752c0000dc2c0000012d00002f2d0000e02e0000522f0000662f0000603500005536000064360000123b0000443b0000
d23e00000c3f0000cd3f0000164000000f000000310000005a000000b5000000dd000000f60100000802000009020000
30020000900200008d0500002b0600008106000086080000c70900007e0b0000cc0b00009d0c00001a1800009d1d0000
8b1f00009f220000d322000063230000d10000002c010000b1010000c6010000f1010000b6020000b0050000b9060000
0407000029070000b2090000800a0000ed0a00002d0b0000720b0000e50c00006013000042180000f81900008f1d0000
9e1e0000591f0000d11f000054200000c4210000092200002f2200009d220000473b0000b63b0000f93b0000443e0000
080000002b0000004a000000570000006f00000078000000f2010000a5020000b70200007e030000890500007e060000
960600002a07000078070000e8080000350a0000400a0000660a00006f0a0000060b0000300b0000750b0000b90b0000
061a00004a1d0000241f0000d1220000153b0000313b0000d03b0000fc3b000074040000830400001f05000029050000
58060000cf0600000f0700005a070000a6090000360c00008e1000001911000097120000d6140000b215000056160000
7e160000712000000021000073220000002500001f25000037250000e1270000f92700001128000090280000c5280000
e1280000112900004f2a0000eb2a0000f02b0000d62c0000382d0000092f0000312f0000df2f0000003000001c300000
643000008e300000aa300000b2300000c2300000113100002c310000683100008e3100009e310000af31000012320000
1b32000023320000783200009a320000b3320000ef320000063300001e330000e4350000f538000060390000693c0000
883c0000c73e0000d83e0000573f0000ec3f00004a40000095400000ed400000770100002802000022030000b9060000
040700002907000095080000e408000014090000af0a0000f80a0000510b0000db0c00007b0d0000f310000025120000
60130000d81300006d160000121800003818000081180000f8190000201a00004c1a00009e1e0000fa1f000036200000
c4210000092200009b270000a7270000a4280000b7280000a0290000d429000009010000e401000035030000b0050000
44060000b2090000800a0000ed0a00002d0b0000720b0000850b00006d0c0000070e000031130000ff1300003b140000
5e1400002115000093150000531700008e170000aa170000211f0000431f0000591f00002f22000088220000f7220000
322300006f270000b727000065280000e828000097290000e5290000d1000000010100002c01000081010000b1010000
c6010000f101000099020000b6020000ed020000f90200004a030000b005000044060000b90600000407000029070000
95080000e408000014090000b2090000800a0000af0a0000ed0a0000f80a00002d0b0000510b0000720b0000850b0000
900c0000e50c0000600d0000b40d0000bf0d00002f0e0000f3100000251200003113000060130000d8130000ff130000
3b1400005e1400000315000046150000721500006d160000531700008e170000aa17000042180000f8190000201a0000
4c1a0000491d0000751d00008f1d00009e1e0000211f0000431f0000591f0000d11f000054200000c421000009220000
2f2200009d2200001f230000ad23000014270000282700004327000056270000692700007627000065280000a4280000
b7280000e828000097290000a0290000d4290000e5290000473b0000783b0000b63b0000c23b0000f93b00001d3c0000
e13c00000f3d0000c73d0000443e0000883e0000a83e0000f50d0000db1000004512000018140000d3140000d7180000
8d1a00002a200000e22000003c21000040210000fd2100007522000021250000402500004d25000099270000a0280000
9e290000eb3000005e3200009c320000bc320000cb3200004c3f0000953f0000ee3f0000a4000000de01000076020000
20030000ad030000d6030000f8040000670500008d0600009d060000a5060000a7060000eb060000fb06000033070000
d2080000fa080000120900005c090000da090000570a0000e90a0000150b00004f0b00003b0c0000480c0000a4100000
c1190000911a0000861e0000f81f0000c2210000022500001a2500004e250000a5270000a1280000d22900000d300000
153000003a3000004c300000813000009c300000ee3100007a32000092320000cc320000e938000017390000fe390000
dd3e0000033f0000a33f0000240000004e00000091000000a1010000b301000046020000a9020000dc0200008d050000
2b06000081060000c5060000c7090000870b0000bb0b0000cb0c0000691a00003c1d000096220000e422000092230000
11270000d10000000d010000b9010000e1010000000200001502000024020000990200004a0300007b04000013050000
b0050000b405000005060000cb060000ef0600009c080000e0080000af090000850b00009a0b0000a50b0000cb0b0000
ec0b0000f70b00002c0c0000500c0000ca0c0000e50c0000780d0000b40d00002f0e0000e70f0000221200007c120000
5e140000641400009d140000c414000046150000aa1700006f1a0000951a0000001b0000f41c00008d1d0000a01d0000
6b1e0000941f0000a01f0000a21f00003a22000093220000ba220000e32200000223000044230000572300006a230000
7723000091230000ad230000ab240000e6240000052500002d250000ca250000ec250000362600007b260000b2260000
bb260000ef2600000027000010270000ac270000e427000053280000562d00006a2f0000a52f00007d320000a9320000
083600000c380000313800007d3a0000c23a00002040000040400000420d0000d1100000f412000007130000ac130000
b0130000261800005118000089180000d2190000141a0000331a0000401a0000591a0000ae2000001c210000e0210000
3e240000862a0000362b0000002c0000132c0000252f00000b37000040390000b13c0000c74000001041000069410000
8e41000055000000be00000037030000a7030000b7030000770400008e050000a7050000a9050000350600005e060000
720600007c0600001c0800004e08000098080000320a0000340a00003b0a00006e0a0000ba0a00002f0b0000740b0000
c90b00004e0c00008e0c00002e13000036130000021800001f1800008a180000f51900000d1a0000411a00005a1a0000
231f00008a220000f723000093240000292a0000672a0000732a0000032c0000472c0000752c0000dc2c0000f02c0000
012d00002f2d0000e02e0000522f00006433000055360000e6360000123b0000833b0000584000007e4000001e410000
914100000f000000310000005a000000b5000000fc000000390100000802000030020000900200009b020000a7020000
4c030000800300008d0500002b06000081060000c5060000c7090000870b0000bb0b00001a180000691800009a180000
691a0000010100006601000081010000f10100009e020000e60200004003000067030000900300007b04000013050000
e305000047060000760600002d0700005f0700008508000026090000770900008b090000fc090000140a0000720b0000
7c0b0000a20b0000cb0b0000710c0000600d0000120e0000ae100000f610000027110000d1110000591200003b140000
431400001e15000070150000a5150000bc170000ff1700000e1800003518000042180000551800006c1800008e180000
a118000038190000e61900005d1a0000701a0000351b0000fa1c0000ca1d00007b1e00008a1f0000542000002f220000
9d2200001f23000010270000ac270000e427000053280000052a0000102a0000452a0000692a0000b22a0000d92a0000
612b00009a2b00000c2c0000152c0000492c00005a2c0000912c0000f42c0000d52e0000693000002031000038360000
97360000cc360000cd380000f33900009b410000bb410000b20a0000fb0a00005a0b00004f1a00009f170000e8210000
82240000a629000075310000994000000641000046410000480600006a0900008d0b00006e0c00003213000022150000
94150000541700008f170000ab170000221f000089220000f2000000fa010000e60200006c150000380d00000d0e0000
0511000040140000381500007f150000ab150000c2170000c91d0000891f00000f270000201400007214000024160000
4a1600005c170000ee170000f72400005a260000a7260000c1260000b62f00004f370000a13a0000313d00001e3f0000
8b3f0000cb3f000014400000e60d00000511000040140000c2170000891f00001b2300005b230000b723000089010000
fd02000052030000480600006a090000b20a0000fb0a00005a0b00008d0b000032130000541700008f170000ab170000
4f1a0000221f0000b52300007b3b0000c53b0000263c0000c83d000063130000fb190000cd2100000c2200000a010000
e501000036030000b1050000b3090000810a0000ee0a00002e0b0000730b00005a1f00003722000033230000d8000000
b90100008f020000891d0000260000004f0000009200000068010000a201000040020000aa020000e4020000e8020000
44030000920300008e0500002c0600008406000087080000ca0900007f0b0000cd0b00003d1d0000cc1d00008c1f0000
122700005d000000be000000330200008e0500002c0600008406000087080000ca0900007f0b0000cd0b00009e0c0000
1d1800008c1f0000aa220000d722000064230000b1050000b3090000810a0000ee0a00002e0b0000730b0000ed0c0000
63130000fb1900005a1f0000d51f00005c200000cd2100000c22000037220000a5220000483b0000b73b0000fa3b0000
453e0000b20a0000fb0a00005a0b000063130000d9130000fb190000211a00004f1a0000cd2100000c220000ab290000
d82900000a010000e501000036030000b1050000480600006a090000b3090000810a0000ee0a00002e0b0000730b0000
8d0b00006e0c0000080e000032130000001400003c140000601400002215000094150000541700008f170000ab170000
221f0000441f00005a1f00003722000089220000f82200003323000070270000b827000067280000e928000098290000
e6290000d8000000f2000000b9010000fa0100008f020000e6020000650d0000af0d00006c150000891d00001d270000
2a27000089010000fd02000052030000b1050000480600006a090000b3090000810a0000b20a0000ee0a0000fb0a0000
2e0b00005a0b0000730b00008d0b0000ed0c0000310e00003213000063130000d9130000001400003c14000060140000
541700008f170000ab170000fb190000211a00004f1a0000221f0000441f00005a1f0000d51f00005c200000cd210000
0c22000037220000a522000021230000b5230000452700007827000067280000e928000098290000ab290000d8290000
e6290000483b00007b3b0000b73b0000c53b0000fa3b0000263c0000e23c0000103d0000c83d0000453e0000893e0000
a93e000020140000e920000001220000a6290000613200004f3f0000983f0000f73f0000500d0000d60d000010120000
5a140000611a00001d20000039220000fd2200004a230000902300000f270000260000004f00000092000000a2010000
b501000048020000aa020000e40200008e0500002c06000084060000c6060000ca090000920b0000bf0b0000cc0c0000
6a1a00003d1d000097220000e52200009323000012270000e5010000520300007c0400001a050000b1050000f2060000
9d080000b30900008d0b0000a60b0000ed0b0000fa0b00002d0c0000590c0000ed0c0000310e0000e80f00007f120000
601400009e140000c5140000ab170000981a0000f51c0000a31f00003b220000be2200004623000079230000b5230000
ac240000e7240000082500002e250000cb250000ed2500003f2600007e260000b3260000c6260000f326000001270000
b4270000e527000054280000572d00006b2f0000a62f000080320000aa320000093600000d38000032380000863a0000
c53a000021400000414000000f130000ad130000b020000020210000e82100003f240000872a0000372b0000012c0000
1b2c0000292f00000c37000048390000b23c0000ca40000013410000724100008f4100002b0e0000101200005a140000
92180000611a0000092000005e200000392200005d000000be0000003a0100003302000057030000840300008e050000
2c06000084060000c6060000ca090000920b0000bf0b00001d1800009b1800006a1a0000890100006b0300007c040000
1a050000e4050000480600007706000062070000270900006a0900008e0900001d0a0000730b0000a60b0000b1100000
28110000d21100005a1200003c14000022150000a7150000be170000e9190000371b0000fc1c00007c1e00005c200000
37220000a522000021230000b4270000e527000054280000062a0000132a0000462a0000722a0000b32a0000da2a0000
642b00009b2b00000d2c0000202c00004d2c00005b2c0000922c0000f52c0000d62e00006c3000002131000039360000
98360000cd360000d6380000f63900009c410000bc4100002014000072140000241600004a1600005c170000ee170000
381e0000f72400005a260000a7260000c1260000fd2e0000b62f00002f3700004f370000633a0000a13a0000313d0000
df3d00001e3f00008b3f0000cb3f0000d43f000014400000e60d0000051100002d14000040140000c2170000521f0000
691f0000811f0000891f00001b2300005b230000b7230000690d00002310000045120000cc1300002a15000055150000
151700005f17000080170000651f0000921f000052230000380d0000f50d00000d0e0000231000000511000045120000
cc1300002d14000040140000381500007f150000ab150000151700005f17000080170000c2170000841d0000b91d0000
c91d0000d31d0000521f0000651f0000691f0000811f0000891f0000921f00000f270000d43c00003e3d0000b93d0000
513e00005d000000be000000330200008e0500002c0600008406000087080000ca0900004e0a00006e0a00000b0b0000
7f0b0000cd0b00009e0c0000741300001d1800000b1a0000301f00003d1f00006d1f00008c1f0000aa220000d7220000
6423000055000000be0000002a0100001802000035020000370300008e0500007c060000b706000002080000cc090000
340a00006e0a0000850a0000f50a00000d0b00002f0b0000740b0000c90b0000231f0000661f00009e1f00008a220000
532300000f00000031000000dd000000f60100000802000009020000900200009d1d0000260000004f00000092000000
9b00000068010000a201000040020000aa020000e4020000e8020000440300008e030000920300008e0500002c060000
7c06000084060000b70600000208000087080000ca090000cc090000340a00004e0a00006e0a0000850a0000f50a0000
0b0b00000d0b00002f0b0000740b00007f0b0000c90b0000cd0b0000de0c0000741300000b1a00003d1d0000461d0000
581d0000cc1d0000df1d0000231f0000301f00003d1f0000661f00006d1f00008c1f00009e1f0000e122000012270000
143b0000323b00004d3b0000bf3b0000d53b0000d73b0000fb3b0000523e0000e5010000520300007c0400001a050000
6e050000b1050000f20600009d080000b3090000ee0a0000370b00008d0b0000a60b0000ed0b0000fa0b00002d0c0000
590c0000ed0c0000310e0000e80f00007f1200007b13000011140000601400009e140000c5140000ab170000981a0000
f51c0000f51d0000511e0000341f0000631f0000731f00007f1f0000a31f00003b220000be2200004623000079230000
b5230000ac240000e7240000082500002e250000cb250000ed2500003f2600007e260000b3260000c6260000f3260000
01270000b4270000e527000054280000e2290000572d00006b2f0000a62f0000a1300000143200002132000080320000
aa320000093600000d38000032380000733900005b3a00006f3a0000863a0000c53a0000eb3e00000b3f0000603f0000
a83f0000d93f0000e63f00002140000041400000d10000000d010000b901000000020000150200002402000099020000
b405000005060000cb060000e00800009a0b0000cb0b0000ca0c0000780d0000b40d0000221200006414000046150000
6f1a0000001b00008d1d0000a01d00006b1e0000941f0000a01f000093220000e322000002230000572300006a230000
91230000102700000a010000e5010000360300007c040000a1040000ae040000b1050000cc0500001006000048060000
77060000300900006a090000b3090000810a0000ca0a0000ee0a0000f30a00002e0b0000730b00008d0b00006e0c0000
080e0000f51100006b1200002d13000032130000ca130000001400003c14000060140000221500009415000054170000
8f170000ab170000171e00005c1e0000851e0000e51e0000221f00002b1f0000441f0000551f00005a1f0000c81f0000
3722000089220000f822000033230000f623000052240000cf24000070270000b827000067280000e928000098290000
e62900000b2a0000722a0000a42a00004a2b0000662b0000022c0000572c00007a2c0000b22c0000f52c0000072d0000
272d0000df2e0000f32e00008e2f0000f13400004236000081360000df360000e536000018370000933b0000bd3b0000
d23c00006640000086400000db40000023410000544100006141000090410000d8000000f20000003f010000b9010000
fa0100008f020000e60200005f03000090030000b405000005060000cb060000e00800009a0b0000cb0b0000fa0c0000
650d0000af0d0000350e000022120000641400006c150000a01800006f1a00004d1d0000661d0000781d0000891d0000
a91d0000d51d0000e11d00006b1e0000941f0000a01f00001d2700002a27000089010000fd020000520300003d050000
480600006a090000b20a0000ca0a0000fb0a0000370b00005a0b00005f0b00008d0b000032130000541700008f170000
ab1700004f1a0000221f00007f1f0000b5230000733600008336000093360000973700007b3b0000c53b0000263c0000
c83d00000101000099020000ed02000095080000e408000014090000900c00000315000046150000721500006d160000
491d0000380d0000f50d00000d0e000005110000451200004e1200003a1400004014000091140000381500007f150000
ab150000f1150000d0160000ba170000c2170000cf170000591a0000c91d0000891f0000ae1f00002a2300009a230000
be230000fb250000122600002a2600000f270000c2360000413800005938000072380000b1050000b3090000810a0000
ee0a00002e0b0000730b0000ed0c0000631300007b130000fb1900002b1f00005a1f0000d51f00005c20000085200000
cd210000d22100000c2200002422000037220000a5220000f53600007f370000ef37000003380000483b0000b73b0000
fa3b0000453e0000d10000002c010000b1010000c6010000f1010000b6020000b9060000040700002907000042180000
8f1d00009e1e0000080000002b000000570000006f000000f2010000a5020000b70200007e060000960600002a070000
e80800004a1d0000260000004f000000920000009b000000c300000068010000a201000040020000aa020000d1020000
e4020000e80200004403000092030000ad030000a8040000860500008e05000096050000fc0500002c06000036060000
7c06000084060000b70600006c0800006e0800007e08000087080000a9080000f3080000ca090000fa090000760b0000
7f0b0000b30b0000cd0b0000f40b00000c0c0000de0c0000e41100008c1900005a1a00003d1d0000641d0000cc1d0000
521e00008c1f0000af1f0000b5220000d9220000a6230000d9250000e62500001626000012270000642c0000c02c0000
ba2e000002360000163600001b380000283800005d38000089010000fd020000520300003d050000b105000048060000
6a090000b3090000810a0000b20a0000ca0a0000ee0a0000fb0a00002e0b0000370b00005a0b00005f0b0000730b0000
8d0b0000ed0c0000310e000032130000631300007b130000d913000000140000111400003c1400006014000054170000
8f170000ab170000fb190000211a00004f1a0000221f00002b1f0000441f0000551f00005a1f00007f1f0000d51f0000
5c20000085200000cd210000d22100000c2200002422000037220000a522000021230000b52300004527000078270000
3528000067280000e928000098290000ab290000b6290000d8290000da290000e6290000733600008336000093360000
f53600001e3700007f3700008c37000097370000ef370000033800009b380000a8380000483b00007b3b0000b73b0000
c53b0000fa3b0000263c0000e23c0000103d0000c83d0000453e0000893e0000a93e0000d1000000010100002c010000
b1010000c6010000f101000099020000b6020000ed020000b9060000040700002907000095080000e408000014090000
900c0000600d0000b40d0000bf0d0000f3100000251200000315000046150000721500006d16000042180000491d0000
751d00008f1d00009e1e000014270000282700005627000069270000a4280000b7280000500d0000d60d00003a0e0000
d11000001012000016120000681200005a14000069140000d7180000b2190000611a0000d31d0000921f000018200000
1d200000652000009f210000b82100003922000040220000fd2200004a230000902300000f270000a62a0000182b0000
a62b0000ad360000dc36000077370000e6370000260000004f000000920000009b000000c30000007a010000a2010000
b501000048020000aa020000d1020000e40200006203000086030000ad030000f8040000860500008e05000096050000
fc0500002c060000360600007c06000084060000c60600006c0800006e0800007e08000098080000af080000f3080000
3509000042090000ca090000fa090000920b00009d0b0000bf0b0000c10b0000cc0c0000de1100008c190000b6190000
6a1a00003d1d0000641d0000df1d0000521e00009e1f000097220000e522000093230000122700000d2a0000252a0000
a72b0000642c0000c02c0000ba2e0000023600001c36000047360000543600007b3700001f05000058060000a6090000
360c00008e100000b2150000561600007e16000000250000f02b0000d62c0000c23000002c3100008e3100009e310000
af310000123200007832000077010000280200002203000095080000e4080000140900006d16000081180000d1100000
131100001b1100008c150000f11500005d1600007616000087160000ae1e00001820000099270000a0280000e82a0000
592b0000f22b0000083100001331000097310000083200007404000083040000cf0600000f0700005a07000097120000
0021000073220000372500004f2a0000092f00001c300000643000008e300000aa300000b230000023320000b3320000
b90600000407000029070000db0c0000121800009e1e0000fa1f000036200000a0000000ad0000002c0200007e060000
960600002a070000e808000016180000a400000020030000ad030000a80400008d0600009d060000a5060000a7060000
e5060000fb0600001207000033070000460700005c07000074070000120900005c090000da090000aa1000001b150000
c1190000bc1a0000861e0000af1e0000f81f0000a5270000a1280000542a0000612a00005d2b00000d30000015300000
343000004c300000663000007e300000ee3100000932000074040000830400001f05000058060000cf0600000f070000
5a070000a6090000360c00008e1000001911000097120000d6140000b2150000561600007e1600000021000073220000
002500001f25000037250000e12700001128000090280000c5280000e1280000112900004f2a0000eb2a0000f02b0000
d62c0000092f0000df2f00001c300000643000008e300000aa300000b2300000c2300000113100002c31000068310000
8e3100009e310000af310000123200001b32000023320000783200009a320000b3320000ef320000063300001e330000
770100002802000022030000b9060000040700002907000095080000e408000014090000db0c00007b0d0000f3100000
251200006d1600001218000038180000811800009e1e0000fa1f0000362000009b270000a7270000a4280000b7280000
f50d0000db10000045120000d3140000d71800008d1a00002a2000003c21000040210000752200002125000040250000
4d25000099270000a0280000eb3000009c320000bc320000cb320000a4000000de0100007602000020030000ad030000
f80400008d0600009d060000a5060000a7060000eb060000fb06000033070000d2080000fa080000120900005c090000
da0900003b0c0000480c0000a4100000c1190000911a0000861e0000f81f0000022500001a2500004e250000a5270000
a12800000d300000153000003a3000004c300000ee3100007a32000092320000cc3200000f130000ad130000b0200000
d620000020210000e82100003f240000872a0000372b0000012c00001b2c0000292f00004c2f00000c370000f7370000
48390000bb390000b23c0000163e0000ca4000000b41000013410000724100008f4100002b0e0000101200000e140000
5a14000092180000441a0000611a0000092000005e200000f521000026220000392200005d000000be0000003a010000
3302000057030000840300008e0500002c06000084060000c6060000ca0900004e0a00006e0a0000c30a00000b0b0000
3c0b0000490b0000920b0000bf0b00001d1800009b1800000b1a0000481a00006a1a0000890100006b0300007c040000
0c0500001a050000e4050000480600007706000062070000270900006a0900008e0900001d0a0000ca0a0000400b0000
730b0000a60b0000b110000028110000d21100005a1200003c14000022150000a71500005417000098170000be170000
e9190000371b0000df1c0000fc1c00007c1e00002b1f0000551f00005c2000002422000037220000a522000021230000
f623000076240000b4270000e527000054280000e2290000062a0000132a0000462a0000722a0000b32a0000da2a0000
642b00009b2b00000d2c0000202c00004d2c00005b2c0000922c0000f52c0000d62e00006c300000b430000021310000
3f3100006e3100003936000098360000cd360000d63800000839000028390000f6390000193a00004c40000086400000
9d4000000d41000025410000474100009c410000bc410000420d0000d1100000f4120000b01300002618000051180000
89180000d2190000141a0000331a0000401a0000591a000055000000be000000370300008e050000350600007c060000
1c08000098080000340a00006e0a00002f0b0000740b0000c90b00008e0c000036130000021800001f1800008a180000
f51900000d1a0000411a00005a1a0000231f00008a2200000f00000031000000fc00000008020000900200009b020000
a7020000691800000101000066010000f10100009e020000e602000040030000900300002d0700008508000077090000
fc0900007c0b0000cb0b0000710c0000600d0000120e0000f61000004314000070150000ff1700000e18000035180000
42180000551800006c1800008e180000a1180000381900005d1a0000701a0000ca1d00008a1f0000102700000a010000
e501000036030000f10400001a0500006e050000b10500004006000048060000c00800006a090000b30900007c0a0000
810a0000ee0a00002e0b0000370b0000730b00008d0b0000f20b0000590c00006e0c0000080e0000d00f000032130000
7b13000000140000111400003c140000601400008f140000221500009415000015160000541700008f170000ab170000
a7180000161900002119000045190000f3190000121a00007e1a00009a1a0000221f0000441f00005a1f000037220000
89220000f822000033230000ac240000f0240000b6250000d4250000fe250000a8260000fd26000070270000b8270000
67280000e928000098290000e6290000c02b0000ca2c00003f2d0000cc2d00004c2e00005c2e00006d2e00006b2f0000
af2f0000b2350000633600007d370000863700001638000044380000433b0000033c0000223d0000d13e00000b3f0000
223f0000923f0000aa3f0000cc3f000015400000d8000000f200000096010000b9010000fa0100008f020000ba020000
d3020000e60200002d0700008508000077090000fc0900007c0b0000cb0b0000a30c0000650d0000af0d0000c20d0000
f6100000431400006c15000075180000381900005d1a0000701a0000891d00008a1f0000b2220000e322000025230000
692300009c230000a82300001d2700002a270000500d0000ce0d0000d60d0000d110000010120000f4120000b0130000
0e1400005a140000d2190000141a0000331a0000401a0000441a0000591a0000611a0000182000001d20000046200000
f52100002622000039220000fd2200004a230000902300009a2300000f270000b53c00001f3d0000fc3d00000b3e0000
260000004f000000920000009b0000007a010000a2010000b501000048020000aa020000b3020000c5020000e4020000
8e0300008e0500002c060000350600007c06000084060000c60600001c08000098080000ca090000340a00004e0a0000
6e0a0000c30a00000b0b00002f0b00003c0b0000490b0000740b0000920b0000bf0b0000c90b0000cc0c000036130000
f51900000b1a00000d1a0000411a0000481a00005a1a00006a1a00003d1d0000231f000097220000e1220000e5220000
93230000a623000012270000143b0000323b00008c3b0000d53b0000fb3b0000083c0000153c00000c3e000028010000
37030000760300002f0b0000430b0000740b0000b10b000088180000941500008f170000ab1700005c20000024220000
37220000f4220000022c0000072c00003f2c0000572c00000f310000c93600000c410000234100009041000095410000
2c060000fa0900008c0c0000f61700001d18000088180000f41900000b1a0000dc00000090020000a202000068180000
5f0d0000110e00006c15000034180000421800008c180000a01800005c1a00006f1a0000040e0000731a0000981a0000
f4220000e72400009626000032270000b42700005428000092290000e2290000a62f00002e380000dd3a00000c3d0000
913f0000a83f00005f0d0000ae0d0000be0d00005c1a00006f1a00000123000091230000a32300001027000017270000
64010000a2010000aa020000d1020000e40200002c060000fa0900002f0b0000430b0000740b0000b10b0000c80c0000
f41900000b1a00008f220000e12200008f2300000e2700004b3b0000fb3b00000f3c00000a3e0000790b0000c90b0000
8c0c0000231f0000371f00008a220000c922000051230000280100000c02000033020000fc050000ca090000f40a0000
0b0b000051230000dc000000f4010000080200009c1d00000c00000013000000f501000093020000060000000b000000
560000006d00000069010000a3010000f00100008e020000b5020000e90200003d030000930300007d06000094060000
7a0b0000ce0b0000481d0000cd1d00001327000093000000a7000000df0000002302000043020000560200007d060000
940600007a0b0000ce0b0000910c00000d180000ff1a000098220000ce2200005623000064010000a2010000e4020000
3c0300008e030000fc050000ca090000f40a00000b0b0000790b0000c90b0000c80c00003d1d0000641d0000c81d0000
231f0000371f00000e2700004b3b0000be3b0000d53b0000503e00002801000037030000760300002f0b0000430b0000
740b0000790b0000b10b0000c90b00008c0c00006f0d00002c18000088180000231f0000371f00008a220000c9220000
512300007127000082270000ea280000ec28000099290000cf290000280100000c02000033020000fc0500002c060000
ca090000fa090000f40a00000b0b00008c0c0000090e0000f61700001d18000088180000f41900000b1a0000f9220000
5123000033270000b9270000552800005928000093290000e7290000dc000000f40100000802000090020000a2020000
620d0000b00d0000681800009c1d0000182700001e27000064010000a2010000aa020000d1020000e40200003c030000
8e030000fc0500002c060000ca090000fa090000f40a00000b0b00002f0b0000430b0000740b0000790b0000b10b0000
c90b0000c80c0000850d0000c40d0000140e0000f41900000b1a00003d1d0000641d00007a1d0000c81d0000231f0000
371f00008f220000e1220000042300008f2300000e27000012270000372700007327000086270000c427000055280000
59280000ea280000ec2800009329000099290000cf290000e72900004b3b0000be3b0000d53b0000fb3b00000f3c0000
d53c0000113d00000a3e0000503e0000833e00008a3e0000040e0000ab1700005a1f00007f1f00003722000033230000
b5230000a8260000ad260000e5260000fd260000983200002e380000cc3f0000e03f0000154000001a400000770d0000
ae0d000046150000891d00008a1f00009b1f0000012300005523000069230000060000000b000000560000006d000000
a7010000f00100008e020000b5020000f40200007d06000094060000800b0000b60b0000cd0c0000481d000090220000
e6220000942300001327000064010000a2010000d5010000e4020000200300003c0300008e030000c908000012090000
740b0000790b0000b10b0000c90b0000f30b00000a0c00002e0c0000420c0000c80c0000850d00009d0d0000140e0000
59150000ac170000ed1a0000f61c0000061d0000c81d00003c2200008f220000e1220000042300003823000074230000
872300008f230000c52300000125000018250000cc250000e0250000ae260000b4260000ea260000022700000e270000
8e2700003230000079320000903200009d320000ca320000143600000e3800002238000033380000543800001b400000
22400000040e00007c1e0000191f0000f422000032270000b42700005428000092290000e22900003f2b0000642b0000
d62e0000c9360000503a0000d03c0000474100005b4100005f0d0000ae0d0000110e0000741d0000ca1d0000dc1d0000
8a1f00009b1f0000102700001727000093000000a7000000d40000002d01000023020000410200005202000045030000
7b0300007d06000094060000800b0000b60b00000d180000541800008d18000064010000a2010000e40200003c030000
8e030000fb060000440700005b07000072070000280900003c090000740b0000790b0000b10b0000c90b0000c80c0000
850d0000140e0000121500005915000099150000b0170000de1a0000ed1a0000321b0000451b0000f81c00000a1d0000
c81d0000f81f00006c200000472200008f220000e1220000042300008f2300000e2700008e2700000c2a0000232a0000
472a00005b2a0000082c00000e2c0000442c00005c2c000032300000653000007c300000143100000732000014360000
3a3600004e360000ce36000072370000964100009d4100000f130000ad130000b0200000d620000020210000e8210000
3f240000872a0000372b0000012c00001b2c0000292f00004c2f00000c370000f737000048390000bb390000b23c0000
163e0000ca4000000b41000013410000724100008f4100002b0e0000101200000e1400005a14000092180000441a0000
611a0000092000005e200000f52100002622000039220000420d0000d1100000f4120000b01300002618000051180000
89180000d2190000141a0000331a0000401a0000591a0000500d0000ce0d0000d60d0000d110000010120000f4120000
b01300000e1400005a140000d2190000141a0000331a0000401a0000441a0000591a0000611a0000182000001d200000
46200000f52100002622000039220000fd2200004a230000902300009a2300000f270000b53c00001f3d0000fc3d0000
0b3e00005d000000be000000330200008e0500002c06000084060000a9070000f407000019080000ca0900004e0a0000
6e0a00000b0b0000bc0c000068130000051800001d180000001a00000b1a0000d01e0000ee1f000031200000db210000
1122000055000000be0000000b010000e601000037030000390300008e050000b20500007c060000b4090000340a0000
6e0a0000820a0000ef0a00002f0b0000310b0000740b0000760b0000c90b0000231f00005b1f0000472200008a220000
342300000f00000031000000d9000000ba0100000802000090020000940200008a1d0000260000004f00000092000000
9b000000d30000004a010000a2010000b5010000d201000040020000aa020000c2020000e40200008e0300008e050000
b20500002c0600007c06000084060000a9070000f407000019080000b4090000ca090000340a00004e0a00006e0a0000
820a0000ef0a00000b0b00002f0b0000310b0000740b0000760b0000c90b0000fd0c000068130000001a00000b1a0000
ed1a00003d1d0000931d0000d01e0000231f00005b1f0000da1f00006c200000db2100001122000047220000b5220000
e1220000143b0000323b0000493b0000b83b0000d53b0000fb3b0000fd3b0000463e0000e5010000520300001a050000
6e050000b1050000f2060000b3090000810a0000ee0a00002e0b0000370b0000730b00008d0b0000fa0b0000590c0000
ed0c0000ec0d0000e80f00007c110000a5110000631300007b13000030140000b8140000fb190000811a0000981a0000
7d1b00002b1f00005a1f0000d51f0000262000005c20000085200000f52000003721000073210000cd210000d2210000
062200000c220000242200003722000069220000a5220000ac240000e724000087250000a6250000b3250000cb250000
78270000b427000054280000e9280000b6290000e2290000572d00006b2f0000a62f0000a13000003c32000066320000
80350000a0350000af350000f53600007f370000ef370000033800000d380000483b0000b73b0000fa3b0000453e0000
eb3e00000b3f0000543f00009d3f0000a83f000005400000d10000002c010000b1010000b9010000c6010000f1010000
99020000b6020000b9060000cb06000004070000290700009a0b0000cb0b0000ca0c0000510d0000db0d000011120000
5d14000042180000641a00006f1a00008f1d00009e1e00001e2000004922000093220000e3220000fe2200004b230000
91230000952300001027000014270000740400007c040000830400004806000077060000cf0600000f0700005a070000
300900006a090000ca0a00008d0b00006e0c0000490d00007211000097120000df1200001f1300002d13000032130000
ae130000b21300002215000094150000541700008f170000ab170000d11a0000fc1a00002f1b00006e1c0000b01c0000
cf1c0000dc1c0000f51c0000221f0000b12000000021000025210000f82100007322000089220000f623000040240000
372500000b2a00004f2a0000722a0000882a0000382b0000022c0000042c00002b2c0000572c0000f52c0000092f0000
2e2f00001c300000643000008e300000aa300000b230000023320000b332000042360000e53600000d37000058390000
933b0000b33c00006640000086400000cf4000001841000023410000804100009041000092410000f20000003f010000
fa010000e60200005f03000090030000b9060000cb06000004070000290700009a0b0000cb0b0000db0c00003b0d0000
8c0d00002e0e0000111200005d1400006c150000121800005718000095180000a0180000641a00006f1a0000f11a0000
9e1e0000fa1f00000c200000362000006e20000049220000890100006b0300000c0500001a050000620700006a090000
8e0900001d0a0000ca0a0000400b0000a60b0000d2110000e91900005c2000002422000037220000062a0000462a0000
9b2b00006c300000b430000098360000d63800000839000028390000f6390000193a0000010100009e0200002d070000
77090000fc090000710c0000ff1700000e180000421800006c18000038190000380d0000b70d0000ce0d0000d60d0000
49100000cd120000f4120000fd1200003a14000075140000d718000090190000671a00007c1a0000891a00006d1d0000
2a2300009f23000051250000672600009826000025270000492700008f2700006b280000a8280000cf3200006a370000
ae3a0000df3a00007c040000b10500009d080000a60b0000ed0b00002d0c0000ed0c00007f1200007b130000ab170000
f51d0000341f00007f1f0000a31f0000be220000b5230000082500003f2600007e260000143200008032000009360000
733900005b3a00006f3a0000863a0000c53a0000d10000000d010000000200001502000024020000b405000005060000
e008000046150000a01d00006b1e0000270000005000000095000000a3010000ab020000f40200008f0500002d060000
89060000cf0900003e1d0000a4000000d30000000f0100004f020000640200007302000020030000ad0300007d040000
b2050000b60500001d0600008d0600009d060000a5060000a7060000fb060000330700009e080000f708000012090000
5c090000da090000a70b0000ee0b0000300c0000fd0c00008412000059150000ac170000c1190000751c0000ac1d0000
861e0000a41f0000f81f0000c3220000c52300000d2500004d260000832600000d300000153000004c300000ee310000
853200000a360000943a0000ca3a0000890100006b0300007c0400000c0500001a050000b1050000620700009d080000
6a0900008e0900001d0a0000ca0a0000400b0000a60b0000ed0b00002d0c0000ed0c0000ec0d00007211000099110000
a5110000d21100007f120000d61200007b13000030140000ab170000c9190000e9190000f51d0000c51e0000341f0000
7f1f0000a31f00000f2000005c200000f82100002422000037220000be220000b5230000082500003f2600007e260000
7f270000e52700004d280000c8280000f2280000012900000e29000071290000c4290000062a0000462a00009b2b0000
6c300000b43000001432000080320000f232000011330000e7330000dd340000d03500000936000098360000d6380000
083900002839000073390000a8390000f63900000e3a0000193a00005b3a00006f3a0000863a0000c53a00000a3b0000
d1000000010100000d0100000002000015020000240200009e020000b4050000050600002d070000e008000077090000
fc090000710c0000390d0000b80d0000db0d00004a100000d012000046150000ff1700000e180000421800006c180000
381900006e1d0000a01d00006b1e0000262700004a270000942700006c280000ab280000380d0000b70d0000d60d0000
3a0e0000231000004910000027120000cd1200001c13000069140000f11500006d1d0000841d0000d81d0000b21e0000
fe1e00001b1f0000971f000025270000492700008f2700006b280000a82800008a2a0000482b0000552b00000c320000
b136000055390000523a0000a4000000f8000000990100004f0200002003000070030000ad030000260500008d060000
9d060000a5060000a7060000fb060000150700003307000067070000120900005c0900006f0900007a09000093090000
da090000e40900002b0a0000ab0b0000730c0000d3110000c1190000d9190000ee190000aa1a0000b91a0000ed1a0000
121b0000861e0000f81f00006c20000047220000072a0000492a00009c2b00000d300000153000004c30000071300000
ee31000099360000e4380000fb390000f10400004006000048060000c00800006a090000370b00008d0b00006e0c0000
d00f0000321300002215000094150000541700008f170000ab170000a71800002119000045190000f3190000221f0000
89220000c02b0000ca2c00003f2d0000cc2d00004c2e00005c2e00006d2e00007d370000033c0000f200000096010000
fa010000ba020000d3020000e60200002d07000077090000fc0900006c1500007518000038190000380d00000d0e0000
2310000076100000001100000511000040140000381500007b1500007f150000ab15000025170000c2170000d7180000
281900004e190000ae190000591a0000841d0000c91d0000891f00009a2300000f270000072b0000aa2b0000c22b0000
b12d00003b2e0000552e0000733700000a010000e501000036030000a1040000ae040000b1050000cc05000010060000
b3090000810a0000ee0a0000f30a00002e0b0000730b0000f51100005c1e00002b1f00005a1f0000c81f000037220000
33230000cf2400007a2c0000b22c0000072d0000272d0000f32e00008e2f000081360000bd3b0000d8000000b9010000
8f020000b405000005060000e0080000fa0c00004d1d0000661d0000891d0000a91d00006b1e0000120000002f000000
62000000cc0000000302000038020000920200008f0500002d06000089060000cf09000022180000260000004f000000
920000009b000000c300000068010000a201000040020000aa020000d1020000e4020000e80200004403000092030000
ad0300007d040000860500008e05000096050000e5050000fc0500002c0600003606000049060000780600007c060000
840600006c0800006e0800007e08000087080000f30800002a090000ca090000fa090000760b00007f0b0000cd0b0000
b6100000271500008c1900003d1d0000641d0000cc1d0000521e00007d1e00008c1f0000b522000012270000c4270000
55280000182a0000802a0000692b0000642c0000932c0000c02c0000f62c0000ba2e0000d72e0000023600003c360000
0a010000e501000036030000a1040000ae040000f1040000b1050000cc050000100600004006000048060000c0080000
6a090000b3090000810a0000ee0a0000f30a00002e0b0000370b0000730b00008d0b00006e0c0000080e0000d00f0000
74100000f511000032130000001400003c14000060140000f51400002215000094150000541700008f170000ab170000
a71800002119000045190000f31900005c1e0000221f00002b1f0000441f00005a1f0000c81f00003722000089220000
f822000033230000b5240000cf24000070270000b8270000dd270000ff27000067280000982800009c280000e9280000
8f29000098290000b6290000e62900000a2b0000c02b00007a2c0000b22c0000ca2c0000072d0000272d00003f2d0000
af2d0000cc2d0000192e00004c2e00005c2e00006d2e0000ea2e0000f32e0000742f00008e2f0000e52f000006300000
813600007d37000090380000bd3b0000033c00007f3e0000d8000000f200000096010000b9010000fa0100008f020000
ba020000d3020000e6020000b4050000050600002d070000e008000077090000fc090000fa0c0000650d0000820d0000
af0d00004a100000d01200006c1500003f18000075180000381900004d1d0000661d0000891d0000a91d00006b1e0000
1d2700002a2700005d270000c62700006c280000ab280000500d0000ce0d0000d60d00002d10000010120000f4120000
5a140000f2140000f1150000611a0000981d0000d31d00009b1e0000061f0000921f0000b21f0000ca1f00001d200000
39220000fd2200004a23000090230000b7240000d82400000e2600000f2700007d2d0000762f0000972f000055380000
260000004f000000920000009b000000c3000000a2010000b5010000ea01000048020000aa020000d1020000e4020000
62030000ad03000026050000860500008e05000096050000fc0500002c060000360600007c06000084060000c6060000
f70600006c0800006e0800007e080000f3080000b8090000ca090000fa090000920b00009d0b0000bf0b0000ff0b0000
670c0000cc0c0000e90f00008c1900006a1a00009d1a00003d1d0000641d0000521e000097220000e522000093230000
ad240000e8240000ce25000012270000c427000055280000642c0000c02c0000582d0000ba2e00006c2f0000a72f0000
02360000103800002014000072140000241600004a1600005c170000ee170000381e0000f72400005a260000a7260000
c1260000fd2e0000b62f00002f3700004f370000633a0000a13a0000313d0000df3d00001e3f00008b3f0000cb3f0000
d43f000014400000e60d0000051100002d14000040140000c2170000521f0000691f0000811f0000891f00001b230000
5b230000b72300005d000000be000000580100001b02000033020000160300008e0500002c06000084060000b6070000
0508000036080000ca0900004e0a00006e0a0000b70a0000000b00000b0b0000680b0000a91600001d1800007c180000
0b1a0000541a000089010000fd020000520300007c0400003d050000e40500004806000077060000270900006a090000
b20a0000ca0a0000fb0a0000370b00005a0b00005f0b0000730b00008d0b0000b11000000e11000072110000bc110000
3213000022150000881500000316000099160000b1160000c2160000541700008f170000a4170000ab1700004f1a0000
7c1e0000e21e0000221f00002b1f00007f1f00000f200000f8210000a5220000b5230000f62300008e24000078270000
b427000054280000e9280000b6290000e2290000132a0000722a0000cd2a00004d2b0000642b0000e62b0000922c0000
f52c0000d62e0000033100003f3100007a310000ff3300007f340000ee34000039360000733600008336000093360000
973700007b3b0000c53b0000263c0000c83d00004c400000864000009a400000074100004741000049410000690d0000
2310000045120000cc1300002a15000055150000151700005f17000080170000651f0000921f00005223000055000000
be000000370300008e0500004d0600007c0600007a090000340a00006e0a00002f0b0000740b00009d0b0000c90b0000
6f0c00003313000023150000951500005517000090170000ac170000231f0000251f00008a2200008c2200000f000000
31000000f5000000fd0100000802000090020000f60200006d1500000101000066010000f101000099020000e6020000
ed02000040030000900300008508000095080000e4080000140900007c0b0000cb0b0000900c0000390d00000e0e0000
08110000411400000315000039150000461500007215000080150000ac1500006d160000c3170000491d0000ca1d0000
ce1d00008a1f00008d1f000010270000142700000a010000e5010000360300001a0500001f0500006e050000b1050000
58060000a6090000b30900007c0a0000810a0000ee0a00002e0b0000730b0000f20b0000360c0000590c0000900d0000
361000008e100000a51100007b130000e613000030140000731400003115000068150000b2150000251600004b160000
561600007e1600001d1700005d170000611700008c170000ef170000fc1c00005a1f0000701f00003722000033230000
71230000ac240000fc24000000250000d42500006a260000a8260000aa260000d1260000fd260000f02b0000d62c0000
6b2f0000bb2f0000c23000002c3100008e3100009e310000af3100001232000078320000633600005037000016380000
b13a0000433b0000413d0000d13e00000b3f00001f3f00008c3f0000cc3f0000ce3f00001540000017400000d8000000
77010000b9010000280200008f020000220300008508000095080000e4080000140900007c0b0000cb0b0000a30c0000
880d0000d80d0000e90d000008110000411400005d1500006d160000c317000081180000021b0000891d00008a1f0000
8d1f0000b2220000e32200001e2300005e23000069230000c7230000380d0000f50d00000d0e00002310000005110000
45120000cc1300002d14000040140000381500007f150000ab150000151700005f17000080170000c2170000841d0000
b91d0000c91d0000d31d0000521f0000651f0000691f0000811f0000891f0000921f00000f270000d43c00003e3d0000
b93d0000513e0000260000004f000000920000009b000000f800000099010000a201000048020000aa020000e4020000
e802000002030000620300008e0300008e0500002c0600004d0600007c06000084060000b60700000508000036080000
7a090000ca090000340a00004e0a00006e0a0000b70a0000000b00000b0b00002f0b0000680b0000740b00009d0b0000
c90b0000ae0c0000331300000f1500005915000076150000a91600005517000090170000ac1700000b1a0000541a0000
3d1d0000551d0000231f0000251f0000e1220000c5230000143b0000323b0000803b0000ca3b0000d53b0000fb3b0000
343c0000c93d000091080000cd080000a30a0000da0a00009b0c0000130d0000420d0000450d0000970d0000760e0000
f30e0000b8100000d1100000d4100000e210000034120000571300005b130000861300008c1300009b130000ac130000
b0130000bf130000c1130000e2130000e7130000ee130000841500003116000076160000e5160000851700009b170000
9e170000a2170000db1a0000231b00006b1b0000a41b0000b21c0000b91c0000bb1c0000eb1c0000f11c0000e11f0000
83200000cb210000d6210000e0210000e121000051270000a02800008b290000952900009e290000f1360000fe360000
0b370000143700002037000062370000c1370000ce370000ed3700008c3800006c3b0000a33b0000983c0000b13c0000
c43c0000ee3c0000fb3c0000be3d0000d43d00007b3e0000120900004f0b0000fa1400003b1700003c170000f31a0000
051c0000c61c0000c71c00001422000046370000c53700001b3c0000223e0000f10200000503000041070000ee1a0000
361c00003c200000010100008101000099020000ed020000f90200004a03000013050000440600004b0600004f060000
770900008b090000850b00009a0b0000f70b0000710c0000390d00004a0d00008d0d0000a30d00007111000073110000
d111000019120000dd120000e3120000e8120000251500004615000097150000cc160000f0160000aa170000ae170000
d21a0000f01a0000fd1a0000001b0000341b00007c1b00002b1c00003c1c0000491c00006d1c00006f1c0000f41c0000
f91c00000d20000038200000122100006a2100009322000077230000ad230000ca2500007a2b0000d52b0000cd2c0000
1b2f000021350000973600003b3700009e370000a93700000c3800006a0000003601000067020000070300000a030000
d2030000440400003a0500003e05000091060000c2060000120700004307000046070000d2080000fa0800003f0a0000
670a0000690a0000a50a0000a90a0000e90a0000110b0000130b0000150b0000560b00005b0b0000610b0000640b0000
421200005313000015140000291500003f1700004f1700005a1700005e170000ad1a00008f1c0000911c0000931c0000
e21f00002120000086200000bc2000003f210000ce210000d7210000fc210000ff210000032200004f27000052270000
9f280000a12800008a2900008e29000094290000962900009b290000d22900005f3600006e360000883600008f360000
943600004d370000b4370000f0370000fe3700008b3800008f3800001c3b00006e3b0000b23b0000dc3b0000e03b0000
223c0000273c0000263d0000623e00007a3e00007e3e0000200000005b000000ed000000b6010000c301000045020000
4c02000069020000f0020000f20200008206000001070000140700008f080000f60800000e09000015090000990c0000
da0d0000e30d000002110000fc14000000150000af1a00001f200000202000003e2100001a2700001c27000057270000
62270000a5280000b02800001000000068000000a40100008f060000c7080000db1f0000080000002b0000004a000000
7600000078000000c8000000d00000000c010000b0010000e7010000ef010000f2010000a50200003e03000041030000
7e030000ac0300007a040000890500008b05000095050000af050000b3050000780700007a0700008f07000073080000
7f0800009b080000db0800002509000029090000b1090000b5090000710b0000750b00007b0b00007d0b0000b90b0000
c20b0000050c0000e20c00007a12000041180000d01f000051200000f62000002c220000422200005622000094220000
9a220000d122000035230000cd250000012600000e2a00001e2a0000632c0000ff2e0000273300000736000036360000
3b3600000f380000473800001d0000003b000000c7000000e7000000ec000000fb0000001b0100004d01000056010000
b9010000e1010000f1010000990200009a020000e6020000ea020000000300001a030000400300004a0300004b030000
96030000f2030000fd03000073040000980400001e050000240500007a0500008105000092050000c2050000c5050000
d2050000470600004b060000ab070000b0070000b2070000b4070000cc070000340800003a0800007c080000b7080000
1a0900002209000026090000af090000b6090000ba090000720b00007c0b0000850b0000860b00009a0b00009b0b0000
f70b0000f80b0000b00c0000b70c0000fb0c0000000d00000b0d00002b0d00003d0d00005a0d00005e0d0000600d0000
b20d0000db0d0000ea0d0000100e0000120e0000210e0000d90e0000030f0000ff0f00000310000041110000a3110000
a9110000ae110000e6110000f8110000fc1100001d1200005412000059120000a5120000b8120000bc12000036140000
3b1400004214000043140000501400005514000099140000081500001e150000321500006e150000701500009a150000
a5150000ea150000ee15000089160000d3160000fc160000b1170000b6170000bc170000bf170000c8170000cc170000
55180000351b0000fa1c0000001d00001c1d0000d81f0000ff1f00001e2000002420000027200000af20000002210000
7221000074210000752100008e210000a7210000932200009d220000db22000007230000162300001f23000076230000
c1230000c3230000ca250000e4250000f525000018260000242600002b26000010270000142700003527000075270000
76270000ac2700005328000057280000e8280000ed28000005290000252900003b29000060290000102a0000a82a0000
b22a0000602c0000802c00000b2f00003d330000cf330000f23300006934000025350000d53500002f36000038360000
a2360000c5360000cc360000d23700000c380000263800003b380000603800006c380000733800007838000006000000
37000000b3000000a3010000ca010000a50200007e0300007505000076050000eb070000ec07000065080000d7080000
4b090000b90b0000c20b0000050c000041180000e81f0000512000005e2100002c220000422200005622000094220000
35230000cd2500000126000019350000fb3500000f38000047380000660000002a010000bd010000c401000067020000
d00300008f0400008d060000b7060000fb0600000207000012070000d2080000fa08000012090000570a0000590a0000
5a0a00007d0a0000850a0000d50a0000d60a0000e90a0000ea0a0000eb0a0000110b0000130b0000150b00004f0b0000
421200006b13000015140000fa140000291500003b1700003c1700005a1700005e170000ad1a0000f31a0000051c0000
8f1c0000911c0000931c0000c61c0000c71c0000e21f00002120000086200000bc2000003f210000c2210000c6210000
ce210000d7210000fc210000ff21000003220000142200004f270000522700009f280000a12800008a2900008e290000
94290000962900009b290000d22900005d360000643600007a3600008036000088360000463700004d370000b4370000
c5370000f0370000fe3700008b3800008f3800002c3b0000443b00009e3b0000b23b0000b33b0000dc3b0000e03b0000
1b3c0000263d0000223e0000623e00007a3e00007e3e00002900000065000000dd000000a5010000b6010000c3010000
450200004c02000069020000f1020000050300008c06000001070000140700004107000086080000c8080000d1080000
f60800009d0c0000da0d0000e30d000002110000af1a0000ee1a0000361c0000dd1f0000de1f00001f20000020200000
3c2000003e2100001a2700001c2700005727000062270000a5280000b0280000e7000000020100004d01000082010000
4b0200005d020000f5030000c004000016060000190600001f060000ab070000b0070000cc0700006309000078090000
8c090000820c0000b00c0000870d0000910d00003510000037100000da110000e6110000361200005d15000066150000
001600001b1700001e1700001f170000ce1a0000e41a0000001b0000201b0000341b0000281c0000451c0000491c0000
641c0000f41c0000f91c0000772300007a2b0000b52c00003d330000a0360000b4360000a6370000a937000010270000
35270000ac2700005328000057280000252900006029000078380000560200007e020000de090000e7090000ed090000
a21a00001f1c00009a370000b9010000e1010000990200004a03000073040000af090000b6090000ba090000850b0000
9a0b0000f70b0000870d0000910d00003510000037100000361200005d15000066150000001600001b1700001e170000
1f170000e41a0000001b0000201b0000341b0000451c0000491c0000641c0000f41c0000f91c0000d81f00008e210000
9322000077230000ca2500001027000035270000ac270000532800005728000025290000602900007a2b0000b4360000
a6370000a9370000d23700000c38000078380000d5000000fa0000001e0100004c010000530200008802000001040000
ce040000c3050000c5050000a5070000aa070000a5080000b10800000a090000e2090000e8090000b10c0000e60c0000
8d0d0000a30d00003e1100007d120000dd120000e3120000e812000055180000a31a0000d21a0000f11a0000fa1a0000
351b00007a1b0000ba1b00002b1c00006c1c00006f1c0000701c0000fa1c0000001d00001c1d00003b200000ad210000
7623000018260000762e0000cc330000113600009e370000dd370000603800001c0000003a000000c5000000b8010000
e0010000ef01000096020000e2020000ff0200003e0300004703000095030000720400001d0500007905000080050000
91050000460600004a0600007a0800001909000025090000ae090000b5090000b9090000710b00007b0b0000820b0000
980b0000f50b00001d150000fb160000d71f00008d210000912200009a220000c92500000d27000034270000a9270000
5228000056280000242900005e2900000e2a00005f2c00002e36000036360000d13700000a3800007738000041020000
5c020000140600001506000001090000c41a0000581c000026360000080000002f0000004c0000007600000078000000
b7000000ef01000041020000560200005c0200007e020000e2020000ff0200003e030000aa0300001d0500008a050000
8b0500001406000015060000460600004a060000780700007a0700008f0700006b080000730800000109000019090000
250900004d090000de090000e7090000ed090000710b00007b0b00001d150000fb160000a21a0000c41a00001f1c0000
581c00009a2200000d27000034270000a92700005228000056280000242900005e2900000e2a00002733000001360000
263600002e360000363600009a37000077380000d5000000e7000000fa000000020100001e0100004c0100004d010000
820100004b020000530200005d02000088020000f503000001040000c0040000ce040000c3050000c505000016060000
190600001f060000a5070000aa070000ab070000b0070000cc070000a5080000b10800000a0900006309000078090000
8c090000e2090000e8090000820c0000b00c0000b10c0000e60c00003f0d0000550d00005e0d0000870d00008d0d0000
910d0000a30d0000b10d0000d50d0000e10d0000100e0000170e0000d10e0000720f000035100000371000005b100000
5f1000003e110000da110000e61100003612000048120000541200007d120000b7120000bc120000be120000dd120000
e3120000e81200003614000042140000461400004e140000931400003d1500005d150000661500000016000007170000
1b1700001e1700001f17000055180000a31a0000ce1a0000d21a0000e41a0000f11a0000fa1a0000001b0000201b0000
341b0000351b00007a1b0000ba1b0000281c00002b1c0000451c0000491c0000641c00006c1c00006f1c0000701c0000
f41c0000f91c0000fa1c0000001d00001c1d0000042000003b20000099210000ad210000002300000723000076230000
77230000e7250000182600002227000038270000c0270000c82700005a2800005f2800007128000047290000a82a0000
7a2b0000b52c0000762e0000c02f00003d330000cc33000011360000a0360000b4360000bc360000c53600009e370000
a6370000a9370000d5370000dd3700002a3800006038000041020000560200005c0200007e0200001406000015060000
01090000de090000e7090000ed090000a21a0000c41a00001f1c0000581c00000d27000034270000a927000052280000
56280000242900005e290000263600009a37000077380000f1010000e602000000030000400300001e05000047060000
4b0600001a09000026090000720b00007c0b00008d0d0000a30d0000dd120000e3120000e81200001e150000fc160000
55180000d21a0000f11a0000fa1a0000351b00007a1b00002b1c00006c1c00006f1c0000701c0000fa1c0000001d0000
1c1d00003b200000ad2100009d22000076230000182600001027000035270000ac270000532800005728000025290000
60290000102a00002f360000383600009e370000dd3700006038000078380000080000002f0000004c00000076000000
78000000b7000000b8010000e001000041020000560200005c0200007e0200009602000047030000aa03000072040000
8a0500008b0500001406000015060000780700007a0700008f0700006b08000073080000010900004d090000ae090000
b5090000b9090000de090000e7090000ed090000820b0000980b0000f50b0000a21a0000c41a00001f1c0000581c0000
d71f00008d21000091220000c92500000d27000034270000a92700005228000056280000242900005e29000027330000
01360000263600009a370000d13700000a38000077380000420d0000d110000045120000ac130000b013000018140000
2a1500005b1700005f170000e0210000602700002d280000ae280000bb290000be290000c22900000b3700004e370000
9e380000b13c0000293d00009e3e000098080000fe080000ba0a0000210b00008e0c00002e13000036130000b41a0000
f31a0000561b0000051c0000a01c0000a11c0000c61c0000c71c000014220000e6360000b9370000c5370000833b0000
ec3b0000223e0000fc00000039010000500200006d020000c506000018070000ee1a0000361c00003c20000001010000
810100009e02000067030000a0040000770900008b090000a20b0000a90b0000020c0000710c0000600d00008d0d0000
a30d0000120e0000d111000059120000dd120000e3120000e81200003b1400004314000042180000e4180000d21a0000
031b00003f1b00002b1c0000501c0000021d0000041d0000542000002f2200004422000058220000c12200001f230000
362300007e230000dc25000002260000b22a00007e2b000097360000cc3600009e370000b03700001e38000048380000
2a0100006e020000df040000b7060000190700007d0a0000850a0000220b0000230b00006b1300005f15000065160000
83170000841700009f1c0000e71c0000643600008d3600005d370000443b0000ed3b0000bc3d0000dd00000050020000
86080000fd0800009d0c00005a150000e3160000b31a0000211b00002800000064000000a4010000ef02000003030000
8b0600003f070000c7080000db1f0000270000008400000086000000d00000000c010000a3010000ca010000ff010000
f4020000100300006d030000a8030000ef040000af050000b3050000830700008407000093070000eb070000ec070000
30080000390800003f080000780800009b080000d708000037090000a40b0000a80b0000e20c00007a12000007150000
4515000096150000c7160000ef160000a9170000ad170000e81f00005e210000b9220000aa2300001a2a0000d32b0000
2b330000583300001935000007360000493600003a3700002a0100006e020000df040000b70600001907000098080000
fe0800007d0a0000850a0000ba0a0000210b0000220b0000230b00008e0c0000410d0000d0100000421200002e130000
361300006b130000ab130000af13000015140000291500005f150000651600005a1700005e1700008317000084170000
b41a0000f31a0000561b0000051c00009f1c0000a01c0000a11c0000c61c0000c71c0000e71c0000dd21000014220000
5f2700002c280000ad280000ba290000bd290000c1290000643600008d360000e63600000a3700004d3700005d370000
b9370000c53700009d380000443b0000833b0000ec3b0000ed3b0000b03c0000263d0000bc3d0000223e00009d3e0000
dd000000fc00000039010000500200006d020000c50600001807000086080000fd0800009d0c00003a0d0000da0d0000
e30d0000021100000e1200005a150000e3160000b31a0000ee1a0000211b0000361c0000062000003c20000027270000
5e270000ac280000d10000000d010000000200006e030000f0040000b0050000b40500009c08000038090000a50b0000
a90b0000e50c0000870d0000910d0000b40d00002f0e00003510000037100000361200007c1200005e14000064140000
9d1400004615000097150000f0160000aa170000ae17000058180000e41a00003c1b00008a1b0000641c0000011d0000
041d0000201d0000ba2200000223000081230000ad230000ec2500001f2600001b2a0000d52b0000083600004a360000
b43600003b3700003138000067380000270000008400000086000000fe0000007e010000a3010000ca0100009d020000
f40200001003000066030000a80300009f040000830700008407000093070000eb070000ec0700003008000039080000
3f08000078080000d7080000600900007509000089090000a10b0000a80b0000010c0000700c0000d011000007150000
c716000041180000e81f0000512000005e2100002c2200004222000056220000c022000035230000db25000001260000
2b3300005833000019350000963600001d380000473800003701000009030000450400003b050000c306000045070000
a60a0000aa0a0000580b0000630b0000130d00009a0d00003a0f0000b8100000e5100000331200004512000046120000
54130000861300008c1300009b130000e8130000ef130000f113000018140000191400002a1500002d150000dc150000
401700005b1700005f1700006e17000070170000d81a0000381c0000ac1c0000b11c0000b81c0000c81c000022200000
3e200000bd200000d120000040210000fd2100000022000004220000182200001e22000051270000a02800008b290000
952900009e2900006f36000091360000fe360000263700004e37000057370000bb370000ff370000073800008c380000
6f3b0000243c0000983c0000f53c0000fc3c0000293d00002a3d0000243e0000633e00007b3e00006a00000067020000
0a030000d20300003e05000091060000120700004607000090080000cc080000d2080000fa0800003f0a0000670a0000
690a0000a20a0000d90a0000e90a0000110b0000130b0000150b00005b0b0000640b00009a0c0000410d0000750e0000
d0100000561300005a130000ab130000af1300008315000030160000751600004f1700009a1700009d170000a1170000
ad1a00008f1c0000911c0000931c0000df1f0000e21f00008220000086200000c9210000ce210000d4210000d7210000
dd2100004f270000522700009f280000a12800008a2900008e29000094290000962900009b290000d22900005f360000
8836000094360000f03600000a37000061370000b4370000eb370000f03700008b3800008f3800001c3b00006b3b0000
a23b0000b23b0000dc3b0000e03b0000273c0000b03c0000d33d00007a3e00007e3e0000200000005b000000ed000000
35010000ad010000b6010000bf010000c3010000450200004c02000069020000f202000082060000c1060000fd060000
0107000014070000f6080000150900003a0d00000e12000000150000811500008215000074160000af1a000006200000
1a2700001c2700005727000062270000a5280000b02800001d0000003b000000c7000000d5000000ee000000f3000000
4c0100005301000097010000ae010000b9010000cb010000e1010000f10100000402000099020000e602000000030000
400300004a0300008803000096030000eb030000090400006904000073040000f60400001e0500007a05000081050000
92050000470600004b060000a5070000aa070000b1070000b4070000cf070000ed070000f0070000f60700007c080000
b1080000c30800001a09000026090000400900006d09000078090000af090000b6090000ba090000720b00007c0b0000
850b00009a0b0000bd0b0000c30b0000f70b00007f0c0000b10c0000ba0c0000000d00000b0d00002b0d0000390d0000
4a0d0000640d0000b10d0000b40d0000d90d0000dc0d0000170e0000260e00002f0e0000470f0000680f0000d60f0000
ff0f0000031000005a1000005f100000611000003e1100007111000073110000ec110000fc1100001912000062120000
a5120000461400004e14000051140000551400005e14000064140000931400009d1400001e1500004215000080150000
861500008915000023160000b0160000b2160000b3160000d7160000ed160000fc160000d0180000d4180000001b0000
341b0000491c0000f41c0000f91c00008b1d00008d1d0000d81f0000f21f00000d200000682000006a2000006a210000
8e21000096210000b2210000b9210000332200003a2200004322000045220000932200009d2200009e22000000230000
0223000011230000392300004423000077230000ca250000e7250000ec25000010270000142700003527000075270000
76270000ac2700005328000057280000e8280000ed28000005290000252900003b29000060290000102a0000112a0000
ae2a0000112b0000152b00007a2b0000602c0000452d00009c2d00004033000045330000cc3300007234000021350000
d53500002f3600003836000052360000a2360000d6360000a9370000d2370000e0370000e73700000c3800002a380000
3138000078380000bd010000fb060000d50a0000d60a00005f150000651600008317000084170000e71c0000c2210000
7a3600005d3700009e3b0000bc3d0000a5010000c80800005a150000e3160000211b0000dd1f00001000000068000000
ef020000030300008f0600003f0700000600000037000000b3000000f2010000f4020000100300004103000075050000
7605000030080000390800003f08000065080000290900004b090000750b00007d0b0000071500004515000096150000
c7160000ef160000a9170000ad170000d1220000aa2300001e2a0000d32b000058330000fb3500003b3600003a370000
66000000bd010000670200000a030000d00300003e0500008d060000fb060000120700004607000098080000fa080000
1209000016090000570a0000590a00005a0a0000ba0a0000d50a0000d60a0000110b0000130b0000150b00004f0b0000
530b00005b0b0000640b00008e0c0000410d0000d01000002e13000036130000ab130000af130000fa14000001150000
5f15000083150000be1500003016000065160000751600003b1700003c1700004f170000501700005117000083170000
841700009a1700009d170000a1170000ad1a00008f1c0000911c0000931c0000e71c0000c2210000dd2100004f270000
522700009f280000a12800008a2900008e29000094290000962900009b290000d22900005d3600007a36000088360000
94360000e63600000a370000463700004c3700005d37000061370000b43700008b3800008f3800002c3b0000833b0000
9e3b0000dc3b0000e03b00001b3c00001f3c0000273c0000b03c0000bc3d0000d33d00007a3e00007e3e000029000000
65000000fc00000039010000a5010000450200004c02000069020000f1020000f202000005030000060300008c060000
c5060000140700004107000042070000c8080000f6080000150900003a0d00000e120000001500005a15000081150000
8215000074160000e3160000af1a0000211b0000dd1f0000062000001a2700001c2700005727000062270000a5280000
b0280000d10000000d010000b1010000e8010000f1010000400300007b040000b0050000b40500009c080000dc080000
26090000b2090000b6090000720b00007c0b0000e50c0000870d0000910d0000db0d0000ea0d00003510000037100000
a3110000a9110000ae110000361200007c120000321500005c1500006915000002160000d3160000e91600001c170000
1e1700004218000055180000e41a00001d1b0000351b0000dd1b0000641c0000fa1c0000001d00001c1d0000d11f0000
54200000f72000002f22000044220000582200009d22000036230000762300000226000018260000102a00008b2e0000
002f0000f23300000836000038360000b43600004838000060380000080000002b0000004a0000007600000078000000
c8000000fe0000007e010000f201000096020000a5020000ec020000f802000041030000470300007e030000ac030000
11050000890500008b05000095050000430600004a0600004e060000780700007a0700008f070000730800007f080000
29090000600900007509000089090000750b00007d0b0000820b0000980b0000b90b0000c20b0000f50b0000050c0000
700c0000d0110000241500004515000096150000cb160000ef160000a9170000ad1700009122000094220000d1220000
aa230000c9250000cd2500001e2a0000d32b0000632c0000cc2c0000273300003b360000963600003a3700000a380000
0f380000a70a0000de0a0000770e0000f40e000058130000871300009d130000ad130000c0130000e3130000f0130000
32160000871700009f1700006c1b0000a51b0000b41c0000ba1c0000ec1c000084200000cc210000e8210000ec210000
8c290000a6290000f2360000ff3600000c370000153700002137000063370000c2370000cf370000ee3700008d380000
703b0000a73b0000993c0000b23c0000c53c0000ef3c0000fd3c0000c03d0000d63d00007c3e000037010000c1010000
c3060000ff060000170d00009a0d0000bb100000e5100000101200001412000031120000601500008415000066160000
76160000da1a0000092000000a2000005a270000a82800000803000044070000371c00003d20000089010000fd020000
520300001a05000048060000500600006a0900008e0900008d0b0000fa0b0000a50d000072110000d21100001a120000
df120000e9120000cd160000f1160000ab1700007d1b00002c1c00003d1c00004a1c00006e1c0000f51c00000f200000
3a200000132100006b21000079230000b5230000cb2500007b2b0000d82b0000ce2c00001c2f00002235000098360000
3c3700009f370000aa3700000d3800005f000000c40100006a02000086060000020700001507000090080000f7080000
0f090000160900009a0c0000e40d000003110000fd14000001150000b01a0000212000003f2100005827000063270000
a6280000b12800003f0000001d0100004f010000e501000052030000560300009a030000f30300000004000074040000
9b0400001f050000250500007e05000093050000c4050000d305000048060000ad070000b3070000cd07000035080000
7d080000b80800001b0900002309000027090000b3090000bb090000730b00008d0b0000910b0000fa0b0000fc0b0000
b90c00002d0d0000ec0d0000230e0000da0e0000040f00000010000042110000a5110000af110000e7110000f9110000
fd1100001e120000551200005a120000a6120000b9120000371400003c140000521400009a1400000a15000022150000
9c150000a7150000eb150000ef1500008a160000d4160000fd160000b3170000be170000c9170000cd170000371b0000
fc1c00001d1d00000120000026200000b12000000321000073210000762100008f210000a8210000a522000009230000
21230000cb250000e5250000f625000019260000252600002c26000078270000b427000054280000e928000006290000
262900003c29000063290000132a0000a92a0000b32a0000612c0000812c00000c2f00003e330000d0330000f3330000
6a34000026350000d63500003036000039360000a3360000c6360000cd360000d33700000d380000273800003c380000
613800006d380000743800007938000066000000c40100006a020000080300008d060000020700001507000044070000
87080000c9080000d2080000f70800009e0c0000e40d000003110000b01a0000371c0000e01f0000e21f000021200000
3d2000003f2100005827000063270000a6280000b1280000580d00001b0e0000d30e0000740f00005d1000004a120000
57120000ba120000c0120000391400004a1400009514000040150000091700009b2100000b230000ea2500003b270000
cd2700005d280000732800004c290000aa2a0000c22f0000be360000ca360000d73700002f3800004f0100008d010000
5f020000f8030000c30400001806000020060000ad070000cd0700006e0900009009000036100000db110000e7110000
3712000068150000011600001d17000020170000e61a0000291c0000461c00004a1c0000651c0000f51c000079230000
7b2b0000b62c00003e330000a1360000b5360000a7370000aa370000b427000054280000262900006329000079380000
e50100005203000074040000b3090000bb0900008d0b0000fa0b0000361000003712000068150000011600001d170000
20170000e61a0000461c00004a1c0000651c0000f51c00008f21000079230000cb250000b42700005428000026290000
632900007b2b0000b5360000a7370000aa370000d33700000d3800007938000002040000cf040000c4050000a6070000
a6080000b20800000b090000e3090000b30c0000f10c0000a50d00003f11000081120000df120000e9120000a51a0000
fc1a0000371b00007b1b0000bb1b00002c1c00006e1c0000711c0000fc1c00001d1d0000ae21000019260000772e0000
cd330000123600009f370000de370000613800004f0100008d0100005f020000f803000002040000c3040000cf040000
c40500001806000020060000a6070000ad070000cd070000a6080000b20800000b0900006e09000090090000e3090000
b30c0000f10c0000570d0000a50d0000190e0000d20e0000730f0000361000005c1000003f110000db110000e7110000
37120000491200005512000081120000b9120000bf120000df120000e91200003714000048140000941400003f150000
6815000001160000081700001d17000020170000a51a0000e61a0000fc1a0000371b00007b1b0000bb1b0000291c0000
2c1c0000461c00004a1c0000651c00006e1c0000711c0000f51c0000fc1c00001d1d00009a210000ae21000009230000
79230000e8250000192600003a270000cb2700005c2800007228000048290000a92a00007b2b0000b62c0000772e0000
c12f00003e330000cd33000012360000a1360000b5360000bd360000c63600009f370000a7370000aa370000d6370000
de3700002b380000613800001f050000480600001b09000027090000730b0000a50d0000df120000e912000022150000
fd160000fc1a0000371b00007b1b00002c1c00006e1c0000711c0000fc1c00001d1d0000ae210000a522000019260000
b4270000542800002629000063290000132a000030360000393600009f370000de3700006138000079380000ad130000
201400005c170000e82100002e280000bf2900000c3700004f3700009f380000b23c0000313d0000a03e0000e60d0000
05110000101200000920000060270000ae2800003a0100006e020000c606000019070000371c00003d20000089010000
6b030000a10400006a0900008e090000a60b0000030c0000a50d0000d21100005a120000df120000e91200003c140000
e51800002c1c0000511c0000031d00005c200000372200005b2200002123000080230000dd25000003260000b32a0000
7f2b000098360000cd3600009f370000b13700001f3800004938000087080000fe0800009e0c0000e4160000b41a0000
221b00003a0100006e020000c60600001907000087080000fe0800009e0c0000e40d0000031100000f120000e4160000
b41a0000221b0000371c0000072000003d2000005f270000ad280000f1040000b10500009d08000039090000a60b0000
ed0c0000310e000036100000371200007f120000601400009e140000f1160000ab170000e61a00003e1b00008b1b0000
651c0000031d0000211d0000be220000b5230000ed250000202600001c2a0000d82b0000093600004b360000b5360000
3c3700003238000068380000460400003c050000a70a0000590b00003b0f000058130000871300009d130000ea130000
f01300002014000024140000dd150000441700005c1700006f170000ad1c0000ba1c0000ca1c0000be200000d2200000
01220000192200008c290000a62900007036000092360000ff360000273700004f37000058370000bc37000000380000
083800008d380000703b0000253c0000993c0000f73c0000fd3c0000313d0000353d0000263e0000653e00007c3e0000
91080000130900009b0c0000170d0000990d0000e60d0000e70d0000bb100000e4100000051100000611000034120000
fe140000db1a0000f41a0000061c000022200000402100005a270000a82800005f00000036010000c0010000c4010000
6a02000086060000c2060000fe0600000207000015070000f7080000160900000f120000011500008315000075160000
b01a0000072000005827000063270000a6280000b12800003f00000055010000cd010000e5010000520300009a030000
ef0300000a0400006d04000074040000f70400001f0500007e0500009305000048060000a6070000b3070000d0070000
ef070000f70700007d080000b2080000c40800001b09000027090000410900006e090000b3090000bb090000730b0000
8d0b0000be0b0000fa0b0000810c0000b30c00002d0d0000de0d0000190e0000310e0000480f00006c0f0000d70f0000
001000005c100000621000003f11000072110000ed110000fd1100001a12000063120000a61200004814000052140000
60140000941400009e140000221500008815000025160000b1160000b4160000d8160000ee160000fd160000d1180000
d51800004a1c0000f51c00000f2000006b2100008f21000097210000b3210000ba210000342200003b220000a5220000
a9220000132300003b2300004623000079230000cb250000e8250000ed25000078270000b427000054280000e9280000
06290000262900003c29000063290000132a0000152a0000af2a0000122b0000162b00007b2b0000612c0000462d0000
9d2d00004133000046330000cd3300007334000022350000d6350000303600003936000053360000a3360000d7360000
aa370000d3370000e1370000e83700000d3800002b3800003238000079380000c9080000e4160000221b0000e01f0000
660000003a0100006a020000080300000a0300008d060000c6060000150700004407000046070000c9080000f7080000
160900000f120000011500008315000075160000e4160000b01a0000221b0000e01f0000072000005827000063270000
a6280000b12800007c040000b10500009d080000dd08000027090000b3090000730b0000ed0c0000ec0d000036100000
a5110000af110000371200007f12000003160000d4160000ea1600001d170000e61a00001f1b0000371b0000de1b0000
651c0000fc1c00001d1d0000d51f00005c200000f8200000372200005b220000a52200000326000019260000132a0000
8c2e0000012f0000f33300000936000039360000b53600004938000061380000b10500006a090000810a0000ca0a0000
400b0000a60b00006e0c0000ed0c00001b0d0000040e0000080e0000310e000036100000df1200002d13000032130000
631300007b130000ca130000d9130000e6130000f713000000140000111400003c140000601400008f170000ab170000
b0180000041a00002a1a00004f1a0000d11a0000e61a00003e1b0000911b0000ae1c0000b01c0000bd1c0000c11c0000
d81c0000e31c0000031d0000341f0000441f0000551f00005a1f0000771f00007f1f00002422000037220000be220000
33230000b5230000e5360000f5360000183700001e370000823700008e37000097370000bd370000c3370000cc370000
483b0000933b00000c3c00009a3c0000d03c0000d23c0000e23c0000f23c0000043d0000c83d0000f33d0000353e0000
d1000000f20000002c0100003f01000000020000bd020000b9060000cb06000030070000020d0000150d0000870d0000
8c0d0000980d00009b0d0000ae0d0000af0d0000b40d0000e3100000e610000022120000251200004615000072150000
6d160000581800009b190000401c0000741d0000751d0000781d0000891d0000b21d00004a200000f0010000b5020000
54180000af1d000064010000a2010000aa020000d1020000e4020000fc0500002c06000036060000ca090000fa090000
060a0000c80c0000850d00009d0d0000c40d00005915000030190000831900008c190000d9190000de1a0000ed1a0000
121b00001a1b0000d21b0000411c0000431c0000751c00003d1d0000641d00007a1d0000ac1d0000b41d0000c81d0000
721e0000121f00008f2300000e270000c02c0000ce2e0000e034000014360000b83600006537000072370000a4370000
2700000067000000d7000000fe000000a3010000a7010000be0100009d020000e9020000f40200000d0300008e060000
fc060000490700008308000093080000ca080000e6080000170900008f0c0000a10c00005d0d0000bc0d0000fb140000
6b150000db160000411800004f1d00008e1d0000bb1d00009d1e0000e51f00001327000055270000a4000000d3000000
f80000000f0100004a0100005c01000099010000d50100004f020000c90200002003000070030000a9030000a2040000
b2050000b6050000cd0500008d060000fb06000044070000a7070000a9070000b6070000ba0700000908000020080000
71080000b3080000b9080000c9080000d3080000f1080000120900001e0900006f0900007a09000093090000a70b0000
ab0b0000040c0000730c0000ae0c0000c00c0000fd0c0000230d0000370d0000850d0000b60d0000c40d0000cb0d0000
d30d00000c0e0000140e0000370e000022100000481000003d11000043110000d3110000fa110000261200002d120000
cb120000f1120000381400003f140000581400006614000090140000a114000012150000591500007615000099150000
a1160000a9160000c3160000df160000ac170000b0170000c717000067190000661a0000ed1a00005c1d00006c1d0000
7a1d0000811d0000931d0000c01d0000d71d0000241e00005e1e0000bf1e0000d01e0000d31e0000df1e0000fc1e0000
961f0000b41f0000f81f00004d2000006c20000092210000ab2100003c2200004722000060220000c3220000fc220000
0423000027230000382300009e230000c5230000de250000e9250000f925000004260000142600002d26000024270000
8e2700007b2c0000c22e0000cb330000d1330000ea330000db340000e4340000ea340000063600001e36000033360000
99360000a8360000b0360000ce360000203800002c3800003f3800004a3800005b380000753800008438000006000000
0b000000560000006d000000df000000a3010000be010000f00100008e02000092020000a5020000b5020000e9020000
0d0300007d06000094060000fc06000049070000e1080000e8080000910c00005d0d0000bc0d00006b150000db160000
4118000054180000481d00004a1d0000511d00008e1d0000af1d0000bb1d00009d1e00001327000055270000eb000000
6e01000092010000ab010000ae020000fa030000eb040000000600003006000038060000bd0600008c080000ab080000
6c0900007309000092090000850c0000c90c0000010d00000c0d0000340d0000380d00003e0d0000860d00008b0d0000
a00d0000a80d0000b70d0000bb0d0000c50d0000080f00002a0f00000210000004100000231000002610000049100000
4d100000e41000008311000093110000d9110000dd110000ff11000027120000291200002a120000331200003b120000
aa120000e1120000e2120000eb1200005b1500007b1500007f1500001316000015170000251700002817000031190000
8d190000aa190000ae190000591a0000d51a0000df1a00001b1b00008c1b00002e1c00002f1c0000441c0000761c0000
651d00007d1d0000841d0000851d0000ad1d0000b91d0000c91d0000731e0000c91e0000fe1e0000ff1e0000891f0000
9a2300000f270000aa2b0000c22c0000cf2e0000e2340000183600009f360000a5360000b1360000b3360000ba360000
7037000073370000a1370000d1020000e4020000ca090000fa090000060a000083190000d9190000ed1a0000121b0000
d21b0000411c00003d1d0000b41d0000121f000065370000a43700001900000044000000cb000000ea00000020010000
61010000b5010000ea0100004002000048020000ce020000e1020000e8020000020300004403000062030000a4030000
f903000075040000a6040000200500007f0500008305000094050000bf050000c7050000490600004d060000b5060000
8008000082080000a3080000a7080000f20800001c0900002a090000b4090000b8090000bc090000c9090000f7090000
760b00007f0b0000920b00009d0b0000ff0b0000d00c0000f50c0000cb0d0000d30d0000df11000082120000cb120000
f1120000fb12000027150000fe1600008f190000d11900005f1a0000401d00006c1d0000971d0000d01d0000141e0000
531e0000051f0000081f00008f1f0000b01f0000da1f00001c2000004520000090210000a921000097220000b5220000
8c230000ce2500000d2600000c2700001227000037270000c427000055280000592800002729000068290000182a0000
622c0000bb2e00000f36000013360000313600003c36000069370000d4370000db37000010380000533800007a380000
260000004f000000920000009b000000c3000000d30000000f010000a2010000b5010000ea0100004002000048020000
aa020000b3020000c2020000d1020000e402000062030000ab03000075040000a5040000860500008e050000b2050000
b6050000fc050000030600002c060000350600007c0600008406000002080000190800006a0800006c0800006e080000
9e080000ea080000ed080000ee0800004f090000b4090000b8090000bc090000ca090000fa090000060a0000920b0000
9d0b0000ff0b0000fd0c0000cb0d0000d30d000084120000cb120000f1120000fb120000831900008f190000d1190000
d91900005f1a0000ed1a0000121b0000d21b0000411c00003d1d0000581d0000641d0000681d00006c1d0000971d0000
b41d0000d01d0000141e0000bd1e0000f11e0000f31e0000051f0000081f0000121f00008f1f0000b01f0000da1f0000
1c2000004520000090210000a9210000972200008c230000ce2500000d2600000c2700001227000037270000c4270000
55280000592800002729000068290000d934000000360000023600000a36000022360000253600006537000069370000
a4370000d4370000db37000010380000533800007a3800006a090000ca0a0000400b0000a60b00006e0c0000080e0000
df1200002d13000032130000ca130000f7130000001400003c140000b0180000041a00002a1a0000d11a00003e1b0000
911b0000ae1c0000b01c0000d81c0000e31c0000031d0000341f0000551f00005a1f0000771f00002422000037220000
be22000033230000e536000018370000823700008e370000bd370000cc370000933b00000c3c0000d23c0000043d0000
f33d0000353e0000f20000003f01000000020000bd020000cb060000300700008c0d00009b0d0000af0d0000e6100000
22120000581800009b190000401c0000781d0000891d0000b21d00004a2000002700000067000000d7000000a7010000
9d020000e90200000d0300008e0600004907000083080000ca080000e6080000a10c00006b150000db1600004f1d0000
bb1d0000e51f0000a4000000d3000000f80000004a01000099010000d50100004f020000c90200002003000070030000
a9030000a20400008d060000fb06000044070000a7070000a9070000090800002008000071080000b3080000c9080000
d3080000f1080000120900001e0900006f0900007a09000093090000a70b0000ab0b0000040c0000730c0000c00c0000
370d0000b60d0000d30d0000370e0000221000004810000043110000d3110000261200005814000066140000a1140000
121500005915000076150000a1160000a9160000c3160000df160000661a0000ed1a00005c1d0000811d0000c01d0000
d71d0000241e0000bf1e0000df1e0000fc1e0000961f0000b41f0000f81f00006c200000922100003c22000047220000
60220000c3220000fc220000382300009e230000de250000e9250000042600001426000024270000d1330000db340000
ea340000063600001e3600003336000099360000b0360000203800002c3800004a3800005b380000bd00000047010000
8d010000fd0200003603000083030000d10300004a040000b80400003d0500007e05000048060000a6070000b3070000
ef0700006e090000b30900004b0a0000600a00006d0a00007e0a0000870a0000ac0a0000b40a0000ce0a0000e30a0000
ee0a0000f30a0000080b00002e0b0000370b0000480b00005a0b00005f0b0000730b00008d0b0000be0b0000b90c0000
080d0000490d0000230e0000780e0000180f0000001000005c1000007211000050130000591300005d13000073130000
8413000089130000a2130000ae130000b2130000d5130000031400000914000011140000281400004814000052140000
601400003f15000088150000da15000033160000b1160000541700006a17000072170000a0170000a4170000f3190000
101a0000121a00002f1b0000d11c0000dc1c0000f51c0000221f00002b1f00002f1f00003f1f0000441f00004d1f0000
5d1f0000631f0000731f0000d51f0000ed1f000059200000602000008520000087200000c7200000c9200000cd210000
cf210000d2210000da210000f82100000b2200000e2200002122000028220000342200003b22000089220000f1220000
f8220000322700007027000054280000e92800008d2900008f2900009229000098290000b6290000e22900005e360000
6536000075360000813600008736000093360000f3360000fc3600000d3700001c37000055370000643700007d370000
8437000086370000c9370000ef370000f137000002380000053800008e38000090380000243b0000453b0000753b0000
7d3b0000ac3b0000b73b0000bd3b0000d23b0000033c0000263c0000953c0000b33c0000de3c0000143d0000223d0000
393d0000d73d00002e3e0000483e00004e3e00007d3e00007f3e00001700000061000000e0000000ec00000002010000
38010000ac010000b1010000c2010000c6010000fa0100008f020000a6020000ba020000ed02000088060000c4060000
00070000040700002d0700008808000096080000e0080000e908000014090000980c0000a00c0000030d0000180d0000
3b0d0000630d0000650d0000b20d0000c00d0000c20d0000d50d0000e80d0000bc100000f4100000f610000007110000
1112000024120000031500008015000085150000771600004418000045180000571800003e1c00004d1d00004e1d0000
771d0000901d0000911d0000b11d00009f1e0000a01e00000c200000172700001d2700005d27000068270000ab280000
b62800000b0000006d00000092020000e90200000d0300009406000049070000e10800006b150000db160000511d0000
bb1d0000260000004f000000920000009b000000c3000000f80000006801000099010000a20100004002000048020000
c2020000d5020000e4020000e8020000020300003c030000620300008e030000ad030000a80400002605000086050000
8e05000096050000490600004d060000510600007c06000084060000b706000002080000190800006c0800006e080000
7e08000087080000a9080000ee080000f5080000280900006f0900007a09000093090000cc090000fe090000740b0000
790b0000920b00009d0b0000b10b0000c90b0000ff0b00000a0c0000730c0000de0c0000370d0000b60d0000f20d0000
221000004810000003110000d3110000e411000026120000421200004c1200002715000037150000591500007a150000
7e15000099150000f0150000ce160000cf160000e1160000f21600001417000024170000ac170000b01700005f1a0000
6a1a0000461d0000581d0000811d0000b81d0000d01d0000df1d0000551e0000761e0000bd1e0000fc1e00008f1f0000
9e1f0000b01f0000b61f00008f22000097220000e12200008c23000093230000c5230000cc250000ce2500000d260000
0f2600000c27000012270000232a0000dd2b0000642c0000cf2c0000bd2e0000d02e0000d93400000236000016360000
3a36000099360000b0360000c03600003d3700000e380000103800005338000056380000500d0000f50d0000d1100000
051100001012000016120000451200004e12000038150000d0160000182000009f2100009e270000df270000ae280000
38290000ad360000c23600008a380000680100007a0100007a020000ca040000b7060000c60600001907000087080000
98080000a9080000af080000fe08000008090000cc0c0000de0c00009d0d0000de110000e41100006315000065160000
e4160000e7160000c01a0000de1a0000f71a0000261b0000051c0000261c0000371c00003a1c0000471c000041200000
af210000163600001c3600002d360000b836000036370000a23700008e27000084380000d501000020030000fb060000
44070000c9080000d3080000120900001e0900009d0d0000121500006315000065160000c3160000e4160000e7160000
de1a0000f71a0000261b0000051c0000371c00003a1c0000471c0000f81f00004120000092210000af2100008e270000
1e36000033360000b836000036370000a237000084380000680100007a0100007a020000ca040000b7060000c6060000
190700008708000098080000a9080000af080000fe08000008090000cc0c0000de0c00004f0d00009d0d0000f20d0000
d010000003110000de110000e41100000f12000015120000421200004c120000371500006315000065160000cf160000
e4160000e7160000c01a0000de1a0000f71a0000261b0000051c0000261c0000371c00003a1c0000471c000015200000
412000009d210000af2100009d270000de270000ad28000037290000163600001c3600002d360000ac360000b8360000
c036000036370000a23700008938000073010000d9010000f10300006f040000c3060000ff06000091080000ae080000
cd080000d5080000d70c0000260d00002a0d0000500d0000540d00009e0d0000a10d0000d80e0000280f0000b8100000
bb100000d1100000d4100000e2100000e5100000e3110000021200000412000010120000141200001612000018120000
31120000341200003a1200003c120000641500008c150000ff150000271600006616000076160000e5160000e8160000
ec160000e11a0000e21a0000271b0000301c0000311c0000481c0000f91f00001820000019200000932100009f210000
a02100008f27000099270000a0280000a828000031290000352900001b36000020360000aa360000ad360000af360000
b9360000bb3600003737000039370000853800002003000044070000120900001e09000012150000c3160000f71a0000
051c0000371c00003a1c000041200000af21000033360000a23700009f000000ac00000072010000de01000073020000
760200001d03000024030000a3030000f00300007904000021050000230500008606000091060000c206000002070000
12070000150700004307000046070000700800007208000090080000ad080000d2080000d6080000f7080000fa080000
05090000060900000f090000160900001d09000020090000d60c0000f20d000003110000e2110000421200004c120000
151500001b15000037150000c4160000c6160000cf160000b91a0000bc1a0000231c0000241c0000fc1f000029200000
b22000003f21000094210000a52100008b2700009227000096270000a52700009f280000a1280000a6280000b1280000
30290000322900003329000039290000053600001a360000213600002a3600002b3600003236000035360000c0360000
d93700008338000086380000a400000068010000d5010000de010000730200007602000020030000a903000079040000
8d060000b7060000fb060000020700001207000015070000440700007108000087080000a9080000c9080000d2080000
d3080000d6080000f7080000fa0800000509000006090000120900001e090000de0c0000f20d000003110000e4110000
421200004c1200001215000037150000c3160000cf160000b91a0000bc1a0000f71a0000051c0000231c0000241c0000
371c00003a1c0000f81f0000fc1f00002920000041200000b22000003f2100009221000094210000a5210000af210000
8b2700009227000096270000a52700009f280000a1280000a6280000b128000030290000322900003329000039290000
06360000163600001e360000213600002a3600002b36000033360000c0360000a2370000d93700008338000086380000
500d0000f50d0000d1100000051100001012000016120000451200004e12000038150000d0160000182000009f210000
9e270000df270000ae28000038290000ad360000c23600008a3800007a0100007a020000ca040000c606000019070000
98080000af080000fe08000008090000cc0c0000de110000c01a0000f71a0000051c0000261c0000371c00003a1c0000
41200000af2100001c3600002d360000a2370000680100007a020000ca040000b70600001907000087080000a9080000
fe08000008090000de0c0000e41100006315000065160000e4160000e7160000c01a0000261b0000261c0000471c0000
163600002d36000036370000680100007a0100007a020000ca040000b7060000c6060000190700008708000098080000
a9080000af080000fe08000008090000cc0c0000de0c00004f0d0000f20d0000d010000003110000de110000e4110000
0f12000015120000421200004c120000371500006315000065160000cf160000e4160000e7160000c01a0000f71a0000
261b0000051c0000261c0000371c00003a1c0000471c000015200000412000009d210000af2100009d270000de270000
ad28000037290000163600001c3600002d360000ac360000c036000036370000a2370000893800007301000021030000
f103000022050000c30600004507000091080000ae080000130900001f090000d70c0000260d00002a0d0000a00d0000
a10d0000f50d0000f60d0000280f0000770f0000b8100000bb100000e4100000e51000000511000006110000e3110000
021200000412000033120000341200003b1200003c12000045120000461200004e1200004f1200001615000038150000
3c150000c5160000d0160000d2160000df1a0000e21a0000f81a0000791b0000061c00002f1c0000311c0000381c0000
3b1c00002a20000042200000b320000040210000a6210000b02100008f27000099270000a0280000a828000031290000
352900001b36000034360000aa360000ba360000bb360000c2360000c3360000a3370000da370000853800009f000000
ac00000072010000d8010000de010000730200007602000024030000a3030000f00300006e0400007904000023050000
8606000091060000c2060000fe06000002070000120700001507000046070000700800007208000090080000ad080000
cc080000d2080000d4080000d6080000f7080000fa08000005090000060900001609000020090000d60c00004f0d0000
d0100000e21100000f120000151200001b1500008b1500002616000075160000c6160000eb160000b91a0000bc1a0000
231c0000241c0000f51f0000fc1f00001520000091210000942100009d2100008b2700009227000096270000a5270000
9f280000a1280000a6280000b128000030290000322900003329000039290000053600001a3600001f36000021360000
2a3600002b36000035360000ac360000383700008338000086380000d5010000fb060000c9080000d308000063150000
65160000e4160000e7160000261b0000471c0000f81f0000922100001e36000036370000a40000007a010000d5010000
73020000760200002003000024030000a9030000230500008d060000c6060000fb060000120700001507000044070000
460700007108000098080000af080000c9080000d3080000f7080000fa08000005090000060900001209000016090000
1e09000020090000cc0c00004f0d0000d0100000de1100000f12000015120000121500001b150000631500008b150000
261600006516000075160000c3160000c6160000e4160000e7160000eb160000b91a0000bc1a0000261b0000231c0000
241c0000471c0000f81f000015200000922100009d2100008b2700009227000096270000a52700009f280000a1280000
a6280000b128000030290000322900003329000039290000063600001c3600001e3600002a3600002b36000033360000
35360000ac36000036370000383700008338000086380000480600006a090000ca0a0000370b00005f0b00008d0b0000
6e0c0000490d000072110000df1200002d13000032130000ae130000b2130000f71300002215000094150000bd150000
4c17000054170000771700008f170000ab170000f3190000d11a0000fc1a00002f1b0000831b00006e1c0000ae1c0000
b01c0000cd1c0000cf1c0000d11c0000dc1c0000f51c0000221f0000731f00007f1f0000f82100001c22000089220000
e53600000d3700004b370000593700007d370000bd370000c8370000c9370000933b0000033c00002b3c0000b33c0000
043d0000b03d0000293e00002e3e0000f20000003f010000fa010000ba020000e60200000c030000cb0600002d070000
480700003b0d00008c0d00009b0d0000e6100000111200006c150000dc16000057180000f11a0000391c00003e1c0000
b11d0000bd1d00000c2000003f200000120000002f000000620000006b000000d7000000b8010000030200008b020000
92020000be02000089060000920600003107000083080000cf080000df080000e1080000a10c00009a1900004b1d0000
511d0000881d0000e31f000048200000260000004f000000920000009b000000c3000000d30000004a0100007a010000
a2010000b5010000d20100004002000048020000aa020000c2020000d1020000e40200006203000086030000ab030000
75040000a5040000860500008e050000fc0500002c0600007c06000084060000c6060000a7070000a9070000f2070000
f407000002080000190800006a0800006c0800006e08000098080000af080000b3080000da080000ea080000ee080000
4f090000ca090000fa090000060a0000920b00009d0b0000bf0b0000c10b0000ff0b0000080c0000c00c0000cc0c0000
4f0d0000d30d0000370e0000d010000043110000de1100000f120000151200005814000066140000a114000067190000
831900009e1900005f1a00006a1a0000ed1a00003d1d0000581d0000641d0000931d0000d01d0000df1d0000141e0000
bd1e0000d01e0000f11e00008f1f00009e1f0000b01f0000b61f0000f01f0000152000001c2000004d20000064200000
612100007f2100009d210000352200003f2200005e22000097220000e5220000fc220000492300008c23000093230000
ce250000e2250000e9250000092600000d2600000f2600000c27000012270000d1330000d93400001c3500002b350000
00360000023600001c36000022360000ac3600006537000010380000243800002c3800004f3800005338000056380000
380d0000b70d0000ce0d0000d60d0000231000004910000027120000cd120000f4120000fd120000901900006d1d0000
841d0000fe1e000025270000492700008f27000099270000bd270000e3270000632800006b280000a0280000a8280000
2d290000312900003529000067290000b13600006a3700008038000085380000f8000000990100004f02000076020000
86020000cd04000015070000fa080000060900006f0900007a09000093090000e4090000e6090000f0090000730c0000
d3110000d9190000aa1a0000b91a0000ed1a0000121b0000d21b0000221c0000231c0000411c0000b41d0000121f0000
2b360000993600009d370000a4370000d30000000f0100004f0200006402000073020000cd040000b2050000b6050000
1b0600001d060000120700009e080000f70800000409000005090000fd0c0000841200005915000030190000a5190000
bc1a0000cc1a00001a1b0000241c00005b1c0000751c00007e1c0000ac1d00000a360000293600002a3600006d370000
d3000000f80000000f010000990100004f02000064020000730200007602000086020000cd040000b2050000b6050000
1b0600001d06000012070000150700009e080000f7080000fa0800000409000005090000060900006f0900007a090000
93090000e4090000e6090000f0090000730c0000fd0c0000370d0000b60d0000cb0d0000d30d00002210000048100000
d31100002612000084120000cb120000f1120000fb12000059150000301900008f190000a5190000d9190000aa1a0000
b91a0000bc1a0000cc1a0000ed1a0000121b00001a1b0000d21b0000221c0000231c0000241c0000411c00005b1c0000
751c00007e1c00006c1d0000811d0000ac1d0000b41d0000fc1e0000121f000024270000482700008b27000096270000
bc270000e2270000622800006a2800009f280000a62800002c2900003029000033290000662900000a36000029360000
2a3600002b36000099360000b0360000693700006d3700009d370000a43700007f380000833800000a010000e5010000
360300008e040000b1050000b30900007c0a0000810a0000e60a0000ee0a0000f30a00002e0b0000730b0000900d0000
36100000a51100007b130000e4130000e6130000301400003115000068150000091600001d1700005d17000061170000
8a1700008c1700002a1a0000351a0000c11c0000df1c0000ef1c0000fc1c00002b1f00005a1f0000701f0000d2210000
24220000372200003323000071230000633600007f360000813600002237000050370000603700008e37000092370000
433b0000af3b0000bd3b0000f03c0000413d0000c33d0000f33d0000ff3d0000d8000000b90100008f02000085080000
d0080000e0080000a30c0000880d0000d80d0000e90d000008110000321200005d150000e61600009b190000a2190000
dc1a0000021b0000171b0000241b00004d1d0000891d0000e41f00004a200000120000002f000000620000006b000000
f00000003d010000f80100000302000092020000b8020000be020000e20200000b0300008906000092060000c9060000
2b0700003107000047070000e10800006b150000db160000511d0000bb1d0000260000004f000000920000009b000000
c3000000f80000005c01000068010000a20100004002000048020000aa020000c5020000d1020000e4020000e8020000
180300004403000092030000ab030000f504000020050000860500008e050000fc0500002c0600007c06000084060000
b7060000b6070000ba070000d1070000050800001c080000280800003608000038080000420800006a0800006c080000
6e08000087080000a9080000ea0800002a0900003e0900004f090000ca090000fa090000060a0000760b00007f0b0000
b30b0000cd0b0000ae0c0000de0c0000370d0000f20d00000c0e000003110000e4110000e8110000421200004c120000
56120000381400003f1400000f1500003715000059150000761500007e150000aa15000012160000a1160000a9160000
ca160000cf160000df160000f7160000b9170000c11700008319000087190000ad190000af190000581a00005a1a0000
3d1d0000551d0000641d0000c01d0000c51d0000cc1d0000df1e0000f11e0000871f00008c1f0000b5220000d9220000
2723000097230000a6230000bd2300000c27000012270000182a0000212a0000b62a0000a82b0000ae2b0000db2b0000
42330000513300005b330000ea340000003600000236000016360000223600003c36000050360000c0360000c7360000
42370000653700007137000074370000bd00000055010000fd0200001503000036030000d1030000470400003d050000
3f0500007e050000c405000048060000ad070000b307000035080000b30900004b0a0000600a00006d0a00009f0a0000
a80a0000ac0a0000c20a0000ee0a0000f30a00002e0b0000370b00003b0b00005a0b00005c0b00005f0b0000670b0000
730b00008d0b0000910b0000ab0c0000f10c0000080d0000570d0000010e0000080e00007b0e0000f10e000000100000
a5110000b91200002f130000381300005d130000651300007f1300008413000089130000a2130000bb130000c3130000
c8130000ca130000fb130000001400000914000030140000371400003c14000052140000311500004917000054170000
5d170000611700009217000098170000b3170000be170000b1180000c51800000219000004190000f3190000081a0000
1d1a0000351a00004e1a0000511a0000df1c0000fc1c0000221f00002b1f00003c1f0000471f00004d1f0000551f0000
701f00007c1f0000831f0000d51f00002620000085200000bf20000073210000cd210000d2210000f021000002220000
0622000089220000d62200001323000071230000b2230000b9230000322700007027000054280000e92800008d290000
8f2900009229000098290000b6290000e22900005e36000071360000813600009336000095360000e7360000f7360000
fc360000123700001637000018370000503700007d370000833700008a370000923700009637000099370000ef370000
013800008e38000090380000243b0000683b0000713b00008b3b0000b73b0000bd3b0000033c0000073c0000263c0000
283c0000953c0000c03c0000cf3c0000d23c00001a3d0000413d0000cb3d0000d13d0000ff3d0000663e00007d3e0000
7f3e00001700000061000000e4000000ee000000fa000000340100003c010000b1010000c6010000fa010000fb010000
8f020000ba020000bb020000ed020000f502000088060000c0060000c8060000040700002d0700002e07000092080000
e008000014090000180900009c0c0000030d0000180d00003f0d0000640d0000ac0d0000af0d0000c10d0000d80d0000
e90d0000bc100000f510000008110000131200002112000022120000ff14000003150000481500004915000073150000
741500006e1600006f160000a2190000021b0000171b00004d1d0000761d0000781d00000b2000001e20000023200000
41210000172700001d2700005d27000068270000ab280000b62800000b0000006d000000a701000003020000be020000
9406000031070000ca0800009a190000881d0000e51f000048200000260000004f000000920000009b000000c3000000
d30000000f0100007a010000a2010000b5010000ea0100004002000048020000b3020000c5020000e40200003c030000
440300008e030000ad0300007d040000f8040000860500008e05000096050000b2050000b60500000306000035060000
390600007c06000084060000c6060000050800001c080000280800006c0800006e0800007e080000980800009e080000
af080000de080000280900002a090000b4090000b8090000740b0000760b0000790b00007f0b0000b10b0000c90b0000
0a0c0000cc0c0000fd0c00004f0d0000cb0d0000d30d0000d0100000de1100000f1200001512000084120000cb120000
f1120000fb120000d6180000871900008e1900008f190000a0190000ad190000af190000d1190000581a00005a1a0000
ed1a0000551d0000681d00006c1d0000971d0000c51d0000cc1d0000051f0000871f00008c1f0000da1f000015200000
1c200000452000006c200000f9200000162100009d2100003c22000047220000602200008f220000b5220000e1220000
3823000097230000a6230000cc250000042600000c27000012270000182a0000232a0000a82b0000ae2b0000642c0000
c32c0000022f00001f2f000051330000023600000a3600001c3600003a3600003c360000ac3600006937000071370000
743700000e3800004a380000eb0000002101000065010000d2020000e5020000fa030000a7040000c0050000c8050000
b606000084080000a4080000a8080000f4080000cb090000fb090000d20c0000f60c0000010d00000c0d0000340d0000
8a0d00008b0d0000940d00009e0d0000c70d0000ce0d0000cf0d0000d60d0000d70d00002a0f00004c0f000002100000
04100000391000003a100000e210000085110000951100009d110000e0110000ff11000031120000391200003a120000
83120000aa120000cd120000ce120000f4120000f5120000fd120000fe120000e6180000901900009219000093190000
a8190000d2190000da190000611a0000e11a0000e91a0000ef1a0000131b0000d31b0000da1b0000301c0000671c0000
411d00006d1d0000711d00007b1d0000981d0000b51d0000d31d0000151e0000541e0000061f0000091f0000921f0000
b21f00001d20000046200000aa210000902300000e2600000f2700008a2e0000bc2e0000ec3300001036000015360000
a5360000b7360000b93600006a3700006c370000dc370000553800001900000044000000cb000000ea0000006c010000
91010000aa010000b5010000ea0100004002000048020000ad020000e8020000020300004403000062030000a4030000
f903000075040000e9040000200500007f0500008305000094050000ff0500002f06000037060000490600004d060000
bc060000800800008a080000aa0800001c0900002a090000680900007209000091090000b4090000b8090000bc090000
760b00007f0b0000920b00009d0b0000ff0b0000840c0000c50c0000370d0000b60d00002210000048100000d8110000
dc11000026120000271500007a1500007e15000012160000fe1600001417000024170000271700008b190000a9190000
ad190000581a0000611d0000811d0000b81d0000c51d0000fc1e0000871f0000da1f00009021000097220000b5220000
97230000ce2500000c2700001227000037270000c427000055280000592800002729000068290000182a0000a82b0000
622c0000c12c000017360000313600003c3600009e360000b03600006f37000071370000d4370000103800007a380000
a2010000aa020000fc0500002c060000ea0800005915000030190000a51900001a1b0000751c00007e1c0000641d0000
ac1d0000f11e0000223600006d370000260000004f000000920000009b000000c3000000f800000099010000a2010000
4002000048020000aa020000c5020000d1020000d5020000e4020000e80200000203000044030000ab030000f5040000
20050000860500008e050000fc0500002c060000490600004d0600007c06000084060000050800001c08000028080000
6a0800006c0800006e080000ea0800001c0900002a0900004f0900006f0900007a09000093090000ca090000cc090000
fa090000fe090000060a0000080a0000760b00007f0b0000730c0000370d0000b60d00002210000048100000d3110000
2612000027150000591500007a1500007e15000012160000fe1600001417000024170000271700003019000083190000
8619000087190000a5190000a9190000ad190000581a00001a1b0000751c00007e1c00003d1d0000461d0000551d0000
641d0000811d0000ac1d0000b81d0000c51d0000f11e0000fc1e0000871f0000b5220000972300000c27000012270000
37270000c427000055280000592800002729000068290000182a0000a82b000051330000003600000236000022360000
313600003c36000099360000b036000065370000683700006d3700006f370000713700007a3800000a0100006b030000
b7040000b10500007c0a0000810a0000040b0000400b0000a60b0000900d0000361000007b130000e4130000e6130000
111400006014000094150000771700008f170000ab170000eb180000121a00003c1a0000c11c0000e31c0000031d0000
341f0000441f0000771f00007f1f0000f822000080230000633600008636000022370000593700008637000095370000
433b0000ce3b0000f03c0000223d0000b03d0000063e0000d80000009e02000085080000e7080000a30c0000650d0000
880d0000c20d0000f6100000321200006c150000dc160000a4190000dc1a0000031b0000181b0000501d0000bd1d0000
2700000067000000f00000003d010000a7010000ff010000bc020000e90200000d0300008e060000c90600002f070000
49070000ca0800009a190000881d0000e51f000048200000a4000000d3000000f80000000f0100005c010000d5010000
4f020000c90200002003000070030000a9030000f2040000b2050000b60500008d060000fb06000044070000b6070000
ba070000d107000009080000200800002a080000710800009e080000c9080000d3080000120900001e0900003a090000
a70b0000ab0b0000ae0c0000fd0c0000370d0000cb0d0000d30d00000c0e0000e81100005612000084120000cb120000
f1120000fb120000381400003f140000121500005915000099150000c3160000f2160000ac170000b0170000f1180000
671900008a1900008f1900009e190000b4190000661a0000ed1a00005c1d00006c1d0000931d0000d71d0000d01e0000
961f0000f81f00004d2000007f21000092210000c3220000272300009e230000c5230000242700001d2a0000b62a0000
ac2b0000dd2b000042330000533300002b350000063600000a3600001e360000333600004c360000c73600003d370000
6937000079370000df0d0000050e00009a0f00005d100000ba120000c4130000c9130000fd1300000514000022140000
29140000391400004a14000073170000111a0000411f0000491f000002200000a8200000ea210000f1210000f5220000
b5270000312800005d280000af290000cb290000e3290000173700003137000085370000f9370000a3380000c93c0000
d13c0000163d0000333d0000973e000018060000ad0700006e0900009f0a0000ce0a00001d0b0000810c0000ab0c0000
900d00007e0e0000361000002f130000381300007113000073130000e4130000e61300001d1700008c170000c91a0000
1f1b00002f1b0000571b0000a61b0000a41c0000a81c0000c11c0000d11c0000dc1c0000ed1c0000ef1c0000f51c0000
731f0000e7360000fb36000022370000ba370000c9370000d0370000683b0000973b0000e83b0000f03c0000c53d0000
2e3e0000e4000000f300000034010000400100004a0200006c020000c0060000cc06000017070000880d000032120000
5c150000611500006716000057180000dc1a00003e1c0000b11d0000eb000000210100006e010000ab0100005b030000
080400009d040000c0050000c8050000d5050000bd0600008c080000ab0800008f0b0000960b0000fe0b0000c90c0000
f60c0000010d00001d0d0000210d0000380d00003e0d0000860d00008b0d0000940d0000a00d00000d0e0000150e0000
340e00002c0f00004e0f0000391000003a1000003e100000e41000005b1100005c11000066110000dd110000f7110000
05120000331200003b120000581200005b1200006d1200003a1400003d14000040140000441400006214000063140000
5b1500007f150000ab150000f1150000ba170000c2170000cf170000e3180000611a0000df1a0000e91a0000461b0000
2f1c0000351c0000531c0000071d00000b1d0000d31d0000921f0000b21f0000e2220000102300002a2300002b230000
7c23000090230000be230000e12500000e2600002a2600000f270000ad2a0000b82a0000b92a00007d2b0000832c0000
872d0000dd33000018360000ba360000cb360000cf360000e1360000b337000023380000553800007238000032270000
542800008d29000092290000e22900008e3800007d3e00001727000068270000b6280000520200006f0200001a070000
e40200008e030000b10b0000c90b00000a0c0000ed1a0000321b00004b1c0000f61c0000f81c00008f22000087230000
cc250000802b0000ab3700000e380000b3090000ee0a0000370b00008d0b0000900d000036100000e4130000e6130000
1d1700008c170000f31900001f1b00002f1b0000a61b0000c11c0000d11c0000dc1c0000ed1c0000ef1c0000f51c0000
221f0000731f0000d51f000085200000cd210000d22100008922000032270000542800008d29000092290000e2290000
223700007d370000c9370000d0370000ef3700008e380000b73b0000033c0000f03c0000c53d00002e3e00007d3e0000
b1010000c6010000fa010000ba020000040700002d070000880d0000321200005c150000611500006716000057180000
dc1a00003e1c0000b11d00001727000068270000b6280000380d0000d60d00000d0e00003a0e0000581200003a140000
401400005a14000069140000a3140000fd2200002a230000eb25000025270000492700008f27000099270000bd270000
e7270000632800006b28000078280000a0280000a828000031290000352900004d290000b82a0000c72f0000cb360000
3038000085380000f80000005c0100004f0200006402000076020000d00400001b0600001d0600002106000015070000
b6070000ba070000d1070000fa08000006090000ae0c0000e8110000b91a0000cc1a0000ed1a0000321b0000231c0000
2a1c00004b1c0000f61c0000f81c000087230000802b0000b72c0000423300002b360000ab3700001d01000047010000
830200004d040000e0040000c4050000a6070000e30900007e0a0000870a0000c00a0000c20a0000260b00002a0b0000
df120000501300007f130000f7130000351a0000d11a00006e1c00009b1c0000ae1c0000b01c0000cf1c0000df1c0000
fc1c0000701f00003a200000d32000001a2200001c2200007123000065360000793600008e36000092370000bd370000
09380000453b0000893b0000f13b0000043d0000ff3d00002b3e0000e0000000fb00000057020000880800009a080000
00090000980c0000a40c00008c0d00009b0d0000e6100000a2190000b21a0000f01a0000f51a0000021b0000171b0000
071c00001600000060000000b0010000c5010000f80100008b020000b8020000ec02000087060000030700002b070000
df08000010090000021500004b1d00001627000066270000b428000019000000800000008d000000ea00000061010000
91010000b5010000d20100004002000048020000c2020000c5020000e1020000e8020000180300008b030000a0030000
060400007d040000f304000026050000b50600007e0700008007000092070000f2070000f4070000f807000002080000
05080000190800001c0800002808000036080000380800007908000082080000a7080000be080000ee08000024090000
3b0900006809000072090000b00b0000c60b0000840c0000d00c0000d30d0000370e0000d80f0000df11000058140000
66140000a11400000f1500008b160000d618000087190000ad190000581a0000551d0000581d0000c51d0000bd1e0000
871f0000f01f00001c2000006420000098210000b4210000352200003f220000ad220000fc2200004923000097230000
e92500000c270000122700007327000086270000ea280000ec2800000b2900003d290000162a0000172b0000a82b0000
472d00002a33000047330000513300006b340000d9340000db350000133600004d36000071370000e23700002c380000
43020000f8080000b51a0000120000002b000000620000006f00000043020000520200006f0200008b020000ec020000
89060000960600001a070000df080000f80800001009000002150000b51a00004b1d00001627000066270000b4280000
d30000004a0100004f0200007302000086020000d004000012070000a7070000a9070000b3080000f708000005090000
0c090000e4090000e6090000c00c00004311000059150000aa1a0000bc1a0000451b0000bc1b0000241c0000061d0000
0a1d0000221d0000742300001a260000782e0000d13300002a360000623800001d01000047010000830200004d040000
e0040000c405000018060000a6070000ad0700006e090000e30900007e0a0000870a00009f0a0000c00a0000c20a0000
ce0a00001d0b0000260b00002a0b0000810c0000ab0c0000900d0000de0d0000010e00007e0e0000980f000036100000
5c100000b9120000df1200002f130000381300005013000071130000731300007f130000c3130000c8130000e4130000
e6130000f7130000fb130000031400001e1400002814000037140000481400001d170000721700008c170000101a0000
351a0000c91a0000d11a00001f1b00002f1b0000571b0000a61b00006e1c00009b1c0000a41c0000a81c0000ae1c0000
b01c0000c11c0000cf1c0000d11c0000dc1c0000df1c0000ed1c0000ef1c0000f51c0000fc1c00003f1f0000471f0000
701f0000731f0000012000003a200000a6200000d3200000e6210000f02100001a2200001c220000f122000071230000
b1270000302800005c280000ae290000c9290000df29000065360000793600008e360000e7360000fb36000016370000
223700002d3700008437000092370000ba370000bd370000c9370000d0370000f537000009380000a1380000453b0000
683b0000893b0000973b0000e83b0000f13b0000c83c0000cf3c0000f03c0000043d0000143d00002f3d0000c53d0000
ff3d00002b3e00002e3e0000963e0000e0000000e4000000f3000000fb00000034010000400100004a02000057020000
6c020000c0060000cc06000017070000880800009a08000000090000980c0000a40c00003d0d0000460d0000630d0000
880d00008c0d00009b0d0000ac0d0000c00d0000d90d0000d5100000e6100000f4100000211200003212000044120000
2e1500005c150000611500006716000057180000a2190000b21a0000dc1a0000f01a0000f51a0000021b0000171b0000
071c00003e1c0000761d0000b11d0000202700005c270000aa28000043020000520200006f0200001a070000f8080000
b51a00001627000066270000b4280000d3000000f80000004a0100005c0100004f020000640200007302000076020000
86020000d00400001b0600001d060000210600001207000015070000a7070000a9070000b6070000ba070000d1070000
b3080000f7080000fa08000005090000060900000c090000e4090000e6090000ae0c0000c00c0000370d0000d30d0000
0c0e0000370e000043110000e811000056120000381400003f1400005814000066140000a114000059150000aa1a0000
b91a0000bc1a0000cc1a0000ed1a0000321b0000451b0000bc1b0000231c0000241c00002a1c00004b1c0000f61c0000
f81c0000061d00000a1d0000221d0000fc220000272300007423000087230000e92500001a2600002427000048270000
8b27000096270000bc270000e6270000622800006a280000772800009f280000a6280000302900003329000049290000
b62a0000802b0000b72c0000782e0000c62f000042330000d13300002a3600002b360000c7360000ab3700002c380000
6238000083380000eb0000006501000092010000e50200008f03000008040000f4040000b606000084080000a8080000
c20800003d0900006c09000073090000b20b0000ca0b0000850c0000d20c0000010d00001d0d0000210d00008a0d0000
8b0d00009e0d0000a80d0000d60d0000d70d0000200e00003a0e00003b0e00000a0f00002c0f0000d90f0000e2100000
5b1100005c11000066110000e011000005120000311200003a12000040120000e1120000e21200004c1400004f140000
5a1400005b140000691400006a14000098140000a3140000a4140000d7180000ae190000591a0000d51a0000e11a0000
ef1a00003a1b0000891b0000c81b0000301c0000fe1c0000ff1c00001f1d0000c91d0000891f00001d20000065200000
b82100003922000040220000ae220000fd22000005230000242300004a230000882300009a230000eb250000ee250000
00260000222600000f270000172a0000182b0000aa2b0000482d0000802e0000dd330000153600004f360000b9360000
73370000e63700003038000034380000463800006a38000019000000800000008d000000ea000000200100006c010000
aa010000b5010000d20100004002000048020000c2020000c5020000e8020000180300005a030000a003000006040000
7d0400009c04000026050000bf050000c7050000d4050000bc0600007e0700008007000092070000f2070000f4070000
f80700000208000005080000190800001c080000280800003608000038080000790800008a080000aa080000ee080000
240900008b0b0000950b0000fd0b0000c50c0000f50c0000370d00000c0e0000dc110000f31100005612000038140000
3f1400000f1500007e150000aa150000f01500008b160000b9170000c1170000ce170000871900005f1a0000551d0000
581d0000d01d0000bd1e00008f1f0000b01f0000f01f000098210000de220000272300008c230000bd230000df250000
0d260000262600000c270000122700007327000086270000ea280000ec2800000b2900003d290000b62a0000822c0000
2a33000047330000513300006b340000d9340000db35000017360000c736000021380000533800006e380000a2010000
3c03000028090000740b0000790b000059150000451b0000061d00000a1d0000221d0000e1220000742300001a260000
232a00003a36000062380000260000004f000000920000009b000000c3000000f80000005c010000a201000040020000
48020000c2020000e4020000e8020000180300003c030000620300008e03000092030000ad030000a804000026050000
860500008e050000960500007c06000084060000b6070000ba070000d107000002080000190800003608000038080000
6c0800006e0800007e080000ee0800002409000028090000740b0000790b0000920b00009d0b0000b10b0000b30b0000
c90b0000cd0b0000ff0b00000a0c00000c0c0000ae0c0000370d00000c0e0000e811000056120000381400003f140000
0f150000591500007e150000aa150000f01500008b160000b9170000c1170000ce1700005f1a0000451b0000061d0000
0a1d0000221d0000581d0000d01d0000bd1e00008f1f0000b01f00008f22000097220000d9220000e122000027230000
742300008c230000bd230000cc250000ce250000e62500000d2600001a260000262600000c2700001227000073270000
86270000ea280000ec2800000b2900003d290000232a0000b62a0000642c0000423300006b340000d9340000db350000
023600003a360000c73600000e380000103800002838000053380000623800006e380000fd020000360300003d050000
48060000f30a00002e0b00005a0b00005f0b0000730b0000df120000f713000054170000351a0000d11a00006e1c0000
ae1c0000b01c0000cf1c0000df1c0000fc1c00002b1f0000701f00003a200000d32000001a2200001c22000071230000
32270000542800008d29000092290000e2290000813600009336000092370000bd370000093800008e380000bd3b0000
263c0000043d0000ff3d00002b3e00007d3e00008f020000ed020000e0080000140900008c0d00009b0d0000e6100000
03150000a2190000f01a0000f51a0000021b0000171b0000071c00004d1d00001727000068270000b628000012000000
2b000000620000006f000000b0010000c5010000f801000043020000520200006f020000b80200008906000096060000
030700001a0700002b070000f8080000b51a00001627000066270000b4280000260000004f000000920000009b000000
c3000000d30000004a010000a2010000b5010000d20100004002000048020000c5020000e40200003c03000044030000
860300008e030000ad0300007d040000f8040000860500008e050000960500007c06000084060000a7070000a9070000
f2070000f4070000f8070000050800001c080000280800006c0800006e0800007e080000b3080000280900002a090000
42090000740b0000760b0000790b00007f0b0000b10b0000bf0b0000c10b0000c90b00000a0c0000c00c0000d30d0000
370e0000431100005814000066140000a1140000d618000087190000ad190000581a0000ed1a0000321b00004b1c0000
f61c0000f81c0000551d0000c51d0000871f0000f01f00001c2000006420000098210000b4210000352200003f220000
8f220000b5220000e1220000e5220000fc220000492300008723000097230000cc250000e92500000c27000012270000
7327000086270000ea280000ec2800000b2900003d290000182a0000232a0000252a0000172b0000802b0000a82b0000
642c00004733000051330000d1330000db350000023600003a3600003c3600005436000071370000ab370000e2370000
0e3800002c3800003701000009030000450400003b050000c306000045070000a60a0000aa0a0000580b0000630b0000
4512000054130000181400002a150000401700005b1700005f17000022200000bd20000040210000fd21000000220000
0422000051270000a02800008b290000952900009e2900006f360000913600004e370000ff3700008c3800006f3b0000
243c0000293d0000633e00007b3e0000bd010000fb060000d50a0000d60a0000c22100007a3600009e3b0000a5010000
c8080000dd1f0000d10000000d010000b1010000e8010000f1010000400300007b040000b0050000b40500009c080000
dc08000026090000b2090000b6090000720b00007c0b0000e50c00007c12000042180000d11f000054200000f7200000
2f22000044220000582200009d2200003623000002260000102a0000002f000008360000383600004838000042180000
542000002f220000442200005822000036230000022600004838000045120000181400002a1500005b1700005f170000
22200000bd20000040210000fd210000002200000422000051270000a02800008b290000952900009e2900004e370000
ff3700008c380000293d0000633e00007b3e00001d0000003b000000c7000000b9010000e1010000f101000099020000
e602000000030000400300004a03000096030000730400001e0500007a0500008105000092050000470600004b060000
7c0800001a09000026090000af090000b6090000ba090000720b00007c0b0000850b00009a0b0000f70b00001e150000
fc160000d81f00008e210000932200009d220000ca2500001027000035270000ac270000532800005728000025290000
60290000102a0000602c00002f36000038360000d23700000c380000783800000600000037000000b300000075050000
76050000650800004b090000fb350000f1010000e602000000030000400300001e050000470600004b0600001a090000
26090000720b00007c0b00001e150000fc1600009d2200001027000035270000ac270000532800005728000025290000
60290000102a00002f36000038360000783800001027000035270000ac27000053280000572800002529000060290000
78380000b9010000e1010000990200004a03000073040000af090000b6090000ba090000850b00009a0b0000f70b0000
d81f00008e21000093220000ca2500001027000035270000ac27000053280000572800002529000060290000d2370000
0c3800007838000066000000bd010000d00300008d060000fb06000012090000570a0000590a00005a0a0000d50a0000
d60a00004f0b0000fa1400003b1700003c170000c22100005d3600007a360000463700002c3b00009e3b00001b3c0000
2900000065000000a5010000f1020000050300008c06000041070000c8080000dd1f0000d10000000d01000000020000
6e030000f0040000b0050000b40500009c08000038090000a50b0000a90b0000e50c00007c1200004615000097150000
f0160000aa170000ae170000ba220000ad2300001b2a0000d52b0000083600004a3600003b370000420d0000d1100000
45120000ac130000b0130000181400002a1500005b1700005f170000e0210000602700002d280000ae280000bb290000
be290000c22900000b3700004e3700009e380000b13c0000293d00009e3e000001010000810100009e02000067030000
a0040000770900008b090000a20b0000a90b0000020c0000710c0000d111000042180000542000002f22000044220000
58220000c122000036230000dc25000002260000973600001e3800004838000091080000cd080000a30a0000da0a0000
9b0c0000420d0000760e0000d1100000571300005b130000ac130000b01300008415000031160000761600009b170000
9e170000a2170000e11f000083200000cb210000d6210000e021000051270000a02800008b290000952900009e290000
f13600000b37000062370000ed3700008c3800006c3b0000a33b0000b13c0000d43d00007b3e0000120900004f0b0000
fa1400003b1700003c170000463700001b3c0000f102000005030000410700004615000097150000f0160000aa170000
ae170000ad230000d52b00003b370000420d0000d1100000ac130000b01300008415000031160000761600009b170000
9e170000a2170000e021000051270000a02800008b290000952900009e2900000b370000623700008c380000b13c0000
d43d00007b3e0000010100008101000099020000ed020000f90200004a03000013050000440600004b0600004f060000
770900008b090000850b00009a0b0000f70b0000710c0000d1110000251500004615000097150000cc160000f0160000
aa170000ae17000093220000ad230000ca250000d52b0000cd2c0000973600003b3700000c380000460400003c050000
a70a0000590b00005813000020140000441700005c170000be200000012200008c290000a62900007036000092360000
4f370000003800008d380000703b0000253c0000313d0000653e00007c3e000091080000130900009b0c0000e60d0000
05110000fe14000022200000402100005a270000a8280000c9080000e01f00007c040000b10500009d080000dd080000
27090000b3090000730b0000ed0c00007f120000d51f00005c200000f8200000372200005b220000a522000003260000
132a0000012f00000936000039360000493800002f0d0000240e0000db0e0000050f000001100000fe1100001f120000
57120000a7120000ba12000039140000531400009b1400009d150000ec150000b4170000ca1700000220000004210000
0b230000f725000029260000aa2a00000d2f0000a4360000ca3600003d380000713800005c200000372200005b220000
0326000049380000201400005c170000be200000012200008c290000a62900004f370000003800008d380000313d0000
653e00007c3e0000e60d00000511000022200000402100005a270000a82800001f050000480600001b09000027090000
730b000022150000fd160000a5220000b4270000542800002629000063290000132a0000303600003936000079380000
580d00001b0e0000d30e0000740f00005d1000004a12000057120000ba120000c0120000391400004a14000095140000
40150000091700009b2100000b230000ea2500003b270000cd2700005d280000732800004c290000aa2a0000c22f0000
be360000ca360000d73700002f380000b427000054280000262900006329000079380000e50100005203000074040000
b3090000bb0900008d0b0000fa0b00008f210000cb250000b4270000542800002629000063290000d33700000d380000
79380000f1040000b10500009d08000039090000a60b0000ed0c00007f120000f1160000ab170000be220000b5230000
1c2a0000d82b0000093600004b3600003c370000ad130000201400005c170000e82100002e280000bf2900000c370000
4f3700009f380000b23c0000313d0000a03e0000e60d000005110000101200000920000060270000ae28000089010000
6b030000a10400006a0900008e090000a60b0000030c0000d21100005c200000372200005b220000dd25000003260000
983600001f38000049380000a70a0000de0a0000770e000058130000ad130000321600009f17000084200000cc210000
e82100008c290000a6290000f23600000c37000063370000ee3700008d380000703b0000a73b0000b23c0000d63d0000
7c3e000037010000c1010000c3060000ff060000101200008415000076160000092000005a270000a82800002f0d0000
df0d00001b0e0000490f00006e0f0000011000005d10000063100000fe11000064120000a71200004a14000053140000
95140000d9160000d2180000b721000038220000142300003c230000ea250000b02a0000132b00009e2d0000a4360000
d8360000e53700002f3800000803000044070000f1160000ab170000b5230000d82b00003c370000ad13000032160000
9f170000e82100008c290000a62900000c370000633700008d380000b23c0000d63d00007c3e00001012000084150000
76160000092000005a270000a828000089010000fd020000520300001a05000048060000500600006a0900008e090000
8d0b0000fa0b0000d2110000cd160000f1160000ab170000b5230000cb250000d82b0000ce2c0000983600003c370000
0d3800000a010000890100006b030000b7040000b10500006a0900007c0a0000810a0000b20a0000ca0a0000040b0000
400b0000a60b0000321300007b13000094150000771700008f170000ab170000341f00005a1f00007f1f00005c200000
0c2200002422000037220000f42200006336000073360000863600005937000003380000433b00007b3b0000ce3b0000
0c3d0000b03d0000453e0000d8000000010100009e0200008508000095080000e7080000900c0000a30c00005f0d0000
be0d00006c150000dc16000042180000501d00008f1d0000bd1d00009e1e00008e020000481d000064010000a2010000
aa020000d1020000e4020000fc0500002c060000ea080000f3080000ca090000fa090000c80c00003d1d0000641d0000
c81d0000521e0000f11e00008f2300000e270000ba2e0000143600002236000054380000250d0000380d0000b70d0000
ce0d0000d60d00000d0e00003a0e00002310000049100000271200002f120000cd120000f41200003a14000040140000
5a1400006914000091140000a3140000671a00006d1d0000841d0000d81d0000251e00005f1e0000fe1e0000971f0000
b51f0000fd2200002a2300009f230000eb250000fb2500001526000025270000c32e0000a9360000b136000030380000
413800005c380000c81d00008f2300000e2700005438000094150000771700008f170000ab1700005a1f00007f1f0000
5c2000000c2200002422000037220000f422000059370000033800000c3d0000b03d0000453e00005f0d0000be0d0000
6c150000dc160000421800008f1d0000bd1d00009e1e0000eb0000002101000065010000d2020000e5020000fa030000
a7040000c0050000c8050000b606000084080000a4080000a8080000f4080000cb090000fb090000d20c0000f60c0000
ce0d0000d60d0000e011000083120000cd120000f4120000fd12000090190000d2190000611a0000411d00006d1d0000
981d0000d31d0000151e0000541e0000061f0000091f0000921f0000b21f00001d20000046200000aa21000090230000
0e2600000f270000bc2e000010360000153600006a370000dc37000055380000a2010000aa020000fc0500002c060000
ea080000641d0000f11e000022360000ce0d0000d60d0000cd120000f4120000fd12000090190000d2190000611a0000
6d1d0000981d0000d31d0000151e0000061f0000091f0000921f0000b21f00001d20000046200000aa21000090230000
0e2600000f2700006a370000dc370000553800000a0100006b030000b7040000b10500007c0a0000810a0000040b0000
400b0000a60b00007b13000094150000771700008f170000ab170000341f00007f1f0000633600008636000059370000
433b0000ce3b0000b03d0000d80000009e02000085080000e7080000a30c00006c150000dc160000501d0000bd1d0000
380d0000b70d0000d60d00003a0e00002310000049100000271200005a14000069140000a3140000671a0000841d0000
d81d0000251e0000fe1e0000971f0000b51f0000fd2200009f230000eb2500001526000025270000b136000030380000
5c380000090d0000240e0000190f0000011000005d100000851300008a130000a4130000d6130000051400000a140000
291400004a1400005314000040150000db1500006b17000073170000111a0000411f00004e1f00005e1f00005d200000
c82000000d2200002522000038220000f5220000fd3600001d370000563700008537000004380000973c0000df3c0000
163d00003a3d0000493e000094150000771700008f170000ab1700007f1f000059370000b03d00006c150000dc160000
bd1d0000380d0000b70d0000f50d000023100000491000000511000027120000451200004e120000381500007b150000
7f150000f1150000d0160000e21600001517000025170000611a0000841d0000b91d0000d31d0000771e0000fe1e0000
921f0000b21f0000902300000e2600000f270000d12e0000b1360000c236000055380000a4000000d501000020030000
a90300008d060000fb0600004407000071080000c9080000d3080000120900001e09000012150000c3160000f81f0000
922100008e270000063600001e3600003336000084380000d501000020030000fb06000044070000c9080000d3080000
120900001e09000012150000c3160000f81f0000922100008e2700001e3600003336000084380000500d0000f50d0000
d1100000051100001012000016120000451200004e12000038150000d0160000182000009f2100009e270000df270000
ae28000038290000ad360000c23600008a3800008e270000843800007301000021030000f103000022050000c3060000
4507000091080000ae080000130900001f090000d70c0000f50d000005110000e3110000451200004e12000016150000
38150000c5160000d01600002a200000b320000040210000a62100008f27000099270000a0280000a828000031290000
352900001b36000034360000c2360000da37000085380000d5010000fb060000c9080000d3080000f81f000092210000
1e360000f50d000005110000451200004e12000038150000d01600002a200000b320000040210000a62100008f270000
99270000a0280000a82800003129000035290000c2360000da37000085380000a4000000d501000020030000a9030000
8d060000fb0600004407000071080000c9080000d3080000120900001e09000012150000c3160000f81f000092210000
063600001e36000033360000500d0000f50d0000d1100000051100001012000016120000451200004e12000038150000
d0160000182000009f2100009e270000df270000ae28000038290000ad360000c23600008a38000073010000d9010000
f10300006f040000c3060000ff06000091080000ae080000cd080000d5080000d70c0000500d0000d1100000e3110000
10120000161200008c1500002716000076160000ec160000f91f000018200000932100009f2100008f27000099270000
a0280000a828000031290000352900001b36000020360000ad3600003937000085380000200300004407000012090000
1e09000012150000c316000033360000500d0000d110000010120000161200008c1500002716000076160000ec160000
182000009f2100008f27000099270000a0280000a82800003129000035290000ad36000039370000853800000a010000
e5010000360300008e040000b1050000b30900007c0a0000810a0000e60a0000ee0a0000f30a00002e0b0000730b0000
7b1300002a1a00002b1f00005a1f0000d2210000242200003722000033230000633600007f360000813600008e370000
433b0000af3b0000bd3b0000f33d0000d8000000b90100008f02000085080000d0080000e0080000a30c00009b190000
4d1d0000891d0000e41f00004a200000500d0000d60d00003a0e0000d110000010120000161200005a14000069140000
a3140000611a0000d31d0000151e0000921f0000b21f0000182000001d200000652000009f2100003922000040220000
5f220000fd2200004a23000090230000eb2500000a2600000e2600000f270000ad360000303800005038000055380000
260000004f000000920000009b000000c3000000a2010000aa020000d1020000e4020000ab030000860500008e050000
fc0500002c0600007c060000840600006a0800006c0800006e080000ea0800004f090000ca090000fa090000060a0000
831900003d1d0000641d0000f11e000000360000023600002236000065370000380d0000b70d0000ce0d0000d60d0000
231000004910000027120000cd120000f4120000fd120000901900006d1d0000841d0000fe1e00002527000049270000
8f27000099270000bd270000e3270000632800006b280000a0280000a82800002d290000312900003529000067290000
b13600006a3700008038000085380000480600006a090000ca0a0000370b00005f0b00008d0b00006e0c00002d130000
321300002215000094150000bd1500004c17000054170000771700008f170000ab170000f3190000221f00007f1f0000
89220000e53600004b370000593700007d370000933b0000033c00002b3c0000b03d0000f20000003f010000fa010000
ba020000e60200000c030000cb0600002d070000480700006c150000dc160000bd1d0000380d0000f50d00000d0e0000
05110000451200004e120000581200003a14000040140000381500007f150000ab15000013160000d0160000f8160000
ba170000c2170000ae190000591a0000c91d0000891f00002a2300009a230000be2300000f270000b82a0000aa2b0000
dc2b0000c2360000cb3600004337000073370000090d0000580d0000050e0000f20e000001100000ba12000085130000
8a130000a4130000bc130000c4130000c9130000fd1300000a140000391400005314000093170000b4170000c6180000
031900001e1a0000501a0000491f00004e1f0000801f0000f121000014230000b6230000fd3600001337000017370000
8b37000098370000973c0000c13c0000d13c00001b3d0000cc3d00002a1a00005a1f0000242200003722000033230000
8e370000f33d00009b190000891d00004a200000500d0000ce0d0000d60d0000d11000001012000016120000cd120000
f4120000fd120000d718000090190000a1190000ae190000d2190000591a00006d1d0000981d0000c91d0000061f0000
891f0000182000001d20000046200000172100009f2100009a2300000f270000aa2b0000202f0000ad3600006a370000
73370000eb0000006e01000092010000ab010000ae020000fa030000eb040000000600003006000038060000bd060000
8c080000ab0800006c0900007309000092090000850c0000c90c0000380d0000b70d00002310000049100000d9110000
dd110000271200007b1500007f150000131600001517000025170000281700008d190000aa190000ae190000591a0000
651d0000841d0000b91d0000c91d0000fe1e0000891f00009a2300000f270000aa2b0000c22c0000183600009f360000
b13600007037000073370000d1020000e4020000ca090000fa090000060a0000831900003d1d000065370000380d0000
b70d00002310000049100000271200007b1500007f15000013160000151700002517000028170000aa190000ae190000
591a0000841d0000b91d0000c91d0000fe1e0000891f00009a2300000f270000aa2b0000b13600007037000073370000
6a090000ca0a0000400b0000a60b00006e0c00002d13000032130000b0180000041a00002a1a0000341f00005a1f0000
2422000037220000be22000033230000e5360000823700008e370000933b00000c3c0000f33d0000f20000003f010000
00020000bd020000cb060000300700009b190000891d00004a200000380d0000ce0d0000d60d00000d0e000058120000
cd120000f4120000fd1200003a14000040140000f218000090190000b5190000671a00006d1d0000d81d0000971f0000
2a2300009f23000025270000b82a0000ad2b0000cb3600006a3700007a370000bd000000fd02000036030000d1030000
3d0500007e05000048060000b30900004b0a0000600a00006d0a0000ee0a0000f30a00002e0b0000370b00005a0b0000
5f0b0000730b00008d0b000054170000f3190000221f00002b1f0000d51f000085200000cd210000d221000089220000
32270000542800008d29000092290000e22900005e36000081360000933600007d370000ef3700008e380000243b0000
b73b0000bd3b0000033c0000263c00007d3e00001700000061000000b1010000c6010000fa0100008f020000ba020000
ed02000088060000040700002d070000e008000014090000031500004d1d00001727000068270000b6280000eb000000
6501000092010000e50200008f03000008040000f4040000b606000084080000a8080000c20800003d0900006c090000
73090000b20b0000ca0b0000850c0000d20c0000d60d00003a0e0000d90f0000e01100005a14000069140000a3140000
d7180000ae190000591a0000c91d0000891f00001d20000065200000b82100003922000040220000ae220000fd220000
4a2300009a230000eb2500000f270000172a0000182b0000aa2b0000482d0000153600004f36000073370000e6370000
303800000b0000006d00000094060000a20100003c03000028090000740b0000790b0000e1220000232a00003a360000
fd020000360300003d05000048060000f30a00002e0b00005a0b00005f0b0000730b0000541700002b1f000032270000
542800008d29000092290000e229000081360000933600008e380000bd3b0000263c00007d3e00008f020000ed020000
e008000014090000031500004d1d00001727000068270000b6280000260000004f000000920000009b000000c3000000
a2010000e40200003c0300008e030000ad030000860500008e050000960500007c060000840600006c0800006e080000
7e08000028090000740b0000790b0000b10b0000c90b00000a0c00008f220000e1220000cc250000232a0000642c0000
023600003a3600000e380000df0d0000050e00009a0f00005d100000ba120000c4130000c9130000fd13000005140000
2214000029140000391400004a14000073170000111a0000411f0000491f000002200000a8200000ea210000f1210000
f5220000b5270000312800005d280000af290000cb290000e3290000173700003137000085370000f9370000a3380000
c93c0000d13c0000163d0000333d0000973e000032270000542800008d29000092290000e22900008e3800007d3e0000
1727000068270000b6280000380d0000d60d00000d0e00003a0e0000581200003a140000401400005a14000069140000
a3140000fd2200002a230000eb25000025270000492700008f27000099270000bd270000e7270000632800006b280000
78280000a0280000a828000031290000352900004d290000b82a0000c72f0000cb3600003038000085380000eb000000
210100006e010000ab0100005b030000080400009d040000c0050000c8050000d5050000bd0600008c080000ab080000
8f0b0000960b0000fe0b0000c90c0000f60c0000380d00000d0e0000dd110000f7110000581200003a14000040140000
7f150000ab150000f1150000ba170000c2170000cf170000611a0000d31d0000921f0000b21f0000e22200002a230000
90230000be230000e12500000e2600002a2600000f270000b82a0000832c000018360000cb3600002338000055380000
72380000e40200008e030000b10b0000c90b00000a0c00008f220000cc2500000e380000380d00000d0e000058120000
3a140000401400007f150000ab150000f1150000ba170000c2170000cf170000611a0000d31d0000921f0000b21f0000
2a23000090230000be2300000e2600002a2600000f270000b82a0000cb3600005538000072380000b3090000ee0a0000
370b00008d0b0000f3190000221f0000d51f000085200000cd210000d22100008922000032270000542800008d290000
92290000e22900007d370000ef3700008e380000b73b0000033c00007d3e0000b1010000c6010000fa010000ba020000
040700002d0700001727000068270000b6280000d60d00003a0e00005a14000069140000a3140000d7180000ae190000
591a0000c91d0000891f00001d20000065200000b82100003922000040220000fd2200004a2300009a230000eb250000
0f270000182b0000aa2b000073370000e6370000303800001027000035270000ac270000532800005728000025290000
6029000078380000d5000000fa0000001e0100004c010000530200008802000001040000ce040000c3050000c5050000
a5070000aa070000a5080000b10800000a090000e2090000e8090000b10c0000e60c00008d0d0000a30d00003e110000
7d120000dd120000e3120000e812000055180000a31a0000d21a0000f11a0000fa1a0000351b00007a1b0000ba1b0000
2b1c00006c1c00006f1c0000701c0000fa1c0000001d00001c1d00003b200000ad2100007623000018260000762e0000
cc330000113600009e370000dd37000060380000410200005c020000140600001506000001090000c41a0000581c0000
26360000f1010000e602000000030000400300001e050000470600004b0600001a09000026090000720b00007c0b0000
8d0d0000a30d0000dd120000e3120000e81200001e150000fc16000055180000d21a0000f11a0000fa1a0000351b0000
7a1b00002b1c00006c1c00006f1c0000701c0000fa1c0000001d00001c1d00003b200000ad2100009d22000076230000
182600001027000035270000ac27000053280000572800002529000060290000102a00002f360000383600009e370000
dd3700006038000078380000420d0000d110000045120000ac130000b0130000181400002a1500005b1700005f170000
e0210000602700002d280000ae280000bb290000be290000c22900000b3700004e3700009e380000b13c0000293d0000
9e3e00002a0100006e020000df040000b7060000190700007d0a0000850a0000220b0000230b00006b1300005f150000
6516000083170000841700009f1c0000e71c0000643600008d3600005d370000443b0000ed3b0000bc3d0000dd000000
5002000086080000fd0800009d0c00005a150000e3160000b31a0000211b0000d10000000d010000000200006e030000
f0040000b0050000b40500009c08000038090000a50b0000a90b0000e50c0000870d0000910d0000b40d00002f0e0000
3510000037100000361200007c1200005e140000641400009d1400004615000097150000f0160000aa170000ae170000
58180000e41a00003c1b00008a1b0000641c0000011d0000041d0000201d0000ba2200000223000081230000ad230000
ec2500001f2600001b2a0000d52b0000083600004a360000b43600003b37000031380000673800003701000009030000
450400003b050000c306000045070000a60a0000aa0a0000580b0000630b0000130d00009a0d00003a0f0000b8100000
e510000033120000451200004612000054130000861300008c1300009b130000e8130000ef130000f113000018140000
191400002a1500002d150000dc150000401700005b1700005f1700006e17000070170000d81a0000381c0000ac1c0000
b11c0000b81c0000c81c0000222000003e200000bd200000d120000040210000fd210000002200000422000018220000
1e22000051270000a02800008b290000952900009e2900006f36000091360000fe360000263700004e37000057370000
bb370000ff370000073800008c3800006f3b0000243c0000983c0000f53c0000fc3c0000293d00002a3d0000243e0000
633e00007b3e0000bd010000fb060000d50a0000d60a00005f150000651600008317000084170000e71c0000c2210000
7a3600005d3700009e3b0000bc3d0000a5010000c80800005a150000e3160000211b0000dd1f0000d10000000d010000
b1010000e8010000f1010000400300007b040000b0050000b40500009c080000dc08000026090000b2090000b6090000
720b00007c0b0000e50c0000870d0000910d0000db0d0000ea0d00003510000037100000a3110000a9110000ae110000
361200007c120000321500005c1500006915000002160000d3160000e91600001c1700001e1700004218000055180000
e41a00001d1b0000351b0000dd1b0000641c0000fa1c0000001d00001c1d0000d11f000054200000f72000002f220000
44220000582200009d22000036230000762300000226000018260000102a00008b2e0000002f0000f233000008360000
38360000b43600004838000060380000580d00001b0e0000d30e0000740f00005d1000004a12000057120000ba120000
c0120000391400004a1400009514000040150000091700009b2100000b230000ea2500003b270000cd2700005d280000
732800004c290000aa2a0000c22f0000be360000ca360000d73700002f380000b4270000542800002629000063290000
7938000002040000cf040000c4050000a6070000a6080000b20800000b090000e3090000b30c0000f10c0000a50d0000
3f11000081120000df120000e9120000a51a0000fc1a0000371b00007b1b0000bb1b00002c1c00006e1c0000711c0000
fc1c00001d1d0000ae21000019260000772e0000cd330000123600009f370000de370000613800001f05000048060000
1b09000027090000730b0000a50d0000df120000e912000022150000fd160000fc1a0000371b00007b1b00002c1c0000
6e1c0000711c0000fc1c00001d1d0000ae210000a522000019260000b4270000542800002629000063290000132a0000
30360000393600009f370000de3700006138000079380000ad130000201400005c170000e82100002e280000bf290000
0c3700004f3700009f380000b23c0000313d0000a03e0000e60d000005110000101200000920000060270000ae280000
87080000fe0800009e0c0000e4160000b41a0000221b0000f1040000b10500009d08000039090000a60b0000ed0c0000
310e000036100000371200007f120000601400009e140000f1160000ab170000e61a00003e1b00008b1b0000651c0000
031d0000211d0000be220000b5230000ed250000202600001c2a0000d82b0000093600004b360000b53600003c370000
3238000068380000460400003c050000a70a0000590b00003b0f000058130000871300009d130000ea130000f0130000
2014000024140000dd150000441700005c1700006f170000ad1c0000ba1c0000ca1c0000be200000d220000001220000
192200008c290000a62900007036000092360000ff360000273700004f37000058370000bc3700000038000008380000
8d380000703b0000253c0000993c0000f73c0000fd3c0000313d0000353d0000263e0000653e00007c3e000091080000
130900009b0c0000170d0000990d0000e60d0000e70d0000bb100000e4100000051100000611000034120000fe140000
db1a0000f41a0000061c000022200000402100005a270000a8280000c9080000e4160000221b0000e01f00007c040000
b10500009d080000dd08000027090000b3090000730b0000ed0c0000ec0d000036100000a5110000af11000037120000
7f12000003160000d4160000ea1600001d170000e61a00001f1b0000371b0000de1b0000651c0000fc1c00001d1d0000
d51f00005c200000f8200000372200005b220000a52200000326000019260000132a00008c2e0000012f0000f3330000
0936000039360000b53600004938000061380000500d0000f50d0000d110000005110000101200001612000045120000
4e12000038150000d0160000182000009f2100009e270000df270000ae28000038290000ad360000c23600008a380000
8e27000084380000680100007a0100007a020000ca040000b7060000c6060000190700008708000098080000a9080000
af080000fe08000008090000cc0c0000de0c00009d0d0000de110000e41100006315000065160000e4160000e7160000
c01a0000de1a0000f71a0000261b0000051c0000261c0000371c00003a1c0000471c000041200000af21000016360000
1c3600002d360000b836000036370000a2370000d501000020030000fb06000044070000c9080000d308000012090000
1e0900009d0d0000121500006315000065160000c3160000e4160000e7160000de1a0000f71a0000261b0000051c0000
371c00003a1c0000471c0000f81f00004120000092210000af2100008e2700001e36000033360000b836000036370000
a237000084380000500d0000f50d0000d1100000051100001012000016120000451200004e12000038150000d0160000
182000009f2100009e270000df270000ae28000038290000ad360000c23600008a380000680100007a020000ca040000
b70600001907000087080000a9080000fe08000008090000de0c0000e41100006315000065160000e4160000e7160000
c01a0000261b0000261c0000471c0000163600002d360000363700007301000021030000f103000022050000c3060000
4507000091080000ae080000130900001f090000d70c0000260d00002a0d0000a00d0000a10d0000f50d0000f60d0000
280f0000770f0000b8100000bb100000e4100000e51000000511000006110000e3110000021200000412000033120000
341200003b1200003c12000045120000461200004e1200004f12000016150000381500003c150000c5160000d0160000
d2160000df1a0000e21a0000f81a0000791b0000061c00002f1c0000311c0000381c00003b1c00002a20000042200000
b320000040210000a6210000b02100008f27000099270000a0280000a828000031290000352900001b36000034360000
aa360000ba360000bb360000c2360000c3360000a3370000da37000085380000d5010000fb060000c9080000d3080000
6315000065160000e4160000e7160000261b0000471c0000f81f0000922100001e36000036370000380d0000b70d0000
ce0d0000d60d0000231000004910000027120000cd120000f4120000fd120000901900006d1d0000841d0000fe1e0000
25270000492700008f27000099270000bd270000e3270000632800006b280000a0280000a82800002d29000031290000
3529000067290000b13600006a3700008038000085380000d30000000f0100004f0200006402000073020000cd040000
b2050000b60500001b0600001d060000120700009e080000f70800000409000005090000fd0c00008412000059150000
30190000a5190000bc1a0000cc1a00001a1b0000241c00005b1c0000751c00007e1c0000ac1d00000a36000029360000
2a3600006d3700000a010000e5010000360300008e040000b1050000b30900007c0a0000810a0000e60a0000ee0a0000
f30a00002e0b0000730b0000900d000036100000a51100007b130000e4130000e6130000301400003115000068150000
091600001d1700005d170000611700008a1700008c1700002a1a0000351a0000c11c0000df1c0000ef1c0000fc1c0000
2b1f00005a1f0000701f0000d221000024220000372200003323000071230000633600007f3600008136000022370000
50370000603700008e37000092370000433b0000af3b0000bd3b0000f03c0000413d0000c33d0000f33d0000ff3d0000
d8000000b90100008f02000085080000d0080000e0080000a30c0000880d0000d80d0000e90d00000811000032120000
5d150000e61600009b190000a2190000dc1a0000021b0000171b0000241b00004d1d0000891d0000e41f00004a200000
eb0000002101000065010000d2020000e5020000fa030000a7040000c0050000c8050000b606000084080000a4080000
a8080000f4080000cb090000fb090000d20c0000f60c0000010d00000c0d0000340d00008a0d00008b0d0000940d0000
9e0d0000c70d0000ce0d0000cf0d0000d60d0000d70d00002a0f00004c0f00000210000004100000391000003a100000
e210000085110000951100009d110000e0110000ff11000031120000391200003a12000083120000aa120000cd120000
ce120000f4120000f5120000fd120000fe120000e6180000901900009219000093190000a8190000d2190000da190000
611a0000e11a0000e91a0000ef1a0000131b0000d31b0000da1b0000301c0000671c0000411d00006d1d0000711d0000
7b1d0000981d0000b51d0000d31d0000151e0000541e0000061f0000091f0000921f0000b21f00001d20000046200000
aa210000902300000e2600000f2700008a2e0000bc2e0000ec3300001036000015360000a5360000b7360000b9360000
6a3700006c370000dc37000055380000a2010000aa020000fc0500002c060000ea0800005915000030190000a5190000
1a1b0000751c00007e1c0000641d0000ac1d0000f11e0000223600006d3700000a0100006b030000b7040000b1050000
7c0a0000810a0000040b0000400b0000a60b0000900d0000361000007b130000e4130000e61300001114000060140000
94150000771700008f170000ab170000eb180000121a00003c1a0000c11c0000e31c0000031d0000341f0000441f0000
771f00007f1f0000f822000080230000633600008636000022370000593700008637000095370000433b0000ce3b0000
f03c0000223d0000b03d0000063e0000d80000009e02000085080000e7080000a30c0000650d0000880d0000c20d0000
f6100000321200006c150000dc160000a4190000dc1a0000031b0000181b0000501d0000bd1d0000df0d0000050e0000
9a0f00005d100000ba120000c4130000c9130000fd130000051400002214000029140000391400004a14000073170000
111a0000411f0000491f000002200000a8200000ea210000f1210000f5220000b5270000312800005d280000af290000
cb290000e3290000173700003137000085370000f9370000a3380000c93c0000d13c0000163d0000333d0000973e0000
32270000542800008d29000092290000e22900008e3800007d3e00001727000068270000b6280000380d0000d60d0000
0d0e00003a0e0000581200003a140000401400005a14000069140000a3140000fd2200002a230000eb25000025270000
492700008f27000099270000bd270000e7270000632800006b28000078280000a0280000a82800003129000035290000
4d290000b82a0000c72f0000cb36000030380000853800001d01000047010000830200004d040000e0040000c4050000
a6070000e30900007e0a0000870a0000c00a0000c20a0000260b00002a0b0000df120000501300007f130000f7130000
351a0000d11a00006e1c00009b1c0000ae1c0000b01c0000cf1c0000df1c0000fc1c0000701f00003a200000d3200000
1a2200001c2200007123000065360000793600008e36000092370000bd37000009380000453b0000893b0000f13b0000
043d0000ff3d00002b3e0000e0000000fb00000057020000880800009a08000000090000980c0000a40c00008c0d0000
9b0d0000e6100000a2190000b21a0000f01a0000f51a0000021b0000171b0000071c000043020000f8080000b51a0000
d30000004a0100004f0200007302000086020000d004000012070000a7070000a9070000b3080000f708000005090000
0c090000e4090000e6090000c00c00004311000059150000aa1a0000bc1a0000451b0000bc1b0000241c0000061d0000
0a1d0000221d0000742300001a260000782e0000d13300002a36000062380000eb0000006501000092010000e5020000
8f03000008040000f4040000b606000084080000a8080000c20800003d0900006c09000073090000b20b0000ca0b0000
850c0000d20c0000010d00001d0d0000210d00008a0d00008b0d00009e0d0000a80d0000d60d0000d70d0000200e0000
3a0e00003b0e00000a0f00002c0f0000d90f0000e21000005b1100005c11000066110000e01100000512000031120000
3a12000040120000e1120000e21200004c1400004f1400005a1400005b140000691400006a14000098140000a3140000
a4140000d7180000ae190000591a0000d51a0000e11a0000ef1a00003a1b0000891b0000c81b0000301c0000fe1c0000
ff1c00001f1d0000c91d0000891f00001d20000065200000b82100003922000040220000ae220000fd22000005230000
242300004a230000882300009a230000eb250000ee25000000260000222600000f270000172a0000182b0000aa2b0000
482d0000802e0000dd330000153600004f360000b936000073370000e63700003038000034380000463800006a380000
a20100003c03000028090000740b0000790b000059150000451b0000061d00000a1d0000221d0000e122000074230000
1a260000232a00003a36000062380000fd020000360300003d05000048060000f30a00002e0b00005a0b00005f0b0000
730b0000df120000f713000054170000351a0000d11a00006e1c0000ae1c0000b01c0000cf1c0000df1c0000fc1c0000
2b1f0000701f00003a200000d32000001a2200001c2200007123000032270000542800008d29000092290000e2290000
813600009336000092370000bd370000093800008e380000bd3b0000263c0000043d0000ff3d00002b3e00007d3e0000
8f020000ed020000e0080000140900008c0d00009b0d0000e610000003150000a2190000f01a0000f51a0000021b0000
171b0000071c00004d1d00001727000068270000b628000042180000542000002f220000442200005822000036230000
02260000483800001d0000003b000000c7000000ec00000056010000b9010000e1010000f101000099020000e6020000
ea020000000300001a030000400300004a03000096030000f2030000730400001e050000240500007a05000081050000
92050000470600004b060000b2070000b4070000340800003a0800007c080000b70800001a0900002209000026090000
af090000b6090000ba090000720b00007c0b0000850b00009a0b0000f70b0000b70c0000db0d0000ea0d000041110000
a3110000a9110000ae110000081500001e1500003215000089160000d3160000fc160000d81f00001e20000024200000
27200000af2000007221000074210000752100008e210000a7210000932200009d220000ca2500001027000014270000
352700007527000076270000ac2700005328000057280000e8280000ed28000005290000252900003b29000060290000
102a0000602c0000cf330000f23300006934000025350000d53500002f36000038360000d23700000c38000078380000
0600000037000000b3000000a3010000ca0100007505000076050000eb070000ec07000065080000d70800004b090000
e81f00005e21000019350000fb350000d10000000d010000b1010000b9010000e1010000e8010000f101000099020000
400300004a030000730400007b040000b0050000b40500009c080000dc08000026090000af090000b2090000b6090000
ba090000720b00007c0b0000850b00009a0b0000f70b0000e50c0000db0d0000ea0d0000a3110000a9110000ae110000
7c12000032150000d316000042180000d11f0000d81f00001e200000242000002720000054200000af200000f7200000
7221000074210000752100008e210000a72100002f2200004422000058220000932200009d22000036230000ca250000
022600001027000014270000352700007527000076270000ac2700005328000057280000e8280000ed28000005290000
252900003b29000060290000102a0000002f0000f233000025350000d53500000836000038360000d23700000c380000
483800007838000001010000810100009e02000067030000a0040000770900008b090000a20b0000a90b0000020c0000
710c0000d111000042180000542000002f2200004422000058220000c122000036230000dc2500000226000097360000
1e38000048380000d10000000d010000000200006e030000f0040000b0050000b40500009c08000038090000a50b0000
a90b0000e50c00007c1200004615000097150000f0160000aa170000ae170000ba220000ad2300001b2a0000d52b0000
083600004a3600003b370000270000008400000086000000a3010000ca010000f402000010030000a803000083070000
8407000093070000eb070000ec07000030080000390800003f08000078080000d708000007150000c7160000e81f0000
5e2100002b3300005833000019350000d1000000010100000d01000081010000000200009e020000670300006e030000
a0040000f0040000b0050000b40500009c08000038090000770900008b090000a20b0000a50b0000a90b0000020c0000
710c0000e50c0000390d00004a0d0000db0d0000ea0d00007111000073110000a3110000a9110000ae110000d1110000
191200007c120000321500004615000097150000d3160000f0160000aa170000ae170000421800000d20000054200000
6a2100002f2200004422000058220000ba220000c122000036230000ad230000dc25000002260000262700007d270000
80270000db270000f1280000f328000009290000422900001b2a0000d52b0000f233000021350000d935000008360000
4a360000973600003b3700001e380000483800001d0000003b000000c7000000ee00000053010000ae010000b9010000
cb010000e1010000f101000099020000e602000000030000400300004a03000096030000eb0300006904000073040000
1e0500007a0500008105000092050000470600004b060000b1070000b4070000cf070000ed070000f0070000f6070000
7c0800001a09000026090000af090000b6090000ba090000720b00007c0b0000850b00009a0b0000f70b0000ba0c0000
390d00004a0d00007111000073110000ec110000191200001e15000080150000861500008915000023160000b0160000
b2160000b3160000ed160000fc160000d81f0000f21f00000d2000006a2100008e21000096210000932200009d220000
ca2500001027000014270000352700007527000076270000ac2700005328000057280000e8280000ed28000005290000
252900003b29000060290000102a0000602c000040330000453300007234000021350000d53500002f36000038360000
d23700000c380000783800004615000097150000f0160000aa170000ae170000ad230000d52b00003b37000006000000
37000000b3000000f402000010030000750500007605000030080000390800003f080000650800004b09000007150000
c716000058330000fb3500000101000081010000f101000099020000e6020000ed020000f90200000003000040030000
4a030000130500001e05000044060000470600004b0600004f0600001a09000026090000770900008b090000720b0000
7c0b0000850b00009a0b0000f70b0000710c0000390d00004a0d00007111000073110000d1110000191200001e150000
25150000461500008015000086150000891500009715000023160000b0160000b2160000b3160000cc160000ed160000
f0160000fc160000aa170000ae1700000d2000006a210000932200009d220000ad230000ca2500001027000014270000
352700007527000076270000ac2700005328000057280000e8280000ed28000005290000252900003b29000060290000
102a0000d52b0000cd2c00007234000021350000d53500002f36000038360000973600003b3700000c38000078380000
2f0d0000240e0000db0e0000050f000001100000fe1100001f12000057120000a7120000ba1200003914000053140000
9b1400009d150000ec150000b4170000ca17000002200000042100000b230000f725000029260000aa2a00000d2f0000
a4360000ca3600003d380000713800005c200000372200005b22000003260000493800003f000000e501000052030000
9a030000f3030000740400001f050000250500007e0500009305000048060000b3070000350800007d080000b8080000
1b0900002309000027090000b3090000bb090000730b00008d0b0000fa0b0000b90c0000ec0d000042110000a5110000
af1100000a150000221500008a160000d4160000fd16000026200000b120000073210000762100008f210000a8210000
a5220000cb25000078270000b427000054280000e928000006290000262900003c29000063290000132a0000612c0000
d0330000f33300006a34000026350000d63500003036000039360000d33700000d38000079380000e501000052030000
740400007c040000b10500009d080000dd08000027090000b3090000bb090000730b00008d0b0000fa0b0000ed0c0000
ec0d0000a5110000af1100007f120000d4160000d51f0000262000005c200000b1200000f82000007321000076210000
8f210000a8210000372200005b220000a5220000cb2500000326000078270000b427000054280000e928000006290000
262900003c29000063290000132a0000012f0000f333000026350000d63500000936000039360000d33700000d380000
4938000079380000890100006b030000a10400006a0900008e090000a60b0000030c0000d21100005c20000037220000
5b220000dd25000003260000983600001f38000049380000f1040000b10500009d08000039090000a60b0000ed0c0000
7f120000f1160000ab170000be220000b52300001c2a0000d82b0000093600004b3600003c370000890100006b030000
a1040000f1040000b10500009d080000390900006a0900008e090000a60b0000030c0000ed0c0000ec0d000072110000
a5110000af110000d21100001a1200007f120000d4160000f1160000ab1700000f2000005c2000006b21000037220000
5b220000be220000b5230000dd250000032600007f270000dd270000f22800000a290000432900001c2a0000d82b0000
f333000022350000da350000093600004b360000983600003c3700001f380000493800002f0d0000df0d00001b0e0000
490f00006e0f0000011000005d10000063100000fe11000064120000a71200004a1400005314000095140000d9160000
d2180000b721000038220000142300003c230000ea250000b02a0000132b00009e2d0000a4360000d8360000e5370000
2f3800003f00000055010000cd010000e5010000520300009a030000ef0300006d040000740400001f0500007e050000
9305000048060000b3070000d0070000ef070000f70700007d0800001b09000027090000b3090000bb090000730b0000
8d0b0000fa0b000072110000ed1100001a120000221500008815000025160000b1160000b4160000ee160000fd160000
0f2000006b2100008f21000097210000a5220000cb25000078270000b427000054280000e92800000629000026290000
3c29000063290000132a0000612c000041330000463300007334000022350000d63500003036000039360000d3370000
0d38000079380000f1160000ab170000b5230000d82b00003c37000089010000fd020000520300001a0500001f050000
48060000500600001b090000270900006a0900008e090000730b00008d0b0000fa0b000072110000d21100001a120000
221500008815000025160000b1160000b4160000cd160000ee160000f1160000fd160000ab1700000f2000006b210000
a5220000b5230000cb25000078270000b427000054280000e928000006290000262900003c29000063290000132a0000
d82b0000ce2c00007334000022350000d63500003036000039360000983600003c3700000d38000079380000250d0000
380d0000b70d0000ce0d0000d60d00000d0e00003a0e00002310000049100000271200002f120000cd120000f4120000
3a140000401400005a1400006914000091140000a3140000671a00006d1d0000841d0000d81d0000251e00005f1e0000
fe1e0000971f0000b51f0000fd2200002a2300009f230000eb250000fb2500001526000025270000c32e0000a9360000
b136000030380000413800005c380000c81d00008f2300000e27000054380000a4000000d3000000f80000004a010000
5c010000d50100004f020000c902000020030000a9030000a20400008d060000fb06000044070000a7070000a9070000
b6070000ba070000090800002008000071080000b3080000b9080000c9080000d3080000f1080000120900001e090000
ae0c0000c00c0000850d0000c40d00003d11000043110000121500005915000076150000a1160000a9160000c3160000
df16000067190000ed1a00005c1d00007a1d0000931d0000c01d0000bf1e0000d01e0000d31e0000df1e0000f81f0000
4d20000092210000ab2100008e270000cb330000d1330000ea330000db340000e4340000ea340000063600001e360000
333600008438000064010000a2010000d5010000aa020000d1020000e402000020030000fc0500002c060000fb060000
44070000c9080000d3080000ea080000f3080000120900001e090000ca090000fa090000c80c0000850d0000c40d0000
121500005915000076150000a1160000a9160000c3160000df16000067190000ed1a00003d1d0000641d00007a1d0000
931d0000c01d0000c81d0000521e0000d01e0000d31e0000df1e0000f11e0000f81f00004d20000092210000ab210000
8f2300000e2700008e270000ba2e0000ea330000e4340000ea340000143600001e360000223600003336000054380000
84380000380d0000b70d0000d60d00003a0e00002310000049100000271200005a14000069140000a3140000671a0000
841d0000d81d0000251e0000fe1e0000971f0000b51f0000fd2200009f230000eb2500001526000025270000b1360000
303800005c380000a4000000d30000004a010000d50100004f020000c902000020030000a9030000a20400008d060000
fb06000044070000a7070000a9070000090800002008000071080000b3080000c9080000d3080000f108000012090000
1e090000c00c000043110000121500005915000076150000a1160000a9160000c3160000df1600005c1d0000c01d0000
bf1e0000df1e0000f81f000092210000d1330000db340000ea340000063600001e36000033360000eb00000021010000
6501000073010000d9010000d2020000e5020000f1030000fa0300006f040000a7040000c0050000c8050000b6060000
c3060000ff0600008408000091080000a4080000a8080000ae080000cd080000d5080000f4080000cb090000fb090000
d20c0000d70c0000f60c0000010d00001d0d0000210d0000500d00008a0d00008b0d0000c70d0000c80d0000ce0d0000
d60d0000d70d0000ef0d0000060f0000750f0000d11000005b1100005c11000066110000851100008611000095110000
961100009d110000a7110000a8110000b1110000e0110000e31100000512000010120000161200002c12000083120000
cd120000f4120000fd120000351500008c1500002716000076160000d6160000ec160000681900009019000093190000
d2190000611a0000ef1a0000411d00006d1d00007b1d00007e1d0000941d0000981d0000d31d0000131e0000151e0000
541e0000ca1e0000d11e0000d41e0000061f0000091f0000921f0000b21f0000f91f0000182000001d20000046200000
4e200000932100009f210000aa210000ac210000902300000e2600000f2700008f27000099270000a0280000a8280000
3129000035290000bc2e0000dd330000ec330000f5330000e3340000e534000010360000153600001b36000020360000
ad360000393700006a370000dc3700005538000085380000a2010000aa02000020030000fc0500002c06000044070000
ea080000120900001e090000121500005915000076150000a1160000a9160000c3160000df160000641d0000c01d0000
df1e0000f11e0000ea3400002236000033360000500d0000d60d00003a0e0000d110000010120000161200005a140000
69140000a3140000611a0000d31d0000151e0000921f0000b21f0000182000001d200000652000009f21000039220000
402200005f220000fd2200004a23000090230000eb2500000a2600000e2600000f270000ad3600003038000050380000
55380000260000004f000000920000009b000000c3000000d30000004a010000a2010000b5010000d201000040020000
aa020000c2020000d1020000e4020000ab03000075040000860500008e050000fc0500002c0600007c06000084060000
a7070000a9070000f2070000f407000002080000190800006a0800006c0800006e080000b3080000da080000ea080000
ee0800004f090000ca090000fa090000060a0000c00c00004311000067190000831900009e190000ed1a00003d1d0000
581d0000641d0000931d0000bd1e0000d01e0000f11e0000f01f00004d200000612100007f210000d1330000d9340000
1c3500002b35000000360000023600002236000065370000380d0000f50d00000d0e000005110000451200004e120000
581200003a14000040140000381500007f150000ab15000013160000d0160000f8160000ba170000c2170000ae190000
591a0000c91d0000891f00002a2300009a230000be2300000f270000b82a0000aa2b0000dc2b0000c2360000cb360000
4337000073370000260000004f000000920000009b000000c3000000f80000005c010000a201000048020000aa020000
c5020000d1020000e4020000e802000018030000ab03000020050000860500008e050000fc0500002c0600007c060000
84060000b6070000ba070000d1070000050800001c080000280800003608000038080000420800006a0800006c080000
6e080000ea0800004f090000ca090000fa090000060a0000ae0c0000e81100000f1500005915000076150000a1160000
a9160000ca160000df16000083190000871900003d1d0000551d0000641d0000c01d0000df1e0000f11e000042330000
513300005b330000ea34000000360000023600002236000065370000eb0000006e0100007301000092010000ab010000
ae02000021030000f1030000fa030000eb04000022050000000600003006000038060000bd060000c306000045070000
8c08000091080000ab080000ae080000130900001f0900006c0900007309000092090000850c0000c90c0000d70c0000
010d00001d0d0000210d0000380d00003e0d00004d0d0000860d00008b0d0000b70d0000c50d0000c80d0000f50d0000
d40e00004a0f00002310000049100000051100005b1100005c1100006611000075110000761100008311000086110000
93110000961100009e110000d9110000dd110000e3110000051200001c120000271200002a120000451200004e120000
16150000381500005b150000771500007b1500007f1500001116000013160000a2160000aa160000ad160000c5160000
d01600001517000025170000281700008d19000095190000aa190000ac190000ae190000591a0000651d00007d1d0000
7e1d0000841d0000b91d0000c11d0000c91d0000c91e0000fe1e0000891f0000122000002a200000b320000040210000
6d210000a62100009a2300000f2700008f27000099270000a0280000a82800003129000035290000aa2b0000c22c0000
dd330000ed33000071340000e234000024350000183600001b360000343600009f360000b1360000c236000070370000
73370000da37000085380000d5010000d1020000e4020000fb060000c9080000d3080000ca090000fa090000060a0000
67190000831900009e190000ed1a00003d1d0000931d0000d01e0000f81f00004d2000007f210000922100002b350000
1e36000065370000380d0000ce0d0000d60d00000d0e000058120000cd120000f4120000fd1200003a14000040140000
f218000090190000b5190000671a00006d1d0000d81d0000971f00002a2300009f23000025270000b82a0000ad2b0000
cb3600006a3700007a370000a4000000f80000005c010000d50100004f020000c902000020030000a9030000f2040000
8d060000fb06000044070000b6070000ba070000d107000009080000200800002a08000071080000c9080000d3080000
120900001e090000ae0c0000e811000012150000c3160000671900008a1900009e190000ed1a00005c1d0000931d0000
d01e0000f81f00004d2000007f2100009221000042330000533300002b350000063600001e36000033360000eb000000
210100006e010000ab0100005b030000080400009d040000c0050000c8050000d5050000bd0600008c080000ab080000
8f0b0000960b0000fe0b0000c90c0000f60c0000380d00000d0e0000dd110000f7110000581200003a14000040140000
7f150000ab150000f1150000ba170000c2170000cf170000611a0000d31d0000921f0000b21f0000e22200002a230000
90230000be230000e12500000e2600002a2600000f270000b82a0000832c000018360000cb3600002338000055380000
72380000e40200008e030000b10b0000c90b00000a0c00008f220000cc2500000e380000380d00000d0e000058120000
3a140000401400007f150000ab150000f1150000ba170000c2170000cf170000611a0000d31d0000921f0000b21f0000
2a23000090230000be2300000e2600002a2600000f270000b82a0000cb3600005538000072380000eb00000065010000
92010000e50200008f03000008040000f4040000b606000084080000a8080000c20800003d0900006c09000073090000
b20b0000ca0b0000850c0000d20c0000d60d00003a0e0000d90f0000e01100005a14000069140000a3140000d7180000
ae190000591a0000c91d0000891f00001d20000065200000b82100003922000040220000ae220000fd2200004a230000
9a230000eb2500000f270000172a0000182b0000aa2b0000482d0000153600004f36000073370000e637000030380000
19000000800000008d000000b5010000d20100004002000048020000c2020000c5020000e802000018030000a0030000
7d040000260500007e0700008007000092070000f2070000f4070000f80700000208000005080000190800001c080000
28080000360800003808000079080000ee080000240900000f1500008b16000087190000551d0000581d0000bd1e0000
f01f000098210000122700007327000086270000ea280000ec2800000b2900003d2900002a3300004733000051330000
6b340000d9340000db350000a20100003c03000028090000740b0000790b0000e1220000232a00003a36000026000000
4f000000920000009b000000c3000000a201000040020000c2020000e4020000e8020000180300003c0300008e030000
ad03000026050000860500008e050000960500007c06000084060000020800001908000036080000380800006c080000
6e0800007e080000ee0800002409000028090000740b0000790b0000b10b0000c90b00000a0c00000f1500008b160000
581d0000bd1e00008f220000e1220000cc250000122700007327000086270000ea280000ec2800000b2900003d290000
232a0000642c00006b340000d9340000db350000023600003a3600000e380000eb00000021010000650100006e010000
92010000ab010000e50200005b0300008f030000080400009d040000f4040000c0050000c8050000d5050000b6060000
bd060000840800008c080000a8080000ab080000c20800003d0900006c090000730900008f0b0000960b0000b20b0000
ca0b0000fe0b0000850c0000c90c0000d20c0000f60c0000380d00003e0d00004d0d0000860d00008a0d0000c50d0000
c70d0000d60d0000d70d0000ef0d00000d0e00003a0e0000dc0e0000790f0000d90f000075110000761100007a110000
831100008511000093110000951100009d110000a7110000a8110000dd110000e0110000f71100002a12000053120000
581200003a140000401400005a14000069140000a3140000351500007f150000ab150000f115000097160000ba170000
c2170000cf170000d718000093190000ae190000591a0000611a00007b1d00007d1d0000c91d0000d31d0000c91e0000
891f0000921f0000b21f0000122000001d20000065200000a4210000b82100003922000040220000ae220000e2220000
fd2200002a2300004a230000902300009a230000be230000e1250000eb2500000e2600002a2600000f27000021270000
7b27000087270000d4270000ef280000f02800000829000045290000172a0000b82a0000182b0000aa2b0000832c0000
482d0000e1330000ec3300006f340000e2340000d835000015360000183600004f360000cb36000073370000e6370000
23380000303800005538000072380000a2010000e40200003c0300008e03000028090000740b0000790b0000b10b0000
c90b00000a0c00008f220000e1220000cc250000122700007327000086270000ea280000ec2800000b2900003d290000
232a0000db3500003a3600000e380000d60d00003a0e00005a14000069140000a3140000d7180000ae190000591a0000
c91d0000891f00001d20000065200000b82100003922000040220000fd2200004a2300009a230000eb2500000f270000
182b0000aa2b000073370000e637000030380000260000004f000000920000009b000000c3000000a2010000b5010000
d201000048020000c5020000e40200003c0300008e030000ad0300007d040000860500008e050000960500007c060000
84060000f2070000f4070000f8070000050800001c080000280800006c0800006e0800007e08000028090000740b0000
790b0000b10b0000c90b00000a0c000087190000551d0000f01f0000982100008f220000e1220000cc25000012270000
7327000086270000ea280000ec2800000b2900003d290000232a0000642c00004733000051330000db35000002360000
3a3600000e38000045120000181400002a1500005b1700005f17000022200000bd20000040210000fd21000000220000
0422000051270000a02800008b290000952900009e2900004e370000ff3700008c380000293d0000633e00007b3e0000
660000002a010000bd010000c401000067020000d00300008f0400008d060000b7060000fb0600000207000012070000
12090000570a0000590a00005a0a00007d0a0000850a0000d50a0000d60a0000ea0a0000eb0a0000110b0000130b0000
4f0b00006b130000fa1400003b1700003c170000f31a0000051c0000931c0000c61c0000c71c0000c2210000c6210000
142200005d360000643600007a360000803600008836000046370000c53700002c3b0000443b00009e3b0000b33b0000
dc3b00001b3c0000223e00002900000065000000dd000000a5010000b601000045020000f1020000050300008c060000
4107000086080000c8080000d1080000f60800009d0c0000af1a0000ee1a0000361c0000dd1f0000de1f00003c200000
d1000000010100000d01000081010000b1010000e8010000f10100009e02000040030000670300007b040000a0040000
b0050000b40500009c080000dc08000026090000770900008b090000b2090000b6090000720b00007c0b0000a20b0000
a90b0000020c0000710c0000e50c0000390d00004a0d0000b40d00002f0e00007111000073110000d111000019120000
7c1200005e140000641400009d140000421800004518000055180000351b0000fa1c0000001d00001c1d0000161e0000
d11f00000d2000005420000055200000f72000006a2100002f2200003022000044220000452200005822000059220000
9d220000c122000002230000362300004723000076230000dc250000ec250000022600000b26000018260000102a0000
002f0000213500000836000038360000973600001e38000031380000483800005138000060380000b9010000e1010000
990200004a03000073040000af090000b6090000ba090000850b00009a0b0000f70b0000d81f00008e21000093220000
ca2500001027000035270000ac27000053280000572800002529000060290000d23700000c38000078380000f1010000
e602000000030000400300001e050000470600004b0600001a09000026090000720b00007c0b00001e150000fc160000
9d2200001027000035270000ac27000053280000572800002529000060290000102a00002f3600003836000078380000
080000002f0000004c0000007600000078000000b700000041020000560200005c0200007e020000aa0300008a050000
8b0500001406000015060000780700007a0700008f0700006b08000073080000010900004d090000de090000e7090000
ed090000a21a0000c41a00001f1c0000581c00002733000001360000263600009a370000b9010000e1010000f1010000
99020000e602000000030000400300004a030000730400001e050000470600004b0600001a09000026090000af090000
b6090000ba090000720b00007c0b0000850b00009a0b0000f70b0000870d00008d0d0000910d0000a30d000035100000
3710000036120000dd120000e3120000e81200001e150000fc160000d21a0000e41a00002b1c0000641c0000d81f0000
8e210000932200009d220000ca25000010270000142700002a27000035270000462700007527000076270000ac270000
ad270000e027000053280000572800006628000068280000e8280000ed28000005290000252900002e2900003b290000
6029000061290000102a0000d53500002f36000038360000b43600009e370000d23700000c3800007838000081380000
420d0000d1100000ac130000b01300008415000031160000761600009b1700009e170000a2170000e021000051270000
a02800008b290000952900009e2900000b370000623700008c380000b13c0000d43d00007b3e000066000000bd010000
d00300008d060000fb06000098080000fa0800001209000016090000570a0000590a00005a0a0000ba0a0000d50a0000
d60a0000150b00004f0b0000530b00008e0c00002e13000036130000fa140000011500005f150000be15000065160000
3b1700003c17000050170000511700008317000084170000ad1a00008f1c0000911c0000e71c0000c22100005d360000
7a360000e6360000463700004c3700005d370000b43700002c3b0000833b00009e3b0000e03b00001b3c00001f3c0000
bc3d00002900000065000000fc00000039010000a50100004c02000069020000f1020000f20200000503000006030000
8c060000c5060000140700004107000042070000c80800005a150000e3160000211b0000dd1f0000d100000001010000
0d010000810100000002000099020000ed020000f90200004a0300006e030000f004000013050000b0050000b4050000
440600004b0600004f0600009c08000038090000770900008b090000850b00009a0b0000a50b0000a90b0000f70b0000
710c0000e50c0000600d0000db0d0000ea0d0000120e0000a3110000a9110000ae110000d1110000591200007c120000
3b140000431400002515000032150000461500004915000097150000a815000014160000cc160000d3160000f0160000
f9160000aa170000ae170000bd170000bf170000001b0000341b0000491c0000f41c0000f91c000093220000ba220000
1f23000077230000ad230000ae230000ca2500001b2a0000b22a00007a2b0000d52b0000d62b0000cd2c0000f2330000
083600004a36000097360000cc3600003b37000044370000a93700000c380000201400005c170000be20000001220000
8c290000a62900004f370000003800008d380000313d0000653e00007c3e0000e60d0000051100002220000040210000
5a270000a828000066000000080300008d0600004407000087080000c9080000d2080000f70800009e0c0000b01a0000
371c0000e01f0000e21f00003d200000890100006b0300007c040000a1040000b10500009d080000dd08000027090000
6a0900008e090000b3090000730b0000a60b0000030c0000ed0c0000310e000072110000d21100001a1200007f120000
601400009e140000371b0000fc1c00001d1d0000171e0000d51f00000f2000005c20000060200000f82000006b210000
372200003b2200005b2200005d220000a5220000dd250000ed250000032600000c26000019260000132a0000012f0000
223500000936000039360000983600001f38000032380000493800005238000061380000e50100005203000074040000
b3090000bb0900008d0b0000fa0b00008f210000cb250000b4270000542800002629000063290000d33700000d380000
793800001f050000480600001b09000027090000730b000022150000fd160000a5220000b42700005428000026290000
63290000132a0000303600003936000079380000e501000052030000740400001f050000480600001b09000027090000
b3090000bb090000730b00008d0b0000fa0b0000a50d00003610000037120000df120000e912000022150000fd160000
e61a00002c1c0000651c00008f210000a5220000cb25000078270000b4270000b8270000e12700005428000067280000
e928000006290000262900002f2900003c2900006329000065290000132a0000d63500003036000039360000b5360000
9f370000d33700000d3800007938000082380000ad130000321600009f170000e82100008c290000a62900000c370000
633700008d380000b23c0000d63d00007c3e0000101200008415000076160000092000005a270000a828000066000000
3a0100006a020000080300000a0300008d060000c6060000150700004407000046070000c9080000e4160000221b0000
e01f000089010000fd02000052030000f10400001a050000b105000048060000500600009d080000390900006a090000
8e0900008d0b0000a60b0000fa0b0000ed0c0000ec0d0000a5110000af110000d21100005a1200007f1200003c140000
15160000cd160000d4160000f1160000fa160000ab170000be1700004a1c0000f51c0000be2200002123000079230000
b5230000b9230000cb2500001c2a0000b32a00007b2b0000d82b0000da2b0000ce2c0000f3330000093600004b360000
98360000cd3600003c37000045370000aa3700000d38000094150000771700008f170000ab1700005a1f00007f1f0000
5c2000000c2200002422000037220000f422000059370000033800000c3d0000b03d0000453e00005f0d0000be0d0000
6c150000dc160000421800008f1d0000bd1d00009e1e0000060000000b000000560000006d000000df000000f0010000
8e02000092020000a5020000b50200007d06000094060000e1080000e8080000910c000054180000481d00004a1d0000
511d0000af1d000064010000a2010000aa020000d1020000e40200003c0300008e030000fc0500002c060000ea080000
f3080000ca090000fa090000740b0000790b0000b10b0000c90b0000f30b00000a0c0000c80c0000850d0000c40d0000
140e00005a1a00006a1a00003d1d0000641d00007a1d0000c81d0000cc1d0000df1d0000521e0000f11e00008c1f0000
9e1f0000af1f0000b61f00008f220000e1220000042300008f23000093230000a6230000cc250000e02500000f260000
162600000e27000012270000ba2e0000e034000014360000223600000e38000022380000333800005438000056380000
5d380000ce0d0000d60d0000cd120000f4120000fd12000090190000d2190000611a00006d1d0000981d0000d31d0000
151e0000061f0000091f0000921f0000b21f00001d20000046200000aa210000902300000e2600000f2700006a370000
dc37000055380000260000004f000000920000009b000000c3000000d30000000f010000a2010000b501000040020000
aa020000b3020000c2020000d1020000e4020000ab030000a5040000860500008e050000b2050000b6050000fc050000
030600002c060000350600007c0600008406000002080000190800006a0800006c0800006e0800009e080000ea080000
ed080000ee0800004f090000ca090000fa090000060a0000fd0c00008412000083190000d9190000ed1a0000121b0000
d21b0000411c00003d1d0000581d0000641d0000681d0000b41d0000bd1e0000f11e0000f31e0000121f0000d9340000
00360000023600000a360000223600002536000065370000a43700000a0100006b030000b7040000b105000048060000
6a0900007c0a0000810a0000ca0a0000040b0000370b0000400b00005f0b00008d0b0000a60b00006e0c0000080e0000
a51100002d130000321300007b130000ca13000000140000301400003c140000221500003115000094150000a7150000
bd150000f71500004c170000541700005d17000061170000771700007e1700008f17000098170000ab170000be170000
f31900002f1b0000d11c0000dc1c0000f51c0000221f0000341f0000551f0000731f00007f1f0000831f000089220000
6336000086360000e5360000183700004b37000050370000593700005c3700007d370000c9370000433b0000933b0000
ce3b0000033c00002b3c0000d23c0000413d0000b03d0000b73d00002e3e0000d8000000f20000003f010000fa010000
9e020000ba020000e60200000c030000cb0600002d0700004807000085080000e7080000a30c0000af0d0000d80d0000
e90d000008110000221200006c15000070150000dc160000de160000571800003e1c0000501d0000781d0000b11d0000
bd1d0000be1d0000d501000020030000fb06000044070000c9080000d3080000120900001e09000012150000c3160000
f81f0000922100008e2700001e3600003336000084380000d501000020030000fb06000044070000c9080000d3080000
120900001e0900009d0d000012150000c3160000de1a0000f81f0000922100008e27000092270000a5270000a1280000
b128000032290000392900001e36000033360000b83600008438000086380000f50d000005110000451200004e120000
38150000d01600002a200000b320000040210000a62100008f27000099270000a0280000a82800003129000035290000
c2360000da37000085380000a400000068010000d5010000de0100007302000020030000a9030000790400008d060000
b7060000fb0600000207000012070000440700007108000087080000a9080000c9080000d2080000d3080000d6080000
f708000005090000120900001e090000de0c0000e411000012150000c3160000bc1a0000f71a0000051c0000241c0000
371c00003a1c0000f81f0000fc1f0000412000009221000094210000af21000006360000163600001e36000021360000
2a36000033360000a2370000500d0000d110000010120000161200008c1500002716000076160000ec16000018200000
9f2100008f27000099270000a0280000a82800003129000035290000ad3600003937000085380000a40000007a010000
d5010000760200002003000024030000a9030000230500008d060000c6060000fb060000150700004407000046070000
7108000098080000af080000c9080000d3080000fa0800000609000012090000160900001e09000020090000cc0c0000
de110000121500001b1500006315000065160000c3160000c6160000e4160000e7160000b91a0000261b0000231c0000
471c0000f81f000092210000063600001c3600001e3600002b3600003336000035360000363700000a010000e5010000
360300008e040000b10500006a090000b30900007c0a0000810a0000ca0a0000e60a0000ee0a0000f30a00002e0b0000
400b0000730b0000a60b00006e0c0000490d0000721100002d130000321300007b130000ae130000b213000011140000
60140000b0180000dd180000041a0000121a00002a1a0000311a0000351a0000df1c0000fc1c00002b1f0000341f0000
441f00005a1f0000631f0000701f0000d2210000f82100002422000028220000372200003b220000be220000f8220000
332300004623000071230000633600007f36000081360000e53600000d37000082370000863700008e37000091370000
92370000433b0000933b0000af3b0000bd3b00000c3c0000b33c0000223d0000f33d0000fa3d0000ff3d0000d8000000
f20000003f010000b9010000000200008f020000bd020000cb0600003007000085080000d0080000e0080000a30c0000
3b0d0000650d0000c20d0000f6100000111200009b1900009d190000a2190000021b0000171b00004d1d0000891d0000
8d1d0000e41f00000c2000004a2000004b200000380d0000b70d00002310000049100000271200007b1500007f150000
13160000151700002517000028170000aa190000ae190000591a0000841d0000b91d0000c91d0000fe1e0000891f0000
9a2300000f270000aa2b0000b13600007037000073370000260000004f000000920000009b000000c3000000f8000000
99010000a201000048020000aa020000c5020000d1020000d5020000e4020000e8020000ab030000f504000086050000
8e050000fc0500002c0600007c06000084060000050800001c080000280800006a0800006c0800006e080000ea080000
4f0900006f0900007a09000093090000ca090000cc090000fa090000fe090000060a0000080a0000730c0000d3110000
5915000030190000831900008619000087190000a51900001a1b0000751c00007e1c00003d1d0000461d0000551d0000
641d0000ac1d0000f11e0000513300000036000002360000223600009936000065370000683700006d370000b3090000
ee0a0000370b00008d0b0000f3190000221f0000d51f000085200000cd210000d2210000892200003227000054280000
8d29000092290000e22900007d370000ef3700008e380000b73b0000033c00007d3e0000b1010000c6010000fa010000
ba020000040700002d0700001727000068270000b6280000d60d00003a0e00005a14000069140000a3140000d7180000
ae190000591a0000c91d0000891f00001d20000065200000b82100003922000040220000fd2200004a2300009a230000
eb2500000f270000182b0000aa2b000073370000e637000030380000fd020000360300003d05000048060000f30a0000
2e0b00005a0b00005f0b0000730b0000541700002b1f000032270000542800008d29000092290000e229000081360000
933600008e380000bd3b0000263c00007d3e00008f020000ed020000e008000014090000031500004d1d000017270000
68270000b6280000120000002b000000620000006f00000043020000520200006f02000089060000960600001a070000
f8080000b51a0000260000004f000000920000009b000000c3000000d30000004a010000a2010000b501000040020000
e40200003c03000044030000860300008e030000ad030000f8040000860500008e050000960500007c06000084060000
a7070000a90700006c0800006e0800007e080000b3080000280900002a09000042090000740b0000760b0000790b0000
7f0b0000b10b0000bf0b0000c10b0000c90b00000a0c0000c00c000043110000ed1a0000321b00004b1c0000f61c0000
f81c00008f220000b5220000e1220000e522000087230000cc250000182a0000232a0000252a0000802b0000642c0000
d1330000023600003a3600003c36000054360000ab3700000e380000fd020000360300003d05000048060000b3090000
ee0a0000f30a00002e0b0000370b00005a0b00005f0b0000730b00008d0b0000900d000036100000df120000e4130000
e6130000f713000054170000f3190000d11a0000ae1c0000b01c0000c11c0000221f00002b1f0000d51f000085200000
cd210000d221000089220000322700004527000070270000352800005428000067280000e92800008d2900008f290000
9229000098290000b6290000d8290000da290000e2290000e62900008136000093360000223700007d370000bd370000
ef3700008e38000090380000a8380000b73b0000bd3b0000033c0000263c0000f03c0000043d00007d3e00007f3e0000
a93e0000b1010000c6010000fa0100008f020000ba020000ed020000040700002d070000e008000014090000880d0000
8c0d00009b0d0000e61000003212000003150000dc1a00004d1d0000172700001d270000282700005d27000068270000
69270000ab280000b6280000b7280000380d00000d0e0000581200003a140000401400007f150000ab150000f1150000
ba170000c2170000cf170000611a0000d31d0000921f0000b21f00002a23000090230000be2300000e2600002a260000
0f270000b82a0000cb3600005538000072380000260000004f000000920000009b000000c3000000f80000005c010000
a201000048020000e4020000e80200003c030000620300008e03000092030000ad030000a8040000860500008e050000
960500007c06000084060000b6070000ba070000d10700006c0800006e0800007e08000028090000740b0000790b0000
920b00009d0b0000b10b0000b30b0000c90b0000cd0b0000ff0b00000a0c00000c0c0000ae0c0000e811000059150000
451b0000061d00000a1d0000221d00008f22000097220000d9220000e122000074230000cc250000ce250000e6250000
1a260000232a0000642c000042330000023600003a3600000e38000010380000283800006238000091080000cd080000
a30a0000da0a00009b0c0000130d0000420d0000450d0000970d0000760e0000f30e0000b8100000d1100000d4100000
e210000034120000571300005b130000861300008c1300009b130000ac130000b0130000bf130000c1130000e2130000
e7130000ee130000841500003116000076160000e5160000851700009b1700009e170000a2170000db1a0000231b0000
6b1b0000a41b0000b21c0000b91c0000bb1c0000eb1c0000f11c0000e11f000083200000cb210000d6210000e0210000
e121000051270000a02800008b290000952900009e290000f1360000fe3600000b370000143700002037000062370000
c1370000ce370000ed3700008c3800006c3b0000a33b0000983c0000b13c0000c43c0000ee3c0000fb3c0000be3d0000
d43d00007b3e0000120900004f0b0000fa1400003b1700003c170000f31a0000051c0000c61c0000c71c000014220000
46370000c53700001b3c0000223e0000f10200000503000041070000ee1a0000361c00003c2000000101000081010000
99020000ed020000f90200004a03000013050000440600004b0600004f060000770900008b090000850b00009a0b0000
f70b0000710c0000390d00004a0d00008d0d0000a30d00007111000073110000d111000019120000dd120000e3120000
e8120000251500004615000097150000cc160000f0160000aa170000ae170000d21a0000f01a0000fd1a0000001b0000
341b00007c1b00002b1c00003c1c0000491c00006d1c00006f1c0000f41c0000f91c00000d2000003820000012210000
6a2100009322000077230000ad230000ca2500007a2b0000d52b0000cd2c00001b2f000021350000973600003b370000
9e370000a93700000c380000e7000000020100004d010000820100004b0200005d020000f5030000c004000016060000
190600001f060000ab070000b0070000cc07000063090000780900008c090000820c0000b00c0000870d0000910d0000
3510000037100000da110000e6110000361200005d15000066150000001600001b1700001e1700001f170000ce1a0000
e41a0000001b0000201b0000341b0000281c0000451c0000491c0000641c0000f41c0000f91c0000772300007a2b0000
b52c00003d330000a0360000b4360000a6370000a93700001027000035270000ac270000532800005728000025290000
6029000078380000560200007e020000de090000e7090000ed090000a21a00001f1c00009a370000b9010000e1010000
990200004a03000073040000af090000b6090000ba090000850b00009a0b0000f70b0000870d0000910d000035100000
37100000361200005d15000066150000001600001b1700001e1700001f170000e41a0000001b0000201b0000341b0000
451c0000491c0000641c0000f41c0000f91c0000d81f00008e2100009322000077230000ca2500001027000035270000
ac270000532800005728000025290000602900007a2b0000b4360000a6370000a9370000d23700000c38000078380000
420d0000d110000045120000ac130000b0130000181400002a1500005b1700005f170000e0210000602700002d280000
ae280000bb290000be290000c22900000b3700004e3700009e380000b13c0000293d00009e3e000098080000fe080000
ba0a0000210b00008e0c00002e13000036130000b41a0000f31a0000561b0000051c0000a01c0000a11c0000c61c0000
c71c000014220000e6360000b9370000c5370000833b0000ec3b0000223e0000fc00000039010000500200006d020000
c506000018070000ee1a0000361c00003c20000001010000810100009e02000067030000a0040000770900008b090000
a20b0000a90b0000020c0000710c0000600d00008d0d0000a30d0000120e0000d111000059120000dd120000e3120000
e81200003b1400004314000042180000e4180000d21a0000031b00003f1b00002b1c0000501c0000021d0000041d0000
542000002f2200004422000058220000c12200001f230000362300007e230000dc25000002260000b22a00007e2b0000
97360000cc3600009e370000b03700001e38000048380000a70a0000de0a0000770e0000f40e00005813000087130000
9d130000ad130000c0130000e3130000f013000032160000871700009f1700006c1b0000a51b0000b41c0000ba1c0000
ec1c000084200000cc210000e8210000ec2100008c290000a6290000f2360000ff3600000c3700001537000021370000
63370000c2370000cf370000ee3700008d380000703b0000a73b0000993c0000b23c0000c53c0000ef3c0000fd3c0000
c03d0000d63d00007c3e000037010000c1010000c3060000ff060000170d00009a0d0000bb100000e510000010120000
141200003112000060150000841500006616000076160000da1a0000092000000a2000005a270000a828000008030000
44070000371c00003d20000089010000fd020000520300001a05000048060000500600006a0900008e0900008d0b0000
fa0b0000a50d000072110000d21100001a120000df120000e9120000cd160000f1160000ab1700007d1b00002c1c0000
3d1c00004a1c00006e1c0000f51c00000f2000003a200000132100006b21000079230000b5230000cb2500007b2b0000
d82b0000ce2c00001c2f000022350000983600003c3700009f370000aa3700000d380000580d00001b0e0000d30e0000
740f00005d1000004a12000057120000ba120000c0120000391400004a1400009514000040150000091700009b210000
0b230000ea2500003b270000cd2700005d280000732800004c290000aa2a0000c22f0000be360000ca360000d7370000
2f3800004f0100008d0100005f020000f8030000c30400001806000020060000ad070000cd0700006e09000090090000
36100000db110000e71100003712000068150000011600001d17000020170000e61a0000291c0000461c00004a1c0000
651c0000f51c0000792300007b2b0000b62c00003e330000a1360000b5360000a7370000aa370000b427000054280000
262900006329000079380000e50100005203000074040000b3090000bb0900008d0b0000fa0b00003610000037120000
68150000011600001d17000020170000e61a0000461c00004a1c0000651c0000f51c00008f21000079230000cb250000
b42700005428000026290000632900007b2b0000b5360000a7370000aa370000d33700000d38000079380000ad130000
201400005c170000e82100002e280000bf2900000c3700004f3700009f380000b23c0000313d0000a03e0000e60d0000
05110000101200000920000060270000ae2800003a0100006e020000c606000019070000371c00003d20000089010000
6b030000a10400006a0900008e090000a60b0000030c0000a50d0000d21100005a120000df120000e91200003c140000
e51800002c1c0000511c0000031d00005c200000372200005b2200002123000080230000dd25000003260000b32a0000
7f2b000098360000cd3600009f370000b13700001f38000049380000b10500006a090000810a0000ca0a0000400b0000
a60b00006e0c0000ed0c00001b0d0000040e0000080e0000310e000036100000df1200002d1300003213000063130000
7b130000ca130000d9130000e6130000f713000000140000111400003c140000601400008f170000ab170000b0180000
041a00002a1a00004f1a0000d11a0000e61a00003e1b0000911b0000ae1c0000b01c0000bd1c0000c11c0000d81c0000
e31c0000031d0000341f0000441f0000551f00005a1f0000771f00007f1f00002422000037220000be22000033230000
b5230000e5360000f5360000183700001e370000823700008e37000097370000bd370000c3370000cc370000483b0000
933b00000c3c00009a3c0000d03c0000d23c0000e23c0000f23c0000043d0000c83d0000f33d0000353e0000d1000000
f20000002c0100003f01000000020000bd020000b9060000cb06000030070000020d0000150d0000870d00008c0d0000
980d00009b0d0000ae0d0000af0d0000b40d0000e3100000e6100000221200002512000046150000721500006d160000
581800009b190000401c0000741d0000751d0000781d0000891d0000b21d00004a200000f0010000b502000054180000
af1d000064010000a2010000aa020000d1020000e4020000fc0500002c06000036060000ca090000fa090000060a0000
c80c0000850d00009d0d0000c40d00005915000030190000831900008c190000d9190000de1a0000ed1a0000121b0000
1a1b0000d21b0000411c0000431c0000751c00003d1d0000641d00007a1d0000ac1d0000b41d0000c81d0000721e0000
121f00008f2300000e270000c02c0000ce2e0000e034000014360000b83600006537000072370000a4370000eb000000
6e01000092010000ab010000ae020000fa030000eb040000000600003006000038060000bd0600008c080000ab080000
6c0900007309000092090000850c0000c90c0000010d00000c0d0000340d0000380d00003e0d0000860d00008b0d0000
a00d0000a80d0000b70d0000bb0d0000c50d0000080f00002a0f00000210000004100000231000002610000049100000
4d100000e41000008311000093110000d9110000dd110000ff11000027120000291200002a120000331200003b120000
aa120000e1120000e2120000eb1200005b1500007b1500007f1500001316000015170000251700002817000031190000
8d190000aa190000ae190000591a0000d51a0000df1a00001b1b00008c1b00002e1c00002f1c0000441c0000761c0000
651d00007d1d0000841d0000851d0000ad1d0000b91d0000c91d0000731e0000c91e0000fe1e0000ff1e0000891f0000
9a2300000f270000aa2b0000c22c0000cf2e0000e2340000183600009f360000a5360000b1360000b3360000ba360000
7037000073370000a1370000d1020000e4020000ca090000fa090000060a000083190000d9190000ed1a0000121b0000
d21b0000411c00003d1d0000b41d0000121f000065370000a43700006a090000ca0a0000400b0000a60b00006e0c0000
080e0000df1200002d13000032130000ca130000f7130000001400003c140000b0180000041a00002a1a0000d11a0000
3e1b0000911b0000ae1c0000b01c0000d81c0000e31c0000031d0000341f0000551f00005a1f0000771f000024220000
37220000be22000033230000e536000018370000823700008e370000bd370000cc370000933b00000c3c0000d23c0000
043d0000f33d0000353e0000f20000003f01000000020000bd020000cb060000300700008c0d00009b0d0000af0d0000
e610000022120000581800009b190000401c0000781d0000891d0000b21d00004a20000073010000d9010000f1030000
6f040000c3060000ff06000091080000ae080000cd080000d5080000d70c0000260d00002a0d0000500d0000540d0000
9e0d0000a10d0000d80e0000280f0000b8100000bb100000d1100000d4100000e2100000e5100000e311000002120000
041200001012000014120000161200001812000031120000341200003a1200003c120000641500008c150000ff150000
271600006616000076160000e5160000e8160000ec160000e11a0000e21a0000271b0000301c0000311c0000481c0000
f91f00001820000019200000932100009f210000a02100008f27000099270000a0280000a82800003129000035290000
1b36000020360000aa360000ad360000af360000b9360000bb3600003737000039370000853800002003000044070000
120900001e09000012150000c3160000f71a0000051c0000371c00003a1c000041200000af21000033360000a2370000
500d0000f50d0000d1100000051100001012000016120000451200004e12000038150000d0160000182000009f210000
9e270000df270000ae28000038290000ad360000c23600008a3800007a0100007a020000ca040000c606000019070000
98080000af080000fe08000008090000cc0c0000de110000c01a0000f71a0000051c0000261c0000371c00003a1c0000
41200000af2100001c3600002d360000a2370000480600006a090000ca0a0000370b00005f0b00008d0b00006e0c0000
490d000072110000df1200002d13000032130000ae130000b2130000f71300002215000094150000bd1500004c170000
54170000771700008f170000ab170000f3190000d11a0000fc1a00002f1b0000831b00006e1c0000ae1c0000b01c0000
cd1c0000cf1c0000d11c0000dc1c0000f51c0000221f0000731f00007f1f0000f82100001c22000089220000e5360000
0d3700004b370000593700007d370000bd370000c8370000c9370000933b0000033c00002b3c0000b33c0000043d0000
b03d0000293e00002e3e0000f20000003f010000fa010000ba020000e60200000c030000cb0600002d07000048070000
3b0d00008c0d00009b0d0000e6100000111200006c150000dc16000057180000f11a0000391c00003e1c0000b11d0000
bd1d00000c2000003f200000380d0000b70d0000ce0d0000d60d0000231000004910000027120000cd120000f4120000
fd120000901900006d1d0000841d0000fe1e000025270000492700008f27000099270000bd270000e327000063280000
6b280000a0280000a82800002d290000312900003529000067290000b13600006a3700008038000085380000f8000000
990100004f0200007602000086020000cd04000015070000fa080000060900006f0900007a09000093090000e4090000
e6090000f0090000730c0000d3110000d9190000aa1a0000b91a0000ed1a0000121b0000d21b0000221c0000231c0000
411c0000b41d0000121f00002b360000993600009d370000a4370000df0d0000050e00009a0f00005d100000ba120000
c4130000c9130000fd130000051400002214000029140000391400004a14000073170000111a0000411f0000491f0000
02200000a8200000ea210000f1210000f5220000b5270000312800005d280000af290000cb290000e329000017370000
3137000085370000f9370000a3380000c93c0000d13c0000163d0000333d0000973e000018060000ad0700006e090000
9f0a0000ce0a00001d0b0000810c0000ab0c0000900d00007e0e0000361000002f130000381300007113000073130000
e4130000e61300001d1700008c170000c91a00001f1b00002f1b0000571b0000a61b0000a41c0000a81c0000c11c0000
d11c0000dc1c0000ed1c0000ef1c0000f51c0000731f0000e7360000fb36000022370000ba370000c9370000d0370000
683b0000973b0000e83b0000f03c0000c53d00002e3e0000e4000000f300000034010000400100004a0200006c020000
c0060000cc06000017070000880d0000321200005c150000611500006716000057180000dc1a00003e1c0000b11d0000
eb000000210100006e010000ab0100005b030000080400009d040000c0050000c8050000d5050000bd0600008c080000
ab0800008f0b0000960b0000fe0b0000c90c0000f60c0000010d00001d0d0000210d0000380d00003e0d0000860d0000
8b0d0000940d0000a00d00000d0e0000150e0000340e00002c0f00004e0f0000391000003a1000003e100000e4100000
5b1100005c11000066110000dd110000f711000005120000331200003b120000581200005b1200006d1200003a140000
3d140000401400004414000062140000631400005b1500007f150000ab150000f1150000ba170000c2170000cf170000
e3180000611a0000df1a0000e91a0000461b00002f1c0000351c0000531c0000071d00000b1d0000d31d0000921f0000
b21f0000e2220000102300002a2300002b2300007c23000090230000be230000e12500000e2600002a2600000f270000
ad2a0000b82a0000b92a00007d2b0000832c0000872d0000dd33000018360000ba360000cb360000cf360000e1360000
b337000023380000553800007238000032270000542800008d29000092290000e22900008e3800007d3e000017270000
68270000b6280000520200006f0200001a070000e40200008e030000b10b0000c90b00000a0c0000ed1a0000321b0000
4b1c0000f61c0000f81c00008f22000087230000cc250000802b0000ab3700000e380000b3090000ee0a0000370b0000
8d0b0000900d000036100000e4130000e61300001d1700008c170000f31900001f1b00002f1b0000a61b0000c11c0000
d11c0000dc1c0000ed1c0000ef1c0000f51c0000221f0000731f0000d51f000085200000cd210000d221000089220000
32270000542800008d29000092290000e2290000223700007d370000c9370000d0370000ef3700008e380000b73b0000
033c0000f03c0000c53d00002e3e00007d3e0000b1010000c6010000fa010000ba020000040700002d070000880d0000
321200005c150000611500006716000057180000dc1a00003e1c0000b11d00001727000068270000b6280000380d0000
d60d00000d0e00003a0e0000581200003a140000401400005a14000069140000a3140000fd2200002a230000eb250000
25270000492700008f27000099270000bd270000e7270000632800006b28000078280000a0280000a828000031290000
352900004d290000b82a0000c72f0000cb3600003038000085380000f80000005c0100004f0200006402000076020000
d00400001b0600001d0600002106000015070000b6070000ba070000d1070000fa08000006090000ae0c0000e8110000
b91a0000cc1a0000ed1a0000321b0000231c00002a1c00004b1c0000f61c0000f81c000087230000802b0000b72c0000
423300002b360000ab37000091080000cd080000a30a0000da0a00009b0c0000420d0000760e0000d110000057130000
5b130000ac130000b01300008415000031160000761600009b1700009e170000a2170000e11f000083200000cb210000
d6210000e021000051270000a02800008b290000952900009e290000f13600000b37000062370000ed3700008c380000
6c3b0000a33b0000b13c0000d43d00007b3e0000120900004f0b0000fa1400003b1700003c170000463700001b3c0000
f102000005030000410700004615000097150000f0160000aa170000ae170000ad230000d52b00003b370000420d0000
d1100000ac130000b01300008415000031160000761600009b1700009e170000a2170000e021000051270000a0280000
8b290000952900009e2900000b370000623700008c380000b13c0000d43d00007b3e0000010100008101000099020000
ed020000f90200004a03000013050000440600004b0600004f060000770900008b090000850b00009a0b0000f70b0000
710c0000d1110000251500004615000097150000cc160000f0160000aa170000ae17000093220000ad230000ca250000
d52b0000cd2c0000973600003b3700000c3800003701000009030000450400003b050000c306000045070000a60a0000
aa0a0000580b0000630b00004512000054130000181400002a150000401700005b1700005f17000022200000bd200000
40210000fd210000002200000422000051270000a02800008b290000952900009e2900006f360000913600004e370000
ff3700008c3800006f3b0000243c0000293d0000633e00007b3e00006a000000670200000a030000d20300003e050000
910600001207000046070000d2080000fa0800003f0a0000670a0000690a0000e90a0000110b0000130b0000150b0000
5b0b0000640b00004f170000ad1a00008f1c0000911c0000931c0000e21f000086200000ce210000d721000052270000
a12800008e29000096290000d22900005f3600008836000094360000b4370000f03700008f3800001c3b0000b23b0000
dc3b0000e03b0000273c00007e3e0000200000005b000000b6010000c3010000450200004c02000069020000f2020000
820600000107000014070000f60800001509000000150000af1a00001c27000062270000b02800001d0000003b000000
c7000000d5000000f30000004c01000097010000b9010000e1010000f10100000402000099020000e602000000030000
400300004a03000088030000960300000904000073040000f60400001e0500007a050000810500009205000047060000
4b060000a5070000aa0700007c080000b1080000c30800001a09000026090000400900006d09000078090000af090000
b6090000ba090000720b00007c0b0000850b00009a0b0000bd0b0000c30b0000f70b00007f0c0000b10c0000b40d0000
2f0e0000d60f00003e1100005e140000641400009d1400001e150000fc160000d4180000001b0000341b0000491c0000
f41c0000f91c00008d1d0000d81f00006a2000008e210000b92100003a22000045220000932200009d2200009e220000
022300004423000077230000ca250000ec2500001027000035270000ac27000053280000572800002529000060290000
102a0000112a0000152b00007a2b0000602c0000452d0000cc3300002f3600003836000052360000a9370000d2370000
e73700000c3800003138000078380000bd010000fb060000d50a0000d60a0000c22100007a3600009e3b0000a5010000
c8080000dd1f000010000000680000008f0600000600000037000000b3000000f2010000410300007505000076050000
65080000290900004b090000750b00007d0b0000d12200001e2a0000fb3500003b36000066000000bd01000067020000
0a030000d00300003e0500008d060000fb060000120700004607000012090000570a0000590a00005a0a0000d50a0000
d60a0000110b0000130b00004f0b00005b0b0000640b0000fa1400003b1700003c1700004f170000931c0000c2210000
52270000a12800008e29000096290000d22900005d3600007a3600008836000094360000463700008f3800002c3b0000
9e3b0000dc3b00001b3c0000273c00007e3e00002900000065000000a501000045020000f1020000f202000005030000
8c06000041070000c8080000f60800001509000000150000af1a0000dd1f00001c27000062270000b0280000d1000000
0d010000b1010000e8010000f1010000400300007b040000b0050000b40500009c080000dc08000026090000b2090000
b6090000720b00007c0b0000e50c00007c12000042180000d11f000054200000f72000002f2200004422000058220000
9d2200003623000002260000102a0000002f0000083600003836000048380000080000002b0000004a00000076000000
78000000c8000000f2010000a5020000410300007e030000ac030000890500008b05000095050000780700007a070000
8f070000730800007f08000029090000750b00007d0b0000b90b0000c20b0000050c000094220000d1220000cd250000
1e2a0000632c0000273300003b3600000f3800003701000009030000450400003b050000c30600004507000091080000
cd080000a30a0000a60a0000aa0a0000da0a0000580b0000630b00009b0c0000420d0000970d0000e70d0000760e0000
9b0f0000d1100000e21000000611000014120000331200004512000054130000571300005b130000ac130000b0130000
be130000e2130000e7130000e813000018140000231400002e1400002a15000084150000311600007616000040170000
5b1700005f1700006d1700009b1700009e170000a2170000d81a0000ac1c0000b11c0000b21c0000e11f00000a200000
2220000083200000a9200000bd20000040210000cb210000d6210000e0210000eb210000f6210000fd21000000220000
04220000512700006427000033280000a0280000b22800008b290000952900009e2900009f290000d6290000dc290000
6f36000091360000f13600000b37000020370000323700004e37000062370000bb370000ed370000fa370000ff370000
8c380000a63800006c3b00006f3b0000a33b0000243c0000b13c0000c33c0000ee3c0000f53c0000293d0000343d0000
d43d0000633e00007b3e00008d3e0000bd010000fb06000012090000d50a0000d60a00004f0b0000fa1400003b170000
3c170000c221000052270000a12800008e29000096290000d22900007a360000463700008f3800009e3b00001b3c0000
7e3e0000a5010000f10200000503000041070000c8080000dd1f00001c27000062270000b0280000d100000001010000
0d01000081010000b1010000e8010000f101000099020000ed020000f9020000400300004a0300007b04000013050000
b0050000b4050000440600004b0600004f0600009c080000dc08000026090000770900008b090000b2090000b6090000
720b00007c0b0000850b00009a0b0000f70b0000710c0000e50c0000600d0000b40d0000120e00002f0e0000d1110000
591200007c1200003b140000431400005e140000641400009d140000251500004615000097150000cc160000f0160000
aa170000ae17000042180000d11f000054200000f72000002f2200004422000058220000932200009d22000002230000
1f23000036230000ad230000ca250000ec250000022600001427000028270000432700007527000076270000c2270000
e4270000652800006828000075280000e8280000ed280000052900003b2900004e290000102a0000b22a0000d52b0000
cd2c0000002f0000c42f0000d5350000083600003836000097360000cc3600003b3700000c3800003138000048380000
1d0000003b000000c7000000e7000000fb0000001b0100004d010000b9010000e1010000f1010000990200009a020000
e602000000030000400300004a0300004b03000096030000fd03000073040000980400001e0500007a05000081050000
92050000c2050000c5050000d2050000470600004b060000ab070000b0070000cc0700007c0800001a09000026090000
af090000b6090000ba090000720b00007c0b0000850b0000860b00009a0b00009b0b0000f70b0000f80b0000b00c0000
fb0c0000600d0000120e0000e6110000f8110000591200003b140000431400001e15000070150000a5150000ee150000
fc160000bc170000bf170000cc17000055180000351b0000fa1c0000001d00001c1d0000d81f00008e21000093220000
9d220000db2200001f23000076230000c3230000ca250000e4250000182600002b2600001027000035270000ac270000
53280000572800002529000060290000102a0000b22a0000602c0000802c00003d3300002f36000038360000cc360000
d23700000c3800002638000060380000733800007838000042180000542000002f220000442200005822000036230000
02260000483800000600000037000000b3000000a50200007e0300007505000076050000650800004b090000b90b0000
c20b0000050c000094220000cd250000fb3500000f3800000101000081010000f10100009e020000e602000000030000
4003000067030000a00400001e050000470600004b0600001a09000026090000770900008b090000720b00007c0b0000
a20b0000a90b0000020c0000710c0000600d0000120e0000d1110000591200003b140000431400001e15000070150000
a5150000ee150000fc160000bc170000bf170000cc1700004218000055180000351b0000fa1c0000001d00001c1d0000
542000002f22000044220000582200009d220000c12200001f2300003623000076230000c3230000dc25000002260000
182600002b2600001027000035270000ac27000053280000572800002529000060290000102a0000b22a00002f360000
3836000097360000cc3600001e3800004838000060380000733800007838000045120000181400002a1500005b170000
5f17000022200000bd20000040210000fd210000002200000422000051270000a02800008b290000952900009e290000
4e370000ff3700008c380000293d0000633e00007b3e000066000000bd010000d00300008d060000fb060000d2080000
fa08000012090000570a0000590a00005a0a0000d50a0000d60a0000e90a0000150b00004f0b0000fa1400003b170000
3c170000ad1a00008f1c0000911c0000e21f000086200000c2210000ce210000d721000052270000a12800008e290000
96290000d22900005d3600007a36000046370000b4370000f03700008f3800002c3b00009e3b0000b23b0000e03b0000
1b3c00007e3e00002900000065000000a5010000b6010000c30100004c02000069020000f1020000050300008c060000
010700001407000041070000c8080000dd1f00001c27000062270000b0280000d10000000d010000b9010000e1010000
00020000990200004a0300006e03000073040000f0040000b0050000b40500009c08000038090000af090000b6090000
ba090000850b00009a0b0000a50b0000a90b0000f70b0000e50c0000b40d00002f0e00007c1200005e14000064140000
9d1400004615000097150000f0160000aa170000ae170000d4180000001b0000341b0000491c0000f41c0000f91c0000
8d1d0000d81f00006a2000008e210000b92100003a2200004522000093220000ba220000022300004423000077230000
ad230000ca250000ec2500001027000035270000ac270000532800005728000025290000602900001b2a0000152b0000
7a2b0000d52b0000083600004a3600003b370000a9370000d2370000e73700000c3800003138000078380000a70a0000
de0a0000770e000058130000ad130000321600009f17000084200000cc210000e82100008c290000a6290000f2360000
0c37000063370000ee3700008d380000703b0000a73b0000b23c0000d63d00007c3e000037010000c1010000c3060000
ff060000101200008415000076160000092000005a270000a82800002f0d0000df0d00001b0e0000490f00006e0f0000
011000005d10000063100000fe11000064120000a71200004a1400005314000095140000d9160000d2180000b7210000
38220000142300003c230000ea250000b02a0000132b00009e2d0000a4360000d8360000e53700002f38000008030000
44070000f1160000ab170000b5230000d82b00003c370000ad130000321600009f170000e82100008c290000a6290000
0c370000633700008d380000b23c0000d63d00007c3e0000101200008415000076160000092000005a270000a8280000
89010000fd020000520300001a05000048060000500600006a0900008e0900008d0b0000fa0b0000d2110000cd160000
f1160000ab170000b5230000cb250000d82b0000ce2c0000983600003c3700000d380000460400003c050000a70a0000
590b00005813000020140000441700005c170000be200000012200008c290000a629000070360000923600004f370000
003800008d380000703b0000253c0000313d0000653e00007c3e000091080000130900009b0c0000e60d000005110000
fe14000022200000402100005a270000a82800003f000000e5010000520300009a0300000a04000074040000f7040000
1f0500007e0500009305000048060000a60700007d080000b2080000c40800001b09000027090000410900006e090000
b3090000bb090000730b00008d0b0000be0b0000fa0b0000810c0000b30c0000310e0000d70f00003f11000060140000
9e14000022150000fd160000d51800004a1c0000f51c00008f210000ba2100003b220000a5220000a922000046230000
79230000cb250000ed250000b4270000542800002629000063290000132a0000152a0000162b00007b2b0000612c0000
462d0000cd330000303600003936000053360000aa370000d3370000e83700000d3800003238000079380000c9080000
e01f000066000000080300008d06000044070000c9080000f70800001609000001150000b01a0000e01f000063270000
b12800007c040000b10500009d080000dd08000027090000b3090000730b0000ed0c00007f120000d51f00005c200000
f8200000372200005b220000a522000003260000132a0000012f0000093600003936000049380000460400003c050000
a70a0000de0a0000590b0000770e00009c0f000058130000ad130000c0130000e3130000ea1300002014000024140000
32160000441700005c1700006f1700009f170000ad1c0000b41c000084200000aa200000be200000cc210000e8210000
ec21000001220000342800008c290000a6290000aa290000d72900007036000092360000f23600000c37000021370000
333700004f37000063370000bc370000ee370000fb370000003800008d380000a7380000703b0000a73b0000253c0000
b23c0000c53c0000ef3c0000f73c0000313d0000353d0000d63d0000653e00007c3e0000933e000037010000c1010000
c3060000ff06000091080000130900009b0c0000450d0000990d0000e60d0000d4100000e41000000511000010120000
3112000046120000fe1400002d1500008415000076160000da1a00000920000022200000402100005a2700005b270000
a8280000a92800000803000044070000c9080000e01f000063270000b128000089010000fd020000520300007c040000
1a050000b105000048060000500600009d080000dd080000270900006a0900008e090000b3090000730b00008d0b0000
fa0b0000ed0c0000310e0000d21100005a1200007f1200003c140000601400009e140000cd160000f1160000ab170000
d51f00005c200000f8200000372200005b220000a522000021230000b5230000cb250000ed2500000326000045270000
78270000e52700006728000076280000e9280000062900003c2900004f290000132a0000b32a0000d82b0000ce2c0000
012f0000c52f0000d6350000093600003936000098360000cd3600003c3700000d38000032380000493800002f0d0000
240e0000db0e0000050f000001100000fe1100001f12000057120000a7120000ba12000039140000531400009b140000
9d150000ec150000b4170000ca17000002200000042100000b230000f725000029260000aa2a00000d2f0000a4360000
ca3600003d380000713800003f0000001d0100004f010000e501000052030000560300009a0300000004000074040000
9b0400001f0500007e05000093050000c4050000d305000048060000ad070000cd0700007d0800001b09000027090000
b3090000bb090000730b00008d0b0000910b0000fa0b0000fc0b0000e7110000f91100005a1200003c14000022150000
a7150000ef150000fd160000be170000cd170000371b0000fc1c00001d1d00008f210000a522000021230000cb250000
e5250000192600002c260000b4270000542800002629000063290000132a0000b32a0000612c0000812c00003e330000
3036000039360000cd360000d33700000d380000273800006138000074380000793800005c200000372200005b220000
0326000049380000890100006b030000a10400001f050000480600001b090000270900006a0900008e090000730b0000
a60b0000030c0000d21100005a1200003c14000022150000a7150000ef150000fd160000be170000cd170000371b0000
fc1c00001d1d00005c200000372200005b220000a522000021230000dd25000003260000192600002c260000b4270000
542800002629000063290000132a0000b32a0000303600003936000098360000cd3600001f3800004938000061380000
7438000079380000201400005c170000be200000012200008c290000a62900004f370000003800008d380000313d0000
653e00007c3e0000e60d00000511000022200000402100005a270000a828000066000000c40100006a02000008030000
8d060000020700001507000044070000c9080000e01f000063270000b1280000e50100005203000074040000f1040000
b10500009d08000039090000b3090000bb0900008d0b0000a60b0000fa0b0000ed0c0000310e00007f12000060140000
9e140000f1160000ab170000d51800004a1c0000f51c00008f210000ba2100003b220000be2200004623000079230000
b5230000cb250000ed250000b42700005428000026290000632900001c2a0000162b00007b2b0000d82b000009360000
4b3600003c370000aa370000d3370000e83700000d3800003238000079380000090d0000240e0000190f000001100000
5d100000851300008a130000a4130000d6130000051400000a140000291400004a1400005314000040150000db150000
6b17000073170000111a0000411f00004e1f00005e1f00005d200000c82000000d2200002522000038220000f5220000
fd3600001d370000563700008537000004380000973c0000df3c0000163d00003a3d0000493e00009415000077170000
8f170000ab1700007f1f000059370000b03d00006c150000dc160000bd1d0000380d0000b70d0000f50d000023100000
491000000511000027120000451200004e120000381500007b1500007f150000f1150000d0160000e216000015170000
25170000611a0000841d0000b91d0000d31d0000771e0000fe1e0000921f0000b21f0000902300000e2600000f270000
d12e0000b1360000c236000055380000bd000000470100008d010000fd0200003603000083030000d10300004a040000
b80400003d0500007e05000048060000a60700006e090000b30900004b0a0000600a00006d0a00007e0a0000870a0000
b40a0000ce0a0000ee0a0000f30a0000080b00002e0b0000370b0000480b00005a0b00005f0b0000730b00008d0b0000
be0b00005013000073130000111400006014000054170000f3190000121a00002f1b0000d11c0000dc1c0000f51c0000
221f00002b1f00002f1f0000441f0000631f0000731f0000d51f00006020000085200000c9200000cd210000d2210000
0e220000282200003b22000089220000f822000032270000542800008d29000092290000e22900005e36000065360000
753600008136000087360000933600007d37000086370000c9370000ef370000053800008e380000243b0000453b0000
7d3b0000b73b0000bd3b0000d23b0000033c0000263c0000223d00002e3e00004e3e00007d3e00001700000061000000
e000000002010000b1010000c6010000fa0100008f020000a6020000ba020000ed02000088060000040700002d070000
8808000096080000e0080000e908000014090000980c0000a00c0000650d0000c20d0000f61000000315000045180000
571800003e1c00004d1d00004e1d0000911d0000b11d0000a01e00001727000068270000b62800000b0000006d000000
9202000094060000e1080000511d0000260000004f000000920000009b000000c300000068010000a201000040020000
c2020000d5020000e4020000e80200003c0300008e030000ad030000a8040000860500008e050000960500007c060000
84060000b706000002080000190800006c0800006e0800007e08000087080000a9080000ee080000f508000028090000
cc090000fe090000740b0000790b0000b10b0000c90b00000a0c0000de0c0000e41100006a1a0000461d0000581d0000
df1d0000551e0000bd1e00009e1f0000b61f00008f220000e122000093230000cc2500000f26000012270000232a0000
642c0000bd2e0000d934000002360000163600003a3600000e38000056380000eb00000021010000650100006e010000
ab010000d2020000e50200005b030000fa030000080400009d040000a7040000c0050000c8050000d5050000b6060000
bd060000840800008c080000a4080000a8080000ab080000f4080000cb090000fb0900008f0b0000960b0000fe0b0000
c90c0000d20c0000f60c0000260d00002a0d0000380d00003e0d0000860d00008a0d0000c50d0000ce0d0000cf0d0000
d60d0000d70d00000d0e0000200e0000340e0000080f00000a0f0000b8100000bb1000008311000093110000dd110000
e0110000f711000002120000041200002a120000301200005812000083120000cd120000ce120000f4120000f5120000
fd1200003a140000401400004c1400004f140000621400006314000098140000a01400007f150000ab150000f1150000
ba170000c2170000cf17000090190000d2190000611a0000621a0000411d00006d1d0000711d00007d1d0000981d0000
d31d0000d41d0000151e0000231e0000541e0000611e0000c91e0000061f0000091f0000921f0000931f0000b21f0000
b31f00001d20000046200000aa210000e2220000052300002a2300002b23000090230000a7230000be230000e1250000
ee250000fc2500000e260000172600002a2600000f27000021270000b82a0000832c0000bc2e0000c52e0000e2340000
103600001536000018360000aa360000cb3600006a370000dc370000233800003438000042380000553800005e380000
72380000a2010000aa020000e40200008e030000fc0500002c060000ea080000b10b0000c90b00000a0c00006a1a0000
641d0000df1d0000f11e00009e1f0000b61f00008f22000093230000cc2500000f26000012270000223600000e380000
563800000a0100006b030000b7040000b1050000b30900007c0a0000810a0000ee0a0000040b0000370b0000400b0000
8d0b0000a60b00007b130000111400006014000094150000771700008f170000ab170000f3190000121a00002f1b0000
d11c0000dc1c0000f51c0000221f0000341f0000441f0000631f0000731f00007f1f0000d51f00006020000085200000
c9200000cd210000d22100000e220000282200003b22000089220000f822000032270000542800008d29000092290000
e22900006336000086360000593700007d37000086370000c9370000ef370000053800008e380000433b0000b73b0000
ce3b0000033c0000223d0000b03d00002e3e00004e3e00007d3e0000d8000000b1010000c6010000fa0100009e020000
ba020000040700002d07000085080000e7080000a30c0000650d0000c20d0000f61000006c150000dc16000045180000
571800003e1c0000501d0000911d0000b11d0000bd1d0000a01e00001727000068270000b628000073010000d9010000
f10300006f040000c3060000ff06000091080000ae080000cd080000d5080000d70c0000500d0000d1100000e3110000
10120000161200008c1500002716000076160000ec160000f91f000018200000932100009f2100008f27000099270000
a0280000a828000031290000352900001b36000020360000ad3600003937000085380000200300004407000012090000
1e09000012150000c316000033360000500d0000d110000010120000161200008c1500002716000076160000ec160000
182000009f2100008f27000099270000a0280000a82800003129000035290000ad360000393700008538000073010000
21030000f103000022050000c30600004507000091080000ae080000130900001f090000d70c0000f50d000005110000
e3110000451200004e1200001615000038150000c5160000d01600002a200000b320000040210000a62100008f270000
99270000a0280000a828000031290000352900001b36000034360000c2360000da370000853800009f000000ac000000
de010000730200007602000024030000a303000079040000230500008606000091060000020700001207000015070000
460700007008000072080000d2080000d6080000f7080000fa080000050900000609000016090000200900001b150000
c6160000b91a0000bc1a0000231c0000241c0000fc1f00009421000092270000a5270000a1280000b128000032290000
3929000005360000213600002a3600002b3600003536000086380000d5010000fb060000c9080000d3080000f81f0000
922100001e360000a4000000d5010000730200002003000024030000a9030000230500008d060000fb06000012070000
440700004607000071080000c9080000d3080000f70800000509000012090000160900001e0900002009000012150000
1b150000c3160000c6160000bc1a0000241c0000f81f00009221000092270000a5270000a1280000b128000032290000
39290000063600001e3600002a36000033360000353600008638000073010000d901000021030000f10300006f040000
22050000c3060000ff0600004507000091080000ae080000cd080000d5080000130900001f090000d70c0000500d0000
540d00009e0d0000a00d0000f50d0000f60d0000d80e0000770f0000d1100000d4100000e2100000e410000005110000
06110000e31100001012000014120000161200001812000031120000331200003a1200003b1200004512000046120000
4e1200004f12000016150000381500003c1500008c1500002716000076160000c5160000d0160000d2160000ec160000
df1a0000e11a00002f1c0000301c0000f91f000018200000192000002a200000b320000040210000932100009f210000
a0210000a62100008f270000992700009a270000a6270000d6270000a0280000a8280000a9280000b228000031290000
35290000362900003a2900001b3600002036000034360000ad360000af360000b9360000ba360000c2360000c3360000
39370000da3700008538000088380000d501000020030000fb06000044070000c9080000d3080000120900001e090000
12150000c3160000f81f00009221000092270000a5270000a1280000b128000032290000392900001e36000033360000
86380000f50d000005110000451200004e12000038150000d01600002a200000b320000040210000a62100008f270000
99270000a0280000a82800003129000035290000c2360000da37000085380000a4000000d5010000de01000076020000
20030000a9030000790400008d060000fb06000002070000150700004407000071080000c9080000d2080000d3080000
d6080000fa08000006090000120900001e09000012150000c3160000b91a0000231c0000f81f0000fc1f000092210000
9421000092270000a5270000a1280000b12800003229000039290000063600001e360000213600002b36000033360000
86380000480600006a090000ca0a0000370b00005f0b00008d0b00006e0c00002d130000321300002215000094150000
bd1500004c17000054170000771700008f170000ab170000f3190000221f00007f1f000089220000e53600004b370000
593700007d370000933b0000033c00002b3c0000b03d0000f20000003f010000fa010000ba020000e60200000c030000
cb0600002d070000480700006c150000dc160000bd1d0000380d0000f50d00000d0e000005110000451200004e120000
581200003a14000040140000381500007f150000ab15000013160000d0160000f8160000ba170000c2170000ae190000
591a0000c91d0000891f00002a2300009a230000be2300000f270000b82a0000aa2b0000dc2b0000c2360000cb360000
43370000733700000a010000e5010000360300008e040000b1050000b30900007c0a0000810a0000e60a0000ee0a0000
f30a00002e0b0000730b00007b1300002a1a00002b1f00005a1f0000d221000024220000372200003323000063360000
7f360000813600008e370000433b0000af3b0000bd3b0000f33d0000d8000000b90100008f02000085080000d0080000
e0080000a30c00009b1900004d1d0000891d0000e41f00004a200000120000002f000000620000006b00000003020000
92020000be020000890600009206000031070000e1080000511d0000260000004f000000920000009b000000c3000000
68010000a201000040020000aa020000d1020000e4020000e80200004403000092030000ab030000f504000086050000
8e050000fc0500002c0600007c06000084060000b70600006a0800006c0800006e08000087080000a9080000ea080000
2a0900003e0900004f090000ca090000fa090000060a0000760b00007f0b0000b30b0000cd0b0000de0c0000e4110000
83190000af1900005a1a00003d1d0000641d0000cc1d0000f11e00008c1f0000b5220000d9220000a623000012270000
182a0000212a0000ae2b0000003600000236000016360000223600003c3600005036000065370000743700000a010000
e5010000360300008e040000b1050000480600006a090000b30900007c0a0000810a0000ca0a0000e60a0000ee0a0000
f30a00002e0b0000370b00005f0b0000730b00008d0b00006e0c0000080e00002d130000321300007b130000ca130000
00140000111400003c140000601400002215000094150000bd1500004c17000054170000771700008f170000ab170000
f3190000121a00002a1a0000221f00002b1f0000441f0000551f00005a1f00007f1f0000d22100002422000037220000
89220000f82200003323000070270000b82700003228000067280000e92800008f29000098290000b6290000cc290000
da290000e6290000633600007f36000081360000e5360000183700004b370000593700007d370000863700008e370000
90380000a4380000433b0000933b0000af3b0000bd3b0000033c00002b3c0000d23c0000223d0000b03d0000f33d0000
7f3e0000a53e0000d8000000f20000003f010000b9010000fa0100008f020000ba020000e60200000c030000cb060000
2d0700004807000085080000d0080000e0080000a30c0000650d0000af0d0000c20d0000f6100000221200006c150000
dc1600009b1900004d1d0000781d0000891d0000bd1d0000e41f00004a2000001d2700002a2700005d27000065270000
ab280000b3280000500d0000d60d00003a0e0000d110000010120000161200005a14000069140000a3140000611a0000
d31d0000151e0000921f0000b21f0000182000001d200000652000009f21000039220000402200005f220000fd220000
4a23000090230000eb2500000a2600000e2600000f270000ad360000303800005038000055380000260000004f000000
920000009b000000c30000007a010000a2010000b501000048020000aa020000d1020000e40200006203000086030000
ab030000a5040000860500008e050000fc0500002c0600007c06000084060000c60600006a0800006c0800006e080000
98080000af080000ea0800004f090000ca090000fa090000060a0000920b00009d0b0000bf0b0000c10b0000ff0b0000
080c0000cc0c0000de110000831900006a1a00003d1d0000641d0000df1d0000f11e00009e1f0000b61f000097220000
e522000093230000ce250000e22500000f2600001227000000360000023600001c360000223600006537000010380000
2438000056380000090d0000580d0000050e0000f20e000001100000ba120000851300008a130000a4130000bc130000
c4130000c9130000fd1300000a140000391400005314000093170000b4170000c6180000031900001e1a0000501a0000
491f00004e1f0000801f0000f121000014230000b6230000fd36000013370000173700008b37000098370000973c0000
c13c0000d13c00001b3d0000cc3d0000bd000000fd02000036030000d10300003d0500007e050000c405000048060000
ad070000b30900004b0a0000600a00006d0a00009f0a0000c20a0000ee0a0000f30a00002e0b0000370b00003b0b0000
5a0b00005f0b0000730b00008d0b0000910b0000ab0c0000f10c0000080e00007b0e00002f1300003813000065130000
7f130000ca130000001400003c1400005417000098170000be170000b118000004190000f3190000081a0000351a0000
511a0000df1c0000fc1c0000221f00002b1f00003c1f0000551f0000701f0000831f0000d51f000085200000cd210000
d221000089220000d622000071230000b923000032270000542800008d29000092290000e22900005e36000081360000
93360000e7360000f7360000183700007d370000833700009237000099370000ef3700008e380000243b0000683b0000
8b3b0000b73b0000bd3b0000033c0000073c0000263c0000d23c0000d13d0000ff3d00007d3e00001700000061000000
e4000000fa000000340100003c010000b1010000c6010000fa010000fb0100008f020000ba020000bb020000ed020000
88060000c0060000c8060000040700002d0700002e070000e008000014090000af0d0000221200000315000049150000
741500006f160000a2190000021b0000171b00004d1d0000781d00001727000068270000b6280000eb00000065010000
6e01000092010000ab010000ae020000e50200008f030000fa03000008040000eb040000f40400000006000030060000
38060000b6060000bd060000840800008c080000a8080000ab080000c20800003d0900006c0900007309000092090000
b20b0000ca0b0000850c0000c90c0000d20c0000260d00002a0d0000380d00003e0d0000860d00008a0d0000b70d0000
bb0d0000c70d0000d60d0000d70d0000150e00003a0e00003b0e00004c0f00004e0f0000d90f00002310000026100000
491000004d10000051100000b8100000bb10000085110000951100009d110000d9110000dd110000e011000002120000
04120000271200005b120000691200003d140000441400005a1400005b140000691400006a140000a31400007b150000
7f15000013160000151700002517000028170000d7180000f01800008d1900009319000099190000aa190000ae190000
b7190000591a00006b1a0000651d00007b1d0000841d0000851d0000b91d0000c91d0000e01d0000fe1e0000891f0000
9f1f00001d20000065200000b82100003922000040220000ae220000fd22000010230000242300004a2300009a230000
9b230000eb2500000f27000021270000172a0000ad2a0000b52a0000182b0000aa2b0000ab2b0000c22c0000482d0000
932d0000ec33000015360000183600004f3600009f360000aa360000b1360000cf360000dd3600007037000073370000
7c370000e6370000303800002a1a00005a1f00002422000037220000332300008e370000f33d00009b190000891d0000
4a2000000b0000006d00000003020000be0200009406000031070000a2010000d1020000e40200003c03000028090000
ca090000fa090000060a0000740b0000790b000083190000af1900005a1a00003d1d0000cc1d00008c1f0000e1220000
a623000012270000232a0000ae2b00003a3600006537000074370000fd020000360300003d050000480600006a090000
ca0a0000f30a00002e0b0000400b00005a0b00005f0b0000730b0000a60b00006e0c0000080e00002d13000032130000
ca130000001400003c1400005417000098170000be170000b018000004190000041a00002a1a0000351a0000511a0000
df1c0000fc1c00002b1f0000341f0000551f00005a1f0000701f0000831f00002422000037220000be22000033230000
71230000b923000032270000542800008d29000092290000e22900008136000093360000e53600001837000082370000
8e37000092370000993700008e380000933b0000bd3b00000c3c0000263c0000d23c0000d13d0000f33d0000ff3d0000
7d3e0000f20000003f010000000200008f020000bd020000ed020000cb06000030070000e008000014090000af0d0000
221200000315000049150000741500006f1600009b190000a2190000021b0000171b00004d1d0000781d0000891d0000
4a2000001727000068270000b6280000500d0000ce0d0000d60d0000d11000001012000016120000cd120000f4120000
fd120000d718000090190000a1190000ae190000d2190000591a00006d1d0000981d0000c91d0000061f0000891f0000
182000001d20000046200000172100009f2100009a2300000f270000aa2b0000202f0000ad3600006a37000073370000
260000004f000000920000009b000000c30000007a010000a2010000b501000048020000b3020000c5020000e4020000
3c0300008e030000ad030000f8040000860500008e050000960500000306000035060000390600007c06000084060000
c6060000050800001c080000280800006c0800006e0800007e08000098080000af08000028090000740b0000790b0000
b10b0000c90b00000a0c0000cc0c0000de110000871900008e190000af1900005a1a0000551d0000681d0000cc1d0000
8c1f00008f220000e1220000a6230000cc25000012270000232a0000ae2b0000642c0000c32c00005133000002360000
1c3600003a360000743700000e380000b10500006a090000810a0000ca0a0000400b0000a60b00006e0c0000ed0c0000
040e00002d13000032130000631300007b1300008f170000ab170000b0180000041a00002a1a00004f1a0000341f0000
5a1f00007f1f00002422000037220000be22000033230000b5230000e5360000f5360000823700008e37000097370000
483b0000933b00000c3c0000d03c0000c83d0000f33d0000d1000000f20000002c0100003f01000000020000bd020000
b9060000cb06000030070000ae0d000046150000721500006d1600009b190000741d0000891d00004a200000250d0000
380d0000b70d0000ce0d0000d60d00000d0e00003a0e000023100000491000004f1000005812000068120000cd120000
f4120000fd1200003a140000401400005a14000069140000f21800009019000098190000b5190000671a00006d1d0000
841d0000d81d0000971f0000fd2200002a2300009f23000025270000a62a0000b82a0000ad2b0000912d0000a9360000
cb360000dc3600006a3700007a370000f0010000b5020000c81d00008f2300000e27000072370000040e00008f170000
ab1700002a1a00004f1a00005a1f00007f1f0000242200003722000033230000b52300008e37000097370000d03c0000
c83d0000f33d0000ae0d000046150000721500006d1600009b190000741d0000891d00004a20000064010000a2010000
aa020000d1020000e4020000fc0500002c06000036060000ca090000fa090000060a0000c80c0000831900008c190000
3d1d0000641d0000c81d00008f2300000e270000c02c00001436000065370000723700000a010000890100006b030000
b7040000b10500006a0900007c0a0000810a0000b20a0000ca0a0000040b0000400b0000a60b0000321300007b130000
94150000771700008f170000ab170000341f00005a1f00007f1f00005c2000000c2200002422000037220000f4220000
6336000073360000863600005937000003380000433b00007b3b0000ce3b00000c3d0000b03d0000453e0000d8000000
010100009e0200008508000095080000e7080000900c0000a30c00005f0d0000be0d00006c150000dc16000042180000
501d00008f1d0000bd1d00009e1e00002700000067000000a3010000a7010000be010000e9020000f40200000d030000
8e060000fc06000049070000ca08000017090000fb140000e51f00001327000055270000a4000000d3000000f8000000
0f01000099010000d50100004f0200002003000070030000a9030000f2040000b2050000b60500008d060000fb060000
44070000710800009e080000c5080000c9080000d3080000120900001e0900003a0900006f0900007a090000a70b0000
ab0b0000730c0000fd0c0000850d0000140e0000d10f000084120000121500005915000099150000c3160000f2160000
ac170000b0170000ed1a0000f81f00006c20000092210000bb2100003c22000047220000c32200000423000038230000
c52300008e2700001d2a0000102b0000dd2b0000402d0000063600000a3600001e360000333600004c3600003d370000
e937000033380000843800008e020000481d0000060000000b000000560000006d000000a7010000f00100008e020000
b5020000f40200007d06000094060000ca08000017090000fb140000481d0000e51f0000132700005527000064010000
a2010000aa020000d1020000e4020000fc0500002c060000ea080000f3080000ca090000fa090000c80c00003d1d0000
641d0000c81d0000521e0000f11e00008f2300000e270000ba2e00001436000022360000543800000a01000089010000
6b030000b7040000b10500006a0900007c0a0000810a0000b20a0000ca0a0000040b0000400b0000a60b00006e0c0000
ed0c0000490d0000ec0d0000040e000072110000a51100002d13000032130000631300007b130000ae130000b2130000
251400003014000031150000941500005d17000061170000771700008f170000ab170000b0180000041a00002a1a0000
4f1a0000341f00005a1f00007f1f00000f2000005c200000ed210000f82100000c2200002422000037220000be220000
f422000033230000b52300007f2700002f280000f2280000c0290000c4290000633600007336000086360000e5360000
f53600000d370000343700005037000059370000823700008e37000097370000fc37000003380000a0380000433b0000
483b00007b3b0000933b0000ce3b00000c3c0000b33c0000b73c0000d03c00000c3d0000363d0000413d0000b03d0000
c83d0000f33d0000453e0000a13e0000d1000000d8000000f2000000010100002c0100003f010000000200009e020000
bd020000b9060000cb060000300700008508000095080000e7080000900c0000a30c0000390d00003b0d0000430d0000
5f0d0000ae0d0000be0d0000d80d0000db0d0000e90d0000d21000000811000011120000471200002b15000046150000
6c150000721500006d160000dc160000421800009b190000501d0000741d0000891d00008f1d0000bd1d00009e1e0000
0c2000004a2000002627000061270000af280000f00100008e020000b5020000481d0000132700005527000064010000
a2010000aa020000d1020000e4020000fc0500002c06000036060000ea080000f3080000ca090000fa090000060a0000
c80c0000850d0000140e0000831900008c1900003d1d0000641d0000c81d0000521e0000f11e0000042300008f230000
0e2700001227000037270000c4270000552800005928000070280000272900005029000068290000c02c0000ba2e0000
bf2f00001436000022360000ce360000653700007237000033380000543800007a380000250d0000380d0000b70d0000
ce0d0000d60d00000d0e00003a0e00002310000049100000271200002f120000cd120000f41200003a14000040140000
5a1400006914000091140000a3140000671a00006d1d0000841d0000d81d0000251e00005f1e0000fe1e0000971f0000
b51f0000fd2200002a2300009f230000eb250000fb2500001526000025270000c32e0000a9360000b136000030380000
413800005c380000a4000000d3000000f80000000f01000099010000d50100004f0200002003000070030000a9030000
a2040000b2050000b6050000cd0500008d060000fb0600004407000071080000c9080000d3080000120900001e090000
6f0900007a09000093090000a70b0000ab0b0000040c0000730c0000fd0c0000850d0000140e0000d3110000fa110000
121500005915000099150000c3160000ac170000b0170000c7170000ed1a0000f81f00006c200000922100003c220000
4722000060220000c32200000423000038230000c5230000de250000042600002d2600008e2700007b2c000006360000
1e3600003336000099360000ce360000203800004a3800007538000084380000c81d00008f2300000e27000054380000
64010000a2010000d5010000e4020000200300003c0300008e030000fb06000044070000c9080000d308000012090000
1e090000740b0000790b0000b10b0000c90b0000f30b00000a0c0000c80c0000850d0000140e00001215000059150000
99150000c3160000ac170000b0170000c7170000ed1a0000c81d0000f81f00006c200000922100003c22000047220000
602200008f220000e122000004230000382300008f230000c5230000cc250000e0250000042600002d2600000e270000
8e270000143600001e36000033360000ce3600000e380000223800004a38000054380000753800008438000094150000
771700008f170000ab1700005a1f00007f1f00005c2000000c2200002422000037220000f42200005937000003380000
0c3d0000b03d0000453e00005f0d0000be0d00006c150000dc160000421800008f1d0000bd1d00009e1e000006000000
0b000000560000006d000000a3010000be010000f00100008e020000b5020000e90200000d0300007d06000094060000
fc06000049070000481d0000132700005527000064010000a2010000d5010000e4020000200300003c0300008e030000
fb06000044070000c9080000d3080000120900001e090000280900003c090000740b0000790b0000b10b0000c90b0000
c80c0000850d0000140e0000121500005915000099150000c3160000f2160000ac170000b0170000ed1a0000c81d0000
f81f00006c20000092210000bb2100003c220000472200008f220000e122000004230000382300008f230000c5230000
0e2700008e2700000c2a0000232a0000102b0000dd2b0000143600001e360000333600003a3600004e3600003d370000
72370000e93700003338000084380000090d0000580d0000050e0000f20e000001100000ba120000851300008a130000
a4130000bc130000c4130000c9130000fd1300000a140000391400005314000093170000b4170000c618000003190000
1e1a0000501a0000491f00004e1f0000801f0000f121000014230000b6230000fd36000013370000173700008b370000
98370000973c0000c13c0000d13c00001b3d0000cc3d00002a1a00005a1f00002422000037220000332300008e370000
f33d00009b190000891d00004a200000500d0000ce0d0000d60d0000d11000001012000016120000cd120000f4120000
fd120000d718000090190000a1190000ae190000d2190000591a00006d1d0000981d0000c91d0000061f0000891f0000
182000001d20000046200000172100009f2100009a2300000f270000aa2b0000202f0000ad3600006a37000073370000
bd00000055010000fd0200001503000036030000d1030000470400003d0500003f0500007e05000048060000b3070000
35080000b30900004b0a0000600a00006d0a0000a80a0000ac0a0000ee0a0000f30a00002e0b0000370b00005a0b0000
5c0b00005f0b0000670b0000730b00008d0b0000a51100005d130000301400003115000049170000541700005d170000
61170000f3190000221f00002b1f0000d51f00002620000085200000bf20000073210000cd210000d221000002220000
0622000089220000322700007027000054280000e92800008d2900008f2900009229000098290000b6290000e2290000
5e36000071360000813600009336000095360000503700007d370000ef370000013800008e38000090380000243b0000
713b0000b73b0000bd3b0000033c0000263c0000283c0000413d0000663e00007d3e00007f3e00001700000061000000
ee000000b1010000c6010000fa0100008f020000ba020000ed020000f502000088060000040700002d07000092080000
e008000014090000180900009c0c0000d80d0000e90d000008110000ff140000031500004d1d00001e20000023200000
41210000172700001d2700005d27000068270000ab280000b62800000b0000006d000000a701000094060000ca080000
e51f0000260000004f000000920000009b000000c3000000d30000000f010000a2010000b5010000ea01000040020000
e40200003c030000440300008e030000ad0300007d040000860500008e05000096050000b2050000b60500007c060000
840600006c0800006e0800007e0800009e080000de080000280900002a090000b4090000b8090000740b0000760b0000
790b00007f0b0000b10b0000c90b00000a0c0000fd0c000084120000ed1a0000da1f00006c200000f92000003c220000
47220000602200008f220000b5220000e122000038230000cc25000004260000182a0000232a0000642c0000022f0000
023600000a3600003a3600003c3600000e3800004a380000eb000000210100006e01000073010000ab01000021030000
5b030000f1030000080400009d04000022050000c0050000c8050000d5050000bd060000c3060000450700008c080000
91080000ab080000ae080000130900001f0900008f0b0000960b0000fe0b0000c90c0000d70c0000f60c0000010d0000
0c0d0000340d0000380d00003e0d00005b0d0000860d00008b0d0000f50d00000d0e0000150e0000270e0000dc0e0000
060f0000021000000410000005110000dd110000e3110000f7110000ff11000020120000451200004e12000058120000
5b120000aa120000bb120000bd1200003a1400003d140000401400004414000054140000561400009c14000016150000
381500005b1500007f150000a0150000ab150000ed150000f1150000c5160000d0160000b5170000b7170000ba170000
c2170000cb170000cf170000611a0000d31d0000921f0000b21f0000052000002a200000b32000000521000040210000
a6210000e222000010230000172300002a23000090230000be230000c6230000e1250000f82500000e2600002a260000
2e2600000f2700008f27000099270000a0280000a82800003129000035290000ad2a0000b82a0000832c00000e2f0000
183600001b36000034360000a5360000c2360000cb360000cf360000da370000233800003e3800005538000072380000
7638000085380000d5010000e40200008e030000fb060000c9080000d3080000b10b0000c90b00000a0c0000ed1a0000
f81f00006c200000922100003c22000047220000602200008f22000038230000cc250000042600001e3600000e380000
4a3800000a010000e5010000360300008e040000b1050000b30900007c0a0000810a0000e60a0000ee0a0000f30a0000
2e0b0000370b0000730b00008d0b0000a51100007b13000030140000311500005d17000061170000f31900002a1a0000
221f00002b1f00005a1f0000d51f00002620000085200000bf20000073210000cd210000d22100000222000006220000
24220000372200008922000033230000322700007027000054280000e92800008d2900008f2900009229000098290000
b6290000e2290000633600007f36000081360000503700007d3700008e370000ef370000013800008e38000090380000
433b0000af3b0000b73b0000bd3b0000033c0000413d0000f33d0000663e00007d3e00007f3e0000d8000000b1010000
b9010000c6010000fa0100008f020000ba020000040700002d07000085080000d0080000e0080000a30c0000d80d0000
e90d0000081100009b1900004d1d0000891d0000e41f00001e200000232000004a20000041210000172700001d270000
5d27000068270000ab280000b6280000eb0000006e01000092010000ab010000ae020000fa030000eb04000000060000
3006000038060000bd0600008c080000ab0800006c0900007309000092090000850c0000c90c0000380d0000b70d0000
2310000049100000d9110000dd110000271200007b1500007f150000131600001517000025170000281700008d190000
aa190000ae190000591a0000651d0000841d0000b91d0000c91d0000fe1e0000891f00009a2300000f270000aa2b0000
c22c0000183600009f360000b13600007037000073370000d1020000e4020000ca090000fa090000060a000083190000
3d1d000065370000380d0000b70d00002310000049100000271200007b1500007f150000131600001517000025170000
28170000aa190000ae190000591a0000841d0000b91d0000c91d0000fe1e0000891f00009a2300000f270000aa2b0000
b13600007037000073370000eb0000002101000065010000d2020000e5020000fa030000a7040000c0050000c8050000
b606000084080000a4080000a8080000f4080000cb090000fb090000d20c0000f60c0000ce0d0000d60d0000e0110000
83120000cd120000f4120000fd12000090190000d2190000611a0000411d00006d1d0000981d0000d31d0000151e0000
541e0000061f0000091f0000921f0000b21f00001d20000046200000aa210000902300000e2600000f270000bc2e0000
10360000153600006a370000dc370000553800001900000044000000cb000000b5010000ea0100004002000048020000
e8020000020300004403000062030000a403000075040000200500007f0500008305000094050000490600004d060000
800800001c0900002a090000b4090000b8090000bc090000760b00007f0b0000920b00009d0b0000ff0b000027150000
fe160000da1f00009021000097220000b5220000ce2500001227000037270000c4270000552800005928000027290000
68290000182a0000622c0000313600003c360000d4370000103800007a380000a2010000aa020000fc0500002c060000
ea080000641d0000f11e000022360000260000004f000000920000009b000000c3000000a201000040020000aa020000
d1020000e4020000e80200000203000044030000ab03000020050000860500008e050000fc0500002c06000049060000
4d0600007c060000840600006a0800006c0800006e080000ea0800001c0900002a0900004f090000ca090000fa090000
060a0000760b00007f0b000027150000fe160000831900003d1d0000641d0000f11e0000b52200001227000037270000
c427000055280000592800002729000068290000182a0000003600000236000022360000313600003c36000065370000
7a380000eb00000021010000650100006e01000092010000ab010000ae020000d2020000e5020000fa030000a7040000
eb040000c0050000c8050000000600003006000038060000b6060000bd060000840800008c080000a4080000a8080000
ab080000f40800006c0900007309000092090000cb090000fb090000850c0000c90c0000d20c0000f60c0000380d0000
3e0d00005b0d0000860d00008a0d0000b70d0000ce0d0000d60d0000d70d0000e20d0000150e0000200e0000d40e0000
750f000023100000491000005e10000060100000d9110000dd110000e0110000271200004b1200005b12000083120000
bb120000bd120000c1120000cd120000f4120000fd1200003d140000441400004c1400004f1400009814000043150000
7b1500007f150000131600000a1700001517000025170000281700008d19000090190000aa190000ae190000d2190000
591a0000611a0000411d0000651d00006d1d0000841d0000981d0000b91d0000c91d0000d31d0000151e0000541e0000
fe1e0000061f0000091f0000891f0000921f0000b21f0000052000001d200000462000009c210000aa21000005230000
10230000902300009a230000ee2500000e2600000f270000212700003e270000c5270000d72700005e28000060280000
7428000051290000ad2a0000aa2b0000c22c0000bc2e0000c32f00001036000015360000183600009f360000b1360000
bf360000cf3600006a3700007037000073370000d8370000dc3700003438000055380000a2010000aa020000d1020000
e4020000fc0500002c060000ea080000ca090000fa090000060a0000831900003d1d0000641d0000f11e000012270000
37270000c42700005528000059280000272900006829000022360000653700007a380000ce0d0000d60d0000cd120000
f4120000fd12000090190000d2190000611a00006d1d0000981d0000d31d0000151e0000061f0000091f0000921f0000
b21f00001d20000046200000aa210000902300000e2600000f2700006a370000dc37000055380000260000004f000000
920000009b000000c3000000a2010000b5010000ea01000048020000aa020000d1020000e402000062030000ab030000
75040000860500008e050000fc0500002c0600007c060000840600006a0800006c0800006e080000ea0800004f090000
b4090000b8090000bc090000ca090000fa090000060a0000920b00009d0b0000ff0b0000831900003d1d0000641d0000
f11e0000da1f00009021000097220000ce2500001227000037270000c427000055280000592800002729000068290000
00360000023600002236000065370000d4370000103800007a3800006a090000ca0a0000400b0000a60b00006e0c0000
2d13000032130000b0180000041a00002a1a0000341f00005a1f00002422000037220000be22000033230000e5360000
823700008e370000933b00000c3c0000f33d0000f20000003f01000000020000bd020000cb060000300700009b190000
891d00004a200000380d0000ce0d0000d60d00000d0e000058120000cd120000f4120000fd1200003a14000040140000
f218000090190000b5190000671a00006d1d0000d81d0000971f00002a2300009f23000025270000b82a0000ad2b0000
cb3600006a3700007a3700000a0100006b030000b7040000b10500007c0a0000810a0000040b0000400b0000a60b0000
7b13000094150000771700008f170000ab170000341f00007f1f0000633600008636000059370000433b0000ce3b0000
b03d0000d80000009e02000085080000e7080000a30c00006c150000dc160000501d0000bd1d00002700000067000000
a7010000e90200000d0300008e06000049070000ca080000e51f0000a4000000d30000000f010000d50100004f020000
2003000070030000a9030000f2040000b2050000b60500008d060000fb06000044070000710800009e080000c9080000
d3080000120900001e0900003a090000a70b0000ab0b0000fd0c000084120000121500005915000099150000c3160000
f2160000ac170000b0170000f81f000092210000c3220000c52300001d2a0000dd2b0000063600000a3600001e360000
333600004c3600003d3700000a0100006b030000b7040000b10500006a0900007c0a0000810a0000ca0a0000040b0000
400b0000a60b00006e0c0000490d000072110000a51100002d130000321300007b130000ae130000b213000030140000
31150000941500005d17000061170000771700008f170000ab170000b0180000041a00002a1a0000341f00005a1f0000
7f1f0000f82100002422000037220000be220000332300007f2700002f280000f2280000c0290000c429000063360000
86360000e53600000d3700005037000059370000823700008e370000a0380000433b0000933b0000ce3b00000c3c0000
b33c0000413d0000b03d0000f33d0000a13e0000d8000000f20000003f010000000200009e020000bd020000cb060000
3007000085080000e7080000a30c00003b0d0000d80d0000e90d000008110000111200006c150000dc1600009b190000
501d0000891d0000bd1d00000c2000004a2000002627000061270000af280000380d0000b70d0000d60d00003a0e0000
2310000049100000271200005a14000069140000a3140000671a0000841d0000d81d0000251e0000fe1e0000971f0000
b51f0000fd2200009f230000eb2500001526000025270000b1360000303800005c380000a4000000f800000099010000
d50100004f0200002003000070030000a9030000a20400008d060000fb0600004407000071080000c9080000d3080000
120900001e0900006f0900007a09000093090000a70b0000ab0b0000040c0000730c0000d311000012150000c3160000
ed1a0000f81f00006c200000922100003c2200004722000060220000c322000038230000de2500000426000006360000
1e3600003336000099360000203800004a380000090d0000240e0000190f0000011000005d100000851300008a130000
a4130000d6130000051400000a140000291400004a1400005314000040150000db1500006b17000073170000111a0000
411f00004e1f00005e1f00005d200000c82000000d2200002522000038220000f5220000fd3600001d37000056370000
8537000004380000973c0000df3c0000163d00003a3d0000493e0000bd000000fd02000036030000d10300003d050000
7e05000048060000b3070000ef070000b30900004b0a0000600a00006d0a0000ac0a0000e30a0000ee0a0000f30a0000
2e0b0000370b00005a0b00005f0b0000730b00008d0b0000b90c0000490d0000780e000072110000591300005d130000
ae130000b21300008815000033160000b116000054170000a0170000a4170000f3190000221f00002b1f0000d51f0000
ed1f00008520000087200000cd210000cf210000d2210000da210000f821000089220000322700007027000054280000
e92800008d2900008f2900009229000098290000b6290000e22900005e3600008136000093360000f33600000d370000
643700007d370000ef370000f13700008e38000090380000243b0000753b0000ac3b0000b73b0000bd3b0000033c0000
263c0000b33c0000d73d00007d3e00007f3e00001700000061000000ec00000038010000ac010000b1010000c2010000
c6010000fa0100008f020000ba020000ed02000088060000c406000000070000040700002d070000e008000014090000
3b0d000011120000031500008015000085150000771600004d1d00000c200000172700001d2700005d27000068270000
ab280000b6280000eb000000650100007301000092010000d9010000e50200008f030000f1030000080400006f040000
f4040000b6060000c3060000ff0600008408000091080000a8080000ae080000c2080000cd080000d50800003d090000
6c09000073090000b20b0000ca0b0000850c0000d20c0000d70c0000010d00000c0d0000340d0000500d00008a0d0000
8b0d0000d60d0000d70d0000e20d0000200e0000270e00003a0e00004a0f0000790f0000d90f00000210000004100000
5e1000006010000064100000d1100000e0110000e3110000ff110000101200001612000065120000aa1200004c140000
4f14000054140000561400005a1400006914000098140000a3140000431500008c1500002716000076160000da160000
ec160000d3180000d7180000ae190000591a0000ef1a0000c91d0000891f0000f91f0000182000001d20000065200000
6d200000932100009f210000b8210000bc210000392200003d2200004022000048220000ae220000fd22000005230000
172300003f2300004a2300009a230000eb250000ee2500000f2700008f27000099270000a0280000a828000031290000
35290000172a0000b12a0000142b0000182b0000aa2b0000482d00009f2d0000153600001b360000203600004f360000
a5360000ad360000d93600003937000073370000e6370000ea3700003038000034380000853800009415000077170000
8f170000ab1700007f1f000059370000b03d00006c150000dc160000bd1d00000b0000006d000000e90200000d030000
9406000049070000a2010000200300003c03000044070000120900001e09000028090000740b0000790b000012150000
5915000099150000c3160000f2160000ac170000b0170000e1220000c5230000232a0000dd2b0000333600003a360000
3d370000fd020000360300003d050000480600006a090000ca0a0000f30a00002e0b0000370b00005a0b00005f0b0000
730b00008d0b00006e0c0000490d0000721100002d13000032130000ae130000b2130000221500008815000094150000
bd15000033160000b11600004c17000054170000771700008f170000a0170000a4170000ab170000f3190000221f0000
2b1f00007f1f0000f821000089220000322700007027000054280000e92800008d2900008f2900009229000098290000
b6290000e22900008136000093360000e53600000d3700004b37000059370000643700007d3700008e38000090380000
933b0000bd3b0000033c0000263c00002b3c0000b33c0000b03d0000d73d00007d3e00007f3e0000f20000003f010000
fa0100008f020000ba020000e6020000ed0200000c030000cb0600002d07000048070000e0080000140900003b0d0000
11120000031500006c150000801500008515000077160000dc1600004d1d0000bd1d00000c200000172700001d270000
5d27000068270000ab280000b6280000380d0000b70d0000f50d00002310000049100000051100002712000045120000
4e120000381500007b1500007f150000f1150000d0160000e21600001517000025170000611a0000841d0000b91d0000
d31d0000771e0000fe1e0000921f0000b21f0000902300000e2600000f270000d12e0000b1360000c236000055380000
260000004f000000920000009b000000c3000000f800000099010000a201000048020000e4020000e802000002030000
3c030000620300008e030000ad03000026050000860500008e05000096050000490600004d060000510600007c060000
840600006c0800006e0800007e080000280900006f0900007a09000093090000740b0000790b0000920b00009d0b0000
b10b0000c90b0000ff0b00000a0c0000730c0000d3110000271500005915000099150000ce160000f2160000ac170000
b01700008f22000097220000e1220000c5230000cc250000ce250000232a0000dd2b0000642c0000cf2c000002360000
3a360000993600003d3700000e380000103800009f030000b0030000c0030000ef030000020400001d0400002b040000
7c04000092040000ed0400001a0500001c050000320500003305000046050000a1050000ed050000b0060000e0060000
4d070000510700005a070000d7070000c3090000360c00003a0c0000620e0000680e0000d20e0000e30e0000480f0000
ab0f000099100000b3100000be100000df10000017110000191100004c110000b3110000b2120000ce140000b4150000
c11500000f160000151600003516000045160000591600008e16000005170000e1170000e7170000281d0000ec1d0000
011e00003a1e00003c1e00007a20000089200000b1200000b7200000b92000000b210000282100004321000078210000
00250000152500002a250000422500005b2500005e250000ba280000c5280000112900007b2900004f2a0000dd2a0000
eb2a00006f2c00009b2c0000fa2c00001a2d0000142f0000372f00002e300000563000005a3000006430000089300000
9b300000b2300000be300000bf300000ce300000d83000000e310000113100002d31000041310000443100005a310000
663100006831000081310000a231000012320000183200001f320000273200002b3200002e3200003132000040320000
5a3200006b320000783200008d320000a6320000bf320000d9320000dc320000e3320000ef3200000533000006330000
8d330000233400005d340000823400004d350000e4350000113900007b390000d0390000f13a0000353c00004d3c0000
563c0000673c00006c3c00008c3c00008e3c0000683d0000703d0000da3d0000de3d00006c3e0000d83e0000dc3e0000
3f3f0000763f0000863f0000b23f00004a40000091400000954000009d000000700100007c010000dc01000028020000
2902000095060000c406000029070000480700004a0700008e0800009a080000d0080000e4080000e50800003d0a0000
8e0a0000bc0a0000e50a0000f80a0000f90a0000d80c0000290d00007a0d0000f70d0000b9100000d5100000f2100000
f310000024120000471200005513000095130000d41300001a14000017150000191500005115000052150000dd160000
de160000411700004b170000791700007d170000121800003618000038180000f8190000161a0000201a00000b1b0000
3f1c0000d31c0000172000002b20000041210000df210000fe2100009b270000a2270000a3280000a4280000a0290000
c7290000a70000002c0200007d060000fc060000e80800005d0a0000060b00009d1e0000fd1f000034200000c7210000
07220000a4000000de0100007602000020030000ab030000b503000075040000a5040000ad040000a30500000d060000
8d060000a5060000a7060000b1060000b7060000d0060000eb060000fb0600000207000010070000120700005b070000
5c07000011080000d2080000fa08000012090000570a0000e90a0000150b00004f0b0000420c0000de0c0000f20d0000
a4100000da100000421200009c120000d91200006b13000015140000bc1a0000051c0000931c0000141e00008a1e0000
911e0000921e0000a31e0000ad1e0000af1e0000f81f0000fc1f0000292000004120000072200000c020000001210000
102100003a2100003f210000c2210000c6210000fc2100001422000078220000012500003825000096270000a5270000
9f280000a12800009b290000d2290000542a00005b2a0000572b00005d2b0000712c0000af2c0000ff2c0000262d0000
0a2f0000192f0000322f0000422f0000153000001d3000003a3000006530000066300000813000009c300000ea300000
f2310000f631000006320000093200005c32000079320000b4320000a8330000653900009e390000fa3e0000f13f0000
4b4000004d4000004441000048410000bc00000054010000fc02000014030000350300007a050000c205000047060000
ab070000b207000034080000af0900006c0a0000ab0a00002d0b00005e0b0000660b0000720b0000850b0000860b0000
aa0c0000f00c0000070d0000560d0000000e0000070e0000ff0f0000a3110000b8120000371300007e13000088130000
c2130000fa130000ff130000361400003b140000501400003015000060170000b1170000bc170000fa1c0000211f0000
3b1f00004c1f00006f1f00007b1f0000821f0000d41f00002520000072210000d12100000522000088220000d5220000
1223000070230000b1230000b8230000312700006f27000053280000e8280000912900009729000036000000c9010000
75050000eb070000330a0000d70a0000b90b0000241f0000581f00002c2200008b220000312300000a000000a6010000
02020000871d00002400000091000000c2000000d20000000e010000a1010000b3010000b4010000e90100003f020000
46020000dc0200003b0300004303000085050000b50500000206000081060000c506000004080000b7090000780b0000
7e0b0000ae0b0000cb0c00004e0d0000d10d00000e120000ca120000ec1a0000541d0000671d00006b1d0000961d0000
c41d0000cb1d0000041f0000861f00008b1f00001b200000312200008e220000372300000b270000112700001d000000
3b0000006e000000e7000000ec000000fb0000001b010000380100004d010000b9010000e1010000f101000099020000
9a020000b6020000e6020000ea0200000c0300000e0300004a0300004b0300007a050000c20500004706000095060000
c406000029070000480700004a070000ab070000b2070000340800008e0800009a080000d0080000e4080000e5080000
af0900003d0a00006c0a00008e0a0000ab0a0000bc0a0000e50a0000f80a0000f90a00002d0b00005e0b0000660b0000
720b0000850b0000860b0000920c0000a40c0000b70c0000000d0000140d00002b0d00003d0d0000460d00005e0d0000
600d0000b20d0000bd0d0000bf0d0000db0d0000ea0d0000210e0000ff0f0000b9100000d5100000f2100000f3100000
a31100002412000047120000b812000037130000551300007e1300008813000095130000c2130000d4130000fa130000
ff1300001a140000361400003b14000050140000081500001e1500002b1500006e150000701500009a150000a5150000
dd160000de160000411700004b17000060170000791700007d170000b1170000bc17000055180000f8190000161a0000
201a0000351b00003f1c0000d31c0000fa1c0000491d0000521d0000771d0000b01d0000bc1d0000be1d0000211f0000
3b1f00004c1f00006f1f00007b1f0000821f0000e41f0000ff1f00001e20000023200000242000004121000072210000
d1210000df210000fe210000052200009d220000072300001f2300001027000014270000542700005627000076270000
ac27000053280000a3280000a4280000e82800009129000097290000a0290000c72900001a3b0000573b0000743b0000
853b0000ae3b0000c23b0000c33b0000f93b00002a3c0000323c00009b3c0000c73c0000dd3c0000083d00000f3d0000
2b3d0000b23d0000b63d0000303e0000643e0000813e0000883e00000600000056000000b3000000a3010000be010000
a50200007e030000750500007d060000fc060000eb070000e8080000330a00005d0a0000d70a0000060b0000b90b0000
411800004a1d00008e1d00009d1e0000241f0000581f0000e81f000051200000c7210000072200002c220000133b0000
a03b0000d03b0000433e0000470000005500000048010000d00100000c02000018020000a7030000da03000077040000
780400009604000086050000d8050000fc0500007c060000a7070000f207000002080000980800004509000047090000
bf090000fa090000120a0000320a0000340a00003b0a0000610a0000880a0000ba0a0000e70a0000f40a0000f50a0000
9d0b0000c10b0000d40b0000e80b0000100c0000140c00008e0c0000410d0000d0100000501100002e13000036130000
ab130000af13000066140000da140000f61700004818000067190000f41900002b1a0000f61d00001e1e0000251f0000
391f0000401f0000601f0000641f0000661f00008f1f00009e1f0000ad2000005b21000082210000dd2100003f220000
4b2200008c220000cb220000f2220000412300005023000053230000b2240000662500006a2500003426000040260000
71260000a5260000a9260000b6260000ed260000ed2900001b2b0000862c0000082d0000e72e0000712f0000f8340000
163500002e3500005c3500006035000055360000e63600000a370000ab380000cb380000ed380000153900005c3a0000
6a3a00007b3a0000873a0000b83a0000123b0000833b0000b03c0000d03e0000d23e0000c93f0000cd3f000012400000
16400000754000006c4100000f0000002d000000460000005a000000e1000000fc00000039010000b2010000f4010000
f6010000fd01000005020000120200001a020000a20200007303000085050000b50500000206000081060000c5060000
04080000b7090000780b00007e0b0000ae0b0000e70c00003a0d0000660d00007c0d00000e120000ca12000043180000
8c1d00009b1d00009d1d0000041f0000861f00008b1f0000d21f0000062000002c20000056200000312200009f220000
c6220000582300006323000008040000f4040000c3060000d8060000e40600003d07000045070000d70c00002a0d0000
a00d0000f50d0000f60d0000830e00000a0f00001c0f00002c0f0000a6100000b8100000c0100000e5100000ea100000
eb1000008d11000033120000451200004612000099120000b6120000db120000dc120000541300009b130000e8130000
18140000191400001615000040170000a3180000d7180000df1800001d190000d71900008d1a0000e21a0000f81a0000
6f1b0000891b00008d1b0000d61b0000fe1b0000381c00006b1c0000b81c0000c81c0000931e0000951e0000961e0000
a81e00002a200000402100004b210000fd2100004d25000099270000a02800009e290000342e0000582e0000862e0000
af2e00002530000033300000da300000f1300000f33000002f310000db310000f7310000f9310000fb31000046320000
cb3200004b340000623900007f390000a0390000a1390000113a0000343a0000953f00009f00000072010000d8010000
de01000076020000a0030000b103000006040000500400007d040000930400009c040000a904000026050000a2050000
0b06000091060000b2060000e606000012070000460700004e0700005c07000090080000cc080000d2080000fa080000
a4090000c40900003f0a0000a20a0000d90a0000e90a0000150b00003b0c000096100000a2100000d0100000f7100000
1b1500008b150000c2150000f0150000f81500007516000006170000191700004f1700009a170000cc190000bc1a0000
931c00008e1e0000a91e0000ad1e00001520000029210000dd2100000225000096270000a52700009f280000a1280000
bb280000802900009b290000d2290000542a0000572b0000702c0000ad2c0000fb2c0000222d00003530000057300000
6630000090300000ca300000f63000000232000006320000323200007a320000e4320000f338000012390000d1390000
e1390000043a0000f63a0000dd3e00004d40000044410000fb0600003307000065160000c1190000261b00007a1c0000
e71c0000a51e0000f81f0000c22100004c30000000320000fe390000413a0000a40000007a0100007602000020030000
24030000ad030000d6030000a8040000bb040000260500008d0600009d060000a5060000a7060000fb06000012070000
33070000460700004e0700005c0700001108000098080000fa08000012090000160900005c090000ab090000da090000
dc090000570a0000ba0a0000150b00004f0b0000530b00008f100000d0100000f71000001b1500008b150000c2150000
f0150000f8150000651600007516000006170000191700004f1700009a170000c1190000cc190000bc1a0000261b0000
7a1c0000931c0000e71c0000861e0000891e00008a1e0000a51e0000a91e0000ad1e0000f81f000015200000c2210000
dd21000096270000a52700009f280000a1280000bb280000802900009b290000d2290000542a0000572b00000d300000
153000004c300000573000006630000081300000c3300000f6300000ee310000f1310000f23100000032000002320000
06320000e4320000a8330000e9380000fa3800001739000019390000d1390000e1390000fe390000043a0000413a0000
f63a00004d4000004441000015000000ca000000e8000000a8010000b30100003f02000046020000e702000001030000
430300007b050000fe0500004c060000bb06000062090000b00900007e0b0000870b0000830c0000c40c0000360d0000
b50d0000471000007d15000013170000601d0000b71d0000c41d0000861f0000d91f0000962200000b27000011270000
3627000058280000a1010000a90200002b06000058150000741c0000ab1d00000700000038000000d902000077050000
c50900003b1d0000240000004e00000091000000f6000000a10100003f02000046020000a9020000dc020000dd020000
e702000001030000430300008d0500002b0600004c060000810600000408000064090000c7090000c80900007e0b0000
720c0000360d0000b50d000047100000581500007d15000013170000741c00003c1d0000451d0000541d0000ab1d0000
b71d0000c41d0000861f00000b2700001127000036270000582800001d0000003b000000c7000000d5000000ee000000
f30000001a0100002e01000053010000ae010000b9010000cb010000e1010000f1010000040200003902000099020000
e602000000030000400300004a03000096030000f2030000fd03000073040000980400001e050000240500007a050000
8105000092050000c10500000106000007060000470600004b060000ba060000c0060000dc060000a5070000b1070000
ed0700007c0800001a090000260900006d0900007c0900008709000098090000af090000b6090000ba090000d0090000
860a0000720b00007c0b0000850b00009a0b0000bd0b0000f70b0000650c00007f0c0000860c0000b10c0000ce0c0000
000d00000b0d00002b0d0000390d0000640d00006d0d0000760d0000b10d0000b40d0000b80d0000d90d0000dc0d0000
170e00002f0e0000d90e0000030f0000ff0f000003100000271000004a1000005a100000391100004511000071110000
98110000fc110000211200002312000071120000a5120000cf120000d1120000f6120000091300003f130000ce130000
46140000511400005e14000087140000bf1400001e1500008015000086150000ea150000ee150000b0160000fc160000
161700001717000027180000c8190000001b0000f41c00006a1d0000701d0000731d00008b1d00008d1d0000a81d0000
ba1d0000ce1d00006c1e0000c11e0000dd1e0000e11e0000f81e0000071f00003e1f00008d1f0000941f0000c41f0000
d81f00000d2000002f200000af2000008e210000332200003a22000054220000932200009d2200009e22000011230000
3923000044230000572300007723000099240000d124000023250000ca2500005126000070260000b2260000bb260000
10270000142700003527000076270000ac2700005328000057280000e82800002529000060290000102a00008b2a0000
4c2b0000602c0000a92c0000582f0000902f00002a3000009f320000c6330000e6330000e8340000ed3400002f360000
38360000a2360000d23700000c38000078380000b83800003039000042390000983a0000b73a00004f3b0000d73c0000
204000000600000037000000b3000000f20100000d020000f4020000100300007505000076050000fd05000030080000
650800004b090000cf090000d5090000750b0000d60b000045150000a91700003e1d00009f1d00006a1e0000b81e0000
a11f0000d1220000aa2300003926000079260000d4340000fb350000803a0000c03a0000d10000000d010000b1010000
f1010000b1020000b6020000f0040000b0050000b405000033060000290700009c080000b2090000020a00002d0b0000
720b0000e50c0000870d0000910d0000db0d0000ea0d00003510000037100000a3110000361200007c120000d0120000
d51200005c1500001c17000042180000551800006c18000038190000b9190000e6190000f8190000e41a00001d1b0000
351b00008a1b00003f1c0000641c0000771c0000781c0000d31c0000fa1c00006e1d0000ae1d0000b01d0000c41e0000
101f00006f1f0000d11f0000542000002f2200009d2200009a2b0000dc34000008360000b4360000c3380000f3390000
1c3a0000f93b0000303e0000080000002b000000480000004a0000005700000078000000fe0000007e010000f2010000
0d02000096020000a5020000ec020000f8020000470300007e030000a80300009f0400008705000089050000fd050000
430600007e06000078070000e20800004609000049090000600900007509000089090000cd090000d1090000ff090000
170a0000350a0000400a0000f60a0000750b0000820b0000b90b0000d60b0000700c0000d011000045150000a9170000
f7170000431d0000471d00009f1d00006a1e0000ec1e0000201f0000a11f0000d1220000aa2300003926000079260000
ef29000096360000ac380000ba380000d0380000803a0000c03a0000153b0000c03b0000a104000002050000cf060000
6b070000e810000097120000d61400007e160000e5180000b01b0000691c00002c1d0000321e0000e22300001f250000
49250000582a0000f02b00001c300000753000008e300000b7300000ef3000005e3100008e310000af3100001b320000
2a3200009a320000c632000060390000323a0000823c0000413e0000573f0000be3f000071400000ed400000b9060000
30070000db0c00007b0d0000e31000002512000060130000d81300006d1600001518000081180000031a00004c1a0000
e31a00000c1b0000401c0000bc1c0000d71c0000a5000000750100002a020000250300008e060000fc06000093080000
e608000017090000580a0000ad0a0000020b0000540b00009d1e0000fd1f000034200000c7210000072200007a010000
7a020000a9030000be030000a2040000b2040000aa060000b7060000d00600000907000019070000540700006c070000
db0700001308000098080000fe080000ba0a0000210b0000de0c0000f20d00009a100000d01000001a11000042120000
9c120000d91200006b1300001514000050160000651600007f160000c01a0000261b0000051c00009f1c0000e71c0000
241e00008d1e0000921e0000a11e0000b41e000015200000412000002f2100007b210000dd21000014220000e3230000
492400009d270000ad280000ba290000592a0000e62a00005b2b0000f52b0000193000001d300000403000005d300000
7630000087300000ba300000cf300000123100008f310000f5310000f6310000fe3100000e3200005632000098330000
ac33000050350000653900009e3900007340000097400000ef40000056410000090100006a030000b0050000800a0000
3f0b0000a50b00008f0d000035100000e51300005e140000931500008e170000aa170000011d0000431f0000761f0000
f72200007f23000085000000c901000083070000eb07000030080000600900005b0a0000d70a0000a10b00006c0c0000
30130000061500003d170000321f0000581f00002c220000bc2200003123000025000000ef000000a6010000fe010000
de020000871d0000a3000000d2000000f60000000e010000d40100004d0200004e0200006f030000b50500008c060000
41070000b507000008080000c8080000aa0b0000ad0c0000360d0000d10d00000b0e0000ca1200003e14000011150000
5815000098150000af170000ec1a00005b1d00006b1d0000921d0000d61d0000cf1e0000951f00002327000066000000
48010000bd0100001f020000d0030000c8040000c90400005e050000d80500008d060000fb060000a707000009080000
120900007a09000096090000570a0000590a00005a0a0000880a0000d50a0000d60a0000050b00004f0b0000ab0b0000
200c0000210c00006f0c0000680d000022100000311100005011000033130000cb1300006614000070140000da140000
fa1400004c150000a11600003b1700003c17000078170000d2170000f01d0000481e0000351f0000401f00005b1f0000
6b1f0000961f0000c22100004722000063220000bf220000f22200003423000060230000b22400007625000077250000
9d250000be2500004f260000d5260000d8260000d9270000862c0000082d0000e72e0000712f0000be33000018340000
fd340000093500006c3500006d35000097350000ba3500005d3600007a36000046370000963a00002c3b00009e3b0000
1b3c0000f83e00001c3f0000743f0000db3f0000354000002900000065000000e1000000f500000057010000a5010000
010200001e020000f102000005030000b50500008c06000041070000b507000008080000c8080000aa0b0000e70c0000
610d0000660d00007c0d0000ca1200003e14000047150000af1700008a1d00009e1d0000cf1e0000951f0000dd1f0000
30200000bb220000182300005f230000af230000d10000002c01000000020000bd020000b0050000b906000030070000
800a00003f0b0000a50b0000e50c0000870d0000980d0000b40d00002f0e000035100000e31000002512000060130000
d8130000e51300005e14000046150000721500006d1600008e170000aa17000058180000031a00004c1a0000e41a0000
3c1b0000401c0000bc1c0000d71c0000011d0000751d0000b21d0000431f0000761f0000ba220000ad230000473b0000
0b3c0000e13c0000f13c0000c73d0000343e0000270000006700000084000000fe0000007e010000a3010000be010000
9d020000f402000010030000660300008e060000fc06000083070000eb0700003008000093080000e608000017090000
60090000580a00005b0a0000ad0a0000d70a0000020b0000540b0000a10b00008f0c000030130000fb1400003d170000
411800004f1d00008e1d00009d1e0000321f0000581f0000e81f000051200000c7210000072200002c2200002d3b0000
763b0000a03b0000cc3b0000203c0000433e0000290100008b01000077030000ed030000210400000a05000018050000
f3050000b60600006c0900001b0a00007a0a0000840a0000cc0a0000440b0000b20b00001c0d0000970d0000a70d0000
260f0000330f0000690f0000f40f00000f10000044100000e21000005b1100006a110000e11200003d1300008d130000
e2130000e7130000f91300004f140000691400006a140000ad140000dd140000de14000089180000401a0000591a0000
761b0000cd1b0000b21c0000ff1c0000111d0000fe1d0000331e0000421f0000451f0000571f0000791f00005e200000
ae200000d52000001f2100002622000039220000f6220000fa2200002323000084230000b3240000c624000083250000
8a260000f2290000332b0000002c0000132c0000a12c00001e2d0000682d00008d2d0000f02d0000142e0000e82e0000
f12e0000282f00004b2f0000722f0000852f0000ff3400007c3500006136000020370000d438000026390000733a0000
d13a0000413b0000ee3c0000104100008e41000089000000180200001603000098030000dc030000ea03000067040000
770400001b0500002d050000c7050000ef050000540600008007000089070000f4070000fe070000020800001c080000
360800004e0800008a08000055090000620a00008a0a0000f50a0000680b0000950b0000d80b0000100c00008b0c0000
eb0c0000020e0000510e0000f60f0000711000002a1300003413000079130000fc130000381400002116000091160000
c1170000e917000002180000f5190000f21d0000361e0000361f0000641f00007d1f00008f1f0000ee1f000075200000
fc200000db210000c822000050230000b3230000f52400006a2500003b260000a5260000b6260000712700007b280000
ea2800001929000099290000292a0000ef2a00009d2c0000d22c00003c2d0000ac2d0000e22d0000162e0000fb2e0000
052f0000352f0000b42f0000ca2f0000ee2f0000213300006433000060350000e2360000ef380000573a0000823a0000
533b0000d23e0000c93f000012400000584000001e0000003c000000e6000000000100002f01000080010000ba010000
e2010000f6010000fc0100000e0200009b020000f60200004c0300007b050000fe0500004c060000bb06000062090000
b00900007e0b0000870b0000ad0d0000471000001f1500004a1500005315000013170000391800009b1d0000861f0000
9f220000582300001e270000ae27000058280000a8000000d5000000e7000000fa000000020100002e0100004d010000
820100009b010000240200004b020000530200005d020000220300007c03000096030000f2030000fd03000073040000
980400001e05000024050000c3050000f805000016060000570600008806000099060000ba060000040700000e070000
2d0700005f070000a5070000ab070000b0070000bc070000cc070000e0070000070800000d080000e008000014090000
5a090000630900007c090000e2090000290a0000860a0000b70b00002c0c0000b00c0000b10c0000c20c0000e60c0000
240d00003f0d0000550d00005e0d0000870d00008d0d0000a30d0000b10d0000c60d0000d50d0000100e0000170e0000
390e0000d90e0000030f0000e40f0000f50f000014100000271000003010000035100000521000005b10000088100000
bc100000c910000094110000e61100002312000054120000b7120000dd1200003f130000ce1300003614000042140000
46140000681400006b140000df1400003d1500005d15000066150000ea150000ee15000055160000a3160000a6160000
1b1700000e180000551800008e180000621900005d1a0000a31a0000e41a0000f11a0000fa1a0000001b0000351b0000
6c1c0000f41c0000fa1c00005e1d0000731d0000831d0000a41d0000c21d0000db1d0000661e0000781e0000d71e0000
f51e0000151f00003e1f00009a1f0000b81f0000fa1f00006e200000af200000ff200000242100004922000006230000
0723000077230000b824000005250000aa2500002227000038270000902700005a28000086280000b6280000dc280000
f3290000452a0000a82a0000f12a0000342b0000412b00000c2c0000152c0000a62c0000d52c0000532d00006d2d0000
802d0000942d0000c32d0000d22e0000082f00002d2f0000772f0000d52f000009300000693000007d3200003d330000
49330000a5350000c5360000e23800004c3a00004f3b0000d73c00009b410000370300005e0600002f0b0000740b0000
0a1d0000301d0000711f000072230000db240000672a0000dc2c00002f2d0000f72e00009a2f0000900200002b060000
1a180000041b00000d1b0000741c000013000000b8000000060200002e02000077050000c50900009300000041020000
560200007e020000450300009e050000140600006006000094060000ad0600000a08000014080000de090000800b0000
c41a0000561d0000c61d0000561e00007a1e0000881f00000d270000a9270000522800006c2a00005f2b00006c2c0000
de2c0000be2e0000d42e000055000000be000000180200001603000037030000a7030000b7030000150500001b050000
2d0500008e050000a7050000a9050000540600005e0600007c060000ba070000de0700000208000036080000320a0000
340a00003b0a00006e0a0000f50a00002f0b0000680b0000740b00009d0b0000c90b0000cd0b0000100c0000140c0000
4e0c0000520c0000ac0c0000020e0000dc0f00007110000039130000fc130000381400002116000091160000c1170000
e91700000a1d0000301d0000e71d0000361e0000231f0000251f00003d1f0000641f0000711f00007d1f00008f1f0000
8a2200008c220000d72200005023000072230000b323000093240000a8240000db240000f5240000662500006a250000
a5260000b6260000712700007b280000ea2800001929000099290000672a0000ef2a0000752c0000d22c0000dc2c0000
012d00002f2d00003c2d00004b2d0000ac2d0000cd2d0000162e0000e02e0000e62e0000f72e0000fb2e0000522f0000
672f00009a2f0000b42f0000ca2f0000ee2f0000f83400005c3500006035000055360000123b0000d23e0000c93f0000
124000000f000000310000005a000000b50000000301000083010000f6010000fd01000008020000090200001a020000
300200003102000090020000f60200008d0500002b0600004c060000810600000408000064090000c7090000c8090000
7e0b0000ad0d0000471000001f1500004a15000053150000131700001a18000039180000041b00000d1b0000741c0000
9b1d0000861f00009f220000582300001e270000ae2700005828000066010000f1010000b6020000d3020000e6020000
f0040000e30500003f060000470600002907000085080000fc0900002d0b0000720b00008d0d00009f0d0000a30d0000
3f100000ae100000871100008f11000032120000dd1200001e1500005518000020190000f81900006f1a0000951a0000
f11a0000fa1a0000351b00008a1b0000d41b0000d71b0000001c00003f1c00006c1c0000d31c0000fa1c00007c1d0000
b01d0000b61d0000621e0000741e00006f1f00009d22000091230000e624000010270000ac27000053280000912c0000
c92c0000882d0000872e0000c62e0000a52f0000f93b0000303e0000080000002f0000005700000078000000b7000000
cc000000b8010000e001000041020000560200007e020000960200004503000047030000a80300009f0400008a050000
8f050000a8050000ab050000040600000e06000014060000600600007e060000c9060000ed06000078070000e2080000
ae090000de090000350a0000400a0000f60a0000800b0000820b0000ce0b0000530c0000c60c0000e60f0000c41a0000
471d0000621d0000c61d00005a1e00007a1e0000201f0000881f000098220000952400000d270000a927000052280000
6c2a00005f2b0000762c0000b02c0000de2c0000552d0000d42e0000542f0000153b0000c03b0000460a0000960a0000
c00a0000e60a0000fb0a0000fd0a00005913000096130000d513000025140000451700004c1700007a1700007e170000
fb190000171a0000211a0000d41c0000e621000002220000ab290000ca29000001010101010101010101010101010101
010101010101010101010101010101010101010101010101010101010101010101010101010101010101010101010101
010101010102010101010101010101010201010101010101010101010101010101010101010101010101010101010101
010101010101010101010101010101010101010101010101010101010101010101010202020202010101010101010201
020202010101010203010101010101010101010102020101010101010101010101010101010101010101010101010101
010101010101010101010101010101010101010101010101010101010101010101010101010101010101010101010101
010101010101010101010101010101010101010101010101010101010101010101010101010101010101010101010101
010101010101010101010101010101010101010101010101010102010101010101010101010201010101010102010101
010101010101010101010101010101010101010101010101010101010101010101010101010101010101010101010101
010102010101010101010101010101010101010101010101010101010101010101010101010101010101010101010101
010101010101010101010101010101010101010101010101010101010101010101010101010101010101010101010101
010101010101010101010101010101010101010101010101010101010101010101010101010101010101010101010101
010101010101010101010101010101010101010101010101010102010101010101010101020102010101010101010101
010101010101010101010101010101010101010101010101010101010101010101010101010101010101010101010201
010101010101010101010101010101010101010101010101010101010101010101010101010101010101010101010101
010101010101010101010101010101010101010101010101010101010101010101010101010101010101010101010101
010101010101010101010101010101010101010101010101010101010101010101010101010101010101010101010101
010101010101010101020102010101010101020101010101010101010101010101010101010101010101010101010101
010101010101010101010101010101010101010101010101010101010201010101010101010101010101020101010101
010101010101020101010101010101010101010101010101010101010101010101010101010101010101010101010101
010101010101010101010101010101010101010101010101010101010101010102010101020101010101010102010101
010101010101010101010101010101010101010101010101010101010101010101010101020101010101010101010101
010102010101010101010101010101010101020201010101010101010101010201010101010201010101010101010101
010101020101010101010101010101010102010101010101010101010101010101010101010101010101010101010101
010101010101010101010101010101010101010101010101010101010101010101010101010101010101010101010101
010101010101010101010101010101010101010101010101010101010101010101010101010101010101010101010101
010101010101010101010101010101010101010101010101010101010101010101010101010101010101010101010101
010101010101010101010101010101010101010101010101010101010101010101010101010101010101010101010101
010101010101010101010101010101010101010101010101010101010101010101010101010101010101010101010101
010101010101010101010101010101010101010101010101010101010101010101010101010101010101010101010101
010101010101010101010101010101010101010101010101010101010101010101010101010101010101010101010101
010101010101010101010101010101010101010101010101010101010101010101010101010101010101010101010101
010101010101010101010101010101010101010101010101010101010101010101010101010101010101010101010101
010101010101010101010101010101010101010101010101010101010101010101010101010101010101010101010101
010101010101010101010101010101010101010101010101010101010101010101010101010101010101010101010101
010101010101010101010101010101010101010101010101010101010101010101010101010101010101010101010101
010101010101010101010101010101010101010101010101010101010101010101010101010101010101010101010101
010101010101010101010101010201010101010101010101010101010101010101010101010101010101010101010101
010101010101010101010101010101010101010101010101010101010101010101010101010101010101010101010101
010101010101010101010101010101010102010101010101010101010101010101010101010101010101010101010101
010101010101010101010101010101010101010101010101010101010101010101010101010101010101010101010101
010101010101010101010101010102010101010101010101010101010101010101010101010101010101010101010101
010101010101010101010101010101010101010101010101020101010101010101010101010101010101010101010101
010101010101010101010101010101010101010101010101010101010101010101010101010101010101010201010101
010101010101010101010101010101010101010101010101010101010101010101010101010101010101010101010101
010101010101010101010101010101010101010101010101010101010101010101010101010101010101010101010101
010101010101010101010101010101010101010101010101010101010101010101010101010101010101010101010101
010101010101010101010101010101010101010101010101010101010101010101010101010101010101010101010101
010101010101010101010101010101010101010101010101010101010101010101010101010101010101010101010101
010101010101010101010101010101010102020202020101020202020101020202020202020201010202020202020101
010101010101010102010101010101010101010101010101010101010101010101010101010101010101010101010101
010101010101010101010101010101010101010101010101010101010101010101010101010101010101010101010101
010101010101010101010101010101010101010101010101010101010101010101010101010101010101010101010101
010101010101010101010101010101010101010101010101010101010101010101010101010101010101010101010101
010101010101010101010101010101010101010101010101010101010101010101010101010101010101010101010101
010101010101010101010101010101010101010101010101010101010101010101010101010101010101010101010101
010101010101010101010101010101010101010101010101010101010101010101010101010101010101010101010101
010101010101010101010101010101010101010101010101010101010101010101010101010101010101010101010101
010101010101010101010101010101010101010101010101010101010101010101010101010101010101010101010101
010101010101010101010101010101010102020101010101010101010101020101010101010101010101010101010101
010101010101010101010101010101010101010101010101010101010101010101010101010101010101020101010101
010101010101010201010101010101010101010102010101010101010101010101010101010101010101010101010101
010101010101010101010101010101010101010101010101010101010101010101010101010101010101010101010101
010101010101010101010101010101010101010101010101010101010101010101010101010101010101010101010101
010101010101010101010201010101010101010101010101010101010101010101010101010101010101010201020101
010101010201010101010101020101010101010101010101020101010101010101010102010101010101010101010101
010101010101010101010101010101010101010101010101010101010101010101010101010101010101010101010101
010101010101010101010101010101010101010101010101010101010101010101010101010101010101010101010101
010101010101010101010101010101010101010101010101010101010101010101010101010101010101010101010101
010101010101010101010101010101010101010101010101010101010101010101010101010101010101010101010101
010101010101010101010101010101010101010101010101010101010101010101010101010101010101010101010101
010101010101010101010101010101010101010101010101010101010101010101010101010101010101010101010101
010101010101010101010101010101010101010101010101010101010101010101010101010101010101010101010101
010101010101010101010101010101010101010101010101010101010101010101010101010101010101010101010101
010101010101010101010101010101010101010101010101010101010101010101010101010101010101010101010101
010101010101010101010101010101010101010101010101010101010101010101010101010101010101010101010101
010101010101010101010101010101010101010101010101010101010101010101010101010101010101010101010101
010101010101010101010101010101010101010101010101010101010101010101010101010101010101010101010101
010101010101010101010101020101010101010101010101010101010101010101010101010101010101010101010101
010101010101010101010101010101010101010101010101010101010101010101010101010101010101010101010101
010101010101010101010101010101010101010101010101010101010101010101010101010101010101010101010101
010101010101010101020101010101010101010101010101010101010101010101010101010101010101010101010101
010101010101010101010101010101010101010101010101010101010101010101010101010101010101010101010101
010101010101010101010101010101010101010101010101010101010101010101010101010101010101010101010101
010101010101010101010101010101010101010101010101010101010101010101010101010101020102010201010101
010101010101010101010101010101010101010101010101010101010101010101010101010101010101010101010101
010101010101010101010101010101010101010101010101010101010101010101010101010101010101010101010101
010101010101010101010101010101010101010101010101010101010101010101010101010101010101010101010101
010101010101010101010101010101010101010101010101010101010101010101010101010101010101010101010101
010101010101010101010101010101010101010101010101010101010101010101010101010101010101010101010101
010101010101010101010101010101010101010101010101010101010101010101010101010101010101010101010101
010101010101010101010101010101010101010102020101010101010101020101010101010101010101010101010101
010101010101010101010101010101010101010101010101010101010101010101010101010101010101010101010101
010101010101010101010101010101010101010101010101010101010101010101010101010101010101010101010101
010101010101010101010101010101010101010101010101010101010101010101010101010101010101010101010101
010101010101010101010101010101010101010101010101010101010101010101010101010101010101010101010101
010101010101010101010101010101010101010101010101020101020101010102010101010101010101010101010101
010101010101010101010101010101010101010101010101010101010101010101010101010101010101010101010101
010101010101010101010101010101010101010101010101010101010101010101010101010101010101010101010101
010101010101010101010101010101010101010101010101010101010101010101010101010101010101010101010101
010101010101010101010101010101010101010101010101010101010101010101010101010101010101010101010101
010101010101010101010101010101010101010101010101010101010101010101010101010101010101010101010101
010101010101010101010101010101010101010101010101010101010101010101010101010101010101010101010101
010101010101010101010101010101010101010101010101010101010101010101010101010101010101010101010101
010101010101010101010101010101010101010101010101010101010101010101010101010101010101010101010101
010101010101010101010101010101010101010101010101010101010101010101010101010101010101010101010101
010101010101010101010101010101010101010101010101010101010101010101010101010101010101010101010101
010101010101010101010101010101010101010101010101010101010101010101010101010101010101010101010101
010101010101010101010101010101010101010101010101010101010101010101010101010101010101010101010101
010101010101010101010101010101010101010101010101010101010101010101010101010101010101010101010101
010101010101010101010101010101010101010101010101010101010101010101010101010101010101010101010101
010101010101010101010101010101010101010101010101010101010101010101010101010101010101010101010101
010101010101010101010101010101010101010101010101010101010101010101010101010101010101010101010101
010101010101010101010101010101010101010101010101010101010101010101010101010101010101010101010101
010101010101010101010101010101010101010101010101010101010101010101010101010101010101010101010101
010101010101010101010101010101010101010101010101010101010101010101010101010101010101010101010101
010101010101010101010101010101010101010101010101010101010101010101010101010101010101010101010101
010101010101010101010101010101010101010101010101010101010101010101010101010101010101010101010101
010101010101010101010101010101010101010101010101010101010101010101010101010101010101010101010101
010101010101010101010101010101010101010101010101010101010101010101010101010101010101010101010101
010101010101010101010101010101010101010101010101010101010101010101010101010101010101010101010101
010101010101010101010101010101010101010101010101010101010101010101010101010101010101010101010101
010101010101010101010101010101010101010101010101010101010101010101010101010101010101010101010101
010101010101010101010101010101010101010101010101010101010101010101010101010101010101010101010101
010101010101010101010101010101010101010101010101010101010101010101010101010101010101010101010101
010101010101010101010101010101010101010101010101010101010101010101010101010101010101010101010101
010101010101010101010101010101010101010101010101010101010101010101010101010101010101010101010101
010101010101010101010101010101010101010101010101010101010101010101010101010101010101010101010101
010101010101010101010101010101010101010101010101010101010101010101010101010101010101010101010101
010101010101010101010101010101010101010101010101010101010101010101010101010101010101010101010101
010101010101010101010101010101010101010101010101010101010101010101010101010101010101010101010101
010101010101010101010101010101010101010101010101010101010101010101010101010101010101010101010101
010101010101010101010101010101010101010101010101010201010101010101010101010201010101010101010101
020101010101010101010101010101010101010101010101010101010101010101010101010101010101010101010101
010101010101010101010101010101010101010101010101010101010101010101010101010101010101010101010101
010101010101010101010101010101010101010101010101010101010101010101010101010101010101010101010101
010101010101010101010101010101010101010101010101010101010101010101010101010101010101010101010101
010101010101010101010101010101010101010101010101010101010101010101010101010101010101010101010101
010101010101010101010101010101010101010101010101010101010101010101010101010101010101010101010101
010101010101010101010101010101010101010101010101010101010101010101010101010101010101010101010101
010101010101010101010101010101010101010101010101010101010101010101010101010101010101010101010101
010101010101010101010101010101010101010101010101010101010101010101010101010101010101010101010101
010101010101010101010101010101010101010101010101010101010101010101010101010101010101010101010101
010101010101010101010101010101010101010101010101010101010101010101010101010101010101010101010101
010101010101010101010101010101010101010101010101010101010101010101010101010101010101010101010101
010101010101010101010101010101010101010101010101010101010101010101010101010101010101010101010101
010101010101010101010101010101010101010101010101010101010101010101010101010101010101010101010101
010101010101010101010101010101010101010101010101010101010101010101010101010101010101010101010101
010101010101010101010101010101010101010101010101010101010101010101010101010101010101010101010101
010101010101010101010101010101010101010101010101010101010101010101010101010101010101010101010101
010101010101010101010101010101010101010101010101010101010101010101010101010101010101010101010101
010101010101010101010101010101010101010101010101010101010101010101010101010101010101010101010101
010101010101010101010101010101010101010101010101010101010101010101010101010101010101010101010101
010101010101010101010101010101010101010101010101010101010101010101010101010101010101010101010101
010101010101010101010101010101010101010101010101010101010101010101010101010101010101010101010101
010101010101010101010101010101010101010101010101010101010101010101010101010101010101010101010101
010101010101010101010101010101010101010101010101010101010101010101010101010101010101010101010101
010101010101010101010101010101010101010101010101010101010101010101010101010101010101010101010101
010101010101010101010101010101010101010101010101010101010101010101010101010101010101010101010101
010101010101010101010101010101010101010101010101010101010101010101010101010101010101010101010101
010101010101010101010101010101010201010101010101010101010201010101010101010101020101010101010101
010101010101010101010101010101010101010101010101010101010101010101010101010101010101010101010101
010101010101010101010101010101010101010101010101010101010101010102010101010101010101010101010101
010101010101010101010101010101010101010201010101010101010101010101010101010101010101010101010101
010101010101010101010101010101010101010101010101010101010101010101010101010101010101010101010101
010102010101010101010101010101010101010101010101010101010101010101010101010101010101010101010101
010101010101010101010201010101010101010101020201010201010101010101010101010101010202010101010101
010201010101010202020101010101010101010101010201010101010101010101010101010101010101010101010101
010101010101010101010101010101010101010101010101010101010101010101010101010101010101010101010101
010101010101010101010101010101010101010101010101010101010101010101010101010101010101010101010201
010101010101010101010101010101010101010101010101010101010101010101010101010101010101010101010101
010101010101010101010101010101010101010101010101010101010101010101010101010101010101010101010101
010101010101010101010101010101010101010101010101010101010101010101010101010101010101010101010101
010101010101010101010101010101010101010101010101010101010101010101010101010101010101010101010101
010101010101010101010101010101010101010101010101010101010101010101010101010201010101010101010101
010102010101010101010101010102010101010101010101010101010101010101010101010101010101010101010101
010101010101020102010101010101010101010101010101010101010101010101010101010101010101010101010101
010101010101010101010101010101010101010101010101010101010101010101010101010101010101010101010101
010101010101010101010101010101010101010101010101010101010101010101010101010101010101010101010101
010101010101010101010101010101010101010101010101010101010101010101010101010101010101010101010101
010101010101010101010101010101010101010101010101010101010101010101010101010101010101010101010101
010101010101010101010101010101010101010101010101010101010101010101010101010101010101010101010101
010101010101010101010101010101010101010101010101010101010101010101010101010101010101010101010101
010101010101010101010101010101010101010101010101010101010101010101010101010101010101010101010101
010101010101010101010101010101010101010102010101010101010101010101010101010101010101010101010101
010101010101010101010101010101010101010101010101010101010101010101010101010101010101010101010101
010101010101010101010101010101010101010101010101010101010101010101010101010101010101010101010101
010101010101010101010101010101010101010101010101010101010101010101010101010101010101010101010101
010101010101010101010101010101010101010101010101010101010101010101010101010101010101010101010101
010101010101010101010101010101010101010101010101010101010101010101010101010101010101010101010101
010101010101010101010101010101010101010101010101010101010101010101010101010101010101010101010101
010101010101010101010101010101010101010101010101010101010101010101010101010101010101010101010101
010101010101010101010101010101010101010101010101010101010101010101010101010101010101010101010101
010101010101010101010101010101010101010101010101010101010101010101010101010101010101010101010101
010101010101010101010101010101010101010101010101010101010101010101010101010101010101010101010101
010101010101010101010101010101010101010101010101010101010101010101010101010101010101010101010101
010101010101010101010101010101010101010101010101010101010101010101010101010101010101010101010101
010101010101010101010101010101010101010101010101010101010101010101010101010101010101010101010102
010101010101010101010101010101010101010101010201010101010101010101010101010101010101010101010101
010101010101010101010101010101010101010101010101010101010101010101010101010101010101010101010101
010101010101010101010101010101010101010101010101010101010101010101010101010101010101010101010101
010101010101010101010101010101010101010101010101010101010101010101010101010101010101010101010101
010101010101010101010101010101010101010101010101010101010101010101010101010101010101010101010101
010101010101010101010101010101010101010101010101010101010101010101010101010101010101010101010101
010101010101020101010101010101010101010201010101010101010101010201010101010101010101010101010101
010101010101010101010101010101010101010101010101010101010101010101010101010101010101010101010101
010101010101010101010101010101010101010101010101010101010101010101010101010101010101010101010101
010101010101010101010101010101010101010101010101010101010101010101010101010101010101010101010101
010101010101010101010101010101010101010101010101010101010101010101010101010101010101010101010101
010101010101010101010101010101010101010101010101010101010101010101010101010101010101010101010101
010101010101010101010101010101010101010101010101010101010101010101010101010101010101010101010101
010101010101010101010101010101010101010101010101010101010101010101010101010101010101010101010101
010101010101010101010101010101010101010101010101010101010101010101010101010101010101010101010101
010101010101010101010101010101010101010101010101010101010101010101010101010101010101010101010101
010101010101010101010101010101010101010101010101010101010101010101010101010101010101010101010101
010101010101010101010101010101010101010101010101010101010101010101010101010101010101010101010101
010101010101010101010101010101010101010101010101010101010101010101010101010101010101010101010101
010101010101010101010101010101010101010101010101010101010101010101010101010101010101010101010101
010101010101010101010101010101010101010101010101010101010101010101010101010101010101010101010101
010101010101010101010101010201010101010101010101010101010101010101010101010101010101010101010101
010101010101010101010101010101010101010101010101010101010101010101010101010101010101010101010101
010101010101010101010101010101010101010101010101010101010101010101010101010101010101010101010101
010101010101010101010101010101010101010101010101010101010101010101010101010101010101010101010101
010101010101010101010101010101010101010101010101010101010101010101010101010101010101010101010101
010101010101010101010101010101010101010101010101010101010101010101010101010101010101010101010101
010101010101010101010101010101010101010101010101010101010101010101010101010101010101010101010101
010101010101010101010101010101010101010101010101010101010101010101010101010101010101010101010101
010101010101010101010101010101010101010101010101010101010101010101010101010101010101010101010101
010101010101010101010101010101010101010101010101010101010101010101010101010101010101010101010101
010101010101010101010101010101010101010101010101010101010101010101010101010101010101010101010101
010101010101010101010101010101010101010101010101010101010101010101010101010101010101010101010101
010101010101010101010101010101010101010101010101010101010101010101010101010101010101010101010101
010101010101010101010101010101010101010101010101010101010101010101010101010101010101010101010101
010101010101010101010101010101010101010101010101010101010101010101010101010101010101010101010101
010101010101010101010101010101010101010101010101010101010101010101010101010101010101010101010101
010101010101010101010101010101010101010101010101010101010101010101010101010101010101010101010101
010101010101010101010101010101010101010101010101010101010101010101010101010101010101010101010101
010101010101020101010101010101010101010101010101010101010101010101010101010101010101010101010101
010101010101010101010101010101010101010101010101010101010101010101010101010101010101010101010101
010101010101010101010101010101010101010101010101010101010101010101010101010101010101010101010101
010101010101010101010101010101010101010101010101010101010101010101010101010101010101010101010101
010101010101010101010101010101010101010101010101010101010101010101010101010101010101010101010101
010101010101010101010101010101010101010101010101010101010101010101010101010101010101010101010101
010101010101010101010101010101010101010101010101010101010101010101010101010101010101010101010101
010101010101010101010101010101010101010101010101010101010101010101010101010101010101010101010101
010101010101010101010101010101010101010101010101010101010101010101010101010101010101010101010101
010101010101010101010101010101010101010101010101010101010101010101010101010101010101010101010101
010101010101010101010101010101010101010101010101010101010101010101010101010101010101010101010101
010101010101010101010101010101010101010101010101010101010101010101010101010101010101010101010101
010101010101010101010101010101010101010101010101010101010101010101010101010101010101010101010101
010101010101010101010101010101010101010101010101010101010101010101010101010101010101010101010102
010101010101010101010101010101010101010101010101010101010101010101010101010101010101010101010101
010101010101010101010101010101010101010101010101010101010101010101010101010101010101010101010101
010101010101010101010101010101010101010101010101010101010101010101010101010101010101010101010101
010101010101010101010101010101010101010101010101010101010102010101010101010101010101010101010101
010101010101010101010101010101010101010101010101010101010101010101010101010101010101010101010101
010101010101010101010101010101010101010101010101010101010101010101010101010101010101010101010101
010101010101010101010101010101010101010101010101010101010101010101010101010101010101010101010101
010101010101010101010101010101010101010101010101010101010101010101010101010101010101010101010101
010101010101010101010101010101010101010101010101010101010101010101010101010101010101010101010101
010101010101010101010101010101010101010101010101010101010101010101010101010101010101010101010101
010101010101010101010101010101010101010101010101010101010101010101010101010101010101010101010101
010101010101010101010101010101010101010101010101010101010101010101010101010101010101010101010101
010101010101010101010101010101010101010101010101010101010101010101010101010101010101010101010101
010101010101010101010101010101010101010101010101010101010101010101010101010101010101010101010101
010101010101010101010101010101010101010101010101010101010101010201010101010101010101010101010101
010101010101010101010101010101010101010101010101010101010101010101010101010101010101010101010101
010101010101010101010101010101010101010101010101010101010101010101010101010101010101010101010101
010101010101010101010101010101020101010101010101010101010101010101010101010101010101010101010101
010101010101010101010101010101010101010101010101010101010101010101010101010101010101010101010101
010101010101010101010101010101010101010101010101010101010101010101010101010101010101010101010101
010101010101010101010101010101010101010101010101010101010101010101010101010101010101010101010101
010101010101010101010101010101010101010101010101010101010101010101010101010101010101010101010101
010101010101010101010101010101010101010101010101010101010101010101010101010101010101010101010101
010101010101010101010101010101010101010101010101010101010101010101010101010101010101010101010101
010101010101010101010101010101010101010101010101010101010101010101010101010101010101010101010101
010101010101010101010101010101010101010101010101010101010101010101010101010101010101010101010101
010101010101010101010101010101010101010101010101010101010101010101010101010202020101010102020102
010102010101020202010101010101020101020201020201010101010101010101020202010101020101010101010101
010101010101010101010102020101010102010101010101020101010101010101010101010101010102010102010101
010101010101010101010101010101020101010101010101010202010101010101010101010101010101010101010101
010101010101010101010101010101010101010101010101010101010101010101010101010101010101010101010101
010101010101010101010101010101010101010101010101010101010101010101010101010101010101010101010101
010101010101010101010101010101010101010101010101010101010101010101010101010101010101010101010101
010101010101010101010101010101010101010101010101010101010101010101010101010101010101010101010101
010101010101010101010101010101010101010101010101010101010101010101010101010101010101010101010101
010101010101010101010102010101010101010101010101010101010101010101010101010101010101010101010101
010101010101010101010101010101010101010101010101010101010101010101010101010101010101010101010101
010101010101010101010101010101010101010101010101010101010101010101010101010101010101010101010101
010101010101010101010101010101010101010101010101010101010101010101010101010101010101010101010101
010101010102010101010102010101010202010101010101020101010101010101010101010101010101010101010101
010101010101010101010101010101010101010101010101010101010101010101010101010101010101010101010101
010101010101010101010101010101010101010101010101010101010101010101010101010101010101010101010101
010101010101010101010101010101010101010101010101010201010101010101010101010101010101010101010101
010101010101010101010101010101010101010101010101010101010101010101010101010101010101010101010101
010101010101010101010101010101010101010101010101010101010101010101010101010101010101010101010101
010101010101010101010101010101010101010101010101010101010101010101010101010101010101010101010101
010101010101010101010101010101010101020101010101010101010101010101010101010101010101010101010101
010101010101010101010101010101010101010101010101010101010101010101010101010101010101010101010101
010101010101010101010101010101010101010101010101010101010101010101010101020202020202020202020202
020102020202010101010101010101010101010101010101010101010101010101010101010101010101010101010201
010101010101010101010101010101010101010101010101010102010101010101020202020202020202020202020202
020202020202020202020202020202020202020202020202020202020202020102020202020202020202010101010101
010101010101010101010101010101010101010101010101010101010101010102010101020101020101010101010101
010101010101010101010101010101010101010101010101010101010101010101010101010101010101010101010101
010101010101010101010101010101010101010101010101010101010101010101010101010102010201020101010101
010101010101010101010101010101010101020101020101010102020101020101010201010102010201010101010101
010101010101010101010101010101010101020201010201020201010101010101010101010101010101020101010101
010101010101010101010101010101020102020101010101010101010101010101010101010101010101010101010101
010101010101010101010101010101010101010102020101020101010102020101010101010101010101010101010101
010201010102010101010101010201020201010201010101010101010101010101010101010101010101010101010101
010101010101010101010101010101010101010101010101010101010201010202010101010101010101010101010101
010101010101010101010101010101010101010101010101010101010101010101010101010101010101010102010201
020101010101010101010101010101010101010101010101010101010101010101010101010101010101010101010101
020101010101020102020101010101020201010101010101010102010201010101010101020102010102010201010201
010101010101010101010101010101010101010101010101010101020101010101010101010101010101010101010101
010101010101010101010101010101010101010101010101010101010101010101010101010101010101010101010101
010101010101010101010101010101010101010101010101010101010101010101010101010101010101010101010101
010101010201010101010101010101010101010101010101010101010101010101010101010101010101010101010101
010101010101010101010101010101010101010101010101010101010101010101010101010101010101010101010101
010101010101010101010101010101010101010101010101010101010101010101010101010101010101010101010101
010101010101010101010101010101010101010101010101010101010101010101010101010101010101010101010101
010101010101010101010101010101010101010101010101010101010101010201010101020101010101010101010101
010101010101010101010101010101010101010101010101010101010101010101010101010101010101010101010101
010101010101010101010101010101010101010101010101010101010101010101010101010101010101010101010101
010101010101010101010101010101010101010101010101010101010101010101010101010101010101010101010101
010101010101010101010101010101010101010101010101010101010101010101010101010101010101010101010101
010102010101010101010101010101010101010101010101010101010101010101010101010101010101010101010101
010101010101010101010101010101010101010101010101010101010101010101010101010101010101010101010101
010101010101010101010101010101010101010101010101010101010101010101010101010101010101010101010101
010101010101010101010101010101010101010101010101010101010101010101010101010101010101010101010101
010101010101010101010101010101010101010101010101010101020101010101010101010101010101010101010101
010101010101010101010101010101010101010101010101010101010101010101010101010101010101010101010101
010101010101010101010101010101010101010101010101010101010101010101010101010101010101010101010101
010101010101010101010101010101010101010101010101010101010101010201010101010101010101010101010101
010101010101010101010101010101010101010101010101010101010101010101010101010101010101010101010101
010101010101010101010101010101010101010101010101010101010101010101010101010101010101010101010101
010101010101010101010101010101010101010101010101010101010101010101010101010101010101010101010101
010101010101010101010101010101010101010101010101010101010101010101010101010101010101010101010101
010101010101010101010101010101010101010101010101010101010101010101010101010101010101010101010101
010101010101010101010101010101010101010101010101010101010101010101010101010101010101010101010101
010101010101010101010101010101010101010101010101010101010101010101010101010101010101010101010201
010101010101010101010101010101010101010101010101010101010101010101010101010101010101010101010101
010101010101010101010101010101010101010101010101010101010101010101010101010101010101010101010101
010101010101010101010101010101010101010101010101010101010101010101010101010101010101010101010101
010101010101010101010101010101010101010101010101010101010101010101020101010101020101010102010102
010101010101010102010101010101010101010101010101010101010101010101010101010101010101010101010101
010101010101010101010101010101010101010101010101010101010101010101010101010101010101010101010101
010101010101010101010101010101010101010101010101010101010101010101010101010101010101010101010101
010101010101010101010101010101010101010101010101010101010101010101010101010101010101010101010101
010101010101010101010101010101010101010101010101010101010101010101010101010101010101010101010101
010101010101010101010101010101010101010101010101010101010101010101010101010101010101010101010101
010101010101010101010101010101010101010101010101010101010101010101010101010101010101010101010101
010101010101010101010101010101010101010101010101010101010101010101010101010101010101010101010101
010101010101010101010101010101010101010101010101010101010101010101010101010101010101010101010101
010101010101010101010101010101010101010101010101010101010101010101010101010101010101010101010101
010101010101010101010101010101010101010101010101010101010101010101010101010101010101010101010101
010101010101010101010101010101010101010101010101010101010101010101010101010101010101010101010101
010101010101010101010101010101010101010101010101010101010101010101010101010101010101010101010101
010101010101010101010101010101010101010101010101010101010101010101010101010101010101010101010101
010101010101010101010101010101010101010101010101010101010101010101010101010101010101010101010101
010101010101010101010101010101010101010101010101010101010101010101010101010101010101010101010101
010101010101010101010101010101010101010101010101010101010101010101010101010101010101010101010101
010101010101010101010101010101010101010101010101010101010101010101010101010101010101010101010102
010101010201010101010101010101010101010101010101010101010101010101010101010101010101010101010101
010101010101010101010101010101010101010101010101010101010101010101010101010101010101010101010101
010101010101010101010101010101010101010101010101010101010101010101010101010101010101010101010101
010101010101010101010101010101010101010101010101010101010101010101010101010101010101010101010101
010101010101010101010101010101010101010101010101010101010101010101010101010101010101010101010101
010101010101010101010101010101010101010101010101010101010101010101010101010101010101010101010101
010101010101010101010101010101010101010101010101010101010101020101010101010101010101010101010101
010101010101010101010101010101010101010101010101010101010101010101010101010101010101010101010101
010101010101010101010101010101010101010101010101010101010101010101010101010101010101010101010101
010101010101010101010101010101010101010101010101010101010101010101010101010101010101010101010101
010101010101010101010101010101010101010101010101010101010101010201010101010101010101010101010101
010101010101010101010101010101010101010101010101010101010101010101010101010101010101010101010101
010101010101010101010101010101010101010101010101010101010101010101010101010101010101010101010101
010101010101010101010101010101010101010101010101010101010101010101010101010101010101010101010101
010101010101010101010101010101010101010101010101010101010101010101010101010101010101010101010101
010101010101010101010101010101010101010101010101010101010101010101010101010101010101010101010101
010101010101010101010101010101010101010101010101010101010101010101010101010101010101010101010101
010101010101010101010101010101010101010101010101010101010101010101010101010101010101010101010101
010101010101010101010101010101010101010101010101010101010101010101010101010101010101010101010101
010101010101010101010101010101010101010101010101010101010101010101010101010101010101010101010101
010101010101010101010101010101010101010101010101010101010101010101010101010101010101010101010101
010101010101010101010101010101010101010101010101010101010101010101010101010101010101010101010101
010101010101010101010201010101010101010101010101010101010101010101010101010101010101010101010101
010101010101010101010101010101010101010101010101010101010101010101010101010101010101010102010101
010101010101010101010101010101010101010101010101010101010101010101010101010101010101010101010101
010101010101010101010101010101010101010101010101010101010101010101010101010101010101010101010101
010201010101010101010101010101010101010101010101010101010101010101010101020101010101010101010101
010101010101010101010101010101010101010101010101010101010101010101010101010101010101010101010101
010101020101010101010101010101010101010101010101010101010101010101010101010101010101010101010101
010101010101010101010101010101010101010101010101010101010101010101010101010101010101010101010101
010101010101010101010101010101010101010101010101020201010201010101010101010101010101010101010101
010101010101010101010101010101010101010101010101010101010101010101010101010101010101010101010101
010101010101010101010101010101010101010101010101010101010101010101010101010101010101010101010101
010101010101010101010101010101010101010101010101010101010101010101010101010101010101010101010101
010101010101010101010101010101010101010101010101010101010101010101010101010101010101010101010101
010101010101010101010101010101010101010101010101010101010101010101010101010101010101010101010101
010101010101010101010101010101010101010101010101020202010202020202020202020202020201020201010101
010101010101010101020101010202020202020202020202020201020202020102010101010101010101010101010101
010101010101020102020101010101010101010101010101010101010101010101010201020201010101010101010102
010101020101020101010101010101010101010101010101010101010101020102020101010101010101010101010101
010101010102010202010101010101010101010101010101010101010101010101010102010202010101010101010101
010101010101010101010101010101010101010101010101010101010101010101010101010101010101010101010101
010101010101010101010101010101010101010101010101010101010101010101010101010101010101010101010101
010101010101010101010101010101010101010101010101010101010101010101010101010101010101010101010101
010101010101010101010101010101010101010101010101010101010101010101010101010101010101010101010101
010101010101010101010101010101010101010101010101010101010101010101010101010101010101010101010101
010101010101010101010101010101010101010101010101010101010101010101010101010101010101010101010101
010101010101010101010101010101010101010101010101010101010101010101010101010101010101010101010101
010101010101010101010101010101010101010101010101010101010101010101010101010101010101010101010101
010101010101010101010101010101010101010101010101010101010101010101010101010101010101010101010101
010101010101010101010101010101010101010101010101010101010101010101010101010101010101010101010101
010101010101010101010101010101010101010101010101010101010101010101010101010101010101010101010101
010101010101010101010101010101010101010101010101010101010101010101010101010101010101010101010101
010101010101010101010101010101010101010101010101010101010101010101010101010101010101010101010101
010101010101010101010101010101010101010101010101010101010101010101010101010101010101010101010101
010101010101010101010101010101010101010101010101010101010101010101010101010101010101010101010101
010101010101010101010101010101010101010101010101010101010101010101010101010101010101010101010101
010101010101010101010101010101010101010101010101010101010101010101010101010101010101010101010101
010101010101010101010101010101010101010101010101010101010101010101010101010101010101010101010101
010101010101010101010101010101010101010101010101010101010101010101010101010101010101010101010101
010101010101010101010101010101010101010101010101010101010101010101010101010101010101010101010101
010101010101010101010101010101010101010101010101010101010101010101010101010101010101010101010101
010101010101010101010101010101010101010101010101010101010101010101010101010101010101010101010101
010101010101010101010101010101010101010101010101010101010101010101010101010101010101010101010101
010101010101010101010101010101010101010101010101010101010101010101010101010101010101010101010101
010101010101010101010101010101010101010101010101010101010101010101010101010101010101010101010101
010101010101010101010101010101010101010101010101010101010101010101010101010101010101010101010101
010101010101010101010101010101010101010101010101010101010101010101010101010101010101010101010101
010101010101010101010101010101010101010101010101010102010101010101010101010101010101010101010101
010101010101010101010101010101010101010101010101010101010101010101010101010101010101010101010101
010102010101010101010101010101010101010101010101010101010101010101010101010101010101010101010101
010101010101010101010101010101010101010101010101010101010101010101010101010101010101010102020202
020202020202020202010202020201020101010101010101010101010101010101010101010101010101010101010101
010101010101010101010101010101010101010101010101010101010101010101010201010101010101010101010101
010101010102010202010101010101010101010101010101010101010101010101010101010101010101010101010101
010101010101010101010101010101010101010101010101010101010101010101010101010201010202010101010101
010101010101010101010101010101010101010101010101010101010101010101010101010101010101010101010101
010101010101010101010101010101010101010101010101010101010101010101010101010101010101010101010101
010101010101010101010101010101010101010101010101010101010101010101010101010101010101010101010101
010101010101010101010101010101010101010101010101010101010101010101010101010101010101010101010101
010101010101010101010101010101010101010101010101010101010101010101010101010101010101010101010101
010101010101010101010101010101010101010101010101010101010101010101010101010101010101010101010101
010101010101010101010101010101010101010101010101010101010101010101010101010101010101010101010101
010101010101010101010101010101010101010101010101010101010101010101010101010101010101010101010101
010101010101010101010101010101010101010101010101010101010101010101010101010101010101010101010101
010101010101010101010101010101010101010101010101010101010101010101010101010101010101010101010101
010101010101010101010101010101010101010101010101010101010101010101010101010101010101010101010101
010101010101010101010101010101010101010101010101010101010101010101010101010101010101010101010101
010101010101010101010101010101010101010101010101010101010101010101010101010101010101010101010101
010101010101010101010101010101010101010101010101010101010101010101010101010101010101010101010101
010101010101010101010101010101010101010101010101010101010101010101010101010101010101010101010101
010101010101010101010101010101010101010101010101010101010101010101010101010101010101010101010101
010101010101010101010101010101010101010101010101010101010101010101010101010101010101010101010101
010101010101010101010101010101010101010101010101010102010101010101010101010101010101010101010101
010101010101010101010101010101010101010101010101010101010101010101010101010101010101010101010101
010101010101010101010101010101010101010101010101010101010101010101010101010101010101010101010101
010101010101010101010101010101010101010101010101010101010101010101010101010201010101010101010101
010101010101010101010101010101010101010101010101010101010101010101010101010101010101010101010101
010101010101010101010101010101010101010101010101010101010101010101010101010101010101010101010101
010101010101010101010101010101010101010101010101010101010101010101010101010101010101010101010101
010101010101010101010101010101010101010101010101010101010101010102010101010101010101010101010101
010101010101010101010101010101010101010101010101010101010101010101010101010101010101010101010101
010101010101010101010101010101010101010101010101010101010101010101010101010101010101010101010101
010101010101010101010101010101010101010101010101010101010101010101010101010101010101010101010101
010101010101010101020101010101010101010101010101010101010101010101010101010101010101010101010101
010101010101010101010101010101010101010101010101010101010101010101010101010101010101010101010201
010101010101010101010101010101010101010101010101010101010101010101010101010101010101010101010101
010101010101010101010101010101010101010101010101010101010101010101010101010101010101010101010101
010101010101010101010101010101010101010101010101010101010101010101010101010101020101010101010101
010101010101010101010101010101010101010101010101010101010101010101010101010102020101020101010101
010101010101010101010101010101010101010101010101010101010101010101010102010101010201010201010202
020101010101010201010202010202010101010101020101010102010101010101010101010102010201020101010101
010102020101010101010101010101010101010101010101010101010101010101010101010101010101010101010101
010101010102010101010101010101010101010101010101010101010101010101010101010101010102010101010101
010102010101010101020101010101010101010101010101010101010101010101010101010101010101010101010101
010101010101010101010101010101010101010101010101010101010101010101010101010101010101010101010101
010101010101010201020102010101010101010101010101010101010101010101010101010101010101010101010101
010101010101010101010101010101010101010101010101010101010101010101010101010101010101010101010101
010101010101010101010101010101010101010101010101010101010101010101010101010101010101010101010101
010101010101010101010101010101010101010101010101010101010101010101010101010101010101010101010101
010101010101010101010101010101010101010101010101010101010101010101010101010101010101010101010101
010101010101010101010101010101010101010101010101010101010101010101010101010101010101010101010101
010101010101010101010101010101010101010101010101010101010101010101010101010101010101010101010101
010101010101010101010101010101010101010101010101010101010101010101010101010101010101010101010101
020102010201010101010101010101010101010101010101010101010101010101010101010101010101010101010101
010101010101010101010101010101010101010101010101010101010101020101010101010101020101010101010101
020101010101010101010101010101010101010101010101010101010101010101010101010101010101010101010101
010101010101010101010101010101010101010101010101010101010101010101010101010101010101010101010101
010101010101010101010101010101010101010101010101010101010101010101010101010101010101010101010101
010101010101010101010101010101010101010101010101010101010101010101010101010101010101010101010101
010101010101010101010101010101010101010101010101010101010101010101010101010101010101010101010101
010101010101010101010101010101010101010101010101010101010101010101010102010101010101010102010101
010101010101010101010101010101010101010101010101010101010101010101010101010101010101010101010101
010101010101010101010101010101010101010101010101010101010101010101010101010101010101010101010101
010201010101010101010101010101010101010101010101010101010101010101010101010101010101010101010101
010101010101010101010101010101010101010101010101010101010101010101010101010101010101010101010101
010101010101010101010101010101010101010101010101010101010101010101010101010101010101010101010101
010101010101010101010101010101010101010101010101010101010101010101010101010101010101010101010101
010101010101010101010101010101010101010101010101010101010101010101010101010101010101010101010101
010101010101010101010101010101010101010101010101010101010101010201010101010101010102010101020102
010201010101020101010102010101010101010101010201010101010101010101010101010101010101010101010101
010101010101010101010101010101010101010101010101010101010101010101010101010101010101010101010101
010101010101010101010101010101010101010101010101010101010101010101010101010101010101010101010101
010101010101010201010201010102010102020101010101020101020101010101010101010201010101010101010101
010101010101010101010101010101010101010101010101010101010101010101010101010101010101010101010101
010101010101010101010101010101010101010101010101010101010101010101010101010101010101010101010101
010101010101010101010101010101010101010101010101010101010101010201020101010102010202010101010101
010101010102010101010102010101010101010201010101010102010101010101010101010101010101010101010101
010101010101010101010101010101010101010101010101010101010101010101010102010101020102010101010201
010101010101010101020101010101010101010101010101010101010101010101010101010101010101010101010101
010101010101010101010101010101010101010101010201010201010102010102010101010101010101020101010201
010101010101010101010101010101010101010101010101010101010101010101010101010101010101010101010101
010101010101020102010101010101020101010101020101010101010102010101010101010101010101010101010101
010101010101010101010101010101010101010101010101010101010102020101020101010101010101010101010101
020201010101010101020101010101010101010101020101010101010202010102010101010201010101010101010101
010101010101010101010101010101010101010101010101010101010101010101010101010101010101010101010101
010101010101010101010101010101010101010101010101010101010101010101010101010101010101010101010101
010101010101010101010101010201010101010101020102010201010101010101010101020101010101010101020101
010101010101010102010101010101010101010101010101010101010101020102010101010101020101010101010101
010101010102010101020202020202020202020202020204020202020202020202020201010101010102010202010101
010101010101020101010101010102010101010102010101010101010101010101010101010101010101010101010101
010101010101010101010201020201010101010101010101010201010101010101020101010101020101010101010101
010101010101010101010101010101010101010101010101010101010101010101010101010101010101010101010101
010101010101010102010101010101010201010101020102010101020101010101010101010201010101010101010102
010101010101010101010101010101010101010102010101010102010101020101010101010101010101010101010101
010101010101010101010101010101010101010101010101010101010101010101010101010101010101010101010101
010101010101010101010101010101010101010101010101010101010101010101010101010101010101010101010101
010101010101010101010101010101010101010101010101010101010101010101010101010101010101010101010101
010101010101010101010101010101010101010101010101010101010101010101010101010101010101010101010101
010101010101010101010101010101010101010101010101010101010101010101010101010101010101010101010101
010101010101010101010101010101010101010101010101010101010101020101010201010201020101010102010101
010101010201010101010101010201010101010101010101010101010101010101010201010102010102010101010101
010101010101010101010101010101010101010101010101010101010101010101010101010101010101010101010101
010101010101010101010101010101010101010101010101010101010101010101010101010101010101010101010101
010101010101010101010101010101010101010101010101010101010101010101010101010101010101010101010101
010101010101010101010101010101010101010101010101010101010101010101010101010101010101010101010101
010101010101010101010101010101010101010101010101010101010101010101010101010101010101010101010101
010101010101010101010101010101010101010101010101010101010101010101010101010101010101010101010101
010101010101010101010101010101010101010101010101010101010101010101010101010101010101010101010101
010101010101010101010101010101010101010101010101010101010101010101010101010101010101010101010101
010101010101010101010101010101010101010101010101010101010101010101010101010101010101010101010101
010101010101010101010101010101010101010101010101010101010101010101010101010101010101010101010201
010101010101010101010101010101010101010101010101010101010101010101010101010101010101010101010101
010101010101010101010101010101010101010101010101010101010101010101010101010101010101010101010101
010101010101010101010101010101010101010101010101010101010101010101010101010101010101010101010101
010101010101010101010101010101010101010101010101010101010101010101010101010101010101010101010101
010101010101010201010101010101010101010101010101010101010101010101010101010101010101010101010101
010101010101010101010101010101010101010101010101010101010101010101010101010101010101010101010101
010101010101010101010101010101010101010101010101010101010101010101010101010101010101010101010101
010101010101010101010101010101010101010101010101010101010101010101010101010101010101010101010101
010101010101010101010101010101010101010101010101010101010101010101010101010101010101010101010101
010101010101010101010101010101010101010101010101010101010101010101010101010101010101010101010101
010101010101010101010101010101010101010101010101010101010101010101010101010101010101010101010101
010101010101010101010101010101010101010101010101010101010101010101010101010101010101010101010101
010101010101010101010101010101010101010101010101010101010101010101010101010101010101010101010101
010201010102010102010101010101010101010101010101010101010101010101010101010101010101010101010101
010101010101010101010101010101020102020101010101010101010101010101010101010101010101010101010101
010101010101010101010101010101010101010101010101010101010101010101010101010101010101010101010101
010101010101010101010101010101010101010101010101010101010101010101010101010101010101010101010101
010101010101010101010101010101010101010101010101010101010101010101010101010101010101010101010101
010101010101010101010101010101010101010101010101010101010101010101010101010101010101010101010101
010101010101010101010101010101010101010101010101010101010101010101010101010101010101010101010101
010101010101010101010101010101010101010101010101010101010101010101010101010101010101010101010101
010101010101010101010101010101010101010101010101010101010101010101010101010101010101010101010101
010101010101010101010101010101010101010101010101010101010101010101010101010101010101010101010101
010101010101010101010101010101010101010101010101010101010101010101010101010101010101010101010101
010101010101010101010101010101010101010101010101010101010101010101010101010101010101010101010101
010101010101010101010101010101010101010101010101010101010101010101010101010101010101010101010101
010101010101010101010101010101010101010101010101010101010101010101010101010101010101010101010101
010101010101010101010101010101010101010101010101010101010101010101010101010101010101010101010101
010101010101010101010101010101010101010101010101010101010101010101010101010101010101010101010101
010101010101010101010101010101010101010101010101010101010101010101010101010101010101010101010101
010101010101010101010101010101010101010101010101010101010101010101010101010101010101010101010101
010101010101010101010101010101010101010101010101010101010101010101010101010101010101010101010101
010101010101010101010101010101010101010101010101010101010101010101010101010101010101010101010101
010101010101010101010101010101010101010101010101010101010101010101010101010101010101010101010101
010101010101010101010101010101010101010101010101010101010101010101010101010101010101010101010101
010101010101010101010101010101010101010101010101010101010101010101010101010101010101010101010101
010101010101010101010101010101010101010101010101010101010201010201020202010101010101010101010101
010101020101010101010101010101010102010101010101010101010101010101010101010101010101010101010101
010101010101010101010101010101010101010101010101010101010101010101010101010101010101010101010101
010101010101010101010101010101010101010101010101010101010101010101010101010101010101010101010101
010101010101010101010101010101010101010101010101010101010101010101010101010101010101010101010101
010101010101010101010101010101010101010101010101010101010101010101010101010101010101010101010101
010101010101010101010101010101010101010101010101010101010101010101010101010101010101010101010101
010101010101010101010101010101010101010101010101010101010101010101010101010101010101010101010101
010101010101010101010101010101010101010101010101010101010101010101010101010101010101010101010101
010101010101010101010101010101010101010101010101010101010101010101010101010101010101010101010101
010101010101010101010101010101010101010101010101010101010101010101010101010101010101010101010101
010101010101010101010101010101010101010101010101010101010101010102010101010101010101010101010101
010101010101010101010101010101010101010101010101010101010101010101010101010101010101010101010102
010101010101010101010101010101010101010101010101010101010101010101010101010101010101010101020101
010101010101010101010101010101010101010101010101010101010101010101010101010101010101010101010101
010101010101010101010101010101010101010101010101010101010101010101010101010101010101010101010101
010101010101010101010101010101010101010101010101010101020101010102010101010101010101010201010101
010101010201020201010101010101010101010101010201020101010101010101010102010101010101010101010101
010101010101010101010101010201020101010101010101010101010101010101010101010101010101010101010101
010101010101010101010101010101010101010101010101010101010101010101010101010101010101010101010101
010101010101010101010101010101010101010101010101010101010101010101010101010101010101010101010101
010101010101010101010101010101010101010101010101010101010101010101010101010101010101010101010101
010101010101010101010101010101010101010101010101010101010101010101010101010101010101010102010101
010101010101010101010101010101010101010101010101010101010101010101010101010101010101010101010101
010101010101010101010101010101010101010101010101010101010101010101010101010101010101010101010101
010101010101010101010101010101010101010101010101010101010101010101010101010101010101010101010101
010101010101010101010101010101010101010101010101010101010101010101010101010101010101010101010101
010101010101010101010101010101010101010101010101010101010101010101010101010101010101010101010101
010101010101010101010101010101010101010101010101010101010101010101010101010101010101010101010101
010101010101010101010101010101010101010101010101010101010101010101010101010101010101010101010101
010101010101010101010102020101010101010101010102020101010101010101010101010101010102010101010101
010101010101010101010101010101010101010101010101010101010101010101010101010101010101010102010101
010101020101010101010101020102010101010101010102010101010102010102010101010101010101010101010101
010201010101010101010101010101010101010101010101010101010101010101010101010101010101010101010101
010101010101010101010101010101010101010101010101010101010101010101010101010101010101010101010101
010101010101010101010101010101010101010101010101010101010101010101010101010101010102010202010101
010101010101010101010101010101010101010101010102010202010101010101010101010101010101010101010101
010101010101010101010201020201010101010101010101010101010101010101010101010101010101010101010101
010101010101010101010101010101010101010101010101010101010102010101010101020101010102010101010101
010101010101010101010101010101010101010101010201010201010201010202010101010201010101010101010101
010101010201010101010101010101010101010102010201010102010101010101010201020101010202020101010202
010102020101020101010101010101010102010101010101010101010101010101010101010101010101010101010201
020201010101010101010102010101010101020101010102010101010101010101010101010101010101010101010101
010101010101010101010101010101010101010101010101010101010101010101010101010101010101010101010101
010101010101010101010101010101010101010101010101010101010101010101010101010101010101010101010101
010101010101010101010101010101010101010101010101010101010101010101010101010101010101010101010101
010101010101010101010101010101010101010101010101010101010101010101010101010101010101010101010101
010101010101010101010101010101010101010101010101010101010101010101010101010101010101010101010101
010101010101010101010101010101010101010101010101010101010101010101010101010101010101010101010101
010101010101010101010101010101010101010101010101010101010101010101010101010101010101010101010101
010101010101010101010101010101010101010101010101010101010101010101010101010101010101010101010101
010101010101010101010101010101010101010101010101010101010101010101010101010101010101010101010101
010101010101010101010101010101010101010101010101010101010101010101010101010101010101010101010101
010101010101010101010101010101010101010101010101010101010101010101010101010101010101010101010101
010101010101010101010101010101010101010101010101010101010101010101010101010101010101010101010101
010201010201010101010101010101010101010101010101020201010102010101010101010101010101010101010101
010101010101010101010101010101010101010101010101010101010101010101010101010102010201010101010102
010102010101010101010101010102010102010101010102010101010101010101010101010102010101010101010101
010101010101010101010101010101010101010101010101010101010101010101010101010101010101010101010101
010101010101010101010101010101010101010101010101010101010101010101010101010101010101010101010101
010101010101010101010101010101010101010101010101010101010101010101010101010101010101010101010101
010101010101010101010101010101010101010101010101010101010101010101010101010101010101010101010101
010101010101010101010101010101010101010101010101010101010101010101010101010101010101010101010101
010101010101010101010101010101010101010101010101010101010101010101010101010102020101020101010101
010101010101010101010101010101010101010101010101010101010101010101010101010101010101010101010101
010101010101010101010101010101010101010101010101010101010101010101010101010101010101010101010101
010101010101010101010101010101010101010101010101010101010101010101010101010101010101010101010101
010101010101010101010101020101010102010201010101010202020201010202020201010101010101010101010201
010201010101020102010101010101010201010101010102020101010101010101010101010101010101010101010101
010101010101010101010101010101010101010101010101010101010102020102010201020201010101010202010201
020102010201010102010202010101010202020101010201020201010101010101010201010101010101010101010101
010101010101010101010101010101010101010101010101010101010101010101010101010101010101010101010101
010101010101010101010101010101010101010101010101010102020202020202010101020201020202010102020201
010202020202020202010101010101010201010101010101020201010201010101010101010101010101010101010101
010101010101010101010101010101010102010101010201020101010101010202020202020202010101010101010101
010101020101020101010102010201010101010101010101020101020201010101010101010101010101010101010101
010101010101010101010101010101010101010101010101010101010101010101010101010101020101010101010101
010101010101010101010101010101010101010101010101010101010101010101010101010101010101010101010101
010101010101010101010101010101010101010101010101010101010101010101010101010101010201010101010101
010101010101010101010101010101010101010101010101010101010101010101010101010101010101010101010101
010101010101010101010101010101010101010101010101010101010101010101010101010101010101010101010101
010101010101010101010101010101010101010101010101010101010101010101010101010101020101010101010101
010101010101010101010101010101010101010101010101010101010101010101010101010101010101010101010101
010101010101010101010101010101010101010101010101010101010101010101010101010101010101010101010101
010101010101010101010101010101010101010101010101010101010101010101010101010101010101010101010101
010101010101010101010101010101010101010101010101010101010101010101010101010101010101010101010101
010101010101010101010101010101010101010101010102010102020101010101010101010101010101010101010101
010101010101010101010101010101010101010101010101010101010101010101010101010101010101010101020101
010201010101010101010101010101010101010101010101020102010101010101010101010101010101010101010101
010101010101010101010101010101010101010101010101010101010101010101010101010101010101010101010101
010101010101010101010101010101010101010101010101010101010101010101010101010101010101010101010101
010101010101010101010101010101010101010101010101010101010101010101010101010101010101010101010101
010101010101010101010101010101010101010101010101010101010101010101010101010101010101010101010101
010101010101010101010101010101010101010101010101010101010101010101010101010101010101010101010101
010101010101010101010101010101010101010101010101010101010101010101010101010101010101010101010101
010101010201010101010101010201010101010101010101010101010101010101010101010101010101010101010101
010101010101010101010101010101010101010101010101010101010101010101010101010101010101010101010101
010101010101010101010101010101010101010102010101010101010101010101010101010101010101010101010101
010101010101010101010101010101010101010101010101010101010101010101010101010101010101010101010101
010101010101010101010101010101010101010101010101010101010101010101010101010101010101010101010101
010101010101010101010101010101010101010101010101010101010101010101010101010101010101010101010101
010101010101010101010101010101010101010101010101010101010101010101010101010101010101010101010101
010101010101010101010201010101010101010101020101020101010101010101010101010101010101010101010101
010101010101010101010101010101020201010101010101010101010101010101010101010201010101010101010101
010201010101010101010101010101010101010101010101010101010101010101010101010101010101010101010101
010101010101010101010101010101010101010101010101020101010101010101020101020101010101010101010101
010101010101010101010101010101010101010101010101010101010101010101010101010101010101010101010101
010101010101010101010101010101010101010101010101010101010101010101010101010101010101010101010201
010101010101010101010101010101010101010101010101010101010101010101010101010101010101010101010101
010101010101010101010101010101010101010101010101010101010101010101010101010101010101010101010101
010101010101010101010101010101010101010101010101010101010101010101010101010101010101010101010102
010201020101010101010101010101010101010101010101010101010101010101010101010101010101010101010101
010101010101010101010101010101010101010101010101010101010101010101010101010101010101010101010101
010101010101010201010101010102010101010101010101010101010101010201010102010101010101010101010101
010101010101010101010101010101010101010101010101010101010101010101010101010101010101010101010101
010101010101010101010101010101010101010101010101010101010101010101010101010101010101010101010101
010101010101010101010101010101010101010101010101010101010101010101010101010101010101010101010101
010101010101010101010101010101010101010101010101010101010101010101010101010101010101010101010101
010101010101010101010101010101010101010101010101010101010101010101010101010101010101010101010101
010101010101010101010101010101010101010101010101010101010101010101010101010101010101010101010101
010101010101010101010101010101010101010101010101010101010101010101010101010101010101010101010101
010101010101010101010101010101010101010101010101010101010101010101010101010101010101010101010101
010101010101010101010101010101010101010101010101010101010101010101010101010101010101010101010101
010101010101010101010101010101010101010101010101010101010101010101010101010101010101010101010101
010101010101010101010101010101010101010101010101010101010101010101010101010101010101010101010101
010101010101010101010101010101010101010101010101010101010101010101010101010101010101010101010101
010101010101010101010101010101010101010101010101010101010101010101010101010101010101010101010101
010101010101010101010101010101010101010101010101010101010101010101010101010101010101010101010101
010101010101010101010101010101010101010101010101010101010101010101010101010101010101010101010101
010101010101010101010101010101010101010101010101010101010101010101010101010101010101010101010101
010101010101010101010101010101010101010101010101010101010101010101010101010101010101010101010101
010101010101010101010101010101010101010101010101010101010101010101010101010101010101010101010101
010101010101010101010101010101010101010101010101010101010101010101010101010101010101010101010101
010101010101010101010101010101010101010101010101010101010101010101010101010101010101010101010101
010101010101010101010101010101010101010101010101010101010101010101010101010101010101010101010101
010101010101010101010101010101010101010101010101010101010101010101010101010101010101010101010101
010101010101010101010101010101010101010101010101010101010101010101010101010101010101010101010101
010101010101010101010101010101010101010101010101010101010101010101010101010101010101010101010101
010101010101010101010101010101010101010101010101010101010101010101010101010101010101010101010101
010101010101010101010101010101010101010101010101010101010101010101010101010101010101010101010101
010101010101010101010101010101010101010101010101010101010101010101010101010101010101010101010101
010101010101010101010101010101010101010101010101010101010101010101010101010101010101010101010101
010101010101010101010101010101010101010101010101010101010101010101010101010101010101010101010101
010101010101010101010101010101010101010101010101010101010101010101010101010101010101010101010101
010101010101010101010101010101010101010101010101010101010101010101010101010101010101010101010101
010101010101010101010101010101010101010101010101010101010101010101010101010101010101010101010101
010101010101010101010101010101010101010101010101010101010101010101010101010101010101010101010101
010101010101010101010101010101010101010101010101010101010101010101010101010101010101010101010101
010101010101010101010101010101010101010101010101010101010101010101010101010101010101010101010101
010101010101010101010101010101010101010101010101010101010101010101010101010101010101010101010101
010101010101010101010101010101010101010101010101010101010101010101010101010101010101010101010101
010101010101010101010101010101010101010101010101010101010101010101010101010101010101010101010101
010101010101020102010101010101010101010101010101010101010101010101010101010101010101010101010101
010101010101010101010101010101010101010101010101010101010101010101010101010101010101010101010101
010101010101010101010101010101010101010101010101010101010101010101010101010101010101010101010101
010101010101010101010101010101010101010101010101010101010101010101010101010101010101010101010101
010101010101010101010101010101010101010101010101010101010101010101010101010101010101010101010101
010101010101010101010101010101020101010101010101010101010101010101010101010101010101010101010101
010101010101010101010101010101010101010101010101010101010101010101010101010101010101010101010101
010101010101010101010101010101010101010101010101010101010101010101010101010101010101010101010101
010101010101010101010101010101010101010101010101010101010101010101010101010101010101010101010101
010101010101010101010101010101010101010101010101010101010101010101010101010101010101010101010101
010101010101010101010101010101010101010101010101010101010101010101010101010101010101010101010101
010101010101010101010101010101010101010101010101010101010101010101010101010101010101010101010101
010101010101010101010101010101010101010101010101010101010101010101010101010101010101010101010101
010101010101010101010101010101010101010101010101010101010101010101010101010101010101010101010101
010101010101010101010101010101010101010101010101010101010101010101010101010101010101010101010101
010101010101010101010101010101010101010101010101010101010101010101010101010101010101010101010101
010101010101010101010101010101010101010101010101010101010101010101010101010101010101010101010101
010101010101010101010101010101010101010101010101010101010101010101010101010101010101010101010101
010101010101010101010101010101010101010101010101010101010101010101010101010101010101010101010101
010101010101010101010101010101010101010101010101010101010101010101010101010101010101010101010101
010101010101010101010101010101010101010101010101010101010101010101010101010101010101010101010101
010101010101010101010101010101010101010101010101010101010101010101010101010101010101010101010101
010101010101010101010101010101010101010101010101010101010101010101010101010101010101010101010101
0101010101010101010101010101010101010101010101010101010101010101010101
