4b52433130310000bf4100000038000000040000dc9d0000000000000000000000000000090000000000000066000000
00000000c900000000000000d200000000000000e4000000000000003001000000000000510100000000000093010000
00000000a90100000000000005020000000000003a0200000000000043020000000000004c020000000000004f020000
0000000061020000000000009702000000000000b702000000000000ec02000000000000210300000000000031030000
000000009703000000000000a003000000000000a303000000000000a603000000000000b803000000000000f7030000
000000000a040000000000002a040000000000004804000000000000de04000000000000f90400000000000001050000
000000005b05000000000000c105000000000000d305000000000000e5050000000000005d0600000000000093060000
00000000d206000000000000e5060000000000005d0700000000000071070000000000009407000000000000a0070000
00000000e107000000000000e607000000000000e807000000000000ea07000000000000f60700000000000019080000
0000000025080000000000003a080000000000004f0800000000000072080000000000007e08000000000000c3080000
00000000c508000000000000d308000000000000e8080000000000002b090000000000004d0900000000000053090000
000000009209000000000000d309000000000000180a000000000000240a000000000000750a000000000000980a0000
00000000a40a000000000000b20a000000000000030b000000000000660b000000000000780b0000000000007e0b0000
00000000be0b000000000000240c000000000000470c0000000000004d0c0000000000008d0c000000000000440d0000
00000000670d000000000000e20d0000000000000b0e000000000000400e000000000000490e000000000000520e0000
00000000880e000000000000bd0e000000000000eb0e000000000000f40e0000000000002f0f000000000000ac0f0000
00000000c50f000000000000fb0f00000000000036100000000000005710000000000000781000000000000083100000
00000000c510000000000000e610000000000000f110000000000000fc100000000000003e11000000000000a1110000
00000000c21100000000000004120000000000004612000000000000a9120000000000000f1300000000000032130000
00000000e913000000000000fb13000000000000011400000000000007140000000000002a14000000000000a5140000
00000000ce140000000000000e150000000000004e15000000000000a715000000000000b915000000000000bf150000
000000000316000000000000661600000000000087160000000000008d16000000000000d11600000000000060170000
000000007f17000000000000f4170000000000001b180000000000004f1800000000000055180000000000005e180000
000000009118000000000000ad18000000000000d718000000000000211900000000000030190000000000005d190000
000000006619000000000000691900000000000072190000000000008d19000000000000af19000000000000dc190000
00000000121a000000000000241a000000000000741a0000000000007d1a000000000000801a000000000000831a0000
00000000921a000000000000c81a000000000000da1a000000000000fc1a0000000000001e1b0000000000009b1b0000
00000000b61b000000000000bf1b0000000000001c1c0000000000006c1c000000000000751c000000000000841c0000
00000000d01c000000000000eb1c000000000000211d000000000000331d0000000000007f1d000000000000d91d0000
00000000ee1d000000000000fa1d0000000000008a1e0000000000009c1e000000000000d51e000000000000e81e0000
00000000ec1e0000000000001c1f000000000000551f000000000000611f000000000000651f000000000000951f0000
00000000f41f000000000000082000000000000068200000000000008820000000000000202100000000000040210000
000000004b21000000000000d32100000000000063220000000000009322000000000000c32200000000000043230000
000000009223000000000000a423000000000000ac230000000000000c240000000000006624000000000000c9240000
00000000ea24000000000000ad25000000000000bf25000000000000c525000000000000cb25000000000000ef250000
0000000064260000000000008b26000000000000d026000000000000162700000000000037270000000000003d270000
000000004327000000000000452700000000000051270000000000007827000000000000902700000000000049280000
000000006d28000000000000792800000000000006290000000000005e290000000000006e290000000000007e290000
00000000e629000000000000282a0000000000006a2a000000000000802a000000000000ff2a000000000000442b0000
000000004a2b000000000000592b0000000000005f2b0000000000007a2b000000000000bc2b000000000000042c0000
000000000a2c000000000000252c000000000000322c0000000000007a2c000000000000862c000000000000a42c0000
00000000ae2c000000000000d82c000000000000db2c000000000000dc2c000000000000de2c000000000000e72c0000
00000000022d0000000000000b2d000000000000172d0000000000002f2d0000000000004d2d000000000000502d0000
00000000562d000000000000582d000000000000612d0000000000007c2d000000000000942d000000000000e82d0000
00000000fa2d000000000000002e000000000000452e000000000000772e0000000000007c2e000000000000862e0000
00000000b32e000000000000cb2e000000000000fb2e0000000000000b2f000000000000502f000000000000ce2f0000
00000000e92f000000000000f22f0000000000005b3000000000000064300000000000007c30000000000000de300000
000000002e31000000000000363100000000000046310000000000008e310000000000009431000000000000af310000
00000000f531000000000000193200000000000061320000000000007932000000000000e232000000000000fa320000
000000005c330000000000009c33000000000000cf33000000000000d433000000000000df33000000000000e3330000
00000000f533000000000000253400000000000055340000000000006834000000000000733400000000000076340000
000000008e34000000000000ac34000000000000f03400000000000016350000000000001e3500000000000076350000
000000009e35000000000000ae35000000000000be3500000000000006360000000000002c3600000000000052360000
000000005a360000000000009a36000000000000b836000000000000d536000000000000f63600000000000062370000
0000000068370000000000008f37000000000000bd37000000000000c737000000000000d237000000000000dd370000
0000000009380000000000000b380000000000000d380000000000000f38000000000000173800000000000024380000
000000003138000000000000413800000000000051380000000000009038000000000000c738000000000000d2380000
00000000273900000000000058390000000000008f390000000000009939000000000000da39000000000000f0390000
00000000063a0000000000001c3a000000000000713a0000000000007d3a0000000000009b3a000000000000b93a0000
000000000d3b000000000000103b000000000000133b000000000000193b0000000000002b3b000000000000463b0000
00000000613b000000000000793b000000000000a93b000000000000b33b000000000000b43b000000000000b63b0000
00000000b83b000000000000be3b000000000000c73b000000000000d73b000000000000013c0000000000000a3c0000
00000000133c000000000000573c000000000000893c0000000000008e3c000000000000983c000000000000c53c0000
00000000d13c000000000000e93c000000000000013d000000000000453d000000000000483d0000000000004c3d0000
00000000683d000000000000693d000000000000723d0000000000007a3d0000000000007e3d000000000000983d0000
00000000993d0000000000009a3d000000000000a03d000000000000a93d000000000000b13d000000000000b73d0000
00000000d33d000000000000ed3d000000000000f33d0000000000001b3e000000000000223e000000000000243e0000
000000003a3e000000000000423e000000000000483e000000000000703e0000000000009a3e000000000000c23e0000
00000000cb3e0000000000000b3f000000000000193f0000000000001c3f0000000000001f3f000000000000373f0000
000000007b3f0000000000008a3f000000000000ab3f000000000000cb3f000000000000da3f00000000000005400000
0000000009400000000000003140000000000000454000000000000047400000000000004b400000000000005d400000
00000000af40000000000000c140000000000000d740000000000000054100000000000011410000000000001b410000
000000003141000000000000714100000000000075410000000000007d4100000000000085410000000000009d410000
00000000be41000000000000de41000000000000f04100000000000016420000000000001e4200000000000032420000
0000000046420000000000007e4200000000000080420000000000008242000000000000864200000000000092420000
00000000a442000000000000b642000000000000c642000000000000e6420000000000007d43000000000000bf430000
00000000cb430000000000004e4400000000000090440000000000009c44000000000000a044000000000000cb440000
000000004f450000000000006b45000000000000ec4500000000000016460000000000009446000000000000af460000
00000000b8460000000000001a4700000000000023470000000000003b47000000000000a347000000000000cd470000
00000000db47000000000000de47000000000000ff470000000000002748000000000000304800000000000033480000
0000000053480000000000009748000000000000a648000000000000e648000000000000fe4800000000000068490000
0000000080490000000000008949000000000000f0490000000000004d4a000000000000714a000000000000954a0000
00000000e74a0000000000003b4b0000000000004d4b000000000000534b000000000000944b000000000000f44b0000
00000000144c0000000000003d4c000000000000474c000000000000834c000000000000c54c000000000000d14c0000
000000001f4d000000000000354d000000000000394d0000000000003d4d000000000000574d000000000000d14d0000
00000000e94d000000000000154e000000000000414e000000000000744e000000000000794e000000000000844e0000
00000000b44e000000000000b84e000000000000ca4e000000000000fa4e000000000000024f000000000000164f0000
00000000184f0000000000002a4f0000000000003e4f000000000000404f000000000000444f000000000000564f0000
000000008e4f0000000000009a4f000000000000aa4f000000000000ca4f0000000000001e5000000000000030500000
00000000365000000000000077500000000000008f50000000000000bf50000000000000cf5000000000000010510000
000000002f51000000000000325100000000000039510000000000005751000000000000bf51000000000000ef510000
0000000035520000000000004d520000000000006552000000000000ec5200000000000004530000000000001c530000
0000000024530000000000005153000000000000d353000000000000035400000000000041540000000000007f540000
00000000a354000000000000eb54000000000000035500000000000065550000000000007d55000000000000e5550000
000000002556000000000000315600000000000035560000000000003d560000000000005e5600000000000068560000
000000007e560000000000008656000000000000a656000000000000e656000000000000fe5600000000000010570000
0000000036570000000000009357000000000000b757000000000000db570000000000002d5800000000000047580000
000000008158000000000000995800000000000000590000000000001859000000000000485900000000000058590000
000000009959000000000000e859000000000000fa59000000000000475a0000000000009e5a000000000000bf5a0000
000000006c5b0000000000007c5b000000000000825b000000000000885b000000000000ab5b000000000000135c0000
000000003a5c000000000000805c000000000000c65c000000000000165d0000000000001e5d0000000000002e5d0000
00000000345d0000000000004f5d000000000000975d000000000000dd5d000000000000ec5d000000000000175e0000
000000002b5e0000000000007d5e000000000000815e000000000000835e000000000000875e000000000000995e0000
00000000c15e000000000000d35e000000000000e95e000000000000175f000000000000815f000000000000995f0000
00000000a25f000000000000096000000000000046600000000000004b60000000000000586000000000000092600000
00000000ac60000000000000e660000000000000fe600000000000006561000000000000bf6100000000000022620000
000000004362000000000000fc620000000000000e6300000000000014630000000000001a630000000000003e630000
00000000b363000000000000da630000000000001c640000000000005e640000000000007f6400000000000085640000
000000008b640000000000008d640000000000009964000000000000c064000000000000d66400000000000099650000
00000000bd65000000000000c9650000000000004866000000000000a066000000000000b066000000000000c0660000
0000000028670000000000006e67000000000000b467000000000000cc67000000000000596800000000000077680000
0000000081680000000000008c68000000000000cb68000000000000cd68000000000000da68000000000000f0680000
000000000d690000000000002e6900000000000039690000000000007069000000000000766900000000000078690000
000000007a690000000000008569000000000000ac69000000000000b969000000000000cf69000000000000e5690000
00000000516a0000000000007d6a000000000000856a000000000000da6a0000000000000b6b000000000000426b0000
000000004c6b0000000000008d6b000000000000bb6b000000000000cb6b000000000000db6b000000000000306c0000
00000000c76c000000000000096d000000000000156d000000000000966d000000000000d86d000000000000e46d0000
00000000e86d000000000000126e000000000000966e000000000000b26e000000000000356f000000000000606f0000
00000000ad6f000000000000047000000000000014700000000000007c700000000000009d70000000000000a3700000
00000000a970000000000000d0700000000000007d71000000000000a071000000000000e6710000000000002c720000
0000000072720000000000008a72000000000000a27200000000000024730000000000003c7300000000000054730000
000000005c730000000000008c73000000000000137400000000000040740000000000007e74000000000000bc740000
00000000f8740000000000003a750000000000005075000000000000ca75000000000000d675000000000000da750000
00000000de75000000000000f67500000000000044760000000000005e760000000000008a76000000000000b6760000
0000000005770000000000003e770000000000004a77000000000000d277000000000000d577000000000000fd770000
000000004178000000000000507800000000000062780000000000009f78000000000000bd7800000000000039790000
000000003e790000000000004179000000000000477900000000000062790000000000009c79000000000000b7790000
00000000d9790000000000001f7a0000000000003d7a000000000000407a000000000000467a000000000000487a0000
00000000517a0000000000006c7a000000000000827a000000000000fe7a000000000000197b000000000000227b0000
000000007c7b000000000000b17b000000000000b57b000000000000c07b000000000000f27b000000000000147c0000
000000005a7c000000000000707c000000000000ca7c000000000000f77c000000000000fd7c000000000000067d0000
00000000097d0000000000001b7d0000000000004e7d000000000000727d000000000000757d000000000000877d0000
000000008f7d000000000000b37d000000000000cb7d000000000000da7d000000000000347e000000000000377e0000
00000000497e000000000000737e000000000000887e000000000000ac7e000000000000ad7e000000000000b37e0000
00000000c87e000000000000d27e0000000000002c7f0000000000003e7f000000000000447f000000000000867f0000
000000009b7f000000000000a07f000000000000c57f0000000000000780000000000000468000000000000055800000
000000005e80000000000000ca80000000000000d78000000000000055810000000000006981000000000000e7810000
00000000fb81000000000000078200000000000016820000000000001b8200000000000039820000000000003c820000
000000003d820000000000003e82000000000000448200000000000056820000000000005c8200000000000068820000
0000000074820000000000008382000000000000868200000000000089820000000000008a8200000000000090820000
00000000a282000000000000ae82000000000000ea82000000000000f682000000000000fa8200000000000028830000
00000000418300000000000046830000000000004b830000000000006983000000000000818300000000000099830000
00000000a183000000000000cf83000000000000de83000000000000e383000000000000018400000000000002840000
000000000984000000000000158400000000000024840000000000004284000000000000458400000000000046840000
000000004c84000000000000618400000000000068840000000000007484000000000000b084000000000000c4840000
00000000c884000000000000f78400000000000010850000000000001585000000000000388500000000000050850000
0000000058850000000000008785000000000000b185000000000000bf85000000000000c285000000000000e6850000
00000000108600000000000019860000000000001c860000000000004086000000000000868600000000000095860000
00000000dd86000000000000f58600000000000013870000000000003187000000000000378700000000000061870000
000000007f8700000000000085870000000000008b87000000000000b58700000000000027880000000000003e880000
000000006c880000000000009b88000000000000ad88000000000000b388000000000000ba88000000000000e4880000
00000000f6880000000000000b8900000000000012890000000000003c890000000000009089000000000000ac890000
00000000ca89000000000000ed89000000000000298a000000000000658a000000000000798a000000000000eb8a0000
00000000f78a000000000000fb8a000000000000ff8a000000000000168b0000000000006a8b000000000000868b0000
00000000b48b000000000000e38b0000000000003d8c0000000000004f8c000000000000558c0000000000009b8c0000
00000000a18c000000000000b18c000000000000f38c0000000000004d8d0000000000006b8d000000000000718d0000
00000000b88d000000000000d68d000000000000dc8d000000000000de8d000000000000f68d000000000000468e0000
00000000568e0000000000009b8e000000000000b28e000000000000608f000000000000838f0000000000008e8f0000
000000000e900000000000008c90000000000000b690000000000000e0900000000000005091000000000000e1910000
0000000000920000000000000b920000000000008d92000000000000b592000000000000bd92000000000000c5920000
00000000f592000000000000f8920000000000000a930000000000002e9300000000000056930000000000007e930000
000000008693000000000000be93000000000000cb93000000000000ce93000000000000d193000000000000e4930000
000000003c940000000000004e940000000000007294000000000000949400000000000004950000000000001c950000
0000000024950000000000008a95000000000000ba95000000000000f295000000000000059600000000000081960000
00000000d996000000000000eb96000000000000fd9600000000000079970000000000009d97000000000000c1970000
00000000cd9700000000000013980000000000001f9800000000000061980000000000008198000000000000a5980000
00000000b198000000000000bd98000000000000049900000000000010990000000000001c9900000000000020990000
0000000038990000000000007d990000000000009499000000000000b499000000000000d499000000000000409a0000
00000000649a000000000000889a000000000000e89a0000000000002e9b000000000000759b0000000000008d9b0000
00000000139c000000000000559c0000000000009a9c000000000000b19c000000000000379d000000000000559d0000
000000005a9d000000000000609d000000000000629d0000000000006e9d000000000000919d000000000000a99d0000
00000000c79d000000000000dc9d0000000000000002000015020000ed02000005060000ce09000049150000441d0000
a21d00006d1e0000eb00000092010000ab010000ae020000e5020000210300005b0300008f030000fa03000008040000
9d040000a70400000006000030060000c3060000d8060000ec080000130900006c0900007309000092090000cb090000
db090000ff0a00000c0b0000960b0000ca0b0000850c0000d70c00003e0d0000bb0d0000f60d0000080f00000a0f0000
261000004d100000d9110000291200004612000099120000dc1200005b1500007f150000f1150000a216000015170000
ba170000761c0000411d0000651d0000851d0000ad1d0000b91d0000c11d0000d41d0000d81d0000e01d0000151e0000
231e0000881e0000951e0000da1e0000f21e0000ff1e00000f1f00001b1f00002d1f0000381f00006a1f00006e1f0000
931f0000971f00009f1f0000aa1f0000be230000822600002127000025270000492700006b280000482b000025300000
f0310000f9310000e7340000243600009f360000b3360000523a0000c93a0000c93b0000d63b0000543e00009c000000
e3000000160100007b010000ab01000049020000ae020000c6020000d2020000e50200005b0300008f030000a2030000
e6030000030400009d0400009e040000f4040000bb050000bd050000000600003006000085060000c706000006080000
1d0800006f08000099080000a2080000b0080000ec080000f00800003d090000cb090000fb090000070a00008f0b0000
960b0000b20b0000ca0b0000fe0b0000d30c0000fe0c0000cf0d0000d70d00004c0f0000e111000085120000ce120000
f5120000fe1200008519000092190000da190000621a0000ef1a0000131b0000891b0000d31b0000421c0000411d0000
591d0000651d0000711d0000b51d0000d41d0000231e0000be1e0000f21e0000131f0000931f0000b31f0000ae220000
e2220000a7230000e125000017260000212700002527000049270000bd270000e3270000632800006b2800002d290000
67290000172a0000da340000043600000e3600001d360000243600004f360000673700006c370000a537000023380000
5e38000080380000d2190000981d0000151e0000061f0000091f00001d20000046200000aa210000dc37000026000000
4f000000c3000000b5010000b3020000ab030000a5040000860500008e05000003060000350600006a080000ed080000
4f090000681d0000f31e00000036000025360000eb00000021010000ab010000d2020000e50200005b030000fa030000
9d040000a7040000f4040000c0050000c8050000a4080000f4080000cb090000fb090000070a00008f0b0000960b0000
fe0b0000f60c0000cf0d0000d70d00004c0f000083120000ce120000f5120000fe1200008519000092190000d2190000
da190000621a0000ef1a0000131b0000891b0000d31b0000421c0000411d0000711d0000981d0000b51d0000d41d0000
151e0000231e0000541e0000061f0000091f0000131f0000931f0000b31f00001d20000046200000aa210000e2220000
a7230000e125000017260000212700002527000049270000bd270000e3270000632800006b2800002d29000067290000
bc2e000010360000673700006c370000a5370000dc370000233800005e38000080380000580d0000d30e0000db0e0000
fe0e0000ba120000c0120000c41300005314000089140000b4170000d21800000c1e0000121e0000191e00002c1e0000
4e1f0000801f0000a71f00009b2100007422000014230000b62300003b2500005c2600007f26000025320000b7320000
d73700009b390000653a0000703a0000a33a0000c63a0000bd000000fd0200009a0300009f030000bc030000db030000
0204000071040000a1040000bd040000f1040000f70400007e050000c4050000480600009a06000068080000a6080000
4e0900005b090000b3090000d3090000030a00006d0a00005f0b0000910b0000e20b0000470c0000f10c0000930e0000
811200007f130000be170000b6180000ba190000ea1d0000f71d0000171e00002d1e0000ee1e00003c1f0000831f0000
ac1f0000d51f0000d2210000d6220000b92300000a25000041260000802600000a300000853000001632000082320000
fe35000012360000bc380000c4380000ee3800001b39000075390000023a00005d3a0000713a0000883a0000c73a0000
1700000042000000a8000000fa0000001e010000b1010000fb010000110200002d020000b1020000ed02000081050000
c5050000010600003306000088060000e9080000ce09000049150000441d0000a21d00006d1e0000eb00000021010000
92010000ab010000ae020000e5020000210300008f030000f1030000fa0300009d040000a704000022050000c8050000
0006000030060000ff06000066070000ec080000130900006c090000730900008609000092090000cb090000db090000
260a0000ca0b0000850c00003e0d0000bb0d0000d70d00003b0e0000080f0000770f0000261000004d100000d9110000
2912000077120000ce1200001d1300006a1400007f150000ed1500001316000015170000d2190000ed190000411d0000
651d0000711d0000851d0000b91d0000e01d0000231e0000251e0000881e0000b31e0000f21e0000ff1e00000d1f0000
1f1f00009f1f0000f91f00001d200000462000006520000040220000212700003e270000a627000060280000a9280000
f92900005c2a00009b2a0000442b00005e2b0000a22b000070300000f03100000d320000243600009f360000b3360000
b7380000df38000056390000fa3900004a3a0000563a0000de030000fc030000af070000c1070000fb0800007b090000
97090000160b0000780c0000bd0c0000930d0000650e0000940e0000260f0000420f000039100000341100008b120000
e51200004b13000069130000f5130000fc150000b11a0000071b0000421b0000531b0000771b00009a1b0000ac1b0000
d31b0000601c0000851c0000971c00009d1c0000d61c0000e51c0000071d0000121d0000872600006f2b000031330000
c13300001f340000b63700003539000077390000b2390000233a0000463a0000ce3a0000e13b0000b93f000041270000
da27000045280000632800005429000057290000ce290000e63a0000003b0000c8040000e6090000ea090000a81a0000
5c1b0000561c0000a51c0000bf3800002f3a000054020000610200001a060000ed020000f90200007304000044060000
b50b0000e40b000000160000f01a0000431b00006d1c0000881c0000081d000038200000cd22000043260000732b0000
263a00008a3a00006804000012050000fb090000130a0000960b0000d90b0000930d0000260f0000420f000039100000
e5120000f5130000fc150000fa170000ff190000071b0000421b0000771b00009a1b0000ac1b0000d31b0000601c0000
851c0000d61c0000e51c0000071d0000121d0000f31d0000381f0000ca220000d72300003d2600008726000041270000
da27000045280000632800005429000057290000ce290000f52900006f2b0000cc38000035390000b2390000233a0000
463a0000593a0000843a0000ce3a0000e63a0000003b0000b93f000076400000fb0000001b010000570200007f020000
f5030000c0040000c2050000170700001d070000b8070000c507000000090000df090000250b0000be0c00008e120000
00160000b21a0000c21a0000f01a0000431b00005d1c00006d1c0000881c00009a1c0000081d000038200000732b0000
4530000035330000263a0000f03b000014010000590100006b020000e1030000fe0300003404000063040000dc040000
bb05000016070000b7070000c20700009a0900009a0a0000b80a0000190b00001f0b0000250f00003311000088120000
e2120000e4120000fd1500005c180000311900003a1a0000d41a0000731b0000761b0000611c0000821c0000941c0000
bf1c0000ff1c0000111d0000331e0000791f000084230000582400008a260000702b00003233000091330000c0330000
8a3600000c39000034390000203a0000393a0000733a0000d13a0000e43b00003d4100005c0000000f02000075030000
ca030000670400006a0400000905000010050000170500004e050000ff05000083060000f70900000f0a0000190a0000
380a0000420a00004d0a0000fe0a0000420b0000950b0000b00b0000d80b0000db0b0000f9170000fe190000f21d0000
361f0000c8220000d6230000312600003b26000040270000d927000044280000622800005329000056290000cd290000
f1290000f429000056360000c8380000d238000024390000573a0000783a0000823a0000e53a0000ff3a0000173b0000
e63e0000744000001f00000059000000fc0100000e020000a102000072030000fe05000080060000f6090000940b0000
ad0b0000f8170000c5220000292700003f270000612800001a0000007900000082000000e20000003301000076010000
f9010000fb0100001d0200004b020000530200005d020000a6020000cb0200005e0300007f0300009903000004040000
98040000c4040000cb040000e7040000f6040000b805000016060000bf0600007b070000810700009007000007080000
0d080000220800005e08000075080000940800002c090000a2090000e20900000a0a0000970a0000890b0000900b0000
990b0000ba0b00001b0c0000e30c0000d90d0000dc0d0000d10e00005a100000901000005f1300005c1400007f140000
ea15000007180000441800009418000050190000631a0000a31a00005e1d0000db1d0000f51e0000151f00009a1f0000
522000002d2200009b220000d22200001d2300007a250000612600002227000028270000382700004327000084270000
d1270000e02700005a28000065280000f4280000fe280000722900000f2a0000342a0000412b0000222c00003b2c0000
c4300000283300004933000074330000a034000070350000cd3500003e3600004c3a0000a83a0000603b0000a8410000
62020000c9040000e50400001b060000eb090000270b0000551c0000c03800002239000054020000e5090000a71a0000
2c00000045000000840500002b0000004a0000008a000000b001000079030000aa0300001d0500008905000085070000
8c07000056090000b1090000200a0000b40b0000d01f0000fc29000024330000d938000040000000890000000f020000
6202000075030000980300009b030000c5030000dc0300006a040000c8040000c9040000e50400000905000017050000
4e0500007f050000ff0500001b06000080070000890700008a0700005309000055090000e6090000ea090000eb090000
190a00004c0a0000620a0000fe0a0000270b0000420b0000b00b0000db0b0000a81a00005c1b0000551c0000561c0000
a51c00003126000040270000d927000044280000622800005329000056290000cd290000f12900002133000022330000
81330000bf380000c0380000d2380000ef38000022390000243900002f3a0000783a0000e53a0000ff3a0000e63e0000
1e0000003c00000088000000fc0100005402000061020000a10200007b0500001a0600007f070000e5090000f6090000
940b0000f8170000a71a0000c5220000292700003f27000061280000f30000005a0100004a0200006c0200007c020000
01040000ce0400001706000017070000b8070000000900006d0900009d090000f20900001c0b00007f0c000037110000
5c1500001c170000c51a00001d1b00007a1b0000ee1b0000a31c0000081d0000151d0000852300008d260000b8310000
c4330000d43a0000e73b00001600000060000000a6000000b0000000b0010000ec020000f80200007903000095030000
720400001d0500007c05000043060000870600009806000058090000b1090000200a0000490a00005c0a0000b40b0000
e30b0000d01f0000cc22000042260000fc29000008300000d9380000893a0000223b000014010000590100006b020000
de030000e1030000fc030000fe0300003404000063040000dc040000bb05000016070000af070000b7070000c1070000
c2070000fb0800007b090000970900009a0900009a0a0000b80a0000160b0000190b00001f0b0000780c0000bd0c0000
6b0d0000930d00002a0e0000650e0000940e0000ca0e0000cb0e0000250f0000260f0000420f00005f0f0000670f0000
6a0f0000a40f000025100000391000003311000034110000881200008b120000e2120000e4120000e5120000f2120000
051300000b1300004b13000069130000d2130000f51300000d1400004d140000591400007814000079140000fc150000
fd150000281800005c180000311900001a1a00003a1a0000b11a0000d41a0000071b0000421b0000531b0000731b0000
761b0000771b00009a1b0000ac1b0000d31b0000601c0000611c0000821c0000851c0000941c0000971c00009d1c0000
bf1c0000d61c0000e51c0000ff1c0000071d0000111d0000121d0000081e0000331e0000511f0000791f00001a230000
84230000ff230000582400005026000056260000872600008a2600005927000024280000a72800009c290000a2290000
b22900008d2a00008e2a00006f2b0000702b0000313300003233000091330000c0330000c13300001f3400008a360000
b6370000923800000c39000034390000353900003e3900004439000077390000b2390000b7390000203a0000233a0000
393a0000463a00005f3a0000733a0000973a00009d3a0000ce3a0000d13a0000e13b0000e43b00008b3e0000343f0000
b93f0000c64000003d41000062020000c8040000c9040000e50400001b060000e6090000ea090000eb090000270b0000
a81a00005c1b0000551c0000561c0000a51c000040270000d927000044280000622800005329000056290000cd290000
bf380000c0380000223900002f3a0000e53a0000ff3a000054020000610200001a060000e5090000a71a000029270000
3f27000061280000f3000000fb0000001b0100005a0100004a020000570200006c0200007c0200007f020000f5030000
01040000c0040000ce040000c205000017060000170700001d070000b8070000c5070000000900006d0900009d090000
df090000f20900001c0b0000250b00007f0c0000be0c00003d0d0000d90d0000dc0d00002d0e0000d10e0000720f0000
5a100000371100008e120000b8120000161300005c1400007f1400005c150000001600001c170000b21a0000c21a0000
c51a0000f01a00001d1b0000431b00007a1b0000ee1b00005d1c00006d1c0000881c00009a1c0000a31c0000081d0000
151d0000ff1f0000382000001d23000085230000612600008d260000202700005c270000a1270000aa270000c8270000
5b280000aa280000bc28000077290000ad290000c6290000942a0000732b000045300000b8310000e532000035330000
c43300004f390000263a0000a83a0000d43a0000e73b0000f03b0000953e00001a0000007900000082000000ff000000
7f010000fb0100001d0200004b020000530200005d02000097020000a6020000cb020000480300007f03000099030000
dd0300009704000098040000c4040000cb040000f604000016060000bf060000d10600007b0700008107000090070000
070800000d080000220800005e080000750800009408000061090000e20900000a0a0000ae0a0000830b0000900b0000
990b0000ba0b0000f60b00001b0c0000970c0000da0c00003d0d00002d0e0000720f000093120000b812000016130000
481300005c14000048150000b217000007180000d018000050190000631a0000751a0000a31a00005e1d0000f51e0000
9a1f0000ff1f0000b1220000d22200005d230000a2230000ab2300007a250000d025000092260000c8260000e1260000
2227000028270000382700004327000084270000d1270000e02700005a28000065280000f4280000fe28000072290000
342a0000942a00001e300000283300004933000074330000a034000070350000cd350000123800004f390000d93a0000
773b00002d400000b10100007a0300001e050000b2090000210a0000b50b00005c1500001c1700001d1b00007a1b0000
081d0000151d0000d11f0000852300008d260000fd290000da380000d43a00002b0000004a0000008a000000ec020000
f8020000aa030000720400008905000043060000850700008c07000056090000b40b0000e30b0000cc22000042260000
24330000893a00001700000061000000a8000000b4000000fb0000001b010000b1010000fb0100001d0200004b020000
530200005d020000cb020000ed020000f5020000f9020000110300007a03000096030000f50300006904000073040000
c4040000cb040000f60400001e0500007d050000c205000016060000440600008806000099060000b8070000c5070000
0708000022080000310800005a090000b2090000e20900000a0a0000210a00004a0a00005e0a0000900b0000970b0000
b50b0000b70b0000da0b0000e40b00001b0c0000240c0000be0c00003d0d00002d0e0000720f00008e120000b8120000
161300005c140000481500005c1500001c170000b2170000d018000050190000631a0000751a0000a31a00001d1b0000
7a1b0000081d0000151d00009a1f0000d11f0000ff1f0000af220000cd220000cf220000d22200005d23000085230000
a2230000ab230000712500007a250000432600004b2600008d26000092260000c8260000e12600002227000028270000
382700004327000084270000d1270000e02700005a28000065280000f4280000fe28000072290000fd290000942a0000
0930000035330000a03400006735000070350000cd350000da3800004f3900008a3a0000923a0000d43a0000d93a0000
233b00002d40000010020000770300006b0400000a050000180500004f050000000600001b0a0000ff0a0000440b0000
b20b0000dc0b0000250f0000e2120000e4120000fd1500005c180000311900003a1a0000d41a0000731b0000761b0000
611c0000821c0000bf1c0000ff1c0000111d0000331e0000791f00008423000058240000352600008a26000041270000
da27000045280000632800005429000057290000ce290000f2290000702b0000d43800002639000034390000203a0000
393a0000733a00007c3a0000d13a0000e63a0000003b0000e73e00003d41000040000000890000006202000098030000
9b030000c5030000dc03000067040000c8040000c9040000e5040000100500007f0500001b0600008007000089070000
8a0700005309000055090000e6090000ea090000eb090000f70900000f0a00004c0a0000620a0000270b0000950b0000
d80b0000f9170000fe190000a81a00005c1b0000551c0000561c0000a51c0000f21d0000361f0000c8220000d6230000
3b26000040270000d927000044280000622800005329000056290000cd290000f4290000213300002233000081330000
bf380000c0380000c8380000ef380000223900002f3a0000573a0000823a0000e53a0000ff3a0000744000001e000000
3c00000088000000fc0100000e0200005402000061020000a1020000720300007b050000fe0500001a0600007f070000
e5090000ad0b0000a71a0000292700003f270000612800001700000061000000a8000000b4000000f30000005a010000
ac010000b10100004b020000530200005d020000a6020000ed020000f90200005c0300007a0300007c0300007f030000
96030000010400007304000098040000c4040000cb0400001e050000240500007d050000160600004406000088060000
99060000b8070000ee070000070800000d08000022080000550800005e0800005a0900006d0900009d090000b2090000
e2090000210a0000290a00004a0a00005e0a0000970b0000b50b0000b70b0000ba0b0000e40b00007f0c0000d90d0000
dc0d0000d10e00005a100000371100005c1400007f140000ea15000000160000071800004418000094180000631a0000
a31a0000f01a0000431b00006d1c0000881c0000081d00005e1d0000db1d0000f51e0000151f00009a1f0000d11f0000
e91f000038200000522000002d220000cd2200001d230000432600006126000022270000282700003827000043270000
84270000d1270000e02700005a28000065280000f4280000fe28000072290000f3290000fd290000342a00003d2a0000
412b0000732b0000222c00003b2c000009300000493300006b33000074330000c4330000cd350000da380000e2380000
263a00004c3a00008a3a0000a83a0000233b0000a8410000cd0e0000620f00006d0f0000a60f0000101300007b140000
0b1e0000012400005b26000027280000a7290000902a00009738000049390000bc390000643a0000a23a0000903e0000
363f0000cb400000e2030000ff030000c30700009b0900001a0b0000660e0000950e0000270f0000430f000035110000
8c120000e6120000fe150000541b0000781b00009b1b0000ad1b0000621c0000861c0000981c0000131d00008b260000
712b000033330000c233000020340000b73700003639000078390000b3390000243a0000473a0000d23a0000e53b0000
ba3f000014010000590100006b020000bb05000016070000b7070000e21200005c18000031190000d41a0000ff1c0000
842300008a01000053030000e00300009a040000d30600006b090000b30a00008e0b0000fb0b00000e0d0000a60d0000
9c0e0000230f0000240f0000740f0000780f000006100000e91000006211000074110000c211000098120000af120000
ba120000e012000018130000201300004a130000f4130000b4170000d2180000e2180000771a0000d31a00004e1c0000
6a1c0000b61c0000fd1c000002200000102000007a230000b6230000d525000097260000ca260000e62600003b270000
d32700005d280000912a0000962a0000ce2a00007c2b000020300000f0300000d733000006340000ae37000017380000
5139000059390000de3a00007c3b0000013d00002f400000dc2700004628000058290000e83a0000013b000041270000
63280000620200001b060000fd0200007404000048060000e50b0000011600006e1c0000891c00003a20000044260000
742b0000273a00008b3a00006c040000190500001c0a0000dd0b0000270f0000430f0000e6120000fe150000781b0000
9b1b0000ad1b0000621c0000861c0000131d0000f41d0000d82300003e2600008b260000dc2700004628000058290000
f6290000712b0000d538000036390000b3390000243a0000473a00005a3a0000853a0000d23a0000e83a0000013b0000
ba3f000078400000100200007703000000060000b20b0000e21200005c18000031190000d41a0000ff1c000084230000
4127000063280000df0d0000d30e0000740f00005d100000ba12000018130000811400000220000063260000b5270000
cd2700005d280000be2800007c290000af290000cb290000962a0000e732000051390000aa3a0000973e00001d010000
83020000f8030000c3040000c40500001e070000c6070000e3090000260b00008f120000011600005e1c00006e1c0000
891c00009b1c00003a200000742b00004630000036330000273a0000f13b0000e2030000ff0300003504000064040000
dd040000c30700009b0900001a0b0000270f0000351100008c120000e6120000fe150000741b0000781b0000621c0000
861c0000981c0000131d0000341e0000592400008b260000712b00003333000092330000c23300008b3600000d390000
36390000243a00003a3a0000743a0000d23a0000e53b00003e410000af070000fb0800007b090000780c0000bd0c0000
930d000039100000b11a0000071b0000421b0000d31b0000071d00007d0000005f020000830300009c03000005040000
9b040000c5040000cc040000e8040000f7040000b9050000180600007d070000910700000e0800005f08000076080000
2d090000a3090000e30900000b0a0000980a00008a0b0000910b0000be0b00001c0c0000ea0c0000de0d0000d20e0000
5c100000911000006213000080140000eb15000051190000a51a0000f61e0000161f00005920000034220000a2220000
d62200007b250000622600003a27000045270000d2270000e12700005c28000067280000ff28000073290000122a0000
352a0000422b0000232c00003e2c0000c5300000293300004a33000075330000a134000071350000ce3500003f360000
4d3a0000a93a0000613b0000a9410000e6090000a81a00004000000089000000620200007f0500001b06000080070000
e6090000f7090000950b0000f9170000a81a0000c8220000402700006228000002040000cf040000180600006e090000
9e090000f30900001d0b0000810c0000381100001d170000c91a00001f1b00007b1b0000ef1b0000a41c0000161d0000
8e260000b9310000c5330000d53a0000e83b0000e2030000ff0300003504000064040000dd040000c30700009b090000
1a0b0000660e0000950e0000cc0e0000270f0000430f0000600f00006b0f0000a50f0000351100008c120000e6120000
0c1300007a140000fe150000541b0000741b0000781b00009b1b0000ad1b0000621c0000861c0000981c0000131d0000
091e0000341e00000024000059240000572600008b26000025280000a32900008f2a0000712b00003333000092330000
c2330000203400008b360000b7370000933800000d390000363900004539000078390000b3390000b8390000243a0000
3a3a0000473a0000603a0000743a00009e3a0000d23a0000e53b00008e3e0000353f0000ba3f0000c94000003e410000
14010000590100006b020000bb05000016070000af070000b7070000fb0800007b090000780c0000bd0c00006b0d0000
930d00002a0e00002510000039100000e2120000f21200004d14000059140000281800005c18000031190000b11a0000
d41a0000071b0000421b0000d31b0000ff1c0000071d00001a2300008423000059270000a7280000620200001b060000
e6090000a81a000040270000622800001d01000083020000f803000002040000c3040000cf040000c405000018060000
1e070000c60700006e0900009e090000e3090000f30900001d0b0000260b0000810c0000de0d0000d20e0000730f0000
5c100000381100008f120000b91200001713000080140000011600001d170000c91a00001f1b00007b1b0000ef1b0000
5e1c00006e1c0000891c00009b1c0000a41c0000161d0000012000003a200000622600008e260000b1270000cb270000
5c280000bd28000078290000ae290000c9290000952a0000742b000046300000b9310000e632000036330000c5330000
50390000273a0000a93a0000d53a0000e83b0000f13b0000963e000007040000ea040000ba05000031090000a7090000
990a00008e0b0000ee0c00000e0d0000920d0000df0d0000ed0d00009c0e0000ce0e0000d30e0000290f00002b0f0000
06100000381000005d1000009210000062110000a6110000af120000ee12000064130000ec1300007c14000081140000
b9140000ec150000e71a0000381b0000881b0000fb1b0000be1c0000fd1c00001e1d00001a1f00005d20000038220000
a62200008d2500001d260000632600006b2600003b270000d32700005d280000142a0000432b0000242c0000402c0000
c6300000bd310000d7330000873500004336000065380000513a0000aa3a0000b23a0000623b0000f93c0000aa410000
7d000000860100005f0200004f030000830300009c030000df030000990400009b040000c5040000cc040000f7040000
18060000d20600007d070000910700000e0800005f0800007608000067090000e30900000b0a0000b10a00008a0b0000
910b0000be0b0000f90b00001c0c0000730f000094120000b91200001713000049130000b3170000d118000051190000
761a0000a51a0000f61e000001200000d6220000b22300007b250000d125000093260000c9260000e42600003a270000
45270000d2270000e12700005c28000067280000ff28000073290000352a0000952a00001f300000293300004a330000
75330000a134000071350000ce3500001338000050390000da3a00007a3b00002e4000001f050000b3090000220a0000
1d1700001f1b00007b1b0000161d0000d51f00008e260000fe290000db380000d53a0000bd0000001d0100005f020000
fd020000150300009a030000f80300006d04000074040000c5040000cc040000f70400001f0500007e050000c4050000
18060000480600009a060000c6070000350800005b090000b3090000e30900000b0a0000220a00004b0a0000600a0000
910b0000de0b0000e50b00001c0c0000250c0000730f00008f120000b9120000171300001d170000b3170000d1180000
51190000761a0000a51a00001f1b00007b1b0000161d0000d51f000001200000d6220000b2230000722500007b250000
442600004c2600008e26000093260000c9260000e42600003a27000045270000d2270000e12700005c28000067280000
ff28000073290000fe290000952a00000a30000036330000a13400006835000071350000ce350000db38000050390000
8b3a0000933a0000d53a0000da3a0000243b00002e4000006c0400000b05000019050000500500001c0a0000dd0b0000
270f0000e6120000fe150000741b0000781b0000621c0000861c0000131d0000341e0000592400003e2600008b260000
dc2700004628000058290000f6290000712b0000d53800002739000036390000243a00003a3a0000743a0000853a0000
d23a0000e83a0000013b0000e83e00003e410000fb090000960b0000930d000039100000fa170000071b0000421b0000
d31b0000071d0000ca220000412700006328000040000000890000000f02000062020000750300007f050000ff050000
1b06000080070000e6090000b00b0000a81a00004027000062280000bd0000005f020000fd020000830300009a030000
02040000740400009b040000c5040000cc0400001f050000250500007e05000018060000480600009a060000ef070000
0e080000560800005f0800005b0900006e0900009e090000b3090000e3090000220a00002a0a00004b0a0000600a0000
be0b0000e50b0000810c0000de0d0000d20e00005c1000003811000080140000eb15000001160000a51a00006e1c0000
891c0000f61e0000161f0000d51f0000ed1f00003a200000592000003422000044260000622600003a27000045270000
d2270000e12700005c28000067280000ff28000073290000f7290000fe290000352a00003e2a0000422b0000742b0000
232c00003e2c00000a3000004a3300006c33000075330000c5330000ce350000db380000e3380000273a00004d3a0000
8b3a0000a93a0000243b0000a9410000e503000007040000ba050000a1080000a7090000380b00008e0b0000ee0c0000
0e0d0000920d0000df0d0000ed0d0000580e0000920e00009a0e0000c70e0000010f0000050f0000070f0000130f0000
210f0000220f0000240f00002b0f000006100000381000005d100000921000008a110000a61100003812000080120000
a2120000a4120000d3120000d7120000ee1200007c1300009f130000ec130000291400003114000010160000ae180000
d2180000f91800000b190000ea190000fc190000771a0000e71a0000381b0000661b0000751b0000901b0000fb1b0000
661c0000c21c0000d51c0000e01c0000fd1c0000c61e0000fa1e0000021f00002c1f0000741f00005d20000025220000
38220000a6220000972600003b2700005d280000af2900009f2b0000c630000034310000bd310000dd310000e4330000
4d340000de3400000d360000b636000080370000cb3700002e39000032390000743900008b390000a7390000a9390000
f73900001a3a00003c3a0000de3a0000043c0000323e00009c3f0000f1040000b3090000030a00001d170000b6180000
ba1900001f1b00008b1b0000941b0000791c0000ef1c0000111f0000d51f0000d2210000c4380000023a00001d3a0000
443a0000b1010000b1020000330600005c150000771c0000ae1d0000eb00000021010000d2020000e5020000fa030000
eb040000c0050000c8050000ff06000035070000a4080000fb090000440b0000b20b0000f60c00008b0d0000940d0000
d70d0000ef0d0000080f00002a0f0000391000003a100000a81100003912000083120000ce120000d812000013160000
66160000c2190000d2190000ed190000ff190000e91a0000ef1a0000271b00003a1b00008c1b0000d31b0000671c0000
7b1c0000d61c0000ff1c0000711d0000b51d0000a61e0000c71e0000791f0000f91f00001d2000004620000065200000
40220000ae220000a22b00004e30000001320000df34000010360000b7360000fa390000103c0000333e00007d000000
860100005f0200004f03000083030000cf030000df030000f603000026040000600400006d04000071040000b4040000
0e0500001c050000250500005105000018060000d20600007d070000670900008d090000e30900001f0a00002a0a0000
480a0000530a0000c70a0000fa0a00001d0b0000340b0000480b00008a0b0000910b0000be0b0000de0b0000e20b0000
480f0000d511000094120000b9120000f8120000eb150000b3170000cd180000c5190000a51a00009b1c0000f71d0000
111e00002b1e0000161f0000281f00003c1f00007c1f0000a61f000001200000f0210000d6220000b2230000d9230000
46240000412600004c2600007d2600003a27000045270000dd270000472800005c28000067280000592900005d290000
ae290000da290000f7290000fb290000422b00001f300000953000005c360000823600009b360000d8380000e3380000
073900002a390000393900000c3a00004d3a00005d3a00006e3a0000883a0000933a0000c43a0000e93a0000023b0000
213b0000c43b0000e93e00007a4000005a4100001a00000063000000ff000000fb010000110200004b02000053020000
97020000a60200007c030000010600008a060000bf060000e308000076090000000a0000970b0000b70b0000790c0000
da0c00003d0d0000ba0d00004c10000048150000fb1700004c1d0000a11d0000db1d00006c1e00009a1f0000cf220000
222700002827000042270000642800002b00000048000000ec02000087050000cd090000431d00001900000080000000
ac000000cb000000ea00000091010000aa010000b5010000e8020000020300001d0300005a03000086030000a4030000
f903000075040000a6040000200500007f050000ff0500004d060000860600009b060000800700000f0900005e090000
680900007209000091090000b4090000d9090000230a00004c0a0000620a0000fe0a0000950b0000b30b0000c10b0000
e60b0000840c0000d81100007e15000014170000b9170000611d0000b81d0000141e0000871e0000361f0000a91f0000
da1f0000d9220000bd2300004526000081260000ff2900000b300000ef3100009e360000dc3800008c3a0000c83a0000
253b0000c83b00009c000000f90000005d0100009a010000ab01000049020000ae020000c6020000d2020000e5020000
5b030000630300008f030000a2030000e6030000e8030000030400009d0400009e040000f40400000006000030060000
85060000be060000d4060000de060000b7070000bb070000060800001d0800006f080000ec080000f00800003d090000
700900007b090000a0090000cb090000fb090000070a0000b80a00008f0b0000930b0000960b00009e0b0000b20b0000
ca0b0000fe0b0000000c00007a0c0000b50c0000df0c0000050d00000f0d0000320d00003c0d00003e0d0000b90d0000
bb0d0000f30d00001e0e0000340e00009d0e0000cf0e0000090f00004b0f00004c0f0000750f00000510000007100000
251000004b1000004d100000361100004e110000751100009b11000000120000431200009d120000a9120000bb120000
da120000191300004b130000d2130000491400004d140000631400007d140000d21400005b150000a2160000b5170000
d318000085190000cb190000601a0000621a0000781a0000891b0000761c0000071d0000411d0000591d0000651d0000
821d0000ad1d0000c11d0000d11d0000e01d0000221e0000231e0000941e0000be1e0000da1e0000eb1e0000f21e0000
0f1f0000511f0000901f00009f1f0000b11f00000520000012200000ae220000b6220000e2220000282300007c230000
98230000a7230000c623000027250000da250000e125000011260000662600009c260000cb260000eb2600001f270000
21270000252700003e270000492700007b270000bd270000d4270000e327000060280000632800006b280000f0280000
2d29000067290000172a0000972a00004f2b0000213000002c300000f8310000a3320000c3330000e9330000da340000
e7340000f734000004360000243600004f360000a6360000673700001c38000023380000583800008038000052390000
ad3a0000e33a0000813b0000db3c000030400000260000004f000000c3000000e80200000203000018030000ab030000
75040000a5040000860500008e0500004d060000380800006a0800004f090000cc090000d8090000b30b0000e60b0000
7e15000014170000b9170000461d0000b81d0000141e0000bb1e0000a91f0000d9220000bd2300004526000081260000
d7340000003600008c3a0000c83a0000bd0000001d0100005f020000fd020000150300009a0300009f030000bc030000
db030000ef0300005f040000710400009b040000a1040000a4040000b1040000bd040000be040000f104000025050000
7e050000c405000018060000480600009a0600000e08000035080000680800004e0900005b09000084090000b3090000
d3090000d7090000e3090000030a00002a0a00006d0a0000c20a00001d0b00005f0b0000670b0000910b0000e20b0000
480f000079120000b9120000f8120000eb1500001d170000b3170000b6180000cd180000ba190000c5190000a51a0000
1f1b00008b1b0000941b0000791c00009b1c0000ef1c0000f71d0000111e00002b1e0000ba1e0000ee1e0000f61e0000
111f0000161f00003c1f00007c1f0000a61f0000d51f000001200000d2210000f0210000d6220000b2230000d9230000
46240000412600007d2600003a27000045270000dd270000472800005c28000067280000592900005d290000ae290000
da290000f7290000422b00000a300000853000004a330000ab330000d6340000fe350000b5380000bc380000c4380000
e3380000ee380000063900001b3900001c39000039390000023a00000c3a00001d3a0000443a00004d3a00005d3a0000
6e3a0000883a0000c43a0000e93a0000023b00007a4000005a4100001700000042000000a8000000fb000000b1010000
fb010000110200004b02000053020000b1020000ed020000f50200007c03000081050000010600003306000088060000
0708000074090000ce090000d0090000b70b00007e0c00003d0d0000ba0d00004c100000481500005c150000771c0000
421d0000441d00005e1d0000a11d0000ae1d0000db1d00006c1e00009a1f000022270000282700004227000064280000
e3000000f9000000160100005d01000077020000e6030000fb030000c6040000bb050000bd05000016070000b7070000
bb070000a2080000ba080000fb08000007090000b50c0000fe0c00008b0d0000a80d00002a0f00004011000085120000
e1120000e2120000eb1200005b150000e318000031190000a6190000bd1a0000d51a0000ef1a00001b1b00003a1b0000
891b0000251c00002e1c0000761c00007f1c0000fe1c0000ff1c00001f1d0000ad1d00008823000022260000ce330000
0e3600002c3600006e370000a13700006a3800002527000049270000bd270000e3270000632800006b2800002d290000
67290000803800004f02000064020000cd0400001b0600001d06000004090000cc1a00005b1c000029360000ab010000
ae020000e50200008f0300009d040000f40400000006000030060000ec0800003d090000b20b0000ca0b00008b0d0000
a80d00002a0f0000e1120000e2120000eb1200005b150000e318000031190000a6190000d51a0000ef1a00001b1b0000
3a1b0000891b00002e1c0000761c00007f1c0000fe1c0000ff1c00001f1d0000651d0000ad1d0000f21e0000ae220000
88230000222600002527000049270000bd270000e3270000632800006b2800002d29000067290000172a000024360000
4f3600006e370000a13700006a38000080380000e3000000f9000000510100009a01000077020000e6030000fb030000
c604000016070000ae070000af070000ce070000fb08000007090000700900007b090000940900007a0c0000c10c0000
8b0d0000940d00002a0f0000391000003a100000d7110000ef110000391200005b150000e3180000da190000bd1a0000
e91a0000ef1a0000131b0000461b0000891b0000d31b0000251c0000421c0000531c0000671c0000071d00000b1d0000
b51d0000131f00007c2300007d2b00003f3300002c3600009d360000b7360000a5370000b337000098000000aa010000
ad020000ce020000e10200005a0300008b030000a10300009c040000f3040000ff0500002f060000830600006d080000
eb0800003b090000c9090000f7090000050a00008b0b0000950b0000b00b0000c60b0000fd0b000084190000401d0000
611d0000f01e0000ad220000de220000df2500002427000048270000bc270000e2270000622800006a2800002c290000
66290000162a000003360000233600004d36000066370000213800007f3800004f02000086020000cd040000e4090000
e6090000f0090000aa1a0000221c00009d3700001900000044000000800000008d000000cb000000aa0100004f020000
6402000086020000ce020000e10200005a030000a00300009c040000cd040000f30400007f050000830500001b060000
1d0600007e070000800700009207000069080000790800000409000050090000c9090000e4090000e6090000f0090000
f7090000050a00008b0b0000950b0000fd0b000084190000aa1a0000cc1a0000221c00005b1c0000401d0000de220000
df2500002427000048270000bc270000e2270000622800006a2800002c290000662900002a330000ff35000029360000
663700009d370000213800007f380000e3000000f900000016010000510100005d0100009a01000077020000e6030000
fb030000c6040000bb050000bd05000016070000ae070000af070000b7070000bb070000ce070000a2080000ba080000
fb08000007090000700900007b090000940900007a0c0000b50c0000c10c0000fe0c00003c0d00008b0d0000940d0000
a80d0000b90d0000cc0d0000d40d00001e0e0000380e0000020f00002a0f00004b0f000025100000391000003a100000
4b10000040110000d7110000ef11000028120000391200006712000085120000cc120000e1120000e2120000eb120000
f2120000fc120000491400004d1400005914000067140000971400005b150000e31800003119000091190000a6190000
da190000bd1a0000d51a0000e91a0000ef1a0000131b00001b1b00003a1b0000461b0000891b0000d31b0000251c0000
2e1c0000421c0000531c0000671c0000761c00007f1c0000fe1c0000ff1c0000071d00000b1d00001f1d00006f1d0000
821d0000ad1d0000b51d0000fd1e0000131f00000e230000282300007c23000088230000fa2500002226000097270000
d5270000a728000034290000ac2a00007d2b00003f330000ce3300000e3600002c3600009d360000b2360000b7360000
db3600006b3700006e370000a1370000a5370000b3370000403800006a380000873800004f0200006402000086020000
cd0400001b0600001d06000004090000e4090000e6090000f0090000aa1a0000cc1a0000221c00005b1c000024270000
48270000bc270000e2270000622800006a2800002c29000066290000293600009d3700007f380000ab010000d2020000
e50200005b0300009d040000f4040000cb090000fb090000070a00008f0b0000960b0000fe0b00008b0d0000940d0000
2a0f0000391000003a100000391200005b150000e318000085190000da190000e91a0000ef1a0000131b0000461b0000
891b0000d31b0000421c0000531c0000671c0000071d00000b1d0000411d0000b51d0000131f0000e22200007c230000
e12500002527000049270000bd270000e3270000632800006b2800002d290000672900007d2b0000b736000067370000
a5370000b337000023380000803800001900000044000000800000008d000000cb000000aa0100004f02000064020000
86020000ad020000e10200008b030000a00300009c040000cd040000f30400007f05000083050000ff0500001b060000
1d0600002f0600007e07000080070000920700006908000079080000eb080000040900003b09000050090000e4090000
e6090000f0090000b00b0000c60b0000aa1a0000cc1a0000221c00005b1c0000611d0000f01e0000ad22000024270000
48270000bc270000e2270000622800006a2800002c29000066290000162a00002a330000ff3500002336000029360000
4d3600009d3700007f380000df0d0000050f0000210f0000490f00005d100000ba120000d3120000f912000029140000
ce180000c6190000fa1e000002200000f1210000b5270000cd270000d327000006280000492800005d280000be280000
2a290000642900007c290000e3290000e7320000103300007d380000323900003a390000a73900000d3a0000053b0000
f3030000c5040000cf04000018060000030900006e09000088090000f3090000810c0000900e00007512000073130000
1d170000c91a00001f1b0000501b00005d1b00008b1b0000941b0000ef1b00005a1c0000791c0000a81c0000ef1c0000
111f0000b9310000d531000028360000b9380000713900001d3a0000303a0000443a0000f30000001a0100004a020000
600200007c020000c105000019060000000900005c150000771c0000ae1d0000eb00000021010000ab010000ae020000
21030000fa0300006f040000f4040000c0050000c805000030060000a4080000130900008f0b0000e00b0000430c0000
f60c00003e0d00008b0d0000940d0000340e00002a0f0000750f0000391000003a1000003912000083120000bb120000
19130000631400005b1500007f150000ff15000015170000ba170000e91a0000461b0000891b0000061c00001a1c0000
671c0000761c00008b1c00000b1d0000ad1d0000b91d0000151e0000aa1f00000520000042200000e2220000be230000
0c2500004826000082260000972a0000722b00008c2b0000cc3100008432000010360000b736000052390000293a0000
8f3a0000c93a00001d01000083020000ef0300005f040000c3040000cc040000d9040000e6040000c40500001e070000
84090000e3090000ef090000c20a00002a0b000079120000e5180000ee180000dd190000211c00005e1c00006e1c0000
7d1c00003a2000001c22000046300000af3000009c370000b53800000639000023390000ee390000173a0000fb000000
570200001707000074090000e80900007e0c0000db190000a61a0000c21a0000f01a0000141b00001600000041000000
a6000000b0010000b0020000ec020000800500003206000087060000cd090000431d000019000000440000008d000000
ac000000ea00000091010000b5010000b3020000e1020000e8020000180300008b030000a0030000a3030000f9030000
9c040000a5040000f504000021050000830500003506000086060000a2060000fe060000650700007e0700008b070000
9b070000f2070000260800003808000057090000680900007209000091090000c9090000cc090000d8090000240a0000
c60b0000840c0000d811000012160000bf190000d1190000ec190000401d0000461d0000bb1e0000f01f0000f51f0000
1c20000045200000642000003f220000f82900005a2a0000a12b0000123000006f300000233300004f330000d7340000
9e360000dd380000f93900001d01000083020000ef030000f30300005f040000c3040000c5040000cc040000cf040000
d9040000e6040000c4050000180600001e070000030900006e0900008409000088090000e3090000ef090000f3090000
c20a00002a0b0000810c0000de0d0000900e0000040f0000200f0000480f00005c1000007512000079120000b9120000
d2120000f812000073130000281400001d170000cd180000e5180000ee180000c5190000dd190000c91a00001f1b0000
501b00005d1b00008b1b0000941b0000ef1b0000211c00005a1c00005e1c00006e1c0000791c00007d1c0000a81c0000
ef1c0000f91e0000111f0000012000003a200000f02100001c220000b1270000cb270000d22700000528000048280000
5c280000bd280000292900006229000078290000df29000046300000af300000b9310000d5310000e63200000f330000
283600009c3700007c380000b5380000b93800000639000023390000313900003939000071390000a6390000ee390000
0c3a0000173a00001d3a0000303a0000443a0000033b0000f3000000fb0000001a0100004a0200005702000060020000
7c020000c105000019060000170700000009000074090000e80900007e0c00003d0d0000ba0d0000d90d00004c100000
cf1200005c150000db190000a61a0000c21a0000f01a0000141b0000771c0000701d0000ae1d0000202700003d270000
a12700005f280000aa280000eb00000092010000e50200008f030000fa0300009d04000022050000ff06000066070000
6c0900007309000092090000cb090000260a0000ca0b0000850c00008b0d0000a80d0000d70d0000e20d0000d40e0000
2a0f000060100000d9110000e1120000e2120000eb1200005b140000821400001316000066160000e3180000d2190000
da190000ed190000d51a0000ef1a0000131b0000271b0000791b00002e1c0000fe1c0000141d00002e1d0000411d0000
f91f00001d2000004620000065200000402200002423000088230000472500006426000090260000f92900005c2a0000
a22b000070300000c43200009f360000a1370000df380000fa390000ab3a0000d73a000019000000440000008d000000
ac000000ea00000020010000aa010000b5010000ad020000b3020000e8020000180300001d030000a0030000a3030000
f90300006e040000a5040000f3040000f504000083050000bf050000c70500002f0600003506000086060000a2060000
7e0700008b0700009b070000f20700002608000038080000a30800000f09000057090000cc090000d80900008b0b0000
df0b0000410c0000f50c0000821200007e15000014170000b9170000bf190000461d0000b81d0000141e0000bb1e0000
a91f0000f01f0000de220000bd2300000b25000046260000812600001230000083320000233300004f330000d7340000
0f3600008d3a0000c83a00008a01000053030000e0030000f70300002704000061040000b5040000d30600006b090000
8f090000cb0a0000fc0a0000380b00008e0b00000e0d0000a60d00009a0e0000c70e0000230f0000290f0000350f0000
440f0000460f0000490f00004d0f000006100000e9100000741100009a110000d611000098120000a2120000a4120000
ba120000e0120000ea120000f9120000011300009f130000f8130000ec150000b4170000c0180000ce180000cf180000
ea1800005d190000c6190000ca190000391a0000d31a00002d1c00006a1c0000b61c0000e01c0000fd1c0000121e0000
2c1e00001a1f00002c1f0000741f0000801f0000a71f00000220000010200000f1210000f92100007a230000b6230000
472400007f2600003b2700005d280000af290000432b00002030000096300000f030000061310000e8330000a5340000
c3340000843600009c36000094370000a0370000093900002e3900003a3900008b390000b53900000d3a00000f3a0000
513a0000703a0000c63a0000c63b0000033e00005c4100007d0000005f02000083030000cf030000e403000005040000
6d040000710400000e0500001c0500002505000051050000b9050000180600007d070000a0080000a3090000e3090000
1f0a00002a0a0000480a0000530a00001d0b0000340b0000480b00008a0b0000910b0000be0b0000de0b0000e20b0000
ea0c0000de0d0000570e0000910e0000040f0000200f00005c100000911000007e120000d21200007813000028140000
0f160000ad180000d1180000f81800000a190000e8190000fa190000761a0000a51a00009b1c0000f71d0000f91e0000
281f00003c1f0000592000002122000034220000a2220000d6220000d9230000412600004c260000932600003a270000
45270000dd270000472800005c28000067280000592900005d290000ae290000da290000f7290000fb2900009e2b0000
c5300000333100000c3600005c3600007e370000d8380000e33800002a3900003139000072390000a6390000f5390000
183a00005d3a0000883a0000933a0000da3a0000e93a0000023b0000213b0000003c0000e93e00009b3f00007a400000
1a00000063000000e20000001501000076010000f9010000fb010000110200004b02000053020000a6020000b9020000
7c030000bc050000010600008a0600002c07000094080000000a0000970b0000b70b0000d90d0000cf120000fb170000
441800006d18000039190000631a0000701d0000cf220000a2230000222700002827000042270000642800009c000000
e300000016010000510100007b010000ab01000049020000ae020000c6020000d2020000e50200005b03000063030000
8f030000a2030000e7030000fb0300000b0400009d040000ee040000f4040000bb050000bd0500000006000030060000
85060000ae070000af070000c4070000dc070000060800001d080000290800006f08000099080000ec08000036090000
3d090000ac090000cb090000fb090000070a00009a0a00008f0b0000930b0000960b00009e0b0000b20b0000ca0b0000
fe0b0000c10c0000fe0c0000050d00000f0d0000320d0000cc0d0000d40d0000d70d0000e20d0000ef0d0000380e0000
9d0e0000d40e0000020f0000080f0000450f0000760f0000051000000710000060100000931000009d100000d3100000
f910000021110000a81100000012000091120000a9120000cc120000ce120000d8120000f21200001b13000069130000
0d140000591400005b1400006714000082140000ed150000e3180000ef180000f0180000681900007119000085190000
89190000b1190000cd190000da190000e31900001a1a0000601a0000621a0000831a0000ef1a0000131b00003a1b0000
ff1c0000411d0000591d0000651d00006f1d0000711d0000d11d0000e01d0000c71e0000f21e00001f1f0000901f0000
9f1f0000162000004e2000006d20000048220000ae220000b6220000e22200000e2300002423000098230000a7230000
bc250000e1250000642600001f27000021270000252700003e270000492700007b270000bd270000d4270000e3270000
60280000632800006b280000f02800002d29000067290000172a0000192a0000922a0000e72a0000442b0000a92b0000
252c0000452c0000c7300000d2300000f83000001a3100003433000052330000a8340000df340000b835000004360000
24360000483600004f360000a63600006737000076370000233800008038000054390000563a0000ab3a0000633b0000
1e3d0000ab410000fd020000a1040000bd04000048060000d30900005f0b0000e5180000ee180000dd1900006e1c0000
7d1c0000ee1e00003a2000001c220000bc3800001b390000ee390000173a0000ed020000ce090000db190000f01a0000
141b0000441d00002b00000048000000b0010000b00200008705000032060000260000004f000000c3000000b5010000
b302000086030000ab030000f504000020050000860500008e05000035060000f2070000260800006a0800004f090000
b4090000230a0000c10b000012160000bf190000d1190000ec190000da1f0000f01f00001c2000004520000064200000
3f220000ff290000a12b00004f33000000360000dc380000f9390000bd0000005f020000fd020000830300009a030000
9f030000bc030000db030000f30300006d040000a1040000bd040000ed040000f1040000f70400000e0500001c050000
510500007e05000018060000480600009a060000ef07000025080000680800004e0900005b0900006e09000088090000
b3090000d3090000e3090000030a00000b0a00001f0a00006d0a00001d0b0000480b00005f0b0000be0b0000de0b0000
810c0000de0d0000900e0000040f0000200f00005c10000075120000d212000073130000281400000f160000aa180000
b6180000b7180000d1180000e5180000ee180000f81800000a19000051190000ba190000be190000dd190000e8190000
761a0000a51a00006e1c00007d1c00009b1c0000ee1e0000f91e0000d51f0000ed1f00003a20000059200000d2210000
da2100001c22000021220000342200004c260000932600003a27000045270000dd270000472800005c28000067280000
592900005d290000ae290000da290000fb2900009e2b00000a300000853000004e330000a1340000bb340000fe350000
b9380000bc380000c4380000d8380000ee3800001b3900002a3900003139000071390000a6390000ee390000f5390000
023a0000033a0000173a0000183a0000933a0000da3a0000e93a0000023b0000e93e00009b3f00001700000042000000
a8000000f30000001a010000ac010000b10100004b02000053020000a6020000af020000b1020000cb020000ed020000
81050000c105000031060000330600008806000022080000ce090000000a0000970b0000d90d0000cf120000fb170000
441800006d18000039190000db190000631a0000f01a0000141b0000441d0000701d0000cf220000a223000022270000
282700004227000064280000eb00000092010000ab010000210300005b030000fa030000a70400000006000013090000
6c0900007309000092090000db090000ff0a0000960b0000850c00003e0d00008b0d0000a80d0000bb0d00002a0f0000
4c0f00004d100000751100009b110000d9110000e1120000e2120000eb1200005b1500007f15000015170000ba170000
e618000031190000cb190000df1900003a1a0000d51a00001b1b0000061c00000d1c00002e1c0000e51c0000071d0000
651d0000b91d0000151e0000881e0000381f0000aa1f000012200000422000007c230000be23000082260000c2310000
f0310000e93300009f360000a1370000c93a0000c93b0000043e00001900000080000000ac000000cb000000ea000000
20010000b5010000ce020000e1020000e80200000203000086030000a4030000f903000075040000e904000020050000
7f050000bf050000c70500004d060000860600009b060000fe0600003407000080070000a30800005e090000b4090000
f7090000230a00004c0a0000620a0000420b0000b00b0000b30b0000c10b0000e60b0000f50c00008212000012160000
c0190000d1190000ec190000fe190000da1f0000f51f00001c20000045200000642000003f220000ad220000d9220000
45260000ff290000a12b00000b3000004d3000000f360000dc380000f93900008c3a0000253b00000e3c000007040000
ea040000c1080000310900006b0900008e0b0000770c0000300d00004b0d0000580d0000a60d0000460e00009c0e0000
c80e0000ce0e0000d30e0000e80e0000fe0e0000290f00002b0f0000440f0000d40f0000061000007411000079110000
011200003f120000a8120000ba120000c0120000e0120000ea1200004a130000a5130000b9130000c4130000f8130000
9d150000ec1500003d16000093170000b4170000ca170000d31a0000381b0000611b0000881b0000ae1b0000c71b0000
2d1c0000b61c0000e01c0000fd1c00001e1d00002c1f00009b210000a3210000a6220000db2300001d26000029260000
b5270000d3270000492800005d2800002a29000064290000e3290000142a0000432d0000d72d00007f2e0000a92e0000
e03300004334000043360000a7360000a0370000d737000065380000713800007d3800008e3900009b390000b5390000
053b00007e3f0000bc3f0000674000001f050000480600001b09000022150000c4150000fd16000054170000fc1a0000
7b1b0000871b00006e1c0000711c0000cf1c0000ae21000030360000de370000d3390000403a0000e602000000030000
4b060000f11a00006f1c00003b200000eb00000021010000ab010000ae02000021030000f10300006f040000c8050000
3006000045070000130900006c09000086090000630b00008f0b0000e00b0000850c00003e0d00004d0d00008b0d0000
940d0000d80e0000280f00003a1000007611000077120000bb120000c5120000e1120000e7120000161500005b150000
7f150000ab150000ff15000027160000151700003417000047170000c2170000d51a0000f81a0000461b0000061c0000
381c0000631c0000761c00008b1c0000cb1c00000b1d0000ad1d0000b91d00000520000042200000692100001e220000
e222000048260000722b0000d02b000020350000b738000037390000cb390000293a00008f3a00002f3c0000273e0000
7d00000012010000830200004f030000560300009c030000c6030000df03000014040000990400009b040000c5040000
cc040000e6040000f70400005205000054050000b9050000cf050000180600007d070000910700007608000003090000
41090000e3090000ef090000530a0000980a00002a0b0000340b00003b0b00008a0b0000910b0000be0b0000f90b0000
fc0b0000730f00005c100000f2110000491200003f150000e61500000817000072170000d1180000c91a00005d1b0000
211c00005a1c0000a81c00002f1f00005d1f0000b321000034220000a92200003b230000dc23000031240000d1250000
e5250000b1270000b8270000d2270000e1270000482800004a2800005c28000067280000292900002f29000062290000
65290000df290000e6290000152a0000122b00007d2c0000112d000029330000823300002836000053360000bd360000
9c370000e137000013380000273800007c3800008238000023390000dd390000303a0000033b0000063b0000ea3e0000
ed3e000081400000794100001a00000082000000e5000000040200004a0200005702000060020000970200009a020000
88030000bc0500001906000081070000e8090000990b00009b0b0000c30b0000f90c0000d50d0000e10d00005f100000
a61a00008b1d00006820000043220000b1220000db220000202700002a2700003d270000462700005f28000068280000
2f0000004c000000b80100008b050000b5090000d71f000019000000440000008d0000009f000000ac000000ea000000
20010000b5010000d8010000b3020000e1020000e80200008b03000092030000a3030000f00300007904000021050000
2305000083050000c7050000350600008606000091060000fe0600007e0700008b070000cc0800005709000068090000
85090000c9090000cc090000240a0000270a0000500a0000690a0000e00a0000bf0b0000c60b0000cd0b0000ea0b0000
840c000076120000d1190000401d0000461d0000f51f00001c20000045200000b2200000d42100003522000052220000
e5220000492300004926000075260000f8290000032a000023330000b6380000dd380000e0380000903a0000bc3a0000
283b0000a93b00009c000000e300000016010000510100007b010000ab01000049020000ae020000c6020000e5020000
8f030000e70300006f040000c604000022050000bb050000bd050000dd0500003006000085060000c7060000ae070000
af070000c40700001d08000099080000cb090000260a00004f0a0000c40a00008f0b0000930b0000ca0b0000e00b0000
1e0c0000c10c0000d30c0000fe0c0000050d00000f0d0000520d0000cc0d0000d40d0000d70d0000e20d0000380e0000
3b0e00009b0e0000760f0000770f00000710000060100000d31000005a110000a7110000ad1100001212000091120000
a3120000cc120000ce120000f21200001b1300001d1300004e130000b813000059140000671400006a140000f1140000
351500000e170000da190000601a0000621a00006b1a0000ef1a0000131b0000791b0000fe1c0000141d0000411d0000
6f1d0000711d0000941d0000d11e0000162000006d2000008c210000f421000048220000b6220000e22200000e230000
88230000982300009b230000a7230000bf240000742500004826000090260000cd260000cf260000f72600001f270000
21270000252700003e2700004927000087270000d5270000d6270000df270000602800006b280000ef280000fd280000
5b29000075290000f9290000922a00009b2a0000202b00008b2c00007e2f000034330000f1330000383500006a350000
cc350000df3800002f39000054390000563900008f3a0000d73a0000eb3a0000273b00008d3b0000bd3c000031400000
32400000260000004f000000b5010000d2010000b3020000a9030000790400008e05000035060000f407000048090000
b4090000c0090000bf0b0000ea0b0000d1190000da1f00001c20000045200000b22000005d2100003522000052220000
e522000049230000492600007526000018350000ad380000903a0000bc3a00003f0000008d010000cd010000e5010000
830200009a030000b3030000f8030000620400006d040000740400008704000095040000c5040000cc040000e6040000
f70400001f0500007e050000930500001806000048060000ef070000f70700007d080000030900001b09000041090000
6e09000090090000b3090000bb090000e3090000ef0900004b0a0000ce0a0000e30a0000ee0a00002a0b0000be0b0000
730f00005c100000db11000049120000221500003f150000c4150000e6150000fd160000081700005417000072170000
d1180000c91a0000fc1a00005d1b00007b1b0000871b0000211c00005a1c00006e1c0000711c0000a81c0000cf1c0000
2f1f00005d1f00008f21000097210000ae210000b321000034220000a92200003b230000dc23000031240000b1270000
b8270000d2270000e1270000482800004a2800005c28000067280000292900002f2900006229000065290000df290000
e6290000152a0000122b0000612c0000fd2c000046330000a4330000283600003036000053360000a1360000bd360000
9c370000d3370000de370000e13700007c380000823800000a3900001439000023390000d3390000dd390000303a0000
403a0000033b0000063b000081400000794100001d000000c700000002010000ae010000b9010000040200004a020000
5702000060020000e6020000000300008803000081050000190600004b060000f007000078090000b6090000e8090000
c30b0000820c0000d50d0000e10d00005f100000a61a0000f11a00006f1c00008b1d0000d81f0000f21f00003b200000
6820000043220000202700002a2700003d270000462700005f28000068280000e3000000f9000000160100005d010000
77020000e703000003040000bd05000016070000ae070000bb070000c4070000fb08000070090000a00900001f0b0000
7a0c0000c10c00008b0d0000940d0000280f00003a1000003611000091120000e1120000e71200005b150000ff150000
da190000bd1a0000d51a0000ef1a0000131b0000461b0000791b0000631c0000761c00008b1c00009d1c0000fe1c0000
0b1d0000141d0000ad1d00008823000090260000722b000034330000c333000037390000293a0000d73a0000ea3b0000
2527000049270000df2700006b2800005b290000eb3a00004f02000064020000ca0400001d060000e4090000ec090000
aa1a0000571c0000c1380000ab010000ae020000e50200008f0300006f0400002205000030060000cb090000260a0000
8f0b0000ca0b0000e00b00008b0d0000940d0000280f00003a100000e1120000e71200005b150000ff150000da190000
d51a0000ef1a0000131b0000461b0000791b0000631c0000761c00008b1c0000fe1c00000b1d0000141d0000411d0000
ad1d0000e22200008823000048260000902600002527000049270000df2700006b2800005b290000f9290000722b0000
df38000037390000293a00008f3a0000d73a0000eb3a000098000000aa010000ad020000e10200008b0300006e040000
210500002f06000083060000c9090000240a00004d0a00008b0b0000c60b0000df0b0000401d0000de22000046260000
2427000048270000de2700006a2800005a290000f8290000dd3800008d3a0000ea3a0000263b00001900000044000000
8d000000aa0100004f02000064020000ad020000e10200008b030000a30300006e040000ca0400002105000083050000
1d0600002f0600007e0700008b07000057090000c9090000e4090000ec090000240a00008b0b0000c60b0000df0b0000
aa1a0000571c0000401d0000de220000462600002427000048270000de2700006a2800005a290000f829000023330000
c1380000dd3800008d3a0000ea3a0000e3000000f9000000160100005d01000077020000e703000003040000bd050000
16070000ae070000bb070000c4070000fb08000070090000a00900001f0b00007a0c0000c10c00003c0d00008b0d0000
940d0000b90d0000d40d0000380e0000cf0e0000280f0000760f00003a1000004b1000003611000091120000cc120000
e1120000e71200001b13000049140000671400007d1400005b150000ff150000da190000bd1a0000d51a0000ef1a0000
131b0000461b0000791b0000631c0000761c00008b1c00009d1c0000fe1c00000b1d0000141d00006f1d0000ad1d0000
2823000088230000662600009026000097270000a7280000b2290000922a0000722b000034330000c333000037390000
54390000293a0000ad3a0000d73a0000ea3b0000993e00004f02000064020000ca0400001d060000e4090000ec090000
aa1a0000571c00002427000048270000de2700006a2800005a290000c1380000ea3a000007040000ea040000c1080000
310900006b0900008e0b0000770c0000580d0000460e0000d30e0000fe0e0000d40f0000ba120000c01200004a130000
c41300009d150000ec1500003d16000093170000b4170000ca1700002c1f00009b210000a6220000db23000029260000
b5270000d3270000492800005d2800002a29000064290000e3290000142a0000432d0000d72d000043360000d7370000
713800007d3800009b390000053b00007e3f0000674000001f050000480600001b09000022150000c4150000fd160000
5417000030360000d3390000e6020000000300004b0600007f150000ab150000271600001517000034170000c2170000
b91d0000d02b0000cb390000580d0000d30e0000fe0e0000ba120000c0120000c41300009d150000ec1500003d160000
93170000b4170000ca1700009b21000029260000b5270000d3270000492800005d2800002a29000064290000e3290000
d7370000713800007d3800009b390000053b00007e3f0000eb00000021010000ab010000ae02000021030000f1030000
6f040000c80500003006000045070000130900006c09000086090000630b00008f0b0000e00b0000850c000077120000
161500007f150000ab15000027160000151700003417000047170000c2170000b91d0000e222000048260000d02b0000
b7380000cb3900008f3a00002f3c00001301000053030000e0030000150400009a04000053050000ba050000d0050000
990a0000380b00008e0b0000fb0b0000740f00005d100000f61100004a12000040150000e71500000917000073170000
d21800005e1f0000b7210000382200003c23000032240000d5250000b5270000d3270000492800005d2800002a290000
64290000e3290000132b00007e2c0000122d0000be360000e5370000173800007d380000de390000053b0000ec3e0000
7b4100007d00000083020000560300009c030000c60300009b040000c5040000cc040000e6040000f704000054050000
180600007d07000091070000760800000309000041090000e3090000ef090000530a00002a0b00003b0b0000910b0000
be0b0000fc0b0000c91a00005d1b0000211c00005a1c0000a81c00002f1f0000a9220000dc230000e5250000b8270000
e12700004a280000672800002f29000065290000e6290000152a0000293300008233000028360000533600009c370000
273800008238000023390000303a0000063b0000ed3e0000814000001a00000082000000040200004a02000057020000
600200009a020000880300001906000081070000e80900009b0b0000c30b0000a61a0000db2200002a27000046270000
682800009c000000f90000005d0100006f010000ab01000049020000ae020000e5020000630300008f03000003040000
6f040000c6040000220500003006000085060000be060000bb07000006080000580800008d08000070090000a0090000
cb090000260a00004f0a00009d0a00008f0b00009e0b0000ca0b0000e00b00007a0c0000df0c00003e0d0000bb0d0000
d80e00004d100000361100007513000062140000861400005b150000ff150000461b0000761c00008b1c00000b1d0000
411d0000591d0000ad1d0000d41d0000e01d0000931f00009f1f0000e22200002b230000482600006826000021270000
2527000049270000d6270000df2700006b2800005b290000f9290000372a0000722b0000292c0000512c00006e330000
c3330000df380000293a00008f3a0000af3a0000eb3a0000273b0000663b0000ad410000e50100007404000095040000
b3090000bb090000ee0a00008f210000d337000014390000b9010000b6090000d81f00002f0000004c0000008b050000
260000004f000000e802000092030000a9030000230500008e05000048090000cc090000270a0000cd0b0000461d0000
032a0000ad380000e03800003f000000e501000083020000560300009a030000b303000074040000950400009b040000
cc040000e60400001f050000540500007e05000093050000480600007d0800001b090000b3090000bb090000e3090000
ef0900004b0a0000ee0a00002a0b00003b0b0000910b0000fc0b000022150000c4150000fd16000054170000211c0000
8f210000e5250000b8270000e12700004a280000672800002f29000065290000e6290000612c0000fd2c000030360000
9c370000d337000027380000823800001439000023390000d3390000063b0000ed3e00001d000000c7000000b9010000
570200009a020000e602000000030000810500004b060000b6090000e80900009b0b0000a61a0000d81f0000db220000
2a2700004627000068280000eb00000021010000d9010000e50200008f030000f103000022050000c8050000ff060000
cd0800006c09000086090000cb090000260a0000e10a0000ca0b0000850c000077120000d2190000411d0000f91f0000
1d20000046200000b3200000d621000039220000532200004a23000076260000f9290000b7380000df380000bd3a0000
aa3b000019000000440000008d0000009f000000ac000000b5010000b3020000e802000092030000a303000079040000
23050000830500003506000086060000910600007e0700008b07000057090000cc090000270a0000500a0000690a0000
bf0b0000cd0b0000ea0b0000461d0000e522000049260000032a000023330000e0380000903a0000283b000013010000
53030000e003000007040000150400009a040000ea04000053050000ba050000d0050000c1080000310900006b090000
990a0000380b00008e0b0000fb0b0000770c0000580d0000a60d00001c0e0000460e0000d30e0000fe0e0000010f0000
240f0000290f0000440f00004d0f0000740f0000a80f0000d40f0000381000005d100000f6110000381200004a120000
6c120000ba120000c0120000e0120000ea1200004a130000c4130000f8130000061400004b1400006114000096140000
401500009d150000e7150000ec1500003d160000091700007317000093170000b4170000ca170000d2180000e71a0000
751b00002d1c0000661c0000c21c00002c1f00004a1f00005e1f00009b210000b721000038220000a62200000c230000
3c230000db2300000324000032240000d5250000ff2500002926000079270000b5270000d0270000d327000019280000
492800005d280000ee280000072900002a2900004029000064290000b7290000e3290000142a0000ab2a0000132b0000
7e2c0000122d0000432d0000d72d0000d7350000ee35000043360000b6360000be360000e0360000a0370000d7370000
e53700001738000045380000713800007d3800009b390000b5390000de3900003c3a0000053b0000ec3e00003a3f0000
7e3f000067400000dc4000007b410000e501000074040000950400001f050000480600001b090000b3090000bb090000
ee0a000022150000c4150000fd160000541700008f210000b8270000e12700004a280000672800002f29000065290000
e629000030360000d33700008238000014390000d3390000063b0000b9010000e6020000000300004b060000b6090000
d81f00002a2700004627000068280000eb00000021010000ab010000d9010000ae020000e5020000210300008f030000
f10300006f04000022050000c805000030060000ff06000045070000cd080000130900006c09000086090000cb090000
260a0000e10a0000630b00008f0b0000ca0b0000e00b0000850c00003e0d0000bb0d0000d70d00003b0e0000d80e0000
770f00004d10000077120000ce1200001d130000621400006a14000086140000161500007f150000ab15000027160000
151700003417000047170000c2170000d2190000411d0000711d0000b91d0000f91f00001d20000046200000b3200000
d62100003922000053220000e22200002b2300004a230000482600006826000076260000212700003e27000087270000
9a270000a6270000d627000060280000a9280000b2280000ef280000fd28000075290000b4290000dc290000f9290000
9b2a0000d02b0000cc350000b7380000df38000056390000cb3900008f3a0000af3a0000bd3a0000aa3b00002f3c0000
9a3e00009c000000e3000000160100007b010000ab01000049020000ae020000c6020000e50200008f030000e7030000
6f040000c604000022050000bd0500003006000085060000c7060000ae070000c40700001d08000099080000cb090000
260a00004f0a0000c40a00008f0b0000930b0000ca0b0000e00b00001e0c0000c10c0000d30c0000d70d00003b0e0000
770f000091120000ce1200001d1300004e1300006a140000da190000621a00006b1a0000ef1a0000131b0000791b0000
fe1c0000141d0000411d0000711d0000b6220000e2220000882300009b230000a7230000742500004826000090260000
cf260000f7260000212700002527000049270000d6270000df2700006b2800005b290000f92900009b2a000034330000
6a350000df380000563900008f3a0000d73a0000eb3a0000273b00008d3b000032400000d21900001d20000046200000
b320000039220000532200004a23000076260000bd3a0000260000004f000000b5010000b3020000a903000079040000
8e0500003506000048090000bf0b0000ea0b0000e522000049260000ad380000903a0000eb00000021010000ab010000
ae020000d2020000e50200008f030000f10300006f04000022050000c8050000300600006c09000086090000cb090000
fb090000260a00008f0b0000b20b0000ca0b0000e00b0000620c0000850c0000d70d00003b0e0000770f000077120000
ce1200001d1300006a140000d2190000da190000621a00006b1a0000ef1a0000131b0000791b0000fe1c0000141d0000
411d0000711d00001d20000046200000b32000003922000053220000ae220000e22200004a230000882300009b230000
a72300009f240000482600007626000090260000cf260000f7260000212700002527000049270000d6270000df270000
6b2800005b290000f92900009b2a00005e2f0000b7380000df380000563900008f3a0000bd3a0000d73a0000eb3a0000
32400000740f00005d1000004a12000040150000e71500000917000073170000d21800005e1f0000b721000038220000
3c23000032240000b5270000d3270000492800005d2800002a29000064290000e3290000132b0000be360000e5370000
7d380000de390000053b00007b4100003f000000e50100009a030000b30300007404000095040000c5040000f7040000
1f0500007e0500009305000018060000480600007d080000030900001b09000041090000b3090000bb0900004b0a0000
ee0a0000be0b000022150000c4150000fd16000054170000c91a00005d1b00005a1c0000a81c00002f1f00008f210000
a9220000dc230000b8270000e12700004a280000672800002f29000065290000e6290000152a0000612c0000fd2c0000
283600003036000053360000d33700008238000014390000d3390000303a0000063b0000814000001d000000c7000000
b9010000040200004a02000060020000e6020000000300008803000081050000190600004b060000b6090000c30b0000
d81f00002a2700004627000068280000eb00000021010000ab010000ae020000e50200005b0300008f030000f1030000
6f04000022050000c805000000060000300600006a0600006c09000086090000cb090000260a00008f0b0000960b0000
ca0b0000e00b0000850c00003e0d0000bb0d0000d80e00004d1000007712000062140000861400005b1500007f150000
ab150000ff150000271600001517000034170000c2170000461b0000761c00008b1c00000b1d0000411d0000651d0000
ad1d0000b91d0000d41d0000e01d0000931f00009f1f0000e22200002b23000048260000682600002127000025270000
49270000d6270000df2700006b2800005b290000f92900007b2a0000722b0000d02b0000292c0000512c0000e82c0000
b7380000df380000cb390000293a00008f3a0000af3a0000eb3a0000ad410000e7030000240400006f0400007f040000
c6040000d7040000220500002f050000e80600000b07000022070000550700005d0e00009b0e0000ac0e0000760f0000
770f0000860f0000870f0000ab100000c71000001211000014110000ae150000c6150000ca150000521600005e160000
5f1600004e1b0000791b00007e1b0000f31b0000091c000077200000ce2000003021000049210000d5270000d6270000
df2700000028000001280000092800000c280000d3280000d5280000d7280000d928000037300000423000004a300000
5e30000092300000a6300000ad300000bb300000e530000007310000093100003b310000463100007131000073310000
9a310000a3310000a7310000c0310000d3310000e3310000573200006d320000fd320000fe3200000033000008330000
0a33000014330000183300003d3c0000613c0000733c0000863c0000443d0000963d00009b3d0000383e0000ac3e0000
b13e0000c13e0000a9030000be0300007904000082040000aa0600000c07000078200000b2200000b420000031210000
44210000193000004330000087300000a93000004132000058320000683200003a3c0000683c0000693e0000a3000000
dd0100008c06000001070000d1080000560a0000e80a0000fb1f0000282000003e210000c5210000fb2100009d000000
a80000007c010000da0100002b0200002d020000960300009e030000af030000d4030000fd030000010400001c040000
690400007004000084040000a0040000a3040000f0040000f60400005905000065050000a0050000ec05000088060000
9506000099060000ae060000c8060000d5060000000700000607000030070000320700006a0700006e070000fa070000
9a080000ce080000e7080000e90800005a0900003d0a00005e0a0000bc0a0000db0a0000030b0000070b00003e0c0000
460c0000dc0c0000530d0000840e0000d10e0000d90e0000f50e0000af100000d5100000de100000131200009a120000
c612000061130000ba13000013180000151800004d1800004e180000d0180000d41800009c1900009d190000f9190000
031a00002c1a0000301a0000101e0000161e00009f1e0000a01e0000fe1f00001720000035200000372000007c200000
88200000de200000e32000000a2100002b210000322100004f2100005121000063210000c8210000df21000008220000
0a2200006f22000076220000cd230000e123000029240000392400000625000010250000392500003d250000522a0000
572a0000292b00002f2b00006e2c00009a2c0000f92c0000192d0000132f0000362f000009300000223000003d300000
743000007830000034320000373200004a3200004c3200007e32000088320000b5320000b9320000a13300003a350000
e73800006339000092390000f33e0000013f0000e83f0000ef3f00006e4000007c400000634100006a41000029000000
65000000b6010000c30100008c06000001070000d1080000560a0000e80a0000de1f00001f200000202000003e210000
c5210000fb2100002b3b0000b13b0000613e00002504000080040000d8040000310500005e0e0000ad0e0000880f0000
8a0f0000af150000c7150000cb1500004f1b00007f1b000079200000cf20000002280000042800000a2800000d280000
94300000a7300000ae300000bd3000003c3100004731000074310000773100009b310000a4310000a8310000d4310000
e4310000593200006e3200000b3300000e33000015330000193300003e3c0000403c0000623c0000643c0000743c0000
763c0000873c00008b3c0000453d0000973d00009c3d00009e3d0000a23d0000393e00003a3e0000ad3e0000b23e0000
b63e0000c23e0000940a0000dd0a0000190b0000580b00006f1300008f1300001c140000231400004317000063170000
6e170000971c0000c91c0000cb21000018220000a2290000a9290000be290000d6290000590a0000ea0a0000ce210000
ff210000b2030000d90300001e040000860400005c05000068050000460a0000600a0000c00a0000df0a0000040b0000
080b00008b0e0000f90e000065130000bb130000fd190000041a00002d1a0000311a00007f2000008c200000e6200000
ea200000cf210000e62100000b2200000e220000d4230000e42300002d2400003b240000fc2c00001b2d00003a2f0000
a33300003d350000ec3800006c39000096390000f63e0000043f0000f33f0000f83f00006f4000007d40000064410000
6b4100006f010000d90100007702000021030000be060000ff06000016070000450700008d080000cd080000fb080000
130900008d0a0000da0a0000160b0000500b0000df0c0000280d0000f30d0000f60d0000ba1000000411000006110000
43120000461200006c1300008e1300001614000019140000161500003a1500003c15000040170000621700006d170000
bd1a0000f81a0000061c0000381c0000941c0000c81c0000f91f000042200000c321000015220000972700009a270000
9e270000a6270000a7280000a9280000ae280000b22800009c2900009f290000bb290000d3290000a4000000de010000
8d06000002070000d2080000570a0000e90a0000fc1f0000292000003f210000c6210000fc21000024000000b3010000
b40100001b200000170000001d0000003b000000b4000000fa000000fb0000001b010000ac010000ae010000cb010000
00020000040200009e020000a6020000670300007f0300007a0500007d050000c2050000c3050000ed070000ee070000
a20b0000a50b0000ba0b0000bd0b0000e60c00003d0d00003f0d0000550d0000b7120000b81200004418000045180000
8b1d00008d1d0000e91f0000ff1f000052200000552000002d22000030220000332200003a2200009e220000ba220000
392300004423000032010000c10100006b02000009030000be060000ff06000016070000450700008d080000cd080000
fb080000130900008d0a0000940a0000da0a0000dd0a0000160b0000190b0000500b0000580b00009f0c0000160d0000
e50d0000e70d0000ba100000041100000611000043120000461200006c1300006f1300008e1300008f13000016140000
191400001c14000023140000fe1400002c1500002d150000401700004317000062170000631700006d1700006e170000
b11a0000f41a0000061c0000381c0000941c0000971c0000c81c0000c91c0000e11f00003e200000c3210000cb210000
1522000018220000592700005b2700006027000064270000a7280000a9280000ae280000b22800009c2900009f290000
a2290000a9290000bb290000be290000d3290000d6290000563b00005d3b0000a33b0000a63b0000e13b0000e43b0000
1c3c0000243c0000a33c0000273d00002a3d00002d3d0000343d0000243e0000253e00008b3e00008d3e0000923e0000
9e3e000066000000c40100008d06000002070000d2080000570a0000590a0000e90a0000ea0a0000e21f000021200000
3f210000c6210000ce210000fc210000ff2100002c3b0000b23b0000b33b0000623e00009a0300009f030000b0030000
d503000000040000020400001d0400006d0400007104000085040000a1040000a4040000f1040000f70400005a050000
66050000a1050000ed0500009a060000b0060000d6060000070700006b0700006f070000fb0700005b0900003f0c0000
470c0000850e0000d20e0000da0e0000f60e0000b3100000df1000009b120000c7120000d1180000d5180000111e0000
171e00007d20000089200000df200000e42000000b2100002c2100003321000052210000552100006421000070220000
77220000ce230000e22300002a2400003a2400000a250000112500003a2500003e250000532a0000582a00002a2b0000
302b00006f2c00009b2c0000fa2c00001a2d0000142f0000372f00000a300000233000003e3000007530000079300000
35320000383200004d320000503200008232000089320000b6320000ba320000a23300003b350000e838000064390000
93390000f43e0000023f0000e93f0000f03f0000714000007f4000006e410000734100003e000000bc0000001c010000
cc0100006a030000820300007a0500007d050000c2050000c3050000ed070000ee070000a20b0000a50b0000ba0b0000
bd0b0000f00c0000560d0000b7120000b8120000ec1f000000200000582000005f2000002d2200003022000033220000
3a220000a8220000bd2200003a2300004523000032010000c10100006b02000009030000420400008b040000dc040000
3b050000be060000ff06000016070000450700008d080000cd080000fb080000130900008d0a0000940a00009d0a0000
da0a0000dd0a0000e10a0000160b0000190b00001f0b0000500b0000580b0000630b00009f0c0000160d0000e50d0000
e70d00007c0e0000b80e0000960f00009b0f0000ba100000041100000611000043120000461200006c1300006f130000
751300008e1300008f1300009313000016140000191400001c140000231400002c1400002e140000fe1400002c150000
2d150000ba150000d6150000dc1500004017000043170000471700006217000063170000671700006d1700006e170000
70170000b11a0000f41a0000531b0000811b0000061c0000381c0000941c0000971c00009d1c0000c81c0000c91c0000
cb1c0000e11f00003e20000083200000d1200000c3210000cb210000d621000015220000182200001e22000059270000
5b270000602700006427000024280000292800002d28000033280000a7280000a9280000ae280000b22800009c290000
9f290000a2290000a9290000b2290000b4290000bb290000be290000c2290000d3290000d6290000dc2900006b360000
7c3600008a36000091360000f9360000003700002b37000032370000483700005137000057370000b6370000c6370000
ed3700000738000092380000993800009e380000a6380000563b00005d3b0000a33b0000a63b0000e13b0000e43b0000
1c3c0000243c0000a33c0000273d00002a3d00002d3d0000343d0000243e0000253e00008b3e00008d3e0000923e0000
9e3e000066000000c4010000d00300008f0400008d06000002070000d2080000570a0000590a00005a0a0000e90a0000
ea0a0000eb0a0000e21f00002120000086200000bc2000003f210000c6210000ce210000d7210000fc210000ff210000
032200005d36000080360000f0370000fe3700002c3b0000b23b0000b33b0000623e00002900000065000000b6010000
c30100008c06000001070000d1080000de1f00001f200000202000003e210000170000001d0000003b00000042000000
b4000000c7000000fa000000fb0000001b0100001e010000ac010000ae010000cb010000ce0100000002000004020000
9e020000a6020000670300006e0300007f03000088030000960300009e030000fd030000010400006904000070040000
a0040000a3040000f0040000f60400007a0500007d0500008105000092050000c2050000c3050000c5050000d2050000
ed070000ee070000f0070000f6070000670800007c080000a5080000d808000038090000400900004c090000a20b0000
a50b0000a90b0000ba0b0000bd0b0000c30b0000020c0000060c0000e60c0000fb0c00003d0d00003f0d0000550d0000
5a0d0000d10e0000d90e0000f81100001d1200007d120000b7120000b8120000bc120000be1200004418000045180000
d0180000d41800008b1d00008d1d0000101e0000161e0000e91f0000f21f0000ff1f0000042000005220000055200000
682000006a200000022100005f2100009621000099210000b2210000b92100002d22000030220000332200003a220000
432200004522000057220000592200009e220000b3220000ba220000c1220000392300003e2300004423000047230000
d7250000dc250000052600000b260000112a00001b2a0000112b0000152b0000602c0000802c00000b2f000045330000
1a350000fd350000113600004a36000052360000d5370000e0370000e7370000193800001e3800004b38000051380000
9a0300009f030000b0030000bc030000c0030000d503000000040000020400001d0400002e0400006d04000071040000
8104000085040000a1040000a4040000f1040000f704000002050000030500005a05000066050000a1050000ed050000
9a060000b0060000d6060000070700006b0700006f070000fb0700005b0900003f0c0000470c0000620e0000850e0000
d20e0000da0e0000e30e0000f60e0000b3100000df1000009b120000c7120000d1180000d5180000ea1d0000eb1d0000
111e0000171e0000181e00001a1e00007b2000007d2000008920000099200000d8200000da200000df200000e4200000
0b2100002c210000332100005221000055210000642100007022000077220000ce230000e22300002a2400003a240000
0a250000112500003a2500003e250000532a0000582a00002a2b0000302b00006f2c00009b2c0000fa2c00001a2d0000
142f0000372f00000a300000233000003e300000753000007930000085300000893000009f300000a8300000b7300000
b8300000413100005a3100001632000017320000243200002632000035320000383200004d320000503200005b320000
6432000070320000733200008232000089320000b6320000ba320000a23300003b350000e83800006439000093390000
353c0000383c0000563c0000583c0000633c0000663c0000703c0000713c0000823c0000843c0000603d0000683d0000
113e0000153e0000573e00005c3e0000f43e0000023f0000e93f0000f03f0000714000007f4000006e41000073410000
3e000000bc0000001c010000cc0100006a030000820300007a0500007d050000c2050000c3050000ed070000ee070000
4a0a00006c0a0000c10a0000e20a00003f0b0000470b0000a20b0000a50b0000ba0b0000bd0b0000f00c0000560d0000
b7120000b81200007e130000c21300002e1f0000331f00005c1f0000621f0000ec1f000000200000582000005f200000
d9210000ef21000020220000272200002d22000030220000332200003a220000a8220000bd2200003a23000045230000
9d000000a80000007c010000da0100002b0200002d0200008806000095060000c8060000000700003007000032070000
9a080000ce080000e7080000e90800003d0a00005e0a0000bc0a0000db0a0000030b0000070b0000dc0c0000530d0000
d51000001312000061130000ba13000013180000151800004d1800004e1800009c1900009d190000f9190000031a0000
2c1a0000301a00009f1e0000a01e0000fe1f0000172000003520000037200000c8210000df210000082200000a220000
170000001d0000003b000000610000006e000000b4000000fa000000fb0000001b0100003c010000ac010000ae010000
c2010000cb01000000020000040200009e020000a6020000bd020000bf020000670300007f0300007a0500007d050000
c2050000c30500008806000095060000c8060000000700003007000032070000ed070000ee0700009a080000ce080000
e7080000e90800003d0a00004a0a00005e0a00006c0a0000bc0a0000c10a0000db0a0000e20a0000030b0000070b0000
3f0b0000470b0000a20b0000a50b0000ba0b0000bd0b0000a40c0000e60c00003d0d00003f0d0000460d0000550d0000
d510000013120000b7120000b8120000611300007e130000ba130000c213000044180000451800009c1900009d190000
f9190000031a00002c1a0000301a00004e1d0000501d00008b1d00008d1d0000901d0000911d00009f1e0000a01e0000
2e1f0000331f00005c1f0000621f0000e61f0000e91f0000ff1f00000b200000492000004b2000005220000055200000
c8210000d9210000df210000ef210000082200000a22000020220000272200002d22000030220000332200003a220000
9e220000ba22000039230000442300001a3b0000233b0000853b00008a3b0000a43b0000ab3b0000cd3b0000d13b0000
0b3c0000133c0000bf3c0000c73c0000f53d0000f93d0000473e00004d3e0000e7030000240400006f0400007f040000
c6040000d7040000220500002f050000e80600000b07000022070000550700005d0e00009b0e0000ac0e0000760f0000
770f0000860f0000870f0000ab100000c71000001211000014110000ae150000c6150000ca150000521600005e160000
5f1600004e1b0000791b00007e1b0000f31b0000091c000077200000ce2000003021000049210000d5270000d6270000
df2700000028000001280000092800000c280000d3280000d5280000d7280000d928000037300000423000004a300000
5e30000092300000a6300000ad300000bb300000e530000007310000093100003b310000463100007131000073310000
9a310000a3310000a7310000c0310000d3310000e3310000573200006d320000fd320000fe3200000033000008330000
0a3300001433000018330000a9030000be0300007904000082040000aa0600000c07000078200000b2200000b4200000
3121000044210000193000004330000087300000a9300000413200005832000068320000a3000000dd0100008c060000
01070000d1080000fb1f0000282000003e2100009d000000a80000007c010000da0100002b0200002d02000096030000
9e030000fd030000010400006904000070040000a0040000a3040000f0040000f6040000a0050000ec05000088060000
9506000099060000ae060000c8060000d5060000000700000607000030070000320700006a0700006e070000fa070000
9a080000ce080000e7080000e90800005a0900003e0c0000460c0000dc0c0000530d0000d10e0000d90e0000af100000
d5100000de100000131200009a120000c612000013180000151800004d1800004e180000d0180000d41800009c190000
9d190000101e0000161e00009f1e0000a01e0000fe1f00001720000035200000372000000a2100002b21000032210000
4f21000051210000632100006f220000762200000625000010250000392500003d250000522a0000572a0000292b0000
2f2b00006e2c00009a2c0000132f000009300000223000003d300000743000007830000034320000373200004a320000
4c3200007e32000088320000b5320000b93200000704000051040000ea04000043050000a7090000370c0000580e0000
9c0e0000a40e0000b10e0000ce0e0000d30e0000e00e0000e40e0000290f00002b0f0000380f00003d0f000019100000
92100000cc100000d8100000e0100000f0100000ee120000ec15000017160000821600005e1b0000661b0000881b0000
981b0000cb1b0000fb1b0000191c0000e91d00008a2000009c2000000c21000070210000532400007a24000009250000
d3270000ea270000102800008b280000e0280000872b0000f12b0000722d0000f62d0000832e0000a62e0000152f0000
382f0000da2f0000f12f0000c6300000e8300000343100004f310000573100005b3100006531000092310000b1310000
bd310000cb310000dd310000e831000015320000813200001d33000042350000f6380000ac3900004f3c00006b3c0000
503d00005e3d0000693d0000823d0000853d0000e73d0000173e0000b03e0000d93e0000f5400000314100009c030000
bd030000c2030000df03000026040000990400009b040000c5040000cc040000d2040000db040000f7040000ff040000
010500006605000024060000a1060000d206000026070000610700006407000098070000470c0000800e0000730f0000
7b0f00006a10000094120000cc15000061160000d1180000491b0000521b0000bf1b0000f71b0000ea1d0000181e0000
df20000070220000c9230000ee2300000a2500003a250000d2270000e1270000e9270000f92700000f28000011280000
8a28000090280000de280000e12800004c2a0000602a0000ba2c00002a2d0000a52d0000232e00007b2e00009d2e0000
d92f0000df2f0000f02f000000300000113000001f3000006b3000006e3000008630000095300000b1300000b3300000
b6300000a9310000d7310000163200002432000082320000b63200001b3300001e3300007e3300005d390000373c0000
413c0000713c0000753c00007b3c00007c3c0000803c0000983d0000573e0000ae3e0000c73e0000023f0000e93f0000
5a4000005f4000007c00000011010000820200004e03000055030000b8050000160600007b070000e2090000520a0000
970a0000290b0000330b00003a0b0000890b0000900b0000ba0b00005a1000003e15000071170000c81a0000a71c0000
2e1f00005c1f00002d220000a82200003a230000b0270000b72700005a28000065280000de290000e52900005e000000
14010000340200005403000058030000cb030000de030000e103000034040000680400006b040000bf040000c1040000
fa0400000405000012050000180500006c050000bb050000bd050000da05000030060000630600006606000085060000
c20700001d0800004f0800005208000099080000cb0900003c0a0000440a00004f0a00009a0a0000bb0a00000c0b0000
390b00003d0b00008f0b0000930b0000ca0b00004f0c0000570c0000960c0000f30c00002e0d0000440d00007e0d0000
800d00006e0e0000730e0000970e0000a80e0000ed0e0000670f0000690f00006a0f00006f0f0000c60f0000cb0f0000
071000001a1000001b1000006010000065100000d31000005411000088120000cc120000ce120000f212000005130000
451300004e13000081130000a3130000b4130000b8130000dd130000df130000e1140000e814000041150000d4150000
9d16000074170000061800001e18000028180000641800009118000093180000da190000011a00000c1a00001a1a0000
3e1a0000431a0000451a0000601a0000621a0000761b0000771b0000e51b0000e31d00001b1e00002d1f00005f1f0000
de2100004822000064220000a72200003d230000dd230000f4230000ff23000062240000652400006a24000098240000
9b240000ba240000c5240000a0250000b6270000ba270000c7270000c9270000ce270000da270000fd27000021280000
602800006b2800007d28000093280000962800001d290000e4290000e82900002e2a0000312a0000682a0000702a0000
8e2a0000922b0000112c0000172c00001e2c0000482c0000882c0000e12c0000e42c0000312d0000732d0000a02d0000
fa2d0000932e0000e22e0000572f00005a2f0000792f0000842f0000cc2f0000e22f0000043000003233000065330000
6833000091330000b03300002b340000913400000a3500009a350000f835000058360000ed3600000e3700003e390000
193b0000843b0000b93c0000093f0000633f00006a3f00005540000059400000c64000000f4100001f4100002f410000
9e410000a54100001f0500002905000058060000b2150000561600007b1b0000801b00000b1c0000cb20000015210000
d62c0000382d00001e2f0000472f00009e310000e5310000883c00003d3e0000440600002115000053170000fb1a0000
6d1c0000ce1c0000bf000000e301000089050000b10900006f0a0000ec0a0000be000000e6010000a7030000b7030000
7704000078040000890400008e050000a7050000a90500003506000072060000ff070000b40900006e0a0000ef0a0000
1f18000050180000d11900000d1a0000321a0000ad200000fb2000001b210000f72300003d240000732a0000352b0000
752c0000f02c0000012d0000042f0000242f0000a63300007e400000654100009a030000bc030000d5030000f8030000
310400006d040000740400008104000083040000c5040000cc040000d2040000db040000f70400001f05000029050000
6605000024060000580600009a060000f4060000070700000f070000260700005b090000470c00004e0e0000730f0000
7b0f0000f10f00006a100000b2150000cc1500005616000061160000d1180000491b0000521b00007b1b0000801b0000
bf1b0000f71b00000b1c0000ea1d0000181e0000712000007d200000cb200000df200000002100001521000064210000
702200000a2500003a250000d2270000e1270000e9270000f92700000f280000112800008a28000090280000de280000
e1280000ba2c0000d62c00002a2d0000382d0000602d0000a52d0000df2d0000232e00007b2e00009d2e0000092f0000
1e2f0000312f0000472f0000d92f0000df2f0000f02f0000003000000a3000003e30000085300000a3300000a8300000
aa300000b13000009e310000a9310000d7310000e5310000163200002432000082320000b63200001b3300001e330000
3b350000e8380000383c00005e3c0000663c0000693c0000713c0000753c00007b3c0000883c0000983d00003d3e0000
573e0000ae3e0000c73e0000023f0000e93f00003e0000008c010000cc010000e4010000820200007d05000016060000
44060000ee0700006d090000b2090000e20900004a0a0000cd0a0000e20a0000ed0a0000290b0000ba0b00005a100000
211500003e1500005317000071170000c81a0000fb1a00006d1c0000a71c0000ce1c00002e1f00005c1f00002d220000
a82200003a230000b0270000b72700005a28000065280000de290000e529000068040000c8050000f005000030060000
6306000013090000500b0000ef0c0000590d0000520e0000d60e0000eb0e0000250f0000f70f00003a10000043100000
80110000bb1200007d130000c5130000fe14000055150000ba150000fc15000022160000491600001517000043170000
4717000080170000ed1700001e1800000c1a0000e81a0000f41a00000f1b0000641b0000811b0000b61b0000ce1b0000
061c0000761c0000c31c0000c91c0000cb1c0000da1c0000341d00000621000015220000f4230000dd240000f3240000
702a00009e2c0000e12c00008c2d0000e32d0000ac2e00000f2f00009c2f0000b22f00004634000048370000c6370000
1c3c0000253e00008a3f0000c63f0000554000005f000000c000000087010000c0010000320200003502000098030000
c9030000ce030000ec03000020040000770400008a040000170500001b0500006b0500006f0500008305000099050000
f2050000350600007206000086060000fe060000a007000068090000c9090000cc090000470a0000500a0000650a0000
700a0000c80a0000dc0a0000e00a00000a0b00000d0b0000550c00005a0c0000f30f00001f18000050180000d1190000
0d1a0000321a0000ad2000001b210000bf210000f72300003d24000097240000a7240000732a0000352b0000672c0000
a02c0000f02c00001d2d0000242f0000562f0000662f0000853300005b3600007b360000203b0000a53b0000073f0000
0c3f00007e40000065410000a10000002d020000780200008a060000bf0600001b0700002c0700002e070000e9080000
fc080000410a0000070b0000170b0000da0c0000f40d0000441200005f130000171400001118000017180000f7190000
071a0000be1a0000951c00009f1e0000352000000822000098270000a7270000b5280000b72800009d290000d4290000
2203000014090000510b0000071c00004320000016220000ad0000009606000003070000660a0000f61f0000c0210000
2e000000b701000031000000b5000000ba010000a7020000800300008d050000f3070000bb0b000046180000ea1f0000
532000002e220000a80000002d020000780200002203000088060000cc06000000070000040700001b070000e9080000
fc080000140900005e0a0000070b0000170b0000510b0000e00c0000f40d0000441200006d13000017140000be1a0000
071c0000951c00009f1e0000fa1f0000fe1f00003520000043200000c4210000c8210000082200001622000098270000
a7270000b5280000b72800009d290000d42900002000000021000000690000007a00000000010000ad01000007020000
09020000a702000080030000c6050000900600007c070000cb080000bb0b0000c50b0000cc0b0000e40c000046180000
dc1f0000532000002e2200009c220000d32200006f010000d90100007702000021030000a2030000b9030000e6030000
e8030000030400002c04000032040000a7040000ba040000eb040000ee0400004405000047050000a8060000be060000
de060000ec060000ff0600001607000035070000390700004507000073070000d80700008d080000cd080000fb080000
13090000db0900008d0a0000da0a0000160b0000500b0000380c00003c0c0000df0c0000280d0000f30d0000f60d0000
6b0e00009f0e0000be0e0000cf0e0000090f00000a0f00004b0f0000790f00008f0f0000b60f0000a1100000a7100000
ba100000c2100000dc10000004110000061100002c1100002e1100004e110000b51100004312000046120000b3120000
6c1300008e1300001614000019140000d2140000161500003a1500003c1500005b16000040170000621700006d170000
a8180000b3180000e6180000ef180000f0180000051900001119000055190000c21900008c1a0000921a0000bd1a0000
f81a0000a81b0000061c0000381c0000941c0000c81c00002a1d0000131e0000881e0000a21e0000f91f000042200000
94200000c42000003b2100007c210000c321000015220000cc230000f92300001a2400000e2500001925000027250000
4b2500005025000052250000972700009a2700009e270000a6270000d7270000e7270000132800003a280000a7280000
a9280000ae280000b2280000c3280000ce280000132900007d2900009c2900009f290000bb290000d3290000512a0000
de2a0000ed2a0000173000002c3000003b3000004e300000523000007d300000823000009d300000d6300000dc300000
ec300000253100002731000083310000f0310000ff3100005d3200008632000091320000a3320000c8320000ce320000
d0320000ec320000f83200008e330000273400005f340000b934000051350000e6350000183900007c390000ff390000
f33a0000da3e0000de3e00004b3f0000943f0000a43f0000b43f000084400000de400000e5400000a4000000de010000
ad030000d60300007d040000f8040000670500008d0600009d0600000207000008070000d20800005c090000570a0000
e90a0000480c0000d6180000fc1f0000292000007e200000e02000003f21000065210000c6210000fc21000071220000
1a2500003f2500000d3000003f30000092320000bb3200003c350000e9380000033f0000ea3f0000240000004e000000
b3010000b4010000d10100008d050000f3070000bb0b00001b2000002e220000e422000048230000170000001d000000
3b000000420000006e000000b4000000fa000000fb0000001b0100005e010000ac010000ae010000cb010000ce010000
000200000402000015020000210200009e020000a6020000670300007f0300009e03000009040000700400007b040000
a3040000c0040000ce040000130500007a0500007d05000081050000c2050000c3050000e00500000506000095060000
bc070000ed070000ee070000f00700000b080000670800009a080000d80800004c090000fc090000140a00003d0a0000
6c0a0000bc0a00009f0b0000a20b0000a50b0000ba0b0000bd0b0000c30b0000ec0b0000060c0000160c0000280c0000
a40c0000e60c00003d0d00003f0d0000460d0000550d0000680f0000d510000052110000b7120000b81200007e130000
c213000068140000dc140000ff17000044180000451800004a180000691900007c1b00008b1d00008d1d0000101e0000
911f0000a01f0000e91f0000ff1f000052200000552000005f21000084210000df2100002d2200003022000033220000
3a22000043220000572200009e220000b3220000ba220000e722000029230000392300003e2300004423000068230000
6a230000c92400006c2500007e250000d72500000526000036260000b8260000ef260000f926000000270000c8270000
e4270000052a0000232b00008e2c0000882f00001a350000303500006235000074350000fd350000193800004b380000
cd3800007d3a00001a3b0000853b0000c73c000024400000404000001a0000006300000079000000e200000033010000
f9010000fb0100004b020000530200005d02000070020000a6020000b9020000bb0200007f030000b805000016060000
8a060000bf0600001b0700002c0700002e0700007b070000e9080000fc080000e2090000410a0000520a0000970a0000
070b0000170b0000290b0000330b00003a0b0000890b0000900b0000ba0b0000e30c0000d90d0000dc0d00005a100000
441200005f130000171400002e1500007117000044180000f7190000071a0000a31a0000b61a0000951c0000a71c0000
4e1d0000901d00009f1e00002e1f00005c1f000052200000082200002d2200009b220000d22200002227000028270000
382700004327000067270000692700005a28000065280000b5280000b72800009d290000d4290000de290000e5290000
1d3b0000603b0000d13b0000e23b0000f43b0000ff3b0000063c0000283d0000473e00008c3e0000a83e0000ed020000
f90200004406000014090000510b00000315000053170000f01a0000f51a0000071c00006d1c0000ce1c000038200000
162200001d3c00002a3e00002b0000004a0000006f000000b0010000c5010000890500009606000003070000b1090000
660a00006f0a0000ec0a0000d01f0000c0210000313b0000b53b00001700000061000000b4000000f300000040010000
ac010000b1010000c2010000c60100004b020000530200005d02000070020000a6020000ed020000f90200007f030000
7d050000160600004406000088060000cc06000000070000040700001b070000ee070000e9080000fc08000014090000
6d090000b2090000e20900004a0a00005e0a0000cd0a0000e20a0000ed0a0000070b0000170b0000290b0000510b0000
ba0b00007f0c0000d90d0000dc0d00005a100000441200006d13000017140000031500002e1500005317000071170000
44180000a31a0000b61a0000f01a0000f51a0000071c00006d1c0000951c0000a71c0000ce1c00004e1d0000901d0000
9f1e00002e1f00005c1f0000d11f0000e91f00003820000052200000c4210000c821000008220000162200002d220000
2227000028270000382700004327000067270000692700005a28000065280000b5280000b72800009d290000d4290000
de290000e5290000233b0000963b0000ab3b0000b63b0000d13b0000e23b0000f43b00001d3c0000283d00002a3e0000
473e00008c3e0000a83e000073010000d90100000804000052040000eb040000220500002f0500004405000055070000
91080000cd080000a8090000a30a0000da0a0000380c0000a10d0000dc0e00002c0f00003e0f000097100000d4100000
d910000034120000ef120000ee130000641500008c150000f1150000521600007616000087160000e516000085170000
9b170000791b00008c1b0000fc1b0000091c00001e1c0000192000009d200000ce2000004921000071210000e1210000
542400007b24000019250000882b0000f22b00005e300000bb300000cb300000e930000097310000be310000c0310000
d03100006d3200009132000043350000f7380000ad390000da3e000005410000414100009f000000de010000a3030000
a4030000bf030000c3030000060400006e040000a6040000a8040000f80400006705000091060000a4060000a9060000
ab060000c2060000d70600000a0700004307000046070000710700007407000099070000d20800003f0a0000e90a0000
480c0000d60c0000810e00009512000053130000151500001b1500003f1700004f170000d61800002920000076200000
e02000002e2100003f210000fc21000071220000ca230000ef2300001a2500003f2500004d2a0000612a000014300000
1830000024300000413000007b3000007e300000883000005532000092320000bb3200007f3300005e390000033f0000
ea3f00008240000087400000150000008c0000009e000000e90000001f010000b3010000d7010000e0020000e7020000
8a03000091030000c6050000900600007c070000cb080000bb0b0000c50b0000cc0b00001b2000002e220000e4220000
482300001d0000003b0000006e0000009d000000ec000000fb0000001b01000022010000b9010000da010000e1010000
9a020000e6020000ea0200004b03000090030000940300009e03000009040000700400007b040000a3040000c0040000
ce040000130500007a050000a0050000c2050000c9050000470600007606000095060000ae060000320700006e070000
b2070000c7070000fa0700001e0800003408000050080000620800009a080000ce080000af0900003d0a00006c0a0000
bc0a0000860b0000cb0b0000cf0b0000500c0000a40c0000b70c00003d0d0000460d0000b20d0000210e0000680f0000
d510000089120000b8120000f3120000061300007e130000c213000050140000081500001e1500006e15000070150000
9a150000a5150000b1170000bc1700000b180000131800002a1800004d1800009f180000a11800009c1900006e1a0000
701a00007c1b0000101e0000ff1f00001e200000242000002b2100004f21000072210000df2100004922000065220000
e32200004b230000ab240000a5250000c8270000e42700002f2a0000412a0000522a0000692a00009c2a0000292b0000
122c0000492c0000532c00005a2c00006e2c0000f42c00006a2f000078300000343200004a3200003733000066330000
783300009f3500003f3900001a3b0000853b0000c73c00009f410000bb410000e7030000240400006f0400007f040000
c6040000d7040000220500002f050000e80600000b07000022070000550700005d0e0000770f0000870f0000ab100000
14110000ae150000ca150000521600005f1600004e1b0000791b00007e1b0000f31b0000091c000077200000ce200000
3021000049210000d6270000df27000001280000092800000c280000d5280000d7280000d92800003730000042300000
4a3000005e30000092300000a6300000ad300000bb300000093100003b310000733100009a310000a7310000c0310000
d3310000e3310000573200006d320000fe320000003300000a33000014330000183300003d3c0000613c0000733c0000
863c00009b3d0000383e0000b13e0000c13e0000b3200000b52000004521000042320000693200006a3e0000a9030000
be0300007904000082040000aa0600000c0700007820000031210000193000004330000087300000a930000058320000
3a3c0000683c0000a3000000dd0100008c060000d1080000560a0000e80a0000dc0100007b04000091040000a0040000
300700006a070000d0080000c2090000e50a0000151800004e1800009d190000031a0000301a0000161e000027210000
51210000e123000039240000572a00002f2b000074300000303200004c320000103900006e4000006a410000f1030000
290400006f0400007f040000220500002f050000ea0600000b070000550700005a0e0000770f0000870f0000a9100000
14110000ae150000ca150000521600005f160000791b00007e1b0000091c000077200000b3200000b5200000ce200000
302100004521000049210000d6270000df27000001280000092800000c280000d5280000d7280000d928000039300000
423000005e30000099300000a6300000bb3000000931000037310000733100009a310000a7310000c0310000e3310000
4232000057320000693200006d320000fe320000003300000a3300001433000018330000483c0000613c0000863c0000
9b3d0000383e00006a3e0000b13e0000c13e00009d000000a80000007c010000da0100002b0200002d02000096030000
9e030000af030000d4030000010400001c0400007004000084040000a0040000f0040000f60400005905000065050000
a0050000ec050000880600009506000099060000ae060000300700006a070000fa0700009a080000ce080000e7080000
e90800005a0900003d0a00005e0a0000bc0a0000db0a0000030b0000070b00003e0c0000460c0000af10000015180000
4e1800009d190000031a0000301a0000161e00002b21000051210000e1230000392400000625000010250000572a0000
2f2b00006e2c00009a2c0000f92c0000192d00000930000074300000343200004c3200007e32000088320000a1330000
e7380000f33e0000013f00006e4000006a410000a30000008c06000001070000560a0000fb1f0000c52100002b020000
73040000f004000059050000040700000e070000e7080000030b00003e0c0000d4180000a01e0000fa1f000037200000
70200000e3200000ff200000c42100000a22000076220000102500003d250000082f0000302f000088320000b9320000
f33e0000ef3f00002900000065000000b6010000c30100008c06000001070000d1080000560a0000e80a0000de1f0000
c52100002b3b0000b13b00009d000000a80000002b020000960300009e030000af030000d4030000fd03000069040000
a0040000a3040000f004000059050000a0050000880600009506000099060000ae060000c8060000d506000000070000
0607000030070000320700006a0700006e070000e70800005a0900003d0a00005e0a0000030b00003e0c0000dc0c0000
840e00009a120000611300001318000015180000d4180000f9190000031a0000a01e0000fe1f0000372000007c200000
e320000063210000c82100000a22000076220000cd230000e1230000102500003d250000522a0000572a00006e2c0000
f92c000009300000223000003d300000743000007830000088320000b93200003a350000e738000063390000f33e0000
ef3f00006e4000007c400000ae0e0000890f0000c8150000032800004831000076310000a53100000d330000463d0000
993d00009f3d0000af3e00002504000080040000d804000031050000af150000cb1500007f1b0000792000000a280000
0d28000094300000a7300000ae300000bd3000009b310000a8310000e4310000593200001533000019330000403c0000
623c0000643c0000763c0000873c00008b3c00009c3d00003a3e0000b23e0000c23e0000940a0000dd0a0000190b0000
580b0000431700006e170000c91c0000cb210000be290000d62900001104000049050000930a0000fc0a0000420e0000
880e0000a50e0000e60e0000af0f0000c00f000044130000641300009e130000b7130000d6130000da130000e3150000
6b170000191a00002e1a0000391a0000501a0000fd2300002e24000055240000802400003f280000cb2900000e2d0000
d32d0000f72d00004134000069390000da390000fa3a0000e13e0000433f00005b3f0000d3400000f24000002e410000
68410000b62000006a3200006b3e000000220000590a0000ea0a000094040000e60a0000041a0000311a0000e4230000
3b240000133900006f4000006b4100002a04000031050000af150000cb1500007f1b000079200000b62000000a280000
0d2800009a300000bd3000009b310000a8310000e4310000593200006a32000015330000193300004b3c0000623c0000
873c00008b3c00009c3d00003a3e00006b3e0000b23e0000c23e0000a60a0000580b0000431700006e170000c91c0000
cb21000000220000be290000d6290000fa0e0000bc1300002e1a00008d200000e7200000ea2100000d2200002e240000
3b2f000097390000f53f000068410000b2030000d90300001e040000860400005c05000068050000460a0000600a0000
c00a0000df0a0000040b0000080b0000041a0000311a0000e42300003b240000fc2c00001b2d0000a3330000ec380000
f63e0000043f00006f4000006b410000d901000021030000be060000ff0600001607000045070000cd08000013090000
da0a0000500b0000df0c0000f60d0000461200006c130000191400001615000040170000bd1a0000061c0000941c0000
f91f000042200000c3210000152200009a2700009e270000ae280000b22800009f290000bb2900002a20000040210000
fd210000a40000008d06000002070000570a0000fc1f0000c621000024000000b4010000b10100009e02000067030000
b2090000a20b000045180000d11f00005520000030220000d901000021030000c306000045070000cd08000013090000
da0a0000500b0000d70c0000f60d00004612000054130000191400001615000040170000061c00002a20000042200000
40210000fd210000152200009a2700009e270000ae280000b22800009f290000bb290000170000001d0000003b000000
b4000000fa000000ac01000000020000040200009e020000670300007a0500007d050000c3050000ee070000a20b0000
a50b0000bd0b0000e60c000045180000e91f000055200000302200009e220000ba220000e0030000e503000007040000
0e040000510400009a040000e8050000d306000063070000a7090000820e00009e0e0000bf0e0000ce0e0000050f0000
070f00004d0f0000740f00007c0f0000be0f00006b10000092100000b2100000c1100000d81000002511000029110000
98120000b5120000d7140000101600003616000062160000e2170000d2180000e2180000a71b0000291d00009c200000
e12000007021000074220000cb230000fa23000007240000262500003b250000462500005d250000d3270000ea270000
8b280000e0280000502a0000e02a0000e42a0000962c00000b2d0000a62d0000242e0000da2f0000f12f000020300000
6d300000c6300000db300000e83000001e31000022310000a2320000b7320000c3320000db32000042350000f6380000
613900007e390000583f0000773f0000b33f0000ed3f00005c400000be400000d640000074040000f10400005a050000
0f0700003f0c0000d518000071200000e42000000021000077220000112500003e250000092f0000312f000089320000
ba320000f43e0000f03f0000e4010000b2090000a20b000030220000bd220000452300008b010000c101000034020000
ed030000680400001205000018050000f3050000ff060000910800006c090000cb090000a30a0000dd0a0000960b0000
ca0b0000d90b00004f0c0000570c00009b0c0000450d0000690f0000f40f0000d410000057130000bf1300006a140000
de14000051180000d2190000771b0000931f0000971f0000ae2000001c210000c3210000e12100004822000064220000
a7220000ca220000232300003d2300006123000065230000982400009b240000c6240000a02500003d260000ba260000
d6260000d9260000f1260000c9270000da270000362b0000a12c0000252f0000572f00005a2f0000852f00009a350000
843a00006c3b0000a63b0000c43c0000254000003640000032010000c10100006b02000009030000be060000ff060000
1607000045070000cd08000013090000940a0000da0a0000dd0a0000190b0000500b0000580b0000461200006c130000
19140000fe1400002d15000040170000431700006e170000f41a0000061c0000941c0000c91c0000e11f0000c3210000
cb210000152200006027000064270000ae280000b22800009f290000bb290000be290000d62900005d3b0000a33b0000
a63b0000e43b00001c3c0000243c00002a3d0000253e00008d3e00009e3e00002220000040210000fd21000000220000
633e000066000000c40100008d06000002070000570a0000590a0000ea0a0000c62100002c3b0000b33b000037010000
09030000c306000045070000cd08000013090000a60a0000da0a0000500b0000580b0000461200005413000019140000
fe1400002d15000040170000431700006e170000f41a0000061c0000c91c0000e11f00002220000040210000cb210000
fd21000000220000152200006027000064270000ae280000b22800009f290000bb290000be290000d62900006f3b0000
a33b00001c3c0000243c00002a3d0000253e0000633e00008d3e00009e3e0000d30e0000db0e0000f70e0000e0100000
c8120000d2180000121e00008a200000e12000000c2100003421000054210000742200002b2400003b2500002b2b0000
152f0000382f0000393200004f320000b732000094390000ed3f0000704100009a0300009f030000b0030000d5030000
000400006d040000a1040000a4040000f10400005a050000a10500009a060000b0060000d6060000070700006b070000
6f0700005b0900003f0c0000850e00009b120000d51800007d200000e42000006421000077220000ce230000e2230000
112500003e250000532a0000582a00006f2c0000fa2c00000a300000233000003e300000753000007930000089320000
ba3200003b350000e838000064390000f43e0000f03f0000714000007f4000003e000000bc0000001c010000cc010000
6a030000820300007a0500007d050000c3050000ee070000a20b0000a50b0000bd0b000030220000bd22000045230000
19010000c101000077030000ed030000680400001205000018050000c00500003006000063060000ff06000091080000
82090000fb090000130a00001b0a0000a30a0000dd0a0000b20b00009b0c0000450d0000690f0000d410000070120000
f51200000813000057130000bf130000fa1700001e1800002918000049180000981800009c18000068190000671a0000
6b1a0000771b0000ae20000083210000c3210000e1210000402200004c2200004223000072260000c9270000da270000
f2290000f5290000702a0000992a00001e2b0000142c0000302c0000332c00004b2c0000e12c00002f350000b3380000
cc380000d438000041390000b93a00006c3b0000a63b0000c43c0000a0410000b1410000e0030000e503000007040000
0e04000027040000510400009a04000000050000e8050000d306000063070000a7090000580e0000610e0000820e0000
9e0e0000b00e0000bf0e0000ce0e0000e00e0000050f0000070f00004d0f0000590f00005a0f0000740f00007c0f0000
be0f00006b10000092100000b2100000c1100000d8100000251100002911000098120000b5120000d7140000cd150000
101600003616000062160000e2170000d2180000e2180000a71b0000291d0000001e0000191e0000311e00003b1e0000
9c200000e12000007021000074220000cb230000fa23000007240000262500003b250000462500005d250000d3270000
ea270000102800008b280000e0280000502a0000e02a0000e42a0000962c00000b2d0000a62d0000242e0000da2f0000
f12f0000203000006d30000096300000b5300000c6300000db300000e83000001e310000223100003431000040310000
4c310000573100006d3100006f310000aa3100001e32000025320000293200002d320000a2320000b7320000c3320000
db3200001d33000042350000f6380000613900007e3900003c3c0000423c00004f3c00007d3c00004c3d00005e3d0000
743d00008d3d0000933d00009a3d0000db3d00003e3e0000583e0000b03e0000583f0000773f0000b33f0000ed3f0000
5c400000be400000d64000007404000083040000f10400005a0500000f0700003f0c0000d5180000eb1d00001a1e0000
71200000e42000000021000077220000112500003e250000092f0000312f0000aa300000173200002632000089320000
ba320000693c0000703c00005c3e0000f43e0000f03f0000e4010000b2090000ed0a0000a20b0000331f0000621f0000
30220000bd220000452300008b010000c101000034020000ed03000021040000680400008b0400001205000018050000
6c050000f3050000ff060000910800006c090000cb090000a30a0000cc0a0000dd0a0000e10a00000c0b0000960b0000
ca0b0000d90b00004f0c0000570c00009b0c0000450d0000760e0000f30e0000690f0000f40f0000d410000057130000
5b130000bf130000c11300006a140000de14000051180000d2190000331a0000771b0000e31d0000f31d0000fe1d0000
1b1e0000491e00004f1e00002d1f0000381f0000571f00005f1f00006c1f00006e1f0000931f0000971f0000ae200000
1c210000c3210000e12100004822000064220000a7220000ca220000232300003d23000061230000652300003e240000
982400009b240000c6240000a02500003d260000ba260000d6260000d9260000f1260000c9270000da270000362b0000
a12c00001e2d0000e22e0000f12e0000252f0000572f00005a2f0000852f00000a3500009a3500007c360000f1360000
14370000593a0000843a00006c3b0000a63b0000c43c0000093f0000dc3f0000e43f0000254000003640000069410000
2b02000004070000e7080000030b0000a01e0000fa1f000037200000c42100000a220000b1010000c60100009e020000
6703000004070000e7080000b2090000ed0a0000030b0000a20b000045180000501d0000911d0000a01e0000331f0000
621f0000d11f000055200000c42100000a22000030220000b63b0000cd3b00004d3e0000d901000021030000f1030000
08040000290400006f0400009d040000a7040000aa040000ba0400000c060000c3060000d8060000ea0600000b070000
4507000073070000cd08000013090000db090000da0a0000500b0000d70c0000f60d0000830e0000d80e00000a0f0000
1c0f0000a9100000dd1000004612000099120000dc12000054130000191400001615000040170000d7180000061c0000
131e0000231e0000251e0000881e0000901e0000951e0000a21e0000b51e0000b71e00002a2000004220000077200000
95200000c4200000e2200000302100003d210000402100007c210000fd2100001522000075220000cc23000042240000
4a240000402500009a2700009e270000ae280000b22800009f290000bb290000512a00005a2b00005c2b0000ae2c0000
232d00002530000039300000423000007d30000099300000ed300000f0310000f9310000ff3100000f32000011320000
573200005f320000bc320000513500001839000062390000a1390000ee3f000084400000574100005f41000032010000
c10100006b02000009030000420400008b040000dc0400003b050000be060000ff0600001607000045070000cd080000
13090000940a00009d0a0000da0a0000dd0a0000e10a0000190b00001f0b0000500b0000580b0000630b000046120000
6c13000019140000fe1400002d150000ba150000dc1500004017000043170000471700006e17000070170000f41a0000
811b0000061c0000941c0000c91c0000cb1c0000e11f000083200000c3210000cb210000d62100001522000060270000
642700002d28000033280000ae280000b22800009f290000bb290000be290000c2290000d6290000dc2900006b360000
7c3600008a360000913600004837000057370000c6370000ed3700009e380000a63800005d3b0000a33b0000a63b0000
e43b00001c3c0000243c00002a3d0000253e00008d3e00009e3e000022200000bd20000040210000fd21000000220000
04220000ff370000633e000066000000c4010000d00300008f0400008d06000002070000570a0000590a00005a0a0000
ea0a0000eb0a0000c62100005d360000803600002c3b0000b33b00003701000009030000450400003b050000c3060000
45070000cd08000013090000a60a0000aa0a0000da0a0000500b0000580b0000630b0000461200005413000019140000
fe1400002d150000ba150000dc1500004017000043170000471700006e17000070170000f41a0000811b0000061c0000
c91c0000cb1c0000e11f00002220000083200000bd20000040210000cb210000d6210000fd2100000022000004220000
1522000060270000642700002d28000033280000ae280000b22800009f290000bb290000be290000c2290000d6290000
dc2900006f360000913600004837000057370000c6370000ed370000ff3700009e380000a63800006f3b0000a33b0000
1c3c0000243c00002a3d0000253e0000633e00008d3e00009e3e00002900000065000000b60100008c060000d1080000
de1f0000b1010000e80100009e020000670300007b040000a0040000dc080000b2090000b6090000a20b0000a90b0000
020c000045180000161e0000d11f000055200000f7200000302200004522000059220000c122000047230000dc250000
0b260000002f00001e38000051380000170000001d0000003b00000042000000b4000000c7000000fa0000001e010000
ac010000ce01000000020000040200009e020000670300006e03000088030000960300009e0300000104000070040000
a0040000f0040000f60400007a0500007d0500008105000092050000c3050000c5050000ee070000f007000067080000
7c080000a5080000d808000038090000400900004c090000a20b0000a50b0000a90b0000bd0b0000c30b0000020c0000
e60c00007d12000045180000161e0000e91f0000552000005f2100003022000045220000592200009e220000ba220000
c122000047230000dc2500000b260000112a00001b2a0000602c00001a350000fd350000113600004a36000052360000
1e38000051380000d30e0000db0e0000e40e0000f70e0000e0100000c8120000d2180000121e0000191e00008a200000
9a200000d9200000e12000000c2100003421000054210000742200002b2400003b2500002b2b0000152f0000382f0000
5b31000025320000393200004f3200006532000072320000b732000094390000613d0000693d0000123e0000583e0000
ed3f0000704100009a0300009f030000b0030000bc030000c0030000d5030000000400002e0400006d04000081040000
a1040000a4040000f104000002050000030500005a050000a10500009a060000b0060000d6060000070700006b070000
6f0700005b0900003f0c0000850e00009b120000d5180000eb1d00001a1e00007d200000e42000006421000077220000
ce230000e2230000112500003e250000532a0000582a00006f2c0000fa2c00000a300000233000003e30000075300000
7930000085300000893000009f300000a8300000b7300000b8300000173200002632000089320000ba3200003b350000
e838000064390000353c0000383c0000583c0000663c0000703c0000823c0000843c00005c3e0000f43e0000f03f0000
714000007f4000003e000000bc0000001c010000cc0100006a030000820300007a0500007d050000c3050000ee070000
4a0a00006c0a0000c10a0000e20a00003f0b0000470b0000a20b0000a50b0000bd0b0000331f0000621f000030220000
bd2200004523000019010000c101000077030000ed0300005d040000680400008b0400000a0500001205000018050000
c00500003006000063060000ff0600009108000082090000fb090000130a00001b0a0000a30a0000b60a0000dd0a0000
e10a0000440b0000b20b00009b0c0000450d0000760e0000f30e0000690f0000d410000070120000f512000008130000
571300005b130000bf130000c1130000fa1700001e1800002918000049180000981800009c18000068190000ff190000
0c1a0000231a00002f1a0000471a0000491a0000671a00006b1a0000771b00001f1e0000611f0000ae20000083210000
c3210000e1210000402200004c22000042230000d7230000f42300001e240000332400006e2400007424000072260000
c9270000da270000f2290000f5290000702a0000992a00001e2b0000142c0000302c0000332c00004b2c0000e12c0000
2f3500007c360000f136000014370000b3380000cc380000d43800000439000026390000413900006b3a0000b93a0000
6c3b0000a63b0000c43c00005540000076400000c8400000114100001b4100006d410000a0410000b14100009d000000
a80000002b0200008806000095060000c8060000000700003007000032070000e70800003d0a00005e0a0000030b0000
dc0c0000611300001318000015180000f9190000031a0000a01e0000fe1f000037200000c82100000a220000d9010000
21030000f1030000fa030000290400006f040000eb040000f40400004405000060050000c3060000ea060000f6060000
0b0700003d07000045070000cd08000013090000da0a0000500b0000380c0000430c0000d70c0000f60d00004a0e0000
d80e00004c0f0000b70f0000ef0f0000a9100000dd100000461200005413000019140000d41400001615000040170000
a3180000d3180000f0180000f2180000061900000e1900001d1900008e1a0000901a0000061c0000151e0000a41e0000
2a200000422000007720000095200000c1200000e520000011210000302100003d21000040210000fd21000015220000
792200000c25000019250000302500003c25000054250000562500009a2700009e270000ae280000b22800009f290000
bb2900005e2d0000db2d0000342e0000582e00001a2f0000432f0000393000004230000099300000ed30000057320000
5f3200008432000091320000ac320000b8320000d2320000d4320000da3e0000fb3e00004d3f0000963f0000a03f0000
f23f0000170000001d0000003b000000610000006e000000b4000000fa0000003c010000ac010000c201000000020000
040200009e020000bd020000bf020000670300007a0500007d050000c30500008806000095060000c806000000070000
3007000032070000ee070000e70800003d0a00004a0a00005e0a00006c0a0000c10a0000e20a0000030b00003f0b0000
470b0000a20b0000a50b0000bd0b0000e60c00006113000045180000f9190000031a0000501d0000911d0000a01e0000
331f0000621f0000e91f000055200000c82100000a220000302200009e220000ba2200001a3b0000233b00008a3b0000
ab3b0000cd3b00000b3c0000133c00004d3e0000e70300006f0400007f040000c6040000220500002f050000e8060000
0b07000022070000550700005d0e0000770f0000870f0000ab10000014110000ae150000521600005f1600004e1b0000
791b0000f31b0000091c000077200000ce2000003021000049210000d6270000df2700000128000009280000d5280000
d7280000d928000037300000423000004a3000005e300000a6300000bb300000093100003b310000733100009a310000
c0310000d3310000573200006d320000fe320000003300000a33000014330000b3200000b52000004521000042320000
69320000a9030000be03000079040000aa0600000c070000782000003121000019300000433000008730000058320000
a3000000dd0100008c060000d1080000dc0100007b040000a0040000300700006a070000d0080000c209000015180000
4e1800009d190000161e00002721000051210000572a00002f2b000074300000303200004c320000f10300006f040000
7f040000220500002f050000ea0600000b070000550700005a0e0000770f0000870f0000a910000014110000ae150000
521600005f160000791b0000091c0000b3200000b5200000ce200000302100004521000049210000d6270000df270000
0128000009280000d5280000d7280000d928000039300000423000005e300000a6300000bb3000000931000037310000
733100009a310000c031000042320000693200006d320000fe320000003300000a330000143300009d000000a8000000
7c010000da0100002b0200002d020000960300009e0300000104000070040000a0040000f0040000f6040000a0050000
ec050000880600009506000099060000ae060000300700006a070000fa0700009a080000ce080000e7080000e9080000
5a0900003e0c0000460c0000af100000151800004e1800009d190000161e00002b210000512100000625000010250000
572a00002f2b00006e2c00009a2c00000930000074300000343200004c3200007e32000088320000950a0000de0a0000
1a0b0000590b000070130000901300001d1400002414000044170000641700006f170000981c0000ca1c0000cc210000
19220000a3290000aa290000bf290000d7290000e3000000ab01000049020000e5020000050d0000d40d0000d70d0000
ef1a00001f270000212700002527000026000000b50100001c2000003f000000bd0000001d010000cd0100006b030000
830300007e050000c4050000ef070000a60b0000be0b0000f10c0000570d0000b9120000ed1f00000120000059200000
60200000342200003b220000a9220000be2200003b23000046230000950a0000de0a00001a0b0000590b000070130000
901300001d1400002414000044170000641700006f170000981c0000ca1c0000cc21000019220000a3290000aa290000
bf290000d72900005e3b0000a73b0000e53b0000253c0000a43c00002e3d0000353d0000263e00008e3e0000933e0000
a03e0000430400008c040000dd0400003c050000950a0000de0a00001a0b0000590b00007d0e0000b90e0000970f0000
9c0f000070130000901300001d14000024140000bb150000d7150000dd15000044170000641700006f170000541b0000
821b0000981c0000ca1c000084200000d2200000cc21000019220000252800002a2800002e28000034280000a3290000
aa290000bf290000d72900006c3600007d3600008b36000092360000fa360000013700002c3700003337000049370000
5237000058370000b7370000c7370000ee37000008380000933800009a3800009f380000a73800005e3b0000a73b0000
e53b0000253c0000a43c00002e3d0000353d0000263e00008e3e0000933e0000a03e000032010000c10100006b020000
09030000be060000ff06000016070000450700008d080000cd080000fb080000130900009f0c0000160d0000e50d0000
e70d0000ba10000004110000061100004312000046120000fe1400002c1500002d150000b11a0000f41a0000061c0000
381c0000e11f00003e200000592700005b2700006027000064270000a7280000a9280000ae280000b228000066000000
c40100008d06000002070000d2080000e21f0000212000003f2100003f000000bd0000001d010000cd0100006b030000
830300009a0300009f03000000040000020400006d04000071040000a1040000a4040000f1040000f70400007e050000
93050000c4050000d3050000ef070000f7070000680800007d080000a6080000d908000039090000410900004e090000
a60b0000be0b0000030c0000070c0000f10c0000570d0000d20e0000da0e0000f91100001e12000081120000b9120000
bf120000d1180000d5180000111e0000171e0000ed1f0000012000005920000060200000032100006021000097210000
9a210000b3210000ba210000342200003b2200005a2200005d220000a9220000be2200003b23000046230000d8250000
dd250000062600000c260000152a00001c2a0000122b0000162b0000612c0000812c00000c2f0000463300001b350000
fe350000123600004b36000053360000d6370000e1370000e83700001a3800001f3800004c380000523800003f000000
bd0000001d010000cd0100006b030000830300007e050000c4050000ef0700004b0a00006d0a0000c20a0000e30a0000
400b0000480b0000a60b0000be0b0000f10c0000570d0000b91200007f130000c31300002f1f0000341f00005d1f0000
631f0000ed1f0000012000005920000060200000da210000f02100002122000028220000342200003b220000a9220000
be2200003b23000046230000460a0000600a0000c00a0000df0a0000040b0000080b000065130000bb130000fd190000
041a00002d1a0000311a0000cf210000e62100000b2200000e220000170000001d000000fa000000fb000000ac010000
ae01000000020000040200009e020000a60200003d0d00003f0d000044180000451800008b1d00008d1d00003f000000
bd0000001d010000cd0100006b030000830300007e050000c4050000ef070000460a00004b0a0000600a00006d0a0000
c00a0000c20a0000df0a0000e30a0000040b0000080b0000400b0000480b0000a60b0000be0b0000f10c0000570d0000
b9120000651300007f130000bb130000c3130000fd190000041a00002d1a0000311a00002f1f0000341f00005d1f0000
631f0000ed1f0000012000005920000060200000cf210000da210000e6210000f02100000b2200000e22000021220000
28220000342200003b220000a9220000be2200003b230000462300001f3b0000243b0000893b00008b3b0000a83b0000
ac3b0000ce3b0000d23b00000c3c0000143c0000c03c0000c83c0000f63d0000fa3d0000483e00004e3e000025040000
80040000d8040000310500005e0e0000ad0e0000880f00008a0f0000af150000c7150000cb1500004f1b00007f1b0000
79200000cf20000002280000042800000a2800000d28000094300000a7300000ae300000bd3000003c31000047310000
74310000773100009b310000a4310000a8310000d4310000e4310000593200006e3200000b3300000e33000015330000
193300006f010000d90100007702000021030000be060000ff06000016070000450700008d080000cd080000fb080000
13090000df0c0000280d0000f30d0000f60d0000ba10000004110000061100004312000046120000161500003a150000
3c150000bd1a0000f81a0000061c0000381c0000f91f000042200000972700009a2700009e270000a6270000a7280000
a9280000ae280000b2280000a4000000de0100008d06000002070000d2080000fc1f0000292000003f2100009a030000
9f03000000040000020400006d04000071040000a1040000a4040000f1040000f7040000a1050000ed0500009a060000
b0060000d6060000070700006b0700006f070000fb0700005b0900003f0c0000470c0000d20e0000da0e0000b3100000
df1000009b120000c7120000d1180000d5180000111e0000171e00000b2100002c210000332100005221000055210000
6421000070220000772200000a250000112500003a2500003e250000532a0000582a00002a2b0000302b00006f2c0000
9b2c0000142f00000a300000233000003e300000753000007930000035320000383200004d3200005032000082320000
89320000b6320000ba320000580400004a050000a60e0000400f0000601b00008e2000009f2000005624000081240000
ee270000f82d0000a82e00003c2f0000f52f000046350000ff380000b0390000513c00006d3c0000513d00005f3d0000
6a3d0000833d0000863d0000e83d0000183e0000b53e0000e23e0000f6400000324100006b0900008e0b0000770c0000
300d00004b0d0000580d0000a60d00000610000074110000ba120000e01200004a130000a5130000b9130000c4130000
f81300009d15000093170000b4170000d31a0000381b0000b61c0000e01c0000fd1c00002c1f0000a6220000b5270000
5d280000e32900007d00000012010000830200004f03000056030000b9050000180600007d070000e3090000530a0000
980a00002a0b0000340b00003b0b00008a0b0000910b0000be0b00005c1000003f15000072170000c91a0000a81c0000
2f1f00005d1f000034220000a92200003b230000b1270000b82700005c28000067280000df290000e6290000cc030000
e2030000350400006c040000c2040000fb04000005050000190500006d050000dc05000067060000c307000053080000
450a0000bf0a0000580c00006f0e0000740e0000980e0000a90e0000ee0e00006b0f0000700f0000c70f0000cc0f0000
1c10000067100000551100008c1200000c13000046130000b5130000e2140000e9140000d51500009e160000781b0000
e71b0000e41d00001c1e0000e521000068220000de230000f52300000024000063240000662400006b2400009c240000
bc240000c7240000a1250000ca270000cf270000dc270000fe270000222800007f280000972800001e290000322a0000
712a00008f2a0000932b0000182c00001f2c00004c2c00008a2c0000e52c0000322d0000742d0000a22d0000fb2d0000
952e0000e32e00005b2f00007b2f0000862f0000ce2f0000e42f000005300000333300006933000092330000b1330000
2c340000923400000b3500009b350000f935000059360000ee3600000f370000453900001e3b0000883b0000ba3c0000
0a3f0000643f00006b3f00005e40000060400000c9400000124100002041000033410000a1410000a641000048060000
2215000054170000fc1a00006e1c0000cf1c00003f0000008d010000cd010000e5010000830200007e05000018060000
48060000ef0700006e090000b3090000e30900004b0a0000ce0a0000e30a0000ee0a00002a0b0000be0b00005c100000
221500003f1500005417000072170000c91a0000fc1a00006e1c0000a81c0000cf1c00002f1f00005d1f000034220000
a92200003b230000b1270000b82700005c28000067280000df290000e6290000ee0300006c040000f405000067060000
590b0000530e0000d70e0000ec0e0000270f0000f80f00004510000081110000bb150000fe150000241600004a160000
44170000ee170000651b0000821b0000b71b0000cf1b0000ca1c0000351d00000821000019220000f5230000df240000
f7240000712a0000a22c0000e52c00008e2d0000e42d0000ad2e0000112f00009e2f0000b62f00004734000049370000
c7370000253c0000263e00008b3f0000c73f00005e400000b30a0000fc0a00009e130000f4130000391a0000501a0000
b51c0000ea210000ee210000a8290000480a0000080b00001b0b0000621300001e140000fa190000081a0000991c0000
0b220000a4290000d82900001a000000e5000000040200004a02000057020000970200009a020000d50d00008b1d0000
202700002a2700005e0000003b010000500100003402000054030000580300003006000085060000c7060000ae070000
af0700001d080000cb0900008f0b0000930b0000ca0b0000bd0c00002e0d0000ee0d00002a0e000007100000a7110000
1212000059140000671400006a140000061800001e180000911800009c180000601a00006b1a0000391b0000fe1c0000
d11e00000820000032200000a72200000a230000232300007a270000b62700006b280000ef2800005a0b00001a220000
e6020000f11a00002f000000b8010000be000000840300008e050000f4070000bf0b0000ee1f00005a20000035220000
600a0000080b00001b0b00005a0b0000711300001e140000991c0000cd210000cf2100000b2200001a220000a4290000
d82900001d00000002010000ae010000b9010000040200004a02000057020000e6020000d50d0000f11a00008b1d0000
202700002a2700008b0100000903000054030000450700006c0900008f0b0000a70d000076110000e1120000c2170000
381c00000b1d0000112000003e2000007b230000b72300006a0000007e00000084030000c7050000910600007e070000
cc080000bf0b0000c60b0000cd0b0000eb0c0000df1f00005a20000035220000a3220000d7220000bb0300002d040000
33040000bc0400004b0500004d050000950a0000de0a00001a0b0000590b00006c0e0000c00e0000920f0000b80f0000
70130000901300001d1400002414000044170000641700006f170000a9180000b51800000719000012190000ab1b0000
981c0000ca1c000096200000c5200000cc21000019220000d3230000fb2300001d2400001628000041280000a3290000
aa290000bf290000d7290000843000009e30000060320000903300002834000063340000ba34000052350000ea350000
1a39000081390000013a0000fc3a0000e33e0000e53e00004e3f0000973f0000a53f0000b83f000085400000df400000
e64000009c000000e300000051010000ab01000049020000ae020000c6020000e50200008f0300003006000085060000
c7060000ae070000af0700001d080000cb0900008f0b0000930b0000ca0b0000c10c0000d30c0000050d00000f0d0000
520d0000d40d0000d70d0000380e00003b0e000007100000a71100001212000059140000671400006a14000035150000
601a00006b1a0000ef1a0000fe1c0000411d0000941d0000d11e0000b6220000e22200000e2300008823000098230000
9b2300001f270000212700002527000049270000872700006b280000ef280000260000004f000000b5010000d2010000
8e050000f4070000bf0b00001c20000035220000e5220000492300003f000000bd0000001d010000cd0100006b030000
830300009f0300000a040000710400007c040000a4040000c3040000cf0400001a0500007e050000c4050000e1050000
ef07000068080000d90800004e0900001d0a0000460a00006d0a0000c00a0000a60b0000be0b0000ed0b0000070c0000
1a0c0000290c0000f10c0000570d00006c0f000056110000b91200007f130000c3130000e31400007d1b0000111e0000
ed1f00000120000059200000602000006021000088210000e6210000342200003b2200005a220000a9220000be220000
3b23000046230000ca240000702500007f250000d8250000062600003f260000bf260000f3260000fa26000001270000
cb270000e5270000062a0000242b00008f2c0000892f00001b350000343500006635000075350000fe3500001a380000
4c380000d6380000863a00001f3b0000893b0000c83c000027400000414000008a010000530300006b090000b30a0000
fc0a00008e0b00000e0d0000a60d00000610000074110000ba120000e01200004a1300009e130000a5130000b9130000
c4130000f4130000f813000093170000b4170000391a0000501a0000d31a0000b51c0000b61c0000e01c0000fd1c0000
2c1f00000220000010200000ea210000ee2100007a230000b62300003b2700005d280000a8290000e32900007c3b0000
c63b0000aa3c0000be3c0000c93c0000013d0000053d0000cc3d0000033e0000913e00007d0000005f02000083030000
b9050000180600007d070000e3090000480a0000530a0000980a0000080b00001b0b00002a0b0000340b00003b0b0000
8a0b0000910b0000be0b0000ea0c0000de0d00005c100000621300001e14000072170000fa190000081a0000a51a0000
991c0000a81c00002f1f00005d1f0000592000000b22000034220000a2220000d62200003a270000452700005c280000
67280000a4290000d8290000df290000e6290000213b0000613b0000d23b0000e63b0000f53b0000003c0000073c0000
2f3d0000483e00008f3e0000a93e0000fd020000480600005a0b0000541700006e1c0000cf1c00003a2000001a220000
263c00002b3e0000bd0000005f020000fd020000830300007e0500001806000048060000ef0700006e090000b3090000
e30900004b0a0000600a0000ce0a0000e30a0000ee0a0000080b00001b0b00002a0b00005a0b0000be0b0000810c0000
de0d00005c100000711300001e1400005417000072170000a51a00006e1c0000991c0000a81c0000cf1c00002f1f0000
5d1f0000d51f0000ed1f00003a20000059200000cd210000cf2100000b2200001a220000342200003a27000045270000
5c28000067280000a4290000d8290000df290000e6290000243b0000973b0000ac3b0000b73b0000d23b0000e63b0000
f53b0000263c00002f3d00002b3e0000483e00008f3e0000a93e000059040000310500004b050000a70a0000de0a0000
410f0000f0130000871700009f170000a0200000cf200000ec2100005724000082240000bd3000006e32000047350000
00390000b1390000e33e00000641000042410000eb000000ab010000450700006c0900008f0b0000850c00003e0d0000
4d0d00008b0d000076110000e1120000161500005b1500007f150000ab150000c2170000d51a0000f81a0000461b0000
381c00000b1d0000e2220000190000008d0000009f000000ea00000020010000b5010000d8010000e1020000e8020000
8b03000092030000c7050000910600007e070000cc080000bf0b0000c60b0000cd0b00001c20000035220000e5220000
492300003f0000001d010000e5010000560300009f0300000a040000710400007c040000a4040000c3040000cf040000
1a0500007e050000a1050000c40500004806000077060000b00600006f070000b3070000c8070000fb07000035080000
5408000063080000b3090000460a00006d0a0000c00a0000910b0000590c0000b90c0000230e00006c0f00008d120000
b91200000d1300007f130000c3130000521400000a150000221500009c150000a7150000b3170000be1700007d1b0000
111e000001200000262000002c2100005221000073210000e621000069220000ac240000a6250000cb270000e5270000
332a0000422a0000532a0000722a00009d2a00002a2b0000192c00004d2c0000542c00005b2c00006f2c0000f52c0000
6b2f000079300000353200004d320000383300006a33000079330000a0350000463900001f3b0000893b0000c83c0000
a2410000bc410000ae0e0000890f0000c8150000032800004831000076310000a53100000d330000463d0000993d0000
9f3d0000af3e000080040000310500005e0e00008a0f0000af1500004f1b000079200000cf200000042800000a280000
a7300000bd3000003c310000773100009b310000d4310000593200006e3200000e330000153300003e3c0000623c0000
643c0000743c0000873c00008b3c0000a23d0000393e0000b63e0000c23e00006f010000d90100007702000021030000
ff060000450700008d080000cd080000fb080000130900008d0a0000da0a0000160b0000500b00000611000016150000
3c150000401700006d170000f81a0000381c0000c81c0000f91f0000c32100009e270000a6270000a9280000ae280000
bb290000d3290000e0030000e5030000f70300000e040000ea04000043050000e8050000d3060000f3060000370c0000
3f0e0000820e00009c0e0000a40e0000d00e0000e50e0000070f0000490f00004d0f00006e0f0000ac0f0000be0f0000
ec0f000019100000b2100000cc1000000b110000291100007d11000098120000cf140000d7140000e0150000ec150000
8216000011170000881b0000191c0000121e00003821000054210000fa2300002b240000532400007a24000009250000
262500002b250000cd27000039280000be2800007c290000e02a00002b2b0000872b0000f12b0000962c00000b2d0000
5b2d0000722d0000d02d0000f62d000020300000003100002231000092310000cb3100003d3200004f32000081320000
a2320000a7320000e73200004034000061390000d7390000f23a0000d93e0000403f0000583f0000d6400000f5400000
3141000070410000b62000006a3200006b3e00002a20000040210000fd210000a4000000de0100008d060000d2080000
570a0000e90a00007c04000092040000a10400006b070000c3090000171e00002821000055210000e22300003a240000
582a0000302b000075300000313200005032000011390000714000007341000080040000310500005b0e00008a0f0000
af150000b6200000cf200000042800000a280000a7300000bd30000038310000773100009b3100006a3200006e320000
0e33000015330000493c0000643c0000873c00008b3c0000a23d0000393e00006b3e0000b63e0000c23e000073010000
21030000ff060000450700009108000013090000a30a0000500b000006110000161500003c150000401700006d170000
f81a0000381c0000c81c0000f91f00002a20000040210000c3210000fd2100009e270000a6270000a9280000ae280000
bb290000d3290000d30e0000db0e0000f70e0000e0100000c8120000d2180000121e00008a200000e12000000c210000
3421000054210000742200002b2400003b2500002b2b0000152f0000382f0000393200004f320000b732000094390000
ed3f0000704100009a0300009f030000b0030000d5030000020400001d0400007104000085040000a1040000f1040000
f70400005a05000066050000a1050000ed0500009a060000b00600006b070000fb0700005b0900003f0c0000470c0000
b3100000171e00002c21000055210000e22300003a2400000a25000011250000582a0000302b00006f2c00009b2c0000
fa2c00001a2d00000a3000007530000035320000503200008232000089320000a2330000e8380000f43e0000023f0000
7140000073410000dd0a0000580b00006f1300002314000043170000971c0000cb21000018220000a9290000be290000
00220000590a0000ce21000024000000b30100006a030000af090000a50b0000d41f00005f2000003a220000dd0a0000
580b00005713000023140000431700000022000018220000a9290000be2900003e000000bc0000006a0300007a050000
7d050000c2050000ed070000a20b0000a50b0000ba0b0000f00c0000ec1f00005f2000003a220000a8220000bd220000
1104000057040000930a0000b30a0000880e0000c20e00007f0f0000c00f00006413000098130000da13000022140000
391600007b170000fc190000191a00001e1a0000a91b0000d51c00009e200000e7200000ee2100000d220000d1230000
fd2300000a240000ed270000a82900000e2d0000272e0000f42f000045350000fe38000069390000853900005b3f0000
7a3f0000b63f0000f53f000054400000bb400000d34000005c050000040b000073200000ea200000cd2100000e220000
332f0000f63e0000f83f0000b9010000e101000000020000af090000a50b00008d1d00003a220000ba22000044230000
3701000010020000340200006b0400001205000018050000c8050000f005000000060000c3060000cd080000cb090000
a60a0000da0a0000ca0b0000dc0b00004f0c0000570c0000ef0c0000800d00006f0f0000f70f000014120000ce120000
54130000be130000e8140000761b0000d11e0000971f00009f1f0000e11f00000a200000322000005e200000ae200000
1f210000cb210000eb2100003922000067220000a72200005c23000061230000982400009b240000c52400009f250000
35260000c4260000d6260000d9260000ee260000ce270000da270000332b00009e2c0000282f0000572f00005a2f0000
842f0000993500007c3a00006f3b0000a33b0000c33c00002a40000036400000c101000009030000ff06000045070000
8d080000cd080000fb080000130900008d0a0000da0a0000dd0a0000160b0000500b0000580b00009f0c0000e70d0000
061100006f13000023140000fe14000040170000431700006d170000b11a0000381c0000971c0000c81c0000e11f0000
3e200000c3210000cb210000182200005b27000060270000a9280000ae280000a9290000bb290000be290000d3290000
563b0000a33b0000a63b0000e13b00001c3c0000243c0000343d0000243e0000923e00009e3e00002220000040210000
fd21000000220000633e0000660000008d060000d2080000570a0000590a0000e90a0000e21f0000ce2100002c3b0000
b23b0000c101000009030000ff060000450700009108000013090000a30a0000dd0a0000500b0000580b00009b0c0000
e70d0000061100005713000023140000fe14000040170000431700006d170000381c0000c81c0000222000003e200000
40210000c3210000fd21000000220000182200005b27000060270000a9280000ae280000a9290000bb290000be290000
d32900006c3b0000a63b00001c3c0000243c0000343d0000243e0000633e0000923e00009e3e0000fa0e0000bc130000
2e1a00008d200000e7200000ea2100000d2200002e2400003b2f000097390000f53f000068410000b2030000d9030000
5c050000460a0000600a0000040b00008b0e000065130000fd190000041a00007f200000ea200000cf2100000e220000
d4230000e4230000fc2c00003d350000ec3800006c390000f63e0000f83f00006f4000007d400000170000001d000000
3b000000b4000000fb0000001b010000ae010000cb010000000200009e020000a6020000670300007f0300007a050000
7d050000c2050000ed070000a20b0000a50b0000ba0b00008d1d00003a220000ba220000442300003701000054030000
770300006b040000120500001805000066060000c3060000cd080000730900007f090000fb090000130a00001b0a0000
a60a0000da0a00008f0b0000b20b00007d0c00002c0e00006f0f000014120000731200001213000054130000be130000
5b140000fa1700009318000098180000621a0000671a0000761b0000061f0000e11f00000a2000002e20000062200000
ae20000086210000cb210000eb2100003d2200004f2200006f260000ce270000da270000f2290000f5290000682a0000
982a00001d2b00001e2c0000302c0000332c0000482c0000e42c000032350000b0380000cc380000d43800004b390000
b63a00006f3b0000a33b0000c33c0000a5410000b1410000483d0000a03d0000b43e0000911300002114000065170000
a7290000120400004a050000430e0000890e0000a60e0000e70e0000b00f0000c10f0000e4150000fe2300002f240000
5624000081240000402800000f2d0000d42d0000f82d0000423400006a390000db390000fb3a0000e23e0000443f0000
5c3f0000d7400000f6400000324100007141000001220000a70a0000590b0000441700006f170000ca1c0000cc210000
01220000bf290000d7290000fb0e00008e200000e82000002f2400003c2f000098390000f63f00007141000091130000
2114000065170000a7290000130100008a010000ba0500006b0900008e0b0000ee0c0000300d0000df0d0000320e0000
061000005d1000007411000053140000611400009d150000b4170000381b0000fd1c0000102000005d20000038220000
a62200000c230000142300003b2700005d280000012200001d2000006b030000b3090000a60b0000d51f000060200000
3b220000de0a0000590b00005813000024140000441700000122000019220000aa290000bf290000eb000000ab010000
e5020000d70d0000ef1a00001d2000002127000025270000580d0000ba120000022000005d200000382200003c230000
1204000058040000890e0000c30e0000800f0000c10f00003a160000aa1b00009f200000e8200000d2230000fe230000
0b240000ee2700000f2d0000282e0000f52f000046350000ff3800006a390000863900005c3f00007b3f0000b73f0000
f63f00005d400000bf400000d74000001301000053030000ba0500006b0900008e0b0000770c0000ee0c00000e0d0000
4b0d0000240e0000320e0000061000005d10000074110000531400006114000040150000b4170000fd1c000038220000
0c2300003c2300007a230000b6230000b52700005d280000e5010000b3090000a60b00003b220000be22000046230000
ee0300006c04000019050000f4050000a70a0000de0a0000dd0b0000580c0000700f0000f80f000058130000c0130000
e9140000781b0000b020000020210000cc210000ec210000682200009c240000c7240000a12500003e260000c5260000
da260000f2260000cf270000dc270000372b0000a22c0000292f00005b2f0000862f00009b350000853a0000703b0000
a73b0000c53c00002b40000038400000911300002114000065170000a7290000a53c0000323d0000903e000001220000
653e0000a70a0000de0a0000590b00005813000024140000441700006f170000ca1c0000cc2100000122000019220000
aa290000bf290000d7290000703b0000a73b0000253c0000353d0000263e0000653e0000933e0000a03e0000fb0e0000
8e200000e82000002f2400003c2f000098390000f63f000071410000580d0000ba120000022000005d20000038220000
3c230000ee0300006c0400001905000067060000830900001c0a0000a70a0000de0a0000700f00007412000013130000
58130000c0130000781b0000b020000087210000cc210000ec2100005022000073260000cf270000dc270000f6290000
712a00009a2a00001f2b00001f2c0000342c00004c2c0000e52c000033350000b4380000d53800004c390000ba3a0000
703b0000a73b0000c53c0000a6410000b34100001204000058040000890e0000c30e0000800f0000c10f00003a160000
aa1b00009f200000e8200000d2230000fe2300000b240000ee2700000f2d0000282e0000f52f000046350000ff380000
6a390000863900003f3c0000433c0000513c00007e3c00004d3d00005f3d0000753d00008e3d0000943d0000a13d0000
dc3d00003f3e0000593e0000b53e00005c3f00007b3f0000b73f0000f63f00005d400000bf400000d740000013010000
53030000ba0500006b090000990a0000380b00008e0b0000770c0000ee0c00000e0d00004b0d0000240e0000320e0000
061000005d100000741100004a1300007c1300009f130000b91300000a14000012140000531400006114000040150000
73170000b4170000fd1c00004a1f00005e1f0000741f0000801f0000382200000c2300003c2300007a230000b6230000
b52700005d280000e3290000e5010000b3090000ee0a0000a60b0000341f0000631f00003b220000be22000046230000
ee030000220400006c0400008c040000190500006d050000f4050000a70a0000de0a0000dd0b0000580c0000770e0000
f40e0000700f0000f80f000058130000c0130000e9140000781b0000e41d0000f41d0000ff1d00001c1e00004a1e0000
501e0000b020000020210000cc210000ec210000682200003f2400009c240000c7240000a12500003e260000c5260000
da260000f2260000cf270000dc270000372b0000a22c00001f2d0000e32e0000f22e0000292f00005b2f0000862f0000
0b3500009b3500007d360000f2360000153700005a3a0000853a0000703b0000a73b0000c53c00000a3f0000dd3f0000
e53f00002b4000003840000072410000930a0000b30a00006413000098130000da130000221400007b170000fc190000
191a00001e1a0000d51c0000ee2100000d220000a8290000040b0000cd2100000e220000b9010000000200008d1d0000
370100001002000034020000c805000000060000c3060000cd080000cb090000ca0b0000ef0c0000800d000014120000
ce120000d11e0000971f00009f1f0000e11f00000a200000322000005e20000039220000a72200005c23000061230000
130100008a010000ba0500006b090000930a0000990a0000b30a0000380b00008e0b0000ee0c0000300d0000df0d0000
320e0000061000005d100000741100004a130000641300007c130000981300009f130000b9130000da1300000a140000
121400002214000053140000611400009d150000731700007b170000b4170000fc190000191a00001e1a0000381b0000
d51c0000fd1c00004a1f00005e1f0000741f0000801f0000102000005d200000ee2100000d22000038220000a6220000
0c230000142300003b2700005d280000a8290000e32900005c3b0000623b00007c3b0000043c0000a83c0000be3c0000
e33c00001b3d0000233d0000333d0000b43d0000323e0000493e0000913e00006b030000b3090000ee0a0000040b0000
a60b0000341f0000631f0000d51f000060200000cd2100000e2200003b220000b73b0000ce3b00004e3e00002a040000
ab040000bc040000de0a0000590b00008a0e00001f0f00005813000024140000441700007920000098200000c5200000
e92000000122000019220000d3230000452400004b240000aa290000bf290000242d00009a3000005932000063320000
523500001a3900006b390000a5390000f73f0000854000005841000060410000eb00000021010000ab010000d9010000
e50200008f030000c805000000060000c3060000cd080000cb090000ca0b0000d70c0000540d0000d70d000014120000
ce120000ef1a0000411d0000651d0000711d0000941d0000d81d0000e01d0000d11e0000971f00009f1f00001d200000
392200004a2300002127000025270000ba0e0000990f00009113000021140000d81500006517000027280000a7290000
02370000303700005337000097380000a53c0000323d0000903e0000430400008c040000dd0400003c050000950a0000
de0a00001a0b0000590b00007013000024140000bb150000dd150000441700006f170000821b0000981c0000ca1c0000
84200000cc210000192200002e28000034280000aa290000bf290000d72900006c3600007d3600008b36000092360000
4937000058370000c7370000ee3700009f380000a73800005e3b0000a73b0000e53b0000253c0000353d0000263e0000
933e0000a03e0000be2000000122000000380000653e0000460400003c050000a70a0000de0a0000590b000058130000
24140000bb150000dd150000441700006f170000821b0000ca1c000084200000be200000cc2100000122000019220000
2e28000034280000aa290000bf290000d729000070360000923600004937000058370000c7370000ee37000000380000
9f380000a7380000703b0000a73b0000253c0000353d0000263e0000653e0000933e0000a03e0000c101000009030000
ff060000450700008d080000cd080000fb080000130900009f0c0000e70d000006110000fe140000b11a0000381c0000
e11f00003e2000005b27000060270000a9280000ae2800002220000040210000660000008d060000d2080000e21f0000
c101000009030000ff0600004507000091080000130900009b0c0000e70d000006110000fe140000381c000022200000
3e200000402100005b27000060270000a9280000ae280000130100008a010000e0030000e5030000f7030000ea040000
ba050000d0050000a1080000310900006b0900008f0900008e0b0000ee0c0000300d0000df0d0000320e00009c0e0000
d00e0000070f0000490f00004d0f00006e0f0000061000005d1000006310000074110000d6110000f611000001120000
1b120000641200006c12000080120000a812000053140000611400009f1400009d150000ec150000d9160000b4170000
ca170000381b0000881b0000fd1c00001e1d0000121e0000102000005d2000006c210000382200005c220000a6220000
0c23000014230000f3250000072600001d260000292600003b270000cd2700005d280000732800004c290000142a0000
ab2a0000b02a00007e2c00009e2d0000c22f0000233500000d360000433600009c360000a7360000d8360000e0360000
393800004d38000065380000713800006b0300007c040000a1040000dd080000b3090000a60b0000030c0000171e0000
d51f000060200000f82000003b2200005d220000dd2500000c260000012f00001f38000052380000580d0000d30e0000
db0e00001f120000ba120000c0120000d2180000121e0000022000005d200000042100009b210000b721000038220000
5c2200003c23000007260000132b00000d2f0000d7370000e53700004d3800003f000000bd0000006b0300009a030000
9f0300000204000071040000a1040000f1040000f70400007e05000093050000c4050000ef070000680800007d080000
a6080000d908000039090000410900004e090000a60b0000be0b0000030c0000f10c000081120000171e0000ed1f0000
60200000602100003b2200005d220000a9220000be220000dd2500000c260000152a00001c2a0000612c00001b350000
fe350000123600004b360000533600001f38000052380000fb0e00008e200000e82000002f2400003c2f000098390000
623d00006a3d0000133e0000593e0000f63f000071410000580d0000ba120000c41300005e1f0000022000005d200000
f121000025220000382200003c2300003f000000bd0000001d010000cd0100006b030000830300007e050000c4050000
ef0700004b0a00006d0a0000c20a0000e30a0000400b0000480b0000a60b0000be0b0000341f0000631f00003b220000
be22000046230000ee0300005e0400006c0400008c0400000b0500001905000067060000830900001c0a0000a70a0000
de0a0000770e0000f40e0000700f0000741200001313000058130000c0130000781b0000201e0000b020000087210000
cc210000ec21000050220000d8230000f52300001f240000342400006f2400007524000073260000cf270000dc270000
f6290000712a00009a2a00001f2b00001f2c0000342c00004c2c0000e52c0000333500007d360000f236000015370000
b4380000d538000005390000273900004c3900006c3a0000ba3a0000703b0000a73b0000c53c00005e40000078400000
cc400000154100001c41000074410000a6410000b3410000bc1300002e1a0000ea2100000d220000460a0000600a0000
040b000065130000fd190000041a0000cf2100000e220000170000001d000000fb000000ae010000000200009e020000
a60200008d1d0000370100005403000077030000c3060000cd08000073090000fb0900008f0b0000b20b00007d0c0000
2c0e0000141200005b140000fa1700009318000098180000621a0000671a0000061f0000e11f00000a2000002e200000
622000003d2200002a0400004b05000062050000de0a0000590b00004b0e0000ba0f0000581300002414000044170000
a4180000091900000f1900007920000098200000c2200000eb2000000122000019220000aa290000bf290000dc2d0000
592e0000442f00009a3000005932000063320000e33e0000fd3e0000513f00009a3f0000a13f0000f93f0000eb000000
92010000ab010000d9010000d2020000e5020000c3060000cd08000073090000fb0900008f0b0000b20b0000d70c0000
540d0000d70d0000141200005b140000621a0000671a0000ef1a0000981d0000061f00001d2000003d220000ae220000
e2220000242300003f2300009f230000a72300002127000025270000580d0000ba120000bc130000c41300002e1a0000
5e1f0000022000005d200000ea210000f12100000d22000025220000382200003c230000c13c0000c93c0000f73d0000
493e00003f000000bd0000006b0300007e050000c4050000ef070000460a00004b0a0000600a00006d0a0000c20a0000
e30a0000040b0000400b0000480b0000a60b0000be0b0000f10c000065130000fd190000041a0000341f0000631f0000
ed1f000060200000cf2100000e2200003b220000a9220000be2200001f3b0000243b00008b3b0000ac3b0000ce3b0000
0c3c0000143c00004e3e0000ae0e0000890f0000c8150000032800004831000076310000a53100000d33000080040000
310500005e0e00008a0f0000af1500004f1b000079200000cf200000042800000a280000a7300000bd3000003c310000
773100009b310000d4310000593200006e3200000e330000153300006f010000d90100007702000021030000ff060000
450700008d080000cd080000fb0800001309000006110000161500003c150000f81a0000381c0000f91f00009e270000
a6270000a9280000ae280000e0030000e5030000f7030000ea040000e8050000d3060000f3060000370c00009c0e0000
d00e0000070f0000490f00004d0f00006e0f0000ec0f000019100000b2100000cc1000000b110000291100007d110000
98120000cf140000d7140000ec1500008216000011170000881b0000191c0000121e0000382100005421000009250000
262500002b250000cd270000be2800007c290000e02a00002b2b0000872b0000f12b0000962c00005b2d0000722d0000
20300000003100002231000092310000cb3100003d3200004f32000081320000a2320000a7320000e7320000b6200000
6a3200002a20000040210000a4000000de0100008d060000d20800007c040000a10400006b070000c3090000171e0000
2821000055210000582a0000302b000075300000313200005032000080040000310500005b0e00008a0f0000af150000
b6200000cf200000042800000a280000a7300000bd30000038310000773100009b3100006a3200006e3200000e330000
153300007301000021030000ff06000045070000910800001309000006110000161500003c150000f81a0000381c0000
f91f00002a200000402100009e270000a6270000a9280000ae280000d30e0000db0e0000e0100000c8120000d2180000
121e00000c2100003421000054210000742200003b2500002b2b0000152f0000393200004f320000b73200009a030000
9f0300000204000071040000a1040000f1040000f7040000a1050000ed0500009a060000b00600006b070000fb070000
5b0900003f0c0000470c0000b3100000171e00002c210000552100000a25000011250000582a0000302b00006f2c0000
9b2c00000a3000007530000035320000503200008232000089320000cc030000e203000017040000350400004c040000
6c040000c2040000fb04000005050000190500006d050000dc05000067060000c307000053080000450a0000bf0a0000
580c00006f0e0000740e0000950e0000980e0000a90e0000ee0e0000600f00006b0f0000700f0000850f0000c70f0000
cc0f00001c10000067100000551100008c1200000c13000046130000b5130000e2140000e9140000d51500009e160000
781b0000961b0000e71b0000e41d0000f91d0000ff1d00001c1e0000a5200000f4200000e521000068220000de230000
f52300000024000063240000662400006b240000752400009c240000bc240000c7240000a1250000ca270000cf270000
dc270000f3270000fe270000222800007f280000972800001e290000322a0000712a00008f2a0000932b0000182c0000
1f2c00004c2c00008a2c0000e52c0000142d0000322d0000742d0000a22d0000fb2d00002d2e0000952e0000b42e0000
e32e0000ec2e0000f22e00005b2f00007b2f0000862f0000ce2f0000e42f0000fa2f0000053000003333000069330000
92330000b13300002c340000923400000b3500009b350000f93500005936000078360000ee3600000f370000f4370000
4539000078390000b83900001e3b0000883b0000393c0000443c0000463c0000593c0000723c00007f3c0000813c0000
ba3c0000523d00005c3d0000773d0000793d0000903d0000ad3d00001b3e00001c3e00001e3e00005a3e0000bf3e0000
c83e00000a3f0000643f00006b3f0000044000005e40000060400000c940000012410000154100002041000033410000
a1410000a64100005e00000014010000340200005403000058030000bb050000bd05000030060000850600001d080000
99080000cb0900004f0a00009a0a00000c0b0000390b00003d0b00008f0b0000930b0000ca0b0000960c0000f30c0000
2e0d0000440d00007e0d0000800d00000710000060100000d3100000cc120000ce120000f21200004e13000081130000
a3130000b8130000dd130000df1300004115000074170000061800001e18000028180000641800009118000093180000
da190000011a00000c1a00001a1a00003e1a0000431a0000451a0000601a0000621a00002d1f00005f1f000048220000
a72200003d230000b6270000ba270000602800006b280000e4290000e8290000be000000e60100008e05000035060000
b40900006e0a0000ef0a00001f18000050180000d11900000d1a0000321a00003f0000008d010000cd010000e5010000
830200009f030000c0030000cd030000ef03000002040000230400007c0400008d040000ed0400001a0500001c050000
6e050000700500007e050000a1050000ed050000f5050000180600003c0600004806000077060000b0060000ef070000
6e090000b3090000e3090000460a00004b0a00006d0a0000ce0a0000df0a0000e30a0000ee0a00002a0b0000480b0000
be0b0000590c00005b0c0000620e0000d20e0000e30e0000480f0000fd0f0000571000005c100000b3100000df100000
221500003f1500000f160000151600005417000072170000ac180000af180000be180000db1800001419000016190000
2c19000059190000fd1900002d1a0000971a00009a1a0000c91a0000fc1a00006e1c0000a81c0000cf1c00002f1f0000
5d1f0000b12000000b21000025210000da2100002122000034220000a92200003b230000f623000040240000a1240000
ac240000ea240000f0240000b1270000b82700005c28000067280000df290000e6290000722a0000382b00006f2c0000
9b2c0000a32c0000c62c0000f52c0000202d0000992d0000672e0000142f00002e2f0000602f00006b2f0000a92f0000
af2f000089300000413100005a310000bd3400005a3600007e360000813700008f3700001f3b0000a83b0000143c0000
f63d00000b3f00000d3f0000a73f0000aa3f000086400000804100005e0000003b010000500100003402000054030000
580300003006000085060000c7060000ae070000af0700001d080000cb0900004f0a0000a00a0000c40a00000c0b0000
390b00003d0b00008f0b0000930b0000ca0b0000bd0c00002e0d0000ee0d00002a0e000007100000a711000012120000
69130000a31300000d1400003214000059140000671400006a140000061800001e180000911800009c180000011a0000
0c1a0000431a0000491a0000601a00006b1a0000391b0000e11c0000fe1c0000d11e00002d1f0000481f0000571f0000
0820000032200000f421000012220000a72200000a230000232300007a270000b62700006b280000ef280000b8290000
e4290000be000000840300008e050000f40700006e0a0000490b0000bf0b0000ee1f00005a200000db21000022220000
3522000031000000ba010000a7020000461800001d0000006e0000009d000000020100007c010000ae010000b9010000
040200004a02000057020000bf020000c7020000e602000090030000c905000095060000320700001e0800009a080000
ce080000cb0b0000cf0b0000ff0c0000cd0d0000d50d0000d5100000f31200009c1900006e1a0000701a0000f11a0000
8b1d0000e61f000017200000492000006e20000049220000b7220000e322000099230000a8230000202700002a270000
9c000000e300000016010000510100007b010000ab01000049020000ae020000c6020000e50200008f030000bb050000
bd0500003006000085060000c7060000ae070000af0700001d08000099080000cb0900004f0a00009a0a0000a00a0000
c40a00000c0b0000390b00003d0b00008f0b0000930b0000ca0b0000c10c0000d30c0000fe0c0000050d00000f0d0000
520d0000cc0d0000d40d0000d70d0000e20d0000380e00003b0e00000710000060100000d3100000a711000012120000
cc120000ce120000f21200004e1300006913000081130000a3130000b8130000dd130000df1300000d14000032140000
59140000671400006a1400003515000074170000da190000011a00000c1a00001a1a00003e1a0000431a0000451a0000
491a0000601a0000621a00006b1a0000ef1a0000131b0000e11c0000fe1c0000411d00006f1d0000711d0000941d0000
d11e00002d1f0000481f0000571f00005f1f0000162000006d200000f42100001222000048220000b6220000e2220000
0e23000088230000982300009b230000a72300001f27000021270000252700003e270000492700008727000060280000
6b280000ef280000b8290000e4290000e8290000273b0000633b0000693b00008d3b0000d63b0000053c0000093c0000
ab3c0000bd3c0000e63c0000e83c00001e3d0000433d0000083e00000d3e00000e3e00004a3e00009b3e0000ab3e0000
260000004f000000b5010000d2010000b30200008e05000035060000f4070000b40900006e0a0000ef0a0000490b0000
bf0b0000d11900000d1a0000321a0000da1f00001c20000045200000db2100002222000035220000e522000049230000
323b0000b83b0000153c0000fb3d00003f0000001d010000e5010000560300009f030000c0030000cd0300000a040000
4d040000710400007c040000a4040000c3040000cf04000003050000060500001a0500006e0500007e050000a1050000
c40500004806000077060000b00600006f070000b3070000c8070000fb070000350800005408000063080000b3090000
460a00004b0a00006d0a0000c00a0000c20a0000ee0a00003b0b0000910b0000590c0000b90c0000230e0000960e0000
610f00006c0f00008d120000b91200000d1300005d1300007f130000c313000009140000521400000a15000022150000
9c150000a715000049170000541700009217000098170000b3170000be1700007d1b0000111e00000120000026200000
7b200000a6200000d8200000f52000002c2100005221000073210000e6210000f02100000622000069220000df230000
f62300006724000076240000ac240000a6250000cb270000e5270000332a0000422a0000532a0000722a00009d2a0000
2a2b0000192c00004d2c0000542c00005b2c00006f2c0000f52c00006b2f00007930000089300000b830000035320000
4d3200005b32000070320000383300006a33000079330000b2330000a03500005a36000079360000f537000046390000
79390000b93900001f3b0000893b0000c83c00000b3f00000540000086400000884000002241000025410000a2410000
bc4100001d0000006e0000009d000000ec000000fb00000022010000b9010000da0100009a020000e6020000ea020000
9003000094030000c905000095060000320700001e0800009a080000ce080000cb0b0000cf0b0000a40c00003d0d0000
460d0000b20d0000d5100000f31200006e150000701500000b180000131800002a1800004d1800009f180000a1180000
9c1900006e1a0000701a00001e20000049220000e32200004b230000e0030000e5030000f70300000e04000027040000
30040000ea04000043050000e8050000d3060000f3060000370c00003f0e0000610e0000820e00009c0e0000a40e0000
b10e0000d00e0000e50e0000070f0000490f00004d0f00005a0f00006e0f00008c0f0000ac0f0000be0f0000ec0f0000
19100000b2100000cc1000000b110000291100007d11000098120000cf140000d7140000e0150000ec15000017160000
8216000011170000881b0000981b0000191c0000e91d0000001e0000021e0000121e00009b200000d920000038210000
54210000fa2300002b240000532400007a24000009250000262500002b250000cd2700000628000039280000be280000
7c290000e02a00002b2b0000872b0000f12b0000962c00000b2d00005b2d0000722d0000d02d0000f62d000020300000
96300000a23000000031000022310000403100004f3100006f3100007931000092310000b1310000cb310000e8310000
153200001e320000203200003d3200004f320000673200007232000081320000a2320000a7320000e732000010330000
4034000061390000d7390000f23a00003c3c0000423c00005b3c00006b3c0000503d0000573d0000713d0000743d0000
933d0000a53d0000e73d0000123e0000173e0000b93e0000d93e0000403f0000583f0000d6400000f540000031410000
704100007c04000092040000a1040000020500006b070000c3090000171e00007a200000da2000002821000055210000
e22300003a240000582a0000302b000075300000b730000031320000503200005a3200007332000011390000673c0000
823c0000153e00007140000073410000dc01000030070000d0080000e50a0000151800004e1800009d190000031a0000
301a00007301000021030000f1030000fa030000190400006f0400007f040000eb040000f404000060050000eb050000
ea060000ff0600000b070000350700003d070000450700009108000013090000a30a0000500b0000430c00005a0e0000
d80e0000e10e00004c0f0000a9100000b5100000dd1000000111000006110000161500003c150000401700006d170000
a3180000b3180000bc180000d3180000d8180000f0180000f21800000e190000111900001d1900002a1900006b190000
c2190000901a0000921a0000f81a0000381c0000c81c0000151e0000f91f00002a200000302100003d21000040210000
4d21000057210000c3210000fd210000362400000c25000052250000542500009e270000a6270000a9280000ae280000
bb290000d32900002e2b0000992c0000162d0000342e00003d2e0000582e0000652e000039300000423000004e300000
a6300000ed3000003731000058310000483200005232000084320000d0320000d2320000c9340000ff390000fb3e0000
a03f0000a43f0000764100006a030000af0900003f0b0000a50b0000d41f00005f200000d1210000272200003a220000
b9010000e101000000020000bd02000030070000d0080000af090000e50a00003f0b0000a50b00009d190000031a0000
301a00008d1d0000e41f00004b200000d1210000272200003a220000ba22000044230000ae3b00000b3c0000f93d0000
370100005403000077030000450400006b040000fa0400000a050000120500001805000066060000c3060000cd080000
730900007f090000fb090000130a00001b0a0000a60a0000aa0a0000da0a0000390b0000440b00008f0b0000b20b0000
7d0c00002c0e00008e0e0000640f00006f0f00001412000073120000121300005413000067130000be1300000f140000
5b140000fa1700009318000098180000ff190000451a0000471a0000621a0000671a0000761b0000061f0000e11f0000
0a2000002e2000006220000083200000a9200000ae200000db200000ed20000086210000cb210000d6210000eb210000
f6210000102200002a2200003d2200004f220000d72300006a2400006e2400006f260000ce270000da270000f2290000
f5290000682a0000982a00001d2b00001e2c0000302c0000332c0000482c0000e42c0000312d00003235000055350000
6f360000ed370000fa370000b0380000cc380000d4380000263900004b3900006f390000be390000b63a00006f3b0000
a33b0000c33c0000fb3f0000764000001b4100001f410000a5410000b1410000120400004a050000430e0000890e0000
a60e0000e70e0000b00f0000c10f0000e4150000fe2300002f2400005624000081240000402800000f2d0000d42d0000
f82d0000423400006a390000db390000fb3a00003f3c0000433c00005c3c00006d3c0000513d00005b3d0000723d0000
753d0000943d0000a63d0000e83d0000133e0000183e0000ba3e0000e23e0000443f00005c3f0000d7400000f6400000
3241000071410000930a0000fc0a000044130000641300009e130000b7130000d6130000da1300006b170000191a0000
2e1a0000391a0000501a0000cb290000e60a0000041a0000311a00001a0400008004000062050000a70a0000590b0000
5b0e0000e20e0000441700006f170000a4180000b5180000bd180000d91800000f19000012190000ca1c0000cc210000
0122000037240000bf290000d7290000172d0000592e0000662e0000a73000003831000059310000ca340000013a0000
fd3e0000a13f0000a53f000077410000130100008a010000ba0500006b090000990a0000cb0a00008e0b0000ee0c0000
300d0000df0d0000320e0000061000005d100000741100007c130000a513000012140000291400005314000061140000
9d15000093170000b4170000381b0000e01c0000fd1c00002c1f00004a1f00004e1f0000102000005d200000f9210000
2522000038220000a62200000c230000142300003b2700005d280000af2900006b030000b3090000400b0000a60b0000
d51f000060200000d2210000282200003b220000b10100009e02000045180000eb00000073010000ab010000ae020000
d2020000e5020000c005000030060000ff06000091080000fb090000b20b0000f60c0000cf0d0000d70d0000d4100000
f512000068190000671a00006b1a0000ef1a0000f91f0000192000001d2000004e2000006520000040220000ae220000
9b2300009f23000021270000252700001301000053030000ba0500006b090000930a0000990a0000cb0a0000fc0a0000
8e0b0000770c0000ee0c00000e0d00004b0d0000240e0000320e0000061000005d100000741100004413000064130000
7c1300009e130000a5130000b7130000d6130000da13000012140000291400005314000061140000401500006b170000
93170000b4170000191a00002e1a0000391a0000501a0000e01c0000fd1c00002c1f00004a1f00004e1f0000f9210000
25220000382200000c2300003c2300007a230000b6230000b52700005d280000af290000cb2900005c3b0000623b0000
943b0000c63b0000aa3c0000bc3c0000df3c0000e33c0000233d00003a3d0000cc3d0000f73d0000033e0000973e0000
e5010000b3090000e60a0000400b0000a60b0000041a0000311a0000d2210000282200003b220000be22000046230000
af3b00000c3c0000fa3d0000ee030000460400006c040000fb0400000b0500001905000067060000830900001c0a0000
a70a0000de0a00008f0e0000650f0000700f0000741200001313000058130000c0130000781b000084200000aa200000
b0200000dc200000ee20000087210000cc210000ec21000050220000d82300006b2400006f24000073260000cf270000
dc270000f6290000712a00009a2a00001f2b00001f2c0000342c00004c2c0000e52c0000322d00003335000056350000
70360000ee370000fb370000b4380000d5380000273900004c39000070390000bf390000ba3a0000703b0000a73b0000
c53c0000fc3f0000784000001c41000020410000a6410000b341000019010000c101000077030000c005000030060000
ff06000091080000fb090000b20b00009b0c0000450d0000d4100000f5120000fa1700001e1800002918000049180000
981800009c18000068190000671a00006b1a00004022000042230000130100005303000041040000b5040000ba050000
6b090000930a0000990a0000cb0a0000fc0a0000380b00008e0b0000770c0000ee0c00000e0d00004b0d0000240e0000
320e0000720e00007a0e0000bd0e0000f00e0000190f00001a0f0000061000005d10000074110000441300004a130000
641300007c1300009e1300009f130000a5130000b7130000b9130000d6130000da1300000a1400001214000029140000
531400006114000040150000db1500006b1700007317000093170000b4170000c4180000dc180000ea18000003190000
191a00002e1a0000391a0000501a0000e01c0000fd1c00002c1f00004a1f00004e1f00005e1f0000741f0000801f0000
f921000025220000382200000c2300003c2300007a230000b6230000b5270000312800005d280000af290000cb290000
e32900006a36000084360000ec360000f636000009370000113700001d3700001f370000563700008937000090370000
9437000098370000a33800005c3b0000623b0000943b0000c63b0000aa3c0000bc3c0000df3c0000e33c0000233d0000
3a3d0000cc3d0000f73d0000033e0000973e0000e50100008e040000b3090000e60a0000ee0a0000400b0000a60b0000
b0180000dd180000041a0000311a0000341f0000631f0000d2210000282200003b220000be220000462300007f360000
8237000091370000af3b00000c3c0000fa3d0000b901000000020000bd02000030070000d00800009d1900008d1d0000
e41f00004b200000eb0000002101000073010000ab010000d9010000ae020000d2020000e50200008f030000f1030000
fa0300006f040000eb040000f4040000c0050000c8050000000600003006000038060000c3060000ff06000091080000
a4080000ae080000cd080000d50800003d090000cb090000fb090000070a0000b20b0000ca0b0000d70c0000f60c0000
540d0000cf0d0000d70d0000d80e00004c0f0000d4100000e3110000141200001812000083120000ce120000f5120000
fe120000d3180000f0180000f218000068190000851900008d190000921900009f190000b5190000b7190000671a0000
6b1a0000ef1a0000411d0000651d0000711d0000941d0000d81d0000e01d0000151e0000d11e0000971f00009f1f0000
f91f0000192000001d2000004e200000652000008021000093210000a021000039220000402200005f220000ae220000
4a2300009b2300009f2300000a2600002127000025270000172a0000ab2b0000ad2b0000c22c00002c35000010360000
1b360000203600004f360000af360000673700006c3700007a3700007c37000050380000ee030000460400005e040000
6c0400008c040000fb0400000b0500001905000067060000830900001c0a0000a70a0000de0a0000770e00008f0e0000
f40e0000650f0000700f0000741200001313000058130000c0130000781b0000201e000084200000aa200000b0200000
dc200000ee20000087210000cc210000ec21000050220000d8230000f52300001f240000342400006b2400006f240000
7524000073260000cf270000dc270000f6290000712a00009a2a00001f2b00001f2c0000342c00004c2c0000e52c0000
322d00003335000056350000703600007d360000f236000015370000ee370000fb370000b4380000d538000005390000
273900004c39000070390000bf3900006c3a0000ba3a0000703b0000a73b00004c3c0000523c0000653c00007f3c0000
833c0000c53c0000673d0000923d0000143e00001e3e00001f3e00005b3e0000fc3f00005e40000078400000cc400000
154100001c4100002041000074410000a6410000b341000019010000c101000077030000c005000030060000ff060000
91080000fb090000b60a0000e10a0000440b0000b20b00009b0c0000450d0000d4100000f51200005b130000c1130000
fa1700001e1800002918000049180000981800009c18000068190000ff1900000c1a0000231a00002f1a0000471a0000
491a0000671a00006b1a0000611f00004022000042230000370100005403000077030000c3060000cd08000073090000
fb090000aa0a0000390b0000440b00008f0b0000b20b00007d0c00002c0e000014120000671300000f1400005b140000
fa1700009318000098180000ff190000451a0000471a0000621a0000671a0000061f0000e11f00000a2000002e200000
62200000d6210000f6210000102200002a2200003d220000eb0000007301000092010000ab010000d9010000ae020000
d2020000e5020000c005000030060000c3060000ff06000091080000cd08000073090000fb090000aa0a0000b60a0000
e10a0000390b0000440b00008f0b0000b20b0000d70c0000f60c0000540d0000cf0d0000d70d0000d410000014120000
f51200005b13000067130000c11300000f1400005b14000068190000ff1900000c1a0000231a00002f1a0000451a0000
471a0000491a0000621a0000671a00006b1a0000ef1a0000981d0000061f0000611f0000f91f0000192000001d200000
4e20000065200000d6210000f6210000102200002a2200003d22000040220000ae220000e2220000242300003f230000
9b2300009f230000a72300002127000025270000733b00007f3b0000aa3b0000053c0000103c0000c63c0000203d0000
f83d00000e3e0000103e00004c3e0000e0030000e5030000f70300002704000030040000ea040000e8050000d3060000
f3060000370c0000610e00009c0e0000b10e0000d00e0000070f0000490f00004d0f00005a0f00006e0f00008c0f0000
ec0f000019100000b2100000cc1000000b110000291100007d11000098120000cf140000d7140000ec15000017160000
8216000011170000881b0000981b0000191c0000e91d0000001e0000021e0000121e00009b200000d920000038210000
5421000009250000262500002b250000cd27000006280000be2800007c290000e02a00002b2b0000872b0000f12b0000
962c00005b2d0000722d00002030000096300000a23000000031000022310000403100004f3100006f31000079310000
92310000b1310000cb310000e8310000153200001e320000203200003d3200004f320000673200007232000081320000
a2320000a7320000e7320000103300007c040000a1040000020500006b070000c3090000171e00007a200000da200000
2821000055210000582a0000302b000075300000b730000031320000503200005a32000073320000dc01000030070000
d0080000151800004e1800009d1900007301000021030000f1030000fa0300006f040000eb040000f4040000eb050000
ea060000ff0600000b070000350700003d070000450700009108000013090000430c0000d80e00004c0f0000a9100000
b5100000dd1000000111000006110000161500003c150000d3180000f0180000f21800001d1900002a1900006b190000
c2190000901a0000921a0000f81a0000381c0000151e0000f91f00002a200000302100003d210000402100004d210000
572100000c25000052250000542500009e270000a6270000a9280000ae2800002e2b0000992c0000342e00003d2e0000
39300000423000004e300000ed300000483200005232000084320000d0320000d23200009a0300009f030000bc030000
c003000000040000020400002e0400006d0400007104000081040000a1040000a4040000f1040000f704000002050000
03050000a1050000ed0500009a060000b0060000d6060000070700006b0700006f070000fb0700005b0900003f0c0000
470c0000620e0000d20e0000da0e0000e30e0000b3100000df1000009b120000c7120000d1180000d5180000ea1d0000
eb1d0000111e0000171e0000181e00001a1e00007b20000099200000d8200000da2000000b2100002c21000033210000
52210000552100006421000070220000772200000a250000112500003a2500003e250000532a0000582a00002a2b0000
302b00006f2c00009b2c0000142f00000a300000233000003e300000753000007930000085300000893000009f300000
a8300000b7300000b8300000413100005a3100001632000017320000243200002632000035320000383200004d320000
503200005b3200006432000070320000733200008232000089320000b6320000ba3200009d000000a80000007c010000
da0100002b0200002d0200008806000095060000c80600000007000030070000320700009a080000ce080000e7080000
e9080000dc0c0000530d0000d51000001312000013180000151800004d1800004e1800009c1900009d1900009f1e0000
a01e0000fe1f0000172000003520000037200000e70300006f040000c604000022050000e80600000b07000022070000
550700009b0e0000760f0000770f0000ab100000c71000001211000014110000521600005e1600005f160000791b0000
f31b0000091c00003021000049210000d5270000d6270000df270000d3280000d5280000d7280000d928000037300000
423000004a3000005e300000e53000000731000009310000c0310000fd320000fe32000000330000a903000079040000
aa0600000c070000b2200000312100004421000019300000433000004132000007040000ea040000a7090000370c0000
580e00009c0e0000b10e0000ce0e0000d30e0000e00e0000e40e0000290f00002b0f0000380f00001910000092100000
cc100000d8100000e0100000f0100000ee120000ec1500001716000082160000661b0000881b0000981b0000cb1b0000
fb1b0000191c0000e91d00000c2100007021000009250000d3270000102800008b280000e0280000872b0000f12b0000
722d0000832e0000152f0000da2f0000c6300000e8300000343100004f310000573100005b3100006531000092310000
b1310000bd310000cb310000dd310000e831000015320000813200001d3300009c030000bd030000df03000026040000
990400009b040000c5040000cc040000db040000f7040000ff0400000105000024060000a1060000d206000026070000
610700006407000098070000470c0000730f00006a10000094120000cc15000061160000d1180000521b0000bf1b0000
f71b0000ea1d0000181e0000702200000a2500003a250000d2270000e12700000f280000112800008a28000090280000
de280000e12800004c2a0000602a0000ba2c0000a52d00007b2e0000d92f0000df2f0000113000001f3000006b300000
6e3000008630000095300000b1300000b3300000b6300000a9310000d7310000163200002432000082320000b6320000
1b3300001e3300001f05000058060000b2150000561600007b1b0000801b00000b1c000015210000d62c00001e2f0000
9e310000e53100009a030000bc030000f8030000310400006d040000740400008104000083040000c5040000cc040000
db040000f70400001f05000024060000580600009a060000f4060000070700000f070000260700005b090000470c0000
730f0000f10f00006a100000b2150000cc1500005616000061160000d1180000521b00007b1b0000801b0000bf1b0000
f71b00000b1c0000ea1d0000181e0000002100001521000064210000702200000a2500003a250000d2270000e1270000
0f280000112800008a28000090280000de280000e1280000ba2c0000d62c0000602d0000a52d00007b2e0000092f0000
1e2f0000d92f0000df2f00000a3000003e30000085300000a3300000a8300000aa300000b13000009e310000a9310000
d7310000e5310000163200002432000082320000b63200001b3300001e330000a10000002d020000780200008a060000
bf0600001b0700002c0700002e070000e9080000fc080000da0c0000f40d0000441200001118000017180000be1a0000
9f1e00003520000098270000a7270000b5280000b72800002203000014090000071c000043200000ad00000096060000
03070000f61f0000a80000002d020000780200002203000088060000cc06000000070000040700001b070000e9080000
fc08000014090000e00c0000f40d000044120000be1a0000071c00009f1e0000fa1f0000fe1f00003520000043200000
98270000a7270000b5280000b72800006f010000d90100007702000021030000a2030000e6030000e803000003040000
a7040000eb040000ee040000a8060000be060000de060000ec060000ff06000016070000350700003907000045070000
73070000d80700008d080000cd080000fb08000013090000db090000380c00003c0c0000df0c0000280d0000f30d0000
f60d00009f0e0000cf0e0000090f00000a0f00004b0f0000790f0000a1100000a7100000ba100000c2100000dc100000
04110000061100002c1100002e1100004e110000b51100004312000046120000b3120000d2140000161500003a150000
3c1500005b160000e6180000ef180000f018000055190000c21900008c1a0000921a0000bd1a0000f81a0000061c0000
381c00002a1d0000131e0000881e0000a21e0000f91f0000422000003b2100007c2100000e2500001925000027250000
4b2500005025000052250000972700009a2700009e270000a6270000d7270000e7270000a7280000a9280000ae280000
b2280000c3280000ce280000132900007d290000512a0000de2a0000ed2a0000173000002c3000003b3000004e300000
523000007d300000d6300000dc300000ec300000253100002731000083310000f0310000ff3100008632000091320000
a3320000c8320000ce320000d0320000ec320000f8320000a4000000de010000ad0300007d040000f80400008d060000
9d0600000207000008070000d20800005c090000480c0000d6180000fc1f0000292000003f2100006521000071220000
1a2500003f2500000d3000003f30000092320000bb32000073010000d901000008040000eb0400002205000055070000
91080000cd080000a8090000380c0000a10d0000dc0e00002c0f000097100000d4100000d910000034120000ef120000
641500008c150000f1150000521600007616000087160000e5160000791b00008c1b0000fc1b0000091c00001e1c0000
19200000492100007121000019250000882b0000f22b00005e300000cb300000e930000097310000be310000c0310000
d0310000913200009f000000de010000a3030000a4030000060400006e040000a6040000a8040000f804000091060000
a4060000a9060000ab060000c2060000d70600000a0700004307000046070000710700007407000099070000d2080000
480c0000d60c000095120000151500001b150000d6180000292000002e2100003f210000712200001a2500003f250000
4d2a0000612a0000143000001830000024300000413000007b3000007e30000092320000bb320000e703000024040000
6f0400007f040000c6040000d7040000220500002f050000e80600000b0700002207000055070000770f0000ab100000
14110000ae150000ca150000521600005f160000791b00007e1b0000f31b0000091c0000772000003021000049210000
d6270000df270000092800000c280000d5280000d7280000d928000037300000423000004a3000005e30000092300000
a6300000ad300000bb300000093100009a310000a7310000c0310000e331000057320000fe3200000033000014330000
18330000b3200000b5200000452100004232000069320000a9030000be0300007904000082040000aa0600000c070000
31210000193000004330000087300000a9300000f1030000290400006f040000220500002f050000ea0600000b070000
55070000770f0000a910000014110000ae150000ca150000521600005f160000791b00007e1b0000091c000077200000
b3200000b5200000302100004521000049210000d6270000df270000092800000c280000d5280000d7280000d9280000
39300000423000005e30000099300000bb300000093100009a310000a7310000c0310000e33100004232000057320000
69320000fe320000003300001433000018330000a30000008c06000001070000fb1f00002b02000073040000f0040000
040700000e070000e70800003e0c0000d4180000a01e0000fa1f000037200000ff20000076220000102500003d250000
082f000088320000b93200009d000000a80000002b020000960300009e030000fd03000069040000a0040000a3040000
f0040000a0050000880600009506000099060000ae060000c8060000d506000000070000060700003007000032070000
6a0700006e070000e70800005a0900003e0c0000dc0c00009a1200001318000015180000d4180000a01e0000fe1f0000
372000006321000076220000102500003d250000522a0000572a00006e2c000009300000223000003d30000074300000
7830000088320000b9320000ae0e0000890f0000c8150000032800004831000076310000a53100000d33000025040000
80040000d804000031050000af150000cb1500007f1b0000792000000a2800000d28000094300000a7300000ae300000
bd3000009b310000a8310000e4310000593200001533000019330000b62000006a3200002a04000031050000af150000
cb1500007f1b000079200000b62000000a2800000d2800009a300000bd3000009b310000a8310000e431000059320000
6a3200001533000019330000d901000021030000be060000ff0600001607000045070000cd08000013090000df0c0000
f60d00004612000016150000bd1a0000061c0000f91f0000422000009a2700009e270000ae280000b22800002a200000
40210000a40000008d06000002070000fc1f0000d901000021030000c306000045070000cd08000013090000d70c0000
f60d00004612000016150000061c00002a20000042200000402100009a2700009e270000ae280000b2280000e0030000
e5030000070400009a040000e8050000d306000063070000a70900009e0e0000ce0e0000050f0000070f00004d0f0000
740f00006b10000092100000b2100000c1100000d8100000251100002911000098120000b5120000d714000010160000
62160000e2170000d2180000e2180000291d00007021000074220000262500003b250000462500005d250000d3270000
8b280000e0280000502a0000e02a0000e42a0000962c0000a62d0000da2f0000203000006d300000c6300000db300000
e83000001e31000022310000a2320000b7320000c3320000db32000074040000f10400000f0700003f0c0000d5180000
0021000077220000112500003e250000092f000089320000ba320000d30e0000db0e0000e0100000c8120000d2180000
121e00000c2100003421000054210000742200003b2500002b2b0000152f0000393200004f320000b73200009a030000
9f030000000400006d040000a1040000a4040000f1040000a10500009a060000b0060000d6060000070700006b070000
6f0700005b0900003f0c00009b120000d51800006421000077220000112500003e250000532a0000582a00006f2c0000
0a300000233000003e300000753000007930000089320000ba320000e0030000e503000007040000270400009a040000
00050000e8050000d306000063070000a7090000580e0000610e00009e0e0000b00e0000ce0e0000e00e0000050f0000
070f00004d0f0000590f00005a0f0000740f00006b10000092100000b2100000c1100000d81000002511000029110000
98120000b5120000d7140000cd1500001016000062160000e2170000d2180000e2180000291d0000001e0000191e0000
311e00003b1e00007021000074220000262500003b250000462500005d250000d3270000102800008b280000e0280000
502a0000e02a0000e42a0000962c0000a62d0000da2f0000203000006d30000096300000b5300000c6300000db300000
e83000001e3100002231000034310000403100004c310000573100006d3100006f310000aa3100001e32000025320000
293200002d320000a2320000b7320000c3320000db3200001d3300007404000083040000f10400000f0700003f0c0000
d5180000eb1d00001a1e00000021000077220000112500003e250000092f0000aa300000173200002632000089320000
ba3200002b02000004070000e7080000a01e0000fa1f000037200000d901000021030000f1030000080400006f040000
9d040000a70400000c060000c3060000d8060000ea0600000b0700004507000073070000cd08000013090000db090000
d70c0000f60d0000d80e00000a0f0000a9100000dd1000004612000099120000dc12000016150000d7180000061c0000
131e0000231e0000251e0000881e0000901e0000951e0000a21e0000b51e0000b71e00002a2000004220000030210000
3d210000402100007c21000075220000402500009a2700009e270000ae280000b2280000512a00005a2b00005c2b0000
ae2c00002530000039300000423000007d300000ed300000f0310000f9310000ff3100000f32000011320000bc320000
d30e0000db0e0000e40e0000e0100000c8120000d2180000121e0000191e00009a200000d92000000c21000034210000
54210000742200003b2500002b2b0000152f00005b31000025320000393200004f3200006532000072320000b7320000
9a0300009f030000bc030000c0030000000400002e0400006d04000081040000a1040000a4040000f104000002050000
03050000a10500009a060000b0060000d6060000070700006b0700006f0700005b0900003f0c00009b120000d5180000
eb1d00001a1e00006421000077220000112500003e250000532a0000582a00006f2c00000a300000233000003e300000
753000007930000085300000893000009f300000a8300000b7300000b8300000173200002632000089320000ba320000
9d000000a80000002b0200008806000095060000c8060000000700003007000032070000e7080000dc0c000013180000
15180000a01e0000fe1f000037200000d901000021030000f1030000fa0300006f040000eb040000f4040000c3060000
ea060000f60600000b0700003d07000045070000cd08000013090000380c0000430c0000d70c0000f60d0000d80e0000
4c0f0000ef0f0000a9100000dd10000046120000d414000016150000d3180000f0180000f21800001d1900008e1a0000
901a0000061c0000151e0000a41e00002a2000004220000011210000302100003d21000040210000792200000c250000
19250000302500003c25000054250000562500009a2700009e270000ae280000b22800005e2d0000342e00001a2f0000
3930000042300000ed3000008432000091320000ac320000b8320000d2320000d4320000e70300006f040000c6040000
22050000e80600000b0700002207000055070000770f0000ab10000014110000521600005f160000791b0000f31b0000
091c00003021000049210000d6270000df270000d5280000d7280000d928000037300000423000004a3000005e300000
09310000c0310000fe32000000330000b32000004521000042320000a903000079040000aa0600000c07000031210000
1930000043300000f10300006f04000022050000ea0600000b07000055070000770f0000a91000001411000052160000
5f160000791b0000091c0000b3200000302100004521000049210000d6270000df270000d5280000d7280000d9280000
39300000423000005e30000009310000c031000042320000fe320000003300003f000000bd0000001d010000cd010000
6b03000083030000cd030000d10300004d0400008d040000b7040000b80400007e050000c4050000ef070000460a0000
4b0a0000600a00006d0a0000c00a0000c20a0000df0a0000e30a0000040b0000080b0000400b0000480b0000a60b0000
be0b0000f10c0000570d00007b0e0000f10e0000b9120000651300007f130000bb130000c3130000af180000b0180000
db180000dd180000fd190000041a00002d1a0000311a00002f1f0000341f00005d1f0000631f0000ed1f000001200000
592000006020000087200000a6200000c7200000c9200000cf210000da210000e6210000f02100000b2200000e220000
2122000028220000342200003b220000a9220000be2200003b230000462300005a3600005e360000793600007e360000
8636000087360000f73600001237000081370000823700008f37000091370000f1370000f53700000238000005380000
1f3b0000243b0000893b00008b3b0000a83b0000ac3b0000ce3b0000d23b00000c3c0000143c0000c03c0000c83c0000
f63d0000fa3d0000483e00004e3e0000170000001d000000610000006e000000fa000000fb0000003c010000ac010000
ae010000c201000000020000040200009e020000a6020000bd020000bf0200008806000095060000c806000000070000
30070000320700009a080000ce080000e7080000e9080000a40c00003d0d00003f0d0000460d0000d510000013120000
44180000451800009c1900009d1900004e1d0000501d00008b1d00008d1d0000901d0000911d00009f1e0000a01e0000
e61f00000b200000492000004b200000ee030000220400006c040000fb0400003c050000f405000067060000590b0000
530e0000d70e0000ec0e0000270f0000340f0000f80f00004510000081110000bb150000fe150000241600004a160000
44170000ee170000651b0000821b0000b71b0000cf1b0000ca1c0000351d00002f1e0000381e000093200000d2200000
0821000019220000f5230000df240000f7240000712a0000a22c0000e52c00001f2d0000322d00008e2d0000e42d0000
152e0000ad2e0000f92e0000fd2e0000112f0000412f00009e2f0000b62f0000473400009236000049370000c7370000
08380000253c00005d3c00007f3c00008d3c00006b3d0000873d0000df3d0000263e00003b3e0000423e00008b3f0000
c73f00005e400000c80500003006000013090000ef0c0000590d00003a100000bb1200007d130000c5130000fe140000
551500001517000047170000801700001e1800000c1a0000e81a0000f41a00000f1b0000061c0000761c0000c31c0000
cb1c0000da1c00005f000000c000000087010000c00100003202000035020000830500003506000086060000fe060000
68090000c9090000cc090000500a0000700a0000c80a0000e00a00000a0b00000d0b00001f18000050180000d1190000
0d1a0000321a00003f0000008d010000cd010000e5010000830200009a0300009f030000b3030000c003000000040000
020400003f0400006d0400007104000087040000a1040000a4040000ae040000b3040000f1040000f70400007e050000
93050000a1050000ed050000100600001806000040060000480600006c060000b0060000e4070000ef070000f7070000
160800007d080000410900006e090000b3090000e30900004b0a0000ce0a0000e30a0000ee0a00002a0b0000be0b0000
620e0000d20e0000da0e0000e30e0000e50f00005c10000089100000b3100000df100000221500003f15000054170000
72170000a7180000d1180000d5180000da180000211900006d190000c91a0000fc1a00006e1c0000a81c0000cf1c0000
111e0000171e0000581e00005c1e00007f1e0000851e00002f1f00005d1f00000b2100001921000097210000b3210000
34220000a92200003b230000dc230000f823000023240000312400005024000052240000b1270000b82700005c280000
67280000df290000e6290000152a0000742a0000f82a0000122b0000632b0000662b0000612c00006f2c00009b2c0000
b22c0000ca2c0000ea2c0000fd2c0000272d0000542d0000c42d00005c2e0000c02e0000d92e0000df2e0000142f0000
222f000089300000413100005a310000463300009f330000a4330000ad330000cb34000053360000e13700006c400000
81400000e04000004d41000061410000794100008b0100000903000054030000450700006c090000cc0a0000390b0000
630b00008f0b0000a70d000076110000e1120000f9130000c2170000381c00000b1d0000751f0000811f000011200000
3e200000fa2100001e2200007b230000b72300006a0000007e00000084030000c7050000910600007e070000cc080000
540a0000690a0000490b0000bf0b0000c60b0000cd0b0000eb0c000079130000291f00003d1f0000df1f00005a200000
d42100002222000035220000a3220000d7220000200000002100000000010000ad0100000702000009020000a7020000
461800001d0000009d000000c7000000020100007c010000ae010000b9010000040200004a02000057020000d3020000
e60200006403000088030000810500000506000095060000bc070000f00700000b0800009a080000fc0900009f0b0000
c30b0000c20c0000d50d0000390e0000d51000006814000069190000f11a00005a1d0000661d00008b1d0000d21d0000
e11d0000911f0000a01f0000f21f0000172000004f2000006820000043220000202700002a2700003f000000bd000000
1d010000cd0100006b030000830300009f030000cd030000db0300000a0400004d040000710400007c040000a4040000
c3040000cf0400000c0500001a050000570500006a0500007e050000c4050000e1050000ef07000068080000d9080000
4e0900001d0a0000460a00004b0a00006d0a0000c00a0000c20a0000e30a0000400b0000480b0000a60b0000be0b0000
ed0b0000070c00001a0c0000290c0000f10c0000570d0000700e00006c0f0000c80f000056110000b91200007f130000
c3130000e31400007d1b0000ef1d0000f51d0000111e0000421e0000511e00002f1f0000341f00005d1f0000631f0000
ed1f000001200000592000006020000081200000a6200000dd200000f02000006021000088210000da210000e6210000
f02100002122000028220000342200003b2200005a220000a9220000be2200003b23000046230000ca24000070250000
7f250000d8250000062600003f260000bf260000f3260000fa26000001270000cb270000e5270000062a0000242b0000
8f2c0000892f00002d340000fc3400001b350000343500003f350000573500006635000075350000fe3500005a360000
79360000f53700001a3800004c380000d6380000ee380000283900005b3a0000863a00001f3b0000893b0000c83c0000
f13e0000063f0000653f0000d23f0000e63f0000fe3f00002740000041400000170000001d000000420000006e000000
fa000000fb0000005e010000ac010000ae010000ce010000000200000402000015020000210200009e020000a6020000
810500000506000095060000bc070000f00700000b0800009a080000fc0900009f0b0000c30b0000a40c00003d0d0000
3f0d0000460d0000d510000068140000ff17000044180000451800004a180000691900008b1d00008d1d0000911f0000
a01f000043220000b3220000e7220000292300003e230000682300006a230000eb00000021010000ab010000ae020000
21030000c80500003006000045070000130900006c090000cc0a0000390b0000630b00008f0b0000850c00003e0d0000
4d0d00008b0d0000940d00003a10000076110000bb120000e11200007d130000c5130000f9130000161500005b150000
7f150000ab150000151700004717000080170000c21700000c1a0000d51a0000f81a0000461b0000061c0000381c0000
761c0000c31c0000cb1c0000da1c00000b1d0000ad1d0000b91d0000751f0000811f00000520000042200000fa210000
1e220000e2220000953b0000053c00002f3c0000ca3c0000063d0000b93d0000273e0000373e00001900000044000000
8d0000009f000000ac000000ea00000020010000b5010000d8010000b3020000e1020000e80200008b03000092030000
83050000c7050000350600008606000091060000fe0600007e070000cc08000068090000c9090000cc090000500a0000
540a0000690a0000700a0000c80a0000e00a00000a0b00000d0b0000490b0000bf0b0000c60b0000cd0b0000840c0000
79130000d11900000d1a0000321a0000401d0000461d0000291f00003d1f0000f51f00001c20000045200000d4210000
2222000035220000e522000049230000283b0000293b0000913b0000a93b0000d43b0000d73b0000153c0000fb3d0000
d30e0000db0e0000e40e0000f70e0000e0100000c8120000d2180000121e0000191e00008a2000009a200000d9200000
e12000000c2100003421000054210000742200002b2400003b2500002b2b0000152f0000382f00005b31000025320000
393200004f3200006532000072320000b732000094390000613d0000693d0000123e0000583e0000ed3f000070410000
9a0300009f030000b0030000bc030000c0030000d5030000020400001d0400007104000085040000a1040000f1040000
f7040000020500005a05000066050000a1050000ed0500009a060000b00600006b070000fb0700005b0900003f0c0000
470c0000620e0000b3100000ea1d0000eb1d0000171e00007b200000da2000002c21000055210000e22300003a240000
0a25000011250000582a0000302b00006f2c00009b2c0000fa2c00001a2d00000a300000753000008530000089300000
b730000041310000163200001732000035320000503200005b320000733200008232000089320000a2330000e8380000
353c0000383c0000563c0000633c0000703c0000713c0000823c0000153e0000f43e0000023f00007140000073410000
9d000000a80000007c010000da0100002b0200002d0200008806000095060000300700009a080000ce080000e7080000
e90800003d0a00005e0a0000bc0a0000db0a0000030b0000070b0000151800004e1800009d190000031a0000301a0000
7301000021030000f103000008040000520400006f0400007f0400009d040000a7040000ba040000ea060000ff060000
0b0700004507000066070000730700009108000013090000a8090000db090000a30a0000500b00005a0e0000d80e0000
e10e00000a0f000097100000a9100000dd100000061100002e110000161500003c150000401700006d170000d7180000
df180000d7190000f81a0000381c0000c81c0000131e0000231e0000251e0000881e0000b31e0000b51e0000f91f0000
2a200000302100003d210000402100004b21000059210000c3210000fd210000cc230000e82300001a2400002c240000
4a2400004d2400009e270000a6270000a9280000ae280000bb290000d3290000512a00005c2a0000ed2a00002c2b0000
5c2b00005e2b00003930000042300000703000007d300000a6300000cb300000ed300000273100003731000058310000
f03100000d3200000f3200004632000054320000f738000018390000113a00006240000084400000e540000052410000
574100007e4100003e000000bc0000006a0300007a0500007d050000c2050000ed0700004a0a00006c0a00003f0b0000
a20b0000a50b0000ba0b0000f00c00007e1300002e1f0000331f0000ec1f00005f200000d9210000272200003a220000
a8220000bd220000370100001002000034020000450400006b04000012050000180500004f0500006c050000c8050000
f005000000060000c3060000cd080000cb090000a60a0000aa0a0000da0a0000ff0a00000c0b0000ca0b0000dc0b0000
4f0c0000570c0000ef0c0000800d0000520e00006f0f0000cb0f0000f70f000014120000ce120000541300007d130000
be130000df130000e8140000761b0000e31d0000451e0000491e0000d11e00002d1f00006a1f00006c1f0000971f0000
9f1f0000e11f00000a200000322000005e20000083200000a9200000ae200000d5200000f32000001f210000cb210000
d6210000eb210000f621000012220000262200003922000067220000a72200005c23000061230000982400009b240000
c52400009f25000035260000c4260000d6260000d9260000ee260000ce270000da270000332b00009e2c0000e32d0000
e22e0000282f00004b2f0000572f00005a2f0000842f0000993500006f360000ed370000fa3700007c3a00006f3b0000
a33b0000c33c0000e73e0000093f00006a3f0000d73f0000dc3f0000034000002a40000036400000170000001d000000
3b000000610000006e000000b4000000fb0000001b010000ae010000cb010000000200009e020000a6020000bd020000
670300007f0300007a0500007d050000c2050000880600009506000030070000ed0700009a080000ce080000e7080000
e90800003d0a00004a0a00005e0a00006c0a0000bc0a0000db0a0000030b0000070b00003f0b0000a20b0000a50b0000
ba0b0000a40c00007e1300009d190000031a0000301a00004e1d0000501d00008d1d00002e1f0000331f0000e61f0000
4b200000d9210000272200003a220000ba220000442300001a3b0000233b0000853b0000a43b0000cd3b0000d13b0000
0b3c0000f93d0000fb0e00008e200000e82000002f2400003c2f000098390000623d00006a3d0000133e0000593e0000
f63f000071410000bc1300002e1a0000ea2100000d220000460a0000600a0000c00a0000df0a0000040b0000080b0000
041a0000311a00005904000080040000bc040000a70a0000590b00005b0e0000e20e0000441700006f170000e0180000
ca1c0000cc21000001220000d3230000ea2300001d240000302400004b2400004e240000bf290000d7290000a7300000
3831000059310000003900001a390000123a00006340000085400000e640000053410000584100007f410000580d0000
ba120000c41300005e1f0000022000005d200000f121000025220000382200003c2300003f000000bd0000006b030000
7e050000c4050000ef0700004b0a00006d0a0000400b0000a60b0000be0b0000f10c00007f1300002f1f0000341f0000
ed1f000060200000da210000282200003b220000a9220000be220000170000001d000000fa000000ac01000000020000
040200009e02000045180000eb00000073010000ab010000e50200005b0300008f030000ff060000910800006c090000
cb090000960b0000ca0b0000850c0000d70d00003b0e0000d41000006a140000d2190000ef1a0000411d0000d41d0000
d81d0000931f0000971f0000f91f0000192000001d200000462000006d200000482200002127000025270000ee030000
460400006c04000019050000500500006d050000f4050000a70a0000de0a0000dd0b0000580c0000530e0000700f0000
cc0f0000f80f000058130000c0130000e9140000781b0000e41d0000461e00004a1e000084200000aa200000b0200000
d6200000f420000020210000cc210000ec210000682200009c240000c7240000a12500003e260000c5260000da260000
f2260000cf270000dc270000372b0000a22c0000e42d0000e32e0000292f00004c2f00005b2f0000862f00009b350000
70360000ee370000fb370000853a0000703b0000a73b0000c53c0000e83e00000a3f00006b3f0000d83f0000dd3f0000
044000002b400000384000008b010000c101000034020000ff060000910800006c090000cb090000960b0000ca0b0000
9b0c0000450d0000d41000006a14000051180000d2190000931f0000971f000048220000a7220000ca22000023230000
3d2300006123000065230000580d0000ba120000bc130000c41300002e1a00005e1f0000022000005d200000ea210000
f12100000d22000025220000382200003c230000c13c0000c93c0000f73d0000493e00003f000000bd0000001d010000
cd0100006b030000830300007e050000c4050000ef070000460a00004b0a0000600a00006d0a0000c00a0000df0a0000
040b0000080b0000400b0000a60b0000be0b00007f130000041a0000311a00002f1f0000341f0000da21000028220000
3b220000be220000462300001f3b0000243b0000893b0000a83b0000ce3b0000d23b00000c3c0000fa3d0000ee030000
22040000460400006c0400008c04000019050000500500006d050000f4050000a70a0000de0a0000dd0b0000580c0000
530e0000770e0000f40e0000700f0000cc0f0000f80f000058130000c0130000e9140000781b0000e41d0000f41d0000
ff1d00001c1e0000461e00004a1e0000501e000084200000aa200000b0200000d6200000f420000020210000cc210000
ec210000682200003f2400009c240000c7240000a12500003e260000c5260000da260000f2260000cf270000dc270000
372b0000a22c00001f2d0000e42d0000e32e0000f22e0000292f00004c2f00005b2f0000862f00000b3500009b350000
703600007d360000f236000015370000ee370000fb3700005a3a0000853a0000703b0000a73b00004c3c00005d3c0000
653c00006e3c0000723c0000c53c0000673d0000793d0000163e00005a3e00005f3e0000603e0000e83e00000a3f0000
6b3f0000d83f0000dd3f0000e53f0000044000002b40000038400000724100008b010000c101000034020000ff060000
910800006c090000cb090000cc0a0000e10a00000c0b0000960b0000ca0b00009b0c0000450d0000d41000005b130000
c11300006a14000051180000d2190000331a00002d1f0000381f0000571f00005f1f00006c1f00006e1f0000931f0000
971f000048220000a7220000ca220000232300003d2300006123000065230000370100001002000034020000c8050000
00060000c3060000cd080000cb090000aa0a0000ff0a00000c0b0000ca0b0000ef0c0000800d000014120000ce120000
7d130000df130000d11e00002d1f00006a1f00006c1f0000971f00009f1f0000e11f00000a200000322000005e200000
d6210000f6210000122200002622000039220000a72200005c23000061230000eb0000002101000073010000ab010000
d9010000e50200005b0300008f030000c805000000060000c3060000ff06000091080000cd0800006c090000cb090000
aa0a0000cc0a0000e10a0000ff0a00000c0b0000960b0000ca0b0000850c0000d70c0000540d0000d70d00003b0e0000
d410000014120000ce1200005b1300007d130000c1130000df1300006a140000d2190000331a0000ef1a0000411d0000
651d0000711d0000941d0000d41d0000d81d0000e01d0000d11e00002d1f0000381f0000571f00005f1f00006a1f0000
6c1f00006e1f0000931f0000971f00009f1f0000f91f0000192000001d200000462000006d200000d6210000f6210000
122200002622000039220000482200004a2300002127000025270000733b0000953b0000aa3b0000c93b0000d63b0000
c63c0000e83c0000fc3d00004a3e0000543e0000563e0000580d0000f20e0000ba120000bc130000c4130000dc180000
2e1a00005e1f0000022000005d200000a8200000c8200000ea210000f12100000d22000025220000382200003c230000
1337000090370000f937000004380000c13c0000c93c0000f73d0000493e00003f000000bd0000001d010000cd010000
6b03000083030000cd030000d10300004d0400008d040000b7040000b80400007e050000c4050000ef070000460a0000
4b0a0000600a00006d0a0000c00a0000c20a0000df0a0000e30a0000040b0000080b0000400b0000480b0000a60b0000
be0b00007f130000b0180000dd180000041a0000311a00002f1f0000341f0000631f0000da210000282200003b220000
be220000462300005a3600005e360000793600007e360000863600008736000082370000913700001f3b0000243b0000
893b0000a83b0000ce3b0000d23b00000c3c0000fa3d0000170000001d000000610000006e000000fb000000ae010000
000200009e020000a6020000bd0200008806000095060000300700009a080000ce080000e7080000e9080000a40c0000
9d1900004e1d0000501d00008d1d0000e61f00004b200000eb0000007301000092010000ab010000d9010000d2020000
e50200005b0300008f030000f1030000080400006f0400009d040000a7040000c3060000ff06000091080000ae080000
c2080000cd080000d5080000f40800006c09000073090000cb090000fb0900008f0b0000960b0000b20b0000ca0b0000
fe0b00000b0c0000850c0000d70c0000540d0000d70d00003b0e0000d80e00000a0f0000d90f0000d4100000e3110000
14120000181200005b1400006a140000a4140000d7180000a1190000d2190000621a0000671a0000ef1a0000411d0000
981d0000d41d0000d81d0000131e0000231e0000251e0000541e0000061f0000931f0000971f0000b31f0000b51f0000
f91f0000192000001d200000462000006d2000001721000093210000a02100003d2200004822000061220000ae220000
e2220000242300003f2300009f230000a7230000d6250000e12500000026000008260000152600001726000021270000
25270000482d0000bc2e0000202f00001b36000020360000af3600001838000023380000463800004e3800005c380000
5e380000d30e0000db0e0000e40e0000e0100000c8120000d2180000121e0000191e00009a200000d92000000c210000
3421000054210000742200003b2500002b2b0000152f00005b31000025320000393200004f3200006532000072320000
b73200009a0300009f030000bc030000c00300000204000071040000a1040000f1040000f704000002050000a1050000
ed0500009a060000b00600006b070000fb0700005b0900003f0c0000470c0000620e0000b3100000ea1d0000eb1d0000
171e00007b200000da2000002c210000552100000a25000011250000582a0000302b00006f2c00009b2c00000a300000
753000008530000089300000b730000041310000163200001732000035320000503200005b3200007332000082320000
893200009d000000a80000007c010000da0100002b0200002d0200008806000095060000300700009a080000ce080000
e7080000e9080000151800004e1800009d1900007301000021030000f1030000080400006f0400009d040000a7040000
ea060000ff0600000b0700004507000066070000730700009108000013090000a8090000db090000d80e00000a0f0000
97100000a9100000dd100000061100002e110000161500003c150000d7180000d7190000f81a0000381c0000131e0000
231e0000251e0000881e0000b31e0000b51e0000f91f00002a200000302100003d210000402100004b21000059210000
9e270000a6270000a9280000ae280000512a00005c2a0000ed2a00002c2b00005c2b00005e2b00003930000042300000
703000007d300000cb300000ed30000027310000f03100000d3200000f32000046320000543200006f010000d9010000
7702000021030000e70300006f040000c604000022050000be060000ff06000016070000450700008d080000ac080000
cd080000d5080000fb08000007090000130900001f090000df0c0000280d0000f30d0000f60d00009b0e0000760f0000
770f0000ba1000000411000006110000e51100000312000043120000461200004d1200004f120000161500003a150000
3c150000c5160000d1160000d2160000bd1a0000f81a0000791b0000061c0000251c0000381c00003b1c0000f91f0000
4220000093210000b0210000972700009a2700009e270000a6270000d5270000d6270000df270000a7280000a9280000
ae280000b22800003429000036290000382900003a29000019360000203600002c36000034360000ab360000c1360000
c3360000a337000087380000883800008a380000a4000000de010000a9030000790400008d0600000207000071080000
d2080000d6080000fc1f000029200000b22000003f21000094210000a52100000636000021360000d93700008a010000
5303000049040000b50400006b090000b30a0000cb0a0000fc0a0000380b00008e0b00000e0d0000a60d0000bd0e0000
3c0f00000610000074110000ba120000e01200004a1300009e1300009f130000a5130000b9130000c4130000f4130000
f813000093170000b4170000ea18000003190000391a0000501a0000d31a00006a1b0000b51c0000b61c0000e01c0000
fd1c00002c1f0000741f0000801f00000220000010200000a8200000ab200000ea210000ee210000f1210000f9210000
7a230000b62300003b270000282800005d280000a8290000af290000e329000074360000843600000937000029370000
9437000098370000c0370000f9370000fd370000983800007c3b0000c63b0000aa3c0000be3c0000c93c0000013d0000
053d0000cc3d0000033e0000913e00007d0000005f02000083030000cf030000b8040000de040000b905000018060000
7d070000e3090000480a0000530a0000980a0000080b00001b0b00001d0b00002a0b0000340b00003b0b0000480b0000
8a0b0000910b0000be0b0000ea0c0000de0d0000790e0000980f00005c10000062130000781300001e14000028140000
72170000ad180000b1180000fa190000081a0000a51a0000551b0000991c00009b1c0000a81c0000281f00002f1f0000
3c1f00005d1f000059200000c72000000b2200002122000034220000a2220000d62200003a2700004527000026280000
352800005c28000067280000a4290000ae290000d8290000da290000df290000e62900005c360000873600008c360000
f43600002d3700007e37000083370000b83700000238000094380000a8380000213b0000613b0000d23b0000e63b0000
f53b0000003c0000073c00002f3d0000483e00008f3e0000a93e00001a00000063000000e200000033010000f9010000
fb0100004b0200005302000070020000a6020000b9020000bb0200008a060000bf0600001b0700002c0700002e070000
e9080000fc080000d90d0000441200002e15000044180000b61a00004e1d0000901d00009f1e00002227000028270000
6727000069270000b5280000b72800009c000000e3000000510100007b010000ab01000049020000ae020000c6020000
d2020000e50200005b030000630300008f030000a2030000e6030000e803000003040000a7040000eb040000ee040000
00060000300600003806000085060000c7060000ae070000af070000ce070000060800001d080000290800006f080000
99080000b0080000b6080000f40800003209000036090000cb090000fb0900008f0b0000930b0000960b00009e0b0000
b20b0000ca0b00000b0c0000c10c0000d30c0000050d00000f0d0000320d0000520d0000d40d0000d70d0000ef0d0000
380e00003b0e00009f0e0000cf0e0000090f00000a0f00004b0f0000790f000005100000071000000d100000d3100000
44110000a7110000a8110000e1110000ef1100000a12000012120000171200005312000067120000591400005b140000
671400006a140000a2140000a41400003515000097160000e6180000ef180000f018000068190000891900008d190000
b1190000b7190000601a00006b1a0000ef1a00003a1b00004f1c0000fe1c0000ff1c0000411d0000591d0000651d0000
941d0000d11d0000e01d0000131e0000541e0000d11e0000d41e0000901f00009f1f0000162000004e2000009e210000
ac210000ae220000b6220000e22200000e2300002423000088230000982300009b230000d6250000f125000000260000
1f2700002127000025270000492700007b27000087270000bd270000d7270000e7270000632800006b28000078280000
ef280000f02800000c290000412900004d290000192a0000242a0000ac2a0000812b0000a92b0000ab2b0000c22c0000
662d0000bc2e0000c72f00003f33000052330000d23300006f340000e5340000dc350000043600001d36000044360000
48360000ae360000db360000763700007c370000af370000183800003738000046380000fd0200003d05000048060000
5a0b00005f0b0000541700006e1c0000cf1c00003a200000d32000001a2200001c2200009336000009380000263c0000
2b3e0000ed0200001409000003150000f01a0000f51a0000071c00002b0000006f000000b0010000c501000096060000
03070000260000004f000000c3000000b5010000d201000086030000ad0300007d040000f8040000860500008e050000
96050000f2070000f4070000f80700007e08000042090000bf0b0000c10b0000d6180000f01f00001c20000064200000
98210000b4210000352200003f220000e522000049230000252a0000172b0000642c00004733000054360000e2370000
bd0000005f020000fd02000083030000d1030000b8040000de0400003d0500007e0500001806000048060000ef070000
6e090000b3090000e30900004b0a0000600a00006d0a0000ce0a0000e30a0000ee0a0000080b00001b0b00001d0b0000
2a0b0000480b00005a0b00005f0b0000be0b0000810c0000de0d00007e0e0000980f00005c1000007113000073130000
1e140000281400005417000072170000a51a0000551b00006e1c0000991c00009b1c0000a81c0000cf1c00002f1f0000
5d1f0000d51f0000ed1f00003a200000592000008520000087200000c7200000d3200000cd210000cf210000d2210000
da2100000b2200001a2200001c22000021220000342200003a2700004527000026280000352800005c28000067280000
a4290000ae290000d8290000da290000df290000e62900005e360000873600008c36000093360000fb3600002d370000
b8370000ef370000f1370000023800000938000094380000a8380000243b0000973b0000ac3b0000b73b0000d23b0000
e63b0000f53b0000263c00002f3d00002b3e0000483e00008f3e0000a93e00001700000061000000f300000040010000
ac010000b1010000c2010000c60100004b0200005302000070020000a6020000ed02000088060000cc06000000070000
040700001b070000e9080000fc08000014090000d90d000044120000031500002e15000044180000b61a0000f01a0000
f51a0000071c00004e1d0000901d00009f1e000022270000282700006727000069270000b5280000b7280000eb000000
92010000ab010000210300005b03000008040000eb0400002205000045070000c2080000130900001f09000032090000
6c090000730900008f0b0000960b0000850c00003e0d00004d0d00008b0d0000a80d0000dc0e00002c0f0000d90f0000
75110000761100007a11000040120000e1120000e2120000161500005b1500007f150000ab150000f1150000c5160000
ba170000c2170000cf170000d51a0000f81a0000461b0000791b00008c1b0000c81b0000061c0000381c00003b1c0000
071d00000b1d0000231d00001220000042200000a4210000b0210000e22200007c230000be2300001e2600002a260000
242a0000482d0000802e0000e13300003436000044360000a3370000663800007238000019000000800000008d000000
9f000000ac000000ea00000020010000b5010000d8010000e1020000e8020000860300008b03000092030000a3030000
a4030000060400006e040000a6040000a8040000f8040000bf050000c7050000d40500008606000091060000fe060000
7e0700008007000094070000700800007208000077080000cc080000d408000042090000b00b0000b30b0000bf0b0000
c10b0000c60b0000cd0b0000090c00000c0c0000f50c0000f3110000d6180000f51f00001c2000006420000091210000
b4210000352200003f220000ad220000d9220000e522000049230000d2250000e6250000252a0000172b0000822c0000
2c330000053600001f36000054360000e23700001438000028380000c1010000090300008b0400003b050000ff060000
450700008d080000cd080000fb080000130900008d0a0000da0a0000dd0a0000e10a0000160b0000500b0000580b0000
630b00009f0c0000e70d00007c0e00009b0f0000061100006f13000075130000231400002e140000fe140000ba150000
4017000043170000471700006d170000b11a0000531b0000381c0000971c00009d1c0000c81c0000e11f00003e200000
83200000d1200000c3210000cb210000d6210000182200001e2200005b27000060270000292800002d280000a9280000
ae280000a9290000b4290000bb290000be290000c2290000d32900007c36000091360000f93600003237000048370000
b6370000ed37000007380000993800009e380000563b0000a33b0000a63b0000e13b00001c3c0000243c0000343d0000
243e0000923e00009e3e000022200000bd20000040210000fd2100000022000004220000ff370000633e000066000000
d00300008d060000d2080000570a0000590a00005a0a0000e90a0000e21f000086200000ce210000d72100005d360000
f03700002c3b0000b23b00002900000065000000b6010000c30100008c06000001070000b9010000e101000000020000
6e03000073040000f004000038090000af090000b6090000ba090000a50b0000a90b0000d41800008d1d0000d81f0000
6a2000008e210000b92100003a22000045220000ba220000442300001b2a0000152b00004a360000d2370000e7370000
c1010000090300008b0400003b050000ff060000450700009108000013090000a30a0000dd0a0000e10a0000500b0000
580b0000630b00009b0c0000e70d0000760e00009b0f000006110000571300005b130000231400002e140000fe140000
ba1500004017000043170000471700006d170000381c0000c81c0000222000003e200000bd200000d120000040210000
c3210000fd2100000022000004220000182200001e2200005b27000060270000292800002d280000a9280000ae280000
a9290000b4290000bb290000be290000c2290000d32900007c36000091360000f13600003237000048370000ff370000
07380000993800009e3800006c3b0000a63b00001c3c0000243c0000343d0000243e0000633e0000923e00009e3e0000
170000001d0000003b00000042000000b4000000c7000000fb0000001b010000ae010000cb010000000200009e020000
a6020000670300006e0300007f030000960300009e030000fd03000069040000a0040000a3040000f00400007a050000
7d0500008105000092050000c2050000c5050000d2050000ed070000f0070000f6070000670800007c08000038090000
4c090000a20b0000a50b0000a90b0000ba0b0000c30b0000020c0000060c0000fb0c0000f8110000d41800008d1d0000
f21f00006a20000096210000b92100003a22000045220000b3220000ba220000c122000044230000d7250000dc250000
1b2a0000152b0000602c0000802c000045330000fd3500004a360000e7370000193800001e380000ba0e0000990f0000
9113000021140000d81500006517000027280000a729000002370000303700005337000097380000a53c0000323d0000
903e00008c0400003c050000950a0000de0a00001a0b0000590b00007d0e00009c0f00007013000024140000bb150000
441700006f170000541b0000981c0000ca1c000084200000d2200000cc210000192200002a2800002e280000aa290000
bf290000d72900007d36000092360000fa3600003337000049370000b7370000ee370000083800009a3800009f380000
5e3b0000a73b0000e53b0000253c0000353d0000263e0000933e0000a03e000032010000c10100006b02000009030000
be060000ff0600001607000045070000cd0800001309000046120000fe1400002d150000f41a0000061c0000e11f0000
6027000064270000ae280000b22800001301000053030000e0030000e5030000070400009a040000ba050000d0050000
a1080000c10800006b0900008e0b0000fb0b0000770c0000ee0c00000e0d00004b0d0000240e0000320e00009e0e0000
ce0e0000050f0000070f00004d0f0000740f0000d40f0000061000000c1000005d1000007411000079110000f6110000
0c1200004a1200006c1200008012000053140000611400009b1400009f1400004015000010160000f516000009170000
b4170000d2180000e21800004e1c0000fd1c0000a3210000b7210000382200000c2300003c2300007a230000b6230000
d5250000f3250000f7250000b5270000d32700005d2800002a29000064290000ab2a0000132b00007c2b0000d92b0000
7e2c0000432d0000652d0000e03300000d360000be360000e036000040370000ae370000e53700001738000039380000
3d3800007d380000be2000000122000000380000653e0000222000004021000066000000c40100008d06000002070000
e501000074040000f104000039090000b3090000bb090000a60b0000d51800008f210000ba2100003b220000be220000
462300001c2a0000162b00004b360000d3370000e83700008c0400003c050000a70a0000de0a0000590b0000770e0000
9c0f00005813000024140000bb150000441700006f170000ca1c0000be200000d2200000cc2100000122000019220000
2a2800002e280000aa290000bf290000d72900007d36000092360000f236000033370000493700000038000008380000
9a3800009f380000703b0000a73b0000253c0000353d0000263e0000653e0000933e0000a03e00003701000009030000
c306000045070000cd0800001309000046120000fe1400002d150000f41a0000061c0000e11f00002220000040210000
6027000064270000ae280000b2280000580d0000d30e0000db0e00001f120000ba120000c0120000d2180000121e0000
022000005d200000042100009b210000b7210000382200005c2200003c23000007260000132b00000d2f0000d7370000
e53700004d3800003f000000bd0000001d010000cd0100006b030000830300009a0300009f030000000400006d040000
a1040000a4040000f10400007e05000093050000c4050000d3050000ef070000f7070000680800007d08000039090000
4e090000a60b0000be0b0000030c0000070c0000f9110000d518000097210000ba2100003b220000be22000046230000
d8250000dd2500001c2a0000162b0000612c0000812c000046330000fe3500004b360000e83700001a3800001f380000
130100008a0100004104000049040000ba0500006b090000930a0000990a0000b30a0000cb0a0000380b00008e0b0000
ee0c0000300d0000df0d0000320e00007a0e0000bc0e00001a0f00009a0f0000061000005d100000741100004a130000
641300007c130000981300009f130000a5130000b9130000da1300000a14000012140000221400002914000053140000
611400009d150000f6150000731700007b17000093170000b4170000ae180000c4180000c6180000fc190000191a0000
1e1a0000381b0000901b0000d51c0000e01c0000fd1c00002c1f00004a1f00004e1f00005e1f0000741f0000801f0000
102000005d200000ab200000c8200000ee210000f92100000d2200002522000038220000a62200000c23000014230000
3b270000282800005d280000a8290000af290000e32900006a36000074360000f6360000063700001f37000031370000
5b37000080370000893700008b370000cb370000fd37000004380000983800005c3b0000623b00007c3b0000043c0000
a83c0000be3c0000e33c00001b3d0000233d0000333d0000b43d0000323e0000493e0000913e00006b030000b7040000
b3090000ee0a0000040b0000400b0000a60b0000341f0000631f0000d51f00006020000085200000c9200000cd210000
d22100000e220000282200003b22000086360000ef37000005380000b73b0000ce3b00004e3e0000b1010000c6010000
9e02000004070000e708000045180000501d0000911d0000a01e0000eb0000002101000073010000ab010000d9010000
ae020000d2020000e50200008f030000f1030000080400006f0400009d040000a7040000c0050000c8050000d5050000
0006000030060000c3060000ff06000091080000ae080000cd080000d5080000ec080000f4080000cb090000fb090000
b20b0000ca0b00000b0c0000d70c0000f60c0000540d0000cf0d0000d70d0000d80e00000a0f0000d4100000e3110000
f7110000141200001812000030120000ce120000f5120000d718000068190000671a00006b1a0000ef1a0000411d0000
651d0000711d0000941d0000d81d0000e01d0000131e0000231e0000251e0000541e0000611e0000d11e0000d41e0000
f21e0000971f00009f1f0000b51f0000b71f0000f91f0000192000001d2000004e2000006520000093210000a0210000
ac210000b82100003922000040220000ae2200004a2300009b2300009f230000d6250000132600001526000021270000
25270000182b0000832c0000bc2e0000c52e0000e53400001b3600002036000024360000af360000e637000018380000
5a3800005c3800006f010000d90100007702000021030000e70300006f040000c604000022050000be060000ff060000
16070000450700008d080000ac080000cd080000d5080000fb08000007090000130900001f090000df0c0000f60d0000
770f000006110000e5110000461200004f120000161500003c150000c5160000d2160000bd1a0000f81a0000791b0000
061c0000251c0000381c00003b1c0000f91f00004220000093210000b02100009a2700009e270000a6270000d6270000
df270000a9280000ae280000b228000036290000382900003a29000019360000203600002c36000034360000c3360000
a3370000883800008a3800002a200000b320000040210000a6210000da370000a4000000de010000a903000079040000
8d0600000207000071080000d2080000d6080000fc1f000094210000063600002136000073010000d901000021030000
f10300006f04000022050000c3060000ff0600004507000091080000ae080000cd080000d5080000130900001f090000
d70c0000f60d0000770f000006110000e3110000461200004f120000161500003c150000c5160000d2160000f81a0000
791b0000061c0000381c00003b1c0000f91f00002a20000042200000b32000004021000093210000a6210000b0210000
9a2700009e270000a6270000d6270000df270000a9280000ae280000b228000036290000382900003a2900001b360000
2036000034360000c3360000a3370000da370000883800008a380000580d0000f20e0000ba120000bc130000c4130000
dc1800002e1a00005e1f0000022000005d200000a8200000c8200000ea210000f12100000d2200002522000038220000
3c2300001337000090370000f937000004380000c13c0000c93c0000f73d0000493e00003f000000bd0000006b030000
cd030000d1030000b70400007e050000c4050000ef070000460a00004b0a0000600a00006d0a0000c20a0000e30a0000
040b0000400b0000480b0000a60b0000be0b0000f10c00007b0e0000651300007f130000af180000b0180000fd190000
041a00002f1f0000341f0000631f0000ed1f00006020000087200000c9200000cf210000da2100000e22000028220000
3b220000a9220000be2200005a3600005e36000086360000f73600008137000082370000f1370000053800001f3b0000
243b00008b3b0000ac3b0000ce3b00000c3c0000143c00004e3e0000170000001d000000610000006e000000fa000000
3c010000ac010000c201000000020000040200009e020000bd020000bf0200008806000095060000c806000000070000
3007000032070000e708000045180000501d0000911d0000a01e0000eb0000007301000092010000ab010000d9010000
d2020000e50200005b0300008f030000f1030000fa0300006f040000eb040000f4040000c3060000ff06000091080000
ae080000cd080000d5080000320900003d0900006c0900007309000092090000cb090000fb090000070a00008f0b0000
960b0000b20b0000ca0b0000850c0000d70c0000540d0000d70d00003b0e0000d80e00004c0f0000d4100000d9110000
e31100001412000018120000691200005b1400006a140000d3180000f0180000f218000085190000b3190000b5190000
d2190000621a0000671a0000ef1a0000411d0000981d0000d41d0000d81d0000151e0000061f0000091f0000931f0000
971f0000f91f0000192000001d200000462000006d20000093210000a0210000aa210000bc2100003d22000048220000
ae220000e2220000242300003f2300009f230000a72300002127000025270000172a0000242a0000b52a0000142b0000
ad2b0000af2b00001b36000020360000443600004f3600009f360000af360000dd36000067370000783700007a370000
dc370000ea370000f7030000300400009a04000000050000f3060000630700003f0e00009e0e0000b00e0000bf0e0000
d00e0000db0e0000e50e0000f70e0000290f00002b0f0000380f00003d0f0000ec0f0000c1100000f01000007d110000
b5120000c8120000ee1200001016000036160000e2170000e21800005e1b0000661b0000a71b0000cb1b0000fb1b0000
291d0000311e00003b1e00009a2000009b2000003421000038210000cb230000462500005d250000cd27000006280000
39280000be2800007c290000502a00005b2d0000d02d0000832e0000a62e00006d300000a2300000b5300000db300000
4c31000065310000bd310000dd310000293200002d320000393200003d3200006532000067320000c3320000db320000
e732000010330000403400007e39000094390000ac390000f23a00005b3c00007d3c00004c3d0000573d0000613d0000
823d0000853d0000db3d00003e3e0000b93e0000773f0000b33f00005c4000009c030000bd030000c2030000e4030000
0d040000a4040000c3040000cf040000d9040000e2040000e8040000ed040000030500004105000046050000e7050000
a10600001e0700006f07000098070000f3090000330c00003a0c0000600e00006c0f00008b0f0000b01000000a110000
df15000010170000501b0000591b0000ef1b00005e1c0000e81d0000ec1d0000111e0000d820000052210000ce230000
2a2400000725000015250000cb270000e5270000052800000e280000372800003c280000bd280000c128000078290000
7f290000532a00002a2b0000952c00000a2d000011300000463000007930000086300000af300000b8300000ff300000
3e31000078310000b9310000d531000013320000183200004d320000703200007f3200008d320000e6320000ea320000
0f3300001a3300007e3300001f390000d63900002c3a0000ee3a0000f53a0000373c00003b3c00006a3c00006c3c0000
773c00007a3c0000843c0000a43d0000113e0000b83e0000c53e0000d53e0000dc3e00007f4000006e410000a1000000
6d01000027020000290200007c0200008a06000017070000320700008b080000e3080000e508000000090000410a0000
8b0a0000f70a0000f90a0000250b0000071100003b15000069170000131800004d1800009c190000f91900002c1a0000
c21a0000a31c0000a1270000a3270000aa280000b3280000c6290000c82900006f010000d90100007702000021030000
a2030000b9030000e6030000e803000003040000320400009d0400009e040000aa040000af040000f404000060050000
0c060000a8060000be060000de060000ec060000ff060000160700003d070000450700006607000068070000d8070000
120800008d080000cd080000fb080000130900008d0a0000da0a0000160b0000500b0000430c0000df0c0000280d0000
f30d0000f60d0000550e00006b0e00009d0e0000a00e0000cf0e0000dd0e0000090f00004b0f00004c0f0000750f0000
b60f0000b70f000018100000a1100000a7100000ba100000cd100000dc1000000411000006110000101100002c110000
4e11000043120000461200006c1300008e1300001614000019140000d2140000d4140000161500003a1500003c150000
d21500009b16000040170000621700006d170000a3180000d3180000d81800001d1900006b190000bd1a0000f81a0000
891b0000061c00001a1c0000381c0000941c0000c81c0000221e0000231e00008c1e0000901e0000b11e0000b71e0000
f91f0000422000003b2100004d210000c321000015220000cf230000e8230000f923000041240000422400005f240000
0c2500002725000030250000972700009a2700009e270000a6270000d4270000e3270000f52700001e2800008e280000
a7280000a9280000ae280000b2280000ca280000e3280000172900009c2900009f290000bb290000d3290000552a0000
5c2a0000de2a0000582b00005a2b00008c2b0000ae2c0000232d0000712d0000f22d0000342e0000582e0000dd2f0000
fc2f0000173000002c3000003b300000703000007230000082300000d6300000ec300000053100002531000030310000
54310000cc310000f43100000b320000113200004832000084320000a3320000ac320000f43200008e330000a9330000
273400008f340000c9340000f4350000fb3e00004b3f00004d3f0000624000006a400000de400000344100004b410000
5f4100001a050000320500004d070000c1150000051700007d1b0000851b0000731c0000d02000004721000056300000
be300000443200006f320000d03900003e3a00008c3c00003c3e000048070000191500004b170000f91a0000391c0000
cc1c0000a9000000db01000092060000cf0800005f0a0000e40a0000a4000000de010000ab030000b503000075040000
88040000a5040000a30500008d060000b10600000207000070070000fc070000d2080000570a0000e90a0000141e0000
fc1f0000292000002d2100003f21000056210000c6210000fc210000e9230000352400005d2a00002d2b0000712c0000
ff2c00007a3000003632000051320000a533000080400000754100009f030000b0030000c00300000a04000054040000
710400007c0400008504000092040000a4040000c3040000cf040000d9040000e2040000030500001a05000032050000
a1050000b00600001e0700004d0700006f070000fb070000aa090000c3090000f30900005f0e00006c0f00008b0f0000
951000000a110000c1150000df1500000517000010170000501b0000591b00007d1b0000851b0000ef1b00005e1c0000
731c0000111e00007a2000007b200000d0200000d8200000282100002c2100004721000052210000ce2300002a240000
cb270000e5270000052800000e280000372800003c280000bd280000c1280000782900007f290000532a00002a2b0000
6f2c0000fa2c000046300000563000007930000089300000af300000b8300000be300000c9300000ff3000003d310000
78310000b9310000d53100003132000035320000443200004d3200005a3200005b3200006f32000070320000e6320000
ea3200000f3300001a330000a2330000f9380000113900001f390000d0390000d63900002c3a00003e3a0000ee3a0000
f53a0000353c0000503c0000633c0000673c0000773c00007a3c0000843c00008c3c0000a43d0000113e00003c3e0000
b83e0000c53e00007f4000006e4100009d00000078010000da010000dc0100007c020000950600001707000032070000
4807000096080000ce080000d0080000000900003d0a0000b00a0000db0a0000e50a0000250b00000711000019150000
3b1500004b17000069170000131800004d1800009c190000f91900002c1a0000c21a0000f91a0000391c0000a31c0000
cc1c0000a1270000a3270000aa280000b3280000c6290000c8290000fa0300009d04000022050000c3060000f6060000
ff0600005507000066070000d70c0000540d00004a0e0000d40e0000e90e00002a0f0000ef0f0000e5100000f1100000
7e1100001412000054130000be1300008c150000ae15000013160000411600005216000066160000761600009b170000
e5170000e3180000e21a0000271b0000621b0000791b00007e1b0000b31b0000cc1b0000091c0000b81c0000e81c0000
2e1d0000f91f00003921000049210000c3210000e823000047250000602500005c2a00005e2d0000db2d0000842e0000
aa2e00005e300000703000009a310000c0310000e33100003e320000c4320000de32000044340000823f0000c23f0000
62400000ac000000720100001d03000024030000a0030000a3030000ba030000c8030000f9030000180400006e040000
7e040000a5040000f3040000f50400005f05000061050000ea05000086060000a2060000a9060000ab06000002070000
0a070000700700009b070000900800000f09000016090000650a0000a20a00004c0b0000530b0000410c0000440c0000
b4100000141e0000fc1f0000292000002e2100003f21000056210000c6210000fc210000e9230000352400000b250000
162500005d2a00002d2b0000982c0000152d00001230000018300000413000007a30000083300000a530000051320000
833200008e32000084330000f93e0000fc3e000080400000754100007c0000005e02000082030000b705000017060000
7b070000df090000520a00001c0b0000470b0000830b0000860b0000bd0b0000e90c0000dd0d00005b10000077130000
27140000a41a00009a1c0000271f00003b1f0000582000002022000033220000a1220000d52200003927000044270000
5b28000066280000ad290000d9290000fc020000470600005e0b00006c1c0000392000001b2200004b0000008a050000
ae090000680a0000d31f0000d02100002a000000af01000024000000c2000000b3010000b40100008503000085050000
f1070000c00b0000ef1f00001b200000632000003e220000bc0000005e020000fc020000820300007a05000017060000
47060000ed07000063090000af090000df0900006c0a00001c0b0000470b00005e0b0000bd0b0000800c0000dd0d0000
5b1000007213000027140000a41a00006c1c00009a1c0000d41f0000ec1f00003920000058200000d1210000d9210000
1b220000202200003322000039270000442700005b28000066280000ad290000d9290000180000007f000000ab000000
e8000000b4010000da020000dd02000085030000be05000082060000fd0600007f070000ad0b0000af0b0000c00b0000
f40c0000f41f00001b200000632000003e220000ac220000d82200005e000000140100003b010000100200001c020000
77030000cb030000de030000e1030000340400004b040000680400006b040000bf040000c10400000a05000012050000
180500004f05000055050000bb050000bd050000da0500000006000085060000c7060000c207000006080000fb090000
130a00001b0a00003c0a0000440a00004f0a00009a0a0000be0a0000c40a0000ff0a0000010b0000440b0000960b0000
9e0b0000b20b0000d90b0000dc0b0000150c0000180c0000f30c00000d0d00007e0d0000e00d00006e0e0000970e0000
c40e0000670f0000690f00006a0f00006f0f0000930f0000c60f0000051000005e10000054110000ab11000012120000
881200009e1200009f120000cc120000f2120000f512000005130000081300003e1300008113000099130000b3130000
dd1300002a140000e11400000b170000fa1700002818000029180000ff1900001a1a0000231a0000071b0000761b0000
771b0000ac1b0000d31b0000d61c0000121d0000ed1d0000f31d0000401e00004f1e0000311f0000381f0000681f0000
6e1f0000901f0000931f00000820000062200000a4200000db20000086210000e4210000f42100002a2200003d220000
ab220000ca2200005a23000065230000d7230000ff2300001e240000ba2400006b2500006e250000352600003d260000
87260000b7260000ba260000bd260000f12600003c27000041270000c7270000c9270000ce270000da27000017280000
452800005e28000063280000fb28000054290000572900006c290000b0290000ce290000f2290000f52900008e2a0000
992a00001d2b0000882c0000792f00003233000091330000ef3300002b34000064340000fa3400003235000055350000
6135000064350000ca350000eb3500005836000077360000f3370000cc380000d4380000263900002b3900003e390000
4139000088390000593a00007c3a0000843a0000ce3a0000e63a0000003b0000193b0000873b0000b83c0000e73e0000
ef3e0000633f0000b93f0000d03f0000e43f0000234000002540000076400000c6400000c84000004700000013020000
a7030000da03000077040000780400006905000086050000030600004509000047090000b8090000be090000610a0000
090b0000e90b0000051f0000d61f00002d20000080200000ad200000ec2000005c210000d32100000f2200004e220000
382600006e260000173500003e350000ab380000ed3800007f3a0000b53a0000053f0000fa3f00002d00000046000000
b2010000cf0100000502000085050000f1070000c00b00008c1d00003e220000c7220000402300001700000061000000
a8000000b4000000ee000000fa0000003c01000053010000b1010000fb0100001d0200002d020000ed020000f5020000
f9020000110300007a03000096030000f50300006904000073040000c4040000cb040000f60400001e0500007d050000
c1050000c3050000de050000440600008806000099060000c80600000007000006070000b10700000708000031080000
e90800005a090000b2090000210a00004a0a00005e0a0000c10a0000900b0000b50b0000b70b0000e40b00001b0c0000
240c0000460c0000e60c0000f70c00003f0d0000550d0000640d0000810d0000720f00005711000013120000b7120000
cf12000061130000ba13000051140000ec1400004815000049150000b2170000bd170000d01800007a1b00009f1e0000
9a1f00009c1f0000d11f0000fe1f00000b2000001e200000242000003520000066200000632100007221000089210000
ef210000412200006f220000af220000cd220000d2220000112300005d23000066230000ab230000ae230000c1240000
0625000039250000712500007a25000043260000c8260000e1260000e3260000f4260000d1270000e0270000fd290000
212b00008c2c0000802f0000093000003d3000007e320000b5320000353500006735000070350000da3800008a3a0000
233b00008a3b0000bf3c00002d4000003c4000001a0000006300000079000000e500000010010000040200004a020000
570200006c0200007f020000970200009a020000bf020000480300004b030000b7050000170600008a06000017070000
320700007b0700008b080000e3080000e508000000090000df090000410a0000520a00008b0a0000f70a0000f90a0000
1c0b0000250b0000470b0000830b0000860b0000bd0b0000a20c0000d50d0000e80d00005b1000000711000077130000
271400003d150000691700009c190000f91900002c1a0000b21a0000c51a00009a1c0000a31c00004c1d0000521d0000
8b1d0000271f00003b1f00004920000020220000332200009e22000039230000202700002a2700005c27000065270000
aa270000ad2700005b28000066280000aa280000b3280000ad290000c6290000c8290000d92900001d3b0000543b0000
c13b0000c33b0000e73b0000f03b0000133c0000383d0000f53d0000953e0000a43e0000e60200000c03000047060000
480700005e0b00001e1500004b170000f11a0000fa1a0000391c00006c1c0000cc1c00003f2000001b2200002a3c0000
283e00002f0000006b000000b7000000b8010000e00100008a05000092060000cf080000ae0900005f0a0000680a0000
e40a0000e31f0000d02100002f3b0000ad3b00001d0000003b0000006e0000000201000082010000ae010000b9010000
cb010000e1010000040200004a020000570200006c0200007f020000bf020000e60200000c0300007a05000017060000
4706000095060000170700003207000048070000ed07000096080000ce080000d00800000009000063090000af090000
df0900003d0a00006c0a0000b00a0000db0a0000e50a00001c0b0000250b0000470b00005e0b0000bd0b0000a00c0000
d50d0000e80d00005b1000000711000072130000271400001e1500003d1500004b170000691700009c190000f9190000
2c1a0000b21a0000c51a0000f11a0000fa1a0000391c00006c1c00009a1c0000a31c0000cc1c00008b1d0000e41f0000
e61f00003f20000049200000d1210000d92100001b22000020220000332200009e22000039230000202700002a270000
5c27000065270000aa270000ad2700005b28000066280000aa280000b3280000ad290000c6290000c8290000d9290000
1a3b0000793b0000a43b0000ae3b0000e73b0000f03b0000133c00002a3c0000383d0000f53d0000283e0000953e0000
a43e0000190100001002000009030000ed0300005d0400006b0400003b0500004f050000c00500000006000045070000
82090000b60a0000ff0a0000580b0000630b0000dc0b0000930d0000d50e0000260f0000420f00003910000070120000
bd120000c2120000e5120000f5130000fd15000022160000251700002d170000401700005c1800007918000031190000
3a1a0000531a0000381c0000601c0000821c0000c81c0000032000003e200000a1200000d120000067210000f2210000
182200001e220000582400008624000035260000702b0000cc2b00001e350000483500009136000007380000b3380000
0439000035390000b2390000c4390000203a00007c3a0000243c0000243e0000e73e0000fd4000003d41000040000000
6a000000130200009b030000c5030000d2030000ea030000780400001005000015050000690500007f05000003060000
910600008a070000cc08000053090000720900007e090000f7090000fe0900000f0a0000160a00003f0a00004c0a0000
670a0000690a0000d90a0000090b0000e90b00007c0c00008d0e00007212000066130000f9170000fd170000fe190000
091a0000051f0000df1f00002d20000082200000ad200000ec200000c9210000d42100000f2200004e220000d6230000
f1230000382600006e260000f4290000022a000022330000813300005f360000eb370000af380000c8380000cf380000
6e3900007f3a0000b53a00001c3b0000a23b0000053f0000fa3f000074400000774000001e000000200000005b000000
88000000f400000017010000ad010000bf01000005020000a1020000a30200007203000074030000be05000082060000
fd0600007f070000ad0b0000af0b0000c00b00008c1d00003e220000c722000040230000170000001d0000003b000000
61000000b4000000c7000000fa000000fb0000001b0100003c010000ac010000ae010000cb0100000002000004020000
370200009e020000a60200005c030000670300007f0300008803000096030000f50300006904000073040000c4040000
cb040000f60400001e0500007a0500007d0500008105000092050000c2050000c3050000330600006e06000088060000
c8060000b8070000c5070000ed070000ee070000f0070000f607000022080000550800005e0800007c08000040090000
ce0900004a0a00005e0a0000c10a0000970b0000a20b0000a50b0000ba0b0000bd0b0000c30b00005d0c0000be0c0000
e60c00003d0d00003f0d0000550d00002d0e0000720f0000131200008e120000b7120000b81200001613000061130000
ba1300005c14000007180000211800004418000045180000941800009d180000d0180000631a00006c1a00007a1b0000
8b1d00008d1d0000d21e0000e91f0000f21f0000ff1f00000b2000003320000052200000552000006820000096210000
b2210000ef2100002d22000030220000332200003a220000432200006a2200009e220000ba2200003923000044230000
a3240000a3250000d1270000e0270000112a0000342a00003d2a0000762a0000942a0000112b0000222c00003b2c0000
3d2c00004e2c0000602c0000ec2c0000622f000035330000453300006b330000743300009d35000052360000e0370000
4f390000233b00008a3b0000bf3c0000a8410000b7410000430e0000c30e0000e70e0000fb0e0000400f00003a160000
601b0000aa1b0000d223000040280000d42d0000a82e0000423400008639000098390000b0390000fb3a00005c3c0000
7e3c00004d3d00005b3d0000623d0000833d0000863d0000dc3d00003f3e0000ba3e00007b3f0000b73f00005d400000
4413000098130000b7130000bc130000f41300007b170000fc190000b51c0000d51c0000cb290000480a0000900a0000
fa0a0000fd0a0000260b00006a170000fd1900002d1a0000a41c0000c9290000cc290000bb03000033040000ab040000
b004000062050000950a0000de0a00001a0b0000590b0000560e00006c0e0000a10e0000de0e0000b80f0000ba0f0000
70130000901300001d14000024140000d315000044170000641700006f170000a4180000d9180000981c0000ca1c0000
cc21000019220000d5230000ea230000fb230000432400004524000060240000f62700001f280000a3290000aa290000
bf290000d7290000242d0000f32d0000592e0000fd2f000084300000323100005531000090330000aa33000028340000
90340000ca340000f5350000fd3e00004e3f0000513f0000634000006b400000df400000354100004c41000060410000
4c170000cd1c0000460a0000b40a0000df0a0000e60a0000260b00004c1700006a170000fd1900002d1a0000a41c0000
cd1c0000c9290000cc2900004b0e0000ea0e000058130000c0130000af150000421600009f170000631b00007f1b0000
b41b0000ba1c0000ec1c0000cc210000ea230000dc2d0000ab2e00009b310000e431000045340000833f0000c33f0000
634000008a010000530300006b090000cb0a0000380b00008e0b00000e0d0000a60d00000610000074110000ba120000
e01200009f130000f8130000b4170000d31a0000b61c0000fd1c0000741f0000801f00000220000010200000f1210000
f92100007a230000b62300003b2700005d280000af2900007d0000005f02000083030000b9050000180600007d070000
e3090000530a00001d0b0000480b00008a0b0000910b0000be0b0000ea0c0000de0d00005c1000007813000028140000
a51a00009b1c0000281f00003c1f0000592000002122000034220000a2220000d62200003a270000452700005c280000
67280000ae290000da2900001a000000e2000000f9010000fb0100004b02000053020000a6020000d90d000044180000
22270000282700009c000000e3000000510100007b010000ab01000049020000d2020000e50200005b03000063030000
0006000085060000ae070000af0700000608000099080000fb090000960b00009e0b0000b20b0000c10c0000050d0000
320d0000d40d0000d70d0000ef0d0000380e000005100000d3100000a8110000591400005b1400006714000068190000
ef1a00003a1b0000ff1c0000591d0000651d0000d11d0000e01d0000901f00009f1f0000162000004e200000ae220000
0e230000242300001f27000021270000252700007b270000bd27000063280000f0280000fd020000480600005f0b0000
6e1c00003a2000001c220000ed020000f01a00002b000000b001000026000000c3000000b50100008603000086050000
f2070000c10b0000f01f00001c200000642000003f220000bd0000005f020000fd020000830300007e05000018060000
48060000ef0700006e090000b3090000e30900006d0a00001d0b0000480b00005f0b0000be0b0000810c0000de0d0000
5c1000007313000028140000a51a00006e1c00009b1c0000d51f0000ed1f00003a20000059200000d2210000da210000
1c22000021220000342200003a270000452700005c28000067280000ae290000da29000017000000f3000000ac010000
b10100004b02000053020000a6020000ed020000d90d000044180000f01a00002227000028270000eb00000092010000
ab010000210300005b0300001309000073090000960b00003e0d00008b0d0000a80d000075110000e21200005b150000
7f150000ba170000061c0000071d000012200000422000007c230000be2300001900000080000000ac000000ea000000
b5010000e1020000e802000086030000bf05000086060000fe06000080070000b00b0000b30b0000c10b0000f50c0000
f51f00001c200000642000003f220000ad220000d9220000cc030000e2030000350400004c0400006c040000c2040000
0b050000190500005005000056050000dc050000c30700001c0a0000450a0000bf0a0000dd0b0000190c00006f0e0000
980e0000c50e00006b0f0000700f0000940f0000c70f000055110000ac1100008c120000a01200000c13000013130000
46130000b5130000e21400000d170000781b0000ad1b0000131d0000ee1d0000f41d0000411e0000501e0000a5200000
dc20000087210000e5210000d8230000002400001f240000bc2400006f2500003e2600008b260000be260000c5260000
f2260000ca270000cf270000dc2700001828000046280000fc2800005829000070290000f62900008f2a00009a2a0000
1f2b00008a2c00007b2f00003333000092330000f03300002c34000065340000fb340000333500005635000065350000
cb350000ec3500005936000078360000f4370000d5380000273900002c390000453900004c390000893900005a3a0000
853a0000d23a0000e83a0000013b00001e3b0000883b0000ba3c0000e83e0000f03e0000643f0000ba3f0000d13f0000
e53f0000264000002b40000078400000c9400000cc4000005e00000050010000100200001c0200007703000000060000
85060000ae070000af0700000608000099080000fb090000960b00009e0b0000b20b0000960c0000bd0c00000d0d0000
440d00002a0e00002c0e000005100000d3100000a8110000591400005b1400006714000034150000fa17000049180000
68190000ff1c0000901f00009f1f0000ab220000ca2200000a2300005a2300005c230000842300004127000083270000
63280000f028000047000000d001000086050000f2070000c10b00003f220000cb22000041230000bd00000055010000
fd020000150300009a030000f80300006d04000074040000c5040000cc040000f70400001f0500007e050000c4050000
df050000480600009a06000007070000b3070000350800005b090000b3090000220a00004b0a0000600a0000c20a0000
910b0000e50b00001c0c0000250c0000470c0000f10c0000570d0000730f000058110000b912000065130000bb130000
52140000ed140000b3170000be170000d11800007b1b0000d51f00002620000064210000732100008a210000f0210000
70220000d622000013230000b2230000b9230000c22400000a2500003a250000722500007b25000044260000c9260000
e4260000e7260000f5260000d2270000e1270000fe290000222b00008d2c0000812f00000a3000003e30000082320000
b6320000363500006835000071350000db3800008b3a0000243b00008b3b0000c03c00002e4000003d4000006b090000
cb0a0000380b00008e0b0000770c0000300d00004b0d0000580d0000a60d00000610000074110000ba120000e0120000
44130000981300009f130000b7130000bc130000f4130000f81300009d1500007b170000b4170000fc190000d31a0000
381b0000b51c0000b61c0000d51c0000fd1c0000741f0000801f0000f1210000f9210000a6220000b52700005d280000
af290000cb290000943b0000043c0000a83c0000bc3c0000c13c0000013d0000053d0000b43d0000323e0000973e0000
7d00000012010000830200004f03000056030000b9050000180600007d070000e3090000480a0000530a0000900a0000
fa0a0000fd0a00001d0b0000260b0000480b00008a0b0000910b0000be0b00005c10000078130000281400003f150000
6a170000fd1900002d1a0000c91a00009b1c0000a41c0000281f00003c1f00002122000034220000a92200003b230000
b1270000b82700005c28000067280000ae290000c9290000cc290000da290000213b0000593b0000c43b0000c73b0000
e83b0000f13b0000143c0000393d0000f63d0000963e0000a53e0000480600005f0b0000221500004c170000fc1a0000
6e1c0000cd1c00001c2200002b3c0000293e00003f0000008d010000cd010000e5010000830200007e05000018060000
48060000ef0700006e090000b3090000e3090000460a00006d0a0000b40a0000df0a0000e60a00001d0b0000260b0000
480b00005f0b0000be0b00005c1000007313000028140000221500003f1500004c1700006a170000fd1900002d1a0000
c91a0000fc1a00006e1c00009b1c0000a41c0000cd1c0000d2210000da2100001c2200002122000034220000a9220000
3b230000b1270000b82700005c28000067280000ae290000c9290000cc290000da2900001f3b00007d3b0000a83b0000
af3b0000e83b0000f13b0000143c00002b3c0000393d0000f63d0000293e0000963e0000a53e0000ee0300005e040000
6c0400003c0500005005000083090000590b0000dd0b0000d70e0000270f0000430f000074120000c4120000e6120000
fe150000241600003117000044170000621c0000861c0000ca1c0000a2200000d2200000682100001922000059240000
872400003e260000712b0000cd2b00001f350000493500009236000008380000b43800000539000036390000b3390000
c8390000243a0000853a0000253c0000263e0000e83e0000fe4000003e4100001309000073090000960b00007d0c0000
4c0d000075110000e2120000fe140000a3150000ba170000d41a0000f41a0000421b0000061c0000071d0000ca220000
5f0000008900000018010000c00100007503000078030000bf05000086060000fe06000080070000b00b0000b30b0000
c10b00003f220000cb220000412300003f000000bd0000001d010000cd0100006b030000830300009a030000f8030000
6d04000074040000c5040000cc040000f70400001f0500007e05000093050000c40500006f060000c6070000ef070000
f7070000560800005f0800007d080000410900004b0a0000600a0000c20a0000a60b0000be0b00005e0c0000f10c0000
570d0000730f00008f120000b91200001713000065130000bb130000d11800007b1b0000ed1f00000120000059200000
6020000097210000b3210000f0210000342200003b2200006b220000a9220000be2200003b23000046230000a4240000
a4250000d2270000e1270000152a0000352a00003e2a0000772a0000952a0000122b0000232c00003e2c0000412c0000
4f2c0000612c0000ed2c0000632f000036330000463300006c330000753300009e35000053360000e137000050390000
243b00008b3b0000c03c0000a9410000b8410000cc030000e203000017040000350400004c0400006c040000c2040000
0b050000190500005005000056050000dc050000c30700001c0a0000450a0000bf0a0000dd0b0000190c00006f0e0000
740e0000950e0000980e0000c50e0000ee0e0000600f0000650f00006b0f0000700f0000940f0000c70f000055110000
ac1100008c120000a01200000c1300001313000046130000b5130000e2140000e91500000d170000781b0000ad1b0000
131d0000ee1d0000f41d0000f91d0000341e0000411e0000461e0000501e0000a5200000dc20000087210000e5210000
d8230000002400001f24000034240000bc2400006f2500003e2600008b260000be260000c5260000f2260000ca270000
cf270000dc27000018280000462800004c280000fc2800005829000070290000f62900008f2a00009a2a00001f2b0000
8a2c0000142d0000ec2e00007b2f00003333000092330000f03300002c34000065340000fb3400003335000056350000
65350000cb350000ec3500005936000078360000ee3600000f370000f4370000d5380000273900002c39000045390000
4c3900007839000089390000b8390000bf390000e03900005a3a0000743a0000853a0000d23a0000e83a0000013b0000
093b00001e3b0000883b0000393c0000443c0000463c0000593c00006e3c00006f3c0000833c0000ba3c00004e3d0000
5c3d0000773d0000903d0000923d0000a73d0000143e0000403e00005d3e00005f3e0000bb3e0000c63e0000e83e0000
f03e0000643f0000ba3f0000d13f0000d83f0000e53f0000264000002b40000078400000c9400000cc40000074410000
5e00000050010000100200001c020000770300000006000085060000ae070000af0700000608000099080000fb090000
4f0a0000a00a0000ff0a0000010b0000440b0000960b00009e0b0000b20b0000960c0000bd0c00000d0d0000440d0000
2a0e00002c0e000005100000d3100000a81100004e1300006913000099130000b81300000d1400000f14000059140000
5b14000067140000341500006c170000fa1700004918000068190000ff1900002f1a0000ff1c0000311f0000381f0000
481f0000681f00006a1f0000791f0000901f00009f1f0000ab220000ca2200000a2300005a2300005c23000084230000
412700008327000063280000f0280000ce290000d029000047000000d001000086050000f2070000610a0000e70a0000
c10b0000391f0000601f00003f220000cb22000041230000bd00000055010000fd020000150300009a030000bc030000
d1030000f80300001b0400006d0400007404000081040000c5040000cc040000f70400001f0500006305000064050000
7e050000c4050000df050000480600009a06000007070000b3070000350800005b090000b3090000220a00004b0a0000
600a00006d0a0000ac0a0000c20a00005f0b0000670b0000910b0000e50b00001c0c0000250c0000470c0000f10c0000
570d00007b0e0000f10e0000730f000058110000b9120000651300007f130000bb130000c313000052140000ed140000
b3170000be170000d11800007b1b0000ea1d0000f11d0000fc1d0000181e00004c1e00004e1e00003c1f00004d1f0000
7c1f0000831f0000d51f00002620000064210000732100008a210000d2210000f02100000622000070220000d6220000
13230000b2230000b9230000eb23000038240000c22400000a2500003a250000722500007b25000044260000c9260000
e4260000e7260000f5260000d2270000e1270000fe290000222b00008d2c0000182d0000ef2e0000812f00000a300000
3e30000085300000a8300000163200002432000082320000b6320000fe3400003635000068350000713500005e360000
f736000012370000db3800008b3a0000243b00008b3b0000c03c0000fe3e0000ff3e0000df3f0000e23f00002e400000
3d40000079400000784100005e000000140100003b010000100200001c02000077030000bb050000bd05000000060000
85060000c706000006080000fb0900004f0a00009a0a0000c40a0000ff0a0000010b0000440b0000960b00009e0b0000
b20b0000f30c00000d0d00007e0d0000e00d0000051000005e10000012120000cc120000f2120000f512000081130000
99130000dd1300002a140000fa1700002818000029180000ff1900001a1a0000231a0000071b0000d31b0000d61c0000
311f0000381f0000681f00006e1f0000901f0000931f00000820000062200000f42100002a2200003d220000ab220000
ca2200005a230000652300003c270000412700005e28000063280000b0290000ce290000470000001302000086050000
03060000b8090000610a0000090b0000051f0000d61f00002d200000d32100000f2200002d000000b201000005020000
8c1d00001700000061000000a8000000ee000000fa0000003c010000b1010000fb0100001d0200002d020000ed020000
f50200007a030000c105000088060000c80600000007000007080000e9080000b50b0000b70b0000f70c00003f0d0000
640d0000810d000013120000cf12000048150000491500009f1e00009a1f00009c1f0000fe1f00000b2000001e200000
352000006620000041220000af220000cd2200005d230000662300009c000000e300000016010000510100007b010000
ab01000049020000d2020000e50200005b03000063030000bb050000bd0500000006000085060000c7060000ae070000
af0700000608000099080000fb0900004f0a00009a0a0000a00a0000c40a0000ff0a0000010b0000440b0000960b0000
9e0b0000b20b0000c10c0000d30c0000fe0c0000050d0000320d0000520d0000cc0d0000cf0d0000d40d0000d70d0000
ef0d0000380e0000051000005e100000d3100000a811000012120000cc120000f2120000f51200004e13000069130000
8113000099130000b8130000dd1300000d1400000f1400002a140000591400005b14000067140000431500006c170000
68190000ff1900001a1a0000231a00002f1a0000ef1a00003a1b0000d31b0000d61c0000ff1c0000591d0000651d0000
6f1d0000b51d0000d11d0000d41d0000e01d0000311f0000381f0000481f0000681f00006a1f00006e1f0000791f0000
901f0000931f00009f1f0000162000004e200000f42100002a2200003d220000ae2200000e230000242300003f230000
1f27000021270000252700007b270000bd270000c52700005e28000063280000f0280000b0290000ce290000d0290000
273b0000633b0000693b00008d3b0000c93b0000cb3b0000103c0000a93c0000bd3c0000e63c00001e3d0000203d0000
3b3d0000f83d0000333e0000533e0000543e0000983e0000a73e000026000000c3000000b5010000ea01000086030000
8605000003060000f2070000b8090000610a0000e70a0000090b0000c10b0000681d0000971d0000051f0000391f0000
601f0000f01f00001c20000064200000d32100000f2200003f220000303b0000b03b0000d33b00004b3e0000bd000000
5f020000fd020000830300009a030000bc030000d1030000f3030000000400002e040000740400009b040000b1040000
b80400001f05000025050000630500007e05000018060000480600009a060000d6060000ef0700000e0800005b090000
6e09000088090000b3090000e3090000220a00002a0a00004b0a0000600a00006d0a0000e30a0000080b00001d0b0000
480b00005f0b0000be0b0000e50b0000810c0000de0d0000900e0000da0e0000040f0000200f00005c10000075120000
9b120000c7120000d21200007313000028140000eb150000ef150000a51a00006e1c00009b1c0000f61e0000f91e0000
161f00001d1f00002f1f00005d1f0000d51f0000ed1f00003a200000592000008720000099200000b1200000c7200000
ef20000033210000cf210000d2210000da2100000b2200001c220000212200003422000051220000d9230000eb230000
462400004f24000044260000782600003a270000452700005c28000067280000ae290000da290000f7290000fe290000
422b0000462b00000a30000023300000853000009f30000038320000643200004a330000ab3300005e36000087360000
f137000002380000b9380000db380000e33800003139000071390000a63900004d3a0000543a00008b3a0000bf3a0000
243b0000ac3b0000d23b0000483e0000fe3e0000fd3f0000794000007a4000005a4100005d4100001700000061000000
a8000000f30000001a010000ac010000b1010000c20100004b02000053020000a6020000ed0200007a0300007c030000
c105000088060000c80600000007000007080000e9080000b50b0000b70b0000dc0c0000530d0000d90d000013120000
cf12000044180000f01a00004e1d00005e1d0000701d0000901d0000db1d0000dd1d00009f1e00009a1f00009c1f0000
41220000cd2200004323000022270000282700006b090000cb0a0000380b00008e0b0000770c0000300d00004b0d0000
580d0000a60d0000720e0000bc0e0000f00e0000f20e00003c0f00000610000074110000ba120000e012000044130000
4a130000981300009f130000a5130000b7130000b9130000bc130000c4130000f4130000f81300009d150000f6150000
7b17000093170000b4170000ae180000fc190000d31a0000381b00006a1b0000901b0000b51c0000b61c0000d51c0000
e01c0000fd1c00002c1f0000741f0000801f0000f1210000f9210000a6220000b5270000312800005d280000af290000
cb290000e3290000ec360000063700001137000013370000293700005b37000080370000c0370000cb370000a3380000
943b0000043c0000a83c0000bc3c0000c13c0000013d0000053d0000b43d0000323e0000973e00007d00000012010000
830200004f03000056030000cf03000040040000b4040000b6040000e0040000b9050000180600007d070000e3090000
480a0000530a0000900a0000980a0000fa0a0000fd0a00001d0b0000260b00002a0b0000340b00003b0b0000480b0000
8a0b0000910b0000be0b00005c10000078130000281400003f150000da1500006a17000072170000af180000db180000
fd1900002d1a0000c91a0000571b00009b1c0000a41c0000a81c0000281f00002f1f00003c1f00005d1f000021220000
34220000a92200003b230000b1270000b827000030280000322800005c28000067280000ae290000c9290000cc290000
da290000df290000e62900005c3600006736000082360000853600008e36000055370000813700008f370000ba370000
a1380000a4380000213b0000593b0000c43b0000c73b0000e83b0000f13b0000143c0000393d0000f63d0000963e0000
a53e0000480600005f0b000022150000bd1500004c17000054170000fc1a0000831b00006e1c0000cd1c0000cf1c0000
1c2200004b370000c83700002b3c0000293e00003f0000008d010000cd010000e501000083020000cd0300004a040000
8d0400008e040000e00400007e0500001806000048060000ef0700006e090000b3090000e3090000460a00004b0a0000
6d0a0000b40a0000ce0a0000df0a0000e30a0000e60a0000ee0a00001d0b0000260b00002a0b0000480b00005f0b0000
be0b00005c1000007313000028140000221500003f150000bd150000da1500004c170000541700006a17000072170000
af180000db180000fd1900002d1a0000c91a0000fc1a0000571b0000831b00006e1c00009b1c0000a41c0000a81c0000
cd1c0000cf1c00002f1f00005d1f0000d2210000da2100001c2200002122000034220000a92200003b230000b1270000
b827000030280000322800005c28000067280000ae290000c9290000cc290000da290000df290000e62900005a360000
753600007e3600007f3600008e3600004b37000055370000813700008f370000ba370000c8370000a1380000a4380000
1f3b00007d3b0000a83b0000af3b0000e83b0000f13b0000143c00002b3c0000393d0000f63d0000293e0000963e0000
a53e00001a00000063000000e5000000040200004a020000570200006c020000970200009a020000bf0200008a060000
17070000320700008b080000e3080000e508000000090000a20c0000d50d0000e80d0000071100009c190000b21a0000
4c1d0000521d00008b1d000049200000202700002a2700005c27000065270000aa280000b3280000e60200000c030000
48070000f11a0000391c00003f2000002f0000006b000000b801000092060000cf080000e31f00001d0000006e000000
02010000ae010000b9010000040200004a020000570200006c020000bf020000e60200000c0300009506000017070000
320700004807000096080000ce080000d008000000090000a00c0000d50d0000e80d0000071100009c190000b21a0000
f11a0000391c00008b1d0000e41f0000e61f00003f20000049200000202700002a2700005c27000065270000aa280000
b32800009c000000e3000000510100007b010000ab01000049020000ae020000c6020000d2020000e50200005b030000
630300008f030000a2030000e6030000e8030000030400009d0400009e040000f4040000000600003006000085060000
c7060000ae070000af070000ce070000060800001d0800006f08000099080000b0080000b6080000ec080000f0080000
3d090000cb090000fb090000070a00008f0b0000930b0000960b00009e0b0000b20b0000ca0b0000fe0b0000000c0000
c10c0000d30c0000050d00000f0d0000320d0000520d0000d40d0000d70d0000ef0d0000380e00003b0e00009d0e0000
cf0e0000090f00004b0f00004c0f0000750f00000510000007100000d310000044110000a7110000a8110000b1110000
e1110000ef1100000012000012120000171200006712000069120000a9120000591400005b140000671400006a140000
a214000035150000d6160000d318000068190000851900009f190000601a00006b1a0000ef1a00003a1b0000891b0000
fe1c0000ff1c00001f1d0000411d0000591d0000651d0000941d0000d11d0000e01d0000221e0000231e0000be1e0000
d11e0000f21e0000901f00009f1f0000b11f0000b71f0000162000004e200000802100009e210000ae220000b6220000
e22200000e2300002423000088230000982300009b230000da250000e1250000f1250000112600001326000022260000
1f2700002127000025270000492700007b27000087270000bd270000d4270000e3270000632800006b280000ef280000
f0280000082900002d2900004529000067290000172a0000ac2a0000b52a00003f330000d2330000f5330000da340000
2c350000d8350000043600001d360000243600004f360000a6360000ae360000db360000dd360000673700001c380000
2338000037380000583800005a3800006a38000080380000260000004f000000c3000000b5010000d201000086030000
ab03000075040000a5040000860500008e050000f2070000f40700006a080000da0800004f090000bf0b0000c10b0000
080c0000141e0000f01f00001c2000006420000061210000352200003f2200005e220000e522000049230000e2250000
092600001c35000000360000243800004f380000eb00000092010000ab010000210300005b030000fa0300009d040000
2205000045070000130900001f0900006c09000073090000920900008f0b0000960b0000fe0b0000850c00003e0d0000
4d0d00008b0d0000a80d0000d40e00002a0f00007511000076110000d91100001c120000e1120000e2120000eb120000
161500005b1500007f150000ab15000013160000c5160000f8160000ba170000c2170000e3180000d51a0000f81a0000
461b0000791b0000061c00002e1c0000381c00003b1c0000531c0000071d00000b1d000012200000422000006d210000
b0210000e22200007c230000be230000e12500007d2b0000dc2b000024350000343600009f36000043370000a1370000
a3370000b33700002338000019000000800000008d0000009f000000ac000000ea00000020010000b5010000d8010000
e1020000e8020000860300008b03000092030000a0030000a3030000f90300006e040000a5040000f3040000f5040000
bf050000c70500008606000091060000fe0600007e0700008007000092070000700800007208000079080000a3080000
cc080000d40800003b0900003e090000b00b0000b30b0000bf0b0000c10b0000c60b0000cd0b0000080c0000f50c0000
82120000141e0000f51f00001c2000006420000091210000352200003f2200005e220000ad220000d9220000e5220000
49230000e225000009260000162a0000212a00002a330000053600000f3600001f3600004d3600005036000024380000
4f380000ee0300005e0400006c0400003c0500005005000083090000590b0000dd0b00008f0e0000d70e0000000f0000
270f0000430f000074120000c4120000e6120000bb150000fe1500001e160000241600003117000044170000741b0000
821b00009b1b0000621c0000861c0000ca1c0000f41d0000a2200000d220000068210000192200005924000087240000
3e260000712b0000cd2b00001f350000493500009236000049370000c737000008380000b43800000539000036390000
703900009d390000b3390000c8390000eb390000243a00003a3a0000473a00005a3a0000853a0000253c0000523c0000
6e3c00008d3c0000633d0000843d0000ea3d0000193e0000263e00003b3e0000e83e0000fe4000003e41000013090000
73090000960b00007d0c00004c0d000075110000e212000067130000bd130000fe140000a31500004717000096170000
ba170000d41a0000f41a0000421b0000061c0000bf1c0000cb1c0000e51c0000071d0000381f0000ca2200005f000000
8900000018010000c00100007503000078030000bf05000086060000fe06000080070000500a0000620a0000b50a0000
e00a0000420b0000450b0000b00b0000b30b0000c10b0000391f0000601f00003f220000cb220000412300003f000000
bd0000001d010000cd0100006b030000830300009a030000b3030000d1030000f80300003c0400006d04000074040000
87040000c5040000cc040000f7040000fd040000080500001f0500007e05000093050000c40500006f060000c6070000
ef070000f7070000560800005f0800007d080000410900004b0a0000600a00006d0a0000c20a0000e30a0000400b0000
480b0000a60b0000be0b00005e0c0000f10c0000570d00007b0e0000f10e0000730f00008f120000b912000017130000
651300007f130000bb130000c3130000d11800007b1b0000e61d00001d1e00002f1f0000341f00005d1f0000631f0000
ed1f000001200000592000006020000097210000b3210000da210000f02100002122000028220000342200003b220000
6b220000a9220000be2200003b23000046230000dc230000ec23000016240000312400007124000073240000a4240000
a4250000d2270000e1270000152a0000352a00003e2a0000772a0000952a0000122b0000232c00003e2c0000412c0000
4f2c0000612c0000ed2c0000fd2c0000342d0000e52e0000632f000036330000463300006c330000753300009b330000
a4330000b43300000c3500009e350000533600005e360000f736000012370000e137000050390000243b00008b3b0000
c03c00006440000081400000cd400000164100002141000079410000a9410000b8410000190100001002000009030000
c00500000006000045070000b60a0000ff0a0000630b0000930d000039100000bd120000f5130000251700005c180000
79180000311900003a1a0000531a0000381c0000032000003e200000f22100001e220000400000006a00000013020000
7f0500000306000091060000cc08000072090000f7090000fe0900004c0a0000690a0000090b00007c0c000066130000
f9170000fd170000fe190000091a0000051f0000df1f00002d200000d42100000f2200001e00000020000000f4000000
ad01000005020000a1020000a30200008c1d0000170000001d00000061000000c7000000fa000000fb0000003c010000
ac010000ae0100000002000004020000370200009e020000a60200005c03000088030000810500003306000088060000
c8060000b8070000f007000022080000ce090000970b0000c30b0000be0c00003d0d00003f0d00002d0e000013120000
5c14000007180000211800004418000045180000941800009d180000631a00006c1a00008b1d00008d1d0000d21e0000
f21f00000b200000332000006820000043220000bd0000005f020000fd020000830300009a0300009f030000bc030000
db03000000040000020400002e0400006d04000071040000a1040000a4040000bd040000f1040000f704000051050000
6a0500007e05000018060000480600009a060000d6060000ef07000068080000d90800004e0900005b0900006e090000
9e090000b3090000d3090000e3090000030a00000b0a00006d0a00001d0b0000480b00005f0b0000be0b0000de0b0000
070c0000810c0000de0d00006d0e0000d20e0000da0e0000bb0f00005c100000381100009b120000c712000073130000
2814000080140000aa180000b6180000d1180000d51800000a1900001319000051190000ba190000761a00007a1a0000
a51a00006e1c00009b1c0000111e0000171e0000ee1e00000b1f0000d51f0000ed1f00003a2000005920000081200000
99200000c6200000f020000033210000602100007a210000d2210000da2100001c22000021220000342200005a220000
d8250000062600004c26000062260000932600009a2600003a270000452700005c28000067280000ae290000da290000
0a30000023300000853000009f3000003832000064320000c533000029340000a1340000bb3400001b35000028350000
3f35000053350000fe3500001a3800004c380000bc380000c4380000ee3800001b390000023a0000933a0000a93a0000
da3a0000e13a0000e93e0000063f0000523f00009b3f0000a63f0000fe3f00001700000042000000a8000000f3000000
5a010000ac010000b1010000ce0100004b02000053020000a6020000b1020000cb020000ed0200008105000033060000
88060000c8060000b8070000f007000022080000ce090000970b0000c30b0000dc0c0000530d0000d90d000013120000
5c14000044180000631a00006c1a0000f01a0000441d0000951d0000d21e000043220000b3220000cf2200001d230000
3e230000a2230000a42300002227000028270000eb00000092010000ab010000210300005b030000c005000000060000
450700001309000073090000b60a0000ff0a0000630b0000960b0000f60c00003e0d00005b0d00008b0d0000a80d0000
3910000075110000bd120000e212000067130000bd130000f5130000161500005b1500007b1500007f15000025170000
4717000096170000ba170000311900003a1a0000531a0000e91a0000f81a00001b1b0000061c0000381c0000bf1c0000
cb1c0000e51c0000071d0000651d0000381f00001220000042200000f22100001e2200007c230000be2300007f3b0000
c93b00002f3c0000c23c0000023d0000cf3d0000043e0000273e000019000000800000009f000000ac000000cb000000
ea00000091010000b5010000d8010000ce020000d5020000e1020000e8020000860300007f050000bf05000003060000
8606000091060000fe06000080070000cc08000072090000f7090000fe0900004c0a0000500a0000620a0000690a0000
b50a0000e00a0000090b0000420b0000450b0000b00b0000b30b0000c10b0000f50c000066130000fe190000091a0000
681d0000971d0000051f0000391f0000601f0000f51f00001c20000064200000d42100000f2200003f220000ad220000
d9220000253b0000283b00007e3b0000a93b0000d33b00000e3c0000113c00004b3e0000f7030000300400009a040000
00050000f3060000630700009e0e0000b00e0000d00e0000db0e0000290f00002b0f0000380f0000ec0f0000c1100000
f01000007d110000b5120000c8120000ee12000010160000e2170000e2180000661b0000cb1b0000fb1b0000291d0000
311e00003b1e00009a2000009b2000003421000038210000462500005d250000cd27000006280000be2800007c290000
502a00005b2d0000832e00006d300000a2300000b5300000db3000004c31000065310000bd310000dd31000029320000
2d320000393200003d3200006532000067320000c3320000db320000e7320000103300009c030000bd030000e4030000
a4040000c3040000cf040000d9040000e8040000ed04000003050000e7050000a10600001e0700006f07000098070000
f3090000330c00003a0c0000600e00006c0f00008b0f0000b01000000a11000010170000501b0000ef1b00005e1c0000
e81d0000ec1d0000111e0000d8200000522100000725000015250000cb270000e5270000052800000e280000bd280000
c1280000782900007f290000532a00002a2b0000952c000011300000463000007930000086300000af300000b8300000
ff3000003e31000078310000b9310000d531000013320000183200004d320000703200007f3200008d320000e6320000
ea3200000f3300001a330000a10000006d01000027020000290200007c0200008a06000017070000320700008b080000
e3080000e508000000090000071100003b150000131800004d1800009c190000c21a0000a1270000a3270000aa280000
b32800006f010000d90100007702000021030000a2030000e6030000e8030000030400009d0400009e040000f4040000
0c060000a8060000be060000de060000ec060000ff060000160700003d070000450700006607000068070000d8070000
120800008d080000cd080000fb08000013090000430c0000df0c0000280d0000f30d0000f60d00009d0e0000cf0e0000
090f00004b0f00004c0f0000750f000018100000a1100000a7100000ba100000cd100000dc1000000411000006110000
101100002c1100004e1100004312000046120000d2140000d4140000161500003a1500003c1500009b160000d3180000
1d1900006b190000bd1a0000f81a0000891b0000061c00001a1c0000381c0000221e0000231e00008c1e0000901e0000
b11e0000b71e0000f91f0000422000003b2100004d2100000c2500002725000030250000972700009a2700009e270000
a6270000d4270000e32700008e280000a7280000a9280000ae280000b2280000ca280000e328000017290000552a0000
5c2a0000de2a0000582b00005a2b00008c2b0000ae2c0000712d0000342e0000dd2f0000173000002c3000003b300000
7030000072300000d6300000ec3000000531000025310000cc310000f43100000b320000113200004832000084320000
a3320000ac320000f43200001a050000320500004d070000051700007d1b0000731c0000d02000004721000056300000
be300000443200006f3200004807000019150000f91a0000391c0000a9000000db01000092060000cf080000a4000000
de010000ab03000075040000a5040000a30500008d060000b10600000207000070070000fc070000d2080000141e0000
fc1f0000292000002d2100003f210000562100005d2a00002d2b0000712c00007a30000036320000513200009f030000
c00300000a040000710400007c040000a4040000c3040000cf040000d9040000030500001a05000032050000a1050000
b00600001e0700004d0700006f070000fb070000aa090000c3090000f30900005f0e00006c0f00008b0f000095100000
0a1100000517000010170000501b00007d1b0000ef1b00005e1c0000731c0000111e00007a2000007b200000d0200000
d8200000282100002c2100004721000052210000cb270000e5270000052800000e280000bd280000c128000078290000
7f290000532a00002a2b00006f2c000046300000563000007930000089300000af300000b8300000be300000c9300000
ff3000003d31000078310000b9310000d53100003132000035320000443200004d3200005a3200005b3200006f320000
70320000e6320000ea3200000f3300001a3300009d00000078010000da010000dc0100007c0200009506000017070000
320700004807000096080000ce080000d00800000009000007110000191500003b150000131800004d1800009c190000
c21a0000f91a0000391c0000a1270000a3270000aa280000b3280000fa0300009d04000022050000c3060000f6060000
ff0600005507000066070000d70c0000540d0000d40e00002a0f0000ef0f0000e5100000f11000007e11000014120000
8c15000013160000521600006616000076160000e5170000e3180000e21a0000271b0000791b0000cc1b0000091c0000
2e1d0000f91f0000392100004921000047250000602500005c2a00005e2d0000842e00005e30000070300000c0310000
3e320000c4320000de320000ac000000720100001d03000024030000a0030000a3030000f90300006e040000a5040000
f3040000f5040000ea05000086060000a2060000a9060000ab060000020700000a070000700700009b07000090080000
0f09000016090000410c0000440c0000b4100000141e0000fc1f0000292000002e2100003f210000562100000b250000
162500005d2a00002d2b0000982c00001230000018300000413000007a30000051320000833200008e32000043040000
8c040000dd0400003c050000950a0000de0a00001a0b0000590b00007d0e0000b90e0000970f00009c0f000070130000
901300001d14000024140000bb150000d7150000dd15000044170000641700006f170000541b0000821b0000981c0000
ca1c000084200000d2200000cc21000019220000252800002a2800002e28000034280000a3290000aa290000bf290000
d72900006c3600007d3600008b36000092360000fa360000013700002c37000033370000493700005237000058370000
b7370000c7370000ee37000008380000933800009a3800009f380000a73800005e3b0000a73b0000e53b0000253c0000
453c0000653c0000783c00008d3c0000a43c00002e3d0000353d00004a3d0000a83d0000aa3d0000263e00003b3e0000
8e3e0000933e0000a03e0000bc3e0000be3e0000c43e000032010000c10100006b02000009030000be060000ff060000
16070000450700008d080000cd080000fb080000130900009d0a0000e10a00001f0b0000630b00009f0c0000160d0000
e50d0000e70d0000ba1000000411000006110000431200004612000075130000931300002c1400002e140000fe140000
2c1500002d150000471700006717000070170000b11a0000f41a0000061c0000381c00009d1c0000cb1c0000e11f0000
3e200000d62100001e220000592700005b2700006027000064270000a7280000a9280000ae280000b2280000b2290000
b4290000c2290000dc29000066000000c40100008d06000002070000d20800005a0a0000eb0a0000e21f000021200000
3f210000d7210000032200003f000000bd0000001d010000cd0100006b030000830300009a0300009f030000b3030000
db03000000040000020400001f0400006d0400007104000087040000a1040000a4040000f1040000f70400005d050000
6a0500007e05000093050000c4050000d3050000ef070000f7070000680800007d080000a6080000d908000039090000
410900004e0900004b0a00006d0a0000c20a0000e30a0000400b0000480b0000a60b0000be0b0000030c0000070c0000
f10c0000570d0000930e0000d20e0000da0e0000fd0e0000f91100001e12000081120000b9120000bf1200007f130000
c3130000d1180000d5180000111e0000171e00002f1f0000341f00005d1f0000631f0000ed1f00000120000059200000
602000008120000090200000f0200000f22000000321000060210000972100009a210000b3210000ba210000da210000
f02100002122000028220000342200003b2200005a2200005d220000a9220000be2200003b23000046230000dc230000
e5230000312400003c240000d8250000dd250000062600000c260000152a00001c2a0000122b0000162b0000612c0000
812c0000fd2c00001c2d00000c2f00003e2f000046330000a43300001b3500003f350000fe350000123600004b360000
53360000d6370000e1370000e83700001a3800001f3800004c38000052380000ee380000753900009a390000f73e0000
063f0000fe3f0000014000007240000081400000794100007c41000029000000b60100001f200000170000001d000000
42000000c7000000fa000000fb0000001e010000ac010000ae010000ce01000000020000040200009e020000a6020000
6e0300008803000081050000c5050000f0070000a90b0000c30b0000fb0c00003d0d00003f0d00005a0d0000bc120000
44180000451800008b1d00008d1d0000f21f000004200000682000006a2000004322000045220000b3220000c1220000
3e230000472300006f010000d90100007702000021030000be060000ff06000016070000450700008d080000cd080000
fb080000130900009d0a0000e10a00001f0b0000630b0000df0c0000280d0000f30d0000f60d0000ba10000004110000
06110000431200004612000075130000931300002c1400002e140000161500003a1500003c1500004717000067170000
70170000bd1a0000f81a0000061c0000381c00009d1c0000cb1c0000f91f000042200000d62100001e22000097270000
9a2700009e270000a6270000a7280000a9280000ae280000b2280000b2290000b4290000c2290000dc290000663b0000
aa3b0000ea3b00002f3c0000a73c00003d3d00003f3d0000273e0000993e00009a3e0000a33e0000a4000000de010000
8d06000002070000d20800005a0a0000eb0a0000fc1f0000292000003f210000d7210000032200002e3b0000b43b0000
673e0000ba0e0000990f00009113000021140000d81500006517000027280000a7290000023700003037000053370000
97380000a53c0000323d00004b3d0000a93d0000903e0000bd3e0000430400008c040000dd0400003c050000950a0000
de0a00001a0b0000590b00007d0e00009c0f00007013000024140000bb150000dd150000441700006f170000541b0000
821b0000981c0000ca1c000084200000d2200000cc210000192200002a2800002e28000034280000aa290000bf290000
d72900006c3600007d3600008b36000092360000fa360000333700004937000058370000b7370000c7370000ee370000
083800009a3800009f380000a73800005e3b0000a73b0000e53b0000253c0000453c0000653c0000783c00008d3c0000
353d0000aa3d0000263e00003b3e0000933e0000a03e0000be3e0000c43e000032010000c10100006b02000009030000
be060000ff0600001607000045070000cd080000130900009d0a0000e10a00001f0b0000630b000046120000fe140000
2d1500004717000070170000f41a0000061c0000cb1c0000e11f0000d62100006027000064270000ae280000b2280000
c2290000dc2900001301000053030000e0030000e503000007040000150400009a04000053050000ba050000d0050000
a1080000c10800006b090000990a0000380b00008e0b0000fb0b0000770c0000ee0c00000e0d00004b0d0000240e0000
320e0000460e0000920e00009e0e0000a70e0000ce0e0000e80e0000050f0000070f00004d0f0000740f0000b30f0000
c50f0000d40f0000061000000c1000005d1000007411000079110000f61100000c1200004a1200006c12000080120000
4a1300007c1300009f130000b91300000a1400001214000053140000611400009b1400009f14000040150000e7150000
10160000f51600000917000073170000b4170000d2180000e21800004e1c0000fd1c00004a1f00005e1f0000741f0000
801f0000a3210000b7210000382200000c2300003c2300007a230000b623000003240000322400005a2400008a240000
d5250000f3250000f7250000b5270000d3270000492800005d2800002a29000064290000e3290000ab2a0000132b0000
7c2b0000d92b00007e2c0000122d0000432d0000652d0000d72d0000f92d0000e0330000433400000d360000be360000
e036000040370000ae370000e537000017380000393800003d3800007d38000074390000de390000053b0000ec3e0000
473f0000613f0000dc400000f9400000374100007b410000be2000000122000000380000653e00006d3e000022200000
402100000422000066000000c40100008d060000020700005a0a0000eb0a0000e50100007404000095040000f1040000
39090000b3090000bb090000ee0a0000a60b0000d5180000341f0000631f00008f210000ba2100003b220000be220000
46230000e52300003c2400001c2a0000162b00004b360000d3370000e837000014390000724000007c41000046040000
8c0400003c050000a70a0000de0a0000590b0000770e00009c0f00005813000024140000bb150000dd15000044170000
6f170000821b0000ca1c000084200000be200000d2200000cc21000001220000192200002a2800002e28000034280000
aa290000bf290000d7290000703600007d36000092360000f2360000333700004937000058370000c7370000ee370000
00380000083800009a3800009f380000a7380000703b0000a73b0000253c00004c3c0000653c00008d3c0000353d0000
aa3d0000263e00003b3e0000653e00006d3e0000933e0000a03e0000be3e0000c43e00003701000009030000c3060000
45070000cd08000013090000aa0a0000630b000046120000fe1400002d1500004717000070170000f41a0000061c0000
cb1c0000e11f00002220000040210000d6210000042200006027000064270000ae280000b2280000c2290000dc290000
580d0000d30e0000db0e0000fe0e00001f120000ba120000c0120000c4130000d2180000121e00005e1f000002200000
5d20000091200000f1200000042100009b210000b7210000f121000025220000382200005c2200003c23000032240000
07260000132b00000d2f00003f2f0000d7370000e53700004d3800009b390000004000007b4100003f000000bd000000
1d010000cd0100006b030000830300009a0300009f030000b3030000db030000000400001f0400006d04000087040000
a1040000a4040000f10400005d0500006a0500007e05000093050000c4050000d3050000ef070000f707000068080000
7d080000390900004e0900004b0a00006d0a0000c20a0000e30a0000400b0000480b0000a60b0000be0b0000030c0000
070c0000f9110000d5180000341f0000631f000097210000ba2100003b220000be22000046230000e52300003c240000
d8250000dd2500001c2a0000162b0000612c0000812c0000fd2c00001c2d000046330000a4330000fe3500004b360000
e83700001a3800001f380000ee380000f73e0000063f0000724000007c410000c101000009030000ff06000045070000
8d080000cd080000fb08000013090000e10a0000630b00009f0c0000e70d000006110000751300002e140000fe140000
47170000b11a0000381c00009d1c0000e11f00003e200000d62100001e2200005b27000060270000a9280000ae280000
b4290000c2290000222000004021000004220000660000008d060000d20800005a0a0000e21f0000d721000029000000
b6010000b9010000000200006e030000b6090000a90b00008d1d0000d81f00006a20000045220000c101000009030000
ff060000450700009108000013090000e10a0000630b00009b0c0000e70d0000061100005b1300002e140000fe140000
47170000381c0000222000003e20000040210000042200001e2200005b27000060270000a9280000ae280000b4290000
c2290000170000001d00000042000000c7000000fb000000ae010000000200009e020000a60200006e03000081050000
c5050000f0070000a90b0000c30b0000fb0c00008d1d0000f21f00006a20000045220000b3220000c122000013010000
8a010000e0030000e5030000f70300001504000061040000ea040000ba050000d0050000a1080000310900006b090000
8f090000990a0000cb0a00008e0b0000ee0c0000300d0000df0d0000320e0000920e00009c0e0000c80e0000d00e0000
070f0000490f00004d0f00006e0f0000830f0000c50f0000061000005d1000006310000074110000d6110000f6110000
011200001b120000641200006c12000080120000a81200007c130000a513000012140000291400005314000061140000
9f1400009d150000ec1500003d160000d916000093170000b4170000ca170000381b0000881b0000ae1b0000e01c0000
fd1c00001e1d0000121e00002c1f00004a1f00004e1f0000102000005d200000a3200000f12000006c210000f9210000
25220000382200005c220000a62200000c23000014230000db230000032400000e240000f3250000072600001d260000
292600003b270000cd270000f12700005d280000732800004c290000af290000142a0000ab2a0000b02a00007e2c0000
122d00009e2d00002b2e0000c22f0000f82f0000233500004b3500000d360000433600009c360000a7360000d8360000
e0360000393800004d380000653800007138000009390000743900008e390000613f00007e3f0000bc3f000000400000
67400000c2400000dc4000006b0300007c040000a10400005d050000dd080000b3090000400b0000a60b0000030c0000
171e0000d51f00006020000074200000f2200000f8200000d2210000282200003b2200005d220000dd2500000c260000
012f0000342f00001f38000052380000f73e000001400000b1010000e80100009e020000b6090000a90b000045180000
45220000c122000047230000eb0000007301000092010000ab010000d9010000ae020000d2020000e5020000f1030000
6f04000022050000c0050000f705000030060000c3060000ff06000091080000cd08000073090000fb090000aa0a0000
e10a00008f0b0000b20b0000e00b0000620c0000d70c0000f60c0000540d0000cf0d0000d70d0000770f0000fb0f0000
d410000014120000f51200005b130000c11300005b140000f314000068190000621a0000671a00006b1a0000ef1a0000
791b0000981d0000061f0000f91f0000192000001d2000004e20000065200000b320000023210000d6210000f6210000
3d220000402200006d220000ae220000e2220000242300003f2300009b2300009f230000a72300009f240000c8240000
a225000048260000cf260000dd260000f72600002127000025270000d6270000df2700003a2b0000a52c00002c2f0000
5e2f0000872f00009c3500008f3a0000733b0000aa3b0000c63c0000324000003b4000006f010000d901000077020000
21030000be060000ff06000016070000450700008d080000cd080000fb080000130900009d0a0000e10a00001f0b0000
630b0000df0c0000f60d00000611000046120000751300002e140000161500003c1500004717000070170000bd1a0000
f81a0000061c0000381c00009d1c0000cb1c0000f91f000042200000d62100001e2200009a2700009e270000a6270000
a9280000ae280000b2280000b4290000c2290000dc290000663b0000aa3b0000ea3b00002f3c00003f3d0000273e0000
9a3e0000a33e00002a2000004021000004220000683e0000a4000000de0100008d06000002070000d20800005a0a0000
eb0a0000fc1f0000d72100002e3b0000b43b000073010000d901000021030000c3060000ff0600004507000091080000
cd08000013090000aa0a0000e10a0000630b0000d70c0000f60d000006110000461200005b1300002e14000016150000
3c1500004717000070170000f81a0000061c0000381c0000cb1c0000f91f00002a2000004220000040210000d6210000
042200001e2200009a2700009e270000a6270000a9280000ae280000b2280000b4290000c2290000dc290000733b0000
aa3b00002f3c00003f3d0000273e0000683e00009a3e0000a33e0000580d0000d30e0000db0e0000fe0e00001f120000
ba120000c0120000c4130000d2180000121e00005e1f0000022000005d20000091200000f1200000042100009b210000
b7210000f121000025220000382200005c2200003c2300003224000007260000132b00000d2f00003f2f0000d7370000
e53700004d3800009b390000004000007b4100003f000000bd0000006b0300009a0300009f030000b3030000db030000
0204000071040000a1040000f1040000f70400005d0500007e05000093050000c4050000ef070000680800007d080000
a6080000d908000039090000410900004e0900004b0a00006d0a0000400b0000a60b0000be0b0000030c0000f10c0000
930e0000811200007f130000171e00002f1f0000341f0000ed1f00006020000081200000f220000060210000da210000
282200003b2200005d220000a9220000be220000dc230000e5230000dd2500000c260000152a00001c2a0000612c0000
fd2c00001b3500003f350000fe350000123600004b360000533600001f38000052380000ee38000075390000f73e0000
014000007240000081400000170000001d00000042000000c7000000fa0000001e010000ac010000ce01000000020000
040200009e0200006e0300008803000081050000c5050000f0070000a90b0000c30b00004518000045220000c1220000
47230000eb0000002101000073010000ab010000d9010000e50200005b0300008f030000f10300006f04000022050000
c8050000000600006a060000c3060000ff06000091080000cd0800006c09000086090000cb090000260a0000aa0a0000
e10a0000960b0000ca0b0000850c0000d70c0000540d0000d70d00003b0e0000770f0000d41000001412000077120000
ce1200001d1300005b130000c11300006a140000d2190000ef1a0000791b0000411d0000651d0000711d0000941d0000
d41d0000d81d0000e01d0000d11e0000931f0000971f00009f1f0000f91f0000192000001d200000462000006d200000
b32000008c210000d6210000f62100003922000048220000532200004a230000762600002127000025270000d6270000
df270000f92900007b2a00009b2a0000202b0000292c0000372c0000512c0000e82c000038350000b7380000df380000
56390000bd3a0000733b0000aa3b0000c63c0000ad410000b6410000e703000003040000240400002c040000e8060000
ec060000550e00005d0e0000280f0000360f0000a7100000ab100000ed100000ff1500000416000069160000671b0000
791b00007e1b0000a11b0000ff1b0000091c0000131c0000ce20000049210000373000003b300000923000009d300000
f5300000303100003b3100006231000085310000ac310000c0310000de310000e3310000eb3100006d3200003d3c0000
543c00007e3d0000e03d0000383e0000df27000009280000d72800000033000014330000c13e0000ca040000da040000
23070000511b0000f41b00004b300000b0300000d6310000793c000079020000fd080000200b00002b020000f0040000
59050000e7080000030b00003e0c000061180000a41900003b1a00008a1b00001b1c00005b24000010250000892b0000
cd31000088320000f33e0000384100006f0400007f040000220500002f0500000b07000055070000280f0000360f0000
ed100000ae150000ff150000041600005216000069160000671b0000791b00007e1b0000a11b0000ff1b0000091c0000
131c000077200000ce2000003021000049210000df27000009280000d7280000423000005e300000a6300000bb300000
f530000062310000853100009a310000ac310000c0310000de310000e3310000eb310000573200006d32000000330000
14330000613c0000863c00007e3d0000e03d0000383e0000c13e000074010000780200007c020000f203000036040000
c4040000ce040000d1040000e104000023060000d907000092080000fc08000000090000f2090000a40a0000170b0000
250b00009e10000061180000a41900003b1a00008a1b0000ee1b0000f61b00001b1c00005b240000892b0000b92c0000
292d0000d3300000b8310000cd310000943300001e3900003841000018070000bf1a00009e1c0000a004000030070000
6a07000015180000e4180000031a00000c1b0000af1b0000401c0000d71c00002b1d0000e123000048250000572a0000
74300000c5320000bd3f00006e400000500200006d02000018070000fd080000200b0000b31a00009e1c0000eb3b0000
eb030000c0040000cb040000c4060000df060000170700001b0700001d07000025070000d80c0000670e00004b110000
55130000e4180000be1a0000c21a00000c1b0000481b0000581b0000af1b0000be1b0000401c00005d1c0000951c0000
a31c0000d71c00002b1d0000482500007a2e00009c2e00002d30000045300000c5320000223400002b3a0000bd3f0000
6e0400007e040000210500002e0500000a07000053070000ad15000051160000762000002e210000de27000008280000
d6280000413000005c300000a5300000b93000009931000055320000ff32000013330000603c0000853c0000c03e0000
d70100001c030000fd06000040070000cb0800000e090000d80a00004b0b0000141500003e170000f41f0000be210000
9c270000ac280000b9290000da01000026030000dd030000f40300006904000070040000840400001605000024050000
34050000bf060000ca060000d1060000ee06000000070000060700004a07000050070000fa07000044080000ce080000
18090000db0a0000550b0000d10c0000da0c00007a0d00003d0e00007f0e0000470f0000aa0f0000ea0f000024120000
931200003c1300005f130000d4130000cd14000017150000b3150000ea1500004d1600006e160000801600008d160000
411700004d180000801800009c1900002c1a00004b1a0000101e0000fe1f00007c2000002b2100004f21000063210000
c82100002924000077240000292500009f270000db2700001a280000af280000cb28000014290000bc290000292b0000
ec2b0000592d0000ce2d00001e3000003d300000593000007d31000090310000343200004a320000a5320000f5320000
a1330000b6330000813400003a350000ef3500005c3900003e3f0000f040000063410000a20000008b060000550a0000
a5000000a8030000c70300009f0400008e060000a30600002f070000690700009a070000580a000014180000021a0000
e0230000562a00001330000073300000833300006d400000a3030000ba030000bf0300006e0400007e040000ca040000
da040000210500002e050000a9060000ab0600000a0700002307000053070000ad15000051160000511b0000f41b0000
762000002e210000de27000008280000d628000018300000413000004b3000005c3000008330000088300000a5300000
b0300000b930000099310000d631000055320000ff32000013330000363c0000603c0000793c0000853c0000c03e0000
9e000000ab000000790200008206000090060000fd0600001807000040070000fd0800003e0a0000640a0000200b0000
141500003e170000bf1a00009e1c0000f41f0000be2100009c270000ac280000b929000099000000a60000002a020000
950300009d030000ae030000d30300009f040000ef040000580500009f050000870600009306000098060000ac060000
2f07000069070000e608000058090000390a00005c0a0000020b00003d0c000014180000021a0000e02300000f250000
562a00006d2c0000f82c0000083000007330000087320000e5380000f23e00006d400000220000002500000083000000
9c0200006503000082070000a00b00009e000000ab000000d7010000790200001c030000820600009006000018070000
cb080000fd0800000e0900003e0a0000640a0000d80a0000200b00004b0b0000bf1a00009e1c00009c270000ac280000
b9290000140000001b00000039000000af000000fe0100009c0200006503000078050000a00b0000b82200006d010000
76010000da01000026030000e3030000040400000c0400004e0400006904000070040000840400001605000024050000
34050000e605000000070000060700004a07000050070000fa070000440800008b08000094080000ce08000018090000
a20900008b0a0000ae0a0000db0a0000550b0000030f000090100000ad100000f5100000231100001715000051150000
b31500000e160000341600004d1600008d160000dd1600004117000079170000e017000037180000d01800001c1a0000
9f1e0000fe1f0000352000007c200000de2000002b21000063210000c8210000082200006f2200000524000039250000
582500009f270000db2700001a280000af280000cb28000014290000bc290000e22a0000942c0000092d00003d300000
59300000c43000001c3100007d31000034320000b5320000d6320000f5320000a1330000b6330000813400003a350000
ef350000f1380000753f0000e83f0000b9400000a50000002a020000a8030000c7030000ef040000580500008e060000
a30600009a070000e6080000580a0000020b00003d0c00000f250000133000008732000083330000f23e000025000000
83000000fe01000082070000a00b0000b82200001e000000210000003c0000007a00000088000000b9000000ed000000
35010000fc01000001020000070200000e0200001e0200002f0200009f020000680300009703000066040000c7040000
0f0500007b0500008205000098050000fe050000c10600007c0700007f070000880700009d070000080800001f080000
590800008f08000052090000c6090000a10a0000940b0000a30b0000aa0b0000c50b0000d70b00001f0c00004a0c0000
990c000052130000081800009e1d0000951f00009c220000bb220000c52200005f230000962400007525000030260000
d4260000d8270000382a0000662c0000552f0000203300006f3300006b350000773a00006a3b000034400000ad010000
bf010000f002000004030000fd06000040070000cb0800000e090000d80a00004b0b0000fc1400003e170000dc1f0000
be210000272700005e270000ac280000b9290000a13b0000173c00009c3e000028000000640000008b060000550a0000
2a3b0000200000005b00000069000000ad010000bf010000500200006d020000f0020000040300008206000090060000
fd0600001807000040070000cb080000fd0800000e0900003e0a0000640a0000d80a0000200b00004b0b0000fc140000
3e170000b31a00009e1c0000dc1f0000be210000272700005e270000ac280000b92900001b3b0000a13b0000eb3b0000
173c00009c3e00001e000000210000003c0000007a00000088000000b9000000ed00000035010000010200001e020000
980200009f020000a10200004903000068030000720300009703000066040000c70400000f0500007b05000082050000
980500002e06000061060000c10600007c0700007f070000880700009d070000080800001f080000590800008f080000
52090000f60900000e0a0000a10a0000840b0000a30b0000aa0b0000ad0b00001f0c0000990c000052130000f8170000
08180000191800006a18000096180000651a0000bb22000075250000d8270000f0290000382a0000632a00002e2c0000
662c0000df2c0000203300006f3300006b350000c73800006a3b0000af410000e703000003040000240400002c040000
e8060000ec060000550e00005d0e0000cf0e0000dd0e0000280f0000360f0000760f0000860f0000a7100000ab100000
dc100000ed10000012110000c6150000ff150000041600005e16000069160000671b0000791b00007e1b0000a11b0000
ff1b0000091c0000131c000094200000ce2000003b21000049210000373000003b300000923000009d300000ec300000
f530000007310000303100003b31000054310000623100007131000085310000a3310000ac310000c0310000de310000
e3310000eb3100005d3200006d3200003d3c0000543c0000543d00007e3d0000963d0000e03d0000383e0000ca040000
da04000023070000511b0000f41b0000de27000008280000d62800004b300000b0300000d6310000ff32000013330000
793c0000c03e00007902000018070000fd080000200b0000bf1a00009e1c00009c270000ac280000b929000074010000
780200007c020000eb030000f203000036040000c0040000c4040000cb040000ce040000d1040000e104000023060000
c4060000df060000170700001b0700001d07000025070000d907000092080000fc08000000090000f2090000a40a0000
170b0000250b0000d80c00007a0d0000670e0000030f0000470f0000aa0f00009e100000f5100000231100004b110000
2412000055130000d4130000cd1400003718000061180000e4180000a41900001c1a00003b1a0000be1a0000c21a0000
0c1b0000481b0000581b00008a1b0000af1b0000be1b0000ee1b0000f61b00001b1c0000401c00005d1c0000951c0000
a31c0000d71c00002b1d0000052400005b240000292500004825000098270000a1270000c8270000d1270000e8270000
3628000089280000aa280000b5280000bc280000db280000772900009d290000c6290000e22a0000892b0000b92c0000
292d00007a2e00009c2e0000d82f0000ef2f00002d30000045300000d33000001c310000b8310000cd310000a5320000
c5320000e532000094330000223400001e3900002b3a0000ed3a00003e3f0000bd3f0000b94000003841000050020000
6d02000018070000fd080000200b0000b31a00009e1c0000272700005e270000ac280000b9290000eb3b00009c3e0000
9d000000a800000074010000290200002b0200002d020000960300009e030000af030000d4030000f203000036040000
69040000a0040000ec040000f0040000f604000016050000450500005905000065050000a00500008806000095060000
99060000ae0600000007000006070000300700004a070000500700006a070000d907000092080000e5080000e7080000
e90800005a0900003d0a00005e0a0000a40a0000f90a0000030b0000070b0000390c00003e0c0000460c0000030f0000
9e100000f5100000231100001715000051150000b31500000e160000341600008d160000dd1600004117000079170000
e01700001518000037180000d0180000e4180000031a00001c1a00000c1b0000af1b0000401c0000d71c00002b1d0000
9f1e0000fe1f0000352000007c200000de20000063210000c8210000082200006f220000e12300000524000006250000
10250000142500003925000048250000582500009f270000db2700001a280000af280000cb28000014290000bc290000
572a0000e22a00006e2c0000f92c0000093000003d3000005930000074300000d33000001c3100007e32000088320000
8c320000b5320000c5320000d6320000f532000094330000813400003a350000ef350000e7380000db3e0000f33e0000
013f0000753f0000bd3f0000e83f00006e400000b94000002900000065000000010200001e020000c70400008c060000
08080000560a0000aa0b00001f0c00009e1d0000951f0000bb2200005f23000075250000d4260000d82700006b350000
2b3b0000344000009d000000a8000000da0100002b02000026030000960300009e030000af030000d4030000eb030000
700400008404000098040000a0040000a3040000f0040000240500003405000059050000a00500008806000095060000
99060000ae060000c4060000df0600002e0700003007000032070000600700006a0700006e070000fa07000044080000
ce080000e7080000180900005a0900003d0a00005e0a0000db0a0000030b0000550b00003e0c0000d80c00007a0d0000
670e0000470f0000aa0f00004b1100002412000055130000d4130000cd140000ea1500004d1600006e16000080160000
1318000015180000171800004d18000061180000801800009c190000a4190000f9190000031a0000071a00002c1a0000
3b1a00004b1a00008a1b00001b1c0000101e00002b2100004f210000cd230000e1230000ed230000292400005b240000
7724000010250000292500009f270000db2700001a280000af280000cb28000014290000bc290000522a0000572a0000
5f2a0000292b0000892b0000ec2b00006e2c0000f92c0000093000002d3000006a30000074300000783000007d310000
90310000cd310000343200004a32000088320000a5320000f5320000a1330000b633000022340000ef350000e7380000
f33e00003e3f0000564000006e4000007c400000f0400000384100006341000029000000650000009f02000068030000
c70400008c0600001f08000059080000560a0000a30b0000081800006a18000096180000651a0000d8270000382a0000
2e2c00006f3300002b3b0000af410000df0e0000890f0000c8150000972000005631000076310000a531000062320000
563d0000593d0000993d00009f3d0000250400002d04000005160000681b0000cf200000943000009e300000ad310000
df3100006e320000403c0000573c00007f3d0000e23d0000393e0000940a0000be0a000086170000b91c000018220000
1104000057040000930a0000b30a0000b30e00002e0f00003f0f000092130000eb130000f4130000391600007b170000
191a00001e1a0000221a0000e72000000d220000fd2300000a2400001b2400000e2d00000f2e000033340000fe380000
af3900007a3f0000f53f0000a5400000bb400000d34000000a28000015330000c23e0000be290000220b00005c050000
040b00003c1a00005d240000f63e000039410000800400003105000005160000681b0000cf2000000a280000a7300000
bd300000ad310000df3100006e32000015330000643c00008b3c00007f3d0000e23d0000393e0000c23e0000dd0a0000
580b000086170000b91c000018220000be290000af0f0000d61300001e1a00000a240000ed2700003f280000a8290000
cb290000f42f0000fa3a0000433f0000bb40000038040000d3040000e4040000a80a00001b0b0000260b00003c1a0000
5d2400002b2d0000963300002139000039410000be060000c7060000d30c0000df0c0000a10d0000341200003e130000
6c130000ee13000066160000f81a0000271b0000381c0000c81c0000e81c00009e270000ae280000bb29000019070000
c01a00009f1c00004e02000000020000a50b0000581800003c1b0000011d0000ba220000ff06000045070000a10d0000
34120000ee130000161500006616000040170000f81a0000271b0000381c0000c81c0000e81c0000f91f0000c3210000
9e270000ae280000bb290000ec0000004a0200005302000017060000b2070000e2090000b70c000058180000a31a0000
c51a00003c1b0000011d0000e0030000f7030000d3060000f30600003f0e0000820e00009a0e0000b20e0000230f0000
290f0000460f0000490f00004d0f00009f0f0000ac0f0000be0f0000ec0f0000c4100000e9100000f010000068110000
98120000cb140000cf140000d7140000ec150000821600005e1b00006e1b0000cb1b00006a1c0000121e000054210000
2b2400007a240000262500002b2500002f2500002b2b0000f12b00005b2d0000d02d0000832e0000a62e000020300000
e0300000f0300000923100004f320000a2320000a7320000ab3200003234000061390000333a00002a3f0000403f0000
583f0000f540000070410000a10400006b070000e5180000b01b00002c1d0000e223000049250000582a000075300000
c6320000be3f0000714000006a030000a50b0000011d00007f2300003701000054030000770300006b04000018050000
66060000c30600001b0a0000a60a00008f0b0000b20b00009a0d0000250f0000e510000054130000ef13000056140000
b3140000fd15000098180000671a0000761b0000b81c0000ff1c00000b1d0000111d0000311d0000152300007b230000
84230000de240000902500008a260000da270000f2290000682a0000302c0000332c0000e42c00009d2f00008a350000
d4380000d13a00006f3b0000fc3c0000b1410000320100003b010000be060000c7060000940a0000be0a000034120000
3e1300006c130000ee130000601500006616000086170000db1a0000381c0000b91c0000c81c0000e81c00003e200000
182200005d3b0000873b0000fb3c0000bf3d0000243e000060270000ae280000bb290000be2900009e3e00006e020000
19070000220b00009f1c0000ed3b0000c101000009030000ff06000045070000dd0a0000580b000034120000ee130000
60150000661600004017000086170000db1a0000381c0000b91c0000c81c0000e81c00003e200000c321000018220000
60270000ae280000bb290000be290000a63b0000243c0000fb3c0000bf3d0000243e00009e3e0000050f0000490f0000
ac0f000025110000cf140000072400002b250000cd270000d3270000ea270000392800008b280000be280000e0280000
7c290000e42a0000da2f0000f12f00001e310000a7320000e7320000f23a0000403f0000be400000ef030000c3040000
cc040000e00600001e07000026070000680e00004c110000e5180000491b0000591b0000b01b0000bf1b00005e1c0000
2c1d0000492500007b2e00009d2e00002e30000046300000c6320000233400002c3a0000be3f0000540100005e020000
8202000017060000b2070000e2090000011d00007f2300003701000010020000340200006b0400001805000000060000
c3060000cb090000a60a0000dc0b0000570c00009a0d0000250f0000e510000096110000c411000054130000ef130000
fd150000301800005c1800006418000031190000da190000761b0000e51b0000821c0000b81c0000971f000061230000
9824000035260000d6260000d9260000da270000c92a0000702b0000922b0000932e0000572f000008340000203a0000
7c3a00006f3b0000fc3c000036400000560e00005e0e0000370f00007f1b0000a21b0000323100003c31000063310000
e4310000ec3100003e3c0000553c0000803d0000e13d00003a3e0000451300006f130000ef130000c91c0000eb1c0000
8604000037050000df0a00005c0b0000410e0000870e0000ae0f00004113000062130000d5130000b515000045170000
2d1a00004e1a00007f200000cf2100002d2400007f2400001c280000c0290000d22d0000a3330000b933000083340000
3d350000f135000067390000423f0000f140000064410000a01c0000470a0000670a0000220b000042170000a01c0000
c9210000bd290000690e0000591300004a1b00005b1b0000b11b0000991c0000a41c0000d81c00009e2e000024340000
2e3a0000bf3f00006f0100007b0100008d080000990800008d0a0000bb0a0000e510000064150000e516000085170000
e21a0000061c0000b81c00004220000015220000e5000000ff000000100100007f010000ac010000ae010000cb010000
ea020000f502000011030000b7050000ed070000ee070000310800003408000061090000640d00005114000008150000
6e1500009a150000b117000044180000e91f0000522000002d22000011230000262700007d270000f12800007a020000
fe080000210b00004d02000027000000840000009d0200006603000083070000a10b00009f000000ac000000d8010000
7a0200001d030000860600009106000019070000cc080000fe0800000f0900003f0a0000650a0000d90a0000210b0000
4c0b0000c01a00009f1c00009d270000ad280000ba2900001500000018000000a80100004d0200004e020000da020000
23270000ee000000530100004b020000570200005d0200007f02000016060000b1070000df090000031b0000021d0000
7e230000e4030000050400000d0400004f0400006d04000071040000850400001c0500002505000035050000e7050000
0707000051070000fb07000045080000a3090000040f000091100000b010000024110000b41500000f16000035160000
4e1600008e160000e1170000d11800007d200000df2000002c2100006421000070220000062400003a2500005b250000
dd2700001b280000cc28000015290000e32a0000952c00000a2d00003e3000005a300000c53000001d3100007e310000
35320000b6320000d9320000f6320000a2330000b7330000823400003b350000f0350000f2380000763f0000e93f0000
bd400000cc01000014030000b7050000ed070000ee070000310800003408000061090000750c0000e90c0000220e0000
5114000009150000b1170000ec1f00002d2200003a230000b12300007e270000f12800008500000083070000a10b0000
bc2200007e000000890000001f020000980300009b03000067040000c8040000c9040000100500009a0500007e070000
80070000890700009e07000009080000200800005a0800009008000055090000a20a0000950b0000c60b0000d80b0000
210c00004b0c00009a0c00005613000009180000961f0000a3220000c8220000602300009a240000762500003b260000
d5260000d8260000d92700003a2a0000682c0000592f000021330000703300006c350000823a00006b3b000035400000
8d080000990800008d0a0000bb0a0000960c00009f0c00009a0d0000e5100000451300006f130000ef130000e5160000
85170000f41a0000231b0000061c0000b81c0000c91c0000eb1c000015220000563b0000843b0000fc3c0000be3d0000
253e0000fe080000210b0000b41a0000a01c0000ec3b00005f0000006a0000006e020000860600009106000019070000
cc080000fe0800000f0900003f0a0000470a0000650a0000670a0000d90a0000210b0000220b00004c0b0000fd140000
42170000b41a00009f1c0000a01c0000df1f0000c92100005f270000ad280000ba290000bd2900001c3b0000203b0000
a23b0000ec3b0000ed3b0000183c00009d3e0000f303000037040000c5040000cf040000d2040000e204000024060000
da070000f30900009f1000008b1b0000ef1b0000f71b00001c1c00005c2400008a2b0000ba2c00002a2d0000d4300000
b9310000ce310000953300001f3900003a41000016060000b1070000df090000b80c0000a41a0000c81a00003d1b0000
021d000040000000c00000006c030000980300009b03000067040000c8040000c9040000100500007f05000083050000
990500002f060000620600008a070000a00700005b0800009008000053090000f70900000f0a0000a20a0000a70b0000
ab0b0000200c00009a0c000056130000f91700001c18000097180000661a0000bf22000077250000d9270000f4290000
392a00006e2a00002f2c0000322c0000672c0000e02c000022330000713300006d350000c83800006b3b0000b0410000
250400002d040000560e00005e0e0000de0e0000370f0000880f0000c715000005160000681b00007f1b0000a21b0000
96200000cf200000943000009e300000323100003c310000553100006331000074310000a4310000ad310000df310000
e4310000ec310000603200006e3200003e3c0000403c0000553c0000573c0000553d0000583d00007f3d0000803d0000
973d00009e3d0000e13d0000e23d0000393e00003a3e0000940a0000be0a0000451300006f130000b4130000ef130000
1c1400006317000086170000b91c0000c91c0000eb1c0000e421000018220000220b0000a01c0000bd29000038040000
d3040000e4040000a80a00001b0b0000260b0000690e0000ae0f000059130000d51300001d1a00003c1a00004a1b0000
5b1b0000b11b0000991c0000a41c0000d81c0000092400005d240000ec2700003e280000a4290000c92900002b2d0000
9e2e0000f32f00009633000024340000213900002e3a0000f83a0000423f0000bf3f0000ba400000394100006f010000
7b010000be060000c70600008d080000990800008d0a0000bb0a0000d30c0000df0c0000520d0000a10d0000f30d0000
d3100000e5100000041100001212000034120000431200003e1300006c130000b3130000ee130000161400003a150000
6415000066160000e51600006217000085170000e21a0000f81a0000271b0000061c0000381c0000b81c0000c81c0000
e81c00001620000042200000de210000152200007a02000019070000fe080000210b0000c01a00009f1c00009d270000
ad280000ba2900004d0200004e02000023270000ec000000ee000000530100004a0200004b0200005302000057020000
5d0200007f0200001606000017060000b1070000b2070000df090000e2090000b70c0000640d0000b20d0000210e0000
501400005114000058180000a31a0000c51a0000031b00003c1b0000011d0000021d0000112300007e23000020270000
2227000038270000aa2700005a2800005b280000320100003b010000be060000c70600008d080000990800008d0a0000
940a0000bb0a0000be0a0000960c00009f0c0000440d00009a0d0000e50d0000d3100000e51000000411000012120000
34120000431200003e130000451300006c1300006f130000b3130000b4130000ee130000ef130000161400001c140000
2c1500006015000066160000e516000062170000631700008517000086170000db1a0000f41a0000231b0000061c0000
381c0000b81c0000b91c0000c81c0000c91c0000e81c0000eb1c0000082000003e200000de210000e421000015220000
18220000563b00005d3b0000843b0000873b0000b83c0000b93c0000fb3c0000fc3c0000273d00002d3d0000be3d0000
bf3d0000243e0000253e00006e02000019070000fe080000210b0000220b0000b41a00009f1c0000a01c00005f270000
ad280000ba290000bd290000ec3b0000ed3b00009d3e0000ef030000f303000037040000c3040000c5040000cc040000
cf040000d2040000e204000024060000e00600001e07000026070000da070000f3090000680e0000040f0000480f0000
ab0f00009f100000241100004c110000ce140000e5180000491b0000591b00008b1b0000b01b0000bf1b0000ef1b0000
f71b00001c1c00005e1c00002c1d0000062400005c2400002a25000049250000cb270000d2270000e927000037280000
8a280000bd280000de28000078290000e32a00008a2b0000ba2c00002a2d00007b2e00009d2e0000d92f0000f02f0000
2e30000046300000d43000001d310000b9310000ce310000a6320000c6320000e632000095330000233400001f390000
2c3a0000ee3a00003f3f0000be3f0000bd4000003a410000540100005e020000820200001606000017060000b1070000
b2070000df090000e2090000b80c0000220e00005014000051140000a41a0000c81a00003d1b0000011d0000021d0000
122300007f23000039270000b02700005a2800005b280000420e0000880e0000b30e0000a20f0000af0f0000c00f0000
441300006413000092130000d1130000d6130000da1300002e1a0000501a00005f1b0000701b0000b51c0000be1c0000
2e24000080240000d32d0000a72e00003334000069390000363a0000313f0000433f00005b3f0000f240000068410000
10040000560400008604000037050000900a0000b10a0000df0a00005c0b0000b515000038160000451700007a170000
1d1a00007f200000e6200000cf2100000b220000092400001c280000c02900000d2d0000a3330000b933000083340000
3d350000f1350000fc380000793f0000f33f0000ba400000041a0000b11b0000d81c0000e4230000bf3f00006f400000
b2030000d9030000380400004c0500005c05000068050000460a0000600a0000a80a0000fd0a0000040b0000080b0000
b515000038160000451700007a170000041a00001d1a0000b11b0000d81c00007f200000e6200000cf2100000b220000
e4230000092400001c280000c0290000fc2c000096330000833400003d350000f1350000ec380000e43e0000f63e0000
043f0000793f0000bf3f0000f33f00006f400000ba400000e2000000f1000000ac010000ae010000cb010000ea020000
f502000011030000b8050000ed070000ee070000310800003408000066090000740c0000e30c0000b20d0000210e0000
501400000815000048150000b21700008b1d0000e91f00003322000039230000ab230000262700007d270000f1280000
9e02000067030000a20b0000031b0000021d00007e2300002700000084000000ff01000083070000a40b0000b9220000
170000001d0000003b000000b4000000ec000000ae010000cb010000fb01000000020000040200009e020000f5020000
11030000670300007a0500007d050000b2070000ed07000031080000900b0000a20b0000a50b0000bd0b0000b70c0000
b20d0000210e00005014000048150000b2170000031b0000021d00008b1d0000332200009e220000ba220000d2220000
392300007e230000ab230000262700007d270000f12800005001000059010000c101000009030000de030000e1030000
fc030000fe030000bd050000da050000db050000ff06000045070000ae070000b7070000cd080000130900007b090000
970900009a090000da0a0000dd0a0000500b0000580b0000780c0000f30c0000160d00006b0d00007e0d0000250e0000
ca0e0000cb0e0000250f0000260f0000670f00006a0f000025100000ba10000033110000341100005111000054110000
96110000c4110000c5110000cc1200008e1300008f1300004d14000054140000671400007814000079140000db140000
e1140000fe1400004d150000fc150000fd150000a21600004017000043170000b7170000d4170000d517000030180000
761b0000771b0000d11e0000e11f000032200000c3210000cb2100004822000064220000672200000a2300001a230000
3d230000bb230000ba240000bb2400009f250000a0250000bf250000c2250000502600005626000060270000ae280000
bb290000be290000c82a0000c92a0000882c0000892c0000792f00007a2f0000c0330000c13300000834000009340000
993500009a350000bb350000be350000973a00009d3a0000a33b0000a63b00001c3c0000243c0000a33c00009e3e0000
660000001f020000c8040000c90400008d06000009080000570a0000590a0000ab0b0000200c0000210c0000961f0000
bf220000602300007625000077250000d5260000d8260000d92700006c3500006d3500002c3b00003540000068040000
12050000300600006306000091080000fb090000130a0000a30a00009b0c0000730d0000260f00008611000034120000
57130000ee130000b4140000fc150000fa1700001e18000098180000671a0000db1a0000071b00000f1b0000771b0000
d31b0000761c0000b91c0000121d0000341d0000dd2400008f25000087260000da270000f5290000702a0000302c0000
332c0000e12c00009c2f000089350000cc380000ce3a00006c3b0000fb3c0000b141000040000000c000000036010000
0f020000320200006c030000980300009b0300006a040000c8040000c9040000170500007f0500008305000099050000
ff050000c20600008a070000a00700005b08000053090000c9090000a50a0000a70b0000ab0b0000db0b0000200c0000
550c000053130000961f0000bf22000060230000972400007725000031260000d5260000d8260000d9270000392a0000
672c0000562f000022330000713300006d350000783a00006e3b000035400000370f0000af1500007f1b0000a21b0000
792000000a280000633100009b310000e4310000ec3100005932000015330000623c0000873c0000803d0000e13d0000
3a3e0000c23e0000ef13000043170000c91c0000eb1c0000cb210000be290000470a0000670a0000dc0a0000220b0000
560b0000a01c0000bd290000b2030000d903000086040000370500005c050000460a0000600a0000df0a0000040b0000
5c0b0000690e0000ae0f000059130000d5130000fd190000041a0000081a00002d1a00003c1a00004e1a0000d4230000
e4230000f02300002d2400005d2400007f2400001c280000c0290000fc2c0000a3330000b933000024340000f1350000
ec380000f63e0000423f0000574000006f4000007d400000f14000003941000064410000d901000021030000cd080000
13090000da0a0000500b0000e510000064150000e516000085170000e21a0000061c0000b81c00004220000015220000
9e270000ae280000bb2900009f000000ac0000007a0200008606000091060000fe0600001907000043070000fe080000
3f0a0000650a0000210b0000151500003f170000c01a00009f1c0000f51f0000bf2100009d270000ad280000ba290000
1500000018000000a90100004d0200004e020000e002000023270000170000001d0000003b000000b4000000ee000000
53010000ac010000000200009a0200009e020000a6020000ea0200004b030000670300007f0300007a0500007d050000
b1070000ee07000034080000860b0000a20b0000a50b0000ba0b0000640d000051140000081500006e1500009a150000
b117000044180000581800003c1b0000011d0000e91f0000522000002d220000ba22000011230000262700007d270000
f12800009a0300009f030000b0030000d5030000f3030000370400006d040000a1040000ed040000f1040000f7040000
1c050000460500005a05000066050000a10500009a060000b006000007070000510700006b070000da0700005b090000
3a0c00003f0c0000470c0000040f00009f10000024110000b41500000f160000351600008e160000e1170000d1180000
e5180000b01b00002c1d00007d200000df2000006421000070220000e2230000062400000a2500001125000015250000
3a250000492500005b250000dd2700001b280000cc28000015290000582a0000e32a00006f2c0000fa2c00000a300000
3e3000005a30000075300000d43000001d31000082320000893200008d320000b6320000c6320000d9320000f6320000
95330000823400003b350000f0350000e8380000dc3e0000f43e0000023f0000763f0000be3f0000e93f000071400000
bd4000003e000000bc000000cc010000140300006a0300007a0500007d050000b1070000ee07000034080000860b0000
a20b0000a50b0000ba0b0000b80c0000220e000051140000b1170000011d00002d220000a8220000bd220000d5220000
3a2300007f230000b12300007e270000f1280000cd08000013090000da0a0000500b00009a0d0000e5100000ef130000
fe140000e51600004317000085170000f41a0000231b0000061c0000b81c0000c91c0000eb1c0000e11f0000cb210000
1522000060270000ae280000bb290000be290000a33b00001c3c0000fc3c0000be3d0000253e00009e3e00005f000000
6a000000c00100006e020000070300008606000091060000fe0600001907000043070000fe0800003f0a0000470a0000
650a0000670a0000dc0a0000210b0000220b0000560b00003f170000b41a00009f1c0000a01c0000bf2100005f270000
ad280000ba290000bd2900001c3b0000203b0000a53b0000ec3b0000ed3b0000223c00009d3e0000e503000007040000
0e04000051040000e8050000a70900009a0e0000b20e0000010f0000050f0000070f0000240f00002b0f00002d0f0000
3d0f00004110000092100000b2100000c410000020110000251100002911000068110000ee1200001016000036160000
e2170000d2180000fb1b0000021c0000e120000074220000fa23000007240000192400003b2500005d250000e02a0000
e42a0000ec2a0000962c00000b2d00008a2d00000e2e0000c6300000e0300000193100001e31000022310000bd310000
b7320000db32000032340000f6380000ac390000773f0000ed3f0000ac400000be400000d6400000df030000f6030000
6d04000071040000850400001c0500002505000035050000d2060000f10600000707000051070000fb07000045080000
3e0e0000800e0000480f0000ab0f0000eb0f000094120000ce140000b4150000eb1500004e160000811600008e160000
111e00007d2000002c21000052210000642100002a240000782400002a250000dd2700001b280000cc28000015290000
2a2b0000ed2b00005a2d0000cf2d00001f3000003e3000005a3000007e31000091310000353200004d320000a6320000
f6320000a2330000b7330000823400003b350000f03500005d3900003f3f0000f44000006e4100001101000085010000
cc01000014030000b8050000ed070000ee07000031080000340800006609000050140000091500009b150000b2170000
ec1f00005820000033220000122300007e270000f1280000140100008f010000c101000009030000de030000e1030000
fc030000fe030000bb050000ff06000045070000af070000bb070000c1070000c2070000df070000e2070000cd080000
1309000070090000da0a0000dd0a0000500b0000580b0000b40c0000bd0c0000160d0000730d00001a0e00002a0e0000
ca0e0000cb0e0000250f0000260f0000670f00006a0f0000de0f0000df0f00004b100000791000007a100000ba100000
86110000881200008b120000f2120000051300000b1300008e1300008f130000491400005614000059140000b3140000
b4140000fe1400009e150000fc150000fd150000aa160000bb160000bc1600004017000043170000b517000028180000
3b180000491800007d18000068190000761b0000771b0000e11f0000622000008321000086210000c3210000cb210000
3d220000152300008f2500009025000060270000ae280000bb290000be2900008d2a00008e2a0000f02a0000f62a0000
1d2b00001e2b0000e12b0000e42b00004d2d00004e2d0000b42d0000b52d000031330000323300007834000079340000
2f35000032350000893500008a3500003e39000044390000a33b0000a63b00001c3c0000243c0000a33c00009e3e0000
f10400005a0500003f0c00008b1b00001c1c00005c240000112500008a2b0000ce31000089320000f43e00003a410000
a20b00003d1b0000021d0000bd220000850000006903000083070000a40b0000660000006c030000c8040000c9040000
8d060000200800005a0800005b080000570a0000590a0000a70b00000918000097180000661a0000d9270000392a0000
3a2a00002f2c0000322c000070330000713300002c3b0000b04100009a0300009f030000b0030000d5030000ef030000
71040000850400009b040000a1040000a4040000f104000025050000350500005a050000a10500009a060000b0060000
e0060000640700006b0700006f070000fb070000450800005b0900003f0c0000680e0000480f0000ab0f00004c110000
ce140000eb1500004e160000811600008b1b00001c1c0000111e00002c21000052210000ce230000e2230000ee230000
2a2400005c24000078240000112500002a250000dd2700001b280000cc28000015290000532a0000582a0000602a0000
2a2b00008a2b0000ed2b00006f2c0000fa2c00000a3000002e3000006e30000075300000793000007e31000091310000
ce310000353200004d32000089320000a6320000f6320000a2330000b733000023340000f0350000e8380000f43e0000
3f3f00005f400000714000007f400000f44000003a4100006e4100003e000000bc00000054010000550300006a030000
820300007a0500007d050000b2070000ed07000031080000900b0000a20b0000a50b0000bd0b00005014000009150000
9b150000b21700003d1b0000021d0000ec1f00005820000033220000bd220000122300007e270000f128000068040000
1205000091080000a30a0000960b0000ca0b0000d90b00004f0c00009b0c0000250e0000260f0000c511000034120000
57130000ee13000054140000fc150000db1a0000391b0000421b0000771b0000e61b0000851c0000b91c0000fe1c0000
071d0000971f0000a7220000ca220000612300009b2400003d260000d6260000d9260000da270000c82a00006f2b0000
8f2b0000942e00005a2f000009340000233a0000843a00006c3b0000fb3c0000364000007e0000008900000036010000
1f0200005003000075030000980300009b0300006a040000c8040000c9040000170500009a05000065060000c2060000
7e07000080070000890700009e07000009080000200800005a08000055090000190a0000a50a00008b0b0000b00b0000
210c0000531300000918000097180000661a000076250000d9270000f12900003a2a0000642a00002f2c0000322c0000
682c0000e32c000021330000703300006c350000d23800006e3b0000b0410000e0030000f70300002704000030040000
d3060000f30600003f0e0000820e00009a0e0000af0e0000b20e0000230f0000290f0000350f0000380f0000460f0000
490f00004d0f00009f0f0000ac0f0000be0f0000ec0f0000c4100000e9100000f01000006811000098120000cb140000
cf140000d7140000ec15000017160000821600005e1b00006e1b0000cb1b00006a1c0000001e0000021e0000031e0000
121e0000d9200000542100002b2400007a240000262500002b2500002f2500002b2b0000f12b00005b2d0000d02d0000
832e0000a62e00002030000096300000a2300000e0300000f030000049310000613100006531000092310000b1310000
1e32000020320000223200004f32000072320000a2320000a7320000ab3200003234000061390000333a0000423c0000
5b3c0000473d00006c3d0000713d0000743d00007c3d0000853d0000e73d0000123e00002a3f0000403f0000583f0000
f540000070410000a1040000020500006b070000e5180000b01b00002c1d0000321e0000e223000049250000582a0000
75300000b73000002a320000c6320000823c0000413e0000be3f0000714000006a0300003f0b0000a50b0000011d0000
761f00007f230000370100005403000077030000450400006b040000fa0400000a0500001805000066060000c3060000
1b0a0000a60a0000aa0a0000390b0000440b00008f0b0000b20b00009a0d0000250f00003a0f0000e510000054130000
ef130000f113000056140000b3140000fd15000098180000471a0000671a0000761b0000b81c0000ff1c00000b1d0000
111d0000311d0000051e00002e1e0000331e00004f1f0000751f0000791f0000152300007b230000842300006e240000
de240000902500008a260000da270000f2290000682a0000302c0000332c0000e42c0000312d0000f82e00009d2f0000
053500008a3500006f36000026370000d438000026390000733a0000d13a00006f3b0000fc3c00001b410000b1410000
3007000015180000031a00000c1b0000401c0000d71c000000020000bd020000300700003f0b0000a50b000058180000
031a00003c1b0000401c0000d71c0000011d0000b21d0000761f0000ba2200000b3c0000343e0000f1030000eb040000
f4040000ea060000ff060000350700003d07000045070000a10d00005a0e0000060f0000140f0000280f0000a9100000
ed1000008e11000034120000ee130000161500006616000040170000a3180000b3180000f21800000e1900001d190000
c2190000901a0000f81a0000271b0000671b0000891b00008c1b00008d1b0000921b0000d61b0000ff1b0000381c0000
7b1c0000c81c0000e81c0000981e0000a61e0000a81e0000f91f0000c3210000542500009e270000ae280000bb290000
342e0000582e0000862e0000af2e0000393000004e300000f530000037310000de310000fd31000001320000d2320000
4e340000ff390000423a0000a03f0000e4030000050400000d0400004f0400006d040000710400008104000085040000
1c050000250500003305000035050000e70500000707000051070000fb07000045080000a3090000570e0000600e0000
040f0000580f000091100000b010000024110000b0150000b41500000f160000351600004e1600008e160000e1170000
d1180000181e00003a1e00007b2000007d200000df2000002c2100006421000070220000062400003a2500005b250000
dd2700000b2800001b280000cc28000015290000e32a0000952c00000a2d00003e3000005a300000a8300000bf300000
c53000001d310000333100003e3100006c3100007e3100009c310000243200002b320000353200005b320000b6320000
d9320000f632000016330000a2330000b7330000823400003b350000f0350000f23800003b3c00004e3c0000633c0000
663c00008a3c00008e3c00008c3d0000da3d0000573e0000c33e0000763f0000e93f0000bd400000cc01000014030000
b7050000ed070000ee070000310800003408000061090000e20a0000660b0000750c0000e90c0000220e000048130000
7713000008140000511400000915000048170000b11700005c1f00007b1f0000ec1f0000d92100002d2200003a230000
b12300007e270000f1280000c329000085000000830700005b0a0000a10b0000321f0000bc2200007e00000089000000
1f020000980300009b030000b4030000dc03000067040000c8040000c9040000100500005e0500009a0500007e070000
80070000890700009e07000009080000200800005a0800009008000055090000540a0000620a0000a20a0000050b0000
950b0000c60b0000d80b0000210c00004b0c00009a0c0000750e0000561300005a13000009180000051a0000e21d0000
f21d0000481e0000291f0000361f00006b1f0000961f0000a3220000c822000060230000e62300009a24000076250000
3b260000d5260000d8260000d92700003a2a0000682c0000fe2c0000e12e0000592f000021330000703300006c350000
f0360000ef380000573a0000823a00006b3b0000f83e0000db3f000035400000704000006d01000076010000da010000
26030000000700004a0700008b08000094080000ce080000180900008b0a0000ae0a0000db0a0000550b0000f5100000
1715000051150000dd1600004117000079170000371800001c1a00009f1e0000fe1f000035200000c821000008220000
9f270000af280000bc290000a50000002a0200008e060000e6080000580a0000020b000025000000fe0100001e000000
210000003c000000b9000000ed00000035010000fc01000001020000070200000e0200002f0200009f02000068030000
7b05000082050000fe050000c1060000c6090000a30b0000aa0b00009e1d0000951f0000bb2200005f230000e5000000
ff000000100100007f010000ac010000ae010000c2010000cb010000ea020000f50200000e03000011030000b7050000
000700004a070000ed070000ee07000031080000340800008b08000094080000ce08000018090000610900008b0a0000
ae0a0000db0a0000e20a0000550b0000660b0000970c0000a20c0000640d0000c10d0000f51000004813000077130000
0814000051140000ff140000081500006e1500009a150000dd160000411700004817000079170000b117000044180000
1c1a0000901d0000bc1d00009f1e00005c1f00007b1f0000e61f0000e91f000052200000c8210000d921000008220000
2d2200001123000026270000612700007d270000af280000f1280000bc290000c3290000543b0000773b0000a43b0000
ab3b0000213c0000323c0000193d0000b23d0000473e00009f3e00002700000067000000840000009d02000066030000
8e06000083070000e6080000580a00005b0a0000020b0000a10b00004f1d0000321f00002d3b0000cc3b00009f000000
ac000000d80100007a0200001d030000a0030000a4030000b1030000d8030000f0030000280400009c040000a2040000
a6040000a9040000b9040000f20400005b050000a20500000b06000086060000910600009b060000b2060000e9060000
190700006c070000cc080000fe0800000f0900005e090000d90900003f0a0000650a0000d90a0000210b00004c0b0000
400c0000a8100000c01a00009f1c0000241e0000871e00008e1e0000b41e0000e323000049240000122500009d270000
ad280000ba290000592a00005b2b0000702c0000ad2c0000fb2c0000222d00000b300000383000007630000098300000
ef3100000e3200008a320000eb38000016390000f53e00007340000056410000150000001800000043000000ca000000
a80100004d0200004e020000da0200006f0300007b05000082050000fe050000c1060000c6090000a30b0000aa0b0000
d50c00003f1d0000601d0000d61d0000951f0000c2220000232700005001000059010000c101000009030000de030000
e1030000fc030000fe03000016040000630400008b0400003b050000bd050000da050000db050000ff06000045070000
ae070000b7070000cd080000130900007b090000970900009a090000a00a0000b80a0000da0a0000dd0a0000e10a0000
500b0000580b0000630b0000780c0000f30c0000160d00006b0d00007e0d0000250e0000650e00006e0e0000b80e0000
ca0e0000cb0e0000250f0000260f00005c0f0000670f00006a0f0000a40f0000c60f000025100000ba10000033110000
34110000511100005411000096110000c4110000c5110000cc1200004b130000811300008e1300008f13000093130000
d2130000dd1300000b1400004d14000054140000671400007814000079140000db140000e1140000fe1400004d150000
ba150000fc150000fd1500003e160000a21600004017000043170000471700007c170000b7170000d4170000d5170000
301800001f1a0000761b0000771b0000f81d0000081e00001b1e00003d1e0000d11e0000481f0000511f00005f1f0000
851f0000e11f00003220000083200000f3200000c3210000cb210000d621000012220000482200006422000067220000
0a2300001a2300003d230000bb2300000f240000ba240000bb2400009f250000a0250000bf250000c225000050260000
56260000602700002d280000ae280000bb290000be290000c2290000c82a0000c92a0000882c0000892c0000132d0000
eb2e0000792f00007a2f0000c0330000c133000008340000093400001f3400002b340000583400000a35000012350000
993500009a350000bb350000be3500007c360000913600000037000048370000ed3700009e3800000c3900005f3a0000
973a00009d3a0000a33b0000a63b00001c3c0000243c0000a33c00009e3e0000343f0000633f00007f3f000003400000
bc400000660000001f020000d0030000c8040000c90400005e0500008d06000009080000570a0000590a00005a0a0000
050b0000ab0b0000200c0000210c0000f01d0000481e0000351f00006b1f0000961f0000bf2200006023000076250000
77250000d5260000d8260000d9270000fd3400006c3500006d3500005d3600002c3b0000f83e0000db3f000035400000
2900000065000000010200001e0200008c06000008080000aa0b00009e1d0000951f0000bb2200005f23000017000000
1d0000003b00000042000000b4000000c7000000ec00000038010000ae010000cb010000fb0100000002000004020000
11020000390200009e020000f502000011030000670300006e030000960300009e030000eb0300007004000098040000
a0040000a3040000f0040000240500007a0500007d05000081050000920500000106000007060000c4060000df060000
b2070000ed07000031080000670800007c080000380900004c090000d0090000d6090000ab0a0000900b0000a20b0000
a50b0000a90b0000bd0b0000e10b0000020c0000650c0000b70c0000d80c00007a0d0000b20d0000210e0000470f0000
4b1100002412000055130000d413000050140000cd14000048150000ea150000b2170000031b00008a1b0000021d0000
421d00006a1d0000771d00008b1d0000a11d0000a81d0000d91d0000101e00006c1e0000b91e0000c11e0000e81e0000
4c1f0000981f0000a51f0000c41f0000332200009e220000ba220000c1220000d222000039230000622300007e230000
ab23000099240000d124000029250000dc2500003a2600007a260000d7260000de260000262700007d270000db270000
f12800001b2a0000502b0000602c0000a92c0000582f0000902f00002d300000a5320000d5340000f4340000fd350000
4a3600001e380000813a0000c13a0000743b0000dd3c0000374000009a0300009f030000b0030000bc030000c0030000
d5030000f3030000370400006d04000081040000a1040000ed040000f1040000f7040000020500001c05000033050000
460500005a05000066050000a10500009a060000b006000007070000510700006b070000da0700005b0900003a0c0000
3f0c0000470c00005c0e0000040f0000580f00009f10000024110000b41500000f160000351600008e160000e1170000
d1180000e5180000b01b00002c1d0000ea1d0000eb1d0000ec1d0000181e0000321e00003a1e00007d200000df200000
6421000070220000e2230000062400000a25000011250000152500003a250000492500005b250000dd2700000b280000
1b280000cc28000015290000582a0000e32a00006f2c0000fa2c00000a3000003e3000005a3000007530000085300000
89300000a8300000b7300000bf300000d43000001d310000393100006c31000016320000173200001832000024320000
2a3200002b32000082320000893200008d320000b6320000c6320000d9320000f6320000163300009533000082340000
3b350000f0350000e8380000353c0000383c00004a3c0000663c00006c3c0000703c0000713c0000823c00008e3c0000
8c3d0000da3d0000413e0000573e0000c33e0000dc3e0000f43e0000023f0000763f0000be3f0000e93f000071400000
bd4000003e000000bc000000cc010000140300006a0300007a0500007d050000b1070000ee070000340800004a0a0000
6c0a0000e20a00003f0b0000660b0000860b0000a20b0000a50b0000ba0b0000b80c0000220e00005c13000008140000
51140000b1170000011d00002e1f0000331f00003b1f00005c1f0000761f00007b1f00002d220000a8220000bd220000
d52200003a2300007f230000b12300007e270000f1280000c32900009d000000a800000074010000290200002b020000
2d020000880600009506000000070000300700004a07000092080000e5080000e7080000e90800003d0a00005e0a0000
a40a0000f90a0000030b0000070b0000f51000001715000051150000dd16000041170000791700001518000037180000
031a00001c1a00000c1b0000401c0000d71c00009f1e0000fe1f000035200000c8210000082200009f270000af280000
bc290000170000001d0000003b000000610000006e000000b4000000ee00000053010000ac010000c201000000020000
9a0200009e020000a6020000bd020000ea0200000e0300004b030000670300007f0300007a0500007d05000088060000
9506000000070000300700004a070000b1070000ee0700003408000092080000e5080000e7080000e90800003d0a0000
4a0a00005e0a00006c0a0000a40a0000e20a0000f90a0000030b0000070b00003f0b0000660b0000860b0000a20b0000
a50b0000ba0b00009c0c0000640d0000c10d0000f51000005c1300000814000051140000081500006e1500009a150000
dd1600004117000079170000b11700004418000058180000031a00001c1a00003c1b0000401c0000d71c0000011d0000
4e1d0000501d0000521d0000901d0000b21d0000bc1d00009f1e00002e1f0000331f00003b1f00005c1f0000761f0000
7b1f0000e91f000052200000c8210000082200002d220000ba2200001123000026270000612700007d270000af280000
f1280000bc290000c32900001a3b0000233b00006d3b0000ab3b0000c33b0000cd3b0000d13b00000b3c0000323c0000
193d0000b23d0000343e0000473e00009f3e00006f0100007b010000e8030000fb030000320400003a0400006f040000
7f040000220500002f050000be060000c7060000d4060000f80600000b07000055070000d8070000dc0700008d080000
990800008d0a0000bb0a0000d30c0000df0c0000520d0000a10d0000f30d0000400e0000860e00009b0e0000ac0e0000
020f0000090f00000b0f00001b0f00004a0f0000ad0f0000ed0f00002e1000009d100000a1100000c7100000d3100000
e5100000fd10000004110000211100002c1100001212000034120000431200009d120000da1200003e1300006c130000
b3130000ee13000016140000d01400003a15000064150000ae150000ed150000f2150000521600006616000083160000
a5160000e51600006217000085170000c118000061190000e21a0000f81a0000271b0000061c0000381c0000b81c0000
c81c0000e81c0000131e0000941e00009a1e0000a21e0000ac1e0000162000004220000077200000c420000030210000
592100007c210000de21000015220000f9230000112400002c2400007e2400002c250000df27000009280000d7280000
de2a0000e72a00002c2b0000f62b00005c2d00007e2d0000d12d0000022e000021300000423000005e300000a6300000
bb300000d2300000d6300000e5300000fd3000001a3100002531000046310000933100009a310000f8310000ff310000
053200005432000057320000a832000000330000143300008e3300009933000094340000c43400005135000066390000
9f390000413f0000af400000de400000fa4000007e4100007a020000a9030000be030000a2040000b2040000aa060000
190700006c07000013080000fe080000210b0000c01a00009f1c0000241e00008d1e0000b41e0000e323000049240000
9d270000ad280000ba290000592a00005b2b0000193000007630000087300000f53100000e320000ac33000073400000
56410000a30000004d0200004e0200006f0300008c06000008080000aa0b00005b1d0000d61d0000951f000023270000
9d000000a8000000ec000000ee00000038010000530100002b0200004a0200004b02000053020000570200005d020000
7f020000640300007c030000960300009e030000eb0300007004000098040000a0040000a3040000f004000024050000
a005000016060000170600006b060000880600009506000099060000ae060000c4060000300700006a070000b1070000
b2070000b4070000cf070000070800000b0800000d08000015080000e70800005a090000df090000e2090000290a0000
ab0a00009f0b0000b70b00003e0c0000b70c0000ba0c0000640d0000b20d0000210e0000260e0000470f0000ec110000
241200006212000055130000d4130000501400005114000055140000ea150000151800005818000099180000681a0000
a31a0000c51a0000031b00003c1b00008a1b0000011d0000021d00005a1d00005e1d0000771d0000a61d0000d21d0000
db1d0000101e0000571e00007e1e0000d81e0000f51e0000151f00004c1f0000911f00009a1f0000bf1f000011230000
7e23000010250000ae250000202700002227000038270000aa270000db2700005a2800005b280000f3290000572a0000
6d2a0000ae2a0000412b0000602b0000312c0000382c00006e2c0000e92c0000bf2e0000d82e00000930000074300000
883200004033000049330000a9350000d6360000e23800004c3a0000743b0000dd3c0000b2410000320100003b010000
420400004b040000be060000c7060000940a00009d0a0000be0a0000c40a0000341200003e1300006c130000ee130000
6015000007160000661600008617000088170000db1a00006b1b0000381c0000b91c0000bb1c0000c81c0000e81c0000
3e200000d1200000182200001e2200006b360000773600005e370000c1370000073800005d3b0000873b0000fb3c0000
bf3d0000243e0000602700002d280000ae280000bb290000be290000c22900009e3800009e3e00006e020000df040000
19070000220b0000230b00009f1c00008d360000ed3b0000c1010000090300008b0400003b050000ff06000045070000
dd0a0000e10a0000580b0000630b000034120000ee130000601500000716000066160000401700008617000088170000
db1a00006b1b0000381c0000b91c0000bb1c0000c81c0000e81c00003e200000d1200000c3210000182200001e220000
602700002d280000ae280000bb290000be290000c22900007c360000913600005e370000c1370000073800009e380000
a63b0000243c0000fb3c0000bf3d0000243e00009e3e000050020000fd080000b31a0000000200006e030000f0040000
38090000a50b0000a90b0000581800003c1b00008a1b0000011d0000041d0000201d0000ba220000812300001f260000
1b2a00004a36000067380000ec000000560100004a020000530200006002000088020000f2030000c4040000ce040000
1706000019060000b2070000b4070000b7080000020900000a090000e2090000e8090000b70c00004111000058180000
a31a0000c51a00003c1b00008a1b0000ba1b0000591c0000011d0000041d0000201d0000812300001f260000762e0000
cf33000027360000673800008d080000990800008d0a0000bb0a0000960c00009f0c00009a0d0000730e00007c0e0000
3a0f0000e5100000451300004e1300006f13000075130000ef130000f1130000e516000085170000f41a0000231b0000
811b0000a41b0000061c0000b81c0000c91c0000cb1c0000eb1c0000f11c000015220000ed360000f936000026370000
c6370000ce370000563b0000843b0000fc3c0000be3d0000253e0000c0010000070300008a0400003a050000fe060000
43070000cc0800000f090000d90a0000dc0a0000e00a00004c0b0000560b0000610b0000fd140000b91500003f170000
4217000046170000df1f000082200000bf210000c9210000d42100005f2700002c280000ad280000ba290000bd290000
c12900007b3600008f36000047370000eb3700009d380000a23b0000a53b0000183c0000223c00009d3e0000fe080000
210b0000b41a0000561b0000a01c0000a11c0000b9370000ec3b00005f0000006a0000006e020000ce030000d2030000
df040000860600009106000019070000cc080000fe0800000f0900003f0a0000470a0000500a0000650a0000670a0000
690a0000d90a0000210b0000220b0000230b00004c0b0000fd140000b91500004217000046170000b41a0000561b0000
9f1c0000a01c0000a11c0000df1f000082200000c9210000d42100005f2700002c280000ad280000ba290000bd290000
c12900005b3600005f3600008d36000047370000b9370000eb3700009d3800001c3b0000203b0000a23b0000ec3b0000
ed3b0000183c00009d3e0000ad010000bf010000f002000004030000fd06000040070000cb0800000e090000fc140000
dc1f0000272700005e270000ac280000500200006d0200001807000028000000640000008b060000200000005b000000
69000000ad010000bf010000500200006d020000f0020000040300008206000090060000fd0600001807000040070000
fd080000b31a0000272700005e270000ac280000e5000000ff000000100100007f010000ac010000ae010000cb010000
ce010000ea020000f5020000110300001a030000dd030000f403000069040000700400001605000024050000b7050000
bc050000ce050000ed070000ee070000f0070000f607000031080000340800003a08000040080000d808000022090000
61090000760900008a090000790c0000f90c0000640d0000260e0000470f0000d4110000f11100006212000051140000
55140000081500000b1500006e1500009a150000ea15000089160000c8160000b1170000b6170000c817000044180000
101e0000e91f0000f21f0000522000005f210000962100002d2200004322000057220000112300003e230000c1230000
0526000024260000262700007d27000080270000db270000f1280000f32800000929000042290000ae2a00007c2c0000
4533000059330000693400001a350000d93500009a360000d63600004b3800006c380000270000008400000086000000
9d02000066030000a80300009f04000083070000840700009307000078080000a10b0000a80b0000010c0000c0220000
db2500002b3300001d380000ee000000530100004b020000570200005d0200007f020000eb030000c0040000cb040000
16060000190600001f060000b1070000b4070000cf070000df090000e8090000ee090000ba0c0000ec110000e4180000
a61a0000ce1a0000031b00003f1b0000201c0000281c0000501c0000021d0000041d00007e2300007e2b0000b52c0000
403300009b370000b0370000160000001c0000003a00000041000000b0000000c5000000ff0100009d02000066030000
6d030000950300009d0300009f040000ef040000790500007c0500008005000091050000660800007a08000037090000
4a090000a10b0000a40b0000a80b0000010c0000b9220000c0220000db2500001a2a00005f2c0000fc35000049360000
1d380000320100003b010000420400004b040000be060000c70600008d080000990800008d0a0000940a00009d0a0000
bb0a0000be0a0000c40a0000960c00009f0c0000440d00009a0d0000e50d0000730e00007c0e0000ed0e00003a0f0000
960f0000d3100000e5100000041100001212000034120000431200003e130000451300004e1300006c1300006f130000
75130000b3130000b4130000b8130000ee130000ef130000f1130000161400001c1400002c1400002c15000060150000
d61500000716000066160000e5160000621700006317000067170000851700008617000088170000db1a0000f41a0000
231b00006b1b0000811b0000a41b0000061c0000381c0000b81c0000b91c0000bb1c0000c81c0000c91c0000cb1c0000
e81c0000eb1c0000f11c0000082000003e200000a4200000d1200000de210000e4210000f42100001522000018220000
1e2200006b36000077360000ed360000f93600000e370000263700002b370000513700005e370000c1370000c6370000
ce370000f337000007380000563b00005d3b0000843b0000873b0000b83c0000b93c0000fb3c0000fc3c0000273d0000
2d3d0000be3d0000bf3d0000243e0000253e00006e020000df04000019070000fe080000210b0000220b0000230b0000
b41a0000561b00009f1c0000a01c0000a11c00005f2700002c280000ad280000ba290000bd290000c12900008d360000
b93700009d380000ec3b0000ed3b00009d3e0000500200006d02000018070000fd080000b31a0000272700005e270000
ac280000ec000000ee00000053010000560100004a0200004b02000053020000570200005d020000600200007f020000
88020000eb030000f2030000c0040000c4040000cb040000ce0400001606000017060000190600001f060000b1070000
b2070000b4070000cf070000b7080000020900000a090000df090000e2090000e8090000ee090000b70c0000ba0c0000
640d0000b20d0000210e0000260e0000030f0000470f000041110000ec11000062120000501400005114000055140000
9914000058180000e4180000a31a0000a61a0000c51a0000ce1a0000031b00003c1b00003f1b00008a1b0000ba1b0000
201c0000281c0000501c0000591c0000011d0000021d0000041d0000201d000011230000162300007e23000081230000
f52500001f2600002027000022270000382700003d270000aa270000c0270000c8270000d12700005a2800005b280000
5f2800007128000028290000472900005f290000ae2a00007e2b0000b52c0000762e0000c02f000040330000cf330000
27360000d63600009b370000b03700003b380000673800007b380000cd08000013090000da0a0000500b00009a0d0000
3a0f0000e5100000ef130000f1130000fe140000ba150000e5160000431700004717000085170000f41a0000231b0000
811b0000a41b0000061c0000b81c0000c91c0000cb1c0000eb1c0000f11c0000e11f000083200000cb210000d6210000
15220000602700002d280000ae280000bb290000be290000c22900002637000048370000c6370000ce370000ed370000
9e380000a33b00001c3c0000fc3c0000be3d0000253e00009e3e00005f0000006a000000c00100006e02000007030000
ce030000d20300008a040000df0400003a0500008606000091060000fe0600001907000043070000fe0800003f0a0000
470a0000500a0000650a0000670a0000690a0000dc0a0000e00a0000210b0000220b0000230b0000560b0000610b0000
3f170000b41a0000561b00009f1c0000a01c0000a11c0000bf2100005f2700002c280000ad280000ba290000bd290000
c12900005b3600005f3600007b3600008d3600008f360000b93700009d3800001c3b0000203b0000a53b0000ec3b0000
ed3b0000223c00009d3e0000200000005b00000069000000ad010000500200006d020000f00200008206000090060000
18070000cb080000fd0800000e090000fc140000b31a0000dc1f0000272700005e270000ac280000170000001d000000
3b00000042000000b4000000c7000000ee00000053010000ac010000ce010000000200009a0200009e020000a6020000
ea0200001a0300004b030000670300006e0300007f030000960300009e030000eb0300007004000098040000a0040000
a3040000f0040000240500007a0500007d0500008105000092050000b1070000b4070000cf070000ee070000f0070000
340800003a080000670800007c080000d808000022090000380900004c090000860b00009b0b0000a20b0000a50b0000
a90b0000ba0b0000c30b0000f80b0000020c0000060c0000ba0c0000640d0000260e0000470f0000ec11000062120000
5114000055140000081500006e1500009a150000ea15000089160000b1170000b6170000c81700004418000058180000
3c1b00008a1b0000011d0000041d0000201d0000101e0000e91f0000522000005f2100002d2200004322000057220000
b3220000ba220000c1220000db220000112300003e23000081230000c1230000d7250000dc250000e425000005260000
1f26000024260000262700007d27000080270000db270000f1280000f328000009290000422900001b2a0000ae2a0000
602c000040330000693400001a350000d9350000fd3500004a360000d6360000193800001e380000263800004b380000
673800006c380000e2000000f10000001501000095010000ac010000ae010000cb010000ce010000ea020000f5020000
110300001a030000e30300000404000069040000700400001605000024050000b8050000bc050000ed070000ee070000
f0070000f607000031080000340800003a080000400800009f080000bc080000d8080000220900006609000076090000
740c0000e30c0000b20d0000210e0000030f0000d20f00007b120000501400005514000099140000081500000b150000
481500009f1500000e16000089160000c8160000f3160000b2170000b6170000d01800008b1d0000e91f0000f21f0000
682000005f21000096210000b221000033220000432200001623000039230000ab230000f5250000262700007d270000
80270000db270000f1280000f32800000929000042290000112b0000d42b0000412d0000453300005933000069340000
1a350000d93500000b3600003e370000e03700003b3800009e02000067030000a0040000a20b0000a90b0000020c0000
e4180000031b00003f1b0000501c0000021d0000041d0000c12200007e230000dc2500007e2b0000b03700001e380000
270000008400000086000000ff0100006d030000a8030000ef0400008307000084070000930700007808000037090000
a40b0000a80b0000b92200001a2a00002b33000049360000170000001d0000003b00000042000000b4000000c7000000
ec00000056010000ae010000cb010000fb01000000020000040200009e020000f5020000110300006003000067030000
6e03000088030000960300009e030000f203000069040000a0040000ec040000f0040000f6040000160500007a050000
7d0500008105000092050000b2070000b4070000ed070000f0070000f6070000310800003a0800004008000067080000
7c080000b70800003309000038090000400900004c090000900b00009b0b0000a20b0000a50b0000a90b0000bd0b0000
c30b0000020c0000b70c0000b20d0000210e0000030f0000411100005014000055140000991400000b15000048150000
9f1500000e160000c8160000f3160000b2170000b6170000d0180000e4180000031b00003f1b0000501c0000021d0000
041d00008b1d0000f21f00006820000096210000b221000033220000432200009e220000ba220000c1220000d2220000
16230000392300007e230000ab230000dc250000f5250000262700007d27000080270000db270000f1280000f3280000
0929000042290000112a00001b2a00001f2a0000112b00007e2b0000d42b0000602c00004533000059330000cf330000
d9350000fd350000453600004a360000523600003e370000b0370000e03700001e3800003b380000050f0000490f0000
590f0000ac0f000025110000cf140000021e0000072400002b250000cd270000d3270000ea2700000628000010280000
392800008b280000be280000e02800007c290000e42a0000da2f0000f12f00001e3100006d31000020320000a7320000
e7320000103300001d330000f23a0000713d00008d3d0000b03e0000b93e0000403f0000be400000ef0300002b040000
c3040000cc040000d9040000db040000e00600001e07000026070000680e00004c110000e5180000491b0000591b0000
b01b0000bf1b00005e1c00002c1d0000321e0000492500007b2e00009d2e00002e300000463000009b300000af300000
b13000002a320000c6320000233400002c3a00004d3c0000773c00007b3c0000413e0000be3f0000540100005e020000
8202000017060000b2070000e2090000ab0a00001c0b0000290b0000011d0000761f00007f2300003701000010020000
34020000450400006b040000180500004f0500006c05000000060000c3060000cb090000a60a0000aa0a0000ff0a0000
0c0b0000dc0b0000570c00009a0d0000250f00003a0f0000e510000096110000c411000054130000ef130000f1130000
fd150000301800005c1800006418000031190000da1900001f1a00003a1a00003e1a0000761b0000e51b0000821c0000
b81c0000491e00006c1f0000971f0000612300000f24000058240000622400009824000035260000d6260000d9260000
da270000c92a0000702b0000922b0000932e0000572f0000083400006f36000026370000203a00007c3a00006f3b0000
fc3c0000e73e0000093f0000dc3f000036400000bc4000002f4100003d410000c4060000170700001b070000d80c0000
55130000be1a0000c21a00000c1b0000401c0000951c0000a31c0000d71c0000f10300009d040000a7040000ea060000
ff060000450700006607000073070000a10d00005a0e0000280f00004a0f0000ad0f0000a9100000ed10000034120000
ee130000d0140000161500006616000040170000e3180000e6180000f81a0000271b0000671b0000a81b0000b31b0000
ff1b0000381c0000c81c0000e81c00002a1d00002e1d0000251e0000b51e0000f91f0000c3210000cc230000e8230000
4a2400002c250000472500004b2500009e270000ae280000bb290000512a00005c2a00005c2b00003930000070300000
7d300000f530000037310000de3100000f320000a8320000c4320000c8320000413f0000b43f0000c23f000062400000
8440000057410000ec000000380100004a020000530200006c0200007002000017060000c4060000170700001b070000
b2070000e2090000ab0a00001c0b0000290b0000b70c00005513000058180000a31a0000c51a00003c1b0000401c0000
951c0000a31c0000d71c0000011d0000b21d0000761f0000743b0000e73b0000f43b0000343e0000f303000037040000
c5040000cf040000d2040000e204000024060000da070000f30900005c0e00009f100000501b0000521b00008b1b0000
991b0000ef1b0000f71b00001c1c00005c2400008a2b0000ba2c00002a2d0000d430000039310000b9310000ce310000
d5310000d7310000e9310000953300001f3900004a3c0000753c00007a3c00001a3e00003a41000016060000b1070000
df090000b80c00005c130000a41a0000c81a00003d1b00009a1c0000a71c0000e21c0000021d00003d000000ba000000
69030000790500007c050000490a00006a0a00003e0b0000a10b0000a40b0000321f0000bc22000040000000c0000000
6c030000980300009b030000c5030000c903000067040000c8040000c904000007050000100500007f05000083050000
990500002f060000620600008a070000a00700005b0800009008000053090000f70900000f0a00004c0a0000700a0000
a20a0000410b0000a70b0000ab0b0000200c00009a0c0000750e0000561300005a130000f91700001c18000097180000
fe1900000a1a0000461a0000661a0000f01d0000351f0000bf220000d6230000f32300006d24000077250000d9270000
f4290000392a00006e2a00002f2c0000322c0000672c0000e02c000022330000713300008133000085330000b3330000
fd3400006d350000f0360000c83800006b3b000051400000744000001a410000b041000074010000780200007c020000
92080000fc08000000090000a40a0000170b0000250b000061180000a41900003b1a000099000000a60000002a020000
87060000930600002f070000e6080000390a00005c0a0000020b000014180000021a0000140000001b000000fe010000
9c0200001e000000210000007a00000088000000ed00000035010000010200001e020000980200009f020000a1020000
4903000072030000c10600007c0700007f070000080800001f080000840b0000ad0b0000081800006a18000096180000
651a00009f000000ac000000d80100007a0200001d030000a0030000a4030000c3030000c8030000f003000028040000
a2040000b2040000e9040000f2040000f3040000420500005f0500008606000091060000a2060000a4060000e9060000
190700003a070000990700009b07000013080000cc080000fe0800000f0900003f0a0000650a0000d90a0000210b0000
4c0b0000340c0000410c0000a8100000ab180000f11800000d190000561900008f1a0000c01a00009f1c00008d1e0000
0b25000017250000532500009d270000ad280000ba2900001230000014300000383000005330000098300000f5310000
833200008f320000d13200007f33000084330000ac330000bc340000d63e0000f93e00009f3f00001500000018000000
7f0000008c000000a80100004d0200004e020000c8020000da020000c10600007c0700007f070000080800001f080000
840b0000ad0b0000d50c0000651a00005b1d0000ac220000dd2200009d23000023270000ee000000530100004b020000
570200005d0200007f02000016060000b107000092080000fc08000000090000df090000a40a0000170b0000250b0000
9c0c00005c130000a41900003b1a0000b21a0000b61a0000031b0000181b00009a1c0000a71c0000e21c0000021d0000
7e2300006d3b0000e23b0000f03b0000053e0000160000001c0000003a000000600000006c000000b0000000ff010000
9d020000bc02000066030000790500007c05000087060000930600002f070000e6080000390a0000490a00005c0a0000
6a0a0000020b00003e0b0000a10b0000a40b0000021a00004f1d0000321f0000b9220000183b0000223b0000cc3b0000
0a3c0000ef030000f30300002b04000037040000c3040000c5040000cc040000cf040000d2040000d9040000db040000
e204000024060000e00600001e07000026070000da070000f30900005c0e0000680e0000040f0000480f0000580f0000
ab0f00009f100000241100004c110000ce140000e5180000491b0000501b0000521b0000591b00008b1b0000991b0000
b01b0000bf1b0000ef1b0000f71b00001c1c00005e1c00002c1d0000011e0000321e0000062400005c2400002a250000
49250000cb270000d2270000e9270000052800000f280000372800008a280000bd280000de28000078290000e32a0000
8a2b0000ba2c00002a2d00007b2e00009d2e0000d92f0000f02f00002e300000463000009b300000af300000b1300000
d43000001d310000393100006c310000b9310000ce310000d5310000d7310000e93100001f3200002a320000a6320000
c6320000e63200000f3300001b33000095330000233400001f3900002c3a0000ee3a00004a3c00004d3c0000753c0000
773c00007a3c00007b3c0000703d00008c3d00001a3e0000413e0000ae3e0000b83e00003f3f0000be3f0000bd400000
3a410000540100005e020000820200001606000017060000b1070000b2070000df090000e2090000ab0a00001c0b0000
290b0000b80c0000220e00005c130000081400005014000051140000a41a0000c81a00003d1b00009a1c0000a71c0000
e21c0000011d0000021d00004c1f0000761f0000122300007f23000039270000b02700005a2800005b280000ad290000
de29000074010000780200007c020000c4060000170700001b07000092080000fc08000000090000a40a0000170b0000
250b0000d80c00007a0d0000f51000002412000055130000d41300003718000061180000a41900001c1a00003b1a0000
be1a0000c21a00000c1b0000401c0000951c0000a31c0000d71c000098270000a1270000aa280000b52800009d290000
c6290000ec000000ee00000038010000530100004a0200004b02000053020000570200005d0200006c02000070020000
7f0200001606000017060000c4060000170700001b070000b1070000b207000092080000fc08000000090000df090000
e2090000a40a0000ab0a0000170b00001c0b0000250b0000290b00009c0c0000b70c0000640d0000b20d0000c10d0000
210e0000f510000024120000551300005c130000d413000008140000501400005114000058180000a41900001c1a0000
3b1a0000a31a0000b21a0000b61a0000c51a0000031b0000181b00003c1b0000401c0000951c00009a1c0000a31c0000
a71c0000d71c0000e21c0000011d0000021d0000771d0000b21d00004c1f0000761f0000112300007e23000020270000
22270000382700005c27000067270000aa2700005a2800005b280000aa280000b52800009d290000ad290000c6290000
de2900006d3b0000743b0000e23b0000e73b0000f03b0000f43b0000dd3c0000193d0000053e0000343e00008c3e0000
953e00006804000012050000300600006306000091080000fb090000130a0000a30a00009b0c0000730d0000760e0000
260f0000b40f00008611000034120000571300005b130000d7130000ee130000b4140000fc150000fa1700001e180000
98180000ff1900000c1a0000471a0000671a0000db1a0000071b00000f1b00006b1b0000771b0000ac1b0000b61b0000
d31b0000761c0000b91c0000bb1c0000d61c0000da1c0000121d0000341d0000d7230000f42300006e240000dd240000
8f25000087260000da270000f5290000702a0000302c0000332c0000e12c00009c2f000089350000f1360000c1370000
cc380000ce3a00006c3b0000fb3c0000483f0000b93f0000c63f000055400000764000001b410000b141000040000000
c0000000360100000f020000320200006c030000980300009b030000c5030000c9030000440400006a040000c8040000
c904000007050000170500004e0500006b0500007f0500008305000099050000ff050000c20600008a070000a0070000
5b08000053090000c90900004c0a0000700a0000a50a0000a90a0000fe0a00000a0b0000410b0000a70b0000ab0b0000
db0b0000200c0000550c000053130000f01d0000481e0000351f00006b1f0000961f0000bf2200006023000097240000
7725000031260000d5260000d8260000d9270000392a0000672c0000562f000022330000713300008133000085330000
b3330000fd3400006d3500006e360000783a00006e3b0000e63e0000073f0000db3f0000354000001e00000021000000
7a00000088000000ed000000fc01000001020000070200001e0200009f0200007c0700007f070000080800001f080000
8f080000940b0000c50b0000990c0000081800009e1d0000951f00009c220000c52200005f230000170000001d000000
3b000000610000006e000000b4000000ec00000056010000ae010000cb010000fb01000000020000040200001d020000
210200009e020000bd020000f50200001103000067030000eb030000f2030000c0040000c4040000cb040000ce040000
7a0500007d0500008806000095060000c4060000df06000030070000b2070000b4070000ed070000070800000b080000
31080000b7080000e70800003d0a00004a0a00005e0a00006c0a0000030b00003f0b0000900b00009f0b0000a20b0000
a50b0000b70b0000bd0b0000160c00001b0c0000240c0000280c0000b70c0000d80c00007a0d0000b20d0000210e0000
030f0000470f0000411100004b11000024120000501400005514000099140000cd14000048150000b2170000e4180000
031a0000681a0000841a0000031b00008a1b0000021d0000501d00008b1d0000a61d0000d81e0000331f0000911f0000
9a1f0000bf1f0000332200009e220000af220000ba220000d2220000e722000016230000392300005d23000068230000
7e230000a0230000ab230000292500006c250000712500007a2500007e250000ae250000b9250000f5250000b8260000
c8260000e1260000f9260000262700007d270000c8270000d1270000f12800002d300000a5320000cf33000062350000
673500007035000074350000a9350000b53500003b3800001a3b0000233b0000cd3b00000b3c0000244000002d400000
d901000021030000f103000029040000eb040000f40400004405000060050000ea060000cd08000013090000da0a0000
500b0000380c0000430c0000060f0000280f0000360f0000a9100000e5100000ed1000002611000064150000e5160000
85170000f21800000e190000901a0000e21a0000891b00008c1b0000ff1b0000061c00001a1c00001e1c0000b81c0000
422000001522000008240000542400005f2400000c25000019250000542500009e270000ae280000bb290000e52a0000
882b00008c2b00003930000099300000f53000001f31000062310000cc310000d03100008432000091320000d2320000
da3e0000fb3e0000a03f0000c340000034410000414100009f000000ac0000007a020000a0030000a4030000c3030000
c8030000f00300009c040000a2040000a6040000b2040000f20400008606000091060000a2060000a4060000e9060000
fe060000190700003a070000430700006507000071070000990700009b07000013080000fe0800003f0a0000650a0000
210b0000590e0000a8100000151500003f170000ab18000056190000c01a00009f1c0000241e00008d1e0000b41e0000
f51f0000bf210000ca230000e7230000492400009d270000ad280000ba2900004d2a00005a2a00005b2b000012300000
1430000038300000533000006f3000007b30000036310000f53100000e3200007f33000084330000ac330000bc340000
61400000824000005641000015000000180000007f0000008c00000071010000a90100004d0200004e020000c8020000
e0020000590300008a0300007c0700007f070000080800001f0800008f080000940b0000c50b00005b1d0000d61d0000
951f000023270000170000001d0000003b000000610000006e000000b4000000ee0000005301000074010000ac010000
000200009a0200009e020000a6020000bd020000ea0200004b0300005c030000670300007f03000094030000eb030000
f2030000c0040000c4040000cb040000ce0400007a0500007d050000880600009506000030070000b1070000b4070000
cf070000d9070000ee0700001e080000220800003408000050080000550800005e0800006208000092080000e7080000
3d0a00004a0a00005e0a00006c0a0000030b00003f0b0000860b0000970b0000a20b0000a50b0000ba0b0000cf0b0000
ba0c0000640d0000260e0000030f0000470f00009e100000f510000023110000ec110000621200005114000055140000
081500006e1500009a150000b1170000071800000b18000037180000441800005818000072180000941800009f180000
e41800006f1900007f190000031a0000631a00006e1a00003c1b00008a1b0000011d0000501d0000d91d0000e81e0000
331f0000981f0000e91f0000522000002d220000ba22000011230000262700007d270000c8270000d1270000f1280000
2f2a0000342a00003d2a0000412a0000ae2a0000e22a0000502b0000b72b0000122c0000222c00003b2c0000532c0000
d33000001c31000040330000663300006b3300007433000078330000b3340000f4340000d63600001a3b0000233b0000
cd3b00000b3c00009f410000a8410000e703000003040000e8060000ec060000550e00005d0e0000280f0000360f0000
a7100000ab100000ed100000ff15000069160000791b00007e1b0000a11b0000ff1b0000091c0000131c000049210000
373000003b300000f5300000303100003b3100006231000085310000c0310000e3310000eb310000df27000009280000
d72800000033000014330000ca04000023070000511b0000f41b00004b300000d631000079020000fd0800002b020000
f0040000e70800003e0c000061180000a41900008a1b00001b1c000010250000892b0000cd310000883200006f040000
220500000b07000055070000280f0000360f0000ed100000ae150000ff1500005216000069160000791b00007e1b0000
a11b0000ff1b0000091c0000131c0000772000003021000049210000df27000009280000d7280000423000005e300000
f530000062310000853100009a310000c0310000e3310000eb3100005732000000330000143300007401000078020000
7c020000f2030000c4040000ce04000023060000d907000092080000fc08000000090000f20900009e10000061180000
a41900008a1b0000ee1b0000f61b00001b1c0000892b0000b92c0000d3300000b8310000cd310000e703000003040000
240400002c040000e8060000ec060000280f0000a7100000ab100000ed100000ff1500000416000069160000671b0000
791b0000ff1b0000091c0000131c0000ce20000049210000373000003b300000923000009d300000f530000085310000
ac310000c0310000de3100006d3200006e0400007e040000210500002e0500000a07000053070000ad15000051160000
762000002e210000de27000008280000d6280000413000005c300000a5300000b93000009931000055320000ff320000
133300000101010101010101010101020101010101010101010201010101010101010101010101010101010101010101
010101010101010101010101010102010101010101010101010101010101010101010101010101010101010101010101
010101010101010101010201010102010101010201010101010201020101010102010101020101010101010101010101
010101010101010101010101010101010101010101010101010101010101010101010101010101010101010101010101
010101010101010101010101010101010101010101010101010101010101010101010101010101010101010202010101
010101010101020201010101010101010101010101010101010101010101020101010101010101010101010101010101
010101010101010101010101010101010101010101010101010101010101010101010101010101010101010101010101
010101010101010101010101010101010101010101010101010101010101010101010101010101010101010101010101
010101010101010101010101010101010101010101010101010101010101010101010101010101010101010101020101
010101010101010201010101010101010102010101010101010201010101010101010101010101010101010201010101
010102010101010101010201010101010101010101010101010101010101010101010101010101010101010101010101
010101010101010101010101010101010101010101010101010101010101010101010101010101010101010101010101
010101010101010101010101010101010101010101010101010101010101010101010101010101010101010101010101
010101010101010101010101010101010101010101010101010101010101010101010101010101010101010101010101
010101010101010101010101010101010101010101010101010101010101010101010101010101010101010101010101
010101010101010101010101010101010101010101010101010101010101010101010101010101010101010101010101
010101010101010101010101010101010101010101010101010101010101010101010101010101020102010101010101
010101010101010101010101010101010101010101010101010101010101010101010201020101010101010101010101
010101010101010101010101010101010101010101010101010101010101010101010101010101010101010101010101
010101010101010101010101010101010101010101010101010101010101010101010101010101010101010101010101
010101010101010101010101010101010101010101010101010101010101010101010101010101010101010101010101
010101010101010101010102010101020101010101010101010101010101010101010101010101010101010101010101
010101010101010101010101010101010101010101010101010101020101010101010201010101010101010101010101
010101010101010101010101010101010101010101010101010101010101010101010101010101010101010101010101
010101010101010101010101010101010101010101010101010101010101010101010101010101010101010101010101
010101010101010101010101010101010101010101010101010101010101010101010101010101010101010101010101
010101010101010101010101010101010101010101010101010101010102010101010101010101010101010101010101
010101010201020102010101010101010101010101010101010101010201010101010101010101010101010101010201
010101010101010101010101020101010101010101010101010101010101010101010101010101010101010101010101
010101010101010101010102010201010101010101010101010101010101010101010101010101010101010101010101
010101010101010101010101010101010101010101010101010101010101010101010101010101010101010101010101
010101010101010101010101010101010101010101010101010101010101010101010101010101010101010101010101
010101010101010201010101010101010101010101010102010101010101010101010101010101010101010101010101
010101010101010101010101010101010101010101010101010101010101010101010101010101010101010101010101
010101010101010101010101010101010101010101010101010101010101010101010101010101010101010101010101
010101010101010101010101010101010101010101010101010101010101010101010101010101010101010101010101
010101010101010101010101010101010101010101010201010101020101010101010101010101010101010101010101
010101010101010101010101010101010101010101010201010101010101010101010101010101010102010101010101
010101010101010101010101010101010101010101010101010101010101010101010101010101010101010101010101
010101010101010101010101010101010102010201020201010201020201020101020101010101010101010101010101
010101010101010101010101010101010101010101010101010101010101010101010101010101010101010101010101
010101010101010101010101020101010101010101010101010101010101010101010101010101010101010101010101
010101010101010201010101010101010101010101010101010101010101010101010101010101010101010101010201
010101010101010101010101010101010101010101010101010101010101010101010101010101010101010101010101
010101010101010101010101010101010101010101010101010101010101010101010101010101010101010101010101
010101010101010101010101010101010101010101010101010101010101010101010101010101010101010101010101
010101010101010101010101010101010101010101010101010101010101010101010101010101010101010101010101
010101010101010101010101010101010101010101010101010101010202010101020202010102020101020102020202
020201010201010202020201010101020201020202020102010101010102020101010201010101020202010101010101
010101010101010101010101010101010101010101010101010101010101010101010101010101010101010101010101
010101010101010101010101010101010101010101010101010101010101010101010101010101010101010101010101
010101010101010101010101010101010101010101010101020101010101010101010101010101010101010101010101
010101010101010101010101010101010101010101010101010101010101010101010101010101010101010101010101
010101010101010101010101010101010101010101010101010101010101010101010101010101010101010101010101
010101010101010101010101010101010101010101010101010101010101010101010101010101010101010101010101
010101010101010101010101010101010101010101010101010101010101010101010101010101010101010101010101
010101010101010101010101010201010101010101010101010101010101010101010101010101010101010101010101
010101010101010101010101010101010101010101010101010101010101010101010101010101010101010101010101
010101010101010101010101010101010101010101010101010101010101010101010101010101010101010101010101
010101010101010101010101010101010201010101010101010101010101010101010101010101010101010101010101
010101010101010101010101010101010101010101010101010101010101010101010101010101010101010101010101
010101010101010101010101010101010101010101010101010101010101010101010101010101010101010101010101
010101010101010101010101010101010101010101010101010101010101010101010101010101010101010101010101
010101010101010101010101020101010101010101010101010101010101010101010101010101010101010101010101
010101010101010101010101010101010101010101010101010101010101010101010101010101010101010101010101
010101010101010101010101010101010101010101010101010101010101010101010101010101010101010101010101
010101010101010101010101010101010101010101010101010101010101010101010101010101010101010101010101
010202010102020101010201010101010101020202010102020101010101010201010101010101010101010101010101
010101010201010102020101020101010101010101010101010101010101010201010101010101010101010102010101
010101010101010101010101010101010101010101010101010101010101010101010101010101010101010101010102
010101010101010101010101010101010101010101010101010101010101010101010101010101010101010201010101
010101010101010101010101010101010101010101010101010101010101010101010101010101010101010101010101
010101010101010101010101010101010101010101010101010101010101010101010101010101010101010101010101
010101010101010101010101010101010101010101010101010101010101010101010101010101010101010101010101
010101010101010101010101010101010101010101010101010101010101010101010101010101010101010101010101
010101010101010101010101010101010101010101010101010101010101010101010101010101010101010101010101
010101010101010101010101010101010101010101010101010101010101010101010101010101010101010101010101
010101010101010101010101010101010101010101010101010101010101010101010101010101010101010101010101
010101010101010101010101010101010101010101010101010101010101010101020201010201010102020101020201
010101010101010101010101010101010101010101010101010101010101010101010101010101010201010101010201
010101010201020101010101010101010101010101010101010101010101010101010101010101010101010101010101
010101020201010101020202020101020101010101010102020101010101010102020101010102010102020201010101
010101010101010101010101010101010101020201010101020101020101010102010201010101010101010101010101
010101010101010101010201020201010101010201010101010101010101010102010102010101010101010101010101
010101010101010101010101010101010101010101010101010101010101010101010101010101010101010101010101
010101010101010101010101010101020101010101020101010101020102010101010101010101010101010101010101
010101010101010101010101010101010101010101010101010101010101010101010101010101010101010101010101
010101010101010101010101010101010101010101010101010101010101010101010101010101010101010101010101
010101010101010101010101010101010101010101010101010101010101010101010101010101010101010101010101
010101010101010101010101010101010101010101010101010101010101010101010101010101010101010101010101
010101010101010101010101010101010101010101010101010101010101010101010101010101010101010101010101
010101010101010101010101010101010101010101010101010101010101010101010101010101010101010101010101
010101010101010101010101010101010101010101010101010101010101010101010101010101010101010101010101
010101010101010101010101010101010101010101010101010101010101010101010101010101010101010101010101
010101010101010101010101010101010101010101010101010101010101010101010101010101010101010101010101
010101010101010101010101010101010101010101010101010101010101010101010101010101010101010101010101
010101010101010101010101010101010101010101010101010101010101010101010101010101010101010101010101
010101010101010101010101010101010101010101010101010101010101010101010101010101010101010101010101
010101010101010101010101020101010101010101010101010101010101010101010101010101010101010101010101
010101010101010101010101010101010101010101010101010101010101010101010101010101010101010101010101
010102010101010101010101010101010101010101010101010101010101010101010101010101010101010101010101
010101010101010101010101010101010101010101010101010101010101010101010101010101010101010101010101
010101010101010101010101010101010101010101010202010102020201010102010101010101010202020101010102
010101010101010202010101010101010101010101010101010101010101020201010101010101010101010101010201
010101010101010101010101010101010101010101010101010101010101010102010101010101010101010101010101
020101010101010101010101010101020101010101010101010101010101010101010101010101010101010101010101
010101010101010101010101010101010101010101010101010101010101010101010101010101010101010101010201
010101010101010101010101010101010101010101010101010101010101010101010101010101010101010101010101
010101010101010101010101010101010101010101010101010101010101010101010101010101010101010101010101
010101010101010101010101010101010101010101010101010101010101010101010101010101010101010101010101
010101010101010101010101010101010101010101010101010101010101010101010101010101010101010101010101
010101010101010101010101010101010101010101010101010101010101010101010101010101010101010101010101
010101010101010101010101010101010101010101010101010101010101010101010101010101010101010101010101
010101010101010101010101010101010101010101010101010101010101010101010101010101010101010101010101
010101010101010101010101010101010201010101010101010101010101010101010101010101010101010101010101
010101010101010101010101010101010101010101010101010101010101010101010101010101010101010101010101
010101010101010101010101010101010101010101010101010101010101010101010101010101010101010101010101
010101010101010101010101010101010101010101010101010101010101010101010101010101010101010101010101
010101010101010101010101010101010101010101010101010101010101010101010101010101010101010101010101
010101010101010101010101010101010101010101010101010101010101010101010101010101010101010101010101
010101010101010101010101010101010101010101010101010101010101010101010101010101010101010101010101
010101010101010101010101010101010101010101010101010101010101010101010101010202010101020202020202
020202020101010202010101010201020202010202020202010101010201010202010101010202020101010101010102
010101010101010101010101010102010102010201010201010101010101010102020101020101010202010201010102
010102010102010102010102010201010101010101010201020101010201010101010101010202010101020201010201
010101010101010101010101010101010101010101010101010101010101010101010101010101010101010101010101
010101010101010101010101010101010101010101010101010101010101010101010101010101010101010101010101
010101010101010101010101010101010101010101010101010101010101010101010101010101010101010101010101
010101010101010101010101010101010101010101010101010101010101010101010101010101010101010101010101
010101010101010101010101010101010101010101010101010101010101010101010101020102020101010101010101
010101010101010101010101010101010101010101010101010101010101010101010101010101010102010202010101
010101010102020202020202020202020202020202020201020102020202020101020202010202010101020102010202
010202020102020101010102020101010102010202010202010101020202020202020202020202020202020202020202
020202020202020202020202020202020202020202020202020202020202020202020202020202020202020202020202
020202020102020202020202020102010202020101010101010101010101010101010101010101010101010101010101
010101010101010101010101010101010101010101010101010101010101010101010101010101010101010101010101
010101010101010101010101010101010101010101010101010101010101010101010101010101010101010101010101
010101010101010101010101010101010101010101010101010101010101010101010101010101010101010101010101
010101010101010101010101010101010101010101010101010101010101010101010101010101010101010101010101
010101010101010101010101010101010101010101010101020101010201020201020102010202020101010101010102
020201020102020101010101010101010101010101010102010101010101020102010101020101020202010101010101
020102010101010101010101010101010101010101010101020101010102020101010101010101010101010101010101
010101010101010101010101010101010101010101010101010101010101010101010101010101010101010101010101
010101010101010101010101010101010101010101010101010101010101010101010101010101010101010101010101
010101010101010101010101010101010101010101010101010101010101010101010101010101010101010101010101
010201010101010101010101010101010101010101010101010101010101010101010101010101010101010101010101
010101010101010101010101010101010101010201020102020101020102010201010101010101010101010101010101
010101020101010102010101010101010101010101010101010101010101010101010101010101010101010101010101
010101020201010101010102010102010101010102020101010101010102010101010101010201010101010101010101
010101010101010101010101010101010101010101010101010101010101010101010101010102010101010101010101
020101010201020102020102010201020201010101010202020102010202010101010101010101010101010101010101
010201010201010101020101010101020101020202010101020102010101010101010101010101010101020101010102
010201010101010101010101010201010102010101010101010101010101010101010101010101010101010101010101
010101010101010101010101010101010101010102010102020101010101010101010101010101010101010101010101
010101010101010101010101010101010101010101010101010101010101010101010101010101010101010101010101
010101010101010101010101010101010101010101010101010101010101010101010101010101010102010101010102
010101010101010101010101010101010101010101010101010101010101010101010101010101010101010101010102
010102020101010101010101010101010101010202020202020202020202020201020202020202020202020202020202
020202020202020202010201020202020202020202020202020202020102020202020202020202020202020102010202
020202020202010202020102010102020202020201020202010202020102020102010101010101010101010101010101
010101010101010101010101010101010101010101010101010101010101010101010101010101010101010101010101
010101010101010101010101010101010101010101010101010101010101010101010101010101010101010101010101
010101010101010101010101010101010101010101010101010101010101010101010101010101010101010101010102
020202020202020201020202020102010101010101010101010101010101010101010101010101010101010101010101
010101010101010101010101010101010101010101010101010101010101010101010101010101010101010101010101
010101010101010101010101010101010101010101010101010101010101010101010101010101010101010101010101
010101010101010101010101010101010101010101010101010101010101010101010101010101010101010101010101
010101010101010101010101010101010101010101010101010101010101010101010101010101010101010101010101
010101010101010101010101010101010101010101010101010101010101010101010101010101010101010101010101
010101010101010101010101010101010101010101010101010101010101010101010101010101010101010101010101
010101010101010101010101010101010101010101010101010101010101010101010101010101010101010101010101
010101010101010101010101010101010101010101010101010101010101010101010101010101010101010101010101
010101010101010101010101010101010101010101010101010101010101010101010101010101010101010101010101
010101010101010101010101010101010101010101010101010101010101010101010101010101010101010101010101
010101010101010101010101010101010101010101010101010101010101010101010101010101010101010101010101
010101010101010101010101010101010101010101010101010101010101010101010101010101010101010101010101
010101010101010101010101010101010101010101010101010101010101010101010101010101010101010101010101
010101010101010101010101010101010101010101010201010101010101010101010101010101010101010101010101
010101010101010101010101010101010102010101020101010201010101010101010101020101020101010101010101
010101010101010201010101010101010101010101010101010101010101010101010102020101010101010101010101
010101010101010101010101010101010101010101010101010101010101010101010101010101010101010101010101
010101010101010101010101010101010101010101010101010101010101010101010101010101010101010101010101
010101010101010101010101010101010101010101010101010101010101010101010101010101010101010101010101
010101010101010101010101010101010101010101010101010101010101010101010101010101010101010101010101
010101010101010101010101010101010101010101010101010101010101010101010101010101010101010101010101
010101010101010101010101010101010101010101010101010101010101010101010101010101010101010101010101
010101010101010101010101010101010101010101010101010101010101010101010101010101010101010101010101
010101010101010101010101010101010101010101010101010101010101010101010101010101010101010101010101
010101010101010201020102010201020202020101010202010102020202010101020202010201020201010202010201
010101010202020202020202010101010102020101010101010102010101010102010101010101010201020201010102
020102010101010101010101010101010101010101010101010101010101010101010101010101010101010101010101
010101010101010101010101010101010101010101010101010101010101010101010101010101010101010101010101
010101010101010101010101010101010101010101010101010101010101010101010101010101010101010101010101
010101010101010101010101010101010101010101010101010101010101010101010101010101010101010101010101
010101010101010101010101010101010101010101010101010101010101010101010101010101010101010101010101
010101010101010101010101010101010101010101010101010101010101010101010101010101010101010101010101
010101010101010101010101010101010101010101010101010101010101010101010101010101010101010101010101
010101010101010101010101010101010101010101010101010101010101010101010101010101010101010101010101
010101010101010101010101010101010101010101010101010101010101010101010101010101010101010101010101
010101010101010101010101010101010101010101010101010101010101010101010101010101010101010101010101
010101010101010101010101010101010101010101010101010101010101010101010101010101010101010101010101
010101010101010101010101010101010101010101010101010101010101010101010101010101010101010101010101
010101010101010101010101010101010101010101010101010101010101010101010101010101010101010101010101
010101010101010101010101010101010101010101010101010101010101010101010101010101010101010101010101
010101010101010101010101010101010101010101010101010101010101010101010101010101010101010101010101
010101010101010101010101010101010101010101010101010101010101010101010101010101010101010101010101
010101010101010101010101010101010101010101010101010101010101010101010101010101010101010101010101
010101010101010101010101010101010101010101010101010101010101010101010101010101010101010101010101
010101010101010101010101010101010101010101010101010101010101010101010101010101010101010101010101
010101010101010101010101010101010101010101010101010101010101010101010101010101010101010101010101
010101010101010101010101010101010101010101010101010101010101010101010101010101010101010101010101
010101010101010101010101010101020102020101020101010101010101010101010101010101010101010101010101
010101010101010101010101010101010101010101010101010101010101010101010101010101010101010101010101
010101010101010101010101010101010101010101010101010101010101010101010101010101010101010101010101
010101010101010101010101010101010101010101010101010101010101010101010101010101010101010101010101
010101010101010101010101010101010101010101010101010101010101010101010101010101010101010101010101
010101010101010101010101010101010101010101010101010101010101010101010101010101010101010101010101
010101010101010101010101010101010101010101010101010101010101010101010101010101010101010101010101
010101010101010101010101010101010101010101010101010101010101010101010101010101010101010101010101
010101010101010101010101010101010101010101010101010101010101010101010101010101010101010101010101
010101010101010101010101010101010101010101010101010101010101010101010101010101010101010101010101
010101010101010101010101010101010101010101010101010101010101010101010101010101010101010101010101
010101010101010101010101010101010101010101010101010101010101010101010101010101010101010101010101
010101010101010101010101010101010101010101010101010101010101010101010101010101010101010101010101
010101010101010101010101010101010101010101010101010101010101010101010101010101010101010101010101
010101010101010101010101010101010101010101010101010101010101010101010101010101010101010101010101
010101010101010101010101010101010101010101010101010101010101010101010101010101010101010101010101
010101010101010101010101010101010101010201010101010101010101010101010101010201010101010101010101
010101010101010101010101010101010101010101010101010101010101010101010101010101010101010101010101
010101010101010101010101010101010101010101020201010202010201020101010101020102010101010101020102
010101010201010201010201020102010201010102010101010201010101020101020102010101010102020102010102
010102010101010102010101010101010101010101010101010101010101010101010101010101010101010101010101
010102020101020101010101020102010101010101020101020101010102010102010101020101020101010201010101
010201010101020101010201010101010101010101010101010101010101010101010101010101010101010101010101
010101010101010101010101010101010101010101010101010101010101010101010101010101010101010101010101
010101010101010101010101010101010101010101010101010102010102010102010101010101010101010101010101
010101010101010101010101010101010101010101010101010101010101010101010101010101010101010101010101
010101010101010101010101010101010101010101010101010101010101010101010101010101010101010101010101
010101010101010101010101010101010101010101010101010101010101010101010101010201010102010101010101
010101010101010101010102010101010101010101010101010101010101010101010101010101010101010101010101
010101010101010101010101010101010101010101010101010101010101010101010101010101010101010101010101
010101010101010101010101010101010101010101010101010101010101010101010101010101010101010101010101
010101010101010101010101010101010101010101010101010101010101010101010101010101010101010101010101
010101010101010101010101010101010101010101010101010101010101010101010101010101010101020101010102
010201010101020101010101010101010101010101010101010101010101020101010101010101010201010101010101
010101010101010101010101010101010101010101010101010101010101010101010101010101010101010101010101
010101010101010101010101010101010101010101010101010101010101010101010101010101010101010101010101
010101010101010101010101010101010101010101010101010101010101010101010101010101010101010101010101
010101010101010101010101010101010101010101010101010101010101010101010101010101010101010101010101
010101010101010101010101010101010101010101010101010101010101010101010101010101010101010101010101
010101010101010101010101010101010101010101010101010101010101010101010101010101010101010101010101
010101010101010101010101010101010101010101010101010101010101010101010101010101010101010101010101
010101010101010101010101010101010101010101010101010101010101010101010101010101010101010101010101
010101010101010101010101010101020101010102010101020102010101010201010101010101010101010101010101
010101010101010101010101010101010102010101020101010101010101010101010101010101010102010101010201
010101010101010101010101010101010101010101010101010101010101010101010101010101010101010101010101
010101010101010101010101010101010101010101010101010101010101010101010101010101010101010101010101
010101010101010101010101010101010101010101010101010101010101010101010101010101010101010101010101
010101010101010101010101010101010101010101010101010101010101010101010101010101020101010101010101
010101010101010101010101010101010101010101010101010101010101010101010101010101010101010101010101
010101010101010101010101010101010101010101010101010101010101010101010101010101010101010101010101
010101010101010101010101010101010101010101010101010101010101010101010101010101010101010101010101
010101010101010101010101010101010101010101010101010101010101010101010101010101010101010101010101
010101010101010101010101010101010101010101010101010101010101010101010101010101010101010101010101
010101010101010101010101010101010101010101010101010101010101010101010101010101010101010101010101
010101010101010101010101010101010101010101010101010101010201010101010101010101010101010201010101
010101010101010101010101010101010101010101010101010101010101010101010101010101010101010101010101
010101010101010101010101010101010101010101010101010101010101010101010101010101010101010101010101
010101010101010101010101010101010101010101010101010101010101010101010101010101010101010101010101
010101010101010101010101010101010101010101010101010101010101010101010101010101010101010101010101
010101010101010101010101010101010101010101010101010101010101010101010101010101010101010101010101
010101010101010101010101010101010101010101010101010101010101010101010101010101010101010101010101
010101010102010101010101010101010101010101010101010101010101010101010101010101010101010101010101
010101010101010101010101010101010101010101010101010101010101010101010101010101010101010101010101
010101010101010101010101010101010101010101010101010101010101010101010101010101010101010101010101
010101010101010101010101010101010102010102010102010201010101010102010101010101010201010101010102
010102010201010101010101010101010101010101020101010101020101010101010101010101010101010101010101
010101010101010101010101020101010201010101010102010101010101010201010101010102010101020101010101
010101010101010101010101010101010101010101010101010101010101010101010101010101010101010101010101
010101010101010101010101010101010101010101010101010101010202020201020202010201010201010101010101
020202020201010201010101020201010101020202020202020202020202020202020202020202020201020202010201
010101010202020201010101020202020101010202020101020201010202010101010202020201010101010101010101
010101010101010101020202020102020201020101010101010101010101010101010101010101010101010101010101
010101010101010101010101010101010101010101010101010101010101010101010201020102010101010101010102
020101010101010101010201010101010101010101010101010102020101010101010101010101010101010101010101
010101010101010101010101010101010202020101010101010202010102010101010101010101010101010102020101
010101010101010101010101010101010101010101010101010101010101010101010101010101010202020101010101
010101010101010202010102010101010101010101010101010101010101010101010101020201010101010101010101
010101010101010101010101010101010101010101010101010101010101010101010101010101010101010101010101
010101010101010101010101010101010101010101010101010101010101010101010101010101010101010101010101
010101010101010101010101010101010101010101010101010101010101010101010101010101010101010101010101
010101010101010101010101010101010101010101010101010101010101010101010101010101010101010101010101
010101010101020101010101010101010101010101010101010101010101010101010101010101010101010101010101
010101010101010101010102010202010102010102010202010201010101010202010102010101010101010101010201
010101010101010101010201010101020101010102010202010102010101020101010101010201010101010102010101
010101010101010101010101010101010101010101010101010101010101010101010101010101010101010101010101
010101010101010101010101010101010101010101010101010101010101010101010101010101010101010101010101
010101010101010101010101010101010101010101010101010101010101010101010101010101010101010101010101
010101010101010101010101010101010101010101010101010101010101010101010101010101010101010101010101
010101010101010101010101010101010101010101010101010101010101010101010101010101010101010101010101
010101010101010101010101010101010101010101010101010101010101010101010101010101010101010101010101
010101010101010101010101010101010101010101010101010101010101010101010101010201020201010201010101
010101010101010101010101020201010101010101010101010201010101010101010101010201010101010101020101
010101010101010101010101010101010101010102020102010101010101010202010101010101010102010101010101
010101010101020201010101010101010101010101010101010101010101010101010101010101010101010101010101
010101010101020101010101010101010101010101010101010101010101010101010101010101010101010101010101
010101010101010101010101010101010101010101010101010101010101010101010101010101010101010101010101
010101010101010101010101010101010101010101010101010101010101010101010101010101010101010101010101
010101010101010101010101010101010101010101010101010101010101010101010101010101010101010101010101
010101010101010101010101010101010101010101010101010101010101010101010101010101010101010101010101
010101010101010101010101010101010101010101010101010101010101010101010101010101010101010101010101
010101010101010101010101010101010101010101010101010101010101010101010101010101010101010101010101
010101010101010101010101010101010101010101010101010101010101010101010101010101010101010101010101
010101010101010101010101010101010101010101010101010101010101010101010101010101010101010101010101
010101020102010201010101010101010101020101010101010101010101010101020101010101010101010101010101
020101010101010101010101010101010101010101010101010101010101010101010101010101010101010101010101
010101010101010101010101010101010101010101010101010101010101010101010101010101010101010101010101
010101010101010101010101010101010101010101010101010101010101010101010101010101010101010101010101
010101010101010101010101010101010101010101010101010101010101010101010101010101010101010101010101
010101010101010101010101010101010101010101010101010101010101010201020101010101010101010101010101
010201010101010101010101010101010101010101010101010101010101010101010101010101010101010101010101
010101010101010101010101010101010101010101010101010101010101010101010101010101010101010101010101
010101010101010101010101010101010101010101010101010101010101010101010101010101010101010101010101
010101010101010101010101010101010101010101010101010101010101010101010101010101010101010101010101
010101010101010101010101010101010101010101010101010101010101010101010101010101010101010101010101
010101010101010101010101010101010101010101010101010101010101010101010101010101010101010101010101
010101010101010101010101010101010101010101010101010101010101010101010101010101010101020101010101
010101010101010101010201010101010101010101010101010101020101010101010101010101010101010101010101
010101010201010101010101010101020101010101020201010101010101010101010101010101010101010101010102
010101010101020101020101010101010101010102010101010101010101010101010102010101010102010101010101
010101010101020101010201020101010101010101010101010201010101020101010101010101010101020101010102
010101010101020101010101010101020202020102010201010102010102010101020101020101010201010101010101
010101010101010201010201010102010102010101010101010101010101010101010201010101020101010102010101
010101010101010101010101010201010101010101010101010101010101010101010101010201010101020101010101
020101010101010101010101010101010101010101020101010101020101020102010101010101010101010101010101
010101020101010101020101010101010101010101010101010101010101020101010102010101010101010101020101
010101010101010101010101010101010101010101010101010101020101010101010101010101010101010101010101
010101010101010101010101010201010101010101010101010101010101010101010101010102010101010101010101
010102010101020102020101010101010101010101010101010101010102010101010101010101010101010101010101
010101010101010101010101010101010101010101010101010101010101010101010102010101010101010101010101
010101010101010101010101010101010102020102010201010101010201010101010102010201010101020101010101
020101010102010101010101010101010101020102010101010102010101010101020101010102010101010101020101
010102010101010101010101010101020101010101010101010101010101010101010101010101010101010101010101
010101010101010101010101010101010101010101010102010101010101010101010101010101010101010101010101
010101010102010101010101010101010201020102020101010102010101010101010101010101010101010101010101
020101010101010101010101010101010101010101010101010201010101010101010201010101010101010101010101
010101010102010101010101010101010201010101010101010101010101010101010101010101010101010101010101
010101010101020101010101010201010101010101020101010101010101020101010101010101010101020101020101
010101010101010101010101010101010101010101010102010101010201010101010101020101010101010101010101
010101010101010101010101010101010101010101010101010101010101010101010101010101010101010101010101
010101010101010101010101010101010101010101010101010101010101010101010101010101020101010101010101
010101010101010101010101010101010101010201010101010101010101020101010101010101020101010101010101
010101020101010101010101010101010101010101010101010101010101010101010101010101010101010101010101
010101010101010101010101010101010101010101010101010101010101010101010101010101010101010101010101
010101010101010201020101010101010102010101010101010101010102010101010101010101010101010101010101
010101010101010101010101010101010101010101010101010101010101010101010101010101010101010101010101
010101010101010101010101010101010101010101010101010101010101010101010101010101010101020201010102
020202020201020102020102010101010201010202010101020101010101010101010102010102010101010101010202
010102010102010101010201010201010201020201010201010102010201010201010102010102010101010102010201
020101010101020101010101010101010101010102020201010101010101010101010101020101010202010201010101
010101010101010101010101010101010101010101010101010101010101010101010101010101010101010101010101
010101010101010101010101010101010101010101010101010101010101010101010101010101010101010101010101
010101010101010101010101010101010101010101010101010101010101010101010101010101010101010101010101
010101010101010101010101010101010101010101010101010101010101010101010101010101010101010101010101
010101010101010101010101010101010101010101010101010101010101010101010101010101010101010101010101
010101010101010101010101010101010101010101010101010101010101010101010101010101010101010101010101
010101010101010101010101010101010101010201010101020101010101010101010101010101010101010101010102
020101010202020202020101020201010102010202010101020202020202010101010201010202010101020101010101
010101010102010101010101010101010102020101020101020101020101010201010101020101010101010101020201
010201010102010102010102010102010101010102020201010101010101010101010101020201010201010102010101
010101010101010101010101010101010101010101010101010101010101010101010101010101010101010101010101
010101010101010101010101010101010101010101010101010101010101010101010101010101010101010101010101
010101010101010101010101010101010101010101010101010101010101010101010101010101010101010101010101
010101010101010101010101010102010101010201010101010101010101010101010101010101010101010101010101
010101010101010101010101010101010101010101010101010101010101010101010101010101010101010201020102
010201010101010101010101010201010101010101010101010101010101010101010101010101020102010101010101
010101010101010101010101010102010101010101010102010101010101010101010101010101010101010101010101
010101010101010101010101010101010101010102010101010101010101010101010101010101010101010101010101
010101010101010101010101010101010101010101010101010101010101010101010101010101010101010101010101
010101010101010101010101010101010101010101010101010101010101010101010101010101010101010101010101
010101010101010101010101010101010101010101010101010101010101010101010101010101010101010101010101
010101010101010101010101010101010101010101010101010101010101010101010101010101010101010101010101
010101010101010101010101010101010102010101010101010101010101010101010101010101020101010101010101
020101010101010101010102010101010101010101010101010101010101010101010101010101010101010101010101
010101010102010101010101010101010101010101010201010101010101010101020102020101010101010101010101
010101010101010101010101020101010101010101010101010101010101010101010101010101010102010101010101
010101010101010101010101010101010101010102010101010102010101010101010102020102010101010101010101
010101010101010102010101010101010101010101010101010101010101010201010201010101010101010101010101
010101010101010101010101020101010102010101010101010101020101010101010101010101010101010101010101
010101010101010101010101010101010101010101010201010201010101010101010101010101010101010101010101
020101010101010101020101020101010101010102010101020101010101020102010101020201020101010101010101
010101010101010101010201010101010101010101010101010201010101010101010101010101010101010101010101
010101010101010101010101010101010101010102010101010102010101010101010101010101010101010101010101
010101010101010101010101010101010101010101010101010101010101010101010101010101010101010101010101
010101010101010101010101010101010101010101010101010102020101020101010101010101010101010101010101
010101010102010101010201010101020101010102010101010101010101010101020102010101010101010101010102
010101010101010101020101020101010101010101010101010101010101010101010101010101010101010101010101
010101010101010101010101010101010101010101010101010101010101010101010101010101010101010101010102
020101010101010102010101010201020101010101010101010101010101020101010102010102010101010101010101
010101010101010201010101020101010101010102010101010101010101010101010101010101010101010101010101
010101010101010101010101010101010101010201020102010101010101010102010101010101010101010101010101
010101010101010201020101010101010101010101010101010101010101010101010101010101010101010101020101
010101010101010101010101010101010101010101010101010101010101010101010101010101010101010101010101
010101010101010101010101010101010101010101010101010101010101010101010101010101010101010101010101
010101010101010101010101010101010101010101010101010101010101010101010101010101010101010101010101
010101010101010101010101010101010101010101010101010101010101010101010101010101010202020202020202
010202020202020202020202020202010201020202020202020201020202010201010202020102020102010101010101
010101010101010101010101010101010101010101010101010101010101010101010101010101010101010101010101
010101010101010101010101010101010101010101010101010101010101010101010101010101010101010101010101
010101010101010101010101010101010101010101010101010101010101010101010101010101010101010101010101
010101010101010101010101010101010101010101010101010101010101010101010101010101010101010101010101
010101010101010101010101010101010101010101010101010101010101010101010101010101010101010101010101
010101010101010101010101010101010101010101010101010101010101010101010102020202010101010101010101
010101010101010101010101010101010101010101010101010101010101010101010101010101010101010101010101
010101010101010101010101010101010101010101010101010101010101010101010101010101010101010101010101
010101010101010101010101010101010101010101010101010101010101010101010101010101010101010101010101
010101010101010101010101010101010101010101010101010101010101010101010101010101010101010101010101
010101010101010101010101010101010101010101010102010101020101020102010101010102010101010101020101
010101010201010201020101010101010101010101010101010102010101010101020101010101010101010201010102
010101010102010101010101010102010101010101020101010201010101010101010101010101010101010101010101
010101010101010101010101010101010101010101010101010101010101010101010101010101010101010101010101
010101010101010101010101010101010101010101010101010101010101010101010101010101010101010101010101
010101010101010101010101010101010101010101010101010101010101010101010101010101010101010101010101
010101010101010101010101010101010101010101010101010101010101010101010101010201010102010201010101
010101010101010101010101010101020101010101010101010101010101010101010101010101010101010101010101
010101010101010101010101010101010101010101010101010101010101010101010101010101010101010101010101
010101010101010101010101010101010101020101010201010102010201010101010101010101010101010101010101
010101010101010101010201010102010101010101010101010101010101010101010101010101010101010101010101
020101010101010101010101010101010101010101010101010101010101010101010101010101010101010101010101
010101010101010101010101010101010101010101010101010101010101010101010101010101010101010101010101
010101010101010101010101010101010101010101010101010101010101010101010101010101010101010101010101
010101010101010101020101010101010101010101010101010101010101010101010101010101010101010101010101
010101010101010101010101010101010101010101020102010201020101010201010101020101010102010102010201
010101010201010102010101010101020101020101010201010101010201010101020101010201010101010101010101
010101010101010202020102010201020102010102020202010101010201020102010101010101010102020202010101
010101010101020102010102020202010101010101010101010101010101010101010101010101010101010101010101
010101010101010101010101010101010101010101010101010101010101010101010101010101010101010101010101
010101010101010101010101010101010101010101010101010101010101010101010101010101010101010101010101
010101010101010101010101010101010101010101010101010101010101010101010101010101010101010101010101
010101010101010101010101010101010101010101010101010101010101010101010101010101010101010101010101
010101010101010101010101010101010101010101010101010101010101010101010101010101010101010101010101
010101010101010101010101010101010101010101010101010101010101010101010101010101010101010101010101
010101010101010101010101010101010101010101010101010101010101010101010101010101010101010101010101
010101010101010101010101010101010101010101010101010101010101010101010101010101010101010101010101
010101010101010101010101010101010101010101010101010101010101010101010101010101010102020102010101
010101020101010101020201010101010101010101020202010101010101010101010101010101010101010101010101
010102020101010101010101010101010101010101010101010101010101010101010101010101010101010101010101
010101010101010101010101010101010101010101010101010101010101010101010101010101010101010101010101
010101010101010101010101010101010101010101010101010101010101010101010101010101010101010101010101
010101010101010101010101010101010101010101010101010101010101010101010101010101010101010101010101
010101010101010101010101010101010101010101010101010101010101010101010101010101010101010101010101
010101010101010101010101010101010101010101010101010101010101010101010101010101010101010101010101
010101010101010101010101010101010101010101010101010101010101010101010101010101010101010101010101
010101010101010101010101010101010101010101010101010101010101010201010101010101010101010101010101
010101010101010101010101010101010101010101010101010101010101010101010101010101010101010101010101
010101010101010101010101010101010101010101010101010101010101010101010101010101010101010101010101
010101010101010101010101010101010101010101010101010101010101010101010101010101010101010101010101
010101010101010101010101010101010101010101010101010101010101010101010101010101010101010101010101
010101010101010101010101010101010101010101010101010101010101010101010101010101010101010101010101
010101010101010101010101010101010101010101010101010101010101010101010101010101010101010101010101
010101010101010101010101010101010101010101010101010101010101010101010102010101010101020101010102
010101010102010101010101010101010101010101010101010101010102010101010101010101010101010101010101
010101010101010101010101010201010101010102010101010101010101010101010101010101010102010101010201
010101010101010102010101010101010101010101010101010101010101010101010101010101010101010101010101
010101020101010101010101010102010101010101010101010102010101010101010101010102010101010101010101
010101010101010101010101010101020102010101010201010101010101010101020101010102010101010101010101
010102010101010201010101010101020101010201010101010101010101010101010101010201010101010101010201
010201010101010101010101010101010101010101010101010101010101010101010101010101010101010101010101
010101010101010101010101010101010101010101010101010101010101010101010101020102010101010101010201
010101020102010101010101010101010101010101010201010101020101020101010102010102010101010101010101
010101010101010101010201010101010101010201020101020101010101020102020101010101010101010101010101
010101010101010201010102010201010101010102010201010101010101020101010101010101010101010101010101
010101010101010101010101010101010101010101010101010101010101010101010102010101010101020101010101
010101010101010101010101010101010101010101010101010101010101010101010101010101010101010101010101
010101010101010101010101010101010101010101010101010101010101010101010101010101010101010101010101
010101010101010101010101010101010101010101010101010101010101010101010101010101010101010101010101
010101010101010101010101010101010101010101010101010101010101010101010201010101010101010101010101
010101010101010101010101010101010101010101010101010101010101010101010101010101010101010101020202
020202020202020202020202020202020202020202010202020202020202020202020202020202020202020202020202
020202020202010201020202020202020202020202010202020102010202010202020202020202010202020102010101
010101010101010101010101010101020101010101010102010101010101010101020101010101010101010101010101
010101010101010101010101010101010101010101010101010101010101010101010101010102010101010101010101
010101010101010101010101010101010101010101010101010101010101010101010101010101010101010101010101
010101010101010101010101010101010101010101010101010101010101010101010101010101010101010101010101
010101020202010202010101020101010101010102020201010102010202010101010201010101010101010101010101
010102010101010102020102010101010101010101010101010101010101010101020102010101010101010101010101
010101020101010101010101010101010101010101010101010101020101010101010101020101010101010101010101
010101010101010101010101010101010101010101010101010101010101010101010101010101010101010101010101
010101010101010101010101010101020101010101010101010101010101010101010101010101010101010101010101
010101010101010101010101010101010101010101010101010101010101010101010101010101010101010101010101
010101010101010101010101010101010101010101010101010101010101010101010101010101010101010101010101
010101010101010101010101010101010101010101010101010101010101010101010101010101010101010101010101
010101010101010101010101010101010101010101010101010101010101010101010101010101010101010101010101
010101010101010101010101010101010101010101010101010101010101010101010101010101010101010101010101
010101010101010101010101010101010101010101010101010101010101010101010101010101010101010101010101
010101010101010101010101010101010101010101010101010101010101010101010101010101010101010101010101
010101010101010101010101010101010101010101010101010101010101010101010101010101010101010101010101
010101010101010101010101010101010101010101010101010101010101010101010101010101010101010101010101
010101010101010101010101010101010101010101010101010101010101010101010101010101010101010101010101
010101010101010101010101010101010101010101010101010101010101010101010101020101010101010101010101
010102010101010101010101010101010101010101010101010101010101010101010102020102010201010101010201
010101020102010101010102010101010101020101010102010101010101010101010101020102010101010101010101
010101010101010101010101010101010101010101020101010101010101010101010101010101010101010101010101
010101010201010101010101020101010102020102010101010101010101010102010101010101010101010102010101
010102010101010101010101010101010101010101010101010101010101010101020101010101020101010101020101
010102010101010101010101010101020101010101010101010101010101010101010101010101010101010201010101
010101010201010101010101010101010101010101010101010102010101010101010101020101010101010101010101
010101010101010101010101010101020101020101010101010101010101010101010101020101010101010201010102
010101010101010101010101010101010101020102010101020102010102020201010101010101010101010101010101
010101010102010101010101010101010101010201010101010101010101010101010101010101010101010101010101
010101010101010101010101010201010101010201010101010101010101010101010101010101010101010101010101
010101010101010101010101010101010101010101010101010101010101010101010101010101010101010101010101
010101010101010101010101010102010201020102010201020101020201010202010101010101010201020101010101
010101020102010102010101010201010201010201020101010102010202010201010102010201010101010101010201
010201010201010101020201010101010101020102010101010101010201010201020101020101010102010102010101
020101010101010102010201010201010101010201020201010101010101010101010101010102010101020102010101
020102010101010101010101010201010101010101010101010101010101010101010101010101010101010101010101
010101010101010101010101010101010101010101010101020101010101010201010101010101010101010101010101
010101010101010101010101010101010101010101010101010101010101010101010101010101010101010101010101
010101010101010101010101010101010101010101010101010101010101010101010101010101010101010101010101
010101010101010101010101010101010101010101010101010101010101010101010101010101010101010101010101
010101010101010101010101010101010101010101010101010101010101010101010101010101010101010101010101
010101010101010101010101010101010101010101010101010101010101010101010101010101010101010101010101
010101010101010101010101010101010101010101010101010101010101010101010101010101010101010101010101
010101010101010101010101010101010102020101020101020101010101010101010101010101010101010101010101
010101010101010101010101010101010101010101010101010101010101010101010101010101010101010101010101
010101010101010101010101010101010101010101010101010101010101010101010101010101010101010101010101
010101010101010101010101010101010101010101010101010101010101010101010101010101010101010101010101
010101010101010101010101010101010101010101010101010101010101010101010101010101010101010101010101
010101010101010101010101010101010101010101010101010101010101010101010101010101010101010101010101
010101010101010101010101010101010101010101010101010101010101010101010101010101010101010101010101
010101010101010101010101010101010101010101010101010101010101010101010101010101010101010101010101
010101010101010101010101010101010101010101010101010101010101010101010101010101010101010101010101
010101010101010101010101010101010101010101010101010101010101010101010101010101010101010101010101
010101010101010101010101010101010101010101010101010101010101010101010101010101010101010101010101
010101010101010101010101010101010101010101010101010101010101010101010101010101010101010101010101
010101010101010101010101010101010101010101010101010101010101010101010101010101010101010101010101
010101010101010101010101010101010101010101010101010101010101010101010101010101010101010101010101
010101010101010101010101010101010101010101010101010101010101010101010101010101010101010101010101
010101010101010101010101010101010101010101010101010101010101010101010101010101010101010101010101
010101010101010101010101010101010101010101010101010101010101010101010101010101010101010101010101
010101010101010101010101010101010101010101010101010101010101010101010101010101010101010101010101
010101010101010101010101010101010101010101010101010101010101010101010101010101010101010101010101
010101010101010101010101010101010101010101010101010101020101010101010101010101010101010201010101
010101010101010101010101010101010101010101010101010101010101010101010101010101010101010101010101
010101010101010101010101010101010101010101010101010101010101010101010101010101010101010101010101
010101010101010101010101010101010101010101010101010101010101010101010101010101010101010101010101
010101010101010101010101010101010101010101010101010101010101010101010101010101010101010101010101
010101010101010101010101010101010101010101010101010101010101010101010101010101010101010101010101
010101010101010101010101010101010101010101010101010101010101010101010101010101010101010101010101
010101010101010101010101010101010101010101010101010101010101010101010101010101010101010101010101
010101010101010101010101010101010101010101010101010101010101010101010101010101010101010101010101
010101010101010101010101010101010101010101010101010101010101010101010101010101010101010101010101
010101010101010101010101010101010101010101010101010101010101010101010101010101010101010101010101
010101010101010101010101010101010101010101010101010101010101010101010101010101010101010101010101
010101010101010101010101010101010101010101010101010101010101010101010101010101010101010101010101
010101010101010101010101010101010101010101010101010101010101010101010101010101010101010101010101
010101010101010101010101010101010101010101010101010101010101010101010101010101010101010101010101
010101010101010101010101010101010101010101010101010101010101010101010101010101010101010101010101
010101010101010101010101010101010101010101010101010101010101010101010101010101010101010101010102
010101010101010101010101010101010101010101010101010101010101010101010101010101010101010101010101
010101010101010101010101010102010102020102010101010101010101010101010101020201010101010101010102
010101010101010101010101010102010101010101010101010101010101010102010101010101010101010101010101
010101010101010101010101010101010101010101010101010101010101010101010101010101010101010101010101
010101010101010101010101010101010101010101010101010101010101010101010101010101010101020101020201
020101010102020102020101010202010101010102010101010101020101010101010101010101010101020201020101
010201010101020102010101010101010101010101010201010101010201010101010102010101010101010101010101
010101010101010101010101010101010101010101010101010101010101010101010101010101010101010101010101
010101010101010101010101010101010101010101010101010101010101010101010101010101010101010101010101
010101010101010101010101010101010101010101010101010101010101010101010101010101010101010101010101
010101010101010101010201010101010101010101010101010101010101010101010101010101010101010101010101
010101010101010101010101010101010101010101010101010101010101010101010101010101010101010101010101
010101010101010101010101010101010101010101010101010101010101010101010101010101010101010101010101
010101010101010101010101010101010101010101010101010101010101010101010101010101010101010101010101
010101010101010101010101010101010101010101010101010101010101010101010101010101010101010101010101
010101010101010101010101010101010101010101010101010101010102010201010201010101010101010202010101
010102010101010101010101010101020201010101010101010101010101010101010101010101010101010101010101
010101010202010101020202020202010102020102020101010102010101020201010101010201010101010101020101
020201010201010101010102010101010202010201010102010102010102010201010101010101010101010102010102
010102010101010202010101010201010102010201010201010101010101020202010101010101010101010101010202
010102010101010201010101010101010101010101010101010101010101010101010101010101010101010101010101
010101010101010101010101010101010101010101010101010101010101010101010101010101010101010101010101
010101010101010101010101010101010101010101010101010101010101010101010101010101010101010101010101
010101010101010101010101010101010101010101010101010101010101010101010101010101010101010101010101
010101010101010101010101010101010101010101010101010101010101010101010101010101010101010101010101
010101010101010101010101010101010101010101010101010101010101010101010101010101010101010101010101
010101010101010101010101010101010101010101010101010102010101010201010101010101010101010101010101
010101010101020201010102020202020201010202010101020102020101010202020202020101010102010101020201
010201010101010101010101020101010101010101010101020101010201010101020201010201010202010201010102
010101010101010201010101020101020101020101020101010101020202010101010101010101010101010202010102
010101020101010101010101010101010101010101010101010101010101010101010101010101010101010101010101
010101010101010101010101010101010101010101010101010101010101010101010101010101010101010101010101
010101010101010101010101010101010101010101010101010101010101010101010101010101010101010101010101
010101010101010101010101010101010101010101010101020101010102010101010101010101010101010101010101
010101010101010101010101010101010101010101020101010101010101010102010101010101010101010101020101
010101010101010101010101010101010101010101010101010101010101010101010101010101010101010101010101
020101010101010101010101010101010101010101010101010101010101010101010101010101010101010101010101
010101010101010101010101010101010101010101010101010101010101010101010101010101010101010101010101
010101010101010101010101010101010101010101010101010101010101010101010101010101010101010101010101
010101010101010101010101010101010101010101010101010101010101010101010101010101010101010101010101
010101010101010101010101010101010101010101010101010101010101010101010101010101010101010101010101
010101010101010101010101010101010101010101010101010101010101010101010101020202010202010101020101
010101010102020201010201020201010102010101010101010101010101010101010102010101010102020102010101
010101010101010101010101010101010101010201020101010101010101010102010101010101010101010101010101
010101010101010101010101020101010101010101010101020101010101010101010101010101010101010101010101
010101010101010101010101010101010101010102010101010101010101010101010101010101010101010101010101
010101010101010101010101010101010101010101010101010101010101010101010101010101010101010101010101
010101010101010101010101010101010101010101010101010101010101010101010101010101010101010101010101
010101010101010101010101010101010101010101010101010101010101010101010101010101010101010101010101
010101010101010101010101010101010101010101010101010101010101010101010101010101010101010101010101
010101010101010101010101010101010101010101010101010101010101010101010101010101010101010101010101
010101010101010101010101010101010101010101010101010101010101010101010101010101010101020102010102
010101010102010102010101020201010101010101020101010101010101010101010101010101010101020101020201
010101010101010101010101010101010101010101010101010101010101010101010101010101010101010101010101
010101010101010101010101010101010101010101010101010101010101010101010101010101010101010101010101
010101010101010101010101010101010101010101010101010101010101010101010101010101010101010101010101
010101010101010101010101010101010101010101010101010101010101010101010101010101010101010101010101
010101010101010101010101010101010101010101010101010101010101010101010101010101010101010101010101
010101010101010101010101010101010101010101010101010101010101010101010101010101010101010101010101
010101010101010101010101010101010101010101010101010101010101010101010101010101010101010101010101
010101010101010101010101010101010101010101010101010101010101010101010101010101010101010101010101
010101010101010101010101010101010101010101010101010101010101010101010101010101010101010101010101
010101010101010101010101010101010101010101010101010101010101010101010101010101010101010101010101
010101010101010101010101010101010101010101010101010101010101010101010101010101010101010101010101
010101010101010101010101010101010101010101010101010101010101010101010101010101010101010101010101
010101010101010101010101010101010101010101010101010101010101010101010101010101010101010102020201
020101010101010101010101010101010101010101010101010101010101010101010101010101010101010101010101
010101010101010101010101010101010101010101010101010101010101010101010101010101010101010101010101
010101010101010101010101010101010101010101010101010101010101010101010101010101010101010101010101
010101010101010101010101010101010101010101010101010101010101010101010101010101010101010101010101
010101010101010101010101010101010101010101010101010101010101010101010101010101010101010101010101
010101010101010101010101010101010101010101010101010101010101010101010101010101010101010101010101
010101010101010101010101010101010101010101010101010101010101010101010101010101010101010101010101
010101010101010101010202020202020202020202020202020202020202020202020202020202020202020202020202
020202020202020202020202020202020202020202020202020202010202010202020201020101020101010101010101
010101010101010101010101010101010101010101010101010101010101010101010101010101010101010101010101
010101010101010101010101010101010101010101010101010101010101010101010101020102010201010101010101
010101010101010202010101010101010101010102010101010101010101010101010101010101010101010101010101
010102020101010101010101010101010101010101010101010101010101010101010101010101010101010101010101
010101010101010201010101010101010101010101010101010202020202010101010201010101010101010202010101
010202020202020202020202020202020202020202020202020202020202020202020202020202020202020202020202
020202020202020202020202020201020202010201020202020202020202020202010201020202020202020202020202
010201020101010201020102010201010101020102010101010102010201010201010201010201020101020101010201
010201010201020102010201010101010101010101010101010101010101010101010101010101010101010101010101
010101010101010101020101010101010101010101010101010101010101010101010101010101010101010101010101
010101010101020101010101010101010201010101020101010202010201010102010101010101010101010101010201
010101010101010101010101010102010101010101010101010101010202020201010101010101010101010101010101
010101010101010101010101010101010101010101010101020101020101010102010201010101020101020101020101
020101010201010201010102010102010101020101020101010101010101010101010101010101010101010101010101
010101010101010101010101010101010201010101010101010101010101010201010101010101010101010101010101
010101010101010101010101010101010201010101010101010101010101010102010101010101010101010101010101
010101010101010101010101010101010101010101010101010101010101010101010101010101010101010101010101
010101010101010101010101010101010101010101010101010101010101010101010101010101010101010101010101
010101010101010101010201010201010101010101010101010101010101020101010101010101010101010101010101
010101010101010101010101010101010101010101010201010101010101010101010101010201010101020102010102
020201010101010101020101010101010101010101010101010101010101010101010101010201010101010101010201
010101010101010101010101010101010101010101010101010101010101010101010101010101010101010102020101
020101010101010101020101010201020101010101010101010101010101010102010101010101010101010101010101
010102010101010201020101010102010101010101010102010101010101010101020102010201020102010201020102
010101010101020102010101010101010201020101020101020101020101020102010101010202020102010201010201
010101010101020101020101020101020101010101010201020101010101010201020102010102010102010102010101
020101010101010101010102010101010101010101010101010102010101010101010101010101010101010101010101
010101010102010101010101010101010101010201010101010101010101010101010101010101010101010101010101
010101010101010101010101010101010101010101010101010101020101020101010101010101010102010201010201
010101010101010102020101010201010101010101010101010101010101010201010101020101010201010101010101
010101010101010101010101020101010102010101010201010101010101010101010101010101010101010101010101
010101010101010101010101010101010101010101010101010101010202010201010101010101010101010101010101
010101010101010101010101010101010101010101010101010101010101010101010101010101010102020101010101
010101010101010101010102010101010101010101010101010101010101010101010101010101010101010101010101
010101010101010101010101010101010101010101010101010101010101010101010101010101010101010101010101
010101010101010101010101010101010101010101010102020202020202020202010202020202020202010202020101
010101010101010101010101010101010101010101010101010101010101010101010101010101010101010101010101
010101010101010101010101010101010101010101010101010101010101010101010101010101010101010101010101
010101010101010101010101010101010101010101010101010101010102020201010202010102020102010101020201
010102020201020102020102010102010102020102010101010101010101010101010101010101010101010101010101
010101010101010101010101010101010101010101010101010101010101010101010101010101010101010101010101
010101010101010101010101010101010101010202010101010101010101010101010101010101010101010101010101
010101010101010101010101010101010101010101010101010101010101010101010101010101010101010101010101
010101010101010101010101010101010101010101010101010101010101010101010101010101010101010101010101
010101010101010102010201010101010101010101010101010101010101010101010101010101020101010201010102
010101010101010101010202020202020202020202020202010202020202010102020201020202010102020101020201
020101020102020102010101020201010102020202010201010101010101010101010101010101010102010201010101
010101010101010101010101010101010101010101010101010102020101010101010201010101010101010202020202
020202020202020202020202020202020202020202020202020202020202020202020202020202020202020202020202
020202020202020202020202020202010202020202010202010101010101010101010101010101010101010101010101
010101010101010101010101010101010101010101010101010101010101010101010101010101010101010101010101
010101010101010101010101010101010101010101010101010101010101010101010101010101010101010101010202
020202020201020202020101010101010101010101010101010101010101010101010101010101010101010101010101
010101010101010101010101010101010101010101010101010101010101010101010101010101010101010101010101
010101010101010101010101010101010101010101010101010101010101010101010101010101010101020202020202
020202010202020202010201010101010101010101010101010101010101010101010101010101010101010101010101
010101010101010101010101010101010101010101010101010101010101010101010101010101010101010101010101
010101010101010101010101010101010101010101010101010101010101010101010101010101010101010102020202
020202020202010202010202020101010101010101010101010101010101010101010101010101010101010101010101
010101010101010101010101010101010101010101010101010101010101010101010101010101010101010101010101
010101010101010101010101010101010101010101010101010101010101010101010101010101010101010101010101
010101010101010101010101010101010101010101010101010101010101010101010101010101010101010101010101
010101010101010101010101010101010101010101010101010101010101010101010101010101010101010101010101
010101010101010101010101010101010101010101010101010101010101010101010101010101010101010101010101
010101010101010101010101010101010101010101010101010101010101010101010101010101010101010101010101
010101010101010101010101010101010101010101010101010101010101010101010101010101010101010101010101
010101010101010101010101010101010101010101010101010101010101010101010101010101010101010101010101
010101010101010101010101010101010101010101010101010101010101010101010101010101010101010101010101
010101010101010101010101010101010101010101010101010101010101010101010101010101010101010101010101
010101010101010101010101010101010101010101010101010101010101010101010101010101010101010101010101
010101010101010101010101010101010101010101010101010101010101010101010101010101010101010101010101
010101010101010101010101010101010101010101010101010101010101010101010101010101010101010101010101
010101010101010101010101010101010101010101010101010101010101010101010101010101010101010101010101
010101010101010101010101010101010101010101010101010101010101010101010101010101010101010101010101
010101010101010101010101010101010101010101010101010101010101010101010101010101010101010101010101
010101010101010101010101010101010101010101010101010101010101010101010101010101010101010101010101
010101010101010101010101010101010101010101010101010101010101010101010101010101010101010101010101
010101010101010101010101010101010101010101010101010101010101010101010101010101010101010101010101
010101010101010101010101010101010101010101010101010101010101010101010101010101010101010101010101
010101010101010101010101010101010101010101010101010101010101010101010101010101010101010101010101
010101010101010101010101010101010101010101010101010101010101010101010101010101010101010101010101
010101010101010101010101010101010101010101010101010101010101010101010101010101010101010101010101
010101010101010101010101010101010101010101010101010101010101010101010101010101010101010101010101
010101010101010101010101010101010101010101010101010101010101010101010101010101010101010101010101
010101010101010101010101010101010101010101010101010101010101010101010101010101010101010101010101
010101010101010101010101010101010101010101010101010101010101010101010101010101010101010101010101
010101010101010101010101010101010101010101010101010101010101010101010101010101010101010101010101
010101010101010101010101010101010101010101010101010101010101010101010101010101010101010101010101
010101010101010101010101010101010101010101010101010101010101010101010101010101010101010101010101
010101010101010101010101010101010101010101010101010101010101010101010101010101010101010101010101
010101010101010101010101010101010101010101010101010101010101010101010101010101010101010101010101
010101010101010101010101010101010101010101010101010101010101010101010101010101010101010101010101
010101010101010101010101010101010101010101010101010101010101010101010101010101010101010101010101
010101010101010101010101010101010101010101010101010101010101010101010101010101010101010101010101
010101010101010101010101010101010101010101010101010101010101010101010101010101010101010101010101
010101010101010101010101010101010101010101010101010101010101010101010101010101010101010101010101
010101010101010101010101010101010101010101010101010101010101010101010101010101010101010101010101
010101010101010101010101010101010101010101010101010101010101010101010101010101010101010101010101
010101010101010101010101010101010101010101010101010101010101010101010101010101010101010101010101
010101010101010101010101010101010101010101010101010101010101010101010101010101010101010101010101
010101010101010101010101010101010101010101010101010101010101010101010101010101010101010101010101
010101010101010101010101010101010101010101010101010101010101010101010101010101010101010101010101
010101010101010101010101010101010101010101010101010101010101010101010101010101010101010101010101
010101010101010101010101010101010101010101010101010101010101010101010101010101010101010101010101
010101010101010101010101010101010101010101010101010101010101010101010101010101010101010101010101
010101010101010101010101010101010101010101010101010101010101010101010101010101010101010101010101
010101010101010101010101010101010101010101010101010101010101010101010101010101010101010101010101
010101010101010101010101010101010101010101010101010101010101010101010101010101010101010101010101
010101010101010101010101010101010101010101010101010101010101010101010101010101010101010101010101
010101010101010101010101010101010101010101010101010101010101010101010101010101010101010101010101
010101010101010101010101010101010101010101010101010101010101010101010101010101010101010101010101
010101010101010101010101010101010101010101010101010101010101010101010101010101010101010101010101
010101010101010101010101010101010101010101010101010101010101010101010101010101010101010101010101
010101010101010101010101010101010101010101010101010101010101010101010101010101010101010101010101
010101010101010101010101010101010101010101010101010101010101010101010101010101010101010101010101
010101010101010101010101010101010101010101010101010101010101010101010101010101010101010101010101
010101010101010101010101010101010101010101010101010101010101010101010101010101010101010101010101
010101010101010101010101010101010101010101010101010101010101010101010101010101010101010101010101
010101010101010101010101010101010101010101010101010101010101010101010101010101010101010101010101
010101010101010101010101010101010101010101010101010101010101010101010101010101010101010101010101
010101010101010101010101010101010101010101010101010101010101010101010101010101010101010101010101
010101010101010101010101010101010101010101010101010101010101010101010101010101010101010101010101
010101010101010101010101010101010101010101010101010101010101010101010101010101010101010101010101
010101010101010101010101010101010101010101010101010101010101010101010101010101010101010101010101
010101010101010101010101010101010101010101010101010101010101010101010101010101010101010101010101
010101010101010101010101010101010101010101010101010101010101010101010101010101010101010101010101
010101010101010101010101010101010101010101010101010101010101010101010101010101010101010101010101
010101010101010101010101010101010101010101010101010101010101010101010101010101010101010101010101
010101010101010101010101010101010101010101010101010101010101010101010101010101010101010101010101
010101010101010101010101010101010101010101010101010101010101010101010101010101010101010101010101
010101010101010101010101010101010101010101010101010201010101010101010101010101010101010101010101
010101010101010101010101010101010102010201020101010101010101020101010101020101010101010101010101
020101010101010101010101010101010101010201010101020101010101010101010101010101010101010101010101
010101010101010101010101010101010101010101010101010101010101010101010101010101010101010101010101
010101010101010101010101010101010101010101010101010101010101010101010101010101010101010101010101
010101010101010101010101010101010101010101010101010101010101010101010101010101010101010101010101
010101010101010101010101010101010101010101010101010101010101010101010101010101010101010101010101
010101010101010101010101010101010101010101010101010101010101010101010101010101010101010101010101
010101010101010101010101010101010101010101010101010101010101010101010101010101010101010101010101
010101010101010101010101010101010101010101010101010101010101010101010101010101010101010101010101
010101010101020201010201020101010101020201010101010101010101010101010102020101020101010101020101
010101010101010101010101010101010101020102010101010101010101010101010101010201010101010101010201
010101010101010101010201010101010101010102020101010101010101010101010101010101010101010101010101
010101010101010102010201010101010101010101010101010101010101010101010101010101010101010101010101
010101010101010101010101010101010101010101010101010101010101010101010101010101010101010101010101
010101010101010101010101010101010101010101010101010101010101010101010101010101010101010101010101
010101010101010101010101010101010101010101010101010101010101010101010101010101010101010101010101
010101010101010101010101010101010101010101010101010101010101010101010101010101010101010101010101
010101010101010101010101010101010101010101010101010101010101010101010101010101010101010101010101
010101010101010101010101010101010101010101010101010101010101010101010101010101010101010101010101
010101010101010101010101010101010101010101010101010101010101010101010101010101010101010101010101
010101010101010101010101010101010101010101010101010101010101010101010101010101010101010101010101
010101010101010101010101010101010101010101010101010101010101010101010101010101010101010101010101
010102010201010101010101010101010101010101020101010102010101010101010101010101010101010101010101
010101010101010101010101010101020101010201010101010101010101010101010101010101010101010101010101
010101010101010101010101010101010101010101010101010101010101010101010101010101010101010101010101
010101010101010101010101010101010101010101010101010101010101010101010101010101010101010101010101
010101010101020101010101010102010101010101010101010101010101010101010101010101010101010101010101
010101010101010101010101010101010101010101010101010101010101010101010101010101010101010101010101
010101010101010101010101010101010101010101010101010101010101010101010101010101010101010101010101
010101010101010101010101010101010201010101010101010101010101010101010101010101010101010102010101
020101010101010201010101010101010101010101010201010101010101010101010101010101010102010101010101
010101010101010101010102010101010101010101010101010101010101010101010101010101010101010101010101
010101010101010101010101010101010101010101010101010101010101010101010101010101010101010101010101
010101010101010101010101010101010101010101010101010101010101010101010101010102010101020101010101
010101010101010101010101010101010101010101010101010101010101010101010101010101010201010101010101
010101010101010101010102010101010101010101010101010101010101010101010101010101010101010101010101
010101010101010101010101010101010101010101010101010101010101010101010101010101010101010101010101
010101010101010101010102010101020101010101010101010101010101010101010101010101010101010101010101
010101010101010101010101010101010101010101010101010101010101010101010101010101010101010101010101
010101010101010101010101010101010101010101010101010101010101010101010101010101010101010101010101
020101010101010101010101010101010101010101020101010101010101010101010101010101010101010101010101
010101010101010101010101010101010101010101010101010101010101010101010101010101010101010101010101
010101010101010101010101010101010101010101010101010101010101010101010101010101010101010101010101
010101010101010101010101010101010101010101010101010101010101010101010101010101010101010101010101
010101010101010101010101010101010101010101010101010101010101010101010101010101010101010101010101
010101010101010101010101010101010101010101010101010101010101010101010101010101010101010101010101
010101010101010101010101010101010101010101010101010101010101010101010101010101010101010101010101
010101010101010101010101010101010101010101010101010101010101010101010101010101010101010101010101
010101010101010101010101010101010101010101010101010101010101010101010101010101010101010101010101
010101010101010101010101010101010101010101010101010101010101010101010101010101010101010101010101
010101010101010101010101010101010101010101010101010101010101010101010101010101010101010101010101
010101010101010101010101010101010101010101010101010101010101010101010101010101010101010101010101
010101010101010101010101010101010101010101010101010101010101010101010101010101010101010101010101
010101010101010101010101010101010101010101010101010101010101010101010101010101010101010101010101
010101010101010101010101010101010101010101010101010101010101010101010101010101010101010101010101
010101010101010101010101010101010101010101010101010101010101010101010101010101010101010101010101
010101010101010101010101010101010101010101010101010101010101010101010101010101010101010101010101
010101010101010101010101010101010101010101010101010101010101010101010101010101010101010101010101
010101010101010101010101010101010101010101010101010101010101010101010101010101010101010101010101
010101010101010101010101010101010101010101010101010101010101010101010101010101010101010101010101
010101010101010101010101010101010101010101010101010101010101010101010101010101010101010101010101
010101010101010101010101010101010101010101010101010101010101010101010101010101010101010101010101
010101010101010101010101010101010101010101010101010101010101010101010101010101010101010101010101
010101010101010101010101010101010101010101010101010101010101010101010101010101010101010101010101
010101010101010101010101010101010101010101010101010101010101010101010101010101010101010101010101
010101010101010101010101010101010101010101010101010101010101010101010101010101010101010101010101
010101010101010101010101010101010101010101010101010101010101010101010101010101010101010101010101
010101010101010101010101010101010101010101010101010101010101010101010101010101010101010101010101
010101010101010101010101010101010101010101010101010101010101010101010101010101010101010101010101
010101010101010101010101010101010101010101010101010101010101010101010101010101010101010101010101
010101010101010101010101010101010101010101010101010101010101010101010101010101010101010101010101
010101010101010101010101010101010101010101010101010101010101010101010101010101010101010101010101
010101010101010101010101010101010101010101010101010101010101010101010101010101010101010101010101
010101010101010101010102010101010101010101010101010101010101010101010101010101010101010101010101
010101010101010102010101010101010101010101010101010101010101010101010101010101010101010101010101
010101010101010101010101010101010101010101010101010101020102010202010201020101020202010101010101
