4b52433130310000bf4100000004000000040000d5590000000000000000000000000000080000000000000011000000
000000001600000000000000220000000000000039000000000000004400000000000000600000000000000061000000
0000000063000000000000006c0000000000000071000000000000007f000000000000008a000000000000008f000000
0000000090000000000000009900000000000000a800000000000000ab00000000000000ac00000000000000b7000000
00000000d000000000000000d500000000000000e700000000000000ee00000000000000fb00000000000000fd000000
00000000000100000000000015010000000000001a010000000000001d01000000000000260100000000000035010000
000000004f01000000000000530100000000000055010000000000006a0100000000000071010000000000007a010000
000000009a010000000000009f01000000000000ac01000000000000ae01000000000000b101000000000000c6010000
00000000cd01000000000000d601000000000000e60100000000000007020000000000000c020000000000001c020000
0000000023020000000000002b0200000000000039020000000000003e02000000000000430200000000000046020000
000000004f020000000000005e0200000000000065020000000000006e020000000000007e020000000000008c020000
000000009202000000000000a202000000000000c202000000000000c702000000000000d502000000000000db020000
00000000f502000000000000f902000000000000fb020000000000001003000000000000310300000000000036030000
00000000460300000000000054030000000000005a030000000000006a0300000000000075030000000000007a030000
00000000870300000000000088030000000000008a030000000000008f0300000000000092030000000000009b030000
00000000aa03000000000000ad03000000000000ae03000000000000b103000000000000ba03000000000000c6030000
00000000e003000000000000e403000000000000e603000000000000fb03000000000000140400000000000019040000
0000000028040000000000003a0400000000000042040000000000005704000000000000750400000000000083040000
0000000084040000000000009604000000000000a604000000000000a704000000000000a804000000000000b2040000
00000000dc04000000000000e004000000000000f104000000000000fa04000000000000210500000000000023050000
0000000025050000000000003a0500000000000045050000000000004c05000000000000530500000000000067050000
000000008d050000000000008f050000000000009105000000000000a905000000000000d805000000000000df050000
00000000e205000000000000000600000000000017060000000000001f0600000000000032060000000000003a060000
0000000043060000000000005a0600000000000071060000000000008806000000000000b506000000000000bc060000
00000000bf06000000000000df06000000000000e706000000000000fe06000000000000230700000000000028070000
000000002b0700000000000049070000000000004c0700000000000054070000000000006f0700000000000095070000
00000000a507000000000000b407000000000000b607000000000000be07000000000000e907000000000000ed070000
00000000040800000000000028080000000000002a080000000000002c08000000000000430800000000000053080000
000000005b080000000000006f080000000000009c08000000000000a008000000000000b408000000000000da080000
00000000e108000000000000e40800000000000004090000000000001a09000000000000220900000000000038090000
00000000410900000000000059090000000000006f090000000000008809000000000000bb09000000000000c3090000
00000000dc09000000000000e409000000000000fd09000000000000230a0000000000002a0a000000000000400a0000
00000000430a0000000000004b0a0000000000006c0a000000000000740a000000000000860a0000000000008e0a0000
00000000920a0000000000009c0a000000000000ad0a000000000000b60a000000000000ce0a000000000000da0a0000
00000000e20a000000000000ea0a000000000000020b000000000000140b0000000000001e0b000000000000340b0000
00000000450b0000000000004e0b000000000000640b0000000000007c0b000000000000870b000000000000930b0000
00000000b20b000000000000d00b000000000000eb0b000000000000090c000000000000150c000000000000330c0000
00000000510c0000000000006f0c0000000000008a0c000000000000950c000000000000b20c000000000000cd0c0000
00000000eb0c000000000000030d0000000000000f0d0000000000002d0d000000000000390d000000000000540d0000
00000000740d000000000000840d0000000000008f0d000000000000ab0d000000000000ac0d000000000000ae0d0000
00000000b70d000000000000bc0d000000000000ca0d000000000000d90d000000000000da0d000000000000db0d0000
00000000e90d000000000000050e000000000000070e000000000000130e0000000000001c0e000000000000210e0000
000000002d0e000000000000460e0000000000004a0e0000000000004c0e000000000000610e000000000000660e0000
00000000730e000000000000940e000000000000990e000000000000a90e000000000000ae0e000000000000be0e0000
00000000cb0e000000000000d10e000000000000e10e000000000000ee0e000000000000fe0e000000000000170f0000
000000001b0f0000000000001d0f000000000000220f0000000000002f0f000000000000440f000000000000620f0000
00000000720f000000000000990f0000000000009a0f0000000000009c0f000000000000a70f000000000000ae0f0000
00000000c00f000000000000d00f000000000000d10f000000000000d20f000000000000d40f000000000000db0f0000
00000000e50f0000000000000b100000000000000d100000000000000f10000000000000271000000000000053100000
0000000057100000000000006b100000000000007c1000000000000085100000000000009a10000000000000bf100000
00000000c410000000000000c710000000000000e510000000000000e810000000000000f0100000000000000b110000
000000003b11000000000000421100000000000059110000000000005c11000000000000641100000000000082110000
0000000095110000000000009e11000000000000b511000000000000be11000000000000d511000000000000ed110000
000000001a12000000000000211200000000000024120000000000002c12000000000000431200000000000064120000
000000008e12000000000000a012000000000000cf12000000000000d212000000000000d912000000000000ec120000
00000000f51200000000000013130000000000002513000000000000281300000000000029130000000000002c130000
00000000351300000000000041130000000000006e130000000000007513000000000000781300000000000098130000
00000000c813000000000000d013000000000000e81300000000000003140000000000000e140000000000002b140000
000000005014000000000000551400000000000058140000000000007614000000000000791400000000000081140000
000000009c14000000000000cc14000000000000d314000000000000ea14000000000000ed14000000000000f5140000
00000000131500000000000026150000000000002f1500000000000046150000000000004f1500000000000066150000
000000007e15000000000000ab15000000000000b215000000000000b515000000000000bd15000000000000d4150000
00000000f51500000000000005160000000000000616000000000000071600000000000019160000000000001a160000
000000001d160000000000002f160000000000004d160000000000005d160000000000005e1600000000000070160000
000000008016000000000000811600000000000082160000000000008c16000000000000b816000000000000bc160000
00000000ce16000000000000d81600000000000026170000000000002a170000000000002e170000000000005d170000
00000000731700000000000081170000000000008f17000000000000b617000000000000041800000000000008180000
000000000c180000000000003b180000000000004218000000000000721800000000000079180000000000007c180000
000000009d18000000000000cb18000000000000db18000000000000eb18000000000000fe1800000000000007190000
0000000010190000000000002819000000000000561900000000000084190000000000008b19000000000000bb190000
00000000c219000000000000c519000000000000e619000000000000f619000000000000241a0000000000006b1a0000
00000000751a0000000000007b1a000000000000b71a000000000000bd1a000000000000cd1a000000000000091b0000
00000000101b000000000000151b000000000000191b000000000000281b000000000000291b0000000000002a1b0000
00000000341b0000000000004d1b0000000000004f1b000000000000591b0000000000005f1b000000000000641b0000
00000000741b0000000000007a1b0000000000007b1b000000000000851b000000000000a01b000000000000a61b0000
00000000bc1b000000000000dc1b000000000000e01b000000000000fc1b000000000000001c0000000000000e1c0000
00000000141c0000000000002c1c0000000000005a1c0000000000006e1c000000000000701c0000000000008c1c0000
00000000991c0000000000009b1c0000000000009e1c000000000000b31c000000000000c21c000000000000d41c0000
00000000d71c000000000000ec1c000000000000fa1c0000000000000c1d0000000000004d1d000000000000571d0000
000000005c1d0000000000005f1d000000000000681d000000000000771d0000000000007a1d000000000000831d0000
00000000861d000000000000951d000000000000a31d000000000000b41d000000000000d01d000000000000db1d0000
00000000f51d000000000000f91d000000000000fb1d000000000000101e0000000000002e1e0000000000003a1e0000
000000003c1e000000000000511e000000000000921e0000000000009c1e000000000000b81e000000000000c41e0000
00000000da1e000000000000e41e000000000000e61e000000000000f81e000000000000161f0000000000001c1f0000
000000001e1f000000000000351f000000000000671f000000000000711f000000000000951f000000000000a41f0000
00000000c81f000000000000ca1f000000000000cc1f000000000000e31f00000000000009200000000000001a200000
000000001c20000000000000342000000000000054200000000000006420000000000000bc20000000000000c4200000
00000000da20000000000000f020000000000000f9200000000000002a21000000000000322100000000000065210000
000000006d210000000000009f21000000000000eb21000000000000f921000000000000ff2100000000000040220000
000000004c2200000000000054220000000000005c2200000000000074220000000000007c2200000000000084220000
000000008822000000000000a022000000000000c422000000000000d822000000000000fa220000000000000c230000
000000002a23000000000000482300000000000054230000000000009023000000000000ab23000000000000c6230000
00000000d1230000000000000c240000000000003c2400000000000053240000000000006b24000000000000aa240000
00000000b924000000000000ba24000000000000bb24000000000000c924000000000000e024000000000000eb240000
00000000ec24000000000000fa2400000000000032250000000000003625000000000000482500000000000052250000
00000000572500000000000078250000000000007d250000000000009d25000000000000aa25000000000000b8250000
00000000be25000000000000de25000000000000112600000000000019260000000000001d2600000000000047260000
000000008326000000000000a126000000000000a326000000000000c726000000000000e726000000000000e9260000
00000000eb26000000000000ff2600000000000055270000000000005d270000000000007f2700000000000091270000
00000000f027000000000000fe2700000000000004280000000000004028000000000000662800000000000077280000
000000008928000000000000b82800000000000012290000000000002029000000000000262900000000000067290000
000000008c2900000000000091290000000000009429000000000000b229000000000000b529000000000000bd290000
00000000d829000000000000022a000000000000142a000000000000172a000000000000352a000000000000472a0000
000000004a2a0000000000004b2a000000000000572a000000000000872a0000000000008f2a000000000000aa2a0000
00000000b52a000000000000142b000000000000222b000000000000282b000000000000632b000000000000892b0000
000000009b2b000000000000ad2b000000000000dd2b000000000000372c000000000000452c0000000000004b2c0000
000000008c2c000000000000b32c000000000000b52c000000000000c52c000000000000c72c000000000000ca2c0000
00000000e12c000000000000082d0000000000002f2d000000000000312d000000000000532d000000000000622d0000
00000000642d000000000000662d000000000000772d000000000000bc2d000000000000c32d000000000000da2d0000
00000000f22d000000000000652e0000000000006b2e000000000000712e000000000000b32e000000000000c32e0000
00000000e52e000000000000f62e000000000000342f000000000000792f0000000000007c2f000000000000832f0000
00000000c12f000000000000c82f00000000000021300000000000002f30000000000000353000000000000074300000
00000000c030000000000000d830000000000000ef3000000000000006310000000000001d3100000000000026310000
0000000054310000000000009931000000000000c731000000000000cf3100000000000002320000000000000a320000
000000001232000000000000493200000000000061320000000000009832000000000000f132000000000000f8320000
000000000633000000000000523300000000000058330000000000007033000000000000af33000000000000ba330000
00000000be33000000000000cf33000000000000d133000000000000d933000000000000f533000000000000f7330000
00000000053400000000000010340000000000001f34000000000000213400000000000033340000000000006a340000
0000000078340000000000009934000000000000c834000000000000ce34000000000000f834000000000000fc340000
00000000043500000000000016350000000000003c3500000000000058350000000000008f3500000000000091350000
00000000b735000000000000c435000000000000c635000000000000c935000000000000de35000000000000fa350000
000000001b3600000000000021360000000000004b3600000000000062360000000000007f36000000000000d5360000
00000000e436000000000000eb36000000000000f43600000000000004370000000000000b3700000000000013370000
0000000032370000000000004737000000000000613700000000000071370000000000009037000000000000b1370000
00000000b637000000000000c637000000000000e637000000000000eb3700000000000010380000000000006d380000
000000007c380000000000008c38000000000000b138000000000000be38000000000000da38000000000000dc380000
00000000f338000000000000143900000000000017390000000000001d390000000000003b3900000000000090390000
000000009f39000000000000b439000000000000de39000000000000053a000000000000073a000000000000093a0000
000000001e3a0000000000006b3a0000000000008b3a0000000000008f3a000000000000bc3a000000000000ee3a0000
00000000083b0000000000008a3b000000000000963b000000000000ad3b000000000000da3b000000000000ec3b0000
00000000353c0000000000003d3c000000000000a03c000000000000b03c000000000000023d000000000000803d0000
00000000953d0000000000009e3d000000000000fb3d0000000000000d3e000000000000173e0000000000002d3e0000
000000003f3e000000000000493e000000000000533e000000000000813e000000000000b73e000000000000d43e0000
00000000ea3e000000000000183f000000000000363f000000000000723f0000000000008a3f000000000000e53f0000
00000000034000000000000020400000000000003e400000000000009740000000000000b540000000000000f1400000
0000000009410000000000006541000000000000814100000000000083410000000000008f41000000000000ab410000
00000000c741000000000000c941000000000000e34100000000000035420000000000003b4200000000000047420000
0000000061420000000000006642000000000000a342000000000000ad42000000000000e242000000000000f2420000
000000000243000000000000124300000000000042430000000000007f4300000000000084430000000000008e430000
00000000c343000000000000ea43000000000000374400000000000039440000000000006b440000000000008b440000
000000008d440000000000009144000000000000ab440000000000002d4500000000000039450000000000004e450000
000000007b45000000000000fa450000000000000f46000000000000184600000000000074460000000000008b460000
00000000b846000000000000ca46000000000000134700000000000076470000000000007e470000000000008e470000
00000000e147000000000000114800000000000018480000000000002f4800000000000032480000000000003a480000
0000000058480000000000008748000000000000b748000000000000be48000000000000f34800000000000005490000
0000000008490000000000000b49000000000000204900000000000080490000000000009049000000000000ad490000
00000000cb49000000000000534a000000000000684a000000000000714a000000000000ca4a000000000000e14a0000
00000000164b0000000000002b4b0000000000007c4b000000000000dc4b000000000000e44b000000000000f44b0000
00000000464c000000000000514c000000000000584c000000000000684c0000000000006f4c0000000000007f4c0000
00000000924c0000000000009a4c000000000000be4c000000000000c04c000000000000d34c000000000000f74c0000
000000000a4d000000000000164d000000000000274d0000000000003c4d0000000000005b4d0000000000007e4d0000
00000000a14d000000000000b14d000000000000d94d000000000000ee4d000000000000034e000000000000384e0000
00000000844e000000000000d04e000000000000e74e000000000000fe4e0000000000001c4f000000000000284f0000
00000000674f000000000000ac4f000000000000eb4f0000000000000250000000000000195000000000000037500000
0000000043500000000000008250000000000000c750000000000000065100000000000016510000000000003e510000
0000000053510000000000009f51000000000000b4510000000000000052000000000000355200000000000037520000
000000003b52000000000000425200000000000045520000000000004d5200000000000056520000000000005b520000
000000006752000000000000695200000000000070520000000000007352000000000000875200000000000093520000
000000009f52000000000000a552000000000000ba52000000000000c352000000000000e752000000000000eb520000
00000000f35200000000000007530000000000002f5300000000000038530000000000003d5300000000000049530000
000000007153000000000000765300000000000079530000000000008253000000000000915300000000000098530000
00000000ad53000000000000b453000000000000d753000000000000ee530000000000000b5400000000000039540000
000000004c5400000000000053540000000000005c540000000000006c5400000000000073540000000000007c540000
00000000a654000000000000bb54000000000000d654000000000000e65400000000000010550000000000001e550000
00000000245500000000000034550000000000004255000000000000485500000000000072550000000000009c550000
00000000ae55000000000000be55000000000000e855000000000000ed55000000000000f055000000000000f7550000
000000000e5600000000000017560000000000002c56000000000000335600000000000050560000000000007e560000
000000009156000000000000a056000000000000c356000000000000ce56000000000000d556000000000000dc560000
00000000f05600000000000000570000000000001057000000000000185700000000000048570000000000007c570000
000000009357000000000000c457000000000000de57000000000000f557000000000000315800000000000049580000
000000009e58000000000000b558000000000000ee5800000000000005590000000000005c590000000000009a590000
00000000b759000000000000d5590000000000005f0d00006c15000090150000a717000042180000542000002f220000
ec220000de17000073220000372500005c2500000f310000b3320000da320000703f0000ec3f0000030e0000a7170000
2f22000032230000b4230000bd01000008030000fb06000044070000d50a0000570b000039170000c221000050270000
9e3b0000233c0000733e0000a1040000cf060000f20600006b070000e80f0000971200007e16000053210000e2230000
582a0000272b0000f02b0000572d0000c92d00001c300000753000008e3100004e320000983200006039000071400000
ed4000006f41000009010000880100006a030000b005000069090000a50b000093150000aa1700005b20000036220000
f3220000120d0000060e00002b0e0000491000006f10000072100000f4120000071300000e1300003a1400005a140000
261800003c18000098180000671a0000da270000832a0000862a0000f22a0000f92a0000302c0000332c0000aa2d0000
ad2d00004039000047390000923c0000b14100003403000088180000864100007e16000053210000272b0000f02b0000
8e3100004e32000098320000ed4000006f41000093150000aa1700005b20000036220000f32200002801000037030000
760300005e0600001a0a0000740b0000b10b000088180000eb290000672a0000dc2c0000d3380000403b000086410000
5b0e0000af150000b620000038310000753100009b3100006a3200000c330000493c0000873c00006b3e000057130000
1f1400004317000000220000a5290000ca21000063130000fb19000073200000cd2100000c220000332f000068390000
f43f00004640000073010000210300009108000013090000a30a0000500b00000511000038150000581700002a200000
40210000fd2100008f270000a828000085290000d5010000c9080000d30a00009e010000d800000006010000b9010000
e10100008f0200002d030000af0900006c0b0000891d0000362200002f2300009108000013090000a30a0000500b0000
9b0c0000e60d000005110000571300001f140000fe14000043170000581700002220000040210000fd21000000220000
5a270000a828000085290000a52900006c3b00001c3c0000303d0000633e0000743e0000c9080000d30a0000e01f0000
ca2100009c3b00007c04000092040000e4050000c30900002d0c0000b1100000282100005321000008250000272b0000
922c0000042d0000313200004e3200008032000011390000cb3e00006f410000af0900006c0b0000ec0c0000d41f0000
5b20000036220000a4220000af0f000097130000d6130000391600007b170000181a00008d200000ea2100003b2f0000
82390000433f00007a3f00008c4000000c220000f43f0000891d0000362200002f2300007f0d000010120000cd120000
a9130000e4140000061f0000891f0000092000002e200000ae200000e72100004f2200005b230000b02400006f260000
a0260000c02600006f2f0000b63a0000ae3c00000c400000b6200000753100006a3200000c3300006b3e00001f140000
00220000a52900000511000038150000581700002a20000040210000fd2100008f270000a828000085290000e60d0000
051100001f140000581700002220000040210000fd210000002200005a270000a828000085290000a5290000303d0000
633e0000743e0000db0e0000f70e0000050f000016100000cb10000025110000c8120000c2140000ec15000082160000
34210000072400007a24000025250000e42a0000f12b00006f2d0000e82d00001e3100009231000039320000a1320000
94390000113f0000be400000f540000053210000272b00004e3200006f4100005b200000362200002b0e000010120000
0e130000a91300005a14000092180000611a0000092000005e200000ae2000001f210000e721000039220000832a0000
332b0000fa2b00001a2c0000282f000047390000ae3c000087410000c31500004c170000fb190000ca290000d2390000
f93a0000464000008f020000ed020000f90200002d030000440600006c0b0000172700002e2700005028000012050000
84080000730900007f090000740a0000ca0b00004f0c00007d0c0000950c00002b0e0000731200000e13000042130000
5a140000891f0000ae200000402200004c220000a7220000422300005b2300009b24000072260000a0260000c0260000
832a00005a2f0000b038000047390000b93a0000393b00000c400000790b0000d20b0000c92200003c260000833a0000
fa0e0000bc130000d0130000e31500006b170000181a0000ed270000a8290000f42f000097390000da3900002e3f0000
8c400000ca290000f93a0000172700002e270000502800002b0e00000e130000401400005a1400006e1400001b230000
59260000412700005a270000da27000063280000a8280000542900005729000085290000a5290000832a000047390000
a03a0000e63a0000743e000094040000e60a0000fb0a0000ca29000013390000f93a0000e03e0000b1010000fa010000
b20900008c0b0000d11f000080220000172700002e270000502800002b0e00000e1300005a140000891f0000ae200000
402200004c220000422300005b23000072260000a0260000c0260000832a000047390000b93a00000c40000019010000
3101000054030000ed0300006b040000c005000066060000bd06000082090000910a00008f0b00007012000025130000
401400006e140000a31500002216000030170000ba17000092180000611a00001b23000059260000682a0000c92b0000
fa2b00001a2c0000e42c0000b3380000c7390000a03a00005a3b000087410000760300001a0a0000b10b0000eb290000
d3380000401400006e140000a31500002216000030170000ba17000092180000611a00001b23000059260000c92b0000
fa2b00001a2c0000c7390000a03a00008741000063130000041a00004f1a0000e4230000683900006f400000eb400000
d8000000060100009e02000067030000a20b00006c15000090150000a7170000f10400005a050000e40500003f0c0000
b1100000de170000112500005c250000922c0000042d000089320000da320000f43e0000703f0000a20b0000ec0c0000
a7170000bd220000b42300000a280000753100006132000015330000c23e00001f140000e7210000be290000500d0000
0511000010120000a913000038150000581700009e270000ae280000bb290000e60d00000511000010120000a9130000
1f1400005817000009200000e721000060270000ae280000bb290000be290000ae3c0000303d00009e3e00005c050000
b20a0000040b00000c220000fd380000f63e0000f43f0000f20000000002000069090000a50b00006a0c0000891d0000
36220000ba2200002f2300007f0d0000cd120000401400006e140000e4140000971f00001b23000061230000b0240000
59260000d6260000d9260000da2700006f2f0000a03a000036400000a1040000f20600006b070000e80f000053210000
e2230000582a0000272b0000572d0000c92d0000753000004e320000714000006f410000880100006a03000069090000
a50b00005b200000362200002b0e0000491000006f1000000e1300005a1400003c18000098180000671a0000da270000
832a0000f92a0000302c0000332c0000aa2d000047390000b141000012050000c8050000f005000084080000fb090000
130a0000740a0000950c0000ef0c00007f0d0000f70f0000cd12000042130000e4140000fa1700005118000092180000
d2190000611a0000ae2000001c210000b0240000f5290000362b0000fa2b00001a2c00009e2c0000252f00006f2f0000
cc380000393b0000874100002c0600005c0600001d1800006f2a0000da2c00001f05000029050000580600002d0c0000
561600000825000087280000df280000d62c0000382d0000d62f0000ea2f000080320000cb3e0000440600006c0b0000
21150000a4220000b327000050280000d30e0000740f00007c0f00006b100000e01000001f110000c214000062160000
8a2000000c21000025250000cd27000039280000be2800007c290000d72a0000a62d0000242e0000152f0000382f0000
18310000a1320000e7320000f23a0000113f0000a940000087280000df280000d62f0000ea2f0000b327000050280000
7f0d0000491000006f100000cd120000e41400003c180000b02400005a270000b6270000da2700006b28000093280000
96280000a828000085290000a5290000f92a0000aa2d00006f2f0000e22f0000743e0000310100008b01000010020000
ed0300006b040000f305000000060000bd0600006c090000910a0000dc0b0000f40f0000491000006f10000025130000
551500002216000015170000ed1700003c180000891f00005b230000f324000035260000a0260000c0260000f92a0000
a12c0000aa2d0000b22f00007c3a00005a3b00000c40000033020000ca090000560c000091240000502f000049100000
6f100000551500002216000015170000ed1700003c180000891f00005b230000f3240000a0260000c0260000f92a0000
aa2d0000b22f00000c400000740400000f07000062070000712000000021000087280000df280000462a0000092f0000
312f0000d62f0000ea2f00006c3000005b400000e401000051030000b20900008c0b0000b3270000502800007f0d0000
cd120000e41400005118000092180000d2190000611a0000ae2000001c210000b0240000362b0000fa2b00001a2c0000
252f00006f2f0000874100002a040000800400002a1600009a300000a7300000b5310000613200000c3300004b3c0000
643c0000ee3d0000a60a0000dd0a00009e170000e7210000a52900007f0f000097130000d0130000221400001e1a0000
2e1a00000a2400002e240000272e0000823900002e3f0000bb40000068410000570b00004f1a0000eb4000002a160000
b5310000613200000c330000ee3d00009e170000e7210000a52900002b050000b20a0000fb0a00005a0b00004f1a0000
3a2d0000fd380000e03e0000eb400000c3060000ff060000d70c0000500d00001012000054130000a91300008c150000
761600009b170000f91f0000c32100008f270000a828000085290000440700001215000039170000e30200006c150000
90150000a7170000500d000010120000a91300008c150000761600009b1700008f270000a828000085290000f2000000
fa010000e602000047060000690900008c0b00006a0c00001e1500006c15000090150000a717000080220000490f0000
6e0f0000ac0f000016100000cb1000000b1100001f110000cf140000e015000011170000d2180000e120000074220000
2b2500003b250000d72a00006f2d0000e82d00000031000018310000a7320000b7320000d7390000403f0000ed3f0000
a9400000de1700005c250000da320000703f0000a7170000b4230000e60d0000051100001f140000401400006e140000
2216000058170000c2170000ea170000891f00001b2300005b230000b7230000f624000059260000a0260000c0260000
b52f0000a03a0000303d00000c40000037010000c1010000c3060000ff060000a60a0000dd0a00001012000054130000
a913000084150000761600009b1700009e17000009200000c3210000e72100005a270000a828000085290000a5290000
6f3b0000a63b0000ae3c0000d43d0000743e00000803000044070000570b000039170000233c000010120000a9130000
84150000761600009b1700009e17000009200000e72100005a270000a828000085290000a5290000ae3c0000d43d0000
743e00001a050000f20600004d07000062070000e80f0000c115000005170000de1700005c250000462a0000572d0000
c92d0000563000006c300000da320000d0390000703f00005b40000088010000fc020000510300004706000069090000
8c0b0000a7170000b4230000e60d0000491000006f100000051100001f14000022160000251700002d17000058170000
3c1800007918000092180000611a0000f92a0000cc2b0000fa2b00001a2c0000aa2d0000c4390000303d000087410000
f10400005a050000e4050000a60900003f0c00008e100000b1100000de170000eb1d0000732200001125000037250000
5c250000922c0000042d0000c23000000f3100002c3100003f31000017320000233200002c32000089320000b3320000
da320000f5380000703c0000f43e0000703f0000ec3f0000a20b00006d0c0000ec0c0000030e0000311300007a130000
a7170000331f0000591f00007e1f00002f220000bd22000032230000b423000087220000790b0000c90b0000d20b0000
4e0c00008c0c0000231f0000371f00008a220000c922000051230000932400003c260000e02e0000522f0000583a0000
833a0000383b00000b40000066010000770100002b0200008508000095080000e7080000750a0000af0a0000030b0000
50150000dc16000076170000341800009e1e0000362000000922000023020000ed010000dc00000025010000f4010000
080200000b02000030020000fb050000c70900009c1d00004e230000d80000000101000006010000810100009e020000
670300008508000095080000e7080000750a0000af0a0000030b0000a20b0000900c0000a30c00005f0d0000be0d0000
311300007a1300006c15000090150000dc16000076170000a717000042180000501d00008f1d0000bd1d00009e1e0000
331f0000591f00007e1f000054200000092200002f220000ec2200003a3b0000783b0000cd3b00000b3d0000af3d0000
443e00008e0200002c030000481d0000ba3b0000d5010000200300000a060000c908000012090000da090000d30a0000
4f0b0000861e00008f1e00008e270000ac2c0000212d000032300000ee31000007320000173900009e010000dc020000
fb050000c7090000c70c00003c1d0000631d0000c71d000008270000120d0000690d00007f0d000023100000cd120000
cc130000de13000040140000691400006e14000071140000dd140000e4140000491e0000421f0000521f00006c1f0000
971f0000f62200001b23000061230000b0240000b32400005226000059260000d6260000d9260000da270000e82e0000
6f2f0000722f0000623a0000993a0000a03a0000923c00001d3f0000663f0000dc3f000036400000512300000b400000
9c1d00004e230000770d0000ae0d0000fc0d000046150000aa170000741d0000891d0000a01d0000a91d00006b1e0000
a21f0000c71f0000362200002f230000ad230000ce2400007b2600008d2f000095320000c23a0000cd3c0000de170000
73220000372500005c2500000f310000233200002c320000b3320000da320000703f0000ec3f0000030e0000a7170000
591f00007e1f00002f22000032230000b423000050150000dc16000076170000341800009e1e00003620000009220000
5f0d0000be0d00006c15000090150000dc16000076170000a7170000421800008f1d0000bd1d00009e1e0000591f0000
7e1f000054200000092200002f220000ec2200000b3d0000af3d0000443e0000500d0000f50d00002d100000d1100000
051100001b1100002d1100001012000045120000db120000a9130000181400003815000058170000251e0000931e0000
9b1e0000b51e000018200000e02100004a2400009e270000ae280000bb290000d82a0000e82a00005c2b00007d2d0000
ff2d0000e33000001331000026310000f73100000f320000a039000098400000e1400000574100008e27000007320000
c71d0000082700005f0d0000ae0d0000fc0d0000110e0000741d0000ca1d0000dc1d00007b1e0000181f00008a1f0000
9b1f0000ec22000010270000172700002e270000ac27000050280000532800003e2b0000612b0000d52e0000c8360000
4f3a0000cd3c00001205000084080000730900007f090000740a0000ca0b00004f0c00007d0c0000950c00002b0e0000
8e0e0000731200000e130000421300004d130000671300000e1400005a140000e31d00001f1e00002d1f0000611f0000
691f0000891f0000ae200000402200004c220000a7220000422300005b2300009b24000072260000a0260000c0260000
832a0000e22e00005a2f0000ea360000b0380000473900006f390000ba3900006b3a0000b93a0000393b0000d33f0000
0c400000790b0000d20b0000371f0000c92200003c260000583a0000833a0000f40100000b020000fb0500008f020000
ed020000f90200002d030000a004000044060000b9060000ce060000e0080000ce090000d2090000f10a00006c0b0000
db0c000096120000441d00004d1d0000dc1d0000ed1e0000181f00002a1f00009b1f0000172700002e27000050280000
3e2b00001b300000bb3800004f3a0000bb3b00002b0e00000e1300000e1400005a1400001f1e0000611f0000691f0000
891f0000ae200000402200004c220000422300005b23000072260000a0260000c0260000832a000047390000ba390000
6b3a0000b93a0000d33f00000c400000dc1d0000181f00009b1f0000172700002e270000502800003e2b00004f3a0000
f10400005a050000e40500003f0c0000b1100000de170000eb1d0000112500005c250000922c0000042d00003f310000
173200002c32000089320000da320000703c0000f43e0000703f0000a20b0000ec0c00007a130000a7170000331f0000
7e1f0000bd220000b4230000660100002b02000085080000e7080000750a0000030b000050150000dc16000076170000
d8000000060100009e0200006703000085080000e7080000750a0000030b0000a20b0000a30c00007a1300006c150000
90150000dc16000076170000a7170000501d0000bd1d0000331f00007e1f00003a3b0000cd3b0000af3d00007f0d0000
cd120000de130000401400006e140000e4140000491e0000521f00006c1f0000971f00001b23000061230000b0240000
59260000d6260000d9260000da2700006f2f0000623a0000a03a0000663f0000dc3f000036400000500d00002d100000
051100002d11000010120000a91300003815000058170000251e00009b1e0000b51e00004a2400009e270000ae280000
bb290000d82a00005c2b00007d2d0000ff2d0000263100000f320000e1400000574100007301000021030000fa030000
19040000a7040000ba040000eb050000e40600009108000013090000db090000a30a0000500b0000a6100000b5100000
0011000005110000381500005817000028190000151e0000881e0000a41e0000b21e00002a200000c120000011210000
40210000fd2100008f270000a828000085290000552b0000992c0000162d00003b2e00005e2e00001a2f0000432f0000
333000008b300000f03100000c320000183900004e410000d50100000a060000c9080000d30a00008f1e0000ac2c0000
212d00009e010000fb050000631d0000d800000006010000b9010000e10100008f0200002d030000a0040000b4050000
cb050000050600000f060000e0080000af090000f10a00006c0b0000fa0c0000f41100004d1d0000661d0000891d0000
a91d00005b1e00006b1e00002a1f0000c71f0000362200002f230000ce240000792c0000b12c00008d2f0000bb3b0000
891d0000a91d00006b1e0000c71f0000362200002f230000ce2400008d2f000000110000051100003815000058170000
28190000151e0000a41e0000b21e00002a200000c12000001121000040210000fd2100008f270000a828000085290000
552b00003b2e00005e2e00001a2f0000432f00000c3200004e410000490f00006e0f00008c0f0000ac0f000016100000
cb1000000b1100001f110000cf140000e015000011170000d2180000021e0000191e0000e1200000742200002b250000
3b250000d72a00006f2d0000e82d000000310000183100004e3100006a310000793100002032000025320000a7320000
b7320000d7390000713d0000a53d0000583e0000403f0000ed3f0000a9400000de1700005c2500002c320000da320000
703f0000a71700007e1f0000b4230000e60d0000051100001f1400002d140000401400006e1400002216000058170000
c2170000ea170000371e0000521f0000691f0000811f0000891f00001b2300005b230000b7230000f624000059260000
a0260000c0260000fc2e0000b52f00002e370000623a0000a03a0000303d0000d33f00000c40000050150000dc160000
761700006c15000090150000dc16000076170000a7170000bd1d00007e1f0000af3d0000500d00002d10000013110000
10120000a91300008c150000f1150000f91500005d160000761600001a1700009b1700009b1e0000aa1e0000b21e0000
8f270000a828000085290000552b00007d2d0000ff2d000008310000a0310000033200000c320000e23900004e410000
66000000bd01000008030000d00300008d060000fb06000044070000c908000012090000570a0000590a00005a0a0000
d30a0000d50a0000d60a00004f0b0000570b0000620b0000fa140000391700003b1700003c170000e01f0000c2210000
ca210000d5210000502700005d3600007a3600009036000046370000ec3700002c3b00009c3b00009e3b00001b3c0000
233c0000733e0000c908000012090000d30a00004f0b0000fa1400003b1700003c170000e01f0000ca210000d5210000
5027000046370000ec3700009c3b00001b3c0000733e00002900000065000000a5010000bc010000f102000005030000
8c060000fa06000041070000c808000011090000f9140000dd1f00001b2700004d2700000e00000052000000a5010000
bc010000f102000005030000fa060000410700001b2700004d270000d80000000101000006010000810100009e020000
67030000a0040000b4050000cb050000770900008b090000a20b0000a90b0000020c0000710c0000fa0c00005f0d0000
110e0000d1110000f41100006c15000090150000a7170000ae170000c517000042180000542000002f22000044220000
58220000c1220000ec22000036230000c2230000dc2500000226000027260000792c000097360000c83600001e380000
483800006f3800008e0200002c030000922200000b380000060000000b0000003400000037000000b3000000c6000000
f00100008e0200002c0300003f03000073050000750500007605000090050000650800007b0800004b0900007f220000
922200005e2c0000fb350000373600000b380000420d0000e60d0000d1100000051100001012000045120000a9130000
ac130000b0130000181400001f1400002d1400002a150000581700005b1700005f17000009200000e0210000e7210000
f5210000602700002d280000ae280000bb290000be290000c22900000b3700002e3700004e370000f63700009e380000
ae3c0000b13c0000293d0000303d00009e3e000050270000733e00001b2700004d2700005f0d0000ae0d0000fc0d0000
110e0000ec2200000123000010270000172700002e27000035270000ac270000c1270000502800005328000057280000
6e280000252900004a29000060290000bd2f0000c83600002d38000078380000bd01000008030000fb06000044070000
d50a0000d60a0000570b0000620b000039170000c2210000502700007a360000903600009e3b0000233c0000733e0000
a5010000f1020000c808000011090000f9140000dd1f00001b2700004d2700005f0d0000110e00006c15000090150000
a7170000ae170000c517000042180000542000002f2200004422000058220000ec22000036230000c223000002260000
27260000c8360000483800006f380000d1000000f20000000d01000096010000000200006e030000f0040000b0050000
b40500009c080000bf080000380900006909000077090000a50b0000a90b00006a0c0000e50c0000ae0d0000fc0d0000
cf0f00007c1200004615000097150000f0160000aa170000ae170000891d000069200000b52100003622000044220000
ba220000012300002f230000ad2300001b2a00000e2b0000d52b00003e2d0000083600004a3600003b370000e3370000
2d380000f00100003f0300007f22000037360000ae0d0000fc0d00004615000097150000f0160000aa170000ae170000
891d000069200000b52100003622000044220000012300002f230000ad2300000e2b0000d52b00003b370000e3370000
2d3800009108000013090000a30a0000500b00009b0c0000e60d0000760e000005110000571300005b1300001f140000
2d140000fe140000ba15000043170000471700005817000022200000bd20000040210000fd2100000022000004220000
5a270000a828000085290000a5290000b3290000f13600002e37000048370000ff370000953800006c3b00001c3c0000
303d0000633e0000743e0000c9080000d30a0000e01f0000ca210000d5210000ec3700009c3b0000a5010000bc010000
fa060000d800000006010000b9010000e10100008f0200002d03000073040000b4050000cb050000af090000b6090000
ba0900006c0b00007c0b0000f00b0000fa0c0000f4110000891d0000d81f0000692000008e210000b521000036220000
44220000b22200002f230000d32500000e2b0000792c0000d2370000e337000015380000e60d0000051100001f140000
2d1400005817000022200000bd20000040210000fd21000000220000042200005a270000a828000085290000a5290000
b32900002e370000ff37000095380000303d0000633e0000743e0000891d000069200000b52100003622000044220000
2f2300000e2b0000e33700006600000008030000d00300008d06000044070000c9080000570a0000590a00005a0a0000
d30a0000570b0000620b000039170000e01f0000ca210000d52100005d36000090360000ec3700002c3b00009c3b0000
233c00002900000065000000a5010000bc010000f10200008c060000fa06000011090000f9140000d800000006010000
9e02000067030000a0040000b4050000cb050000a20b0000a90b0000020c0000fa0c0000f41100006c15000090150000
a7170000ae170000c5170000c1220000c2230000dc25000027260000792c00001e3800006f380000e60d000005110000
10120000a91300001f1400002d1400005817000009200000e7210000f5210000602700002d280000ae280000bb290000
be290000c22900002e370000f63700009e380000ae3c0000303d00009e3e0000f200000096010000000200006e030000
f0040000bf080000380900006909000077090000a50b0000a90b00006a0c0000cf0f0000891d000069200000b5210000
3622000044220000ba2200002f2300001b2a00000e2b00003e2d00004a360000e33700001700000042000000b4000000
b1010000e8010000fa0100008f020000ed020000f90200002d0300005f0300009e0300007b040000130500007d050000
81050000440600004b0600004f06000067080000dc0800002f0900004c090000b2090000b60900006c0b00007c0b0000
8c0b00009a0b0000f00b000025150000cc160000d11f0000f720000080220000b2220000d3250000172700002e270000
c127000050280000572800006e2800004a290000092a0000cd2c0000002f0000bd2f0000fd3500004136000015380000
0b00000034000000c60000007305000076050000900500007b0800005e2c00008f020000ed020000f90200002d030000
13050000440600004b0600004f0600006c0b00007c0b0000f00b000025150000cc160000b2220000d325000017270000
2e270000c127000050280000572800006e2800004a290000cd2c0000bd2f000015380000172700002e270000c1270000
50280000572800006e2800004a290000bd2f0000b1010000e8010000fa0100005f0300007b040000dc0800002f090000
b2090000b60900008c0b00009a0b0000d11f0000f720000080220000172700002e270000c12700005028000057280000
6e2800004a290000092a0000002f0000bd2f00004136000037010000c1010000450400008b040000c3060000ff060000
a60a0000aa0a0000dd0a0000e10a00001012000054130000a91300008415000031160000761600009b1700009e170000
a217000009200000c3210000e7210000f52100005a270000a828000085290000a5290000b32900006f3600007c360000
62370000f6370000953800006f3b0000a63b0000ae3c0000d43d0000743e00000803000044070000570b0000620b0000
3917000090360000233c000010120000a91300008415000031160000761600009b1700009e170000a217000009200000
e7210000f52100005a270000a828000085290000a5290000b329000062370000f637000095380000ae3c0000d43d0000
743e0000f102000011090000f91400006c15000090150000a7170000ae170000c5170000c2230000272600006f380000
f200000096010000fa010000e6020000000300005f0300001e050000470600004b060000bf0800001a0900002f090000
69090000770900008c0b00009a0b00006a0c0000cf0f00001e1500006c15000090150000fc160000a7170000ae170000
c517000080220000c223000027260000092a00003e2d00002f360000413600006f38000036000000bb00000034030000
7305000075050000330a00006b0a0000872200002c0600005c060000fa090000120a00008c0c0000f61700001d180000
88180000f41900000b1a0000ed2900006f2a0000da2c0000cb380000383b000047400000754000008641000093000000
a7000000230200007d060000940600002f0a00005d0a00000d180000010000000a000000ed0100008d020000dc000000
2501000090020000a20200002e030000730300006d0b0000ae0b00006818000085180000d501000020030000c9080000
12090000d30a00004f0b00002e0c0000420c000001250000182500008e270000323000007932000090320000ca320000
cc3e0000fa3e00009e010000dc0200006d0b0000ae0b0000c70c00008e220000e02200008e2300000827000006000000
0b00000034000000560000006d000000b3000000f00100008e020000b50200002c03000073050000750500007d060000
940600002f0a0000330a00005d0a00006b0a0000481d00007f2200000f3b0000133b0000ba3b0000f83b000087280000
ba280000df2800007b290000d62f0000ea2f00000f31000098320000e3320000053300001c330000f13a0000030e0000
f322000031270000b3270000502800005328000091290000e1290000770d00003418000090270000a2270000a3280000
b628000086290000c72900005f0d0000ae0d0000be0d0000fc0d0000741d0000ec22000010270000172700002e270000
5427000068270000ac2700005028000053280000a3280000b62800008629000091290000c7290000e1290000cd3c0000
0b3d0000753e0000813e0000280100000c02000033020000fc050000ca090000f40a00000b0b0000d40b0000560c0000
512300009124000034260000502f00007b3a0000403b0000d03e0000083f00000b400000dc000000f401000008020000
780b0000c80b0000890c00009c1d000081220000c62200004e230000770d0000ae0d0000fc0d000046150000aa170000
891d00008a1f00009b1f000036220000012300002f2300005523000069230000ad230000a1260000ac260000e2260000
fc260000953200002d3800000d40000019400000fb060000440700005b070000720700001215000039170000f81f0000
c22100008e270000472a00005b2a000032300000653000007c300000073200004b4000008340000063010000a1010000
e30200003b0300008d030000780b0000c80b0000c71d0000082700005f0d0000110e00006c15000090150000a7170000
34180000421800008c180000a01800005c1a00006f1a0000542000002f220000ec220000fb2b0000062c00003c2c0000
562c00000c310000c836000088410000944100007c04000092040000e4050000c30900002d0c0000b11000007a200000
282100005321000008250000272b0000922c0000042d00003f31000014320000313200004e3200005a32000071320000
8032000011390000673c0000cb3e00006f410000af0900006c0b0000ec0c00007a1300002a1f0000d41f00005b200000
d12100002322000036220000a422000066010000dc0100002402000085080000d0080000e0080000750a0000e50a0000
f10a00004c1800009b190000291a0000d800000006010000b9010000e10100008f0200002d03000085080000d0080000
e0080000af090000750a0000e50a0000f10a00006c0b0000a30c00007a1300009b190000291a00004d1d0000891d0000
2a1f0000e41f00004a200000d121000023220000362200002f2300003a3b0000ae3b0000bb3b0000f23d00007f0d0000
10120000cd120000a9130000de130000e4140000061f0000691f0000891f0000092000002e200000ae200000ed200000
e7210000f5210000102200004f2200005b230000b02400006f260000a0260000c02600006f2f0000f6370000b63a0000
ae3c0000663f0000d33f0000fb3f00000c400000db100000051100002d1100003815000058170000151e0000b21e0000
2a2000003c2100004021000057210000fd210000362400008f270000a828000085290000d82a00002e2b0000552b0000
eb30000026310000513100000c32000052320000e14000004e41000076410000470000005d00000076030000a7030000
da030000860500008406000045090000470900001a0a00002e0a0000430a00004e0a0000610a0000430b0000790b0000
b10b0000d20b0000371f0000c92200003c260000eb29000057360000ab380000d3380000ed38000025390000583a0000
833a00000e3b00000f0000002d0000004600000053000000f40100000b020000a202000085050000fb0500007a060000
f9090000f51700008f020000ed020000f90200002d0300007304000044060000b9060000ce0600006c0b00007c0b0000
b50b0000e40b0000f00b0000db0c0000961200005c1a0000721a0000b2220000cd220000a3230000d325000043260000
95260000172700002e270000502800001b300000153800008a3a0000dc3a00002b0e00000e1300000e14000040140000
5a1400006e140000521f00001b23000059260000412700005a270000da2700004528000063280000a828000054290000
5729000085290000a5290000b3290000ce290000832a00009538000047390000ba390000623a0000a03a0000e63a0000
003b0000743e000077010000b1010000fa0100005f0300007a0300001e050000950800002f090000a5090000b2090000
210a00008c0b00009a0b0000b50b00008d100000dc1d0000181f00009b1f0000d11f000080220000172700002e270000
50280000fd290000092a00003e2b0000c130000041360000da3800004f3a0000a4000000d5010000ab030000b5030000
a30500000a0600008d060000a5060000a7060000b10600003c07000044070000c9080000570a0000d30a000012150000
391700001b1900008f1e0000712c0000ac2c0000ff2c0000212d0000322e0000562e0000153000007f30000024000000
9a000000c20000009e010000d0020000e302000085050000fb0500007a060000f9090000631d0000d800000006010000
9e0200006703000073040000b4050000cb050000330600006e0600002907000058070000a20b0000fa0c0000f4110000
6c15000090150000a717000012180000211800007518000038190000441900004e2a0000762a0000bf2b0000792c0000
ec2c00004b2e000062300000500d00002d100000001100000511000010120000a9130000381500005817000028190000
9b1e00009e270000e3270000f52700008e280000ae280000d0280000d4280000e3280000bb2900007d2d0000ff2d0000
3b2e00005e2e0000dd2f0000fc2f0000fb32000002330000f2000000960100000002000028020000370200001e050000
bf080000e40800006909000077090000ce090000a50b0000350c00005d0c00006a0c0000cf0f0000891d0000a91d0000
6b1e0000c71f000036220000ba2200002f230000a3240000ce240000fe2400003e2d0000622f00008d2f000076320000
1a05000032050000f20600004d07000062070000e80f0000c115000005170000de1700005c250000462a0000572d0000
c92d0000563000006c300000a1300000b4300000be3000002c320000da320000d03900008c3c0000703f00005b400000
88010000fc020000510300004706000069090000c90a0000360b00005e0b00008c0b0000a71700007e1f0000b4230000
e60d0000491000006f100000051100001f1400002d14000022160000251700002d170000581700003c18000079180000
92180000261a0000441a0000531a0000611a000086240000f92a0000cc2b0000fa2b00001a2c0000aa2d00002e370000
c4390000303d00008d400000fd4000000941000087410000cb0600002d07000048070000ca0c00002613000019150000
50150000dc1600004b170000761700000e180000f1190000500d00001311000010120000a9130000c31400008c150000
13160000411600005d160000761600009b170000e5170000891a00003325000051250000602500008f270000a8280000
8529000008310000a0310000af320000cf320000de320000123f0000823f00008e3f0000f20000003f010000fa010000
ba020000e60200000c03000047060000cb0600002d0700004807000069090000c90a0000360b00005e0b00008c0b0000
6a0c0000261300001e1500006c15000090150000dc1600004b17000076170000a7170000f1190000bd1d00007e1f0000
80220000923b0000023c00002a3c0000af3d0000a9030000be030000aa0600000907000054070000501600002f210000
19300000403000005d30000087300000a4300000ba3000009831000056320000fa320000a3000000d40100001f030000
8c060000fa06000041070000c80800001109000011150000f71f00008d270000a0040000b9060000cb060000ce060000
ef060000300700006a070000ca0c0000db0c0000770d0000e70f0000961200006d1600007d160000151800004c180000
811800009b19000050210000572a0000262b0000ef2b0000562d00001b300000743000008d3100004b32000095320000
900000000d180000613000000907000054070000501600002f210000403000005d300000a4300000ba300000fa320000
fa0600004107000011150000f71f00008d27000093000000a7000000230200009e0500007d0600009406000097060000
ad060000590900000d1800006c2c0000073000006130000075320000db100000131100005d1600003c210000df270000
09280000d7280000eb300000083100005131000072310000a03100005e3200000033000014330000fa3200008d270000
770d00003418000090270000a227000086280000a3280000b6280000b9280000dc2800007a290000d52f00000c310000
95320000e232000066010000770100002b020000f0040000e30500008508000095080000e7080000a50900003e0c0000
8d100000ae10000050150000dc160000dd170000341800009e1e00003620000072220000102500003625000059250000
912c0000c13000000c31000088320000b2320000d7320000230200007532000050150000dc160000dd17000034180000
9e1e0000362000007222000036250000592500000c310000b2320000d73200000907000054070000501600002f210000
403000005d3000009831000056320000fa320000d40100001f030000c8080000110900008d270000770d00006d160000
7d1600004c180000811800009b19000050210000262b0000ef2b00008d3100004b32000095320000f103000029040000
220500002f050000ea06000055070000a910000013110000521600005d160000b3200000b520000045210000d0280000
d4280000393000005e30000099300000bb30000008310000a03100004232000069320000fb3200000233000009070000
2f21000040300000a4300000fa060000f71f000073040000b9060000ce060000040700000e0700002907000058070000
db0c000096120000121800009e1e0000fa1f000036200000ff20000072220000362500004e2a0000082f00001b300000
62300000b23200009e1e0000362000007222000036250000b2320000131100005d160000b3200000b520000045210000
d0280000d428000008310000a03100004232000069320000fb320000023300009d000000dc010000280200009e030000
7b04000013050000a005000095060000ae06000029070000480700004c07000058070000d0080000e4080000c2090000
350c000019150000041700001218000027210000fe240000a2270000a3280000b92800007a2900004e2a00006e2c0000
55300000623000003032000076320000e2320000a70000007d0600009706000059090000073000001305000029070000
480700004c07000058070000191500000417000012180000a2270000a3280000b92800007a2900004e2a000055300000
62300000e2320000a2270000a3280000b92800007a290000e2320000dc010000280200007b040000d0080000e4080000
c2090000350c000027210000fe240000a2270000a3280000b92800007a2900003032000076320000e2320000a9030000
be030000aa0600000907000054070000501600002f21000019300000403000005d30000087300000a430000098310000
a30000001f0300008c060000fa06000011090000f71f0000a0040000b9060000ce060000300700006a070000db0c0000
961200006d1600007d1600001518000081180000572a0000ef2b00001b300000743000008d310000db10000013110000
5d1600003c210000df27000009280000d7280000eb3000000831000051310000a0310000003300001433000077010000
2b020000f004000095080000e7080000a50900003e0c00008d1000009e1e000036200000722200001025000036250000
c130000088320000b2320000f10300006f040000ea0600000b0700005a0e0000a9100000db1000002716000029160000
7b16000077200000302100003c210000d0280000d42800003930000042300000eb30000037310000513100008b310000
b431000057320000fb3200000233000054070000501600005d300000983100001f030000110900006d1600007d160000
81180000ef2b00008d310000db10000027160000291600007b1600003c210000d0280000d4280000eb30000051310000
8b310000b4310000fb320000023300007701000028020000220300001e0500005706000095080000e408000014090000
a5090000350c00008d100000551600006d1600007d16000081180000fe240000ef2b0000d52c0000c13000008d310000
76320000a104000002050000cf060000f20600006b070000e80f0000971200007e16000053210000e2230000582a0000
272b0000f02b0000572d0000c92d00001c300000753000008e300000a1300000b73000008e310000af3100004e320000
713200009832000060390000823c000071400000ed4000006f41000009010000880100006a030000b005000069090000
800a0000c90a00003f0b0000a50b0000931500008e170000aa1700005b2000002322000036220000f3220000120d0000
060e00002b0e0000491000006f10000072100000f4120000071300000e130000fe1300000e1400003a1400005a140000
261800003c18000098180000141a0000261a0000471a0000671a00006e240000da270000832a0000862a0000f22a0000
f92a0000302c0000332c0000aa2d0000ad2d0000172e00004039000047390000ba390000923c00008d400000c7400000
1b410000b14100003403000088180000864100007e16000053210000272b0000f02b00008e310000af3100004e320000
7132000098320000ed4000006f410000931500008e170000aa1700005b2000002322000036220000f322000028010000
37030000760300005e0600001a0a00002f0b0000430b0000740b0000b10b000088180000eb290000672a0000dc2c0000
2f2d0000d338000025390000403b000086410000b9060000cb06000030070000ca0c0000db0c0000770d000026130000
601300006d160000151800004c180000811800009b190000031a0000291a00004c1a00000d1800008d02000068180000
85180000770d00006d1600004c180000811800009b190000291a00004c1a0000dc00000090020000a20200002b060000
f9090000890c0000f51700001a1800006818000085180000500d0000f50d0000d1100000f81000000011000005110000
1012000045120000a913000018140000c3140000d31400003815000058170000f21800000e19000028190000ce190000
901a000018200000e02100002125000033250000542500009e270000ae280000bb2900003b2e00005e2e0000e3300000
f73000009c320000af320000d2320000063a0000123f00004c3f0000a03f00008e270000ca3200008e23000008270000
5f0d0000ae0d0000be0d0000fc0d00005c1a00006f1a0000721a0000951a0000ec2200000123000091230000a3230000
e62400009526000010270000172700002e270000ac2700005028000053280000a52f00002d380000dc3a00000b3d0000
d1000000f20000002c0100003f01000000020000bd020000b0050000b9060000cb0600003007000069090000800a0000
c90a00003f0b0000a50b00006a0c0000e50c0000ae0d0000fc0d0000261300006013000046150000721500006d160000
8e170000aa1700009b190000031a0000291a00004c1a0000741d0000891d00004a2000002322000036220000ba220000
2f230000ad230000473b0000923b00000b3c0000cd3c0000c73d0000f23d0000f0010000b50200007f220000f83b0000
ae0d0000fc0d000046150000721500006d1600008e170000aa1700009b190000291a00004c1a0000741d0000891d0000
4a20000023220000362200002f230000ad230000cd3c0000c73d0000f23d0000fb060000330700003c07000044070000
12150000391700001b190000c1190000f81f0000c22100008e270000322e0000562e0000323000004c300000ca320000
fe39000063010000a1010000a9020000d0020000e30200002b060000f90900008e230000082700005f0d0000be0d0000
6c15000090150000a717000034180000421800006c180000751800003819000044190000e6190000542000002f220000
ec2200009a2b0000bf2b00004b2e00000c310000f33900000b3d0000db0e0000f70e0000050f0000590f000016100000
cb10000025110000c8120000c2140000ec15000017160000821600009a20000034210000072400007a24000025250000
e42a0000f12b00006f2d0000e82d00001e3100004e3100006d31000092310000b13100001d3200003932000065320000
a132000094390000613d00008d3d0000e73d0000113f0000be400000f540000053210000272b00004e32000071320000
6f4100005b20000023220000362200002b0e0000101200000e130000a91300000e1400005a14000092180000441a0000
611a0000092000005e200000ae200000d52000001f210000e7210000f52100002622000039220000832a0000332b0000
fa2b00001a2c0000282f00004b2f0000f637000047390000ba390000ae3c000009410000874100004c1800009b190000
291a00009b190000291a0000891d00004a20000023220000362200002f230000f23d0000db1000000011000005110000
3815000058170000d7180000df18000028190000d7190000891a00002a2000003c210000402100004b210000fd210000
512500008f270000a8280000852900003b2e00005e2e0000eb3000005131000046320000cf320000113a00008e3f0000
190100003101000054030000ed0300005d0400006b040000fa040000c005000066060000bd06000082090000910a0000
9c0a0000b60a0000390b00008f0b00007012000025130000401400006e140000a31500001d1600002216000030170000
96170000ba17000092180000441a0000611a0000521f00001b23000059260000682a0000c92b0000fa2b00001a2c0000
e42c0000312d000068360000b338000004390000c7390000ea390000623a0000a03a00005a3b00000941000087410000
760300001a0a0000430b0000b10b0000eb290000d338000025390000401400006e140000a31500001d16000022160000
3017000096170000ba17000092180000441a0000611a0000521f00001b23000059260000c92b0000fa2b00001a2c0000
c7390000ea390000623a0000a03a00000941000087410000a2020000f9090000f51700005c1a0000721a0000a3230000
95260000172700002e27000050280000dc3a000077010000b1010000fa010000b1020000ba020000f004000033060000
2d07000095080000a5090000b2090000020a0000360b00008c0b00008d100000b9190000f11900005c1a0000721a0000
d11f000080220000a323000095260000172700002e27000050280000c1300000c3380000dc3a0000023c0000a1040000
02050000f20600006b070000e80f000053210000e2230000582a0000272b0000572d0000c92d000075300000a1300000
b73000004e32000071320000823c0000714000006f410000880100006a03000069090000c90a00003f0b0000a50b0000
5b20000023220000362200002b0e0000491000006f1000000e1300000e1400005a1400003c18000098180000261a0000
471a0000671a00006e240000da270000832a0000f92a0000302c0000332c0000aa2d000047390000ba3900008d400000
1b410000b1410000cb06000030070000ca0c000026130000151800004c1800009b190000031a0000291a0000500d0000
001100000511000010120000a9130000c31400003815000058170000f21800000e19000028190000901a000033250000
542500009e270000ae280000bb2900003b2e00005e2e0000af320000d2320000123f0000a03f0000f20000003f010000
00020000bd020000cb0600003007000069090000c90a00003f0b0000a50b00006a0c0000261300009b190000031a0000
291a0000891d00004a2000002322000036220000ba2200002f230000923b00000b3c0000f23d0000fa030000eb040000
c3060000e7060000f6060000ff06000035070000d70c0000500d00004a0e0000ef0f00002d100000a310000010120000
54130000a91300008c1500001316000073160000761600009b170000b3180000fc18000042190000c2190000891a0000
9b1e0000f91f0000c3210000512500008f270000a8280000852900005e2d00007d2d0000db2d0000ff2d0000492e0000
722e0000363000004e30000029310000cf320000ff3900008e3f00003c0700004407000012150000391700001b190000
322e0000562e0000d0020000e3020000f90900006c15000090150000a7170000751800003819000044190000bf2b0000
4b2e0000500d00002d10000010120000a91300008c1500001316000073160000761600009b170000fc18000042190000
891a00009b1e0000512500008f270000a8280000852900007d2d0000ff2d0000492e0000722e0000cf3200008e3f0000
f200000096010000fa010000ba020000d3020000e6020000f00400003f060000470600002d070000bf08000069090000
77090000fc090000360b00008c0b00006a0c0000cf0f00001e1500006c15000090150000a71700007518000020190000
3819000044190000f119000080220000bf2b0000c92c00003e2d00004b2e0000023c00009a030000bc030000d5030000
74040000830400001f05000029050000580600009a0600000f070000620700005b0900002d0c0000b215000056160000
71200000002100000825000087280000df280000462a0000d62c0000382d0000092f0000312f0000d62f0000ea2f0000
0a3000006c30000085300000aa300000b43000009e31000014320000803200001c330000e8380000383c0000693c0000
883c0000cb3e00005b4000003e000000e4010000510300007d05000044060000b20900004a0a0000ed0a0000360b0000
6c0b00008c0b000021150000531700002a1f0000a4220000b327000050280000e129000012050000c8050000f0050000
84080000fb090000130a0000740a0000950c0000ef0c00007f0d0000520e0000f70f0000cd120000421300004d130000
7d130000de130000e4140000fa1700005118000092180000d2190000ff190000331a0000441a0000611a0000ae200000
1c210000d72300003e240000b0240000f5290000362b0000fa2b00001a2c00009e2c0000e32d0000252f00006f2f0000
ea360000cc380000393b0000663f000076400000094100006941000087410000bb000000730500006b0a00002c060000
5c0600001d1800000b1a00006f2a0000da2c0000474000001f05000029050000580600002d0c0000b215000056160000
0825000087280000df280000d62c0000382d0000d62f0000ea2f00009e31000014320000803200001c330000883c0000
cb3e0000440600006c0b000021150000531700002a1f0000a4220000b327000050280000e12900005d000000be000000
33020000a7030000b70300008e050000a7050000a90500002c0600005c06000084060000ca0900002e0a0000430a0000
4e0a00006e0a00000b0b0000560c00001d1800000b1a0000912400006f2a0000752c0000da2c0000012d0000502f0000
573600000e3b0000083f000047400000a8000000240200002203000088060000040700002d070000e008000014090000
5e0a0000f10a0000510b00000e180000f1190000fa1f0000c421000090270000b6280000862900009300000094060000
2f0a000001000000900200002e0300006d0b00002402000022030000e008000014090000f10a0000510b000090270000
b6280000862900000f0000003100000053000000b500000008020000900200002e0300008d0500007a0600006d0b0000
c80b00008122000073010000210300000804000052040000f404000060050000e40600009108000013090000a8090000
a30a0000500b0000430c000097100000a6100000051100002d1100003815000058170000d7180000891a00002a200000
e220000040210000fd210000752200000c25000040250000512500008f270000a828000085290000d82a000033300000
8b300000cb3000002631000084320000bc320000cf320000f7380000fb3e00008e3f0000ee3f0000e1400000d5010000
c9080000d30a00002e0c00001825000090320000cc3e00009e0100006d0b0000e0220000d800000006010000b9010000
e10100008f0200002d0300001305000085080000af090000750a00006c0b00007c0b0000cb0b0000f00b0000500c0000
a30c00007a130000891d00008a1f000036220000b2220000e32200002f23000069230000ab240000d3250000a1260000
fc2600006a2f0000153800003a3b00000d4000001700000061000000b4000000b1010000c6010000fa0100008f020000
ba020000ed020000f90200002d0300007d0500004406000088060000040700002d070000e008000014090000b2090000
4a0a00005e0a0000ed0a0000f10a0000360b0000510b00006c0b00008c0b00000315000053170000f11900004d1d0000
2a1f0000d11f0000c421000080220000172700002e2700006827000050280000b628000086290000e1290000233b0000
b63b0000bb3b0000023c00001d3c0000753e00000b000000340000006d00000073050000940600002f0a00006b0a0000
0f3b00008f020000ed020000f90200002d03000044060000e008000014090000f10a0000510b00006c0b000003150000
531700004d1d00002a1f0000172700002e2700006827000050280000b628000086290000e1290000bb3b00001d3c0000
753e0000a4000000d5010000ad030000d60300008d0600009d060000a5060000a70600004407000072070000c9080000
5c090000570a0000d30a00002e0c0000121500003917000018250000472a00000d300000153000007c3000007f300000
90320000e9380000cc3e000083400000240000004e0000009a0000009e010000e30200008d0300008d0500007a060000
6d0b0000c80b0000e0220000d8000000060100009e0200006703000013050000290700005807000085080000fc090000
140a0000750a0000a20b0000a30c00007a1300006c15000090150000a7170000ff17000012180000a01800006f1a0000
052a00004e2a0000fb2b0000562c000062300000cd3800003a3b000088410000d30e0000e40e0000740f00007c0f0000
6b100000e01000001f110000c2140000cd150000621600008a2000000c21000025250000cd2700000628000039280000
be2800007c290000d72a0000a62d0000242e0000152f0000382f0000183100005b3100006a310000aa3100001d320000
a1320000e732000010330000f23a0000693d00009a3d0000b93e0000113f0000a940000087280000df280000d62f0000
ea2f00001c330000b327000050280000e12900007f0d0000491000006f100000cd120000de130000e41400003c180000
261a0000b02400005a270000b6270000da270000fd2700006b2800009328000096280000a828000085290000a5290000
b3290000e4290000f92a0000aa2d00006f2f0000e22f00000430000095380000743e0000663f00008d40000090270000
b628000086290000172700002e2700006827000050280000b628000086290000e1290000753e0000500d000005110000
2d11000010120000a9130000c31400003815000058170000332500009e270000e72700003a280000ae280000c3280000
d0280000d42800007d290000bb290000d82a000026310000af320000ec320000fb32000002330000f33a0000123f0000
e1400000310100008b01000010020000ed030000210400006b0400004f050000f305000000060000bd0600006c090000
910a00009c0a0000cc0a0000ff0a0000dc0b0000f40f0000491000006f10000025130000551500002216000049160000
1517000080170000ed1700003c180000261a0000691f0000891f00005b230000f324000035260000a0260000c0260000
f92a0000a12c00001e2d0000aa2d0000b22f0000683600007c3a00005a3b0000e73e00008a3f0000d33f00000c400000
8d40000033020000ca0900000b0b0000560c000091240000502f0000083f0000491000006f1000005515000022160000
491600001517000080170000ed1700003c180000261a0000691f0000891f00005b230000f3240000a0260000c0260000
f92a0000aa2d0000b22f00008a3f0000d33f00000c4000008d40000008020000c80b000081220000891d00008a1f0000
362200002f23000069230000a1260000fc2600000d400000f20000003f0100000002000015020000280200007b040000
05060000cb060000e408000069090000c90a0000a50b0000ec0b0000350c00006a0c000026130000891d00008a1f0000
36220000ba2200002f23000069230000fe24000036260000a1260000fc260000763200007d3a0000923b00000d400000
74040000830400000f07000062070000712000000021000087280000df280000462a0000092f0000312f0000d62f0000
ea2f00006c300000aa300000b43000001c330000693c00005b400000e401000051030000b2090000ed0a0000360b0000
8c0b0000b327000050280000e12900007f0d0000cd120000de130000e41400005118000092180000d2190000331a0000
441a0000611a0000ae2000001c2100003e240000b0240000362b0000fa2b00001a2c0000252f00006f2f0000663f0000
094100006941000087410000040700002d0700000e180000f1190000fa1f0000c421000090270000b628000086290000
051100002d1100003815000058170000d7180000891a00002a200000e220000040210000fd2100007522000040250000
512500008f270000a828000085290000d82a000026310000bc320000cf3200008e3f0000ee3f0000e1400000b1010000
c6010000fa010000ba020000040700002d070000b2090000ed0a0000360b00008c0b0000f1190000d11f0000c4210000
80220000172700002e2700006827000050280000b628000086290000e1290000b63b0000023c0000753e000008040000
9d040000c3060000d8060000e7060000ff06000066070000d70c0000500d0000830e0000a31000001012000099120000
54130000a9130000c31400008c150000f115000076160000871600009b170000b21e0000f91f0000c3210000e8230000
7b240000332500008f270000a8280000852900005c2a0000552b0000f22b000025300000363000007030000029310000
973100000c320000af32000062390000123f000062400000054100004e41000044070000720700001215000039170000
472a00007c30000083400000e30200008d030000c80b00006c15000090150000a7170000a01800006f1a0000fb2b0000
562c000088410000500d000010120000a9130000c31400008c150000f115000076160000871600009b170000b21e0000
7b240000332500008f270000a828000085290000552b0000f22b0000973100000c320000af320000123f000005410000
4e410000f20000003f010000fa010000e60200005f030000900300007b0400004706000076060000cb0600002f090000
69090000c90a00008c0b00009a0b0000cb0b00006a0c0000261300001e1500006c15000090150000a7170000a0180000
6f1a000080220000092a0000692a0000fb2b0000562c0000f42c000041360000923b000088410000db10000013110000
5d1600003c210000df27000009280000d7280000eb300000083100005131000072310000a03100005e32000000330000
14330000c13e0000fa3200008d270000770d00003418000090270000a227000086280000a3280000b6280000b9280000
dc2800007a29000086290000c7290000d52f0000e92f00000c31000095320000e2320000f03a00008d2700001b270000
4d270000723e0000770d00003418000090270000a227000086280000a3280000b6280000b9280000dc2800007a290000
86290000c7290000d52f0000e92f00000c31000095320000e2320000f03a0000ca040000da040000e5060000eb060000
23070000a4100000aa10000068160000511b0000f41b0000081c0000121c000048210000343000003a3000004b300000
8c3000009c300000b0300000f23000002a3100003a31000084310000ab310000bf310000d6310000e2310000ea310000
6c320000793c0000b4060000c506000018070000cb0c0000dd0c00009c0d0000271300006a13000064160000bf1a0000
f61a0000251b0000361c00009e1c0000c41c0000e61c0000b71a0000130700001a0700001c07000024070000cd0c0000
ba1a0000c11a0000091b0000bd1b00005c1c00008e1c0000a21c0000792e00009b2e00002630000044300000bd320000
2a3a00006701000079010000790200008608000097080000fd080000760a0000b90a0000200b000062150000e3160000
81170000dd1a0000041c00004020000013220000710200003a020000de00000041010000420200005502000059020000
7d02000012060000dd090000fe1a00006b230000dd000000fc0000002601000039010000500200006d020000b4060000
c5060000180700008608000097080000fd080000760a0000b90a0000200b00008a0c00009d0c0000890d0000950d0000
271300006a1300005a1500005e15000064160000e316000081170000b31a0000d61a0000ee1a0000f21a0000211b0000
041c0000361c00009e1c0000c41c0000e61c00003c200000132200003b3b0000823b0000eb3b0000e93c0000ba3d0000
203e00004402000065020000ab1a0000d83b000069010000740200007b02000022060000f8080000ff080000f1090000
100b0000240b00005e180000ed1b0000f51b0000b82c0000282d0000cc300000b7310000c53100001d390000cf000000
3d0200005102000012060000dd090000a50c0000531800009f1a0000c31a0000291b0000a0040000b9060000cb060000
ce060000ef060000300700006a070000ca0c0000db0c0000270d0000770d0000780d00007b0d0000e70f0000e3100000
e6100000e7100000ee1000002212000025120000961200002613000060130000c7130000d8130000c4140000d5140000
6d1600007d160000151800004c18000081180000e41800009b190000031a0000291a00004c1a0000e01a0000e31a0000
0c1b0000af1b0000c91b0000401c0000681c0000ab1c0000bc1c0000d71c00002b1d000050210000e12300001c250000
2d25000048250000572a0000262b0000ef2b0000562d0000c82d0000812e0000a22e00001b30000074300000dd300000
ee3000008d3100004b3200009532000096320000a9320000c53200005f390000313a0000133f0000563f0000bd3f0000
6e400000ea400000664100000d180000091b000061300000bd3200008d0200002b030000fe1a00006b230000dc000000
2501000090020000a20200002e030000730300002b0600005b060000f9090000110a00006d0b0000ae0b0000890c0000
620d00006e0d0000890d0000950d0000f51700001a1800006818000085180000d61a0000011b0000041b0000051b0000
0d1b0000d11b0000741c0000f71c0000091d00000d1d00002f1d0000ee2200006e23000082230000d924000085260000
ea290000662a0000d92c0000982f000077350000ca380000cc3a0000373b0000e93c0000854100000907000054070000
5016000068160000081c0000121c00002f21000048210000403000005d300000a4300000ba300000f230000084310000
98310000ab310000bf310000e2310000ea310000563200006c320000fa320000fa060000410700009c0d000011150000
6416000038170000f61a0000251b0000361c0000c41c0000e61c0000f71f0000c12100008d270000d40100001f030000
c808000011090000d20a00004e0b000062150000e316000081170000dd1a0000041c000040200000132200008d270000
a5010000bc010000f102000005030000fa06000041070000c808000011090000d20a00004e0b0000890d0000950d0000
f91400005a1500005e15000064160000e31600003817000081170000d61a0000ee1a0000f21a0000211b0000041c0000
361c0000c41c0000e61c0000dd1f00003c200000c1210000132200001b2700004d2700009b3b00001a3c0000e93c0000
ba3d0000203e0000723e000066010000770100002b020000f004000059050000e30500008508000095080000e7080000
a5090000750a0000af0a0000030b00003e0c0000270d00009f0d0000a20d00003f1000008d100000ae100000f3100000
f610000016110000271100003212000035120000ec120000e1130000f213000050150000dc16000076170000dd170000
34180000351800003818000061180000a41900000f1a0000201a00003b1a00008a1b0000f91b0000001c00001b1c0000
9e1e00003620000009220000722200005b240000102500003625000059250000d92a0000ea2a0000892b0000912c0000
032d0000882d00000a2e0000c1300000dd3000000c3100000d31000020310000bb310000cd31000088320000b2320000
d7320000f4380000aa390000f33e00006f3f0000eb3f00008e400000d140000038410000230200005e180000c5310000
75320000ed01000053180000291b00007e220000dc00000025010000f4010000080200000b02000030020000fb050000
c7090000780b0000c80b0000d10b00004d0c0000890c0000890d0000950d0000b00d0000fe0d00002b18000056180000
591800005a180000621800002f190000d8190000d61a00002c1b0000401b0000e11b0000801c0000f31c0000051d0000
9c1d000081220000c62200004e23000090240000332600006b2b00008d2b00008f2e00004f2f0000f63300001e3a0000
7a3a0000373b0000e93c00000a400000a2270000a3280000b92800007a290000c7290000e2320000f03a0000fd030000
cb040000ba060000c8060000d5060000d90600001b07000025070000d40c0000dc0c0000a20d0000840e000048110000
351200009a120000ec1200003f13000061130000f2130000be1a0000f91a00000b1b0000481b00007c1b0000841b0000
be1b0000f91b0000391c00003f1c0000721c0000951c0000cc1c0000d31c0000271d000046210000412500007a2e0000
9c2e00002230000027300000bb31000043320000be3200001a34000063390000aa3900003d3a0000b13f000013070000
1c070000c11a00005c1c0000a21c0000443000002a3a0000420200005902000012060000d90000000701000045020000
540200006102000066020000c7040000ae0500001a06000011070000a8070000bd070000f6080000e5090000e9090000
0e0b0000bb0c000086120000561800005a1800002f190000a71a0000af1a0000401b0000541c0000801c0000921c0000
051d00006b2b00002d330000be3800001e3a0000d93b00001305000029070000480700004c07000058070000a20d0000
35120000ec120000f213000019150000c0150000041700004b17000012180000f8190000f91a00000b1b00007c1b0000
841b0000f91b0000391c00003f1c0000721c0000cc1c0000d31c0000271d00004621000041250000a2270000a3280000
b92800007a290000c72900004e2a00005530000062300000bb31000043320000be320000e2320000aa390000cf390000
3d3a0000f03a0000b13f000045400000f40100000b020000fb050000780b0000d10b0000561800005a1800002f190000
401b0000801c0000051d0000c6220000332600006b2b00001e3a00007a3a0000db100000131100005d1600003c210000
df27000009280000d7280000eb300000083100005131000072310000a03100005e3200000033000014330000c13e0000
ca040000da040000e506000023070000aa10000068160000511b0000f41b0000121c0000343000004b3000008c300000
b03000003a31000084310000ab310000d6310000ea310000793c0000b406000018070000dd0c00006a13000064160000
bf1a0000251b00009e1c0000e61c0000670100007902000086080000fd080000760a0000200b000062150000e3160000
81170000dd00000026010000500200006d020000b40600001807000086080000fd080000760a0000200b00009d0c0000
6a1300005a1500005e15000064160000e316000081170000b31a0000211b00009e1c0000e61c00003b3b0000eb3b0000
ba3d0000a0040000b9060000ce060000300700006a070000db0c00007b0d0000e3100000e71000002512000096120000
60130000d8130000d51400006d1600007d1600001518000081180000e4180000031a00004c1a0000e31a00000c1b0000
af1b0000401c0000681c0000bc1c0000d71c00002b1d0000e12300001c25000048250000572a0000ef2b00001b300000
74300000ee3000008d31000096320000c53200005f390000313a0000563f0000bd3f00006e400000ea40000066010000
2b020000f004000059050000e305000085080000e7080000750a0000030b00003e0c00009f0d00003f100000ae100000
f61000002711000032120000e113000050150000dc16000076170000dd1700003518000061180000a41900000f1a0000
3b1a00008a1b0000001c00001b1c00005b2400001025000059250000d92a0000892b0000912c0000032d0000882d0000
0a2e000020310000cd31000088320000d7320000f33e00006f3f0000d1400000384100009027000086280000b6280000
dc28000086290000d52f0000e92f00006a0100007c0100007c020000010400001c040000ce040000e1040000ec050000
d3070000880800009a08000000090000f2090000780a0000bc0a0000250b00009b100000af100000e6100000ee100000
5f180000a2190000341a0000e01a00007a1b0000c91b0000ee1b0000071c00000a1c0000171c0000ab1c000043200000
ca2000001421000016220000822b00009a2c0000192d0000812e0000a22e00001d2f0000462f0000d0300000b8310000
c9310000863300001e3900002c4100007402000022060000f8080000100b0000f51b0000b82c0000282d00003d020000
12060000c31a0000e10000004401000045020000580200006602000080020000c7040000b5050000d60500001c060000
2606000011070000a4070000f6080000e00900000e0b0000e70c00004f110000af1a0000c61a0000041b00000d1b0000
c11b0000741c0000921c0000091d00002f1d00006e230000d9240000842c0000bc2c0000982f0000d93b000090020000
2e0300002b0600005b0600006d0b00001a180000041b00000d1b0000741c0000091d00002f1d00006e230000d9240000
662a0000d92c0000982f000024020000220300001e0500002805000057060000e008000014090000f10a0000510b0000
2c0c0000e6100000ee100000551600005f180000a2190000341a0000e01a00007a1b0000c91b0000071c00000a1c0000
171c0000ab1c000043200000ca2000001421000016220000052500009027000086280000b6280000dc28000086290000
822b0000d52c0000372d0000812e0000a22e00001d2f0000462f0000d52f0000e92f0000c93100007d320000ca3e0000
2c410000f103000029040000220500002f050000ea060000550700005a0e0000280f0000360f0000770f0000870f0000
a9100000c6100000c8100000ec100000ed1000001311000014110000ae150000ca150000521600005d1600005f160000
671b0000791b00007e1b0000fd1b0000ff1b0000091c0000b3200000b5200000ce2000004521000049210000d0280000
d4280000393000005e30000099300000bb300000e4300000f4300000f530000008310000093100003731000042310000
4a3100005f3100006231000072310000733100009a310000a0310000a7310000c0310000d8310000de310000e3310000
42320000693200006d320000fb3200000233000009330000483c0000863c00007e3d00009b3d0000383e00006a3e0000
0907000068160000121c00002f21000040300000a430000084310000ab310000ea31000056320000fa06000064160000
251b0000e61c0000f71f0000c121000073040000b9060000ce060000040700000e0700002907000058070000db0c0000
f70d0000e3100000e7100000b21100004712000096120000601300001a1400000016000058160000671600006a160000
12180000f8190000e31a00000b1b0000281b00009d1b0000df1b00003f1c0000681c0000bc1c0000d31c0000e91c0000
271d00009e1e0000fa1f00003620000070200000ff200000c4210000092200007222000036250000412500004e2a0000
8d2e0000b62e0000082f0000302f00001b30000062300000ee30000080310000b2320000be3200005c3400005f390000
313a0000b13f0000eb3f000045400000d4010000c8080000d20a000062150000e316000081170000a5010000bc010000
fa060000c8080000d20a00005a1500005e15000064160000e316000081170000211b0000e61c0000dd1f0000c1210000
9b3b0000ba3d000066010000dc010000240200007b04000091040000e305000085080000d0080000e0080000c2090000
750a0000e50a0000f10a00002c0c00009f0d00003f100000ae100000081100000d11000032120000e113000039150000
65150000021600000a16000098160000e61600002117000059170000891700004c1800005f1800009b190000a2190000
291a0000341a0000001c0000101c0000171c0000272100005021000005250000262b0000822b0000912c0000032d0000
882d00000a2e000002310000c3310000c9310000303200004b3200007d3200008734000010390000e5390000ca3e0000
2c410000664100000a2800005231000075310000a13100006132000015330000c23e0000ac1300001f1400005b170000
e7210000be2900008d290000ca290000ec2f0000f93a0000500d0000f50d0000d1100000051100001012000045120000
a913000018140000381500005817000018200000e02100009e270000ae280000bb2900008e270000082700005f0d0000
ae0d0000fc0d0000ec22000010270000172700002e270000ac2700005028000053280000420d0000e60d0000d1100000
051100001012000045120000a9130000ac130000181400001f1400002a150000581700005b17000009200000e0210000
e721000060270000ae280000bb290000be290000ae3c0000b13c0000293d0000303d00009e3e000050270000733e0000
87280000ba280000df2800007b290000d62f0000ea2f00000f31000098320000e3320000f13a0000030e0000f3220000
31270000b327000050280000532800002e1300006e130000a01c0000c61c0000ea1c0000680100007a0100007a020000
8708000098080000fe080000770a0000ba0a0000210b000063150000e416000082170000de1a0000051c000041200000
14220000ce000000f60000004d020000840d000057150000ec1a00003b020000df000000420100004302000056020000
5a0200007e02000013060000de090000ff1a00006c2300008708000098080000fe080000770a0000ba0a0000210b0000
8e0c00009e0c0000960d00002e1300006e130000e416000082170000b41a0000f31a0000221b0000051c0000a01c0000
c61c0000ea1c0000142200003c3b0000833b0000ec3b0000ed3c0000bb3d0000223e000013060000de090000a90c0000
a11a0000c71a00002d1b00002d13000063130000ca130000d9130000041a00002a1a00004f1a0000b11b0000ae1c0000
bd1c0000d81c0000e4230000cb2d0000a42e000068390000353a00001a3f00005a3f0000bf3f00006f400000eb400000
67410000d80000000101000006010000810100009e02000067030000a20b0000020d0000190d00005f0d0000600d0000
650d0000880d00008d0d00008e0d0000a30d000034100000dd1200003b1400005f1400006c15000090150000a7170000
42180000031b0000021d0000542000002f220000ec220000ed2200001f2300007e2300008e0200002c030000ff1a0000
6c2300002c0600005c060000fa090000120a00008c0c00006f0d0000f61700001d18000088180000d71a0000061b0000
0e1b0000d21b0000751c00000f1d0000331d0000da24000086260000ed2900006f2a0000da2c0000992f000078350000
cb380000cd3a0000383b0000ea3c0000864100003b170000c61c0000ea1c0000ca210000d501000020030000c9080000
12090000d30a00004f0b000063150000e416000082170000de1a0000051c000041200000142200008e2700009e010000
dc020000840d000057150000ec1a000008270000c908000012090000d30a00004f0b0000960d0000fa140000e4160000
3b17000082170000f31a0000221b0000051c0000c61c0000ea1c0000e01f0000ca21000014220000502700009c3b0000
1b3c0000ed3c0000bb3d0000223e0000733e0000f10400005a050000e4050000a60900003f0c0000401000008e100000
b11000001911000028110000ed120000de1700008b1b0000fa1b0000011c00001c1c0000732200005c24000011250000
372500005c250000da2a0000eb2a00008a2b0000922c0000042d0000892d00000b2e0000c2300000de3000000f310000
1131000021310000bc310000ce31000089320000b3320000da320000f5380000ab390000f43e0000703f0000ec3f0000
95400000d54000003a410000a20b00006d0c0000ec0c00001a0d0000030e0000070e0000300e000034100000dd120000
3b1400005f140000a7170000d01a0000e51a00003d1b0000021d00002f220000bd22000032230000b42300002d1b0000
87220000790b0000c90b0000d20b00004e0c00008c0c0000090e0000d71a0000301b0000411b0000e31b0000841c0000
f61c0000061d00008a220000c922000051230000932400003c2600006c2b00008e2b0000912e0000522f0000fa330000
223a0000833a0000383b0000ea3c00000b400000fa0e0000bc130000d0130000e31500006b170000181a0000ed270000
a8290000f42f000097390000da3900002e3f00008c400000ca290000f93a0000172700002e270000502800002b0e0000
0e130000401400005a1400006e1400001b23000059260000412700005a270000da27000063280000a828000054290000
5729000085290000a5290000832a000047390000a03a0000e63a0000743e00008b0e00004713000065130000f3130000
4a1b0000861b0000991c0000cd1c0000d41c00009e2e00001d3400006c390000ae3900003f3a0000b53f0000e0000000
fb0000001b01000043010000570200007f020000c2050000a3070000df0900008c0d0000de120000cf1a0000f01a0000
021b00006d1c0000fb1c0000382000006d230000430200005a02000013060000c8040000a9070000be070000f7080000
e6090000ea0900000f0b0000bc0c00008a120000a81a0000b01a0000411b0000561c0000841c0000961c0000061d0000
6c2b00002e330000bf380000223a0000da3b0000f3130000c31500004c170000fb190000861b0000cd1c0000d41c0000
ca290000ae390000d23900003f3a0000f93a0000b53f0000464000008f020000ed020000f90200002d03000044060000
6c0b00008c0d0000de120000cf1a0000f01a0000021b00006d1c0000fb1c0000382000006d230000172700002e270000
502800001205000084080000730900007f090000740a0000ca0b00004f0c00007d0c0000950c0000200d00001d0e0000
2b0e00002c0e0000250f00006f0f00005c1100005e110000bf1100003112000073120000ac120000e2120000e4120000
0e1300001213000042130000e01300004c1400005a1400005b140000d41a0000da1a0000391b0000771b0000e61b0000
611c0000b31c0000fe1c0000891f0000ae200000402200004c220000a7220000422300005b2300009b24000072260000
a0260000c0260000832a0000982a0000ba2a00008f2b0000942e00005a2f0000d333000003340000b038000034390000
473900004b390000b93a0000393b0000eb3c00000c400000790b0000d20b0000411b0000841c0000061d0000c9220000
3c2600006c2b0000223a0000833a00000a280000753100006132000015330000c23e00001f140000e7210000be290000
500d00000511000010120000a913000038150000581700009e270000ae280000bb290000e60d00000511000010120000
a91300001f1400005817000009200000e721000060270000ae280000bb290000be290000ae3c0000303d00009e3e0000
6e130000a01c0000ea1c0000680100007a02000087080000fe080000770a0000210b000063150000e416000082170000
ce0000004d0200005715000087080000fe080000770a0000210b00009e0c00006e130000e416000082170000b41a0000
221b0000a01c0000ea1c00003c3b0000ec3b0000bb3d000063130000d9130000041a00004f1a0000b11b0000bd1c0000
d81c0000e423000068390000353a00005a3f0000bf3f00006f400000eb400000d8000000060100009e02000067030000
a20b0000650d0000880d00008e0d0000341000005f1400006c15000090150000a7170000031b0000021d0000ed220000
7e230000f10400005a050000e40500003f0c000040100000b110000028110000de1700008b1b0000011c00001c1c0000
5c240000112500005c250000da2a00008a2b0000922c0000042d0000892d00000b2e000021310000ce31000089320000
da320000f43e0000703f0000d54000003a410000a20b0000ec0c0000300e0000341000005f140000a7170000e51a0000
3d1b0000021d0000bd220000b4230000d30e0000740f00007c0f00006b100000e01000001f110000c214000062160000
8a2000000c21000025250000cd27000039280000be2800007c290000d72a0000a62d0000242e0000152f0000382f0000
18310000a1320000e7320000f23a0000113f0000a940000087280000df280000d62f0000ea2f0000b327000050280000
7f0d0000491000006f100000cd120000e41400003c180000b02400005a270000b6270000da2700006b28000093280000
96280000a828000085290000a5290000f92a0000aa2d00006f2f0000e22f0000743e0000020400001d040000cf040000
e2040000ed050000d4070000f30900009c100000b3100000ef1000007b1b0000ca1b0000ef1b00000b1c0000181c0000
cb20000015210000832b00009b2c00001a2d0000822e0000a32e00001e2f0000472f0000d1300000b9310000ca310000
873300001f39000030410000c2050000a3070000df090000b20c0000f00c0000a40d0000de120000a41a0000fb1a0000
361b00006d1c0000fb1c000013060000c71a0000c8040000b6050000d70500001d06000027060000f70800000f0b0000
f20c000053110000b01a0000ca1a00000e1b0000c31b0000751c0000961c0000331d0000da240000852c0000bd2c0000
992f0000da3b000012050000c8050000f005000084080000fb090000130a0000740a0000950c0000ef0c0000310d0000
720d00007f0d0000800d0000250f00006f0f0000f70f0000041000000e1000003a100000431000006b11000085110000
31120000cd120000ce12000042130000e0130000ae140000e4140000e8140000fa1700005118000092180000d2190000
611a0000da1a0000e81a0000071b0000771b0000ce1b0000d31b0000b31c0000121d0000ae2000001c210000b0240000
c52400008125000087260000f5290000362b0000fa2b00001a2c00009e2c0000672d00008c2d0000252f00006f2f0000
842f000079350000cc380000ce3a0000393b0000eb3c0000874100002c0600005c0600001d1800000e1b0000751c0000
331d0000da2400006f2a0000da2c0000992f00001f05000029050000580600002d0c0000ef100000561600007b1b0000
ca1b00000b1c0000181c0000cb200000152100000825000087280000df280000832b0000d62c0000382d0000822e0000
a32e00001e2f0000472f0000d62f0000ea2f0000ca31000080320000cb3e000030410000440600006c0b0000a40d0000
de12000021150000fb1a0000361b00006d1c0000fb1c0000a4220000b3270000502800005b0e00008a0f0000af150000
681b00007f1b0000b6200000383100004b3100006031000075310000773100009b310000df310000e43100006a320000
0c330000493c0000873c00007f3d0000a23d00003a3e00006b3e0000571300009c130000e91300001f14000023140000
43170000b91c0000c91c000000220000a5290000ea1c0000ca2100006313000025140000fb1900009f1b0000bd1c0000
d41c0000ed1c000073200000cd2100000c220000b82e0000332f00006034000068390000353a0000b53f0000f43f0000
4640000073010000210300009108000013090000a30a0000500b0000260d0000a10d0000bb100000e410000005110000
061100003412000083130000ee130000381500003c150000581700006d170000df1a0000061c0000aa1c00002a200000
4220000040210000fd210000152200008f270000a828000085290000d5010000c9080000d30a000063150000e4160000
821700009e01000057150000d800000006010000b9010000e10100008f0200002d030000af0900006c0b0000880d0000
8e0d0000d80d000034100000a41100002f1500005d150000661500001b170000021b0000fb1c0000891d000036220000
2f2300006d2300009108000013090000a30a0000500b00009b0c0000170d0000990d0000e60d0000e70d0000bb100000
e410000005110000061100003412000057130000831300009c130000e9130000ee1300001f14000023140000fe140000
43170000581700006d170000db1a0000f41a0000061c0000aa1c0000b91c0000c91c00002220000040210000fd210000
00220000152200005a270000a828000085290000a52900006c3b00001c3c0000933c0000f63c0000fb3c0000303d0000
343d0000253e0000633e0000743e0000c9080000d30a0000e416000082170000221b0000ea1c0000e01f0000ca210000
9c3b0000bb3d00007c04000092040000e4050000c30900002d0c000040100000b11000000e110000031600000b160000
9916000022170000011c0000111c0000181c0000282100005321000008250000272b0000832b0000922c0000042d0000
892d00000b2e000003310000c4310000ca310000313200004e320000803200008834000011390000e6390000cb3e0000
304100006f410000af0900006c0b0000ec0c0000eb0d000034100000a41100001b170000e51a00001e1b0000361b0000
fb1c0000d41f00005b20000036220000a4220000420d0000e60d0000d1100000051100001012000045120000a9130000
ac130000b0130000181400001f1400002d1400002a150000581700005b1700005f17000009200000e0210000e7210000
f5210000602700002d280000ae280000bb290000be290000c22900000b3700002e3700004e370000f63700009e380000
ae3c0000b13c0000293d0000303d00009e3e000050270000733e00001b2700004d2700005f0d0000ae0d0000fc0d0000
110e0000ec2200000123000010270000172700002e27000035270000ac270000c1270000502800005328000057280000
6e280000252900004a29000060290000bd2f0000c83600002d380000783800008708000098080000fe080000770a0000
ba0a0000210b00008e0c00009e0c0000960d00002e130000361300006e13000074130000e416000082170000b41a0000
f31a0000221b0000561b0000051c0000a01c0000a11c0000c61c0000c71c0000ea1c0000f01c000014220000e6360000
f8360000b9370000c5370000cd3700003c3b0000833b0000ec3b0000ed3c0000bb3d0000223e0000dd000000fc000000
2601000039010000500200006d020000b4060000c506000018070000890d00005a1500005e15000064160000d61a0000
ee1a0000361c00003c2000004402000065020000df0000004201000043020000560200005a0200007e02000013060000
150600001e060000de090000e7090000ed090000af0c0000a21a0000cd1a0000ff1a0000331b00001f1c0000271c0000
6c230000b42c0000393300009a370000a8370000c908000012090000d30a00004f0b0000960d0000fa140000e4160000
3b1700003c17000082170000f31a0000221b0000051c0000c61c0000c71c0000ea1c0000f01c0000e01f0000ca210000
d5210000142200005027000046370000c5370000cd370000ec3700009c3b00001b3c0000ed3c0000bb3d0000223e0000
733e0000a5010000bc010000f102000005030000fa06000041070000890d00005a1500005e15000064160000d61a0000
ee1a0000361c00003c2000001b2700004d270000d80000000101000006010000810100009e02000067030000a0040000
b4050000cb050000770900008b090000a20b0000a90b0000020c0000710c0000fa0c0000020d0000190d00001e0d0000
5f0d0000600d0000650d0000880d00008d0d00008e0d0000a30d0000110e0000120e0000350e00003410000037100000
3b100000d1110000f4110000591200006a120000dd120000e3120000e81200003b140000431400005f14000064140000
6c15000090150000a7170000ae170000c517000042180000e4180000d21a0000ea1a0000031b00003f1b00002b1c0000
321c0000501c0000021d0000041d0000542000002f2200004422000058220000c1220000ec220000ed2200001f230000
362300007e230000c2230000dc2500000226000027260000a12a0000b22a00007e2b0000792c0000842d0000d9330000
97360000c8360000cc360000de3600009e370000b03700001e380000483800006f3800008e0200002c030000ff1a0000
331b0000922200006c230000a83700000b380000e60d00000511000010120000a91300001f1400002d14000058170000
09200000e7210000f5210000602700002d280000ae280000bb290000be290000c22900002e370000f63700009e380000
ae3c0000303d00009e3e000087080000fe080000770a0000210b00009e0c00006e13000074130000e416000082170000
b41a0000221b0000561b0000a01c0000a11c0000ea1c0000f01c0000f8360000b9370000cd3700003c3b0000ec3b0000
bb3d0000dd00000026010000500200006d020000b4060000180700005a1500005e15000064160000d800000006010000
9e02000067030000a0040000b4050000cb050000a20b0000a90b0000020c0000fa0c0000650d0000880d00008e0d0000
350e000034100000371000003b100000f41100006a1200005f140000641400006c15000090150000a7170000ae170000
c5170000e4180000ea1a0000031b00003f1b0000321c0000501c0000021d0000041d0000c1220000ed2200007e230000
c2230000dc25000027260000a12a00007e2b0000792c0000842d0000de360000b03700001e3800006f38000017270000
2e270000c127000050280000572800006e2800004a290000bd2f0000e0000000fb0000001b0100004301000057020000
7f020000fd030000cb040000c2050000c5050000d2050000a3070000aa070000c9070000df090000e8090000ee090000
b60c0000fb0c00008c0d0000a90d0000e9110000f81100003d120000de120000e3120000a61a0000cf1a0000f01a0000
fd1a0000021b00003b1b00007c1b0000c51b0000201c00003c1c00004c1c00006d1c00006f1c0000fb1c0000001d0000
38200000122100006d230000772b0000802c00007d2e00001b2f00003a3300009b370000ac370000430200005a020000
13060000150600001e060000cd1a0000271c0000b42c00008f020000ed020000f90200002d0300001305000044060000
4b0600004f0600006c0b00007c0b0000f00b00008c0d0000a90d00003d120000de120000e312000025150000cc160000
cf1a0000f01a0000fd1a0000021b00003b1b00007c1b0000c51b00003c1c00004c1c00006d1c00006f1c0000fb1c0000
001d00003820000012210000b22200006d230000d3250000172700002e270000c127000050280000572800006e280000
4a290000772b0000cd2c00007d2e00001b2f0000bd2f0000ac370000153800009108000013090000a30a0000500b0000
9b0c0000170d0000990d0000e60d0000e70d0000760e00009b0f0000bb100000e4100000051100000611000034120000
571300005b130000831300009c130000a0130000e9130000ed130000ee1300001f140000231400002d1400002e140000
fe140000ba1500004317000047170000581700006d170000db1a0000f41a00006b1b0000811b0000061c0000aa1c0000
b91c0000bb1c0000c91c0000cb1c000022200000bd20000040210000fd2100000022000004220000152200005a270000
a828000085290000a5290000b3290000f136000007370000233700002e3700003237000048370000c1370000c6370000
ff370000953800006c3b00001c3c0000933c0000f63c0000fb3c0000303d0000343d0000253e0000633e0000743e0000
c9080000d30a0000e416000082170000221b0000ea1c0000f01c0000e01f0000ca210000d5210000cd370000ec370000
9c3b0000bb3d0000a5010000bc010000fa0600005a1500005e15000064160000d800000006010000b9010000e1010000
8f0200002d03000073040000b4050000cb050000af090000b6090000ba0900006c0b00007c0b0000f00b0000fa0c0000
880d00008e0d0000d80d0000f00d000034100000371000003b100000a4110000a9110000f4110000501200002f150000
5d1500006615000000160000941600001b1700001e1700001f170000ea1a0000021b0000201b00003b1b0000321c0000
451c00004c1c0000fb1c0000001d0000891d0000d81f0000692000008e210000b52100003622000044220000b2220000
2f2300006d230000d32500000e2b0000772b0000792c0000842d00006c340000a6370000ac370000d2370000e3370000
1538000087280000ba280000df2800007b290000d62f0000ea2f00000f31000098320000e3320000053300001c330000
f13a0000030e0000f322000031270000b3270000502800005328000091290000e1290000770d00003418000090270000
a2270000a3280000b628000086290000c72900005f0d0000ae0d0000be0d0000fc0d0000741d0000ec22000010270000
172700002e2700005427000068270000ac2700005028000053280000a3280000b62800008629000091290000c7290000
e1290000cd3c00000b3d0000753e0000813e000013060000de090000a90c0000a11a0000c71a00002d1b0000901c0000
a61c000069010000740200007b020000f8080000ff080000100b0000240b00005e180000cf0000003d02000051020000
53180000df0000004201000043020000560200005a0200007e02000013060000f8080000ff080000de090000100b0000
240b0000910c0000ae1a0000b51a0000ff1a0000151b0000901c0000a61c00006c2300003d3b0000db3b0000ef3b0000
fd3d00002c0600005c060000fa090000120a00008c0c00006f0d0000f61700001d18000088180000f41900000b1a0000
d71a0000061b00000e1b0000d21b0000751c0000d21c0000d91c00000f1d0000331d0000da24000086260000ed290000
6f2a0000da2c0000992f000078350000cb380000cd3a0000383b0000ea3c0000af3f0000c53f00004740000075400000
86410000dc0000002501000090020000a20200002e030000730300006d0b0000ae0b0000620d0000890d0000950d0000
6818000085180000011b0000041b0000f71c0000091d0000ee2200006e23000082230000d501000020030000c9080000
12090000d30a00004f0b00002e0c0000420c000063150000e416000082170000de1a0000051c0000161c00001d1c0000
412000001422000001250000182500008e270000842b00008b2b000032300000f230000014310000c8310000cf310000
7932000090320000ca320000cc3e0000fa3e00002a410000404100009e010000dc0200006d0b0000ae0b0000c70c0000
840d0000130e000057150000dd1a0000ec1a0000311b0000441b0000f71c0000091d00008e220000e02200008e230000
082700002b0e00000e1300000e140000401400005a1400006e140000521f00001b23000059260000412700005a270000
da2700004528000063280000a8280000542900005729000085290000a5290000b3290000ce290000832a000095380000
47390000ba390000623a0000a03a0000e63a0000003b0000743e0000c8040000a9070000be070000f7080000e6090000
ea0900000f0b0000bc0c00008a12000068130000a81a0000b01a0000411b00005c1b0000561c0000841c0000961c0000
9c1c0000a51c0000e41c0000061d00006c2b00002e330000b5370000bf38000076390000223a00002f3a0000453a0000
da3b0000d90000000701000045020000540200006102000066020000ae0500001a06000011070000561800005a180000
2f1900008f020000ed020000f90200002d0300007304000044060000b9060000ce0600006c0b00007c0b0000b50b0000
e40b0000f00b0000db0c00008c0d00002e0e0000e3100000e710000096120000de1200001e1300005d14000000160000
5c1a0000721a0000cf1a0000e31a0000f01a0000021b00003b1b0000431b00004c1c0000681c00006d1c0000881c0000
fb1c0000001d0000081d000038200000b2220000cd2200006d230000a3230000d3250000432600009526000017270000
2e27000050280000842a0000732b0000772b00001b300000ee300000ac3700001538000057390000263a00008a3a0000
dc3a0000500d00002d100000001100000511000010120000a91300003815000058170000281900009b1e00009e270000
e3270000f52700008e280000ae280000d0280000d4280000e3280000bb2900007d2d0000ff2d00003b2e00005e2e0000
dd2f0000fc2f0000fb32000002330000680100007a020000cd040000d5040000e5050000250600002007000087080000
fe080000770a0000210b0000b610000063150000e41600008217000033190000f21b0000f81b00000e1c0000932c0000
bb2c0000052d00002d2d00003e2e0000692e000048300000ab300000ce0000004d020000ae0500001a06000011070000
fc0c0000571500002f190000bb1a0000cb1a0000191b0000d8000000060100009e0200006703000073040000b4050000
cb050000330600006e0600002907000058070000a20b0000fa0c0000650d0000820d0000880d00008e0d000034100000
371000003b100000f4110000d01200005f140000f41400006c1500009015000000160000a71700001218000021180000
751800003819000044190000ea1a0000031b00000b1b0000101b0000321c00003f1c0000771c0000021d0000271d0000
371d0000ed2200007e230000b1240000e1240000412500004e2a0000762a0000bf2b0000792c0000ec2c0000842d0000
4b2e0000702f0000a02f000062300000be3200007c04000092040000e4050000c30900002d0c000040100000b1100000
0e110000031600000b1600009916000022170000a31b0000011c0000111c0000181c00007a2000002821000053210000
08250000272b0000832b0000922c0000042d0000892d00000b2e0000033100003f3100007a310000c4310000ca310000
e0310000e7310000ed31000014320000313200004e3200005a32000071320000803200008834000011390000e6390000
673c0000e43d0000cb3e0000304100006f410000af0900006c0b0000ec0c0000eb0d000034100000a41100007a130000
2f1400001b170000e51a00001e1b0000361b0000c01c0000de1c0000ee1c0000fb1c00002a1f0000d41f00005b200000
d12100002322000036220000a422000066010000dc0100002402000085080000d0080000e0080000750a0000e50a0000
f10a00009f0d00000811000032120000e11300003915000065150000e616000059170000891700004c1800005f180000
9b190000a2190000291a0000341a0000d800000006010000b9010000e10100008f0200002d03000085080000d0080000
e0080000af090000750a0000e50a0000f10a00006c0b0000a30c0000880d00008e0d0000d80d0000e90d000034100000
08110000a4110000321200007a130000e11300002f1400002f1500005d15000066150000e61600001b17000059170000
891700009b190000a2190000291a0000341a0000dc1a0000021b0000171b0000241b0000c01c0000de1c0000ee1c0000
fb1c00004d1d0000891d00002a1f0000e41f00004a200000d121000023220000362200002f2300006d2300003a3b0000
ae3b0000bb3b0000ec3c0000403d0000c23d0000f23d0000fe3d0000db100000131100005d1600003c210000df270000
09280000d7280000eb300000083100005131000072310000a03100005e3200000033000014330000fa3200008d270000
770d00003418000090270000a227000086280000a3280000b6280000b9280000dc2800007a290000d52f00000c310000
95320000e2320000ca040000da040000e5060000eb06000023070000a4100000aa10000068160000f41b0000081c0000
121c000048210000343000003a3000004b3000008c3000009c300000b0300000f230000084310000ab310000bf310000
6c320000b4060000c506000018070000cb0c0000dd0c00009c0d000064160000bf1a0000f61a0000251b0000361c0000
b71a0000130700001a0700001c07000024070000cd0c0000ba1a0000c11a0000091b0000bd1b00005c1c0000792e0000
2630000044300000bd320000a0040000b9060000cb060000ce060000ef060000300700006a070000ca0c0000db0c0000
270d0000770d0000780d00007b0d0000e70f0000e3100000e6100000e7100000ee100000221200002512000096120000
c4140000d51400006d1600007d160000151800004c18000081180000e41800009b190000e01a0000e31a00000c1b0000
c91b0000401c0000681c00002b1d0000502100001c2500002d25000048250000572a0000262b0000ef2b0000562d0000
812e00001b30000074300000dd300000ee3000008d3100004b3200009532000096320000a9320000c53200000d180000
091b000061300000bd32000009070000540700005016000068160000081c0000121c00002f2100004821000040300000
5d300000a4300000ba300000f230000084310000ab310000bf3100006c320000fa320000fa060000410700009c0d0000
1115000064160000f61a0000251b0000361c0000f71f00008d270000a2270000a3280000b92800007a290000e2320000
fd030000cb040000ba060000c8060000d5060000d90600001b07000025070000d40c0000dc0c0000a20d000048110000
351200009a120000ec120000be1a0000f91a00000b1b00007c1b0000be1b0000f91b0000391c00003f1c0000721c0000
271d000046210000412500007a2e00002230000027300000bb31000043320000be320000130700001c070000c11a0000
5c1c0000443000001305000029070000480700004c07000058070000a20d000035120000ec1200001915000004170000
12180000f91a00000b1b00007c1b0000f91b0000391c00003f1c0000721c0000271d00004621000041250000a2270000
a3280000b92800007a2900004e2a00005530000062300000bb31000043320000be320000e2320000db10000013110000
5d1600003c210000df27000009280000d7280000eb3000000831000051310000a03100000033000014330000ca040000
da040000e506000023070000aa10000068160000f41b0000121c0000343000004b3000008c300000b030000084310000
ab310000b406000018070000dd0c000064160000bf1a0000251b0000a0040000b9060000ce060000300700006a070000
db0c00007b0d0000e3100000e71000002512000096120000d51400006d1600007d1600001518000081180000e4180000
e31a00000c1b0000401c0000681c00002b1d00001c25000048250000572a0000ef2b00001b30000074300000ee300000
8d31000096320000c5320000f103000029040000220500002f050000ea06000055070000280f0000360f0000770f0000
a9100000c6100000c8100000ec100000ed1000001311000014110000ca150000521600005d1600005f160000791b0000
fd1b0000ff1b0000091c0000b3200000b5200000ce2000004521000049210000d0280000d4280000393000005e300000
99300000bb300000e4300000f4300000f530000008310000093100004231000062310000a0310000a7310000c0310000
d831000042320000693200006d320000fb320000023300000907000068160000121c00002f21000040300000a4300000
84310000ab310000fa06000064160000251b0000f71f000073040000b9060000ce060000040700000e07000029070000
58070000db0c0000f70d0000e3100000e7100000b211000047120000961200000016000058160000671600006a160000
12180000e31a00000b1b0000281b0000df1b00003f1c0000681c0000271d00009e1e0000fa1f000036200000ff200000
7222000036250000412500004e2a00008d2e0000082f00001b30000062300000ee30000080310000b2320000be320000
f10400005a050000e4050000a60900003f0c0000401000008e100000b11000001911000028110000ed120000de170000
8b1b0000991b0000fa1b0000011c00001c1c0000eb1d0000732200005c24000011250000372500005c250000da2a0000
eb2a00008a2b0000922c0000042d0000892d00000b2e0000c2300000de3000000f31000011310000213100002c310000
3f310000683100006e310000bc310000ce310000da310000e0310000e931000017320000233200002c32000089320000
b3320000da320000f5380000ab390000703c00001a3e0000f43e0000703f0000ec3f000095400000d54000003a410000
a20b00006d0c0000ec0c00001a0d0000030e0000070e0000300e000034100000dd120000311300007a130000ff130000
101400003b1400005f140000a7170000d01a0000e51a00003d1b0000af1c0000c01c0000e21c0000021d0000331f0000
591f00007e1f00002f220000bd22000032230000b42300002d1b000087220000790b0000c90b0000d20b00004e0c0000
8c0c0000090e0000d71a0000301b0000411b0000e31b0000841c0000dd1c0000e41c0000f61c0000061d0000231f0000
371f00008a220000c922000051230000932400003c2600006c2b00008e2b0000912e0000b22e0000e02e0000522f0000
fa330000223a0000453a0000583a0000833a0000383b0000ea3c00000b40000066010000770100002b02000085080000
95080000e7080000750a0000af0a0000030b0000270d00009f0d0000a20d0000f3100000f61000003212000035120000
e1130000f213000050150000dc1600007617000034180000351800003818000061180000a41900000f1a0000201a0000
3b1a00009e1e00003620000009220000230200005e180000ed01000053180000dc00000025010000f401000008020000
0b02000030020000fb050000c7090000890d0000950d0000b00d00002b18000056180000591800005a18000062180000
2f190000d81900009c1d00004e230000d80000000101000006010000810100009e020000670300008508000095080000
e7080000750a0000af0a0000030b0000a20b0000900c0000a30c0000020d0000150d0000190d00005f0d0000600d0000
650d0000880d00008d0d00008e0d0000a30d0000be0d0000bf0d0000c20d000034100000f3100000f610000032120000
35120000dd120000311300007a130000e1130000f2130000ff130000101400003b1400005f1400006c15000090150000
dc16000076170000a717000042180000a41900000f1a0000201a00003b1a0000d91a0000dc1a0000031b0000181b0000
af1c0000c01c0000e21c0000021d0000501d00008f1d0000bd1d00009e1e0000331f0000591f00007e1f000054200000
092200002f220000ec220000ed2200001f2300007e2300003a3b0000783b0000cd3b0000943c0000ec3c0000ff3c0000
0b3d00000f3d0000213d0000af3d0000053e0000443e00008e0200002c030000ff1a0000151b0000481d00006c230000
ba3b0000fd3d0000d5010000200300000a060000c908000012090000da090000d30a00004f0b000063150000e4160000
8217000033190000de190000de1a0000051c00000c1c00000e1c0000861e00008f1e000041200000142200008e270000
ac2c0000212d00003e2e0000692e000032300000f2300000fa300000c1310000ee3100000732000017390000143a0000
9e010000dc020000fb050000c7090000c70c0000840d0000c30d0000571500002f190000d8190000dd1a0000ec1a0000
111b0000191b00003c1d0000631d0000c71d0000082700001205000084080000730900007f090000740a0000ca0b0000
4f0c00007d0c0000950c0000200d00001d0e00002b0e00002c0e00008e0e0000250f0000640f00006f0f00005c110000
5e110000bf1100003112000073120000ac120000e2120000e41200000e13000012130000421300004d13000067130000
9a130000e0130000071400000e1400000f1400004c1400005a1400005b140000d41a0000da1a0000391b0000731b0000
771b0000951b0000e61b0000611c0000b31c0000b71c0000bf1c0000e11c0000fe1c0000e31d00001f1e00002d1f0000
611f0000691f0000891f0000ae200000402200004c220000a7220000422300005b2300009b24000072260000a0260000
c0260000832a0000982a0000ba2a00008f2b0000942e0000b32e0000e22e00005a2f0000d33300000334000055340000
ea360000be370000b038000034390000473900004b3900006f3900008f390000ba390000be390000393a00006b3a0000
b93a0000393b0000eb3c0000d33f00000c400000790b0000d20b0000411b0000841c0000e41c0000061d0000371f0000
c92200003c2600006c2b0000223a0000453a0000583a0000833a0000f40100000b020000fb050000561800005a180000
2f1900008f020000ed020000f90200002d030000a004000044060000b9060000ce060000e0080000ce090000d2090000
f10a00006c0b0000db0c00008c0d0000c90d0000e3100000e71000009711000096120000de120000ff120000e4180000
5b190000a2190000db190000dc190000341a0000cf1a0000e31a0000f01a0000021b0000141b0000171b0000681c0000
6d1c00007c1c0000de1c0000fb1c0000441d00004d1d0000dc1d0000ed1e0000181f00002a1f00009b1f000038200000
6d230000172700002e270000502800003e2b00001b300000ee300000a3340000bb380000ed3900004f3a0000bb3b0000
fe3d0000f10400005a050000e40500003f0c000040100000b110000028110000de1700008b1b0000991b0000011c0000
1c1c0000eb1d00005c240000112500005c250000da2a00008a2b0000922c0000042d0000892d00000b2e000021310000
3f3100006e310000ce310000e0310000e9310000173200002c32000089320000da320000703c00001a3e0000f43e0000
703f0000d54000003a410000a20b0000ec0c0000300e0000341000007a130000101400005f140000a7170000e51a0000
3d1b0000c01c0000e21c0000021d0000331f00007e1f0000bd220000b4230000660100002b02000085080000e7080000
750a0000030b00009f0d0000f610000032120000e113000050150000dc160000761700003518000061180000a4190000
0f1a00003b1a0000d8000000060100009e0200006703000085080000e7080000750a0000030b0000a20b0000a30c0000
650d0000880d00008e0d0000c20d000034100000f6100000321200007a130000e1130000101400005f1400006c150000
90150000dc16000076170000a7170000a41900000f1a00003b1a0000dc1a0000031b0000181b0000c01c0000e21c0000
021d0000501d0000bd1d0000331f00007e1f0000ed2200007e2300003a3b0000cd3b0000ec3c0000213d0000af3d0000
053e00007301000021030000fa03000019040000a7040000ba040000eb050000e40600009108000013090000db090000
a30a0000500b0000260d0000a10d00002a0f0000310f00004c0f00001710000042100000a6100000b5100000bb100000
ce100000e4100000eb100000fc100000001100000111000005110000061100003412000083130000ee13000038150000
3c150000581700006d170000bc180000e6180000ec180000281900002a1900005f190000df190000df1a0000fe1b0000
031c0000061c00000d1c0000aa1c0000151e0000881e0000a41e0000b21e00002a20000042200000c120000011210000
40210000fd210000152200008f270000a828000085290000552b0000992c0000162d0000702d00008b2d0000e92d0000
122e00003b2e00003d2e00005e2e0000652e00001a2f0000432f0000333000008b300000f3300000fc3000005c310000
c2310000f03100000c320000be34000018390000153a00004e410000d50100000a060000c9080000d30a000063150000
e416000082170000331900000e1c00008f1e0000ac2c0000212d00003e2e0000692e00009e010000fb05000057150000
2f190000191b0000631d0000d800000006010000b9010000e10100008f0200002d030000a0040000b4050000cb050000
050600000f060000e0080000af090000f10a00006c0b0000fa0c0000880d00008e0d0000d00d0000d80d000034100000
371000003b1000009f110000a4110000f4110000f61200002f1500005d150000661500001b170000e418000023190000
3219000035190000a2190000341a0000ea1a0000021b0000171b00001c1b0000db1b0000321c0000de1c0000fb1c0000
4d1d0000661d0000891d0000a91d00005b1e00006b1e00002a1f0000c71f0000362200002f2300006d230000ce240000
792c0000b12c0000842d0000362e0000402e00008d2f0000bb3b0000fe3d0000d30e0000e40e0000740f00007c0f0000
6b100000e01000001f110000c2140000cd150000621600008a2000000c21000025250000cd2700000628000039280000
be2800007c290000d72a0000a62d0000242e0000152f0000382f0000183100005b3100006a310000aa3100001d320000
a1320000e732000010330000f23a0000693d00009a3d0000b93e0000113f0000a940000087280000df280000d62f0000
ea2f00001c330000b327000050280000e12900007f0d0000491000006f100000cd120000de130000e41400003c180000
261a0000b02400005a270000b6270000da270000fd2700006b2800009328000096280000a828000085290000a5290000
b3290000e4290000f92a0000aa2d00006f2f0000e22f00000430000095380000743e0000663f00008d40000090270000
b628000086290000172700002e2700006827000050280000b628000086290000e1290000753e0000500d000005110000
2d11000010120000a9130000c31400003815000058170000332500009e270000e72700003a280000ae280000c3280000
d0280000d42800007d290000bb290000d82a000026310000af320000ec320000fb32000002330000f33a0000123f0000
e1400000020400001d040000cf040000e2040000ed050000d4070000f3090000620e00009c100000b3100000ef100000
501b00007b1b0000801b0000ca1b0000ef1b00000b1c0000181c0000cb20000015210000832b00009b2c00001a2d0000
822e0000a32e00001e2f0000472f0000d1300000353100004131000064310000b9310000ca310000d5310000e5310000
e7310000873300001f390000563c00007a3c00003d3e000030410000c2050000a3070000df090000b20c0000f00c0000
a40d0000de1200004f1300007e130000f6130000a41a0000fb1a0000361b00006d1c00009a1c0000ce1c0000de1c0000
fb1c000013060000c71a0000a61c0000c8040000b6050000d70500001d06000027060000f70800000f0b0000f20c0000
5311000080130000b01a0000ca1a00000e1b00004d1b0000c31b0000751c0000961c00009c1c0000a91c0000d91c0000
331d0000da240000852c0000bd2c0000a12e0000992f00002a340000b5370000da3b0000c53f00006a0100007c010000
7c020000880800009a08000000090000780a0000bc0a0000250b0000e61000005f180000a2190000341a0000e01a0000
071c0000ab1c0000432000001622000074020000f8080000100b00003d020000e1000000440100004502000058020000
660200008002000011070000a4070000e0090000041b0000091d00006e230000e0000000fb0000001b01000043010000
570200007f020000c2050000a3070000880800009a08000000090000df090000780a0000bc0a0000250b0000980c0000
a40c00008c0d00009b0d0000e6100000de1200004f1300007e130000f6130000a2190000341a0000b21a0000cf1a0000
f01a0000f51a0000021b0000171b0000071c00006d1c00009a1c0000ab1c0000ce1c0000de1c0000fb1c000038200000
162200006d2300003e3b0000853b0000f03b0000033d0000fe3d00002a3e0000430200005a02000013060000f8080000
100b0000b51a0000a61c0000db3b0000680100007a020000d0040000e304000020070000d507000087080000fe080000
f4090000770a0000210b0000a010000063150000e416000082170000f01b0000f21b00001d1c0000842b000048300000
ab300000d5300000ba310000cf310000883300002039000040410000ce0000004d02000011070000a4070000e0090000
bf0c000057150000a91a0000bb1a0000441b0000091d000012050000c8050000f005000084080000fb090000130a0000
740a0000950c0000ef0c0000310d0000720d00007f0d0000800d0000520e0000250f00006f0f0000cb0f0000f70f0000
041000000e1000003a100000431000006b1100008511000031120000cd120000ce120000421300004d1300007d130000
a6130000d3130000de130000df130000e0130000ae140000e4140000e8140000fa1700005118000092180000d2190000
ff190000331a0000441a0000611a0000da1a0000e81a0000071b0000641b0000771b0000ac1b0000ce1b0000d31b0000
b31c0000b71c0000c31c0000d61c0000121d0000ae2000001c210000d72300003e240000b0240000c524000081250000
87260000f5290000362b0000fa2b00001a2c00009e2c0000672d00008c2d0000e32d0000ac2e0000252f00006f2f0000
842f00003934000079350000ea360000be370000cc380000ce3a0000393b0000eb3c00003b3f0000663f00006a3f0000
b93f0000764000000941000069410000874100002c0600005c0600001d1800000b1a00000e1b0000751c0000d91c0000
331d0000da2400006f2a0000da2c0000992f0000c53f000047400000900200002e0300006d0b0000041b0000091d0000
6e230000d8000000060100009e0200006703000013050000290700005807000085080000fc090000140a0000750a0000
a20b0000a30c0000650d0000740d0000880d00008e0d00003410000087110000321200007a130000e11300005f140000
bb1400006c15000090150000a7170000ff17000012180000a01800006f1a0000dc1a0000031b0000081b00000b1b0000
7c1b0000d41b00003f1c0000c01c0000021d0000171d0000271d0000ed2200007e230000412500008225000088260000
052a00004e2a0000fb2b0000562c000062300000be3200007a350000cd380000cf3a00003a3b0000ec3c000088410000
1f05000029050000580600002d0c0000ef100000b2150000561600007b1b0000801b0000ca1b00000b1c0000181c0000
cb200000152100000825000087280000df280000832b0000d62c0000382d0000822e0000a32e00001e2f0000472f0000
d62f0000ea2f0000643100009e310000ca310000e5310000e731000014320000803200001c330000883c00003d3e0000
cb3e000030410000440600006c0b0000a40d0000de120000f61300002115000053170000fb1a0000361b00006d1c0000
ce1c0000de1c0000fb1c00002a1f0000a4220000b327000050280000e12900002402000022030000e008000014090000
f10a0000510b0000e61000005f180000a2190000341a0000e01a0000071c0000ab1c0000432000001622000090270000
b6280000862900008f020000ed020000f90200002d03000044060000e008000014090000f10a0000510b00006c0b0000
8c0d00009b0d0000e6100000de120000f61300000315000053170000a2190000341a0000cf1a0000f01a0000f51a0000
021b0000171b0000071c00006d1c0000ab1c0000ce1c0000de1c0000fb1c00004d1d00002a1f00003820000016220000
6d230000172700002e2700006827000050280000b628000086290000e1290000bb3b00001d3c0000033d0000fe3d0000
2a3e0000753e000073010000210300000804000052040000f404000060050000e40600009108000013090000a8090000
a30a0000500b0000430c0000260d0000a10d00000a0f00002c0f00003e0f000097100000a6100000bb100000c5100000
e4100000eb1000000511000006110000221100002d1100002e1100006711000034120000ef12000083130000ee130000
381500003c150000581700006d170000d7180000891a0000df1a0000891b0000fc1b0000fe1b0000061c00001a1c0000
aa1c00002a20000042200000e220000040210000fd21000015220000752200001a2400005f2400000c25000040250000
512500008f270000a828000085290000d82a0000db2a0000ed2a00008c2b0000333000008b300000cb300000e1300000
f33000001b31000026310000273100005c310000be310000cc31000084320000bc320000cf3200002e340000f7380000
ad390000fb3e00008e3f0000ee3f0000b6400000e1400000e540000034410000d5010000c9080000d30a00002e0c0000
63150000e4160000821700001d1c000018250000842b0000cf31000090320000cc3e0000404100009e0100006d0b0000
57150000441b0000091d0000e0220000d800000006010000b9010000e10100008f0200002d0300001305000085080000
af090000750a00006c0b00007c0b0000cb0b0000f00b0000500c0000a30c0000880d00008e0d0000d80d00003c0e0000
34100000a4110000cc110000321200007a130000e11300006b1400002f1500005d150000661500001b170000dc1a0000
021b00003b1b0000471b00007c1b0000eb1b00004c1c0000c01c0000fb1c0000001d00000c1d0000891d00008a1f0000
36220000b2220000e32200002f230000692300006d230000ab240000d3250000a1260000fc260000bb2a0000772b0000
902b0000992e00006a2f000010340000ac370000153800003a3b0000ec3c00000d40000066010000770100002b020000
f004000059050000e30500008508000095080000e7080000a5090000750a0000af0a0000030b00003e0c00008d100000
ae10000050150000dc16000076170000dd170000341800009e1e00003620000009220000722200001025000036250000
59250000912c0000032d0000c13000000c31000088320000b2320000d7320000f4380000f33e00006f3f0000eb3f0000
230200007532000050150000dc16000076170000dd170000341800009e1e000036200000092200007222000036250000
592500000c310000b2320000d73200006f3f0000eb3f0000ed0100007e2200009c1d00004e2300000a400000dc000000
25010000f4010000080200000b02000030020000fb050000c7090000780b0000c80b0000d10b00004d0c0000890c0000
9c1d000081220000c62200004e23000090240000332600004f2f00007a3a0000373b00000a400000a0040000b9060000
cb060000ce060000ef060000300700006a070000ca0c0000db0c0000770d0000e70f0000961200002613000060130000
6d1600007d160000151800004c180000811800009b190000031a0000291a00004c1a000050210000e1230000572a0000
262b0000ef2b0000562d0000c82d00001b300000743000008d3100004b320000953200005f3900006e400000ea400000
66410000a5000000d601000025030000a8030000c70300008e060000a3060000fc06000005070000490700004f070000
9a070000f907000043080000ca08000017090000580a0000d40a0000540b0000131500004c1600008c1600003a170000
fd1f00002a21000062210000c721000093270000133000003c300000583000007c31000033320000ed32000083330000
a0330000b533000080340000393500000d1800006130000093000000a7000000230200009e0500007d06000094060000
97060000ad060000fc06000005070000490700004f070000590900002f0a00005d0a0000131500008c1600003a170000
0d180000fd1f000062210000c7210000932700006c2c0000f72c0000073000003c300000583000006130000075320000
ed3200008034000039350000e638000025000000830000009f010000a6010000c7010000de020000f30200000f030000
82070000e90700002f08000004150000e71f00000a2700006a2700008d0200002b030000040000007000000001000000
0a00000033000000b2000000a6010000c7010000ed0100008d020000f30200000f0300002b03000072050000e9070000
2f0800007e2200000a2700006a2700002900000065000000e1000000f50000004401000057010000a5010000bc010000
010200001e020000f102000005030000c7040000b5050000d60500008c060000fa06000041070000a4070000b5070000
08080000c8080000110900007909000095090000560a0000d20a00004e0b0000aa0b00001f0c00006b0c0000e70c0000
b00d0000fe0d00002f1100004f110000f9140000471500004b150000a016000038170000af170000d01700002b180000
8a1d0000cf1e0000dd1f000030200000c12100004622000062220000bb22000030230000af230000752500009b250000
bd2500001b2700004d270000842c0000bc330000f63300006b35000095350000b93500002b3b00009b3b00001a3c0000
723e00000e00000052000000f50100001602000084220000583500000c3b0000dc0000002501000090020000a2020000
2e030000730300002b0600005b060000f9090000110a00006d0b0000ae0b0000890c0000f51700001a18000068180000
85180000ea290000662a0000d92c0000ca380000373b0000854100000c00000013000000350000007300000087000000
b8000000f50100001602000093020000310300007405000077050000970500007707000079070000870700009c070000
510900000018000084220000652c00001f3300005c3300005835000066010000770100002b020000a0040000f0040000
59050000e3050000b9060000cb060000ce060000ef060000300700006a0700008508000095080000e7080000a5090000
750a0000af0a0000030b00003e0c0000ca0c0000db0c0000510d0000770d0000f70d0000e70f00008d100000ae100000
d2100000d6100000081100000d1100007b110000b21100001112000047120000961200002613000060130000aa130000
1a1400003915000050150000581600006d1600007d16000098160000dc1600005917000076170000dd17000015180000
341800004c180000811800009b190000031a0000291a00004c1a00009e1e00001a200000362000003621000050210000
6e210000e22100000922000072220000e12300001025000036250000592500009f270000db2700001a280000af280000
cb28000014290000bc290000572a0000262b0000ef2b0000912c0000032d0000562d0000c82d00001b30000074300000
c1300000e6300000023100000c310000803100008d3100003b3200004b3200008832000095320000b2320000d7320000
f53200003c3400005c3400008734000040350000ef350000f43800005f390000f33e00006f3f0000eb3f00006e400000
ea40000066410000230200000d180000932700006130000075320000ed320000ed0100008d0200002b0300007e220000
0a2700006a270000dc00000025010000f4010000080200000b0200003002000090020000a20200002e03000073030000
fb0500002b0600005b060000c7090000f9090000110a00006d0b0000780b0000ae0b0000c80b0000d10b00004d0c0000
890c0000620d00006e0d0000b00d0000fe0d0000f51700001a1800002b18000068180000851800009c1d000081220000
c6220000ee2200004e2300009024000033260000182700001e2700002f2700006d27000081270000ae27000051280000
5828000079280000e7280000eb280000f6280000182900006a290000ea290000662a0000d92c00004f2f0000c82f0000
f633000077350000c5350000ca3800007a3a0000373b00000a40000085410000770d00006d1600007d1600004c180000
811800009b190000291a00004c1a000050210000262b0000ef2b00008d3100004b32000095320000ea40000066410000
93000000a7000000d601000023020000250300009e0500007d0600009406000097060000ad060000f907000043080000
ca08000017090000590900002f0a00005d0a0000d40a0000540b00004c1600000d1800002a210000932700006c2c0000
f72c000007300000613000007c3100003332000075320000ed320000a0330000b5330000e6380000010000000a000000
33000000b20000009f010000ed0100008d020000de0200002b03000072050000e90700002f08000004150000e71f0000
7e2200000a2700006a270000dc00000025010000a5010000bc010000f4010000080200000b02000030020000f1020000
05030000fb050000fa06000041070000c808000011090000c7090000d20a00004e0b0000780b0000c80b0000d10b0000
4d0c0000890c0000b00d0000fe0d0000f9140000471500004b150000a016000038170000af170000d01700002b180000
8a1d00009c1d0000cf1e0000dd1f000030200000c1210000462200006222000081220000c6220000302300004e230000
af230000902400009b250000bd250000332600001b2700004d2700004f2f0000f633000095350000b93500007a3a0000
373b00009b3b00001a3c0000723e00000a4000002900000065000000d9000000030100000701000083010000a5010000
bc0100009f020000f10200000503000068030000c7040000ae0500008c060000fa06000041070000a8070000b9070000
bd070000dd0700001f08000059080000c80800001109000064090000560a0000d20a00004e0b0000a30b0000a80c0000
bb0c0000620d00006e0d0000da0f000086120000f91400006d15000091150000a8160000b716000038170000a8170000
0818000043180000471800007b18000066190000dd1f00005620000081210000c121000031220000ee2200001b270000
4d270000382a0000192b0000df2b0000492d00002d3300006f330000743400002d350000773500002b3b00009b3b0000
1a3c0000723e00006818000085180000854100000e000000520000009302000031030000001800005c3300000c3b0000
dc00000025010000a5010000bc01000090020000a2020000f1020000050300002e030000730300002b0600005b060000
fa06000041070000c808000011090000f9090000110a0000d20a00004e0b00006d0b0000ae0b0000890c0000620d0000
6e0d0000f91400006d15000091150000a8160000b716000038170000a8170000f51700001a1800004318000047180000
681800007b1800008518000066190000dd1f00005620000081210000c121000031220000ee2200001b2700004d270000
ea290000662a0000192b0000df2b0000d92c0000743400002d35000077350000ca380000373b00009b3b00001a3c0000
723e0000854100009e1e000036200000092200007222000036250000b2320000eb3f00009d000000dc01000028020000
9e030000af030000eb0300007b040000910400001305000016050000a005000095060000ae060000c4060000df060000
29070000480700004a0700004c0700005007000058070000d0080000e4080000c20900003d0a0000e50a0000f80a0000
350c0000d80c0000f70d0000670e00004b110000b211000047120000551300001a1400001715000019150000b3150000
c0150000581600008d16000004170000411700004b17000012180000f81900002b200000af200000b820000027210000
412100004221000077210000fe210000fe2400009b270000a2270000a3280000a4280000b9280000c428000010290000
7a290000a0290000c72900004e2a00006e2c0000f92c00002d3000005530000059300000623000008031000030320000
3f32000076320000e2320000ee320000223400005c340000813400004c350000e335000010390000cf390000f03a0000
d73e000045400000a70000007d06000097060000fc06000005070000590900005d0a0000fd1f000062210000c7210000
073000003c30000039350000e63800000a00000033000000a6010000c701000072050000e90700000f0000002d000000
46000000530000005a000000e100000044010000b2010000cf010000f4010000f60100000b02000017020000a2020000
73030000a60300007604000085050000b5050000d6050000fb0500007a06000081060000a4070000f107000001080000
44090000b7090000bd090000f9090000110a00002d0a00003a0a0000780b00007e0b0000ae0b0000d10b00000d0c0000
e70c00004f110000f5170000431800004718000066190000d21f0000562000005a21000081210000312200009f220000
c62200006925000033260000ea290000192b0000842c0000153500002d3500005f350000aa380000ca3800007a3a0000
0d3b0000dc01000028020000730400007b04000091040000b9060000ce060000040700000e0700002907000058070000
d0080000e4080000c2090000e50a0000f80a0000350c0000db0c0000f70d0000b2110000471200009612000060130000
1a1400005816000012180000f81900009e1e0000fa1f00002b2000003620000070200000af200000b8200000ff200000
27210000412100004221000077210000c4210000fe2100000922000072220000fe240000362500009b270000a2270000
a3280000a4280000b9280000c4280000102900007a290000a0290000c72900004e2a0000082f0000302f00001b300000
6230000080310000303200003f32000076320000b2320000e2320000ee3200005c3400004c350000e335000010390000
5f390000f03a0000d73e0000eb3f000045400000a5010000bc010000a202000073030000fa060000c8080000f9090000
110a0000d20a0000ae0b0000f5170000431800004718000066190000dd1f00005620000081210000c121000031220000
ea290000192b00002d350000ca3800009b3b0000770100002b020000f00400005905000095080000e7080000a5090000
af0a0000030b00003e0c00008d1000009e1e00003620000009220000722200001025000036250000c130000088320000
b2320000f4380000f33e0000eb3f0000a0040000b9060000ce060000300700006a070000db0c00009612000060130000
6d1600007d1600001518000081180000031a00004c1a0000e1230000572a0000ef2b00001b300000743000008d310000
5f3900006e400000ea400000a500000025030000a8030000c70300008e060000a3060000fc060000050700009a070000
4308000017090000580a0000540b00004c160000fd1f000062210000c7210000133000003c3000007c31000083330000
b5330000393500002500000083000000a6010000c7010000de02000082070000e90700002f0800000415000029000000
65000000e100000044010000a5010000bc010000010200001e020000f102000005030000c7040000b5050000d6050000
8c060000fa06000041070000a407000008080000c808000011090000560a0000d20a00004e0b0000aa0b00001f0c0000
e70c00004f110000f9140000471500004b150000a016000038170000af170000d0170000dd1f0000c1210000bb220000
af23000075250000bd250000842c00006b350000b93500002b3b00009b3b00001a3c0000770100002b020000a0040000
f004000059050000b9060000ce060000300700006a07000095080000e7080000a5090000af0a0000030b00003e0c0000
db0c0000f70d00008d100000d2100000d6100000b21100004712000096120000601300001a140000581600006d160000
7d1600001518000081180000031a00004c1a00009e1e00001a200000362000006e210000e22100000922000072220000
e123000010250000362500009f270000db2700001a280000af280000cb28000014290000bc290000572a0000ef2b0000
1b30000074300000c1300000e6300000803100008d31000088320000b2320000f53200005c34000040350000ef350000
f43800005f390000f33e0000eb3f00006e400000ea40000029000000650000000301000083010000a5010000bc010000
9f020000f10200000503000068030000c70400008c060000fa06000041070000b9070000dd0700001f08000059080000
c80800001109000064090000560a0000d20a00004e0b0000a30b0000a80c0000da0f0000f91400003817000008180000
431800004718000066190000dd1f00005620000081210000c121000031220000382a0000192b0000492d00006f330000
2d3500002b3b00009b3b00001a3c00000802000030020000c7090000c80b00004d0c000081220000902400004f2f0000
1e0000003c00000088000000ba010000e2010000f6010000170200009b020000f6020000120300004c03000097030000
76040000140500007b0500004c060000520600007f07000088070000f3070000fd070000010800001b08000032080000
4d08000052090000b00900007e0b0000870b00000d0c00001f1500009016000001180000ea1f0000fa2000009f220000
692500001e2700006d270000ae2700005828000079280000e728000018290000262a0000d02c0000032f0000c82f0000
20330000633300005f350000900200002e0300002b0600005b0600006d0b00001a180000662a0000d92c000013000000
73000000b80000007705000097050000770700009c070000652c00000f00000031000000530000005a000000b5000000
f601000008020000170200003002000090020000f6020000120300002e030000a6030000140500008d050000a6050000
2b0600004c060000520600005b0600007a060000810600000108000032080000c70900002d0a00003a0a00006d0b0000
7e0b0000c80b00000d0c00004d0c00001f150000901600001a180000812200009f22000090240000692500001e270000
6d270000ae2700005828000079280000e728000018290000662a0000742c0000d02c0000d92c00004f2f0000c82f0000
5f3500000d3b00000802000030020000900200002e0300002b0600005b060000c70900006d0b0000c80b00004d0c0000
1a18000081220000902400001e2700006d270000ae2700005828000079280000e728000018290000662a0000d92c0000
4f2f0000c82f00000f00000031000000530000005a000000b5000000ba010000e2010000080200003002000090020000
9b0200002e0300004c030000a6030000760400008d050000a60500002b0600005b0600007a06000081060000f3070000
fd0700001b0800004d080000b0090000c70900002d0a00003a0a00006d0b0000870b0000c80b00004d0c000001180000
1a180000ea1f0000fa20000081220000902400001e2700006d270000ae2700005828000079280000e728000018290000
262a0000662a0000742c0000d92c0000032f00004f2f0000c82f0000633300000d3b00009d00000074010000da010000
dc010000280200009e030000af030000f203000036040000700400007b040000840400009104000013050000a0050000
95060000ae06000029070000480700004c07000058070000d9070000fa07000092080000ce080000d0080000e4080000
c20900003d0a0000a40a0000db0a0000e50a0000f80a0000350c00009e100000d2100000d6100000191500008d150000
c0150000231600002c1600007716000078160000b5160000041700004b1700009c17000012180000f81900001a200000
272100002b2100006e210000e2210000fe2400009b270000a2270000a3280000a4280000b9280000c428000010290000
7a290000a0290000c72900004e2a00006e2c0000f92c00005530000062300000d3300000e63000008831000030320000
3432000076320000e2320000ee32000094330000a13300009b34000040350000e335000010390000cf390000f03a0000
d73e0000454000006d1600007d160000811800004c1a0000ef2b00008d310000ea400000a7000000250300007d060000
970600004308000017090000590900005d0a0000540b00004c160000073000007c310000b5330000e638000077010000
2802000022030000130500001e050000280500005706000029070000480700004c0700005807000095080000e4080000
14090000a5090000af0a0000f80a0000510b0000350c00008d100000d2100000d6100000191500008d150000c0150000
231600002c160000551600006d16000077160000781600007d160000b5160000041700004b1700009c17000012180000
81180000f81900004c1a00001a2000006e210000e2210000fe2400009b270000a2270000a3280000a4280000b9280000
c4280000102900007a290000a0290000c72900004e2a0000ef2b0000d52c0000372d00005530000062300000c1300000
e6300000883100008d31000076320000e2320000ee3200009b34000040350000e3350000f4380000cf390000f03a0000
d73e000045400000ea4000000a00000033000000de020000720500002f08000004150000f40100000b020000f1020000
05030000fb05000041070000110900004e0b0000780b0000d10b0000f9140000471500004b150000a016000038170000
af170000d0170000c6220000af230000bd25000033260000b93500007a3a00001a3c00000f0000002d00000046000000
530000005a0000000301000083010000f40100000b0200009b020000a2020000ee020000fa0200004c03000073030000
a60300001405000085050000fb050000450600007a06000081060000b9070000dd0700001b080000370800003b080000
4d0800004409000064090000f9090000110a00002d0a00003a0a0000780b0000870b0000ae0b0000d10b0000a80c0000
da0f00000c150000471500004b150000a0160000ff160000af170000d0170000f517000001180000c6220000af230000
bd25000033260000ea290000262a0000492d00005433000063330000b9350000aa380000ca3800007a3a00000d3b0000
5c0500007c0a0000b20a0000040b0000771700000c220000062d0000fd380000f63e0000723f0000f43f000077170000
0c220000723f0000f43f0000d1000000f200000000020000b005000069090000a50b00006a0c0000e50c0000ae0d0000
fc0d000046150000aa170000891d000036220000ba2200002f230000ad230000f00100007f220000ae0d0000fc0d0000
46150000aa170000891d0000362200002f230000ad230000120d0000690d00007f0d000023100000cd12000040140000
691400006e14000071140000dd140000e4140000971f0000f62200001b23000061230000b0240000b324000052260000
59260000d6260000d9260000da2700006f2f0000722f0000993a0000a03a0000923c000036400000512300000b400000
280100000c02000033020000fc050000ca090000d40b0000560c0000512300009124000034260000502f00007b3a0000
403b00000b4000002d13000063130000041a00002a1a00004f1a0000e4230000cb2d0000683900006f400000eb400000
67410000d80000000101000006010000810100009e02000067030000a20b00005f0d00006c15000090150000a7170000
42180000542000002f220000ec2200008e0200002c030000060000000b00000034000000b3000000a7010000c8010000
f00100008e020000f4020000100300002c0300007305000075050000ea070000300800007f220000132700006b270000
66000000bd01000008030000c8040000b6050000d70500008d060000fb06000044070000c9080000120900007a090000
96090000570a0000590a0000d30a0000d50a00004f0b0000570b0000ab0b0000200c00006f0c0000f20c0000090e0000
3111000053110000fa140000391700003b170000b0170000d1170000e01f0000c2210000ca2100004722000063220000
bf22000034230000ba230000772500009d250000c125000050270000852c0000be330000fa3300006d35000097350000
bd3500002c3b00009c3b00009e3b00001b3c0000233c0000733e00002c0600005c060000fa090000120a00008c0c0000
f61700001d18000088180000ed2900006f2a0000da2c0000cb380000383b0000864100005c0500007c0a0000b20a0000
040b00002d13000063130000ae130000251400005d17000077170000041a00002a1a00004f1a0000ed2100000c220000
e42300001c280000c0290000062d0000cb2d00003e340000603400008934000044350000f1350000fd38000068390000
f63e0000723f0000f43f00006f400000eb40000067410000d1000000d8000000f2000000010100000601000081010000
000200009e02000067030000b005000069090000a20b0000a50b00006a0c0000e50c0000390d00003b0d0000470d0000
5f0d0000ae0d0000d80d0000db0d0000ea0d0000fc0d00007011000071110000a3110000a41100002f15000046150000
6c15000090150000a7170000aa17000042180000891d00000d200000542000002f22000036220000ba220000ec220000
2f230000ad230000262700007d270000f1280000f00100008e0200002c0300007f220000132700006b27000028010000
0c02000033020000fc0500002c0600005c060000ca090000fa090000120a0000d40b0000560c00008c0c0000090e0000
f61700001d18000088180000f922000051230000912400003426000033270000b927000055280000592800007a280000
f82800001c2900006b290000ed2900006f2a0000da2c0000502f0000c92f0000fa3300007b350000c7350000cb380000
7b3a0000383b0000403b00000b400000864100002a1a00004f1a0000eb400000674100005f0d00006c15000090150000
a717000042180000542000002f220000ec220000060000000b00000034000000b3000000a3010000f00100008e020000
e90200002c0300007305000075050000eb0700003308000005150000e81f00007f220000132700006b270000bd010000
08030000fb06000044070000d50a0000570b0000790b0000c90b0000d20b00004e0c00008c0c0000090e000039170000
b0170000d1170000c221000047220000632200008a220000c92200003423000051230000ba230000932400009d250000
c12500003c26000050270000522f0000fa33000097350000bd350000833a0000383b00009e3b0000233c0000733e0000
0b400000120d0000060e00002b0e0000491000006f10000072100000f4120000071300000e1300003a1400005a140000
261800003c18000098180000671a0000da270000832a0000862a0000f22a0000f92a0000302c0000332c0000aa2d0000
ad2d00004039000047390000923c0000b1410000660000000b0100008e010000bd010000080300006c030000c9040000
b20500008d060000fb06000044070000bf070000e10700005b080000c9080000120900006f090000570a0000590a0000
d30a0000d50a00004f0b0000570b0000a70b0000db0f000087120000fa14000095150000b9160000391700003b170000
ac170000e01f00006120000085210000c2210000ca2100003c220000f922000050270000392a00001a2b0000e02b0000
4a2d00002f3300007133000076340000313500007b3500002c3b00009c3b00009e3b00001b3c0000233c0000733e0000
88180000864100002801000037030000760300005e060000c9080000120900001a0a0000d30a00004f0b0000740b0000
b10b0000fa14000095150000b91600003b170000ac17000088180000e01f00006120000085210000ca2100003c220000
f922000050270000eb290000672a00001a2b0000e02b0000dc2c000076340000313500007b350000d3380000403b0000
9c3b00001b3c0000733e000086410000af0f000097130000d6130000391600007b170000181a00008d200000ea210000
3b2f000082390000433f00007a3f00008c4000000c220000f43f0000891d0000362200002f2300007f0d000010120000
cd120000a9130000e4140000061f0000891f0000092000002e200000ae200000e72100004f2200005b230000b0240000
6f260000a0260000c02600006f2f0000b63a0000ae3c00000c400000b203000094040000460a0000e60a0000fb0a0000
690e00005913000025140000b5150000c3150000451700004c170000fb190000ba20000002220000ab290000ca290000
fc2c00002434000060340000833400004e350000e735000013390000d2390000f93a0000e03e00004640000017000000
b4000000ee00000053010000b1010000fa0100008f020000ed020000f5020000f9020000110300002d0300007d050000
44060000b107000031080000b20900006c0b00008c0b0000d80d0000a41100002f150000d11f00001e20000024200000
7221000080220000172700001d2700002e2700006c27000050280000e62800000b00000034000000a7010000c8010000
73050000ea070000470000005d00000076030000a70300007704000086050000b6050000d70500008406000045090000
47090000b8090000be0900001a0a00002e0a0000430a0000790b00007f0b0000b10b0000d20b00000e0c0000f20c0000
53110000d61f0000612000005c210000852100003c220000aa220000c92200006d2500003c260000eb2900001a2b0000
852c0000173500003135000063350000ab380000d3380000833a00000e3b000094040000e60a0000fb0a000063130000
25140000fb19000073200000ba200000cd210000022200000c220000ab290000ca290000332f0000603400004e350000
e73500001339000068390000f93a0000e03e0000f43f000046400000d800000006010000b1010000b9010000e1010000
fa0100008f0200002d030000af090000b20900006c0b00008c0b0000d80d0000a41100002f150000891d0000d11f0000
1e200000242000007221000036220000802200002f230000172700001d2700002e2700006c27000050280000e6280000
190100003101000054030000ed0300006b040000c005000066060000bd060000910800001309000082090000910a0000
a30a0000500b00008f0b00009b0c0000310d0000e60d0000250e0000d50e0000260f0000041000000e10000005110000
6b110000c511000070120000bd120000c212000025130000571300001f1400004014000044140000541400006e140000
a5140000fe1400009e150000a3150000fd15000022160000bc160000301700004317000058170000b5170000ba170000
92180000611a000003200000222000004021000067210000fd210000002200000d2300001b2300008a25000059260000
5a270000a828000085290000a5290000682a0000c82a0000c92b0000e12b0000fa2b00001a2c0000e42c0000672d0000
09340000793400001e35000084350000b3380000c7390000a03a00005a3b00006c3b00001c3c0000303d0000633e0000
743e00008741000076030000c90800001a0a0000d30a0000b10b0000e01f00006120000085210000ca2100003c220000
eb2900001a2b000031350000d33800009c3b00005c050000b20a0000040b00000c220000fd380000f63e0000f43f0000
f20000000002000069090000a50b00006a0c0000891d000036220000ba2200002f2300007f0d0000cd12000040140000
6e140000e4140000971f00001b23000061230000b024000059260000d6260000d9260000da2700006f2f0000a03a0000
3640000063130000041a00004f1a0000e4230000683900006f400000eb400000d8000000060100009e02000067030000
a20b00006c15000090150000a71700006600000008030000c8040000b6050000d70500008d06000044070000c9080000
570a0000590a0000d30a0000570b0000ab0b0000200c0000f20c00005311000039170000b0170000d1170000e01f0000
ca210000bf220000ba23000077250000c1250000852c00006d350000bd3500002c3b00009c3b0000233c00005c050000
b20a0000040b00006313000025140000041a00004f1a0000ed2100000c220000e42300001c280000c029000060340000
44350000f1350000fd38000068390000f63e0000f43f00006f400000eb400000d8000000f20000000601000000020000
9e0200006703000069090000a20b0000a50b00006a0c00003b0d0000470d0000d80d000070110000a41100002f150000
6c15000090150000a7170000891d000036220000ba2200002f230000262700007d270000f12800002b0e000049100000
6f1000000e1300005a1400003c18000098180000671a0000da270000832a0000f92a0000302c0000332c0000aa2d0000
47390000b1410000660000008e010000080300006c030000c90400008d06000044070000e10700005b080000c9080000
6f090000570a0000590a0000d30a0000570b0000a70b0000db0f000039170000e01f00006120000085210000ca210000
3c220000392a00001a2b00004a2d000071330000313500002c3b00009c3b0000233c0000310100008b01000010020000
ed0300006b040000f305000000060000bd0600006c090000910a0000dc0b0000f40f0000491000006f10000025130000
551500002216000015170000ed1700003c180000891f00005b230000f324000035260000a0260000c0260000f92a0000
a12c0000aa2d0000b22f00007c3a00005a3b00000c40000033020000ca090000560c000091240000502f000049100000
6f100000551500002216000015170000ed1700003c180000891f00005b230000f3240000a0260000c0260000f92a0000
aa2d0000b22f00000c40000012050000c8050000f005000084080000fb090000130a0000740a0000950c0000ef0c0000
7f0d0000f70f0000cd12000042130000e4140000fa1700005118000092180000d2190000611a0000ae2000001c210000
b0240000f5290000362b0000fa2b00001a2c00009e2c0000252f00006f2f0000cc380000393b0000874100002c060000
5c0600001d1800006f2a0000da2c00005d000000be00000033020000a7030000150500008e050000a7050000a9050000
2c0600004d060000530600005c06000084060000ca0900002e0a0000430a00007f0b00000e0c0000560c000023150000
921600001d180000aa220000912400006d250000b9270000592800007a2800001c2900006f2a0000752c0000d12c0000
da2c0000502f0000c92f0000633500000e3b0000310100008b01000010020000ed0300006b04000012050000c8050000
f0050000f305000000060000bd060000840800006c090000fb090000130a0000740a0000910a0000dc0b0000950c0000
ef0c0000590d00007f0d00001d0e0000d60e0000690f0000f40f0000f70f00004910000060100000651000006f100000
80110000bf110000bb120000cd1200002513000042130000441400004c140000a5140000e41400004115000055150000
221600009d16000015170000ed170000fa1700003c1800005118000092180000d2190000611a0000891f0000ae200000
062100001c2100000d2300005b230000b0240000f32400008a25000035260000a0260000c02600003c270000ce270000
5e280000fb2800006c290000f5290000ba2a0000f92a0000362b0000fa2b00001a2c00009e2c0000a12c0000a02d0000
aa2d00000f2f0000252f00006f2f0000b22f00000334000084350000ca350000cc3800007c3a0000393b00005a3b0000
0c40000087410000330200002c0600005c060000ca090000560c00001d18000091240000b9270000592800007a280000
1c2900006f2a0000da2c0000502f0000c92f00007f0d0000cd120000e41400005118000092180000d2190000611a0000
ae2000001c210000b0240000362b0000fa2b00001a2c0000252f00006f2f0000874100005d000000be000000e6010000
3302000057030000a7030000780400008e050000a7050000a90500002c0600005c06000084060000ff07000051080000
b4090000ca0900002e0a0000430a0000920b0000560c00001d180000fb20000091240000b9270000592800007a280000
1c290000272a00006f2a0000752c0000da2c0000042f0000502f0000c92f0000673300000e3b00007f0f000097130000
d0130000221400001e1a00002e1a00000a2400002e240000272e0000823900002e3f0000bb40000068410000b2030000
380400008604000094040000460a0000a80a0000df0a0000e60a0000fb0a0000c31500002e1600004c170000a0170000
fb190000ed210000ab290000ca290000fc2c000096330000a33300009d34000044350000e735000013390000d2390000
f93a0000e03e0000464000004f1a0000eb4000002b050000b20a0000fb0a00005a0b0000c31500002e1600004c170000
a0170000fb1900004f1a0000ed210000ab290000ca2900003a2d00009d34000044350000e7350000fd380000d2390000
f93a0000e03e000046400000eb40000017000000b4000000ec000000ac010000b1010000fa0100008f020000ed020000
f90200002d0300007d05000044060000b2070000ee070000b20900006c0b00008c0b0000b70c00003b0d0000470d0000
701100008015000086150000b0160000d11f0000e91f000080220000172700001d2700002e2700006c27000050280000
e62800006c15000090150000a71700000b00000034000000e9020000730500003308000005150000f2000000fa010000
8f020000e6020000ed020000f90200002d0300004406000047060000690900006c0b00008c0b00006a0c00003b0d0000
470d0000701100001e1500006c150000801500008615000090150000b0160000a717000080220000172700001d270000
2e2700006c27000050280000e628000037010000c101000012050000c3060000ff06000084080000730900007f090000
740a0000a60a0000dd0a0000ca0b00004f0c00007d0c0000950c0000310d0000e00d00001d0e00002b0e0000250f0000
6f0f0000041000000e1000005e1000006b110000ab110000bf11000010120000731200000e1300004213000054130000
a91300004c140000561400005a140000b314000084150000761600000b1700009b1700009e170000771b0000891f0000
09200000ae200000c3210000e721000040220000482200004c22000064220000a7220000152300003d23000042230000
5b2300009b24000090250000a025000072260000a0260000c02600005a270000a828000085290000a5290000832a0000
ba2a0000672d00005a2f0000ef330000033400008a3500009a350000b038000047390000b93a0000393b00006f3b0000
a63b0000ae3c0000d43d0000743e00000c4000000803000044070000570b0000790b0000d20b000039170000b0170000
d1170000c9220000ba230000c12500003c260000bd350000833a0000233c0000e60d0000491000006f10000005110000
1f14000022160000251700002d170000581700003c1800007918000092180000611a0000f92a0000cc2b0000fa2b0000
1a2c0000aa2d0000c4390000303d000087410000470000005d0000008e010000fe0200005703000076030000a7030000
1b050000860500004906000084060000e10700003d0800005108000045090000470900006f0900001a0a00002e0a0000
430a0000790b0000920b0000b10b0000d20b0000db0f000000170000b0170000d1170000c9220000ba230000c1250000
3c260000eb290000272a00004a2d00005633000067330000bd350000ab380000d3380000833a00000e3b0000120d0000
690d00007f0d000023100000cd120000cc130000de13000040140000691400006e14000071140000dd140000e4140000
491e0000421f0000521f00006c1f0000971f0000f62200001b23000061230000b0240000b32400005226000059260000
d6260000d9260000da270000e82e00006f2f0000722f0000623a0000993a0000a03a0000923c00001d3f0000663f0000
dc3f000036400000512300000b4000009c1d00004e230000770d0000ae0d0000fc0d000046150000aa170000741d0000
891d0000a01d0000a91d00006b1e0000a21f0000c71f0000362200002f230000ad230000ce2400007b2600008d2f0000
95320000c23a0000cd3c000066000000bd01000008030000d0030000c8040000b6050000d70500008d060000fb060000
44070000c9080000120900007a09000096090000570a0000590a00005a0a0000d30a0000d50a0000d60a00004f0b0000
570b0000620b0000ab0b0000200c00006f0c0000f20c0000090e000031110000531100003313000080130000fa140000
391700003b1700003c170000b0170000d1170000f01d0000351f00005b1f0000841f0000e01f0000c2210000ca210000
d52100004722000063220000bf22000034230000ba230000772500009d250000c125000050270000852c0000be330000
fa330000183400002a340000fd34000009350000113500006d35000097350000bd3500005d3600007a36000090360000
46370000ec3700002c3b00009c3b00009e3b00001b3c0000233c0000733e00002900000065000000e1000000f5000000
4401000057010000a5010000bc010000010200001e020000f1020000050300008c060000fa06000041070000a4070000
b507000008080000c808000011090000b00d0000f9140000471500004b150000a01600002b1800008a1d0000cf1e0000
dd1f0000302000001b2700004d2700000e00000052000000f501000016020000060000000b0000003400000037000000
b3000000c6000000a7010000c8010000f00100008e020000f4020000100300002c0300003f0300007305000075050000
7605000090050000fd05000006060000ea07000030080000650800007b0800004b090000cf090000d5090000cd0c0000
3e1d0000691d0000cd1d0000b81e0000c01e00007f22000092220000132700006b2700005e2c0000a82c000026300000
d4340000ec340000fb350000373600000b380000bd01000008030000fb06000044070000d50a0000d60a0000570b0000
620b0000790b0000c90b0000d20b00004e0c00008c0c0000090e000039170000b0170000d1170000231f0000371f0000
5b1f0000841f0000c221000047220000632200008a220000c92200003423000051230000ba230000932400009d250000
c12500003c26000050270000e02e0000522f0000fa330000093500001135000097350000bd3500007a36000090360000
583a0000833a0000383b00009e3b0000233c0000733e00000b400000dc00000025010000a5010000f401000008020000
0b02000030020000f1020000fb050000c808000011090000c7090000b00d0000f9140000471500004b150000a0160000
2b1800008a1d00009c1d0000cf1e0000dd1f0000302000004e2300001b2700004d270000d1000000d8000000f2000000
01010000060100000d0100008101000096010000000200009e020000670300006e030000f0040000b0050000b4050000
85080000950800009c080000bf080000e7080000380900006909000077090000750a0000af0a0000030b0000a20b0000
a50b0000a90b00006a0c0000900c0000a30c0000e50c0000270d0000390d00003b0d0000470d00005f0d0000ae0d0000
be0d0000d80d0000db0d0000ea0d0000fc0d00000e0e00003c0e0000cf0f000024100000281000007011000071110000
a3110000a4110000bb110000cc1100007c120000d0120000d5120000311300007a130000411400006b1400002f150000
461500006c1500009015000097150000dc160000f016000076170000a7170000aa170000ae170000421800008a1b0000
501d00006e1d0000861d0000891d00008f1d0000bd1d0000d91d00009e1e0000c41e0000cb1e0000e81e0000331f0000
591f00007e1f0000981f00000d2000005420000069200000b5210000092200002f2200003622000044220000ba220000
ec220000012300002f230000ad230000262700007d270000f12800001b2a0000bb2a0000cc2a00000e2b0000502b0000
d52b00003e2d0000782d0000dd300000fe33000010340000dc340000f4340000083600004a3600003b370000e3370000
2d3800003a3b0000783b0000cd3b00000b3d0000af3d0000443e0000f00100008e0200002c0300003f030000481d0000
cd1d00007f220000132700006b270000ec34000037360000ba3b00007f0d0000cd120000de130000401400006e140000
e4140000491e0000521f00006c1f0000971f00001b23000061230000b024000059260000d6260000d9260000da270000
6f2f0000623a0000a03a0000663f0000dc3f0000364000006600000008030000d0030000c8040000b6050000d7050000
8d06000044070000c9080000570a0000590a00005a0a0000d30a0000570b0000620b0000ab0b0000200c0000f20c0000
531100008013000039170000b0170000d1170000f01d0000351f0000841f0000e01f0000ca210000d5210000bf220000
ba23000077250000c1250000852c00002a340000fd340000113500006d350000bd3500005d36000090360000ec370000
2c3b00009c3b0000233c00002900000065000000e100000044010000a5010000bc010000010200001e020000f1020000
8c060000fa060000a40700000808000011090000f9140000471500004b150000a0160000d8000000f200000006010000
96010000000200009e020000670300006e030000f004000085080000bf080000e7080000380900006909000077090000
750a0000030b0000a20b0000a50b0000a90b00006a0c0000a30c00003b0d0000470d0000d80d00003c0e0000cf0f0000
241000002810000070110000a4110000cc1100007a1300006b1400002f1500006c15000090150000dc16000076170000
a71700008a1b0000501d0000861d0000891d0000bd1d0000d91d0000cb1e0000e81e0000331f00007e1f0000981f0000
69200000b52100003622000044220000ba2200002f230000262700007d270000f12800001b2a0000bb2a00000e2b0000
502b00003e2d0000782d000010340000f43400004a360000e33700003a3b0000cd3b0000af3d0000891d0000a91d0000
6b1e0000c71f0000362200002f230000ce2400008d2f00001700000042000000b4000000ee00000053010000b1010000
e8010000fa0100008f020000ed020000f5020000f9020000110300002d0300005f0300009e030000f50300007b040000
a3040000130500007d05000081050000c1050000de050000440600004b0600004f060000ba060000d9060000b1070000
3108000067080000dc0800002f0900004c090000b2090000b6090000d0090000d60900006c0b00007c0b00008c0b0000
9a0b0000f00b0000d40c0000f70c0000d00d0000d80d000048110000571100009f110000a4110000f612000025150000
2f150000cc16000023190000421d0000991d0000d51d0000161e0000b91e0000d51e0000e41e0000071f0000941f0000
d11f00001e20000024200000f72000000e2100007221000080220000b2220000d3250000172700001d2700002e270000
6c270000c127000050280000572800006e280000e62800004a290000092a0000492b00008c2c0000cd2c0000362e0000
002f0000172f0000bd2f000027300000d5340000f0340000fd35000041360000153800000b00000034000000c6000000
a7010000c8010000730500007605000090050000fd05000006060000ea0700007b080000691d0000c01e00005e2c0000
a82c0000d800000006010000b1010000b9010000e1010000e8010000fa0100008f0200002d0300005f0300007b040000
a0040000b4050000cb050000050600000f060000dc080000e00800002f090000af090000b2090000b6090000f10a0000
6c0b00008c0b00009a0b0000fa0c0000d00d0000d80d00009f110000a4110000f4110000f61200002f15000023190000
4d1d0000661d0000891d0000991d0000a91d0000d51d0000161e00005b1e00006b1e0000d51e0000e41e0000071f0000
2a1f0000941f0000c71f0000d11f00001e20000024200000f72000000e2100007221000036220000802200002f230000
ce240000172700001d2700002e2700006c270000c127000050280000572800006e280000e62800004a290000092a0000
492b0000792c0000b12c0000362e0000002f0000172f00008d2f0000bd2f0000f034000041360000bb3b000037010000
c1010000450400008b04000012050000c3060000ff06000084080000730900007f090000740a0000a60a0000aa0a0000
dd0a0000e10a0000ca0b00004f0c00007d0c0000950c0000310d0000e00d00001d0e00002b0e00008e0e0000250f0000
6f0f0000930f0000041000000e1000005e1000006b110000ab110000bf11000010120000731200000e13000042130000
4d1300005413000067130000a6130000a9130000071400000e1400002a1400004c140000561400005a140000b3140000
8415000031160000761600000b1700009b1700009e170000a2170000771b0000e31d0000051e00001b1e00001f1e0000
2d1f00004f1f00005f1f0000611f0000691f0000891f000009200000ae200000c3210000e7210000f521000040220000
482200004c22000064220000a7220000152300003d230000422300005b2300009b24000090250000a025000072260000
a0260000c02600005a270000a828000085290000a5290000b3290000832a0000ba2a0000672d0000e22e00005a2f0000
ef33000003340000393400005534000064340000053500000a3500008a3500009a3500006f3600007c360000ea360000
62370000f637000095380000b0380000473900006f390000ba3900006b3a0000b93a0000393b00006f3b0000a63b0000
ae3c0000d43d0000743e0000d33f00000c4000000803000044070000570b0000620b0000790b0000d20b000039170000
b0170000d1170000371f0000841f0000c9220000ba230000c12500003c26000011350000bd35000090360000583a0000
833a0000233c0000f40100000b020000f1020000fb05000011090000f9140000471500004b150000a0160000f2000000
96010000fa0100008f020000e6020000ed020000f9020000000300002d0300005f030000a00400001e05000044060000
470600004b060000b9060000ce060000bf080000e00800001a0900002f0900006909000077090000ce090000d2090000
f10a00006c0b00008c0b00009a0b00006a0c0000db0c00003b0d0000470d0000f70d0000cf0f00002410000028100000
70110000b211000047120000961200001e1500006c150000801500008615000090150000ee15000058160000b0160000
fc1600001617000017170000a7170000ae170000c5170000441d00004d1d0000861d0000ba1d0000d51d0000dc1d0000
cb1e0000dd1e0000e41e0000ed1e0000181f00002a1f0000941f00009b1f000080220000c22300002726000017270000
1d2700002e2700006c27000050280000e6280000092a00003e2b0000492b00003e2d0000782d00001b30000080310000
e8340000f03400002f360000413600006f380000bb3800004f3a0000bb3b0000280100000c02000033020000fc050000
ca090000f40a00000b0b0000d40b0000560c0000512300009124000034260000502f00007b3a0000403b0000d03e0000
083f00000b400000dc000000f401000008020000780b0000c80b0000890c00009c1d000081220000c62200004e230000
770d0000ae0d0000fc0d000046150000aa170000891d00008a1f00009b1f000036220000012300002f23000055230000
69230000ad230000a1260000ac260000e2260000fc260000953200002d3800000d400000194000002c0600005c060000
fa090000120a00008c0c0000f61700001d18000088180000f41900000b1a0000ed2900006f2a0000da2c0000cb380000
383b0000474000007540000086410000dc0000002501000090020000a20200002e030000730300006d0b0000ae0b0000
68180000851800000c000000130000007300000087000000f50100001602000093020000770700007907000000180000
060000000b00000034000000560000006d000000b3000000a7010000c8010000f00100008e020000b5020000f4020000
100300002c03000073050000750500007d06000094060000ea070000300800002f0a0000330a00005d0a00006b0a0000
800b0000b60b00000f0c0000230c0000cd0c0000481d00007f22000090220000e622000094230000672500007d250000
132700006b270000263000005d35000073350000ad3500000f3b0000133b0000ba3b0000f83b0000280100000c020000
33020000fc0500002c0600005c060000ca090000fa090000120a0000f40a00000b0b0000d40b0000560c00008c0c0000
090e0000f61700001d18000088180000f41900000b1a0000f922000051230000912400003426000033270000b9270000
55280000592800007a280000f82800001c2900006b29000093290000e7290000ed2900006f2a0000da2c0000502f0000
c92f0000fa3300007b350000c7350000e1350000f7350000cb3800007b3a0000383b0000403b0000d03e0000083f0000
0b400000474000007540000086410000dc00000025010000f40100000802000090020000a20200002e03000073030000
6d0b0000780b0000ae0b0000c80b0000890c0000620d00006e0d0000b00d00002b18000068180000851800009c1d0000
81220000c62200004e230000182700001e2700006d27000081270000e7280000eb2800005f0d0000110e00006c150000
90150000a717000034180000421800008c180000a01800005c1a00006f1a0000542000002f220000ec220000fb2b0000
062c00003c2c0000562c00000c310000c83600008841000094410000060000000b00000034000000560000006d000000
b300000069010000a3010000f00100008e020000b5020000e90200002c0300003d030000930300007305000075050000
7d06000094060000eb070000330800004b080000610800002f0a0000330a00005d0a00006b0a00007a0b0000ce0b0000
05150000481d0000cd1d0000e81f00007f220000132700006b270000282a00003c2a0000cc3000006133000077330000
ec3400000f3b0000133b0000ba3b0000f83b00007f0d000010120000cd120000a9130000de130000e4140000061f0000
691f0000891f0000092000002e200000ae200000ed200000e7210000f5210000102200004f2200005b230000b0240000
6f260000a0260000c02600006f2f0000f6370000b63a0000ae3c0000663f0000d33f0000fb3f00000c40000047000000
5d00000076030000a7030000da0300007704000086050000b6050000d7050000840600004509000047090000b8090000
be0900001a0a00002e0a0000430a00004e0a0000610a0000430b0000790b00007f0b0000b10b0000d20b00000e0c0000
f20c00005311000080130000301f0000371f0000d61f000061200000802000005c21000085210000d321000029220000
3c220000aa220000c92200006d2500003c260000eb2900001a2b0000852c00002a340000f93400001735000031350000
3e350000543500006335000057360000ab380000d3380000ed38000025390000583a0000833a00000e3b00000f000000
2d0000004600000053000000e100000044010000b2010000cf010000f4010000f60100000b02000017020000a2020000
85050000fb0500007a060000a4070000f107000001080000f9090000f5170000431800004718000066190000d8000000
0601000077010000b1010000b9010000e1010000fa0100008f0200002d0300005f0300007a0300001e05000085080000
95080000d0080000e00800002f090000a5090000af090000b2090000210a0000750a0000e50a0000f10a00006c0b0000
8c0b00009a0b0000b50b0000a30c0000d80d00003c0e00008d100000d2100000d6100000a4110000cc1100007a130000
6b1400002f1500009b190000291a00007a1b00004d1d0000891d0000d51d0000dc1d0000e41e0000181f00002a1f0000
941f00009b1f0000d11f0000e41f00001a2000001e200000242000004a200000662000006e2100007221000089210000
d1210000232200003622000041220000802200002f230000172700001d2700002e2700006c27000050280000e6280000
fd290000092a0000bb2a0000212b00003e2b0000492b0000c1300000e630000010340000f03400003535000041360000
da3800004f3a00003a3b0000ae3b0000bb3b0000f23d0000f2000000960100000002000028020000370200001e050000
bf080000e40800006909000077090000ce090000a50b0000350c00005d0c00006a0c0000cf0f0000891d0000a91d0000
6b1e0000c71f000036220000ba2200002f230000a3240000ce240000fe2400003e2d0000622f00008d2f000076320000
d8000000060100009e0200006703000073040000b4050000cb050000330600006e0600002907000058070000a20b0000
fa0c0000f41100006c15000090150000a717000012180000211800007518000038190000441900004e2a0000762a0000
bf2b0000792c0000ec2c00004b2e0000623000002700000084000000a0000000c4000000a7010000c8010000d6020000
e9020000aa030000870500009c050000fd050000060600007e0600009e0600008307000096070000a1070000ea070000
2b08000033080000ff0900000515000017190000691d0000c01e00006a2c0000a82c00002e2e00000e300000d8000000
f200000006010000960100000002000028020000370200009e02000067030000730400001e050000b4050000cb050000
330600006e0600002907000058070000bf080000e40800006909000077090000ce090000a20b0000a50b0000350c0000
5d0c00006a0c0000fa0c00003b0d0000470d0000d00d0000d80d0000cf0f00002410000028100000701100009f110000
a4110000f4110000f61200002f1500006c15000090150000a71700001218000021180000751800002319000038190000
44190000861d0000891d0000a91d00006b1e0000cb1e0000c71f000036220000ba2200002f230000a3240000ce240000
fe240000262700007d2700009b270000be270000e02700006428000081280000a4280000c4280000f128000010290000
202900004e2a0000762a0000bf2b0000792c0000ec2c00003e2d0000782d0000362e00004b2e0000622f00008d2f0000
d02f00006230000076320000ee320000e60d0000491000006f100000051100001f1400002d1400002216000025170000
2d170000581700003c1800007918000092180000261a0000441a0000531a0000611a000086240000f92a0000cc2b0000
fa2b00001a2c0000aa2d00002e370000c4390000303d00008d400000fd4000000941000087410000470000005d000000
8e010000fe0200005703000076030000a7030000da0300001b05000038050000860500004906000084060000e1070000
3d0800005108000045090000470900006f0900001a0a00002e0a0000430a00004e0a0000610a0000cf0a00003c0b0000
430b0000600b0000790b0000920b0000b10b0000d20b0000db0f000000170000b0170000d1170000371f0000841f0000
c9220000ba230000c12500003c260000eb290000272a00004a2d000056330000673300009c330000af330000ba330000
11350000bd35000057360000ab380000d3380000ed38000025390000583a0000833a00000e3b00000f0000002d000000
460000005300000003010000f40100000b0200009b020000a2020000ee02000085050000fb0500007a060000b9070000
1b08000037080000f9090000a80c00000c150000471500004b150000a0160000f517000001180000f20000003f010000
fa0100008f020000ba020000e6020000ed020000f90200000c0300002d030000730400004406000047060000b9060000
cb060000ce0600002d0700004807000069090000c90a0000360b00005e0b00006c0b00007c0b00008c0b0000b50b0000
e40b0000f00b00006a0c0000db0c00003b0d0000470d0000f70d000070110000b2110000471200009612000026130000
45140000a61400001e1500006c1500008015000086150000901500000016000058160000b0160000dc1600004b170000
76170000a7170000bb170000d8170000f11900005c1a00005d1a0000721a00007d1a0000bd1d00007e1f000080220000
b2220000cd2200002c2300009c230000a3230000bf23000097250000b5250000c5250000d32500004326000095260000
172700001d2700002e2700006c27000050280000e62800001b3000008031000091350000b1350000c135000015380000
8a3a0000dc3a0000923b0000023c00002a3c0000af3d000066010000770100002b020000f0040000e305000085080000
95080000e7080000a50900003e0c00008d100000ae10000050150000dc160000dd170000341800009e1e000036200000
72220000102500003625000059250000912c0000c13000000c31000088320000b2320000d73200002302000075320000
50150000dc160000dd170000341800009e1e0000362000007222000036250000592500000c310000b2320000d7320000
a0040000b9060000cb060000ce060000ef060000300700006a070000ca0c0000db0c0000770d0000e70f000096120000
6d1600007d160000151800004c180000811800009b19000050210000572a0000262b0000ef2b0000562d00001b300000
743000008d3100004b32000095320000a5000000d601000025030000a80300008e060000a3060000fc06000005070000
490700004f0700009a070000f907000043080000ca08000017090000131500004c1600008c160000fd1f00002a210000
6221000093270000133000003c300000583000007c31000033320000ed3200000d1800006130000093000000a7000000
230200009e0500007d0600009406000097060000ad060000fc06000005070000490700004f0700005909000013150000
8c1600000d180000fd1f000062210000932700006c2c0000073000003c300000583000006130000075320000ed320000
66010000770100002b020000a0040000f0040000e3050000b9060000cb060000ce060000ef060000300700006a070000
8508000095080000e7080000a50900003e0c0000ca0c0000db0c0000510d0000770d0000f70d0000e70f00008d100000
ae100000d2100000d6100000081100000d1100007b110000b21100001112000047120000961200003915000050150000
581600006d1600007d16000098160000dc160000dd17000015180000341800004c180000811800009b1900009e1e0000
1a2000003620000036210000502100006e210000722200001025000036250000592500009f270000db270000af280000
cb28000014290000572a0000262b0000ef2b0000912c0000562d00001b30000074300000c1300000e630000002310000
0c310000803100008d3100003b3200004b3200008832000095320000b2320000d7320000f5320000230200000d180000
932700006130000075320000ed320000770d00006d1600007d1600004c180000811800009b19000050210000262b0000
ef2b00008d3100004b3200009532000093000000a7000000d601000023020000250300009e0500007d06000094060000
97060000ad060000f907000043080000ca08000017090000590900004c1600000d1800002a210000932700006c2c0000
07300000613000007c3100003332000075320000ed3200009e1e0000362000007222000036250000b23200009d000000
dc010000280200009e030000eb0300007b0400001305000016050000a005000095060000ae060000c4060000df060000
29070000480700004a0700004c0700005007000058070000d0080000e4080000c2090000350c0000d80c0000f70d0000
4b110000b2110000471200001715000019150000581600008d16000004170000121800002b200000af20000027210000
412100004221000077210000fe2400009b270000a2270000a3280000a4280000b9280000c4280000102900007a290000
4e2a00006e2c00002d30000055300000593000006230000080310000303200003f32000076320000e2320000ee320000
a70000007d06000097060000fc0600000507000059090000fd1f000062210000073000003c300000dc01000028020000
730400007b040000b9060000ce060000040700000e0700002907000058070000d0080000e4080000c2090000350c0000
db0c0000f70d0000b2110000471200009612000058160000121800009e1e0000fa1f00002b20000036200000af200000
ff2000002721000041210000422100007721000072220000fe240000362500009b270000a2270000a3280000a4280000
b9280000c4280000102900007a2900004e2a0000082f00001b3000006230000080310000303200003f32000076320000
b2320000e2320000ee320000770100002b020000f004000095080000e7080000a50900003e0c00008d1000009e1e0000
36200000722200001025000036250000c130000088320000b2320000a0040000b9060000ce060000300700006a070000
db0c0000961200006d1600007d1600001518000081180000572a0000ef2b00001b300000743000008d310000a5000000
25030000a80300008e060000a3060000fc060000050700009a07000043080000170900004c160000fd1f000062210000
133000003c3000007c310000770100002b020000a0040000f0040000b9060000ce060000300700006a07000095080000
e7080000a50900003e0c0000db0c0000f70d00008d100000d2100000d6100000b2110000471200009612000058160000
6d1600007d16000015180000811800009e1e00001a200000362000006e2100007222000010250000362500009f270000
db270000af280000cb28000014290000572a0000ef2b00001b30000074300000c1300000e6300000803100008d310000
88320000b2320000f53200009d00000074010000da010000dc010000280200009e030000f2030000700400007b040000
13050000a005000095060000ae06000029070000480700004c07000058070000d9070000fa07000092080000ce080000
d0080000e4080000c2090000350c00009e100000d2100000d6100000191500008d150000231600007716000078160000
b516000004170000121800001a200000272100002b2100006e210000fe2400009b270000a2270000a3280000a4280000
b9280000c4280000102900007a2900004e2a00006e2c00005530000062300000d3300000e63000008831000030320000
3432000076320000e2320000ee3200006d1600007d16000081180000ef2b00008d310000a7000000250300007d060000
970600004308000017090000590900004c160000073000007c310000770100002802000022030000130500001e050000
5706000029070000480700004c0700005807000095080000e408000014090000a5090000350c00008d100000d2100000
d6100000191500008d15000023160000551600006d16000077160000781600007d160000b51600000417000012180000
811800001a2000006e210000fe2400009b270000a2270000a3280000a4280000b9280000c4280000102900007a290000
4e2a0000ef2b0000d52c00005530000062300000c1300000e6300000883100008d31000076320000e2320000ee320000
120d0000060e00002b0e0000491000006f10000072100000f4120000071300000e130000fe1300000e1400003a140000
5a140000261800003c18000098180000141a0000261a0000471a0000671a00006e240000da270000832a0000862a0000
f22a0000f92a0000302c0000332c0000aa2d0000ad2d0000172e00004039000047390000ba390000923c00008d400000
c74000001b410000b1410000660000000b0100008e010000bd010000080300006c030000d0030000c904000007050000
b20500008d060000fb06000044070000bf070000e10700005b080000c9080000120900006f090000570a0000590a0000
5a0a0000820a0000cf0a0000d30a0000d50a0000d60a0000410b00004f0b0000570b0000620b0000a70b0000db0f0000
87120000fa14000095150000b9160000391700003b1700003c17000090170000ac170000e01f00006120000085210000
c2210000ca210000d5210000292200003c220000f922000050270000392a00001a2b0000e02b00004a2d00002f330000
713300008a3300009c330000b3330000763400009734000031350000543500007b3500005d3600007a36000090360000
46370000ec3700002c3b00009c3b00009e3b00001b3c0000233c0000733e000088180000864100002801000037030000
760300005e060000c9080000120900001a0a0000d30a00002f0b0000430b00004f0b0000740b0000b10b0000fa140000
95150000b91600003b1700003c17000090170000ac17000088180000e01f00006120000085210000ca210000d5210000
292200003c220000f922000050270000eb290000672a00001a2b0000e02b0000dc2c00002f2d00007634000097340000
31350000543500007b35000046370000ec370000d338000025390000403b00009c3b00001b3c0000733e000086410000
2900000065000000d900000003010000a5010000bc0100009f020000f1020000050300008c060000fa06000041070000
a8070000b90700001f080000c808000011090000a80c0000bb0c0000620d00006e0d0000f91400006d150000a8160000
0818000043180000471800007b18000066190000dd1f00001b2700004d27000068180000851800000e00000052000000
9302000000180000dc000000a5010000bc01000090020000a2020000f1020000050300002b060000fa06000041070000
f9090000890c0000620d00006e0d00006d150000a8160000f51700001a1800004318000047180000681800007b180000
85180000661900001b2700004d270000d1000000d8000000f200000001010000060100002c0100003f01000081010000
000200009e020000bd02000067030000a0040000b0050000b4050000cb050000b9060000cb0600003007000069090000
770900008b090000800a0000c90a00003f0b0000a20b0000a50b0000a90b0000020c00006a0c0000710c0000e50c0000
fa0c0000270d0000390d00003b0d0000470d00005f0d0000ae0d0000b80d0000d00d0000d80d0000db0d0000ea0d0000
fc0d0000110e00004a1000007011000071110000981100009f110000a3110000a4110000d1110000f4110000f6120000
2613000060130000451400005d140000a6140000b71400002f150000461500006c15000072150000901500006d160000
8e170000a7170000aa170000ae170000c517000042180000e4180000231900009b190000c8190000031a0000291a0000
4c1a0000681a0000841a0000741d0000891d00000d2000004a20000054200000232200002f2200003622000044220000
58220000ba220000c1220000ec220000fe2200002c2300002f23000036230000a0230000ad230000c223000086250000
97250000b9250000dc2500000226000027260000262700007d270000f1280000792c0000362e0000dd300000e6330000
7f35000091350000b535000097360000c83600001e380000483800006f380000473b0000923b00000b3c0000cd3c0000
c73d0000f23d0000f00100008e020000b50200002c0300007f2200009222000094230000132700006b270000ad350000
0b380000f83b00005f0d0000be0d00006c15000090150000a717000034180000421800006c1800007518000038190000
44190000e6190000542000002f220000ec2200009a2b0000bf2b00004b2e00000c310000f33900000b3d000006000000
0b0000003400000037000000b3000000c600000069010000a3010000f00100008e020000ab020000d6020000e9020000
2c0300003f030000730500007505000076050000900500002d060000eb070000230800002b0800003308000065080000
7b0800004b090000ff0900000515000017190000bc190000e81f00007f2200009222000094230000132700006b270000
5e2c00002e2e0000cc3000004c330000ad350000fb350000373600000b380000190100003101000054030000ed030000
5d0400006b040000fa040000c005000066060000bd060000910800001309000082090000910a00009c0a0000a30a0000
b60a0000390b0000500b00008f0b00009b0c0000310d0000e60d0000250e0000760e0000d50e0000260f00005c0f0000
041000000e100000051100006b110000c511000070120000bd120000c212000025130000571300005b130000a6130000
0b1400001f1400002d1400004014000044140000541400006e140000a5140000fe1400009e150000a3150000ba150000
fd150000191600001d16000022160000bc160000301700004317000047170000581700009417000096170000b5170000
ba17000092180000441a0000611a00004b1f0000521f00000320000022200000a1200000bd2000004021000067210000
f2210000fd21000000220000042200000d2300001b2300008a250000592600005a270000a828000085290000a5290000
b3290000682a0000c82a0000c92b0000e12b0000fa2b00001a2c0000e42c0000312d0000672d00000934000039340000
583400007934000098340000023500001e350000483500008435000068360000f13600002e37000048370000ff370000
95380000b338000004390000c7390000ea390000623a0000a03a00005a3b00006c3b00001c3c0000303d0000633e0000
743e0000094100008741000076030000c90800001a0a0000d30a0000430b0000b10b0000e01f00006120000085210000
ca210000d5210000292200003c220000eb2900001a2b00003135000054350000ec370000d3380000253900009c3b0000
a5010000bc010000a2020000fa060000f9090000f5170000431800004718000066190000d80000000601000077010000
b1010000b9010000e1010000fa0100008f020000b1020000ba0200002d03000073040000f0040000b4050000cb050000
330600002d07000095080000a5090000af090000b2090000b6090000ba090000020a0000360b00006c0b00007c0b0000
8c0b0000f00b0000fa0c0000d00d0000d80d00008d100000d2100000d61000009f110000a4110000f4110000f6120000
2f150000d418000023190000b9190000d3190000d4190000f11900005c1a00005d1a0000721a00007d1a0000891d0000
d11f0000d81f00001a2000001e2000002420000047200000692000006e210000722100007d2100008e210000b5210000
362200004422000080220000b22200002f2300009c230000a3230000b5250000d325000095260000172700001d270000
2e2700006c27000050280000e62800000e2b0000792c0000362e0000c1300000e630000029350000b1350000d2370000
e337000015380000c3380000dc3a0000023c00002b0e0000491000006f1000000e1300000e1400005a1400003c180000
98180000261a0000471a0000671a00006e240000da270000832a0000f92a0000302c0000332c0000aa2d000047390000
ba3900008d4000001b410000b1410000660000008e010000080300006c030000d0030000c9040000070500008d060000
44070000e10700005b080000c90800006f090000570a0000590a00005a0a0000cf0a0000d30a0000410b0000570b0000
620b0000a70b0000db0f000039170000e01f00006120000085210000ca210000d5210000292200003c220000392a0000
1a2b00004a2d0000713300009c330000b333000031350000543500005d36000090360000ec3700002c3b00009c3b0000
233c0000290000006500000003010000a5010000bc0100009f020000f10200008c060000fa060000b90700001f080000
11090000a80c0000f914000008180000431800004718000066190000d8000000f2000000060100003f01000000020000
9e020000bd02000067030000a0040000b4050000cb050000cb0600003007000069090000c90a00003f0b0000a20b0000
a50b0000a90b0000020c00006a0c0000fa0c00003b0d0000470d0000d00d0000d80d0000701100009f110000a4110000
f4110000f61200002613000045140000a61400002f1500006c15000090150000a7170000ae170000c5170000e4180000
231900009b190000031a0000291a0000681a0000841a0000891d00004a2000002322000036220000ba220000c1220000
2c2300002f230000a0230000c223000097250000b9250000dc25000027260000262700007d270000f1280000792c0000
362e000091350000b53500001e3800006f380000923b00000b3c0000f23d00001700000042000000b4000000ec000000
7001000093010000ac010000b1010000e8010000fa0100008f020000af020000ed020000f90200002d0300005f030000
9e030000010400007b040000ec040000130500007d0500008105000031060000440600004b0600004f060000b2070000
d6070000e5070000ee07000024080000670800008e080000dc0800002f0900004c09000074090000b2090000b6090000
6c0b00007c0b00008c0b00009a0b0000f00b0000b70c00003b0d0000470d0000e20f0000241000002810000098100000
70110000251500007c150000801500008615000014160000ae160000b0160000cc160000261700003f190000bd190000
5d1a00007d1a0000861d0000cb1e0000d11f0000e91f0000f720000080220000b22200009c230000b5250000d3250000
172700001d2700002e2700006c270000c127000050280000572800006e280000e62800004a290000092a0000cd2c0000
512d0000782d0000462e0000002f0000bd2f0000cd3000004d330000b1350000fd35000041360000153800006c150000
90150000a7170000751800003819000044190000bf2b00004b2e00000b00000034000000c6000000d6020000e9020000
7305000076050000900500002b080000330800007b080000ff09000005150000171900005e2c00002e2e0000f2000000
96010000fa0100008f020000ba020000d3020000e6020000ed020000f90200002d030000f0040000130500003f060000
44060000470600004b0600004f0600002d070000bf0800006909000077090000fc090000360b00006c0b00007c0b0000
8c0b0000f00b00006a0c00003b0d0000470d0000cf0f00002410000028100000701100001e150000251500006c150000
7c15000080150000861500009015000014160000ae160000b0160000cc16000026170000a71700007518000020190000
381900003f19000044190000f11900005d1a00007d1a0000861d0000cb1e000080220000b22200009c230000b5250000
d3250000172700001d2700002e2700006c270000c127000050280000572800006e280000e62800004a290000bf2b0000
c92c0000cd2c00003e2d0000782d0000462e00004b2e0000bd2f0000b135000015380000023c0000310100008b010000
10020000ed030000210400006b0400004f050000f305000000060000bd0600006c090000910a00009c0a0000cc0a0000
ff0a0000dc0b0000f40f0000491000006f100000251300005515000022160000491600001517000080170000ed170000
3c180000261a0000691f0000891f00005b230000f324000035260000a0260000c0260000f92a0000a12c00001e2d0000
aa2d0000b22f0000683600007c3a00005a3b0000e73e00008a3f0000d33f00000c4000008d40000033020000ca090000
0b0b0000560c000091240000502f0000083f0000491000006f1000005515000022160000491600001517000080170000
ed1700003c180000261a0000691f0000891f00005b230000f3240000a0260000c0260000f92a0000aa2d0000b22f0000
8a3f0000d33f00000c4000008d40000008020000c80b000081220000891d00008a1f0000362200002f23000069230000
a1260000fc2600000d400000f20000003f0100000002000015020000280200007b04000005060000cb060000e4080000
69090000c90a0000a50b0000ec0b0000350c00006a0c000026130000891d00008a1f000036220000ba2200002f230000
69230000fe24000036260000a1260000fc260000763200007d3a0000923b00000d40000012050000c8050000f0050000
84080000fb090000130a0000740a0000950c0000ef0c00007f0d0000520e0000f70f0000cd120000421300004d130000
7d130000de130000e4140000fa1700005118000092180000d2190000ff190000331a0000441a0000611a0000ae200000
1c210000d72300003e240000b0240000f5290000362b0000fa2b00001a2c00009e2c0000e32d0000252f00006f2f0000
ea360000cc380000393b0000663f00007640000009410000694100008741000040000000e6010000570300009b030000
c50300007804000089040000150500007f0500004d060000530600008a070000ff0700005108000053090000b4090000
4c0a0000ef0a00003c0b00007f0b0000920b00000e0c000023150000b81500009216000055170000301f0000fb200000
aa2200006d250000b9270000592800007a2800001c290000e7290000272a0000d12c0000042f0000c92f000022330000
6733000081330000a6330000af33000086340000f934000063350000f73500002c0600005c0600001d1800000b1a0000
6f2a0000da2c0000474000005d000000be00000033020000a7030000b7030000150500008e050000a7050000a9050000
2c0600004d060000530600005c06000084060000ca0900002e0a0000430a00004e0a00006e0a00000b0b00007f0b0000
0e0c0000560c000023150000b815000092160000551700001d1800000b1a0000301f0000aa220000912400006d250000
b9270000592800007a2800001c290000e72900006f2a0000752c0000d12c0000da2c0000012d0000502f0000c92f0000
86340000f934000063350000f7350000573600000e3b0000083f0000474000001e00000088000000ba010000f6010000
170200009b020000f6020000120300007f070000f3070000010800001b0800003208000001180000ea1f00001e270000
6d270000e7280000900200002e0300006d0b00001300000073000000770700000f0000003100000053000000b5000000
f6010000080200001702000090020000f6020000120300002e0300008d0500007a06000001080000320800006d0b0000
c80b0000812200001e2700006d270000e72800001700000061000000b4000000ee00000053010000b1010000c6010000
fa0100008f020000ba020000ed020000f5020000f9020000110300002d030000fd030000cb0400007d05000044060000
88060000ba060000d9060000040700002d070000b107000031080000e0080000140900007c09000098090000b2090000
4a0a00005e0a0000ed0a0000f10a0000360b0000510b00006c0b00008c0b0000b70b0000240c0000860c0000d40c0000
d80d00003c0e00003911000048110000a4110000cc1100006b140000031500002f15000053170000f11900005d1a0000
7d1a00007c1b00004d1d00002a1f0000d11f00001e2000002420000072210000c4210000492200006522000080220000
af2200004b2300009c23000071250000a5250000b5250000172700001d2700002e270000682700006c27000050280000
b6280000e628000086290000e1290000bb2a000027300000c633000010340000673500009f350000b1350000233b0000
b63b0000bb3b0000023c00001d3c0000753e00000b000000340000006d000000a7010000c80100007305000094060000
ea0700002f0a00006b0a0000800b00000f0c0000e62200007d250000733500000f3b0000d8000000060100009e020000
6703000013050000290700005807000085080000fc090000140a0000750a0000a20b0000a30c00007a1300006c150000
90150000a7170000ff17000012180000a01800006f1a0000052a00004e2a0000fb2b0000562c000062300000cd380000
3a3b000088410000270000005000000084000000a0000000a7010000c8010000e902000093030000ac0300008f050000
7e0600009e060000830700008d07000096070000ea070000330800006108000054090000800b0000ce0b00000f0c0000
05150000e62200007d250000282a00000e300000253300007733000073350000310100008b01000010020000ed030000
210400006b040000120500004f050000c8050000f0050000f305000000060000bd060000840800006c090000fb090000
130a0000740a0000910a00009c0a0000cc0a0000ff0a0000dc0b0000950c0000ef0c0000590d00007f0d00001d0e0000
520e0000d60e0000eb0e0000690f0000f40f0000f70f00004910000060100000651000006f10000080110000bf110000
bb120000cd12000025130000421300004d1300007d130000c5130000de13000007140000441400004c140000a5140000
e41400004115000055150000d415000022160000491600009d160000151700007417000080170000ed170000fa170000
3c1800005118000092180000d2190000ff190000261a0000331a0000441a0000611a00004b1f0000691f0000891f0000
ae200000062100001c2100000d2300005b230000d72300003e240000b0240000f32400008a25000035260000a0260000
c02600003c270000ce270000172800005e280000fb2800006c290000b0290000f5290000ba2a0000f92a0000362b0000
fa2b00001a2c00009e2c0000a12c00001e2d0000a02d0000aa2d0000e32d00000f2f0000252f00006f2f0000b22f0000
033400004634000055340000913400000235000084350000ca350000eb35000068360000ea360000cc3800007c3a0000
393b00005a3b0000e73e0000663f00008a3f0000d33f00000c400000764000008d400000094100006941000087410000
330200002c0600005c060000ca0900000b0b0000560c00001d1800000b1a000091240000b9270000592800007a280000
1c290000e72900006f2a0000da2c0000502f0000c92f0000f7350000083f00004740000008020000900200002e030000
6d0b0000c80b0000812200001e2700006d270000e7280000d8000000f2000000060100003f0100000002000015020000
280200009e020000670300007b0400001305000005060000cb060000290700005807000085080000e408000069090000
fc090000140a0000750a0000c90a0000a20b0000a50b0000ec0b0000350c00006a0c0000a30c00003b0d0000470d0000
d80d00003c0e000070110000a4110000cc110000261300007a130000451400006b140000a61400002f1500006c150000
90150000a7170000ff17000012180000a01800006f1a0000891d00008a1f000036220000ba2200002c2300002f230000
69230000fe2400009725000036260000a1260000fc260000262700004a2700007d2700009b270000e42700006c280000
a4280000c4280000f128000000290000102900006d290000052a00004e2a0000bb2a0000fb2b0000562c000062300000
76320000ee3200001034000091350000cf350000cd3800007d3a00003a3b0000923b00000d400000884100007f0d0000
cd120000de130000e41400005118000092180000d2190000331a0000441a0000611a0000ae2000001c2100003e240000
b0240000362b0000fa2b00001a2c0000252f00006f2f0000663f00000941000069410000874100005d000000be000000
e60100003302000057030000a7030000b703000078040000890400008e050000a7050000a90500002c0600005c060000
84060000ff07000051080000b4090000ca0900002e0a0000430a00004e0a00006e0a0000ef0a00000b0b00003c0b0000
920b0000560c00001d1800000b1a0000fb20000091240000b9270000592800007a2800001c290000e7290000272a0000
6f2a0000752c0000da2c0000012d0000042f0000502f0000c92f000067330000a6330000af330000f735000057360000
0e3b0000083f0000474000000f0000003100000053000000b5000000ba01000008020000900200009b0200002e030000
8d0500007a060000f30700001b0800006d0b0000c80b000001180000ea1f0000812200001e2700006d270000e7280000
d800000006010000b1010000b9010000c6010000e1010000fa0100008f020000ba0200002d0300001305000004070000
2d07000085080000af090000b2090000750a0000ed0a0000360b00006c0b00007c0b00008c0b0000cb0b0000f00b0000
500c0000a30c0000d80d00003c0e0000a4110000cc1100007a1300006b1400002f150000f11900005d1a00007d1a0000
7c1b0000891d00008a1f0000d11f00001e2000002420000072210000c421000036220000492200006522000080220000
b2220000e32200002f2300004b230000692300009c230000ab240000a5250000b5250000d3250000a1260000fc260000
172700001d2700002e270000682700006c27000050280000b6280000e628000086290000e1290000bb2a00006a2f0000
103400009f350000b1350000153800003a3b0000b63b0000023c0000753e00000d4000001700000061000000b4000000
ec0000002201000070010000ac010000b1010000c6010000fa0100008f020000ba020000ed020000f90200002d030000
5c03000009040000c40400007d050000c90500004406000088060000040700002d070000b2070000c7070000d6070000
ee070000550800008e080000e008000014090000b20900004a0a00005e0a0000ed0a0000f10a0000360b0000510b0000
6c0b00008c0b0000970b0000b70c00003b0d0000470d000098100000701100008912000045140000a614000003150000
8015000086150000ac15000002160000b0160000c116000053170000c3170000f11900004d1d0000d51d0000e41e0000
2a1f0000941f0000d11f0000e91f0000c4210000802200002c23000097250000172700001d2700002e27000068270000
6c27000050280000b6280000e628000086290000e12900003d2a0000492b0000e22b0000cd300000373300006b330000
7e340000f034000091350000233b0000b63b0000bb3b0000023c00001d3c0000753e00006c15000090150000a7170000
a01800006f1a0000fb2b0000562c0000884100000b000000340000006d000000e9020000930300007305000094060000
33080000610800002f0a00006b0a0000ce0b000005150000282a0000773300000f3b0000f20000003f010000fa010000
8f020000e6020000ed020000f90200002d0300005f030000900300007b040000440600004706000076060000cb060000
e0080000140900002f09000069090000c90a0000f10a0000510b00006c0b00008c0b00009a0b0000cb0b00006a0c0000
3b0d0000470d0000701100002613000045140000a6140000031500001e1500006c150000801500008615000090150000
ac15000002160000b0160000c116000053170000a7170000c3170000a01800006f1a00004d1d0000d51d0000e41e0000
2a1f0000941f0000802200002c23000097250000172700001d2700002e270000682700006c27000050280000b6280000
e628000086290000e1290000092a0000692a0000492b0000e22b0000fb2b0000562c0000f42c00007e340000f0340000
9135000041360000923b0000bb3b00001d3c0000753e0000884100000907000054070000501600002f21000040300000
5d300000a4300000ba3000009831000056320000fa320000d40100001f030000c808000011090000d20a00004e0b0000
8d270000770d00006d1600007d1600004c180000811800009b190000291a00004c1a000050210000262b0000ef2b0000
8d3100004b32000095320000ea40000066410000fa060000410700001115000038170000f71f0000c12100008d270000
50150000dc16000076170000dd170000341800009e1e000036200000092200007222000036250000592500000c310000
b2320000d73200006f3f0000eb3f0000a5010000bc010000f102000005030000fa06000041070000c808000011090000
d20a00004e0b0000f914000038170000dd1f0000c12100001b2700004d2700009b3b00001a3c0000723e000094000000
aa000000710200007b0600008f060000300a0000630a0000b71a000093000000a7000000230200009e0500007d060000
9406000097060000ad0600002a07000031070000590700006d070000590900002f0a00005d0a0000cd0c00000d180000
0f180000161800005e180000f2190000061a0000482a00005e2a00006c2c0000f72c0000073000002630000061300000
6330000077300000c531000075320000e6380000484000007b400000020000003a020000010000000a00000033000000
b2000000de00000041010000ed0100008d02000091020000a40200002b0300002f0300007d030000720500006e0b0000
b80b000053180000291b00007e22000093000000a70000006901000023020000250200002c0200009e0500007d060000
9406000097060000ad060000e1080000e8080000590900002f0a00005d0a0000f20a0000060b00002f0c0000450c0000
0d180000091b0000ff240000132500006c2c0000f72c00000730000061300000cc30000075320000773200008b320000
bd320000e6380000cd3e0000003f0000010000000a00000033000000b2000000cf000000ed010000ee01000002020000
8d0200002b030000720500006e0b0000b80b0000a50c0000fe1a00007e22000082220000d02200006b23000010000000
540000006800000044020000650200007b0600008f060000300a0000630a0000ab1a0000103b0000d83b000009070000
54070000501600002f210000d1280000d8280000403000005d300000a4300000ba300000f23000009831000056320000
fa320000fc3200000333000017330000d40100001f030000fa06000041070000c808000011090000d20a00004e0b0000
9c0d00001115000038170000dd1a0000f71f0000c12100008d27000091270000a42700009e280000b028000087290000
d1290000a5010000bc010000f102000005030000fa06000041070000c808000011090000d20a00004e0b0000890d0000
950d0000f914000038170000d61a0000dd1f0000c12100001b2700001c2700004d2700004e270000622700009e280000
b028000087290000d12900009b3b00001a3c0000e93c0000723e0000763e0000dc00000025010000f401000008020000
0b02000030020000fb050000c7090000780b0000c80b0000d10b00004d0c0000890c0000620d00006e0d00009c1d0000
9d1d00008b1f00009d1f000081220000c6220000ee2200004e2300004f230000632300009024000033260000a2260000
ec2600004f2f0000773500007a3a0000373b00000a4000000e400000dc0000002501000090020000a20200002e030000
730300002b0600005b060000f9090000110a00006d0b0000ae0b0000890c0000b00d0000fe0d0000f51700001a180000
2b180000681800006918000085180000861800009a180000571a0000691a0000ea290000662a0000fc2b0000462c0000
d92c0000f6330000ca380000373b00008541000089410000131100005d160000b3200000b520000045210000d0280000
d42800000831000072310000a03100004232000069320000fb32000002330000093300006a3e0000a9030000be030000
7904000082040000aa060000e5060000090700000c0700002007000054070000aa10000050160000f21b0000081c0000
782000002f210000312100004821000019300000343000004030000043300000483000005d300000873000008c300000
a4300000a9300000ab300000ba3000003a31000098310000bf310000d2310000e231000056320000583200006c320000
3a3c0000683c0000a30000001f0300008c060000b4060000fa060000010700001107000011090000560a00004e0b0000
dd0c00006a130000bb1a0000041c0000921c0000f71f0000fb1f000040200000c1210000c521000013220000a3000000
67010000d4010000dd010000720200008c0600004107000086080000c8080000d1080000f6080000560a0000760a0000
d20a0000e80a00000e0b00001115000038170000f61a0000361c0000c41c00002900000065000000dd00000026010000
a5010000b6010000bc010000c30100004502000066020000f1020000050300008c060000b4060000fa06000001070000
110700004107000086080000c8080000d1080000f608000011090000560a0000760a0000d20a0000e80a00000e0b0000
4e0b00009d0c00006a130000f914000038170000af1a0000ee1a0000f21a0000041c0000361c0000921c0000c41c0000
dd1f0000de1f00003c200000c1210000c5210000132200002b3b00003b3b00009b3b0000b13b0000d93b00001a3c0000
203e0000770100002b02000073040000f004000059050000b9060000ce060000040700000e0700002907000058070000
95080000e7080000a5090000af0a0000030b00003e0c0000db0c00007b0d00008d100000d2100000d610000025120000
9612000060130000d8130000d514000012180000d4180000f81900000b1b00003f1c0000d31c0000271d00009e1e0000
a01e0000fa1f00001a200000362000003720000070200000e3200000ff2000006e210000c4210000e221000009220000
0a2200007222000076220000102500001c250000362500003d250000412500004e2a0000082f0000302f00001b300000
62300000c1300000e63000008832000096320000b2320000b9320000be32000040350000f43800005f390000f33e0000
563f0000b13f0000eb3f0000ef3f00004540000066010000dc010000240200007b04000091040000a0040000e3050000
cb060000ef060000300700006a07000085080000d0080000e0080000c2090000750a0000e50a0000f10a00002c0c0000
ca0c0000510d0000e70f0000ae100000f6100000271100007b1100001112000026130000aa1300001518000035180000
4c1800004e1800005f1800009b1900009d190000a2190000031a00000f1a0000291a0000301a0000341a0000171c0000
161e000027210000362100005021000051210000e12300003924000005250000572a0000d92a0000262b00002f2b0000
822b0000912c0000032d0000562d0000c82d00007430000020310000c9310000303200003b3200004b3200004c320000
7d3200003c34000010390000ca3e00006e400000d14000002c410000664100006a410000dc010000280200007b040000
91040000d0080000e4080000c2090000e50a0000f80a0000350c000027210000fe240000a2270000a3280000b9280000
7a290000c72900003032000076320000e232000010390000f03a0000d73e00001305000029070000480700004c070000
5807000019150000c0150000041700004b17000012180000f8190000a2270000a3280000b92800007a290000c7290000
4e2a00005530000062300000e2320000cf390000f03a000045400000a0000000a90000007b020000ac030000d7030000
7e060000920600009c0600009e060000130700001c07000096070000ff0800005d090000f1090000400a00005f0a0000
240b0000c11a0000ed1b00005c1c0000a21c00000c3000000e30000044300000b73100007c330000ea3800001d390000
2a3a0000110000002a0000004900000071000000420200005102000059020000880500001206000075070000dd090000
9f1a00000f0000002d00000046000000530000005a000000d900000007010000f4010000f6010000050200000b020000
1202000017020000a202000073030000a60300007604000085050000ae050000fb050000020600007a06000081060000
a8070000bd0700000108000044090000f9090000110a00002d0a00003a0a0000780b00007e0b0000ae0b0000c00b0000
d10b0000e70b00000d0c0000bb0c000086120000f5170000011b0000051b0000d11b0000f71c00000d1d00009f220000
c6220000c72200008223000069250000332600003726000085260000ea2900002d3300005f350000aa380000ca380000
7a3a00007e3a0000cc3a00000d3b0000dc010000280200007b040000910400001305000029070000480700004c070000
58070000d0080000e4080000c2090000e50a0000f80a0000350c0000a20d0000e3100000e710000035120000ec120000
f213000019150000c0150000041700004b17000012180000f8190000e31a0000f91b0000681c0000bc1c000027210000
fe2400009b270000a2270000a3270000e42700003b280000a3280000a4280000b3280000b9280000c0280000c4280000
102900007a2900007e290000a0290000c7290000c82900004e2a00005530000062300000ee300000bb31000030320000
76320000e2320000e9320000ee320000e335000010390000aa390000cf390000313a0000f03a0000f43a0000d73e0000
454000000f0000002d00000046000000530000005a000000f500000057010000f40100000b0200009b020000a2020000
a30200004c0300007303000074030000a60300001405000085050000fb0500007a06000081060000b50700001b080000
4d080000440900007909000095090000f9090000fd090000110a0000150a00002d0a00003a0a0000780b0000870b0000
ae0b0000af0b0000d10b00006b0c00002f110000f5170000fc17000001180000561800005a1800002f190000401b0000
801c0000051d0000c622000033260000ea290000002a0000262a00006b2b000063330000bc330000aa380000ca380000
ce3800001e3a00007a3a00000d3b000073040000040700000e0700002d0700005f0700000e180000f1190000fa1f0000
70200000ff200000c42100009027000086280000b6280000dc28000086290000452a0000082f0000302f0000d52f0000
e92f0000693000005240000024020000220300001e0500002805000057060000e008000014090000f10a0000510b0000
2c0c000055160000052500009027000086280000b6280000dc28000086290000d52c0000372d0000d52f0000e92f0000
7d320000ca3e000095000000ad00000074020000aa030000b6030000a40500002206000089060000960600009f060000
af0600001a0700002407000095070000f8080000310a0000660a0000100b0000ba1a0000bd1b0000f51b00008e1c0000
722c0000b82c0000002d0000282d0000792e00009b2e00000f3000007b330000050000002e00000077000000b6000000
3d020000550200007d020000880500001206000075070000dd090000c31a00000f00000031000000530000005a000000
b5000000e10000004401000008020000300200009002000094020000a70200002e0300003203000080030000a6030000
760400008d050000a6050000b5050000d60500002b060000340600005b060000710600007a06000081060000a4070000
1808000047080000c70900002d0a00003a0a00006d0b0000700b0000bb0b0000c80b00004d0c0000e70c00004f110000
041800001a1800001b1800005918000062180000d81900002c1b0000e11b0000f31c000081220000902400002c2a0000
662a00006a2a00008d2b0000742c0000842c0000d92c0000ef2c00008f2e00004f2f00005d3300000d3b000024020000
22030000730400001e0500002805000057060000040700000e0700002d0700005f070000e008000014090000f10a0000
510b00002c0c00009f0d00003f100000e6100000ee10000032120000e1130000551600000e180000f1190000e01a0000
c91b0000001c0000ab1c0000fa1f000070200000ff200000c4210000052500009027000094270000a7270000e0270000
f8270000862800008f280000ab280000b6280000b7280000c7280000dc280000dd2800000d2900008629000089290000
d4290000452a0000d52c0000372d0000882d00000a2e0000812e0000a22e0000082f0000302f0000d52f0000de2f0000
e92f0000ff2f0000693000007d320000f1320000dd350000ca3e0000524000000f00000031000000530000005a000000
b50000000301000083010000fd01000008020000090200001a0200003002000031020000900200002e030000a6030000
140500008d050000a60500002b0600005b0600007a06000081060000b9070000dd0700000408000064090000c7090000
c80900002d0a00003a0a00006d0b00009c0b0000c80b0000cc0b0000130c00004d0c0000510c0000a80c0000da0f0000
1a180000041b00000d1b0000741c0000091d00002f1d00008122000085220000d32200006e23000090240000a6240000
d924000063250000662a0000742c0000d92c0000492d00004f2f0000652f0000982f0000593500000d3b0000db100000
27160000291600007b1600003c210000d0280000d4280000eb300000513100008b310000b43100005e320000fb320000
0233000009330000ed3d0000a9030000be0300002305000030050000aa060000eb060000090700002107000054070000
56070000a4100000b1150000501600005316000068160000f11b0000121c00002f210000193000003a30000040300000
493000005d3000005f300000873000009c300000a4300000ac300000ba300000bc3000002a3100008431000098310000
9d310000ab310000d1310000ea310000563200003a3c0000893c0000a300000079010000750200001f03000023030000
8c060000fa06000097080000f90800001109000015090000560a0000b90a0000140b00004e0b0000520b000064160000
251b0000e61c0000f71f0000c1210000770100002802000022030000a00400001e0500002805000057060000b9060000
ce060000300700006a07000095080000e408000014090000a5090000af0a0000f80a0000510b0000350c0000db0c0000
f70d00008d100000f310000016110000b21100004712000096120000601300001a140000ee1500005516000058160000
6d1600006f1600007d160000841600001518000038180000601800008118000082180000a3190000031a0000201a0000
371a00004c1a00004d1a0000141c0000e12300007c240000fe240000572a0000ea2a0000852b0000ef2b0000f32b0000
d52c0000372d00001b30000074300000c13000000d310000803100008d31000094310000c6310000763200005c340000
f43800005f390000d73e00006e4000008e400000ea4000000041000026410000a3000000d40100008c060000c5060000
140700004107000042070000c8080000560a0000d20a0000cb0c000027130000111500001a15000062150000e3160000
381700004e17000081170000b81a00008c1c0000660100002b020000f00400001305000059050000e3050000cb060000
ef0600002d070000480700004c0700005f07000085080000e7080000750a0000030b00003e0c0000ca0c0000780d0000
e70f0000ae100000081100000d1100002212000026130000c7130000c414000019150000391500005015000052150000
c0150000141600004416000098160000dc160000de160000041700004b17000059170000761700007d170000dd170000
e61700000e180000f11900000a1b00003e1c0000d01c0000241d0000102500002d25000044250000592500005a250000
452a0000912c0000032d0000562d0000c82d000055300000693000000231000088320000a9320000c1320000d7320000
d832000087340000cf390000f33e0000133f00006f3f0000853f0000ab3f0000524000002900000065000000fc000000
39010000a5010000bc0100004c02000069020000f1020000f202000005030000060300008c060000c5060000fa060000
14070000410700004207000097080000c8080000f90800001109000015090000560a0000b90a0000d20a0000140b0000
4e0b0000520b00008a0c000027130000f9140000001500005a1500005e15000064160000e3160000381700004e170000
81170000ac1a0000211b00008c1c0000e61c0000dd1f0000c12100002b3b0000823b00009b3b0000df3b00001a3c0000
1e3c0000ba3d0000d50a0000570b00002a1a00004f1a0000eb40000067410000fb060000440700001215000039170000
f81f0000c22100008e270000a1010000e3020000082700005f0d00006c15000090150000a71700004218000054200000
2f220000ec220000de17000073220000372500005c2500000f310000b3320000da320000703f0000ec3f0000030e0000
a71700002f22000032230000b4230000bd01000008030000fb06000044070000d50a0000570b000039170000c2210000
502700009e3b0000233c0000733e00003b170000ca210000d501000020030000c908000012090000d30a00004f0b0000
8e2700009e010000dc02000008270000060000000b00000034000000b3000000df00000042010000f00100008e020000
92020000a50200002c030000300300007e03000073050000750500006f0b0000b90b0000541800002a1b00007f220000
36000000bb0000003403000073050000750500006f0b0000b90b0000a90c0000872200008b220000d42200006f230000
c908000012090000d30a00004f0b0000fa1400003b170000e01f0000ca210000502700009c3b00001b3c0000733e0000
d50a0000570b00003b170000ca2100008e290000d5290000d501000020030000fb06000044070000c908000012090000
d30a00004f0b00009d0d00001215000039170000de1a0000f81f0000c22100008e27000092270000a5270000a1280000
b128000088290000d22900009e010000a1010000dc020000e3020000830d0000840d0000082700000927000011270000
bd01000008030000fb06000044070000c908000012090000d30a0000d50a00004f0b0000570b0000960d0000fa140000
391700003b170000d71a0000e01f0000c2210000ca210000502700005227000063270000a1280000b128000088290000
8e290000d2290000d52900009c3b00009e3b00001b3c0000233c0000ea3c0000ed3c0000733e0000773e00007e3e0000
771700000c220000723f0000f43f0000ae0d0000fc0d000046150000aa170000891d0000362200002f230000ad230000
060000000b00000034000000b3000000d4000000f0010000f2010000030200008e0200002c0300007305000075050000
750b0000bc0b0000a60c0000ff1a00007f22000083220000d12200006c230000280100000c02000033020000fc050000
ca090000790b0000c90b0000d20b0000d40b00004e0c0000560c00008c0c00006f0d00008c1f00009e1f00008a220000
c9220000f92200005123000053230000642300009124000093240000342600003c260000a3260000a9260000ed260000
f0260000502f0000522f0000783500007b3500007b3a0000833a0000383b0000403b00000b4000000f40000016400000
7e16000053210000272b0000f02b00008e3100004e32000098320000ed4000006f41000093150000aa1700005b200000
36220000f322000036000000bb000000450100003403000038030000810300007305000075050000750b0000bc0b0000
2d1b0000872200002801000037030000760300002c0600005c0600005e060000fa090000120a00001a0a0000740b0000
b10b00008c0c0000090e0000f61700001d1800002c180000881800008a1800009b1800005a1a00006a1a0000eb290000
ed290000672a00006f2a0000fd2b0000032c0000472c00004a2c0000da2c0000dc2c0000f7330000fa330000cb380000
d3380000383b0000403b0000864100008a41000091410000b6200000753100006a3200000c3300006b3e00001f140000
00220000a52900000511000038150000581700002a20000040210000fd2100008f270000a828000085290000e60d0000
051100001f140000581700002220000040210000fd210000002200005a270000a828000085290000a5290000303d0000
633e0000743e0000590a0000570b00006e130000961c0000ca210000ce21000017220000a400000068010000d5010000
de010000730200008d0600004407000087080000c9080000d2080000f7080000570a0000770a0000d30a0000e90a0000
0f0b00001215000039170000f71a0000371c0000c51c000024000000ce0000009e010000b30100003c020000e3020000
eb1a000066000000080300008d0600004407000087080000c9080000d2080000f7080000570a0000590a0000770a0000
d30a0000e90a00000f0b0000570b00009e0c00006e13000039170000b01a0000371c0000961c0000c51c0000e01f0000
e21f00003d200000ca210000ce210000172200002c3b00003c3b00009c3b0000b23b0000da3b0000233c0000213e0000
5c050000b20a0000040b000063130000d9130000fb190000d41c000073200000ea200000cd210000ed2100000c220000
0e220000332f000044350000fd38000068390000f63e00005a3f0000b53f0000f43f0000f83f000046400000d8000000
f200000006010000b9010000e1010000000200008f0200002d03000069090000af0900006c0b0000a50b00006a0c0000
3b0d0000470d0000650d0000701100005f140000021b0000fb1c0000891d00008d1d0000362200003a220000ba220000
ed2200002f230000442300006d2300007c04000092040000a1040000e4050000f20600006b070000c30900002d0c0000
e80f0000b1100000281100007c110000181c0000171e000028210000372100005321000055210000e22300003a240000
08250000582a0000da2a0000272b0000302b0000832b0000922c0000042d0000572d0000c92d00007530000021310000
ca310000313200003c3200004e32000050320000803200003d34000011390000cb3e000071400000d540000030410000
6f41000073410000880100006a03000069090000af0900006c0b0000a50b0000ec0c0000300e0000701100005f140000
361b0000fb1c0000d41f00000e2000005b2000005f200000362200003a220000a422000094040000e60a0000fb0a0000
ca29000013390000f93a0000e03e0000b1010000fa010000b20900008c0b0000d11f000080220000172700002e270000
502800002b0e00000e1300005a140000891f0000ae200000402200004c220000422300005b23000072260000a0260000
c0260000832a000047390000b93a00000c400000c31500004c170000fb190000ca290000d2390000f93a000046400000
8f020000ed020000f90200002d030000440600006c0b0000172700002e27000050280000470000005d00000076030000
a7030000770400008605000084060000a9070000be07000045090000470900001a0a00002e0a0000430a0000790b0000
7f0b0000b10b0000c10b0000d20b0000e80b00000e0c0000bc0c00008a120000f81c00000e1d0000aa220000c9220000
cb220000832300006d2500003c2600004026000089260000eb2900002e33000063350000ab380000d3380000833a0000
873a0000d03a00000e3b000094040000e60a0000fb0a0000f3130000c31500004c170000fb190000bd1c000042280000
ab290000ca290000cc290000e735000013390000ae390000d2390000353a0000f93a0000fd3a0000e03e000046400000
b1010000fa0100008f020000ed020000f90200002d03000044060000b20900006c0b00008c0b0000880d00008c0d0000
8e0d000034100000de120000cf1a0000d11f000080220000172700001d270000282700002e270000432700006c270000
5028000065280000e6280000401400006e140000a31500002216000030170000ba17000092180000611a00001b230000
59260000c92b0000fa2b00001a2c0000c7390000a03a000087410000470000005d000000580100005703000076030000
78030000a70300001b0500008605000084060000b6070000510800004509000047090000990900001a0a00001e0a0000
2e0a0000430a0000790b0000920b0000b10b0000b30b0000d20b000030110000411b0000841c0000061d0000c9220000
3c260000eb290000012a0000272a00006c2b000067330000bd330000ab380000d3380000d7380000223a0000833a0000
0e3b0000740400000f07000062070000712000000021000087280000df280000462a0000092f0000312f0000d62f0000
ea2f00006c3000005b400000e401000051030000b20900008c0b0000b3270000502800007f0d0000cd120000e4140000
5118000092180000d2190000611a0000ae2000001c210000b0240000362b0000fa2b00001a2c0000252f00006f2f0000
874100001f05000029050000580600002d0c0000561600000825000087280000df280000d62c0000382d0000d62f0000
ea2f000080320000cb3e0000440600006c0b000021150000a4220000b3270000502800005d000000be00000033020000
a7030000770400008e050000a7050000a9050000b6050000d70500002c060000350600005c0600007206000084060000
1908000048080000ca0900002e0a0000430a0000560c0000f20c000053110000051800001d1800001f18000063180000
d9190000e21b000091240000302a00006f2a0000732a0000912b0000752c0000852c0000da2c0000f02c0000902e0000
502f00005e3300000e3b0000740400001f05000029050000580600000f070000620700002d0c000040100000ef100000
56160000ca1b0000011c0000712000000021000008250000e1270000f92700008728000090280000c8280000df280000
e12800000e290000462a0000d62c0000382d0000892d00000b2e0000822e0000a32e0000092f0000312f0000d62f0000
df2f0000ea2f0000003000006c30000080320000f2320000de350000cb3e00005b400000e40100005103000044060000
b20900006c0b00008c0b0000a40d000034100000de12000021150000e51a0000a422000077270000b3270000b7270000
5028000065280000e6280000491000006f100000551500002216000015170000ed1700003c180000891f00005b230000
f3240000a0260000c0260000f92a0000aa2d0000b22f00000c4000005d000000be0000008e0100001b02000033020000
35020000a70300001b0500008e050000a7050000a90500002c0600005c06000084060000e1070000050800006f090000
ca090000cc0900002e0a0000430a0000170c0000560c00005a0c0000db0f00001d1800000e1b0000751c0000331d0000
91240000a7240000da240000642500006f2a0000752c0000da2c00004a2d0000502f0000662f0000992f00005a350000
0e3b00002a160000b5310000613200000c330000ee3d00009e170000e7210000a5290000590a0000bd0a0000180b0000
570b00005b0b0000ea1c0000ca2100002b050000b20a0000fb0a00005a0b00006313000025140000041a0000211a0000
381a00004f1a0000511a0000e4230000832400003a2d000060340000fd38000068390000e03e00006f4000008f400000
eb4000000141000027410000500d000010120000a91300008c150000761600009b1700008f270000a828000085290000
a4000000d50100008d060000c6060000150700004407000046070000c9080000570a0000d30a0000cc0c000028130000
121500001b15000063150000e4160000391700004f17000082170000b91a00008d1c000024000000f70000009e010000
47020000e3020000e702000057150000d8000000f200000006010000fa0100009e020000e60200006703000047060000
690900008c0b0000a20b00006a0c0000af0d0000d80d0000fd0d0000a4110000351400001e1500002f1500006c150000
7015000090150000a5150000a7170000bc170000571800002b1b0000f21c000080220000f10400001a0500005a050000
e4050000f20600004d070000620700003f0c0000e80f0000b11000000e110000c5140000c11500001516000045160000
9916000005170000de170000e7170000251d0000112500002e250000452500005c2500005e250000462a0000922c0000
042d0000572d0000c92d0000563000006c3000000331000089320000aa320000c2320000da320000dc32000088340000
d0390000f43e0000143f0000703f0000863f0000ac3f00005b40000088010000fc020000510300004706000069090000
8c0b0000a20b0000ec0c0000eb0d0000a411000035140000a7170000bc170000f21c0000bd2200002023000078230000
b4230000b823000010120000a913000084150000761600009b1700009e17000009200000e72100005a270000a8280000
85290000a5290000ae3c0000d43d0000743e0000660000003a0100006a020000080300000a0300008d060000c6060000
150700004407000046070000c9080000570a0000590a0000bd0a0000d30a0000180b0000570b00005b0b000028130000
e4160000391700004f17000082170000221b00008d1c0000ea1c0000e01f0000ca2100002c3b0000863b00009c3b0000
e33b0000233c0000273c0000bb3d0000de17000073220000372500005c2500000f310000233200002c320000b3320000
da320000703f0000ec3f0000030e0000a7170000591f00007e1f00002f22000032230000b423000050150000dc160000
76170000341800009e1e000036200000092200005f0d0000be0d00006c15000090150000dc16000076170000a7170000
421800008f1d0000bd1d00009e1e0000591f00007e1f000054200000092200002f220000ec2200000b3d0000af3d0000
443e000036000000bb000000340300007305000075050000330a00006b0a00006f0b0000b90b0000a90c0000241f0000
3a1f0000872200008b220000d42200006f23000093000000a70000006901000023020000250200002c0200007d060000
94060000e1080000e80800002f0a00005d0a0000f20a0000060b00000d180000091b0000010000000a000000cf000000
ed010000ee010000020200008d020000fe1a0000060000000b00000034000000560000006d000000b3000000df000000
42010000f00100008e02000092020000a5020000b50200002c030000300300007e03000073050000750500007d060000
94060000e1080000e80800002f0a0000330a00005d0a00006b0a0000f20a0000060b00006f0b0000b90b0000910c0000
541800002a1b0000481d00004a1d0000511d0000af1d0000241f00003a1f00007f2200000f3b0000133b00003d3b0000
ba3b0000bc3b0000d03b0000f83b00002c3e0000280100000c02000033020000fc050000ca090000f40a00000b0b0000
790b0000c90b0000d20b0000d40b00004e0c0000560c00008c0c00006f0d0000231f0000371f0000661f00006d1f0000
8c1f00009e1f00008a220000c9220000f92200005123000053230000642300009124000093240000342600003c260000
a3260000a9260000ed260000f0260000e02e0000502f0000522f0000783500007b350000583a00007b3a0000833a0000
383b0000403b0000d03e0000083f0000cd3f0000e33f00000b4000000f40000016400000dc00000025010000f4010000
080200000b02000030020000fb050000c7090000780b0000c80b0000890c0000620d00006e0d00009c1d00009d1d0000
8b1f00009d1f000081220000c6220000ee2200004e2300004f23000063230000d5010000200300000a060000fb060000
440700005b07000072070000c908000012090000da090000d30a00004f0b00009d0d00001215000039170000de1a0000
861e00008f1e0000af1e0000b61e0000f81f0000c22100008e27000092270000a5270000a1280000b128000088290000
d2290000472a00005b2a0000562b00005d2b0000ac2c0000212d000032300000653000007c30000014310000ee310000
fa310000073200000932000010320000173900004b40000083400000484100005e410000630100009e010000a1010000
dc020000e30200003b0300008d030000fb050000c7090000780b0000c80b0000c70c0000830d0000840d0000130e0000
3c1d0000631d0000791d0000c71d0000cb1d0000de1d00008b1f00009d1f00000827000009270000112700002b0e0000
0e1300000e1400005a1400001f1e0000611f0000691f0000891f0000ae200000402200004c220000422300005b230000
72260000a0260000c0260000832a000047390000ba3900006b3a0000b93a0000d33f00000c400000470000005d000000
76030000a7030000da030000770400008605000084060000a9070000be07000045090000470900001a0a00002e0a0000
430a00004e0a0000610a0000430b0000790b00007f0b0000b10b0000c10b0000d20b0000e80b00000e0c0000bc0c0000
8a12000068130000f81c00000e1d0000f61d0000301f0000371f0000391f0000781f0000aa220000c9220000cb220000
832300006d2500003c2600004026000089260000eb2900002e330000f93400006335000057360000ab380000d3380000
ed3800002539000076390000583a00005c3a0000723a0000833a0000873a0000d03a00000e3b00000f0000002d000000
4600000053000000d900000007010000f4010000f6010000050200000b0200001202000017020000a202000085050000
ae050000fb050000020600007a06000001080000f9090000f5170000011b0000051b0000d11b000077010000b1010000
fa0100008f020000ed020000f90200002d0300005f0300007a030000a00400001e05000044060000b9060000ce060000
95080000e00800002f090000a5090000b2090000ce090000d2090000210a0000f10a00006c0b00008c0b00009a0b0000
b50b0000db0c0000880d00008c0d00008e0d00002e0e0000341000008d100000841100008811000096120000de120000
1e1300005d140000ee150000cf1a0000441d00004d1d00007f1d0000d51d0000dc1d0000dd1d0000e41e0000ed1e0000
001f0000181f00001c1f00002a1f0000941f00009b1f00009c1f0000d11f000080220000172700001d27000028270000
2e270000432700006c2700005028000065280000e6280000fd290000092a0000842a00003e2b0000452b0000492b0000
1b300000c1300000e2330000f034000041360000bb380000da380000573900004f3a0000533a0000bb3b000000110000
05110000381500005817000028190000151e0000a41e0000b21e00002a200000c12000001121000040210000fd210000
8f270000a828000085290000552b00003b2e00005e2e00001a2f0000432f00000c3200004e410000a400000068010000
d5010000de01000073020000ab030000b5030000a5040000ad040000a3050000e50500000a0600000d0600008d060000
a5060000a7060000b10600003c070000440700001008000087080000c9080000d2080000f7080000570a0000770a0000
d30a0000e90a00000f0b0000b610000012150000391700001b190000f71a0000d51b0000371c0000c51c00008b1e0000
8f1e0000911e0000a71e0000712c0000932c0000ac2c0000af2c0000ff2c0000052d0000212d0000262d0000322e0000
562e0000852e0000ae2e0000153000007f300000f3310000a7330000240000009a000000c2000000ce0000009e010000
b30100003c020000d0020000e302000085050000ae050000fb050000020600007a06000001080000f9090000fc0c0000
eb1a0000d11b0000571d0000631d0000671d0000b31d0000d8000000f20000000601000096010000b9010000e1010000
0002000028020000370200008f0200002d030000a00400001e050000b4050000cb050000050600000f060000bf080000
e0080000e40800006909000077090000af090000ce090000f10a00006c0b0000a50b0000350c00005d0c00006a0c0000
fa0c00003b0d0000470d0000650d0000820d0000cf0f0000241000002810000070110000f4110000d01200005f140000
f4140000ee150000021b0000fb1c00004d1d0000661d0000861d0000891d00008d1d0000a51d0000a91d0000aa1d0000
5b1e00006b1e00006d1e0000cb1e0000d71e00002a1f0000bb1f0000c71f0000cb1f0000362200003a220000ba220000
ed2200002f230000442300006d230000a3240000b1240000ce240000d5240000fe240000a7250000792c0000b12c0000
3e2d0000782d0000622f0000702f00008d2f0000942f000076320000a2350000bb3b0000f10400001a05000032050000
5a050000e4050000f20600004d070000620700003f0c0000e80f0000b11000000e110000c5140000c115000015160000
451600009916000005170000de170000e7170000251d0000eb1d00003c1e0000112500002e250000452500005c250000
5e250000462a0000922c0000042d0000572d0000c92d0000563000006c300000a1300000b4300000be30000003310000
3f3100007a3100001732000021320000283200002c3200002e32000089320000aa320000c2320000da320000dc320000
88340000d0390000703c00008c3c0000de3d0000f43e0000143f0000703f0000863f0000ac3f00005b40000088010000
fc020000510300004706000069090000c90a0000360b00005e0b00008c0b0000a20b0000ec0c0000eb0d0000a4110000
7a1300002f14000035140000a7170000bc170000f21c0000331f0000541f0000721f00007e1f0000821f0000bd220000
2023000078230000b4230000b8230000660100002b020000cb0600002d0700004807000085080000e7080000750a0000
030b0000ca0c0000780d0000081100002212000026130000c713000019150000391500005015000052150000dc160000
de1600004b17000059170000761700007d1700000e180000f11900000a1b00003e1c0000d01c00000101010101010101
010101010101010101010101010101010101010101010101010101010101010101010101010101010101010101010101
010101010101010101010101010101010101010101010101010101010101010101010101010101010101010101010101
010101010101010101010101010101010101010101010101010101010101010101010101010101010101010101010101
010101010101010101010101010101010101010101010101010101010101010101010101010101010101010101010101
010101010101010101010101010101010101010101010101010101010101010101010101010101010101010101010101
010101010101010101010101010101010101010101010101010101010101010101010101010101010101010101010101
010101010101010101010101010101010101010101010101010101010101010101010101010101010101010101010101
010101010101010101010101010101010101010101010101010101010101010101010101010101010101010101010101
010101010101010101010101010101010101010101010101010101010101010101010101010101010101010101010101
010101010101010101010101010101010101010101010101010101010101010101010101010101010101010101010101
010101010101010101010101010101010101010101010101010101010101010101010101010101010101010101010101
010101010101010101010101010101010101010101010101010101010101010101010101010101010101010101010101
010101010101010101010101010101010101010101010101010101010101010101010101010101010101010101010101
010101010101010101010101010101010101010101010101010101010101010101010101010101010101010101010101
010101010101010101010101010101010101010101010101010101010101010101010101010101010101010101010101
010101010101010101010101010101010101010101010101010101010101010101010101010101010101010101010101
010101010101010101010101010101010101010101010101010101010101010101010101010101010101010101010101
010101010101010101010101010101010101010101010101010101010101010101010101010101010101010101010101
010101010101010101010101010101010101010101010101010101010101010101010101010101010101010101010101
010101010101010101010101010101010101010101010101010101010101010101010101010101010101010101010101
010101010101010101010101010101010101010101010101010101010101010101010101010101010101010101010101
010101010101010101010101010101010101010101010101010101010101010101010101010101010101010101010101
010101010101010101010101010101010101010101010101010101010101010101010101010101010101010101010101
010101010101010101010101010101010101010101010101010101010101010101010101010101010101010101010101
010101010101010101010101010101010101010101010101010101010101010101010101010101010101010101010101
010101010101010101010101010101010101010101010101010101010101010101010101010101010101010101010101
010101010101010101010101010101010101010101010101010101010101010101010101010101010101010101010101
010101010101010101010101010101010101010101010201010101010101010101010101010101010101010101010101
010101010101010101010101010101010101010101010101010101010101010101010101010101010101010101010101
010101010101010101010101010101010101010101010101010101010101010101010101010101010101010101010101
010101010101010101010101010101010101010101010101010101010101010101010101010101010101010101010101
010101010101010101010101010101010101010101010101010101010101010101010101010101010101010101010101
010101010101010101010101010101010101010101010101010101010101010101010101010101010101010101010101
010101010101010101010101010101010101010101010101010101010101010101010101010101010101010101010101
010101010101010101010101010101010101010101010101010101010101010101010101010101010101010101010101
010101010101010101010101010101010101010101010101010101010101010101010101010101010101010101010101
010101010101010101010101010101010101010101010101010101010101010101010101010101010101010101010101
010101010101010101010101010101010101010101010101010101010101010101010101010101010101010101010101
010101010101010101010101010101010101010101010101010101010101010101010101010101010101010101010101
010101010101010101010101010101010101010101010101010101010101010101010101010101010101010101010101
010101010101010101010101010101010101010101010101010101010101010201020101010101010101010101010101
010101010101010101010101010101010101010101010101010101010101010101010101010101010101010101010101
010101010101010101010101010101010102010101010101010101010101010101010101010101010101010101010101
010101010101010101010101010101010101010101010101010101010101010101010201010101010101010101010101
010101010101010101010101010101010101010101010101010101010101010101010101010101010101010101010101
010101010101010101010101010101010101010101010101010101010101010101010101010101010101010101010101
010101010101010101010101010101010101010101010101010101010101010101010101010101010101010101010101
010101010101010101010101010101010101010101010101010101010101010101010101010101010101010101010101
010101010101010101010101010101010101010101010101010101010101010101010101010101010101010101010101
010101010101010101010101010101010101010101010101010101010101010101010101010101010101010101010101
010101010101010101010101010101010101010101010101010101010101010101010101010101010101010101010101
010101010101010101010101010101010101010101010101010101010101010101010101010101010101010101010101
010101010101010101010101010101010101010101010101010101010101010101010101010101010101010101010101
010101010101010101010101010101010101010101010101010101010101010101010101010101010101010101010101
010101010101010101010101010101010101010101010101010101010101010101010101010101010101010101010101
010101010101010101010101010101010101010101010101010101010101010101010101010101010101010101010101
010101010101010101010101010101010101010101010101010101010101010101010101010101010101010101010101
010101010101010101010101010101010101010101010101010101010101010101010101010101010101010101010101
010101010101010101010101010101010101010101010101010101010101010101010101010101010101010101010101
010101010101010101010101010101010101010101010101010101010101010101010101010101010101010101010101
010101010101010101010101010101010101010101010101010101010101010101010101010101010101010101010101
010101010101010101010101010101010101010101010101010101010101010101010101010101010101010101010101
010101010101010101010101010101010101010101010101010101010101010101010101010101010101010101010101
010101010101010101010101010101010101010101010101010101010101010101010101010101010101010101010101
010101010101010101010101010101010101010101010101010101010101010101010101010101010101010101010101
010101010101010101010101010101010101010101010101010101010101010101010101010101010101010101010101
010101010101010101010101010101010101010101010101010101010101010101010101010101010101010101010101
010101010101010101010101010101010101010101010101010101010101010101010101010101010101010101010101
010101010101010101010101010101010101010101010101010101010101010101010101010101010101010101010101
010101010101010101010101010101010101010101010101010101010101010101010101010101010101010101010101
010101010101010101010101010101010101010101010101010101010101010101010101010101010101010101010101
010101010101010101010101010101010101010101010101010101010101020202020201020201010101010101010101
010101010101010101010101010101010101010101010101010101010101010101010101010101010101010101010101
010101010101010101010101010101010101020202020101020202010101010101010101010101010101010101010101
010101010101010101010101010101010101010101010101010101010101010101010101010101010101010101010101
010101010101010101010101010101010101010101010101010101010101010101020101010101010101010101010101
010101010101010101010101010101010101010101010101010101010101010101010201010101010101010101010101
010101010101010101010101010101010101010101010101010101010101010101010101010101010101010101010101
010101010101010101010101010101010101010101010101020101010101010101010101010101010101010101010101
010101010101010101010101010101020101010101010101010101010101010101010101010101010101010101010102
010101010101010101010101010101010101010101010101010101010102010101010101010101010101010101010101
010101010101010101010101010101010101010101010101010101010101010101010101010101010101010101010101
010101010101010101010101010101010101010101010101010101010101010101010101010101010101010101010101
010101010101010101010101010101010101010101010101010101010101010101010101010101010101010101010101
010101010101010101010101010101010101010101010101010101010101010101010101010101010101010101010101
010101010101010101010101010101010101010101010101010101010101010101010101010101010101010101010101
010101010101010101010101010101010101010101010101010101010101010101010101010101010101010101010101
010101010101010101010101010101010101010101010101010101010101010101010101010101010101010101010101
010101010101020101010101010101010101010101010101010101010101010101010101010101010101010101010101
010101010101010101010101010101010101010101010101010101010101010101010101010101010101010101010101
010101010101010101010101010101010101010101010101010101010101010101010101010101010101010101010101
010101010101010101010101010101010101010101010101010101010101010101010101010101010101010101010101
010101010101010101010101010101010101010101010101010101010101010101010101010101010101010101010101
010101010101010101010101010101010101010101010101010101010101010101010101010101010101010101010101
010101010101010101010101010101010101010101010101010101010101010101010101010101010101010101010101
010101010101010101010101010101010101010101010101010101010101010101010101010101010101010101010101
010101010101010101010101010101010101010101010101010101010101010101010101010101010101010101010101
010101010101010101010101010101010101010101010101010101010101010101010101010101010101010101010101
010101010101010101010101010101010101010101010101010101010101010101010101010101010101010101010101
010101010101010101010101010101010101010101010101010101010101010101010101010101010101010101010101
010101010101010101010101010101010101010101010101010101010101010101010101010101010101010101010101
010101010101010101010101010101010101010101010101010101010101010101010101010101010101010101010101
010101010101010101010101010101010101010101010101010101010101010101010101010101010101010101010101
010101010101010101010101010101010101010101010101010101010101010101010101010101010101010101010101
010101010101010101010101010101010101010101010101010101010101010101010101010101010101010101010101
010101010101010101010101010101010101010101010101010101010101010101010101010101010101010101010101
010101010101010101010101010101010101010101010101010101010101010101010101010101010101010101010101
010101010101010101010101010101010101010101010101010101010101010101010101010101010101010101010101
010101010101010101010101010101010101010101010101010101010101010101010101010101010101010101010101
010101010101010101010101010101010101010101010101010101010101010101010101010101010101010101010101
010101010101010101010101010101010101010101010101010101010101010101010101010101010101010101010101
010101010101010101010101010101010101010101010101010101010101010101010101010101010101010101010101
010101010101010101010101010101010101010101010101010101010101010101010101010101010101010101010101
010101010101010101010101010101010101010101010101010101010101010101010101010101010101010101010101
010101010101010101010101010101010101010101010101010101010101010101010101010101010101010101010101
010101010101010101010101010101010101010101010101010101010101010101010101010101010101010101010101
010101010101010101010101010101010101010101010101010101010101010101010101010101010101010101020202
020102020202020202020102010101010101010101010101010101010101010101010102010101010101010101010101
010101010101010101010101010101010101010101010101010101010101010101010101010101010101010101010101
010101010101010101010101010101010101010101010101010101010101010101010101010101010101010101010101
010101010101010101010101010101010101010101010101010101010101010101010101010101010101010101010101
010101010101010101010101010101010101010101010101010101010101010101010101010101010101010101010101
010101010101010101010101010101010101010101010101010101010101010101010101010101010101010101010101
010101010101010101010101010101010101010101010101010101010101010101010101010101010101020101010101
010101010101010101010101010101010101010101010101010101010101010101010101010101010101010101010101
010101010101010101010101010101010101010101010101010101010101010101010101010101010101010101010101
010101010101010201010101010101010101010101010101010101010101010101010101010101010101010101010101
010101010101010101010101010101010101010101010101010101010101010101010101010101010101010101010101
010101010101010101010101010101010101010101010101010101010101010101010101010102010101010101010101
010101010101010101010101010101010101010101010101010101010101010101010101010101010101010101010101
010101010101010101010101010101010101010101010101010101010101010101010101010101010101010101010101
010101010101010101010101010101010101010101010101010101010101010101010101010101010101010101010101
010101010101010101010101010101010101010101010101020201010101010101020101010101010101010101010101
010101010101010101010101010101010101010101010101010101010101010101010101010101010101010101010101
010101010101010101010101010101010101010101010101010101010101010101010101010101010101010101010101
010101010101010101010101010101010101010101010101010101010101010101010101010101010101010101010101
010101010101010101010101010101010101010101010101010101010101010101010101010101010101010101010101
010101010101010101010101010101010101010101010101010101010101010101010101010101010101010101010101
010101010101010101010101010101010101010101010101010101010101010101010101010101010101010101010101
010101010101010101010101010101010101010101010101010101010101010101010101010101010101020102010101
010101010101010101010101010101010101010101010101020101010101010101010101010101010101010101010101
010101010101010101010101010101010101010101010101010101010101010101010101010101010101010101010101
010101010101010101010101010101010101010101010101010101010101010101010101010101010101010101010101
010101010101010101010101010101010101010101010101010101010101010101010101010101010101010101010101
010101010101010101010101010101010101010101010101010101010101010101010101010101010101010101010101
010101010101010101010101010101010101010101010101010101010101010101010101010101010101010101010101
010101010101010101010101010101010101010101010101010101010101010101010101010101010101010101010101
010101010101010101010101010101010101010101010101010101010101010101010101010101010101010101010101
010101010101010101010101010101010101010101010101010101010101010101010101010101010101010101010101
010101010101010101010101010101010101010101010101010101010101010101010101010101010101010101010101
010101010101010101010101010101010101010101010101010101010101010101010101010101010101010101010101
010101010101010101010101010101010101010101010101010101010101010101010101010101010101010101010101
010101010101010101010101010101010101010101010101010101010101010101010101010101010101010101010101
010101010101010101010101010101010101010101010101010101010101010101010101010101010101010101010101
010101010101010101010101010101010101010101010101010101010101010101010101010101010101010101010101
010101010101010101010101010101010101010101010101010101010101010101010101010101010101010101010101
010101010101010101010101010101010101010101010101010101010101010101010101010101010101010101010101
010101010101010101010101010101010101010101010101010101010101010101010101010101010101010101010101
010101010101010101010101010101010101010101010101010101010101010101010101010101010101010101010101
010101010101010101010101010101010101010101010101010101010101010101010101010101010101010101010101
010101010101010101010101010101010101010101010101010101010101010101010101010101010101010101010101
010101010101010101010101010101010101010101010101010101010101010101010101010101010101010101010101
010101010101010101010101010101010101010101010101010101010101010101010101010101010101010101010101
010101010101010101010101010101010101010101010101010101010101010101010101010101010101010101010101
010101010101010101010101010101010101010101010101010101010101010101010101010101010101010101010101
010101010101010101010101010101010101010101010101010101010101010101010101010101010101010101010101
010101010101010101010101010101010101010101010101010101010101010101010101010101010101010101010101
010101010101010101010101010101010101010101010101010101010101010101010101010101010101010101010101
010101010101010101010101010101010101010101010101010101010101010101010101010101010101010101010101
010101010101010101010101010101010101010101010101010101010101010101010201010101010101010101010101
010101010101010101010101010101010101010101010101010101010101010101010101010101010101010101010101
010101010101010101010101010101010101010101010101010101010101010101010101010101010101010101010101
010101010101010101010101010101010101010101010101010101010101010101010101010101010101010101010101
010101010101010101010101010101010101010101010101010101010101010101010101010101010101010101010101
010101010101010101010101010101010101010101010101010101010101010101010101010101010101010101010101
010101010101010101010101010101010101010101010101010101010101010101010101010101010101010101010101
010101010101010101010101010101010101010101010101010101010101010101010101010101010101010101010101
010101010101010101010101010101010101010101010101010101010101010101010101010101010101010101010101
010101010101010101010101010101010101010101010101010101010101010101010101010101010101010101010101
010101010101010101010101010101010101010101010101010101010101010101010101010101010101010101010101
010101010101010101010101010101010101010101010101010101010101010101010101010101010101010101010101
010101010101010101010101010101010101010101010101010101010101010101010101010101010101010101010101
010101010101010101010101010101010101010101010101010101010101010101010101010101010101010101010101
010101010101010101010101010101010101010101010101010101010101010101010101010101010101010101010101
010101010101010101010101010101010101010101010101010101010101010101010101010101010101010101010101
010101010101010101010101010101010101010101010101010101010101010101010101010101010101010101010101
010101010101010101010101010101010101010101010101010101010101010101010101010101010101010101010101
010101010101010101010101010101010101010101010101010101010101010101010101010101010101010101010101
010101010101010101010101010101010101010101010101010101010101010101010101010101010101010101010101
010101010101010101010101010101010101010101010101010101010101010101010101010101010101010101010101
010101010101010101010101010101010101010101010101010101010101010101010101010101010101010101010101
010101010101010101010101010101010101010101010101010101010101010101010101010101010101010101010101
010101010101010101010101010101010101010101010101010101010101010101010101010101010101010101010101
010101010101010101010101010101010101010101010101010101010101010101010101010101010101010101010101
010101010101010101010101010101010101010101010101010101010101010101010101010101010101010101010101
010101010101010101010101010101010101020202020101020202010101010101010101010101010101010101010101
010101010101010101010101010101010101010101010101010101010101010101010101010101010101010101010101
010101010101010101010101010101010101010101010101010101010101010101010101010101010101010101010101
010101010101010101010101010101010101010101010101010101010101010101010101010101010101010101010101
010101010101010101010101010101010101010101010101010101010101010101010101010101010101010101010101
010101010101010101010101010101010101010101010101010101020101010101010101010101010101010101010101
010101010101010101010101010101010101010101010101010101010101010101010101010101010101010101010101
010101010101010101010101010101010102010101010101010101010101010101010101010101010101010101010101
010101010101010101010101010101010101010101010101010101010101010101010101010101010101010101010101
010101010101010101010101010101010101010101010101010101010101010101010101010101010101010101010101
010101010101010101010101010101010101010101010101010101010101010101010101010101010101010101010101
010101010101010101010101010101010101010101010101010101010101010101010101010101010101010101010101
010101010101010101010101010101010101010101010101010101010101010101010101010101010101010101010101
010101010101010101010101010101010101010101010101010101010101010101010101010101010101010101010101
010101010101010101010101010101010101010101010101010101010101010101010101010101010101010101010101
010101010101010101010101010101010101010101010101010101010101010101010101010101010101010101010101
010101010101010101010101010101010101010101010101010101010101010101010101010101010101010101010101
010101010101010101010101010101010101010101010101010101010101010101010101010101010101010101010101
010101010101010101010101010101010101010101010101010101010101010101010101010101010101010101010101
010101010101010101010101010101010101010101010101010101010101010101010101010101010101010101010101
010101010101010101010101010101010101010101010101010101010101010101010101010101010101010101010101
010101010101010101010101010101010101010101010101010101010101010101010101010101010101010101010101
010101010101010101010101010101010101010101010101010101010101010101010101010101010101010101010101
010101010101010101010101010101010101010101010101010101010101010101010101010101010101010101010101
010101010101010101010101010101010101010101010101010101010101010101010101010101010101010101010101
010101010101010101010101010101010101010101010101010101010101010101010101010101010101010101010101
010101010101010101010101010101010101010101010101010101010101010101010101010101010101010101010101
010101010101010101010101010101010101010101010101010101010101010101010101010101010101010101010101
010101010101010101010101010101010101010101010101010101010101010101010101010101010101010101010101
010101010101010101010101010101010101010101010101010101010101010101010101010101010101010101010101
010101010101010101010101010101010101010101010101010101010101010101010101010101010101010101010101
010101010101010101010101010101010101010101010101010101010101010101010101010101010101010101010101
010101010101010101010101010101010101010101010101010101010101010101010101010101010101010101010101
010101010101010101010101010101010101010101010101010101010101010101010101010101010101010101010101
010101010101010101010101010101010101010101010101010101010101010101010101010101010101010101010101
010101010101010101010101010101010101010101010101010101010101010101010101010101010101010101010101
010101010101010101010101010101010101010101010101010101010101010101010101010101010101010101010101
010101010101010101010101010101010101010101010101010101010101010101010101010101010101010101010101
010101010101010101010101010101010101010101010101010101010101010101010101010101010101010101010101
010101010101010101010101010101010101010101010101010101010101010101010101010101010101010101010101
010101010101010101010101010101010101010101010101010101010101010101010101010101010101010101010101
010101010101010101010101010101010101010101010101010101010101010101010101010101010101010101010101
010101010101010101010101010101010101010101010101010101010101010101010101010101010101010101010101
010101010101010101010101010101010101010101010101010101010101010102010101010101010101010101010101
010102010101010101010101010101010101010101010101010101010101010101010101010101010101010101010101
010101010101010101010101010101010101010101010101010101010101010101010101010101010101010101010101
010101010101010101010101010101010101010101010101010101010101010101010101020201010101010101010101
010101010101010101020101010101010201010101020201010202010101020202010101020201010202020101010101
010101020101010201010101010201020101010101010101010201010101010101020201010201010101010101010101
010101010101010101010102010101010101010101010101010101010101010101010101010101010101010101010101
010101010101010101010101010101010101010101010101010101010101010101010101010101010101010101010101
010101010101010101010101010101010101010101010101010101010101010101010101010101010101010101010101
010101010101010101010101010101010101010101010101010202010101010101010101010101010101010101010102
010101010101010102010101010201010101010101010101010101010101010101010101010101010201010101010101
010101010101010101010101010101010101010101010101010101010101010101010101010101010101010101010101
010101010101020101010101010101010101010101010101010101010101010101010101010101010101010101010101
010101010101010101010201010101010102010101010101010101010102010101010202010202010101020202010101
010101020201020202010101010101010201010101020101010101010201010201010102010101010101010101010202
010102010102010101010101010101010101010101010101010101010101010101010101010101010101010101010101
010201010101010101010201010101010101010101010101010101010101010101010101010101010101010101010101
010101010101010101010101010101010101010101010101010101010101010101010101010101010101010101010101
010101010101010101010101010101010101010101010101010101010101010101010101010101010101010101010102
010101010101010101010101010102010101010101010102010101010101010101010101010101010101010101010101
010101010101010101010101010101010101010101010101010101010101010101010101010101010101010101010101
010101010101010101010101010101010101010101010101010101010101010101010101010101010101010101010101
010101010101010101010101010101010101010101010101010101010101010101010101010101010101010101010101
010101010101010101010101010101010101010101010101010101010101010101010101010101010101010101010102
010101010101010101010102010101010101020101010101010101010101010101010101010101010101010101010101
010101010101010101010101010101010101010101010101010101010101010101010101010101010101010101010101
010101010101010101010101010101010101020101010101010101010201010101010101010102010101010101010101
010101010101010101010101010101010101010101010101010101010101010101010101010101010101010101010101
010101010101010101010101010101010101010101010101010101010101010101010101010101010101010101010201
010101010101010101020201010101010101010101010101010101010101010101010101010101010101010101010101
010101010101010101010101010101010101010101010101010101010102010101010101010101010202010101010101
010101010101010101010101010101010101010101010101010101010101010101010101010101010101010101010101
010101010101010101010101010101010101010101010101010101010101010101010101010101010101010101010101
010101010101010101010101010101010101010101010101010101010101010101010101010101010101010101010101
010101010101010101010101010101010101010101010101010101010101010101010101010101010101010101010101
010101010101010101010101010101010101010101010101010101010101010101010101010101010101010101010101
010101010101010101010201010101010101010101010101010201010101010101010101020101010101010101010101
010101010101010101010101010101010101010101010101010101010101010101010101010101010101010101010101
010101010101010101010101010101010101010101010101010101010101010101010101010101010101010101010101
010101010101010101010101010101010101010101010101010101010101010101010101010101010101010101010101
010101010101010101010101010101010101010101010101010101010101010101010101010101010101010101010101
010101010101010101010101010101010101010101010101010101010101010101010101010101010101010101010101
010101010101010101010101010101010101010101010101010101010101010101010101010101010101010101010101
010101010101010101010101010101010101010101010101010101010101010101010101010101010101010101010101
010101010101010101010101010101010101010101010101010101010101010101010101010101010101010101010101
010101010101010101010101010101010101010101010101010101010101010101010101010101010101010101010101
010101010101010101010101010101010101010101010101010101010101010101010101010101010101010101010101
010101010101010101010101010101010101010101010101010101010101010101010101010101010101010101010101
010101010101010101010101010101010101010101010101010101010101010101010101010101010101010101010101
010101010101010101010101010101010101010101010101010101010101010101010101010101010101010101010101
010101010101010101010101010101010101010101010101010101010101010101010101010101010101010101010101
010101010101010101010101010101010101010101010101010101010101010101010101010101010101010101010101
010101010101010101010101010101010101010101010101010101010101010101010101010101010101010101010101
010101010101010101010101010101010101010101010101010101010101010101010101010101010101010101010101
010101010101010101010101010101010101010101010101010101010101010101010101010101010101010101010101
010101010101010101010101010101010101010101010101010101010101010101010101010101010101010101010101
010101010101010101010101010101010101010101010101010101010101010101010101010101010101010101010101
010101010101010101010101010101010101010101010101010101010101010101010101010101010101010101010101
010101010101010101010101010101010101010101010101010101010101010101010101010101010101010101010101
010101010101010101010101010101010101010101010101010101010101010101010101010101010101010101010101
010101010101010101010101010101010101010101010101010101010101010101010101010101010101010101010101
010101010101010101010101010101010101010101010101010101010101010101010101010101010101010101010101
010101010101010101010101010101010101010101010101010101010101010101010101010101010101010101010101
010101010101010101010101010101010101010101010101010101010101010101010101010101010101010101010101
010101010101010101010101010101010101010101010101010101010101010101010101010101010101010101010101
010101010101010101010101010101010101010101010101010101010101010101010101010101010101010101010101
010101010101010101010101010101010101010101010101010101010101010101010101010101010101010101010101
010101010101010101010101010101010101010101010101010101010101010101010101010101010101010101010101
010101010101010101010101010101010101010101010101010101010101010101010101010101010101010101010101
010101010101010101010101010101010101010101010101010101010101010101010101010101010101010101010101
010101010101010101010101010101010101010101010101010101010101010101010101010101010101010101010101
010101010101010101010101010101010101010101010101010102010101010101010101010101010101010101010101
010101010101010101010101010101010101010101010101010101010101010101010101010101010101010101010101
010101010101010101010101010101010101010101010101010201010102010101010101010101010101010101010101
010101010101010101010101010101010101010101010102010101010101010101010101010101010101010101010101
010101010101010101010101010101010101010101010101010101010101010101010101010101010101010101010101
010101010101010101010101010101010101010101010101010101010101010101010101010101010101010101010101
010101010101010101010101010101010101010101010101010101010101010101010101010101010101010101010101
010101010101010101010101010101010101010101010101010101010101010101010101010101010101010101010101
010101010101010101010101010101010101010101010101010101010101010101010101010101010101010101010101
010101010101010101010101010101010101010101010101010101010101010101010101010101010101010101010101
010101010101010101010101010101010101010101010101010101010101010101010101010101010101010101010101
010101010101010101010101010101010101010101010101010101010101010101010101010101010101010101010101
010101010101010101010101010101010101010101010101010101010101010101010101010101010101010101010101
010101010101010101010101010101010101010101010101010101010101010101010101010101010101010101010101
010101010101010101010101010101010101010101010101010101010101010101010101010101010101010101010101
010101010101010101010101010101010101010101010101010101010101010101010101010101010101010101010101
010101010101010101010101010101010101010101010101010101010101010101010101010101010101010101010101
010101010101010101010101010101010101010101010101010101010101010101010101010101010101010101010101
010101010101010101010101010101010101010101010101010101010101010101010101010101010101010101010101
010101010101010101010101010101010101010101010101010101010101010101010101010101010101010101010101
010101010101010101010101010101010101010101010101010101010101010101010101010101010101010101010101
010101010101010101010101010101010101010101010101010101010101010101010101010101010101010101010101
010101010101010101010101010101010101010101010101010101010101010101010101010101010101010101010101
010101010101010101010101010101010101010101010101010101010101010101010101010101010101010101010101
010101010101010101010101010101010101010101010101010101010101010101010101010101010101010101010101
010101010101010101010101010101020101010101010101010101010101010101010101010101010101010101010101
010101010101010101010101010101010101010101010101010101010101010101010101010101010101010101010101
010101010101010101010101010101010101010101010101010101010101010101010101010101010101010101010101
010101010101010101010101010101010101010101010101010101010101010101010101010101010101010101010101
010101010101010101010101010101010101010101010101010101010101010101010101010101010101010101010101
010101010101010101010101010101010101010101010101010101010101010101010101010101010101010101010101
010101010101010101010101010101010101010101010101010101010101010101010101010101010101010101010101
010101010101010101010101010101010101010101010101010101010101010101010101010101010101010101010101
010101010101010101010101010101010101010101010101010101010101010101010101010101010101010101010101
010101010101010101010101010101010101010101010101010101010101010101010101010101010101010101010101
010101010101010101010101010101010101010101010101010101010101010101010101010101010101010101010101
010101010101010101010101010101010101010101010101010101010101010101010101010101010101010101010101
010101010101010101010101010101010101010101010101010101010101010101010101010101010101010101010101
010101010101010101010101010101010101010101010101010101010101010101010101010101010101010101010101
010101010101010101010101010101010101010101010101010101010101010101010101010101010101010101010101
010101010101010101010101010101010101010101010101010101010101010101010101010101010101010101010101
010101010101010101010101010101010101010101010101010101010101010101010101010101010101010101010101
010101010101010101010101010101010101010101010101010101010101010101010101010101010101010101010101
010101010101010101010101010101010101010101010101010101010101010101010101010101010101010101010101
010101010101010101010101010101010101010101010101010101010101010101010101010101010101010101010101
010101010101010101010101010101010101010101010101010101010101010101010101010101010101010101010101
010101010101010101010101010101010101010101010101010101010101010101010101010101010101010101010101
010101010101010101010101010101010101010101010101010101010101010101010101010101010101010101010101
010101010101010101010101010101010101010101010101010101010101010101010101010101010101010101010101
010101010101010101010101010101010101010101010101010101010101010101010101010101010101010101010101
010101010101010101010101010101010101010101010101010101010101010101010101010101010101010101010101
010101010101010101010101010101010101010101010101010101010101010101010101010101010101010101010101
010101010101010101010101010101010101010101010101010101010101010101010101010101010101010101010101
010101010101010101010101010101010101010101010101010101010101010101010101010101010101010101010101
010101010101010101010101010101010101010101010101010101010101010101010101010101010101010101010101
010101010101010101010101010101010101010101010101010101010101010101010101010101020101020101010101
010101010101010101010101010101010101010101010101010101010101010101010101010101010101010101010101
010101010101010101010101010101010101010101010101010101010101010101010101010101010101010101010101
010101010101010101010101010101010101010101010101010101010101010101010101010101010101010101010101
010101010101010101010101010101010101010101010101010101010101010101010101010101010101010101010101
010101010101010101010201010101010101010101010101010101010101010101010101010101020101010101010101
010101010101010101010101010101010101010101010101010101010101010101010101010101010101010101010101
010101010101010101010101010101010101010101010101010101010101010101010101010101010101010101010101
010101010101010101010101010101010101010101010101010101010101010101010101010101010101010101010101
010101010101010101010101010101010101010101010101010101010101010101010101010101010101010101010101
010101010101010101010101010101010101010101010101010101010101010101010101010101010101010101010101
010101010101010101010101010101010101010101010101010101010101010101010101010101010101010101010101
010101010101010101010101010101010101010101010101010101010101010101010101010101010101010101010101
010101010101010101010101010101010101010101010101010101010101010101010101010101010101010101010101
010101010101010101010101010101010101010101010101010101010101010101010101010101010101010101010101
010101010101010101010101010101010101010101010101010101010101010101010101010101010101010101010101
010101010101010101010101010101010101010101010101010101010101010101010101010101010101010101010101
010101010101010101010101010101010101010101010101010101010101010101010101010101010101010101010101
010101010101010101010101010101010101010101010101010101010101010101010101010101010101010101010101
010101010101010101010101010101010101010101010101010101010101010101010101010101010101010101010101
010101010101010101010101010101010101010101010101010101010101010101010101010101010101010101010101
010101010101010101010101010101010101010101010101010101010101010101010101010101010101010101010101
010101010101010101010101010101010101010101010101010101010101010101010101010101010101010101010101
010101010101010101010101010101010101010101010101010101010101010101010101010101010101010101010101
010101010101010101010101010101010101010101010101010101010101010101010101010101010101010101010101
010101010101010101010101010101010101010101010101010101010101010101010101010101010101010101010101
010101010101010101010101010101010101010101010101010101010101010101010101010101010101010101010101
010101010101010101010101010101010101010101010101010101010101010101010101010101010101010101010101
010101010101010101010101010101010101010101010101010101010101010101010101010101010101010101010101
010101010101010101010101010101010101010101010101010101010101010101010101010101010101010101010101
010101010101010101010101010101010101010101010101010101010101010101010101010101010101010101010101
010101010101010101010101010101010101010101010101010101010101010101010101010101010101010101010101
010101010101010101010101010101010101010101010101010101010101010101010101010101010101010101010101
010101010101010101010101010101010101010101010101010101010101010101010101010101010101010101010101
010101010101010101010101010101010101010101010101010101010101010101010101010101010101010101010101
010101010101010101010101010101010101010101010101010101010101010101010101010101010101010101010101
010101010101010101010101010101010101010101010101010101010101010101010101010101010101010101010101
010101010101010101010101010101010101010101010101010101010101010101010101010101010101010101010101
010101010101010101010101010101010101010101010101010101010101010101010101010101010101010101010101
010101010101010101010101010101010101010101010101010101010101010101010101010101010101010101010101
010101010101010101010101010101010101010101010101010101010101010101010101010101010101010101010101
010101010101010101010101010101010101010101010101010101010101010101010101010101010101010101010101
010101010101010101010101010101010101010101010101010101010101010101010101010101010101010101010101
010101010101010101010101010101010101010101010101010101010101010101010101010101010101010101010101
010101010101020101010101010101010101010101010101010101010101010101010101010101010101010101010101
010101010101020201010101010101010101010101020101010101010101010101010101010101010101010101010101
010101010101010101010101010101010101010101010101010201010101010101010202020202020202020202020202
020202020202020202020202020202010101010101010101010101010102010101010101020202020202020202020202
020202020202020402020202020202020202020202020202020202020202020202020202020202020204020202020202
020202020202020202020202020202020202020202020202020204020202020202020202020202020201010102020101
010101010201010101010201010201010101010101010101010101010101010101020101010101010101010101010101
010101010101010101010101010101010101010101010101010101010101010101010101010101010101010102010101
010101010101010201010101010101010101020101010101010101010101010101010101010101010101010101010101
010101010101010101010101010101010101010101010101010101010101010101010201010102010101010101010201
020101010201010101010101010101010201010101010101010201010101010101010101010101010101010101010101
010101010101010101010102010102010101010201010101010102010101010101020101010101010101010101020101
010101010101020101010101010101010101010101010101010101010101010101010101010101010101010101010101
010101010101010101010101010101010101010101010101010101010101010101010101010101010101010101010101
010102010101010101010101010101010102010101010101010102010101010101010101010101010101010101010101
010101010101010101010101010101010101010101010101010101010101010101010101010101010101010101010101
010201010102010102010101020101020101010101010101020101010101010102010101010102010101010101010101
010101010102010101010101020101010101010101010101010101010101010101010101010101010101010101010101
010101010101010101010101010101010101010101010101010101010101010101010101010101010101010101010101
010101010101010101010101010101010101010101010101010101010101010101010101010101010101010101010102
010101010101010101010101020201010101010101010101010101010101010101010101010101010101010101010101
010101010101010101010101010101010101010101010101010101010101010101010101010101010101010201010101
020101020101020101020101010101010101010101020102010101010101010101010102010101010101010101010101
020201010101010101010101010101010101010101010101010101010101010101010101010101010101010101010101
020201010101010102010101010101020101020101010101010101010101010101010101010102010101010101010101
010101010101010101010101010101010101010101010101010101010101010101010101010101010101010101010101
010101010101010101010102010201010101020101010101020101010101010101020101010101010101020101010101
010101010201010101010101010101010101010101010101010101010101010101010101010101010101010101010101
010101010101010101020101010101020101010102010201010101010101010101020101010101010101010101010201
010101010201010101020101010101010101010102010101010101010101010201010101010101010101010101010101
010101010101010101010101010101010101010101010101010101010101010101010101010101010101010101010101
010101010101010101010101010101010101010101010101010101010101010101010101010101010101010101010101
010101010101010101010101010101010101010101010101010101010101010101010101010101010101010201010101
010101010101010102010101010101010101010101010101010101010102010101010101010101010101010102010101
010101010101010101010101010101010101010101010101010101010101010101010101010101010101010101010101
010201010101010101010101010101010101010102010101010101010101010101010101010101010101010101010101
010101010101010101010101010101010102010101010101010101010101010101010101010102010101010101010101
010101010101010101010101010101010101010101010101010101010101010101010101010101010101010101010101
010101010101010101010101010101010101010101010101010101010101010101010101010101010101010101010101
010101010101010101010201010101010101010201010101010101010101010101010101010101010101020102010101
020101010101010101010101010101010101010201010101010102010101010101010101010102010101010101010102
010101010101010101010101010101020102010101010101010101010101010101010101010101010101010101010101
010101010101010101010101010101010101010101010101010101010101010101010101010101010101010101010101
010101010101010101010101010101010101010101010101020101010101010201010101010101010101010101010101
010101010102010102010102010101010101010101010101010101010101010101010101010101010101010101010101
010101010101010101010101010101010101010101010101010101010101010101010101010101010101010101010101
010101010101010101010101010101010101010101010101010101010101010101010101010101010101010101010101
010101010101010101010101010101010101010101010101010101010101010101010101010101010101010201010201
010101010101010101010201020101010101010101010101010101010101010101020102010101010101010101010101
010101010101010101010101010101010101010101010101010101010101010101010101010101010101010101010101
010101010101010101010101010101010101010101010101020101010101010101010102010101010101010101010101
010101010101010101010101010101010101010101010101010101010101010101010101010101010101010101010201
020102010101010101010101010101010101010101010101010201010101010201010101010101010101010102010101
010102010101010101010101010101010102010101010102010101010101010101010101010101010101010101010101
010101010101010101010101010101010101010101010101010101010101010101010101010101010101010101010101
010101010101010101010101010101010101010101010101010101010101010101010101010101010101010101010101
010101010101010101010101010101010101010101010101010101010101010101010101010101010101010101010101
010101010101010101010101010101010101010101010101010101010101010101010101010101010201010101010101
010101010101010101010101010101010102010102010202010101010101010201020201010101010201010101010101
010101010101010101010101010101010102010101010101010101010101020101010101020101010101010101010101
010101010101010101010101010102010101010201010101010101010101010101010101010101010101010101010101
010101010101010101010101010101010101010101010101010101010101010101010101010101010101010101010101
010101010101010101010101010101010101010101010101010101010101010101010101010101010101010101010101
010101010101010101010101010101010101010101010101010101010101010201010101020101010201010102010102
010102010101010102010101010101010101010201010101010101010101010101010101010101010101010101010101
010101010101010101010101010101010101010101010101010101010101010101010101010101010101010101010101
010101010101010101010101010101010101010101010101010101010101010101010101010101010101010101010101
010101010101010101010101010101010101010101010101010101010101020101020101020101010101020102010101
020101010102010101010101010101020101010101010101010101010101010101010101010102010101010101010201
010101010101010101010101010101010201010101020101010101010101020101010101010101010101010101010101
010102010101010102010101010201010101010101010101010101010101010102010201010102010101010101
