4b52433130310000bf4100000010000000040000c94d0000000000000000000000000000030000000000000004000000
000000000900000000000000110000000000000016000000000000002c00000000000000320000000000000048000000
0000000050000000000000005a000000000000005c00000000000000680000000000000074000000000000009e000000
00000000a100000000000000a400000000000000a700000000000000af00000000000000bb00000000000000c7000000
00000000cf00000000000000d900000000000000db00000000000000e70000000000000011010000000000001d010000
00000000270100000000000031010000000000003b010000000000003d010000000000004d010000000000006a010000
000000007a01000000000000880100000000000092010000000000009301000000000000a001000000000000ab010000
00000000b501000000000000ed01000000000000f901000000000000ff01000000000000050200000000000025020000
000000004102000000000000460200000000000067020000000000008702000000000000b402000000000000c8020000
00000000cc02000000000000f602000000000000fd02000000000000ff02000000000000030300000000000010030000
0000000014030000000000002003000000000000320300000000000043030000000000004b0300000000000053030000
00000000790300000000000081030000000000008c030000000000009703000000000000bd03000000000000d5030000
00000000dd03000000000000e5030000000000000d0400000000000013040000000000001d040000000000001e040000
000000002604000000000000310400000000000053040000000000005d040000000000006f0400000000000072040000
0000000087040000000000009b040000000000009f04000000000000a504000000000000ab04000000000000bf040000
00000000cf04000000000000e304000000000000e704000000000000010500000000000021050000000000002b050000
000000003705000000000000390500000000000045050000000000007b050000000000008d05000000000000c9050000
00000000e105000000000000e5050000000000000b060000000000001d06000000000000230600000000000029060000
000000004706000000000000630600000000000085060000000000008b06000000000000b506000000000000c0060000
00000000cf06000000000000d206000000000000e306000000000000e806000000000000e906000000000000ea060000
00000000f2060000000000000b0700000000000010070000000000001807000000000000230700000000000035070000
000000003b07000000000000410700000000000042070000000000004a07000000000000680700000000000073070000
00000000af07000000000000c707000000000000cb07000000000000f107000000000000030800000000000009080000
000000000f080000000000002d0800000000000049080000000000006b0800000000000071080000000000009b080000
00000000b508000000000000b908000000000000bb08000000000000d00800000000000008090000000000001e090000
0000000022090000000000004c090000000000007a090000000000008e09000000000000e309000000000000f2090000
00000000000a000000000000050a000000000000150a000000000000230a000000000000290a000000000000480a0000
00000000720a000000000000830a000000000000930a000000000000b20a000000000000d20a000000000000d70a0000
00000000e70a000000000000080b0000000000000d0b000000000000320b0000000000008f0b0000000000009e0b0000
00000000ae0b000000000000d30b000000000000ed0b000000000000250c000000000000290c000000000000570c0000
000000006d0c0000000000006f0c000000000000730c000000000000860c000000000000dc0c000000000000eb0c0000
00000000000d0000000000002a0d0000000000002f0d000000000000390d000000000000520d000000000000570d0000
00000000610d000000000000690d000000000000730d000000000000750d000000000000820d000000000000950d0000
00000000ca0d000000000000d30d000000000000e40d000000000000ed0d000000000000f70d0000000000002f0e0000
00000000390e000000000000410e0000000000004b0e0000000000004d0e000000000000600e000000000000950e0000
00000000a20e000000000000b20e000000000000bd0e000000000000be0e000000000000cb0e000000000000e10e0000
00000000f10e0000000000003c0f000000000000490f0000000000004f0f0000000000005b0f000000000000890f0000
00000000a80f000000000000ad0f000000000000ed0f00000000000021100000000000006f100000000000008f100000
000000009510000000000000cf10000000000000d510000000000000e210000000000000e810000000000000fa100000
0000000007110000000000001911000000000000211100000000000031110000000000006a110000000000007d110000
000000009011000000000000c811000000000000da11000000000000e211000000000000f2110000000000002b120000
000000003c120000000000004312000000000000541200000000000086120000000000008d120000000000009f120000
00000000a212000000000000c912000000000000ea12000000000000f412000000000000fe120000000000001c130000
000000002e13000000000000551300000000000058130000000000007913000000000000891300000000000094130000
00000000aa13000000000000ab13000000000000bb130000000000000614000000000000131400000000000061140000
0000000081140000000000008714000000000000c114000000000000ce14000000000000d414000000000000e0140000
000000000e150000000000002d150000000000006d150000000000007215000000000000a615000000000000c4150000
00000000d215000000000000de15000000000000e015000000000000e61500000000000005160000000000000a160000
000000001d160000000000003b1600000000000047160000000000004916000000000000571600000000000094160000
00000000a716000000000000f9160000000000001b170000000000002117000000000000591700000000000067170000
000000006d170000000000007b17000000000000ae17000000000000cd170000000000000a180000000000000f180000
000000004218000000000000471800000000000050180000000000005318000000000000621800000000000077180000
000000007e180000000000008518000000000000a818000000000000d618000000000000e91800000000000000190000
000000001d190000000000002b19000000000000311900000000000041190000000000004f1900000000000055190000
000000007f19000000000000a919000000000000bb19000000000000cb19000000000000f519000000000000fc190000
00000000051a000000000000151a0000000000001c1a000000000000251a0000000000004f1a000000000000641a0000
000000007f1a0000000000008f1a000000000000b91a000000000000be1a000000000000c71a000000000000dc1a0000
000000000a1b0000000000000d1b000000000000141b0000000000001b1b0000000000002e1b000000000000451b0000
00000000621b000000000000711b000000000000941b000000000000991b0000000000009e1b000000000000a31b0000
00000000a61b000000000000a91b000000000000ac1b000000000000b41b000000000000c81b000000000000dc1b0000
00000000e61b000000000000f81b000000000000021c0000000000000c1c0000000000001e1c000000000000281c0000
000000002b1c0000000000002e1c000000000000311c000000000000451c000000000000591c000000000000611c0000
00000000681c0000000000006a1c0000000000006d1c000000000000791c000000000000811c000000000000921c0000
00000000a81c000000000000b61c000000000000bc1c000000000000cc1c000000000000021d000000000000091d0000
00000000121d000000000000291d000000000000611d0000000000007f1d000000000000891d000000000000931d0000
00000000c51d000000000000ca1d000000000000d61d000000000000db1d000000000000ea1d000000000000f61d0000
00000000021e000000000000081e000000000000161e0000000000004b1e0000000000005b1e0000000000006b1e0000
000000009b1e000000000000a71e000000000000ad1e000000000000bb1e000000000000f01e000000000000f51e0000
00000000fc1e000000000000011f000000000000101f000000000000171f0000000000001b1f000000000000211f0000
000000002f1f000000000000501f0000000000005a1f000000000000641f000000000000821f000000000000861f0000
000000008c1f0000000000009a1f000000000000bb1f000000000000c21f000000000000c41f000000000000c71f0000
00000000cf1f000000000000e01f000000000000f61f000000000000022000000000000020200000000000002a200000
000000003420000000000000662000000000000074200000000000007a200000000000008a20000000000000c0200000
00000000c720000000000000d020000000000000e7200000000000001f21000000000000282100000000000036210000
0000000039210000000000003c2100000000000042210000000000004921000000000000522100000000000061210000
000000006a210000000000006d21000000000000702100000000000080210000000000009721000000000000a6210000
00000000c121000000000000ca21000000000000d32100000000000000220000000000000e2200000000000014220000
0000000024220000000000005c2200000000000063220000000000006c220000000000008322000000000000bb220000
00000000c822000000000000ca22000000000000cd22000000000000e222000000000000fe220000000000001f230000
0000000025230000000000004f23000000000000a423000000000000b323000000000000ca23000000000000e8230000
0000000008240000000000000d240000000000001d240000000000003e24000000000000432400000000000068240000
00000000c524000000000000d424000000000000e4240000000000000925000000000000102500000000000018250000
0000000028250000000000002f25000000000000382500000000000057250000000000006c2500000000000086250000
000000009625000000000000b525000000000000c225000000000000de25000000000000ff2500000000000055260000
0000000057260000000000005a2600000000000060260000000000006f260000000000008626000000000000a3260000
00000000b826000000000000e226000000000000ea26000000000000f426000000000000f62600000000000003270000
0000000038270000000000004b2700000000000055270000000000008d270000000000009727000000000000a0270000
00000000b127000000000000ba27000000000000c227000000000000cc27000000000000012800000000000003280000
00000000162800000000000023280000000000002e280000000000003c280000000000003e280000000000004b280000
000000006728000000000000af28000000000000c528000000000000e428000000000000e9280000000000001f290000
000000004c2900000000000053290000000000005c290000000000006b290000000000009429000000000000b7290000
00000000e129000000000000e929000000000000202a0000000000003c2a000000000000482a000000000000642a0000
00000000af2a000000000000bb2a000000000000d72a000000000000dc2a000000000000192b0000000000004d2b0000
000000005d2b0000000000006d2b0000000000009c2b000000000000b82b000000000000f52b000000000000fa2b0000
000000002e2c000000000000372c000000000000442c0000000000004d2c000000000000642c000000000000712c0000
00000000792c000000000000842c0000000000009b2c000000000000d52c000000000000e82c000000000000fb2c0000
00000000342d0000000000003c2d000000000000472d0000000000005e2d000000000000982d000000000000a32d0000
00000000b12d000000000000cd2d000000000000152e000000000000172e0000000000002d2e0000000000003a2e0000
000000005d2e000000000000872e0000000000008f2e000000000000c62e000000000000e52e0000000000001b2f0000
00000000202f0000000000004d2f000000000000542f0000000000005d2f0000000000006c2f000000000000952f0000
00000000a32f000000000000b42f000000000000d32f000000000000d62f000000000000db2f000000000000e22f0000
00000000eb2f00000000000000300000000000000e300000000000001f300000000000005e3000000000000061300000
0000000075300000000000008a30000000000000b230000000000000e130000000000000ea3000000000000029310000
00000000483100000000000087310000000000008c31000000000000be31000000000000c531000000000000ce310000
00000000e23100000000000014320000000000002a3200000000000048320000000000004e3200000000000072320000
000000007c320000000000007e3200000000000080320000000000008f32000000000000c132000000000000cb320000
00000000dd32000000000000f4320000000000000e330000000000002c3300000000000030330000000000004c330000
0000000058330000000000005a330000000000005c330000000000006833000000000000a933000000000000b3330000
00000000c833000000000000dd33000000000000e233000000000000eb33000000000000f43300000000000010340000
000000001334000000000000163400000000000019340000000000002434000000000000323400000000000043340000
00000000523400000000000061340000000000006e340000000000007d340000000000008f34000000000000d0340000
00000000d234000000000000d534000000000000d834000000000000e234000000000000f03400000000000002350000
0000000017350000000000002c35000000000000363500000000000040350000000000004a350000000000004c350000
000000005c350000000000007935000000000000893500000000000091350000000000009b350000000000009d350000
00000000a935000000000000d335000000000000df35000000000000e235000000000000e535000000000000e8350000
00000000f4350000000000000036000000000000083600000000000010360000000000001a3600000000000044360000
00000000463600000000000052360000000000005e360000000000007e36000000000000883600000000000094360000
000000009636000000000000a236000000000000d836000000000000ea3600000000000026370000000000003e370000
00000000423700000000000068370000000000007a3700000000000080370000000000008637000000000000a4370000
00000000c037000000000000e237000000000000e837000000000000123800000000000020380000000000002a380000
0000000035380000000000003638000000000000403800000000000078380000000000008538000000000000b2380000
00000000c638000000000000ca38000000000000f438000000000000003900000000000006390000000000000c390000
000000002c39000000000000483900000000000069390000000000006e390000000000008e3900000000000095390000
0000000097390000000000009b390000000000009f39000000000000ab39000000000000bd39000000000000ca390000
00000000e239000000000000ea39000000000000f2390000000000001a3a0000000000002b3a000000000000333a0000
000000003b3a000000000000613a000000000000693a000000000000743a0000000000007f3a000000000000a53a0000
00000000ab3a000000000000b53a000000000000c03a000000000000e23a000000000000e33a000000000000ed3a0000
00000000f53a000000000000053b000000000000193b0000000000001d3b000000000000373b000000000000493b0000
000000005e3b000000000000613b000000000000753b000000000000793b0000000000007f3b000000000000853b0000
00000000993b000000000000a43b000000000000b33b000000000000c53b000000000000013c000000000000043c0000
00000000163c000000000000273c0000000000002c3c000000000000323c000000000000383c000000000000503c0000
00000000513c000000000000523c000000000000533c000000000000573c0000000000005d3c000000000000633c0000
000000006b3c000000000000733c0000000000008f3c000000000000b13c000000000000b73c000000000000e13c0000
00000000fa3c000000000000183d0000000000001d3d0000000000003b3d000000000000433d0000000000004e3d0000
00000000593d0000000000007f3d0000000000008a3d000000000000993d000000000000b33d000000000000b63d0000
00000000ba3d000000000000bf3d000000000000c83d000000000000da3d000000000000df3d000000000000e03d0000
00000000e13d000000000000e33d000000000000e63d000000000000ed3d000000000000fa3d000000000000fc3d0000
00000000ff3d000000000000143e0000000000002d3e000000000000323e000000000000413e0000000000004a3e0000
00000000553e0000000000006a3e000000000000753e000000000000843e000000000000c03e000000000000c33e0000
00000000d53e000000000000e73e000000000000ec3e000000000000043f000000000000053f000000000000063f0000
000000000a3f000000000000103f000000000000163f0000000000001e3f0000000000003c3f000000000000603f0000
00000000663f000000000000903f000000000000a93f000000000000ae3f000000000000cc3f000000000000d53f0000
00000000e13f0000000000000b400000000000002b4000000000000055400000000000005e4000000000000094400000
00000000a240000000000000a540000000000000a840000000000000bf40000000000000054100000000000014410000
000000002f4100000000000052410000000000006c41000000000000a841000000000000ac41000000000000d6410000
00000000ee41000000000000f041000000000000f4410000000000000542000000000000624200000000000071420000
000000008642000000000000b042000000000000b542000000000000be42000000000000d042000000000000fa420000
00000000fd42000000000000034300000000000009430000000000001b4300000000000030430000000000004b430000
000000005a4300000000000078430000000000008543000000000000a343000000000000c74300000000000024440000
00000000264400000000000029440000000000002f440000000000003e4400000000000053440000000000006d440000
000000008244000000000000ac44000000000000b444000000000000b744000000000000c144000000000000c3440000
00000000c644000000000000c944000000000000d144000000000000db44000000000000dd44000000000000ea440000
00000000f244000000000000ff440000000000000d450000000000001b4500000000000028450000000000002b450000
000000004345000000000000684500000000000080450000000000008845000000000000924500000000000094450000
00000000a645000000000000e145000000000000ee45000000000000f145000000000000f445000000000000f7450000
0000000009460000000000001b4600000000000023460000000000002b46000000000000354600000000000070460000
000000007246000000000000844600000000000091460000000000009c46000000000000ab46000000000000ae460000
00000000c046000000000000c546000000000000c646000000000000c746000000000000cf46000000000000e8460000
00000000ed46000000000000f5460000000000000047000000000000244700000000000030470000000000003c470000
000000003e470000000000004e470000000000008a47000000000000a047000000000000f54700000000000017480000
000000001d48000000000000564800000000000071480000000000007a480000000000008348000000000000b0480000
00000000d848000000000000074900000000000010490000000000004f49000000000000654900000000000071490000
000000007b490000000000007d4900000000000083490000000000009f49000000000000a449000000000000b9490000
00000000cf49000000000000d949000000000000db49000000000000e749000000000000294a0000000000003e4a0000
000000007a4a000000000000964a0000000000009c4a000000000000db4a000000000000e74a000000000000ed4a0000
00000000f94a000000000000294b000000000000454b000000000000874b0000000000008c4b000000000000bc4b0000
00000000c84b000000000000da4b000000000000de4b000000000000e24b000000000000ea4b000000000000f24b0000
00000000fd4b000000000000114c0000000000001d4c000000000000214c000000000000254c000000000000354c0000
000000004b4c0000000000005f4c000000000000834c0000000000008f4c0000000000009b4c000000000000d74c0000
00000000e94c000000000000f14c000000000000014d0000000000003a4d000000000000424d0000000000004d4d0000
00000000634d0000000000009c4d000000000000a44d000000000000ae4d000000000000c04d000000000000c24d0000
00000000c54d000000000000c94d000000000000380d0000d60d0000252700000e270000040e0000f422000032270000
b427000054280000ad130000201400005c170000e8210000bf290000b23c0000313d0000a03e0000040e0000f4220000
32270000b4270000542800000a010000890100006b030000b10500006a090000a60b00001b0d0000900d0000a50d0000
36100000df1200003c1400006014000094150000ab170000031d00005c20000037220000f4220000f822000021230000
80230000a2010000e4020000850d000059150000ed1a00000e270000b10500006a090000a60b00006e0c0000ed0c0000
1b0d0000040e0000080e0000310e000036100000df1200003c14000060140000ab170000d11a0000e61a00003e1b0000
031d000037220000be22000033230000b5230000fb0e0000e4150000ee270000f52f000098390000db3900002f3f0000
93400000df0d0000050e00005d100000ba120000391400004a14000002200000f5220000b52700005d28000032270000
542800000f130000721400005a260000dc270000582900008c290000a6290000872a000048390000a13a0000e83a0000
7c3e0000fd0200003603000048060000730b0000df120000d11a00006e1c0000fc1c00003a2000007123000032270000
54280000ee03000019050000830900007b0a0000580c0000270f0000700f000060110000c011000074120000ad120000
e61200000f1300001313000043130000e3130000781b0000e71b0000621c0000b41c0000b0200000502200009c240000
73260000a7260000c1260000872a00009a2a0000bd2a0000932b0000952e00005b2f0000d533000004340000b4380000
36390000483900004c390000ba3a0000423b0000ef3c00001440000020140000e8210000bf290000ad1300005c170000
bf290000380d0000d60d000025270000ad130000201400005c170000e8210000bf290000b23c0000313d0000a03e0000
0a0100006b030000b1050000a60b0000900d0000361000006014000094150000ab170000031d0000f822000080230000
b1050000a60b0000ed0c0000310e00003610000060140000ab170000e61a00003e1b0000031d0000be220000b5230000
800f00008e20000040280000282e00003c2f0000fb3a0000183f0000aa400000580d00001b0e00005d100000ba120000
391400004a140000401500000b2300003b2700005d280000b42700005428000073100000e5140000b4240000dc270000
972800008c290000a6290000fa2a0000ae2d0000732f0000e42f00007c3e0000ee03000019050000f40500001c0a0000
7b0a0000270f0000700f0000f80f000010100000451000006c11000043130000e3130000af140000e5140000e9140000
781b0000cf1b0000b41c0000131d0000b020000020210000b4240000c7240000842500008b260000f6290000372b0000
012c00001b2c0000a22c0000692d00008e2d0000292f0000732f0000862f00007d350000d5380000d23a0000423b0000
ef3c00008f41000048060000730b0000a50d0000df12000022150000fc1a0000371b00006e1c0000fc1c0000a5220000
b427000054280000581300009d130000ea130000201400002414000044170000ba1c0000ca1c000001220000a6290000
a70a0000590b000087130000f01300005c1700006f170000ad1c000001220000192200008c290000eb000000e5020000
010d00008a0d00008b0d0000d60d0000d70d0000ef1a00001d2000000f270000a2010000591500000a010000e5010000
36030000b1050000b3090000730b0000900d000036100000a511000031150000681500001d170000fc1c000037220000
3323000071230000a70a0000590b000058130000871300009d130000ea130000f0130000201400002414000044170000
5c1700006f170000ad1c0000ba1c0000ca1c000001220000192200008c290000a6290000703b0000253c0000993c0000
f73c0000fd3c0000313d0000353d0000263e0000653e00007c3e0000b1050000b3090000730b0000ed0c0000ec0d0000
36100000a51100001d170000e61a00001f1b0000371b0000fc1c0000d51f00005c20000037220000a5220000ad130000
201400005c170000e82100002e280000bf2900000c3700002f3700004f370000f73700009f380000b23c0000313d0000
a03e0000420d0000e60d0000d11000000511000010120000451200002a1500000920000060270000ae28000050270000
040e0000f422000032270000b4270000542800006f280000262900004b29000063290000be2f0000c93600002e380000
793800002a0100003a0100006e020000b7060000c6060000190700005f15000065160000d71a0000371c00003d200000
bd01000008030000fb060000440700005f15000065160000d71a0000371c00003d200000502700000a01000089010000
6b030000a1040000b1050000cc0500006a0900008e090000a60b0000030c00001b0d0000900d0000a50d000036100000
3c100000d2110000f51100005a1200006b120000df120000e91200003c1400006014000094150000ab170000c6170000
e51800002c1c0000331c0000511c0000031d00005c200000372200005b220000f4220000f82200002123000080230000
dd2500000326000028260000a42a0000b32a00007f2b00007a2c0000852d0000da33000098360000c9360000cd360000
df3600009f370000b13700001f3800004938000070380000ad130000201400005c170000e82100002e280000bf290000
2f370000f73700009f380000b23c0000313d0000a03e0000420d0000d1100000451200002a15000060270000ae280000
2a0100006e020000b7060000190700005f150000651600000a0100006b030000a1040000b1050000cc050000a60b0000
030c0000900d0000361000003c100000f51100006b1200006014000094150000ab170000c6170000e5180000331c0000
511c0000031d0000f822000080230000dd25000028260000a42a00007f2b00007a2c0000852d0000df360000b1370000
1f38000070380000df0d0000050e0000db0e00006e0f00005d100000631000001f1200005f120000ba12000039140000
4a1400008e140000d91600000220000004210000f5220000f2250000b5270000d32700005d2800002a29000064290000
a32a00009e2d00000d2f0000d3360000383800007d38000032270000542800006f2800004b290000be2f00001d010000
470100008302000000040000cc040000c4050000d3050000a6070000ca070000e3090000ef090000ea110000f9110000
3e120000df120000d11a00007d1b0000c61b0000211c00003d1c00004d1c00006e1c0000fc1c00003a20000013210000
71230000782b0000812c00007e2e00001c2f00003b3300009c370000ad370000fd020000360300001a05000048060000
50060000730b0000f20b00003e120000df120000cd160000d11a00007d1b0000c61b00003d1c00004d1c00006e1c0000
fc1c00003a2000001321000071230000d425000032270000542800006f2800004b290000782b0000ce2c00007e2e0000
1c2f0000be2f0000ad37000016380000a70a0000590b0000770e00009c0f000058130000871300009d130000ea130000
f01300002014000024140000bb150000441700005c1700006f1700006c1b0000821b0000ad1c0000ba1c0000ca1c0000
be20000001220000192200008c290000a6290000f236000008370000243700002f3700003337000049370000c2370000
c73700000038000096380000703b0000253c0000993c0000f73c0000fd3c0000313d0000353d0000263e0000653e0000
7c3e00003701000009030000c306000045070000130d00009a0d0000b8100000e5100000331200004512000046120000
2a1500002d150000d81a0000381c0000222000003e2000004021000051270000a0280000bd010000fb0600005f150000
651600000a010000e50100003603000074040000b1050000cc050000b3090000bb090000730b0000f20b0000900d0000
361000003c100000a5110000f511000051120000311500006815000001160000951600001d17000020170000331c0000
461c00004d1c0000fc1c00008f210000b6210000372200003323000071230000d42500000f2b0000782b00007a2c0000
852d00006d340000a7370000ad370000d3370000e437000016380000040e0000f422000032270000b427000054280000
92290000e22900008d290000ca2900005f0d0000ae0d00001027000017270000040e0000f422000032270000b4270000
542800008d29000092290000ca290000e2290000d03c00000c3d00007d3e0000823e0000d40000004102000052020000
54180000280100003703000076030000740b0000b10b0000960d000088180000f81c00000a1d0000f922000072230000
83230000a2010000e4020000740b0000b10b0000c80c0000850d0000140e000059150000de1a0000ed1a0000321b0000
451b0000f81c00000a1d00008f220000e12200008f2300000e2700000f130000721400005a260000dc27000046280000
582900008c290000a6290000872a00009638000048390000bb390000633a0000a13a0000e83a0000013b00007c3e0000
690d000023100000f412000026180000412700005127000063280000a02800000b0100006202000067020000b2050000
1b060000120700005b18000030190000fd020000360300007404000048060000cf060000730b0000e50b0000f20b0000
e810000097120000df1200001f13000001160000731a0000d11a00004d1c0000691c00006e1c0000891c0000fc1c0000
3a20000071230000d425000044260000962600003227000054280000882a0000742b0000782b00001c300000ef300000
ad3700001638000058390000273a00008b3a0000dd3a0000ad1300005c170000f6270000bf290000002e00005f2e0000
fd2f000004330000380d0000ce0d0000d60d000023100000f4120000841d00002527000099270000bd27000063280000
a0280000d30000004f020000b20500001b06000012070000fd0c00005915000030190000bc1a0000cc1a00001a1b0000
0a0100006b03000074040000b1050000cc0500006f0600005a070000a60b0000900d0000361000003c100000f5110000
60140000f51400009415000001160000ab17000045190000331c0000031d0000281d0000381d0000f822000080230000
b5240000e2240000422500004f2a0000772a0000c02b00007a2c0000ed2c0000852d00004c2e0000742f0000a12f0000
64300000bf320000b1050000b3090000730b0000ed0c0000ec0d000036100000a51100007b130000301400001d170000
e61a00001f1b0000371b0000c11c0000df1c0000ef1c0000fc1c00002b1f0000d51f00005c200000d221000024220000
37220000a52200007c0a0000e60a0000f30a0000e41300005d1700008a1700002a1a0000351a0000d1000000b1010000
f1010000870d0000db0d00005c15000042180000551800000a010000e501000036030000b1050000b30900007c0a0000
e60a0000f30a0000730b0000900d000036100000a51100007b130000e41300003014000031150000681500001d170000
5d1700008a1700002a1a0000351a0000c11c0000df1c0000ef1c0000fc1c00002b1f0000d22100002422000037220000
3323000071230000433b0000af3b0000bd3b0000f03c0000413d0000c33d0000f33d0000ff3d00000a28000052310000
75310000a13100006132000015330000500d0000f50d0000d11000000511000010120000451200003815000018200000
9e270000ae2800008e27000087280000ba280000df2800007b290000d62f00000f31000098320000e3320000b7060000
c606000019070000cc0c0000de0c00009d0d000065160000c01a0000f71a0000261b0000371c0000a1040000cf060000
f20600006b070000e80f0000e8100000ef10000097120000c5140000d61400007e160000e5180000ca1b0000691c0000
2c1d0000532100001f2500002e25000049250000582a0000272b0000f02b0000572d0000822e00001c30000075300000
de300000ef3000008e3100004e320000983200009a320000aa320000c6320000fb060000440700009d0d000012150000
65160000f71a0000261b0000371c0000f81f00008e270000db0e00006e0f00000b11000018110000c8120000ca140000
11170000342100001e250000d32700008b280000e0280000df2a0000da2f000000310000103100003932000099320000
ba2800007b290000e332000000040000cc040000d6060000da06000026070000491100009b120000ed1200007d1b0000
bf1b0000fa1b0000731c0000281d000047210000422500007b2e00002330000028300000bc31000044320000bf320000
1a0500004d0700005a070000ed120000051700007d1b0000fa1b0000731c0000281d00004721000042250000ba280000
7b2900004f2a00005630000064300000bc31000044320000bf320000e33200000a28000052310000a131000015330000
f50d0000d110000045120000182000009e270000ae280000b706000019070000de0c000065160000c01a0000261b0000
a1040000cf0600006b070000e810000097120000d61400007e160000e5180000691c00002c1d00001f25000049250000
582a0000f02b00001c30000075300000ef3000008e3100009a320000c63200002a04000031050000370f0000cb150000
b6200000cf2000009a300000bd3000004331000063310000a1310000a8310000d93100006a3200006e32000004330000
c306000045070000d70c00002a0d0000a00d0000f50d0000f60d0000b8100000e5100000331200004512000046120000
16150000e21a0000f81a0000381c00002a2000004021000099270000a0280000fb06000065160000261b0000f81f0000
74040000cf0600000f0700005a070000e8100000b31100009712000001160000591600006b160000e01b0000691c0000
281d0000002100007322000037250000422500004f2a00008e2e0000092f00001c30000064300000ef30000081310000
b3320000bf320000b10500006a090000a60b00006e0c0000ed0c00001b0d0000040e0000080e0000310e000036100000
df120000321300007b13000000140000111400003c14000060140000ab170000d11a0000e61a00003e1b0000b01c0000
c11c0000e31c0000031d0000341f00005a1f00007f1f000037220000be22000033230000b52300007c0a0000b20a0000
040b0000e4130000f313000077170000121a0000211a00003c1a00000c220000d1000000f200000000020000020d0000
870d00008c0d0000ae0d0000af0d0000b40d00004615000058180000891d0000f001000054180000280100000c020000
33020000fc050000ca090000960d00002c1800005b1800006318000030190000d9190000512300000a01000089010000
6b030000b10500006a0900007c0a0000b20a0000040b0000a60b00001b0d0000900d0000a50d000036100000df120000
321300007b130000e4130000f313000000140000111400003c140000601400009415000077170000ab170000121a0000
211a00003c1a0000b01c0000c11c0000e31c0000031d0000341f00005a1f00007f1f00005c2000000c22000037220000
f4220000f82200002123000080230000433b00007b3b0000ce3b00009a3c0000f03c0000003d00000c3d0000103d0000
223d0000b03d0000063e0000453e0000a2010000e4020000fc050000ca090000c80c0000850d0000c40d000059150000
30190000d9190000de1a0000ed1a0000121b00001a1b00003d1d0000641d0000c81d00000e270000ee03000019050000
830900007b0a0000580c00008f0e0000270f0000650f0000700f000060110000c011000074120000ad120000e6120000
0f1300001313000043130000e3130000741b0000781b0000961b0000e71b0000621c0000b41c0000e41d0000201e0000
b0200000502200009c24000073260000a7260000c1260000872a00009a2a0000bd2a0000932b0000952e0000b42e0000
e32e00005b2f0000d53300000434000056340000eb360000bf370000b438000036390000483900004c39000070390000
90390000bb390000bf3900003a3a00006c3a0000ba3a0000423b0000ef3c0000d43f0000144000001901000029010000
34020000c0050000b6060000cb0900000a0d0000930d0000970d00000210000039100000e210000095110000f4120000
f512000026180000291800002d18000064180000da190000061f0000921f00002e200000522300000c020000fc050000
5b18000030190000fd02000036030000a104000048060000cf060000d3090000f30a0000730b0000e810000097120000
df12000000130000e51800005c190000dd190000351a0000d11a0000691c00006e1c00007d1c0000df1c0000fc1c0000
ee1e0000191f00002b1f00003a2000007123000032270000542800003f2b00001c300000ef300000a4340000bc380000
ee390000503a0000bd3b0000ff3d0000b1050000a60b0000ed0c0000310e0000361000007b1300001114000060140000
ab170000e61a00003e1b0000c11c0000e31c0000031d0000341f00007f1f0000be220000b52300007c0a0000040b0000
e413000077170000121a00003c1a0000d100000000020000870d0000b40d000046150000581800000a0100006b030000
b10500007c0a0000040b0000a60b0000900d0000361000007b130000e413000011140000601400009415000077170000
ab170000121a00003c1a0000c11c0000e31c0000031d0000341f00007f1f0000f822000080230000433b0000ce3b0000
f03c0000223d0000b03d0000063e00001a040000bc040000a70a0000590b0000320f000087130000f01300005c170000
6f170000bd180000ed180000ad1c0000c220000001220000192200008c290000172d0000ed2d0000132e00005f2e0000
662e0000442f00008d3000005d310000bf3400001a390000163a00004f410000eb000000e5020000c0050000b6060000
cb090000d20c0000f60c0000010d0000340d00008a0d00008b0d0000c70d0000ce0d0000cf0d0000d60d0000d70d0000
0210000039100000e210000095110000f4120000f5120000da190000e11a0000e91a0000ef1a0000131b0000411d0000
981d0000d31d0000061f0000921f00001d2000000f270000a2010000fc05000059150000301900001a1b0000641d0000
0a010000e501000036030000a1040000b1050000cc05000010060000b3090000f30a0000730b0000900d000036100000
3c100000a0110000a5110000f511000031150000681500001d170000e51800002419000036190000351a0000dc1b0000
331c0000df1c0000fc1c00005c1e00002b1f0000c81f0000372200003323000071230000cf2400007a2c0000b22c0000
852d0000372e0000412e00008e2f0000bd3b0000ff3d0000800f00008e20000040280000282e00003c2f0000fb3a0000
6a3d0000a13d0000ba3e0000183f0000aa400000580d00001b0e00005d100000ba120000c41300000514000039140000
4a1400004015000073170000491f00000b2300003b2700005d280000af290000b427000054280000e229000073100000
e5140000b4240000dc270000fe270000972800008c290000a6290000fa2a0000ae2d0000732f0000e42f000005300000
963800007c3e0000673f000094400000c913000022140000111a0000ea210000cb2900008d29000010270000060e0000
3a14000069140000f622000051270000b62700006b280000a0280000df0d0000050e00005d100000ba120000c4130000
c91300000514000022140000391400004a14000073170000111a0000491f000002200000ea210000f5220000b5270000
5d280000af290000cb290000c93c0000d13c0000163d0000333d0000973e000032270000542800008d290000e2290000
7d3e0000ad1300005c17000041280000bf29000004330000fc3a0000193f0000e2400000380d0000d60d00003a0e0000
3a140000691400002a2300002527000049270000992700006b280000a0280000c4050000a6070000e3090000b30c0000
f10c0000a50d0000df120000501300007f130000f7130000a51a0000fc1a0000371b00006e1c00009b1c0000cf1c0000
df1c0000fc1c00007e0a0000c00a0000260b0000351a0000ae1c00001a220000d5000000fa000000530200008d0d0000
55180000f11a00004102000048010000670200008402000012070000a7070000e40900000a1d0000722300001d010000
4701000083020000c4050000a6070000e30900007e0a0000c00a0000260b0000df120000501300007f130000f7130000
351a0000d11a00006e1c00009b1c0000ae1c0000cf1c0000df1c0000fc1c00003a2000001a22000071230000453b0000
893b0000f13b0000043d0000ff3d00002b3e0000d30000004f02000012070000a7070000e4090000c00c000059150000
aa1a0000bc1a0000451b00000a1d0000ee03000019050000f40500001c0a00007b0a0000530e0000270f0000700f0000
cc0f0000f80f000010100000451000006c11000043130000e3130000af140000e5140000e9140000651b0000781b0000
ad1b0000cf1b0000b41c0000131d0000b020000020210000d82300003f240000b4240000c7240000842500008b260000
f6290000372b0000012c00001b2c0000a22c0000692d00008e2d0000e42d0000ad2e0000292f0000732f0000862f0000
3a3400007d350000eb360000bf370000d5380000d23a0000423b0000ef3c00003c3f0000673f00006b3f0000ba3f0000
784000000b410000724100008f410000290100008b01000077030000b60600006c090000b20b00001c0d0000970d0000
a70d0000e21000005b110000e11200004f140000691400006a14000089180000591a0000ff1c00005e20000039220000
f6220000fa220000232300008423000037030000740b00000a1d0000722300000a0100006b0300001a050000b1050000
5a0700001d0a00007c0a0000a60b0000900d0000361000007b130000e413000060140000bc14000094150000ab170000
7d1b0000c11c0000031d0000181d0000281d0000f82200008023000042250000852500008c260000062a00004f2a0000
022c0000572c000064300000bf3200007e350000d6380000d33a0000433b0000f03c00009041000048060000730b0000
a50d0000df120000f71300002215000054170000fc1a0000371b00006e1c0000cf1c0000df1c0000fc1c00002b1f0000
a5220000b427000054280000e2290000f30a00005a0b0000351a0000ae1c00001a2200008d290000f1010000e6020000
8d0d000055180000f11a000010270000fd0200003603000048060000f30a00005a0b0000730b0000df120000f7130000
54170000351a0000d11a00006e1c0000ae1c0000cf1c0000df1c0000fc1c00002b1f00003a2000001a22000071230000
32270000542800008d290000e2290000bd3b0000263c0000043d0000ff3d00002b3e00007d3e00005904000062050000
a70a0000590b0000410f000087130000f01300005c1700006f170000ad1c0000e920000001220000192200001d240000
602400008c2900008d3000005d3100002f34000000390000b1390000fd3e0000903f0000f73f0000b7400000e2400000
e640000035410000eb000000e5020000b60600006c090000b20b0000850c0000d20c0000010d0000210d00008a0d0000
8b0d0000d60d0000d70d0000200e00003a0e00003b0e0000e21000005b110000e11200004f140000691400006a140000
591a0000d51a0000e11a0000ef1a00003a1b0000ff1c00001d20000039220000ae2200004a2300009a2300000f270000
a2010000740b000059150000451b00000a1d0000e12200000a010000e5010000360300001a050000b1050000b3090000
7c0a0000730b0000f20b0000590c0000900d000036100000a5110000cd1100007b130000e41300003115000068150000
1d1700007d1b0000ec1b00004d1c0000c11c0000fc1c0000372200003323000071230000ac240000d4250000a8260000
fd260000be2a0000782b0000942b00009a2e00006b2f000011340000ad37000016380000433b0000f03c000015400000
d30e0000490f0000ac0f0000bf100000e010000018110000b4120000cf1400001016000036160000e21700008a200000
0c2100002b2500005d250000df2a0000152f0000382f0000d930000010310000a7320000db3200007d390000403f0000
773f0000924000007322000037250000b3320000ec3f00002f22000032230000420d0000d1100000ac13000069140000
dd140000921f0000ae200000e0210000402200004c220000f62200004223000052230000b324000072260000a6260000
b9260000722f0000b93a0000b13c0000134000009f030000b0030000ef0300007c040000920400001a0500001c050000
a1050000b0060000e00600004d070000510700005a070000c3090000360c0000680e00004c110000b3110000b4150000
c1150000591600008e16000005170000b1200000b920000028210000432100007821000000250000ba280000c5280000
112900007b2900004f2a00006f2c0000fa2c00002e300000563000005a30000064300000813100003132000040320000
78320000e3320000ef320000233400005d340000823400004d350000e435000011390000d0390000f13a0000d83e0000
4a400000bc00000054010000fc02000014030000350300007a05000047060000b207000034080000af090000720b0000
850b0000a311000030150000d41f0000252000007221000088220000312700006f27000053280000e828000036000000
c901000075050000eb070000470000005500000048010000d00100000c02000018020000a70300007804000086050000
d8050000fc0500007c060000a7070000f2070000020800004509000047090000bf090000fa090000120a0000320a0000
3b0a0000d40b0000100c000050110000f617000048180000671900005b210000822100006a25000034260000ed290000
1b2b0000862c0000163500002e35000060350000ab380000cb3800007b3a0000123b0000740400007c04000092040000
cf0600000f0700005a070000c3090000360c0000b3110000971200005916000071200000b1200000b920000000210000
282100004321000078210000732200000025000037250000ba280000c5280000112900007b2900004f2a0000092f0000
312f00001c3000006430000081310000313200004032000078320000b3320000e3320000ef3200005d3400004d350000
e43500001139000060390000f13a0000d83e0000ec3f00004a40000009010000e401000035030000b0050000af090000
b2090000720b0000850b0000a311000030150000d41f000025200000722100002f220000882200003223000031270000
6f27000053280000e82800003701000009030000680400003006000063060000c3060000450700008c08000073090000
7f0900008c0a0000a60a0000580b00007d0c00008d0c00001c0d00004c0d0000690d0000700d0000d60e0000250f0000
0f100000231000005b1100006a110000751100008311000096110000c41100004512000073120000c31200002b130000
541300001814000071140000a71400002a150000fc15000022160000aa160000bb160000251700002d17000040170000
5b1700001e18000030180000791800007d18000089180000591a0000222000004021000066210000fd21000000220000
892500005226000051270000a02800008b2900009e290000702a0000c92a0000cc2b0000e42b0000002c0000132c0000
e12c0000682d000008340000783400001d35000083350000b0380000c4390000993a0000553b00006f3b0000243c0000
293d0000633e00007b3e00008e410000bd010000fb060000fa090000120a0000d50a0000f61700004818000067190000
82210000c2210000ed2900001b2b00002e350000cb3800009e3b0000f10400005a050000a60900003f0c00008e100000
732200001125000037250000c230000089320000b3320000f5380000f43e0000ec3f0000a20b00006d0c00002f220000
bd22000032230000690d0000231000006914000071140000dd140000971f0000f622000061230000b324000052260000
d6260000d9260000da270000722f0000993a000036400000a1040000cf0600006b070000971200007e160000e2230000
582a0000f02b00001c300000753000008e3100006039000071400000ed400000090100006a030000b0050000a50b0000
93150000aa1700006600000048010000bd0100001f020000c9040000d80500008d060000fb060000a707000009080000
12090000570a0000590a0000d50a00004f0b0000210c000050110000fa1400004c150000a11600003b170000d2170000
c221000076250000be250000862c00006c350000ba3500002c3b00009e3b00001b3c0000a1040000f10400005a050000
cf0600006b070000a60900003f0c00008e100000d7100000b311000097120000591600007e1600006f21000073220000
e22300001125000037250000dd2700001b280000cc28000015290000582a0000f02b00001c30000075300000c2300000
e7300000813100008e31000089320000b3320000f63200005d34000041350000f0350000f538000060390000f43e0000
ec3f000071400000ed400000090100006a030000b0050000a20b0000a50b00006d0c0000480d000071110000a3110000
3015000093150000aa1700002f220000bd220000322300007e270000f1280000060e000072100000f412000007130000
3a1400002618000098180000671a0000da270000862a0000f22a0000302c0000332c0000ad2d000040390000b1410000
66000000bd010000c80400008d060000fb060000ba070000de070000200800005a08000012090000570a0000590a0000
d50a00004f0b0000ac0c0000dc0f0000fa1400003b17000009180000481800006719000082210000c22100003a2a0000
1b2b00004b2d0000703300002e3500002c3b00009e3b00001b3c000068040000c8050000f00500008c0800008c0a0000
960b0000d90b00008d0c0000ef0c0000060e0000f70f0000721000002b1300003a14000022160000c2170000ea170000
921f0000ca22000052230000b7230000f62400003d260000a6260000b9260000f22a00009e2c0000ad2d0000b52f0000
843a0000553b000013400000c90b00004e0c00008a22000093240000522f0000060e0000721000003a14000022160000
c2170000ea170000921f000052230000b7230000f6240000a6260000b9260000f22a0000ad2d0000b52f000013400000
290100008b01000077030000ed03000018050000f3050000b60600006c0900001b0a00007a0a0000b20b0000f40f0000
3d13000069140000dd14000089180000591a00005e200000ae2000001f21000039220000f6220000b3240000f2290000
332b0000002c0000132c0000a12c0000282f0000722f0000d4380000413b00008e410000370300005e060000740b0000
672a0000dc2c000055000000be000000180200001603000037030000a70300001b0500008e050000a7050000a9050000
540600005e0600007c0600000208000036080000320a00003b0a0000740b0000c90b0000100c00004e0c000091160000
8a220000932400006a250000712700007b280000ea28000019290000672a0000752c0000d22c0000dc2c0000522f0000
ca2f000060350000123b0000290100008b01000077030000ed0300006804000018050000c8050000f0050000f3050000
b60600008c0800006c0900001b0a00007a0a00008c0a0000960b0000b20b0000d90b00008d0c0000ef0c0000700d0000
ee0d0000060e0000d50e00006f0f0000f40f0000f70f00006610000072100000761100007f1100008311000095110000
a7110000be1100002b1300003d1300003a14000069140000a7140000dd140000221600009c160000c2170000ea170000
2d18000089180000591a0000921f0000112000005e200000ae200000072100001f21000039220000ca220000f6220000
52230000b7230000b3240000f6240000892500003d260000a6260000b926000083270000c9270000f0280000fa280000
6f290000f2290000bc2a0000f22a0000332b0000002c0000132c00009e2c0000a12c0000a12d0000ad2d0000102f0000
282f0000722f0000b52f00000234000083350000c9350000d4380000843a0000413b0000553b0000134000008e410000
370300005e060000740b0000c90b00004e0c00008a22000093240000712700007b280000ea28000019290000672a0000
dc2c0000522f0000ca2f000069140000dd14000089180000591a00005e200000ae2000001f21000039220000f6220000
b3240000332b0000002c0000132c0000282f0000722f00008e41000055000000be00000037030000a703000077040000
8e050000a7050000a90500005e0600007c060000f4070000fe0700001c0800004e080000320a00003b0a0000740b0000
c90b00004e0c000002180000ee1f0000fc2000008a22000093240000712700007b280000ea28000019290000292a0000
672a0000752c0000dc2c0000052f0000522f0000ca2f000064330000123b0000050f0000740f00007c0f00006b100000
bf10000025110000b4120000ca14000062160000121e000054210000072400002b2400001e250000e42a00002b2b0000
a62d0000242e0000d93000001e3100004f320000993200007d390000293f0000be400000704100009f030000b0030000
f303000037040000710400007c04000085040000920400001a050000a1050000b00600004d0700005a070000da070000
fb070000c3090000360c00009f100000d7100000c1150000251600002d16000079160000b61600000517000028210000
2c2100006f21000000250000ba280000c5280000112900007b2900004f2a00006f2c0000fa2c00005630000064300000
d4300000e730000089310000313200003532000078320000e3320000ef32000095330000a23300009c34000041350000
e435000011390000d0390000f13a0000d83e00004a4000007e160000f02b00008e310000ed4000001a0500001f050000
29050000580600004d0700005a070000a6090000360c00008e100000d7100000c1150000251600002d16000056160000
791600007e160000b6160000051700006f21000000250000ba280000c5280000112900007b2900004f2a0000f02b0000
d62c0000382d00005630000064300000c2300000e7300000893100008e31000078320000e3320000ef3200009c340000
41350000e4350000f5380000d0390000f13a0000d83e00004a400000ed400000bc000000fc020000350300007a050000
47060000b1070000ed070000af090000720b0000850b0000b80c0000480d00007111000087150000b0160000d41f0000
ec1f000088220000312700006f27000053280000e828000093150000aa17000036000000750500003008000006150000
fc020000350300004406000047060000720b0000850b00006d0c0000480d000071110000211500008715000093150000
b0160000aa17000088220000312700006f27000053280000e8280000190100002901000034020000ed03000018050000
c0050000b606000091080000cd08000082090000cb0900007a0a0000a30a0000da0a0000570c00009b0c00001c0d0000
420d0000730d0000260f0000690f00000f100000d11000005b1100006a1100008611000095110000a8110000aa110000
be11000070120000f4120000071300003d13000057130000ac130000b41400003415000084150000761600000c170000
9b1700009e170000261800002d180000761b0000d11e0000061f0000921f0000e11f00002e20000032200000ae200000
cb210000e02100004f2200006722000052230000982400008f2500009f2500006f260000a6260000b926000051270000
a02800008b2900009e290000862a0000bc2a0000682d0000572f0000ee330000023400008935000099350000b3380000
40390000b63a0000413b00006c3b0000a33b0000b13c0000d43d00007b3e0000134000000c020000fc05000012090000
4f0b0000d40b0000fa1400004c150000a11600003b170000d2170000be25000034260000ba3500007b3a00001b3c0000
060e00007210000045120000181400003a1400002a150000a315000022160000301700005b170000ba17000089180000
591a0000f22a0000c92b0000002c0000132c0000ad2d0000c7390000293d00008e41000047000000550000000c020000
a70300001505000086050000fc0500007c060000ba070000de0700001c080000380800003c0800004e08000045090000
47090000fa090000120a0000320a00003b0a0000d40b0000ac0c0000dc0f00000d1500004c150000a116000001170000
d2170000f617000002180000be25000034260000ed290000292a00004b2d00005533000064330000ba350000ab380000
cb3800007b3a0000123b0000040e0000ab1700003722000033230000b523000072140000e5140000b42400005a260000
da260000dc270000732f0000a13a0000963c0000384000000a010000890100006b030000b10500006a090000a60b0000
6e0c0000ed0c0000490d0000ec0d0000040e000072110000a51100003115000094150000ab1700000f2000005c200000
37220000be220000f422000033230000b52300007f270000f228000094150000ab1700005c20000037220000f4220000
731000000f130000dc270000872a0000fa2a0000342c0000ae2d000048390000963c0000b3410000b00f00003a160000
8e2000003c2f000083390000443f00007b3f000093400000090d0000580d0000050e000001100000ba12000039140000
53140000b417000014230000b62300003722000033230000ad130000e5140000b0200000e821000050220000b4240000
73260000a7260000c1260000732f0000ba3a0000b23c0000144000000a010000e501000036030000b1050000b3090000
730b00008d0b0000a511000031150000d51f000026200000732100003722000089220000332300003227000070270000
54280000e9280000ee0300006c0400006706000083090000920a0000a70a0000590b0000d70e0000270f000010100000
6c110000c611000074120000c41200002c130000581300002014000072140000a8140000fe15000024160000bd160000
31170000441700005c17000068210000012200008b2500005a2600008c290000a6290000712a0000ca2a0000cd2b0000
e52b0000012c00001b2c0000e52c0000692d00000a3400007a3400001f35000085350000b4380000c8390000a13a0000
5b3b0000703b0000253c0000313d0000653e00007c3e00008f41000072140000e5140000b42400005a260000da260000
dc270000732f0000a13a0000384000000a0100006b030000b10500006a090000a60b00006e0c0000490d000072110000
a51100003115000094150000ab17000037220000be220000332300007f270000f2280000731000000f130000dc270000
872a0000fa2a0000342c0000ae2d000048390000b34100007310000024160000ee170000f7240000a7260000c1260000
fa2a0000ae2d0000b62f000014400000ee0300006c04000019050000f40500001c0a00007b0a0000920a0000dd0b0000
d70e0000700f0000f80f0000671000007310000081110000c01100002c13000043130000a8140000e514000024160000
9e160000ee170000b02000000821000020210000b4240000f72400008b2500003e260000a7260000c1260000cf270000
fc28000070290000f6290000bd2a0000fa2a0000372b0000012c00001b2c0000a22c0000a22d0000ae2d0000112f0000
292f0000732f0000b62f00000434000085350000cb350000d5380000853a0000423b00005b3b0000144000008f410000
e5140000b020000020210000b4240000372b0000012c00001b2c0000292f0000732f00008f410000800f00000b240000
2f240000282e0000833900002f3f0000bf40000071410000090d0000240e0000011000005d1000004a14000053140000
401500005d20000038220000f522000094150000ab170000fd02000036030000480600006a090000730b00008d0b0000
6e0c0000490d000072110000221500008815000094150000b1160000ab17000089220000322700007027000054280000
e9280000ee03000019050000830900007b0a0000a70a0000de0a0000580c0000270f0000700f0000101000006c110000
ac110000c0110000741200000f1300004313000058130000ad130000b51400000d1700009f170000781b0000b0200000
cc210000e821000050220000682200009c24000091250000a125000073260000a7260000c12600008c290000a6290000
872a0000bd2a0000692d00005b2f0000f0330000043400008b3500009b350000b438000048390000ba3a0000423b0000
703b0000a73b0000b23c0000d63d00007c3e000014400000731000002014000024160000311700005c170000fa2a0000
cd2b0000012c00001b2c0000ae2d0000c8390000313d00008f41000072140000e51400004a1e0000b42400005a260000
da260000dc270000e92e0000732f0000633a0000a13a0000963c00001e3f0000673f0000dd3f000038400000120d0000
690d00007f0d000023100000cd1200004014000069140000971f0000f62200001b2300006123000051230000040e0000
ab170000a31f0000c81f00003722000033230000b5230000cf2400007e2600008e2f000098320000c53a0000d03c0000
660000004801000058010000bd0100001f020000080300008d060000fb06000044070000a7070000b607000009080000
c908000012090000fa1400004c150000a11600002c180000d01e0000e01f00003120000050270000280100000c020000
33020000fc050000c908000012090000ca090000fa1400004c150000a11600002c180000d01e0000e01f000031200000
51230000502700000a010000890100006b030000f1040000b10500009d080000c0080000390900006a0900007c0a0000
b20a0000040b0000a60b00006e0c0000ed0c0000490d0000ec0d0000040e0000d00f00002910000072110000a5110000
bc110000cd1100007f120000d6120000321300007b1300003115000094150000f116000077170000ab1700008b1b0000
c51e0000cc1e0000e91e0000341f00005a1f00007f1f00000f2000005c200000b62100000c22000037220000be220000
f422000033230000b52300007f270000f22800001c2a0000be2a0000cd2a00000f2b0000512b0000d82b00003f2d0000
792d0000de300000ff33000011340000dd340000f5340000093600004b3600003c370000e43700002e380000433b0000
7b3b0000ce3b00000c3d0000b03d0000453e000072140000e51400004a1e0000b42400005a260000da260000dc270000
732f0000633a0000a13a0000673f0000dd3f000038400000690d00002310000069140000971f0000f622000061230000
6600000048010000bd0100001f0200008d060000fb060000a70700000908000012090000fa1400004c150000a1160000
0a0100006b030000f1040000b1050000c0080000390900006a0900007c0a0000040b0000a60b00006e0c0000490d0000
d00f00002910000072110000a5110000cd1100007b130000311500009415000077170000ab1700008b1b0000cc1e0000
e91e0000341f00007f1f0000b621000037220000be220000332300007f270000f22800001c2a0000be2a00000f2b0000
512b00003f2d0000792d000011340000f53400004b360000e4370000433b0000ce3b0000b03d0000090d0000580d0000
050e0000050f0000740f0000011000000a100000321000000b120000ba120000c91300003914000053140000ca140000
ee140000b4170000121e0000681e0000491f0000a71f000014230000b6230000c32400001e2500007f260000632d0000
822d0000822f000099320000c63a0000d13c0000c81f00003722000033230000cf2400008e2f0000bd00000055010000
fd02000015030000360300009f030000f80300007c040000a40400001a0500007e050000df0500004806000050060000
da060000b30700003508000068080000dd080000300900004e090000b3090000d7090000730b00008d0b0000f20b0000
4911000058110000a0110000a511000031150000cd16000024190000171e0000ba1e0000d61e0000e51e0000d51f0000
26200000f82000000f2100007321000089220000d42500003227000070270000542800006f280000e92800004b290000
0b2a00004a2b00008d2c0000ce2c0000372e0000012f0000182f0000be2f000028300000d6340000f1340000fe350000
42360000163800000a010000e5010000360300007c040000a1040000b1050000cc05000010060000dd08000030090000
b3090000f30a0000730b00008d0b0000a0110000a5110000f51100003115000024190000171e00005c1e0000d61e0000
e51e00002b1f0000c81f0000d51f000026200000f82000000f21000073210000372200008922000033230000cf240000
3227000070270000542800006f280000e92800004b2900000b2a00004a2b00007a2c0000b22c0000372e0000012f0000
182f00008e2f0000be2f0000f134000042360000bd3b0000ee030000460400008c04000019050000830900007b0a0000
a70a0000de0a0000580c00008f0e0000270f0000700f0000940f0000101000006c110000ac110000c011000074120000
0f1300004313000058130000ad130000b5140000321600000d1700009f170000781b0000e41d0000061e00001c1e0000
201e0000b0200000cc210000e821000050220000682200009c24000091250000a125000073260000a7260000c1260000
8c290000a6290000872a0000bd2a0000692d0000e32e00005b2f0000f0330000043400003a3400005634000065340000
063500000b3500008b3500009b350000703600007d360000eb36000063370000f737000096380000b438000048390000
70390000bb3900006c3a0000ba3a0000423b0000703b0000a73b0000b23c0000d63d00007c3e0000d43f000014400000
190100002901000034020000c0050000b606000091080000cd080000cb0900009b0c00001c0d0000420d0000730d0000
d11000005b1100008611000095110000a8110000f4120000341500008415000076160000261800002d180000d11e0000
061f0000921f0000e11f00002e200000322000005223000051270000a02800000c020000fc05000012090000fa140000
4c150000a1160000fd02000036030000a10400001f05000048060000cf060000c00800001b090000300900006a090000
d3090000f30a0000730b00008d0b00006e0c0000490d0000d00f00002910000072110000b31100009712000022150000
8815000094150000ef15000059160000b1160000fd16000018170000ab170000c6170000cc1e0000de1e0000e51e0000
ee1e0000191f00002b1f00008922000028260000322700007027000054280000e92800000b2a00003f2b00004a2b0000
3f2d0000792d00001c30000081310000e9340000f1340000303600004236000070380000bc380000503a0000bd3b0000
790b0000c90b00008c0c00008a220000c922000051230000040e0000ab1700003722000033230000b5230000a8260000
ad260000e5260000fd260000983200002e380000154000001a400000280100003703000076030000740b0000b10b0000
88180000280100003703000076030000740b0000790b0000b10b0000c90b00008c0c00006f0d00002c18000088180000
8a220000c9220000512300007127000082270000ea280000ec28000094150000ab1700005c20000037220000f4220000
022c0000072c00003f2c0000572c00000f310000c93600009041000095410000ad130000e5140000b0200000ee200000
e821000050220000b424000073260000a7260000c1260000732f0000f7370000ba3a0000b23c0000673f0000d43f0000
fc3f000014400000420d0000d110000069140000921f000040220000f622000042230000522300004700000055000000
48010000d00100000c0200001802000086050000fc0500007c060000a7070000f207000002080000fa090000f6170000
48180000671900000a010000e5010000360300001f050000b105000030090000a6090000b3090000220a00007c0a0000
e60a0000f30a0000730b00008d0b00008e100000d7100000a5110000cd1100007b130000311500002a1a00007b1b0000
e51e0000191f00002b1f0000d51f0000262000006f210000732100008a210000d2210000242200003722000089220000
33230000322700007027000054280000e9280000fe2900000b2a0000be2a0000222b00003f2b00004a2b0000c2300000
e730000011340000f13400003635000042360000db380000503a0000433b0000af3b0000bd3b0000f33d00001f050000
c00800006a090000a60b0000360c00005e0c00006e0c0000d00f0000c81f000037220000be22000033230000a4240000
cf240000002500003f2d0000632f00008e2f0000783200000a0100006b03000074040000b1050000cc0500006f060000
5a070000a60b0000f511000094150000ab170000451900004f2a0000772a0000c02b00007a2c0000ed2c00004c2e0000
643000000a0100006b030000740400001f050000b1050000cc0500006f0600005a070000c00800006a090000a60b0000
360c00005e0c00006e0c0000490d0000d00f00002910000072110000a0110000a5110000f51100003115000094150000
ab1700002419000045190000cc1e0000c81f000037220000be22000033230000a4240000cf240000002500007f270000
e127000082280000c5280000f228000011290000212900004f2a0000772a0000c02b00007a2c0000ed2c00003f2d0000
792d0000372e00004c2e0000632f00008e2f0000d12f00006430000078320000ef320000731000002014000024160000
311700005c17000087240000fa2a0000cd2b0000012c00001b2c0000ae2d00002f370000c8390000313d000094400000
fe4000000b4100008f410000060e0000451200003a1400002a150000a3150000ba17000089180000591a000047000000
550000000c02000086050000fc0500007c060000ba0700001c08000038080000fa090000ac0c00000d1500004c150000
a1160000f617000002180000fd020000360300007404000048060000cf0600006a090000ca0a0000370b00005f0b0000
730b00008d0b0000e50b0000f20b00006e0c0000490d000072110000b3110000971200002d130000a914000022150000
88150000941500000116000059160000b11600004c17000077170000ab170000d9170000f3190000731a00007e1a0000
7f1f00008922000098250000b6250000c6250000d42500004426000096260000322700007027000054280000e9280000
1c3000008131000092350000b2350000c2350000163800008b3a0000dd3a0000933b0000033c00002b3c0000b03d0000
f1040000e4050000a60900003f0c00008e100000b1100000de1700007322000011250000372500005c250000922c0000
c23000000f31000089320000b3320000da320000de17000073220000372500005c2500000f310000b3320000da320000
a1040000cf060000f20600006b070000e80f0000971200007e16000053210000582a0000272b0000f02b0000572d0000
1c300000753000008e3100004e32000098320000a1040000f1040000e4050000cf060000f20600006b070000a6090000
3f0c0000e80f00008e100000b1100000d71000000e1100007c110000b311000097120000591600007e16000099160000
de17000037210000532100006f2100007322000011250000372500005c250000dd270000cc28000015290000582a0000
272b0000f02b0000922c0000572d00001c30000075300000c2300000e7300000033100000f310000813100008e310000
3c3200004e3200008932000098320000b3320000da320000f63200007e16000053210000272b0000f02b00008e310000
4e32000098320000d30e0000490f0000bf100000e010000018110000b4120000cf14000010160000e21700000c210000
2b2500005d250000df2a0000152f0000d930000010310000a7320000db3200007322000037250000b33200009f030000
ef0300007c0400001a0500001c050000a1050000b0060000e00600004d070000510700005a070000c3090000360c0000
4c110000b3110000591600008e16000005170000b120000028210000432100007821000000250000ba280000c5280000
112900007b2900004f2a00006f2c00002e300000563000005a3000006430000081310000313200004032000078320000
e3320000ef320000740400007c040000cf0600000f0700005a070000c3090000360c0000b31100009712000059160000
b120000000210000282100004321000078210000732200000025000037250000ba280000c5280000112900007b290000
4f2a0000092f00001c3000006430000081310000313200004032000078320000b3320000e3320000ef320000f1040000
a60900003f0c00008e100000732200001125000037250000c230000089320000b3320000a1040000cf0600006b070000
971200007e160000582a0000f02b00001c300000753000008e310000a1040000f1040000cf0600006b070000a6090000
3f0c00008e100000d7100000b311000097120000591600007e1600006f210000732200001125000037250000dd270000
cc28000015290000582a0000f02b00001c30000075300000c2300000e7300000813100008e31000089320000b3320000
f6320000050f0000740f00006b100000bf10000025110000b4120000ca14000062160000121e0000542100001e250000
e42a00002b2b0000a62d0000d93000001e3100004f320000993200009f030000f3030000710400007c0400001a050000
a1050000b00600004d0700005a070000da070000fb070000c3090000360c00009f100000d71000002516000079160000
b616000005170000282100002c2100006f21000000250000ba280000c5280000112900007b2900004f2a00006f2c0000
5630000064300000d4300000e730000089310000313200003532000078320000e3320000ef3200007e160000f02b0000
8e3100001a0500001f050000580600004d0700005a070000a6090000360c00008e100000d71000002516000056160000
791600007e160000b6160000051700006f21000000250000ba280000c5280000112900007b2900004f2a0000f02b0000
d62c00005630000064300000c2300000e7300000893100008e31000078320000e3320000ef320000731000000f130000
6f240000dc270000872a0000fa2a0000342c0000ae2d0000182e000048390000bb390000963c000094400000ca400000
1c410000b3410000120d0000060e00002b0e000049100000f41200003a1400005a140000261800003c18000098180000
671a000066000000bd010000080300008d060000fb06000044070000a9070000ba07000020080000c908000012090000
ac0c0000bc0c00006f0d0000fa140000a916000009180000481800007c18000067190000e01f00005027000088180000
bd010000080300002c060000fb06000044070000fa0900008c0c00006f0d0000a9160000f61700001d18000048180000
7c1800008818000067190000502700000a010000890100006b030000a1040000b1050000cc0500006a0900008e090000
810a0000ca0a0000400b0000a60b0000030c00006e0c0000ed0c0000490d0000ec0d0000040e00007211000099110000
a0110000a5110000d2110000f51100002d13000063130000a9140000b814000031150000941500008f170000ab170000
c6170000e518000024190000c9190000041a00002a1a00004f1a0000851a00000f2000005c2000002422000037220000
5b220000be220000f422000033230000b52300008725000098250000ba250000dd25000003260000282600007f270000
f22800007a2c0000372e0000de300000e73300008035000092350000b635000098360000c93600001f38000049380000
70380000483b0000933b00000c3c0000d03c0000c83d0000f33d000094150000ab17000045190000e91900005c200000
37220000f42200009b2b0000c02b00004c2e00000f310000f63900000c3d0000ee0300005e0400006c040000fb040000
6706000083090000920a0000a70a0000590b0000770e0000d70e0000270f00005d0f0000101000006c110000c6110000
74120000c41200002c130000581300002014000072140000a8140000bb150000fe1500001a1600001e16000024160000
bd16000031170000441700005c170000a2200000be20000068210000012200008b2500005a2600008c290000a6290000
712a0000ca2a0000cd2b0000e52b0000012c00001b2c0000e52c0000322d0000692d00000a3400003a34000059340000
7a34000099340000033500001f350000493500008535000069360000f23600002f370000493700000038000096380000
b438000005390000c8390000eb390000633a0000a13a00005b3b0000703b0000253c0000313d0000653e00007c3e0000
0b4100008f410000370100000903000030060000c3060000450700008c080000730900007d0c00008d0c00001c0d0000
4c0d0000690d0000700d0000231000005b110000751100008311000096110000451200002a150000aa16000025170000
1e18000030180000791800007d18000089180000591a0000222000004021000051270000a0280000bd010000fb060000
fa090000f617000048180000671900000a010000e50100003603000074040000f1040000b1050000cc050000a6090000
b3090000bb090000030a0000370b0000730b00008d0b0000f20b00008e100000d7100000a0110000a5110000f5110000
31150000d518000024190000ba190000d5190000f3190000731a00007e1a0000d51f0000262000006f21000073210000
7e2100008f210000b6210000372200008922000033230000b6250000d425000096260000322700007027000054280000
e92800000f2b00007a2c0000372e0000c2300000e73000002a350000b2350000d3370000e437000016380000c4380000
dd3a0000033c0000731000000f1300006f240000dc270000872a0000fa2a0000342c0000ae2d000048390000bb390000
944000001c410000b3410000060e0000f41200003a1400002618000098180000671a000066000000bd0100008d060000
fb060000ba0700002008000012090000ac0c0000fa1400000918000048180000671900000a0100006b030000a1040000
b1050000cc0500006a090000ca0a0000400b0000a60b0000030c00006e0c0000490d000072110000a0110000a5110000
f51100002d130000a91400003115000094150000ab170000c6170000e518000024190000041a00002a1a0000851a0000
2422000037220000be2200003323000098250000ba250000dd250000282600007f270000f22800007a2c0000372e0000
92350000b63500001f38000070380000933b00000c3c0000f33d0000090d0000240e0000d30e0000490f000001100000
0a100000581000005d10000082100000181100000b120000051400004a1400005314000040150000101600002d190000
ea190000111a00005d20000038220000f5220000df2a0000032b00009f2b0000632d00009a2d0000bd2d000010310000
f7390000163d0000bd000000fd020000360300009f030000020400007c040000ed0400001a0500007e05000048060000
50060000b3070000d7070000e6070000ef0700002508000068080000dd080000300900004e090000b3090000730b0000
8d0b0000f20b0000b90c0000490d0000e30f00002910000099100000721100008815000015160000af160000b1160000
cd16000040190000be1900007e1a0000cc1e0000d51f0000ed1f0000f820000089220000b6250000d425000032270000
70270000542800006f280000e92800004b2900000b2a0000ce2c0000522d0000792d0000472e0000012f0000be2f0000
ce3000004e330000b2350000fe350000423600001638000094150000ab17000045190000c02b00004c2e0000fd020000
36030000f10400001a050000400600004806000050060000c00800006a090000370b0000730b00008d0b0000f20b0000
6e0c0000490d0000d00f0000291000007211000022150000881500009415000015160000af160000b1160000cd160000
ab170000211900004019000045190000f31900007e1a0000cc1e000089220000b6250000d42500003227000070270000
542800006f280000e92800004b290000c02b0000ca2c0000ce2c00003f2d0000792d0000472e00004c2e0000be2f0000
b235000016380000033c0000ee030000220400006c04000050050000f4050000920a0000dd0b0000f80f000073100000
2c130000241600004a160000ee170000f72400003e260000a7260000c1260000fa2a0000a22c00001f2d0000ae2d0000
b62f000069360000853a00005b3b0000e83e00008b3f0000d43f0000144000009440000073100000241600004a160000
ee170000f7240000a7260000c1260000fa2a0000ae2d0000b62f00008b3f0000d43f00001440000094400000c8050000
8c080000960b00008d0c0000ef0c0000060e00003a140000c2170000921f0000ca22000052230000b7230000c90b0000
8a220000060e00003a140000c2170000921f000052230000b7230000090d0000580d0000050e0000db0e00006e0f0000
01100000ba12000085130000a41300003914000053140000891400008e140000ca140000e7140000b417000014230000
b6230000cb2400001e250000f22500005c260000ca260000e6260000d32700008a2f00009932000038380000a33a0000
973c00002f4000003722000033230000a8260000fd260000154000007c0400006a090000ca0a0000a60b0000ed0b0000
360c00006e0c00002d13000037220000be22000033230000002500003f260000a8260000fd26000078320000863a0000
933b000015400000ee03000019050000f40500001c0a00007b0a0000530e0000f80f000043130000e5140000b0200000
20210000d82300003f240000b4240000f6290000372b0000012c00001b2c0000a22c0000e42d0000292f0000732f0000
eb360000d5380000423b0000673f0000784000000b410000724100008f410000290100008b01000077030000b6060000
6c090000b20b00006914000089180000591a00005e20000039220000f622000037030000740b000055000000be000000
1802000016030000370300008e0500007c0600000208000036080000740b0000c90b00008a22000071270000ea280000
bd00000055010000fd020000150300003603000000040000cc0400007e05000048060000da060000b307000035080000
9c090000b30900004b0a0000600a0000ee0a0000f30a0000370b00005a0b0000730b00008d0b0000250c00003a110000
49110000a5110000cd1100003115000054170000f31900007e1a00007d1b00002b1f0000d51f00002620000073210000
cd210000692200008922000072250000a6250000b6250000322700007027000054280000e92800008d290000e2290000
be2a000028300000c73300001134000068350000a0350000b2350000243b0000b73b0000bd3b0000033c0000263c0000
7d3e00000a0100006b0300001a050000b10500005a0700001d0a00007c0a0000a60b00007b13000094150000ab170000
062a00004f2a0000022c0000572c000064300000d6380000433b000090410000ee030000220400006c04000019050000
50050000f40500001c0a00007b0a0000920a0000dd0b0000530e0000d70e0000ec0e0000700f0000f80f000067100000
7310000081110000c01100002c13000043130000a8140000e5140000d5150000241600004a1600009e160000ee170000
b02000000821000020210000d82300003f240000b4240000f72400008b2500003e260000a7260000c1260000cf270000
18280000fc28000070290000f6290000bd2a0000fa2a0000372b0000012c00001b2c0000a22c00001f2d0000a22d0000
ae2d0000e42d0000112f0000292f0000732f0000b62f0000043400004734000056340000923400000335000085350000
cb350000ec35000069360000eb360000d5380000853a0000423b00005b3b0000e83e0000673f00008b3f0000d43f0000
1440000078400000944000000b410000724100008f410000290100008b01000077030000c8050000b60600008c080000
6c090000960b0000b20b00008d0c0000ef0c0000700d0000ee0d0000060e0000761100008311000095110000a7110000
3a14000069140000c21700002d18000089180000591a0000921f0000112000005e20000039220000ca220000f6220000
52230000b723000083270000f028000037030000740b0000c90b00008a22000071270000ea2800000a0100006b030000
7c0400001a050000b10500005a0700006a0900001d0a00007c0a0000ca0a0000a60b0000ed0b0000360c00006e0c0000
490d000072110000a5110000cd1100002d1300007b130000a91400003115000094150000ab17000037220000be220000
3323000000250000982500003f260000a8260000fd2600007f270000e5270000c5280000f22800000129000011290000
71290000062a00004f2a0000be2a0000022c0000572c00006430000078320000ef3200001134000092350000d0350000
d6380000863a0000433b0000933b00001540000090410000e5140000b0200000202100003f240000b4240000372b0000
012c00001b2c0000292f0000732f0000673f00000b410000724100008f4100006914000089180000591a00005e200000
39220000f622000055000000be000000370300008e0500007c060000f40700001c080000740b0000c90b000002180000
ee1f00008a22000071270000ea2800000a010000e5010000360300001a050000b1050000b30900007c0a0000ee0a0000
370b0000730b00008d0b0000f20b0000590c0000a5110000cd1100007b13000031150000f31900007e1a00007d1b0000
d51f00002620000073210000cd21000037220000692200008922000033230000ac240000a6250000b6250000d4250000
a8260000fd260000322700007027000054280000e92800008d290000e2290000be2a00006b2f000011340000a0350000
b235000016380000433b0000b73b0000033c00007d3e000015400000090d0000240e0000db0e00006e0f000001100000
5d1000008a100000181100005f1200001113000085130000a41300004a14000053140000401500005d20000038220000
f5220000d32700009e2a0000a32a0000df2a0000fc2a0000242c0000402c0000c52d000010310000d33600004a390000
973c0000aa410000bd000000fd020000360300000a040000c50400007e05000048060000b3070000c8070000d7070000
ef07000056080000b30900004b0a0000600a0000ee0a0000f30a0000370b00005a0b0000730b00008d0b0000b90c0000
490d000099100000721100008d120000a91400008815000003160000b1160000c216000054170000f3190000e51e0000
2b1f0000d51f0000ed1f0000cd2100008922000098250000322700007027000054280000e92800008d290000e2290000
3e2a00004a2b0000e62b0000ce300000383300006c3300007f340000f134000092350000243b0000b73b0000bd3b0000
033c0000263c00007d3e000094150000ab170000022c0000572c000090410000fd020000360300007c04000048060000
77060000300900006a090000ca0a0000f30a00005a0b0000730b00008d0b00006e0c0000490d0000721100002d130000
a914000022150000881500009415000003160000b1160000c216000054170000ab170000e51e00002b1f000089220000
98250000322700007027000054280000e92800008d290000e22900000b2a0000722a00004a2b0000e62b0000022c0000
572c0000f52c00007f340000f13400009235000042360000933b0000bd3b0000263c00007d3e000090410000b6200000
a13100006a320000043300006b3e0000f50d000045120000181400002a20000040210000fd21000099270000a0280000
9e2900005b170000002200008b29000045120000181400002a1500005b1700002220000040210000fd21000000220000
51270000a02800008b2900009e290000293d0000633e00007b3e0000a4000000200300008d060000b7060000fb060000
020700001207000012090000570a00004f0b0000de0c00006b130000bc1a0000051c0000931c0000f81f0000fc1f0000
41200000c2210000c621000014220000590a00007d0a0000d50a0000ea0a0000110b00003b170000c61c000024000000
d2000000a1010000b40100003f020000dc020000ec1a0000660000002a010000bd010000c4010000670200008d060000
b7060000fb060000020700001207000012090000570a0000590a00007d0a0000d50a0000ea0a0000110b00004f0b0000
6b130000fa1400003b170000f31a0000051c0000931c0000c61c0000c2210000c6210000142200002c3b0000443b0000
9e3b0000b33b0000dc3b00001b3c0000223e000074040000f10400005a050000cf0600000f0700005a070000a6090000
3f0c00008e100000d710000097120000d6140000d5180000281d000071200000e4200000002100006f21000073220000
77220000112500001f250000372500003e250000422500004f2a0000092f0000312f00001c30000064300000c2300000
e7300000893200009a320000b3320000ba320000bf32000041350000f538000060390000f43e0000573f0000b23f0000
ec3f0000f03f00004a40000009010000e401000035030000b0050000b2090000720b0000a20b00006d0c0000480d0000
711100005e140000fa1c00002f22000030220000bd220000f7220000322300004523000070230000940400007c0a0000
e60a0000f30a00002d130000ae130000041a0000121a00002a1a0000311a0000351a0000e42300003b240000062d0000
cb2d00003e34000013390000cf3e00006f400000d24000002d410000674100006b410000d10000000101000081010000
b1010000f10100009e02000067030000b0050000b2090000720b0000a20b0000e50c0000390d0000b40d00002f0e0000
711100005e140000421800004518000055180000351b0000fa1c0000d11f00000d20000054200000552000002f220000
302200009d2200007c04000092040000c3090000360c00002821000000250000ba2800007b2900003132000078320000
e332000011390000f13a0000d83e0000af090000850b0000d41f0000882200003127000053280000f412000007130000
26180000061f0000921f00002e200000ae2000004f220000522300006f260000a6260000b9260000862a000040390000
b63a0000134000001a0500004d0700005a070000c115000005170000ba2800007b2900004f2a00005630000064300000
e3320000d0390000f13a00004a400000fc0200003503000047060000720b000031270000532800004700000055000000
0b0100000c0200001302000018020000a70300007804000086050000b2050000fc050000030600007c060000bf070000
020800004509000047090000fa090000120a0000320a00003b0a0000d40b0000e90b0000100c000087120000f6170000
061b0000d21b00000f1d00006a250000342600003826000086260000ed2900002f33000060350000ab380000cb380000
7b3a00007f3a0000cd3a0000123b00007c040000920400001a0500004d0700005a070000c3090000360c0000e8100000
ed120000c115000005170000fa1b0000691c00002821000000250000e52700003c280000ba280000c1280000c5280000
112900007b2900007f2900004f2a00005630000064300000ef300000bc3100003132000078320000e3320000ea320000
ef320000e435000011390000ab390000d0390000323a0000f13a0000f53a0000d83e00004a400000fc02000035030000
47060000af090000720b0000850b00008f0d000035100000dd120000d01a0000d41f0000882200003127000044270000
6f2700005328000066280000e8280000690d0000231000007114000022160000251700002d1700007918000089180000
591a000052260000cc2b0000002c0000132c0000c4390000993a00008e41000047000000550000000c020000a7030000
1505000086050000fc0500007c0600001c0800004e08000045090000470900007a09000096090000fa090000fe090000
120a0000160a0000320a00003b0a0000d40b00006f0c000031110000f6170000fd170000021800005b18000030190000
811c000034260000ed290000022a0000292a00006d2b000064330000be330000ab380000cb380000cf3800001f3a0000
7b3a0000123b0000f319000073200000cd2100008d290000332f0000ec2f000053400000b9010000e101000099020000
4a030000af090000850b000010270000ac2700005328000069140000dd14000089180000591a00005e200000ae200000
1f21000039220000f6220000b3240000332b0000002c0000132c0000282f0000722f00008e4100002b050000f30a0000
5a0b00008d2900003a2d0000ec2f0000cf3e0000f1010000e602000047060000720b00001e1500009d22000010270000
ac2700005328000055000000be00000048010000370300003903000084030000a7030000780400008e050000a7050000
a9050000d80500005e060000730600007c060000a70700004a080000320a00003b0a0000740b0000760b0000bf0b0000
c90b00004e0c000050110000301b0000e31b0000f61c00008a220000932400002d2a0000672a00006b2a00008e2b0000
752c0000862c0000dc2c0000f12c0000912e0000522f000060330000123b00002b050000f30a00005a0b0000e4130000
f3190000ae1c000073200000cd210000fa2700008d2900008f290000d82900003a2d00000c2e0000a42e0000332f0000
ec2f000001300000e0350000cf3e000053400000b9010000e1010000f101000099020000e60200004a03000047060000
af090000720b0000850b0000870d00008d0d0000a30d000035100000dd1200001e150000e41a00009d22000010270000
142700002a27000076270000ac270000ad2700005328000066280000e8280000060e0000721000003a14000022160000
c2170000ea170000921f000052230000b7230000f6240000a6260000b9260000f22a0000ad2d0000b52f000013400000
55000000be00000037030000a7030000150500008e050000a7050000a90500005e0600007c060000ba070000de070000
320a00003b0a0000740b00009d0b0000c90b0000cd0b0000140c00004e0c0000520c0000ac0c0000dc0f00000a1d0000
301d00008a2200008c220000d72200007223000093240000a8240000db24000066250000672a0000752c0000dc2c0000
4b2d0000522f0000672f00009a2f00005c350000123b00002a16000052310000b531000004330000ee3d0000d1100000
8c150000761600009b17000018200000e021000099270000a02800009e290000a40000007a0100007602000020030000
240300008d060000fb06000098080000fa0800001209000016090000570a0000ba0a0000150b00004f0b0000530b0000
65160000261b0000e71c0000f81f0000c2210000a10400001f0500002905000058060000cf0600006b070000a6090000
360c00008e10000019110000b311000097120000ef15000056160000591600007e16000085160000151c0000e2230000
7d24000000250000582a0000eb2a0000862b0000f02b0000f42b0000d62c0000382d00001c30000075300000c2300000
11310000813100008e31000095310000c7310000783200005d340000f538000060390000d83e00007140000095400000
ed4000000241000029410000ac1300009e1700008b290000590a0000d50a00002e1300003b1700005017000083170000
8f1c000024000000f6000000a101000046020000dc020000dd02000058150000090100006a030000b005000044060000
850b0000a50b00006d0c0000070e0000a31100003b140000211500003015000093150000a6150000aa170000bd170000
2e1b0000f41c0000882200005c0500007c0a0000040b00002d130000ca130000c3150000461600004c1700005d170000
771700007e170000f3190000d11c0000062d0000cb2d000089340000d2390000f63e00001a3f0000723f0000873f0000
ae3f000053400000d100000001010000810100000002000099020000ed020000f90200004a030000b005000044060000
850b0000a50b0000e50c0000600d0000db0d0000ea0d0000a31100003b1400004615000049150000aa170000bd170000
001b0000f41c0000ba2200001f23000077230000ad230000ae230000420d0000d1100000ac1300008415000076160000
9b1700009e170000e021000051270000a02800008b2900009e290000b13c0000d43d00007b3e000066000000bd010000
8d060000fb06000098080000fa0800001209000016090000570a0000590a0000ba0a0000d50a0000150b00004f0b0000
530b00008e0c00002e130000fa140000011500005f150000651600003b1700005017000083170000ad1a00008f1c0000
e71c0000c22100002c3b0000833b00009e3b0000e03b00001b3c00001f3c0000bc3d000094150000ab1700005c200000
37220000f4220000040e0000ab1700003722000033230000b5230000a2010000e4020000850d00000e27000012270000
2014000001220000a62900005c170000012200008c290000d60d00001d2000000f270000201400005c17000001220000
8c290000a6290000313d0000653e00007c3e00000a010000e501000036030000b10500006a090000b3090000730b0000
a60b00006e0c0000490d00007211000060140000fc1c0000372200003b220000be220000f82200003323000046230000
71230000890100006b030000b10500006a090000b3090000730b0000a60b0000ed0c0000310e00007211000060140000
371b0000fc1c0000d51f00000f2000005c20000060200000372200003b220000a52200000f130000b020000050220000
73260000a7260000c1260000872a000048390000ba3a000014400000fd0200003603000048060000b3090000730b0000
8d0b0000900d000036100000df120000d11a0000d51f0000892200003227000045270000702700005428000067280000
e92800007214000024160000311700005a260000cd2b0000012c00001b2c0000c8390000a13a00008f410000e5140000
b020000020210000b4240000372b0000012c00001b2c0000292f0000732f00008f410000e50100005203000048060000
b3090000730b00008d0b0000a50d000036100000df12000022150000e61a0000a522000078270000b4270000b8270000
5428000067280000e92800007310000024160000ee170000f7240000a7260000c1260000fa2a0000ae2d0000b62f0000
144000009f170000e8210000a6290000ad1300009f1700008c290000380d00007f1500000f2700000a0100006b030000
b1050000480600006a0900008d0b0000a60b00006e0c0000080e0000a51100003c140000221500003115000094150000
a7150000ab170000be1700002f1b0000f51c00008922000089010000fd02000052030000b1050000480600006a090000
8d0b0000a60b0000ed0c0000ec0d0000a51100003c140000ab170000be170000f51c0000be2200002123000079230000
b5230000b9230000ad1300009f170000e82100008c290000a6290000b23c0000d63d00007c3e0000040e0000ab170000
5a1f00007f1f00003722000033230000b5230000771700000c220000ae0d000046150000891d00009415000077170000
ab1700005a1f00007f1f00005c2000000c22000037220000f42200000c3d0000b03d0000453e0000060000000b000000
d4000000f0010000f2010000030200008e020000ff1a0000280100000c02000033020000fc050000ca090000790b0000
c90b00008c0c00006f0d00008c1f00009e1f00008a220000c9220000f922000051230000532300006423000064010000
a2010000e40200003c0300008e030000fc050000ca090000790b0000c90b0000c80c0000850d0000140e00003d1d0000
641d00007a1d0000c81d0000cc1d0000df1d00008c1f00009e1f00000e270000122700000f130000201e0000b0200000
5022000073260000a7260000c1260000872a000048390000bb3900006c3a0000ba3a0000d43f000014400000f4120000
26180000061f0000921f00002e2000005223000047000000550000000b0100000c020000130200001802000086050000
b2050000fc050000030600007c06000002080000fa090000f6170000061b0000d21b0000fd02000036030000a1040000
1f05000048060000cf06000030090000a6090000b3090000d3090000220a0000f30a0000730b00008d0b0000900d0000
361000008e1000008911000097120000df1200001f130000ef150000d11a0000e51e0000ee1e0000011f0000191f0000
1d1f00002b1f0000d51f0000892200003227000045270000702700005428000067280000e9280000fe2900000b2a0000
882a00003f2b0000462b00004a2b00001c300000c2300000e3330000f134000042360000bc380000db38000058390000
503a0000543a0000bd3b00005c170000c2200000012200008c2900005f2e0000442f00004f410000ce0d0000d60d0000
f4120000981d0000d31d0000061f0000921f00001d2000000f270000260000009b000000c3000000d3000000a2010000
b501000040020000d1020000e402000086050000b2050000fc050000030600007c06000002080000fa090000fd0c0000
ed1a0000d21b0000581d0000641d0000681d0000b41d00000a010000e501000036030000a10400001f050000b1050000
cc05000010060000c00800006a090000b3090000f30a0000730b0000a60b0000360c00005e0c00006e0c0000490d0000
d00f00002910000072110000f511000060140000f5140000ef150000fc1c00005c1e0000cc1e00002b1f0000bc1f0000
c81f0000cc1f0000372200003b220000be220000f8220000332300004623000071230000a4240000b5240000cf240000
d624000000250000a82500007a2c0000b22c00003f2d0000792d0000632f0000742f00008e2f0000952f000078320000
a3350000bd3b000089010000fd02000052030000b1050000480600006a090000ca0a0000370b00005f0b00008d0b0000
a60b0000ed0c0000ec0d0000a51100007b130000301400003c140000ab170000be170000f51c0000341f0000551f0000
731f00007f1f0000831f0000be2200002123000079230000b5230000b92300007c0a0000040b00002d130000ca130000
4c1700005d170000771700007e170000f3190000d11c0000d1000000010100000002000099020000ed020000600d0000
db0d00004615000049150000001b00000a0100006b030000b1050000480600006a0900007c0a0000ca0a0000040b0000
370b00005f0b00008d0b0000a60b00006e0c0000080e0000a51100002d1300007b130000ca130000301400003c140000
221500003115000094150000a71500004c1700005d170000771700007e170000ab170000be170000f31900002f1b0000
d11c0000f51c0000341f0000551f0000731f00007f1f0000831f000089220000433b0000933b0000ce3b0000033c0000
2b3c0000d23c0000413d0000b03d0000b73d00002e3e0000c908000012090000fa140000e01f00005027000094150000
ab170000c61700005c200000372200005b220000f42200000326000028260000c93600004938000070380000bd010000
08030000fb0600004407000050270000bd01000008030000fb06000044070000c908000012090000960d0000fa140000
d71a0000e01f0000502700005227000063270000a1280000b1280000040e0000f1160000ab170000b621000037220000
33230000b52300000f2b0000d82b00003c370000e43700002e380000201400005c170000be200000012200008c290000
a62900002f3700000038000096380000313d0000653e00007c3e0000451200002a150000222000004021000051270000
a0280000660000002a010000bd010000c4010000670200008d060000b7060000fb060000020700001207000012090000
fa140000f31a0000051c00000a010000e50100003603000074040000f1040000b1050000cc050000c008000039090000
6a090000b3090000bb090000730b0000a60b0000f20b00006e0c0000490d0000d00f00007211000078110000f5110000
6b12000060140000d51800004d1c0000fc1c00008f210000a2210000b6210000ba210000372200003b220000be220000
f8220000332300004623000071230000d42500001c2a0000a42a00000f2b0000162b0000782b00007a2c00003f2d0000
df3300004b360000df360000ad370000d3370000e4370000e8370000163800007c040000dd08000030090000b3090000
8d0b0000d51f0000f82000008922000032270000542800006f2800004b2900000b2a0000012f0000be2f000042360000
fd020000360300001a0500004806000050060000730b0000f20b0000cd160000d425000032270000542800006f280000
4b290000ce2c0000be2f000016380000fd020000360300007c0400001a0500004806000050060000dd08000030090000
b3090000730b00008d0b0000f20b0000900d0000361000003c1000003e120000df120000cd160000d11a0000c61b0000
331c0000d51f0000f820000089220000d4250000322700004527000070270000e527000054280000672800006f280000
76280000e9280000032900003f2900004b2900004f2900000b2a0000ce2c0000852d00007e2e0000012f0000be2f0000
c52f0000d33500004236000016380000ad130000321600009f170000e82100008c290000a629000063370000f7370000
96380000b23c0000d63d00007c3e0000420d0000d1100000841500007616000051270000a028000066000000bd010000
8d060000fb06000098080000fa08000012090000160900008e0c0000fa140000011500005f15000065160000ad1a0000
0a0100006b030000a10400001f050000b1050000cc05000048060000c00800001b090000300900006a0900008d0b0000
a60b0000030c00006e0c0000080e0000d00f0000a5110000f5110000511200003c1400008f1400002215000031150000
94150000a7150000ef15000095160000fd160000ab170000be170000c6170000cd1700002f1b0000f51c00001a1d0000
89220000dd250000fe2500001c260000282600002c2600000b2a00007a2c00003f2d00006d3400003036000042360000
1f38000044380000643800007038000074380000d501000020030000c9080000120900008e2700007e16000053210000
272b0000f02b00008e3100004e32000098320000fb0600004407000012150000f81f00008e270000d501000020030000
fb06000044070000c9080000120900009d0d000012150000de1a0000f81f00008e27000092270000a5270000a1280000
b1280000de17000073220000372500005c2500000f310000b3320000da320000b6200000a13100006a32000004330000
f50d0000451200002a2000004021000099270000a0280000a4000000200300008d060000b7060000fb06000002070000
1207000012090000de0c0000bc1a0000051c0000f81f0000fc1f00004120000074040000f1040000cf0600000f070000
5a070000a60900003f0c00008e100000d710000097120000d6140000d5180000281d0000002100006f21000073220000
77220000112500001f250000372500003e250000422500004f2a0000092f00001c30000064300000c2300000e7300000
893200009a320000b3320000ba320000bf3200007c040000c3090000360c00002821000000250000ba2800007b290000
3132000078320000e33200001a0500004d0700005a07000005170000ba2800007b2900004f2a00005630000064300000
e33200007c0400001a0500004d0700005a070000c3090000360c0000e8100000ed12000005170000fa1b0000691c0000
2821000000250000e5270000ba280000c1280000c5280000112900007b2900007f2900004f2a00005630000064300000
ef300000bc3100003132000078320000e3320000ea320000ef3200002a16000052310000b531000004330000d1100000
8c150000761600001820000099270000a0280000a40000007a0100007602000020030000240300008d060000fb060000
98080000fa080000120900001609000065160000261b0000f81f0000a10400001f05000058060000cf0600006b070000
a6090000360c00008e10000019110000b311000097120000ef15000056160000591600007e16000085160000151c0000
00250000582a0000eb2a0000862b0000f02b0000f42b0000d62c00001c30000075300000c23000001131000081310000
8e31000095310000c731000078320000941500008f170000ab1700005c2000002422000037220000f42200002a1a0000
4f1a00005f0d00006c15000042180000060000000b000000df000000f00100008e02000092020000a502000054180000
2801000037030000760300002c060000fa090000740b0000b10b00008c0c0000090e0000f61700001d1800002c180000
881800008a1800009b1800005a1a00006a1a000064010000a2010000aa020000d1020000e40200002c060000fa090000
740b0000b10b0000c80c0000850d0000c40d00005a1a00006a1a00008f220000e1220000042300008f23000093230000
a62300000e27000012270000040e00008f170000ab1700002a1a00004f1a0000242200003722000033230000b5230000
d03c0000c83d0000f33d0000890100006b030000b10500006a090000b3090000ca0a0000400b0000730b0000a60b0000
ed0c0000310e0000721100007b1300001114000060140000371b0000df1c0000fc1c00002b1f0000d51f00000f200000
5c20000060200000d2210000f82100002422000028220000372200003b220000a52200007c0a0000e60a0000f30a0000
2d130000ae130000041a0000121a00002a1a0000311a0000351a0000d100000001010000b1010000f10100009e020000
390d0000b40d00004218000045180000551800000a010000e501000036030000b10500006a090000b30900007c0a0000
ca0a0000e60a0000f30a0000400b0000730b0000a60b00006e0c0000490d0000721100002d1300007b130000ae130000
1114000060140000041a0000121a00002a1a0000311a0000351a0000df1c0000fc1c00002b1f0000d2210000f8210000
2422000028220000372200003b220000be220000f8220000332300004623000071230000433b0000933b0000af3b0000
bd3b00000c3c0000b33c0000223d0000f33d0000fa3d0000ff3d0000721400001e16000024160000311700005a260000
cd2b0000012c00001b2c0000c8390000eb390000633a0000a13a00000b4100008f410000690d00002310000025170000
7918000089180000591a000047000000550000000c02000086050000fc0500007c0600001c0800007a090000fa090000
fe0900006f0c0000f6170000fd170000021800005b18000030190000fd0200003603000074040000f104000048060000
cf060000a6090000b3090000030a0000370b0000730b00008d0b0000e50b0000f20b0000900d0000361000008e100000
97120000df1200000013000073140000d51800005c190000ba190000f3190000731a00007a1a00007e1a0000d11a0000
d51f000089220000b6250000d4250000442600006a260000962600009a26000032270000452700007027000054280000
67280000e92800001c300000c2300000a4340000b235000016380000c43800008b3a0000b13a0000dd3a0000e13a0000
033c0000ad1300009f170000fd1800008c290000002e0000732e0000903f0000380d0000231000007b1500007f150000
25170000591a0000841d00009a2300000f270000260000009b000000c3000000f800000099010000a201000048020000
c5020000d1020000d5020000e4020000e802000086050000fc0500007c0600001c0800007a090000fa090000fe090000
59150000301900001a1b0000641d00000a0100006b03000074040000f1040000b1050000cc0500004006000048060000
6f0600005a070000c00800006a090000370b00008d0b0000a60b00006e0c0000080e0000d00f000074100000a0110000
a5110000f51100003c140000221500003115000094150000a7150000ab170000be170000d51800002119000024190000
451900004c19000079190000f31900002f1b0000f51c0000892200004f2a0000772a00000a2b0000b42b0000c02b0000
c42b00007a2c0000ca2c0000ed2c00003f2d0000af2d0000372e00004c2e0000532e000064300000ad340000033c0000
e501000052030000b3090000ee0a0000370b00008d0b0000b427000054280000e2290000e5140000b020000020210000
3f240000b4240000372b0000012c00001b2c0000292f0000732f0000673f00000b410000724100008f410000f3190000
cd2100008d290000b901000099020000102700006914000089180000591a00005e20000039220000f62200005c170000
e9200000012200008c290000903f0000f73f0000e2400000d60d00003a0e000069140000591a00001d20000039220000
4a2300009a2300000f270000b3090000ee0a0000370b00008d0b0000f3190000d51f0000cd2100008922000032270000
542800008d290000e2290000b73b0000033c00007d3e000048060000730b000022150000541700002b1f0000a5220000
b427000054280000e2290000f30a00005a0b00008d290000f1010000e60200001027000055000000be00000048010000
3703000039030000840300008e0500007c060000a7070000740b0000760b0000bf0b0000c90b0000301b0000f61c0000
8a220000260000004f0000009b000000d3000000a2010000b501000040020000e40200008e0300008e0500007c060000
a7070000740b0000760b0000bf0b0000c90b0000c00c0000ed1a0000f61c0000b5220000e1220000e522000087230000
fd0200003603000048060000f30a00005a0b0000730b0000541700002b1f000032270000542800008d290000e2290000
bd3b0000263c00007d3e0000e50100005203000048060000b3090000ee0a0000370b0000730b00008d0b0000a50d0000
36100000df120000f71300002215000054170000e61a0000c11c00002b1f0000a522000078270000b4270000b8270000
5428000067280000e9280000b6290000e2290000e6290000f30a00005a0b0000e4130000f3190000ae1c0000cd210000
8d2900008f290000d8290000b9010000f101000099020000e6020000870d00008d0d000010270000142700002a270000
fd0200003603000048060000b3090000ee0a0000f30a0000370b00005a0b0000730b00008d0b0000900d000036100000
df120000e4130000f713000054170000f3190000d11a0000ae1c0000c11c00002b1f0000d51f0000cd21000089220000
3227000045270000702700005428000067280000e92800008d2900008f290000b6290000d8290000e2290000e6290000
b73b0000bd3b0000033c0000263c0000f03c0000043d00007d3e00007f3e0000a93e000073100000241600004a160000
ee170000f7240000a7260000c1260000fa2a0000ae2d0000b62f00008b3f0000d43f00001440000094400000060e0000
3a140000c2170000921f000052230000b723000055000000be000000370300008e0500007c060000ba070000740b0000
9d0b0000c90b0000cd0b0000ac0c00000a1d00008a2200008c220000d7220000722300000a010000e501000036030000
7c0400001a050000b10500006a090000b30900007c0a0000ca0a0000730b0000a60b0000ed0b0000f20b0000360c0000
590c00006e0c0000490d0000721100002d1300007b13000060140000a9140000bc140000fc1c0000372200003b220000
be220000f8220000332300004623000071230000ac240000002500008525000098250000d42500003f260000a8260000
aa260000d1260000f3260000fd26000001270000e52700006b2f0000783200007e3500009235000016380000863a0000
433b0000933b0000154000001740000041400000ad1300009f170000822400008c290000193f0000064100004f410000
380d00003a1400007f150000ab150000c2170000d31d0000921f00002a2300000f270000260000004f0000009b000000
f80000005c010000a201000048020000e4020000e8020000620300008e030000920300008e0500007c060000ba070000
740b00009d0b0000c90b0000cd0b000059150000451b00000a1d0000e12200000a0100006b0300007c0400001a050000
b105000048060000770600005a070000300900006a0900001d0a00007c0a0000ca0a00008d0b0000a60b00006e0c0000
080e0000a5110000ba110000cd1100002d1300007b1300003c140000221500003115000094150000a7150000ab170000
be1700002f1b0000f51c000089220000e5270000062a00000b2a00004f2a0000722a0000be2a0000d12a0000022c0000
042c00002b2c00004d2c0000572c00005b2c0000f52c000064300000fd3300001134000042360000d6380000433b0000
933b00009041000092410000bc410000fa0e000085130000bc130000c91300001e1a0000501a00000a24000080240000
eb2d000097390000173f0000bb400000f24000002a1a00006741000042180000542000002f220000420d0000d1100000
f412000007130000ac130000261800005118000089180000d2190000591a0000ae2000001c210000e0210000862a0000
362b0000002c0000132c0000252f000040390000b13c00008e410000d9030000380400002b05000037050000600a0000
a80a0000f30a00005a0b00005c0b00005d170000f319000073200000ba200000cd210000022200008d2900008f290000
3a2d0000332f0000ec2f000096330000b9330000893400004e350000e0350000ec380000cf3e0000534000001d000000
3b000000ec000000b9010000e1010000f101000099020000e6020000ea0200004a0300007a05000047060000b2070000
34080000af090000720b0000850b0000b70c0000db0d0000ea0d0000a3110000081500001e1500001e20000024200000
722100009d220000102700001427000076270000ac27000053280000e828000006000000b3000000a301000075050000
eb070000e81f000055000000be0000000b010000e60100003703000039030000a7030000780400008e050000a7050000
a9050000b20500005e0600007c060000bf070000ff0700004a080000b4090000320a00003b0a0000740b0000760b0000
c90b00004e0c000087120000fb20000047220000632200008a22000034230000932400009d2500002d2a0000672a0000
752c0000dc2c0000042f0000522f00002f3300006033000097350000123b0000370100000903000068040000c8050000
f0050000c3060000450700008c0800008c0a0000a60a0000580b0000960b0000d90b00008d0c0000ef0c00000a0d0000
590d0000060e00000a0e0000d60e0000250f0000f70f000002100000721000005f11000080110000b811000045120000
ab120000bb1200002b13000054130000181400003a1400003d14000056140000b31400002a150000fc15000022160000
401700005b170000b7170000c2170000d4170000ea170000921f0000222000000621000040210000fd21000000220000
ca2200001523000052230000b7230000bb230000f624000090250000c22500003d260000a6260000b926000051270000
a02800008b2900009e290000c22a0000f22a00009e2c0000ad2d00000f2f0000b52f0000d4330000fb3300008a350000
be350000843a0000553b00006f3b0000243c0000293d0000633e00007b3e000013400000bd010000fb060000d50a0000
c90b00004e0c0000c221000047220000632200008a22000034230000932400009d250000522f0000973500009e3b0000
940400007c0a0000e60a0000f30a00005d170000f31900002a1a000073200000ba200000cd210000022200008d290000
8f290000062d0000332f0000ec2f0000893400004e350000e035000013390000cf3e00005340000067410000d1000000
b1010000b9010000e1010000f1010000990200004a030000b0050000af090000b2090000720b0000850b0000e50c0000
db0d0000ea0d0000a311000042180000d11f00001e2000002420000054200000722100002f2200009d22000010270000
1427000076270000ac27000053280000e82800006804000030060000630600008c080000730900007f0900008c0a0000
7d0c00008d0c0000690d000023100000731200002b1300007114000022160000251700002d1700001e18000079180000
89180000591a000052260000702a0000cc2b0000002c0000132c0000e12c0000b0380000c4390000993a0000553b0000
8e410000fa090000120a0000f6170000ed290000cb380000690d0000231000007114000022160000251700002d170000
7918000089180000591a000052260000cc2b0000002c0000132c0000c4390000993a00008e4100001901000029010000
34020000ed03000018050000c0050000b606000082090000cb0900007a0a0000570c000070120000f412000007130000
3d13000026180000061f0000921f00002e200000ae2000004f22000052230000982400006f260000a6260000b9260000
862a0000572f0000b338000040390000b63a0000413b0000134000000c020000fc050000d40b0000342600007b3a0000
47000000550000000c020000fe02000039030000a70300001b05000086050000fc050000490600007c0600003d080000
4a0800004509000047090000fa090000120a0000320a00003b0a0000760b0000d40b000000170000f617000034260000
3327000055280000f82800006b290000ed2900002d2a00005633000060330000c7350000ab380000cb3800007b3a0000
123b0000190100002901000034020000ed0300006804000018050000c00500003006000063060000b60600008c080000
730900007f09000082090000cb0900007a0a00008c0a0000570c00007d0c00008d0c0000690d0000e00d00000a0e0000
d50e00006f0f0000231000005e100000ab110000b81100007012000073120000bd120000c2120000f412000007130000
2b1300003d1300003d1400004f14000071140000ad140000221600000b170000251700002d1700001e18000026180000
7918000089180000591a0000061f0000921f0000032000002e200000ae200000672100004f220000fa22000052230000
9824000083250000522600006f260000a6260000b9260000ba270000c9270000602800007d2800001d290000702a0000
862a0000c22a0000cc2b0000002c0000132c0000e12c0000572f0000cc2f0000ef330000fb3300001e3500007c350000
b0380000b338000040390000c4390000993a0000b63a0000413b0000553b0000134000008e4100000c020000fc050000
fa090000120a0000d40b0000f6170000342600003327000055280000f82800006b290000ed290000c7350000cb380000
7b3a0000f41200000713000026180000061f0000921f00002e200000ae2000004f220000522300006f260000a6260000
b9260000862a000040390000b63a00001340000047000000550000000c020000a70300007704000086050000fc050000
7c0600004509000047090000b8090000be090000fa090000120a0000320a00003b0a00009d0b0000d40b0000140c0000
f6170000d61f00005c2100008c22000066250000342600003327000055280000f82800006b290000ed29000017350000
5c350000c7350000ab380000cb3800007b3a0000123b00002d130000041a00002a1a0000e4230000cb2d00006f400000
6741000001010000810100009e02000067030000a20b000042180000542000002f220000060e000072100000f4120000
071300003a1400002618000098180000671a0000da270000862a0000f22a0000302c0000332c0000ad2d000040390000
b14100005c0500007c0a0000040b000077170000062d0000f63e0000723f0000d100000000020000b0050000a50b0000
e50c000046150000aa170000ba220000ad230000660000000b010000bd0100006c030000c9040000b20500008d060000
fb060000bf0700005b08000012090000570a0000590a0000d50a00004f0b0000a70b000087120000fa14000095150000
b91600003b170000ac170000c2210000392a0000e02b00002f33000071330000763400002c3b00009e3b00001b3c0000
5c0500007c0a0000040b00002d130000ae1300005d17000077170000041a00002a1a0000e42300001c280000c0290000
062d0000cb2d00003e34000089340000f1350000f63e0000723f00006f40000067410000d10000000101000081010000
000200009e02000067030000b0050000a20b0000a50b0000e50c0000390d0000db0d0000ea0d000071110000a3110000
46150000aa170000421800000d200000542000002f220000ba220000ad230000262700007d270000f1280000690d0000
231000006914000071140000dd140000971f0000f622000061230000b324000052260000d6260000d9260000da270000
722f0000993a00003640000066000000bd010000c80400008d060000fb060000120900007a09000096090000570a0000
590a0000d50a00004f0b0000ab0b0000200c00006f0c000031110000fa1400003b170000c22100004722000063220000
bf22000034230000772500009d250000be3300006d350000973500002c3b00009e3b00001b3c0000af0f000085130000
d6130000e31500006b170000111a0000e72000000d220000eb2d0000da390000433f0000f53f0000a4400000d9030000
2b050000600a0000f30a00005a0b0000690e000059130000ae1300002e160000a0170000f3190000732000007f200000
cd210000cf2100008d2900008f2900003a2d0000332f0000ec2f0000243400003e3400009d3400003d350000e0350000
ec380000cf3e0000534000001d0000003b000000ee00000053010000ae010000b9010000cb010000e1010000f1010000
99020000e60200004a0300007a05000047060000b1070000ed070000af090000720b0000850b0000390d000071110000
1e1500008015000086150000b01600000d2000009d220000102700001427000076270000ac27000053280000e8280000
290100008b01000077030000ed03000018050000f3050000b606000091080000cd0800006c0900001b0a00007a0a0000
a30a0000da0a0000b20b00009b0c00000a0d0000420d0000250e0000260f0000690f0000f40f00000210000060100000
65100000d11000005f110000c5110000ab1200003d13000057130000ac1300004f1400005414000069140000ad140000
dd1400004115000084150000761600009d1600009b1700009e17000089180000591a0000761b0000e11f00005e200000
62200000ae2000001f21000086210000cb210000e0210000392200003d220000f6220000fa220000b324000083250000
51270000a02800008b2900009e290000f2290000c82a00001d2b0000332b0000002c0000132c0000a12c0000a02d0000
282f0000722f0000d433000009340000323500007c350000d4380000413b00006c3b0000a33b0000b13c0000d43d0000
7b3e00008e41000077170000723f000046150000aa170000ad23000006000000b3000000f40200001003000075050000
30080000370300005e060000120900004f0b0000740b0000fa14000095150000b91600003b170000ac170000672a0000
e02b0000dc2c0000763400001b3c00002b050000f30a00005a0b00002d130000ae130000c31500002e1600004c170000
77170000a0170000f31900008d2900008f2900003a2d0000cb2d0000ec2f00003e3400009d340000e0350000d2390000
cf3e0000723f0000534000000101000081010000f101000099020000e6020000ed020000f90200004a03000044060000
47060000720b0000850b0000390d0000711100001e150000461500008015000086150000b0160000aa1700000d200000
9d220000ad230000102700001427000076270000ac27000053280000e8280000690d0000231000004512000018140000
711400002a1500005515000022160000151700005b170000ed170000921f000052230000f324000052260000a6260000
b9260000b22f0000993a0000293d00001340000055000000be00000037030000a7030000150500008e050000a7050000
a90500004d060000530600005e0600007c0600007a09000096090000320a00003b0a0000740b00009d0b0000c90b0000
140c00004e0c00006f0c000031110000231500009515000092160000b9160000ac1700008a2200008c22000093240000
66250000672a0000e02b0000752c0000d12c0000dc2c0000522f0000be330000763400005c350000123b0000fb0e0000
0b24000081240000ec2d000098390000183f0000bf400000f64000002f0d0000240e000001100000ba12000039140000
531400009d150000b4170000022000000b2300005c200000372200000f130000ad130000b020000020210000e8210000
872a0000372b0000012c00001b2c0000292f000048390000b23c00008f410000ee0300006c040000f4050000920a0000
a70a0000590b0000dd0b0000d70e0000270f0000f80f0000731000006011000081110000b9110000ad1200002c130000
5813000020140000b5140000fe15000024160000441700005c170000d6170000ee1700000821000001220000f7240000
91250000c32500003e260000a7260000c12600008c290000a6290000c42a0000fa2a0000a22c0000ae2d0000112f0000
b62f0000d5330000fc3300008b350000bf350000853a00005b3b0000703b0000253c0000313d0000653e00007c3e0000
14400000e501000052030000b1050000b3090000730b00008d0b0000ed0c0000ec0d0000a5110000d51f000026200000
5c2000007321000037220000a522000078270000b427000054280000e92800007214000024160000311700005a260000
cd2b0000012c00001b2c0000c8390000a13a00008f410000ee0300006c0400001905000067060000830900007b0a0000
920a0000580c0000d70e0000700f0000ac110000b911000074120000c41200000f1300002c1300004313000072140000
af140000241600000d17000031170000b020000068210000502200009c240000842500005a26000073260000a7260000
c1260000cf2700007f2800001e290000712a0000872a0000c42a0000cd2b0000012c00001b2c0000e52c00005b2f0000
ce2f0000f0330000fc3300001f3500007d350000b438000048390000c8390000a13a0000ba3a0000423b00005b3b0000
144000008f4100000f130000b02000005022000073260000a7260000c1260000872a000048390000ba3a000014400000
731000000f130000dc270000872a0000fa2a0000342c0000ae2d000048390000b3410000890100006b030000b1050000
6a090000a60b0000ed0c0000ec0d000072110000a5110000ab1700000f2000005c20000037220000be220000b5230000
7f270000f228000072140000e5140000b42400005a260000da260000dc270000732f0000a13a000038400000b00f0000
e4150000e8200000ec2d0000db390000443f0000f63f0000aa4000002f0d0000df0d00001b0e0000011000005d100000
4a1400005314000038220000142300003c230000ee03000019050000f40500001c0a00007b0a0000a70a0000de0a0000
270f0000700f0000f80f00006710000060110000c6110000ad1200004313000058130000ad130000af140000e5140000
9e1600009f170000781b0000b02000002021000087210000cc210000e8210000b4240000842500008c290000a6290000
f6290000ca2a00001f2b0000372b0000012c00001b2c0000a22c0000a22d0000292f0000732f0000d53300000a340000
333500007d350000d5380000423b0000703b0000a73b0000b23c0000d63d00007c3e00008f410000ab170000b5230000
89010000fd02000052030000480600006a090000730b00008d0b0000721100002215000088150000b1160000ab170000
0f200000a5220000b523000078270000b427000054280000e92800002014000072140000241600005c170000ee170000
f72400005a260000a7260000c1260000b62f0000a13a0000313d000014400000ad130000201400005c170000e8210000
4b240000bf290000002e0000a339000099400000e240000058410000250d0000380d0000d60d00000d0e00003a0e0000
23100000cd12000040140000691400006d1d0000841d0000d81d0000971f000025270000c81d00000e270000040e0000
7c1e0000191f0000f422000032270000b4270000542800003f2b0000642b0000d62e0000c9360000503a0000d03c0000
a4000000d3000000f8000000d50100004f020000200300008d060000fb06000044070000a7070000b607000009080000
c908000012090000ae0c0000c00c0000850d0000c40d00001215000059150000a1160000ed1a00005c1d0000931d0000
c01d0000d01e0000f81f00008e2700000a010000890100006b030000f1040000b1050000e40500006a090000a6090000
7c0a0000b20a0000040b0000a60b00003f0c00001b0d0000900d0000a50d0000361000008e100000b110000089110000
90110000df120000321300007b1300003c14000060140000ab140000bc1400009415000077170000ab170000de170000
8b1b0000031d0000631e0000011f0000341f00005a1f00007f1f0000c01f00005c2000000c2200003722000073220000
f4220000f8220000212300008023000011250000372500005c2500008525000094250000af250000922c0000c72e0000
c23000000f31000089320000b3320000da320000da330000e33300007e3500008e350000aa350000433b00007b3b0000
ce3b00000c3d0000b03d0000453e0000a2010000d5010000e402000020030000fc050000c908000012090000ca090000
c80c0000850d0000c40d000059150000a1160000ed1a00003d1d0000641d0000931d0000c01d0000c81d0000d01e0000
0e2700008e270000df0d0000050e0000050f0000740f00005d100000bf1000005f120000b4120000ba120000d3120000
18130000c9130000391400004a140000121e0000801e0000fa1e0000491f000002200000f5220000b52700005d280000
962a0000a32a0000652b0000da2e0000d9300000d33600003239000051390000d13c0000191f00003227000054280000
3f2b0000503a00001d01000047010000830200009f030000f80300007c040000a40400001a050000a1050000c4050000
b00600004d0700005a070000a6070000c6070000ca07000016080000c3090000e3090000360c0000ea1100008f120000
df12000000130000051700005c190000d11a00006e1c0000fc1c0000171e0000581e00000b1f0000bc1f00003a200000
282100007a2100007123000000250000a8250000ba2800007b2900004f2a00006f2c0000c02e00005630000064300000
3132000078320000e3320000363300003b330000a434000028350000a3350000fd020000360300007c040000a1040000
48060000cf060000c3090000d3090000f30a0000730b0000360c000097120000df120000001300005c190000d11a0000
6e1c0000fc1c0000171e0000ee1e00000b1f0000191f00002b1f0000bc1f00003a200000282100007a21000071230000
00250000a82500003227000054280000ba2800007b2900003f2b00001c3000003132000078320000e3320000a4340000
28350000a3350000bc380000503a0000bd3b0000ad1300005c1700004b240000bf290000002e0000e240000058410000
380d0000d60d00003a0e00002310000069140000841d0000d81d0000971f000025270000a4000000d30000004f020000
200300008d060000fb060000a70700000908000012090000c00c000059150000a11600005c1d0000c01d0000f81f0000
0a0100006b030000f1040000b1050000a60900007c0a0000040b0000a60b00003f0c0000900d0000361000008e100000
891100007b13000060140000bc1400009415000077170000ab1700008b1b0000031d0000011f0000341f00007f1f0000
c01f000073220000f822000080230000112500003725000085250000af250000c230000089320000b3320000e3330000
7e350000aa350000433b0000ce3b0000b03d00001a040000bc040000a70a0000590b00005b0e0000150f000087130000
f0130000d31500002a1600005c1700006f170000ad1c000079200000c2200000c520000001220000192200008c290000
172d00005f2e0000442f00008d3000003831000052310000b531000059320000043300002f3400004f34000090340000
bf340000523500001a3900004f410000eb00000073010000d9010000e5020000c0050000b606000091080000cd080000
cb090000d20c0000f60c0000010d0000210d00008a0d00008b0d0000c70d0000ce0d0000d60d0000d70d0000ef0d0000
d11000005b1100008611000095110000a8110000f41200008c15000076160000ef1a0000411d00007e1d0000941d0000
981d0000d31d0000d11e0000061f0000921f0000182000001d2000000f27000099270000a0280000a201000020030000
fc0500001209000059150000a1160000641d0000c01d00000a010000e501000036030000a10400001f050000b1050000
cc0500001006000058060000a6090000b3090000f30a0000730b0000360c0000900d0000361000008e10000089110000
a5110000f5110000511200003115000068150000ef150000561600007e16000095160000a71600001d170000fc1c0000
5c1e0000791e0000011f00002b1f0000bc1f0000c81f0000372200003323000071230000cf24000000250000a8250000
f02b00007a2c0000b22c0000d62c0000d32e00008e2f0000c23000008e31000078320000e33300006d340000a3350000
bd3b0000f1040000b10500009d080000c0080000390900006a090000a60b00006e0c0000ed0c0000040e0000d00f0000
7f120000f1160000ab170000b621000037220000be22000033230000b52300001c2a00000f2b0000d82b00003f2d0000
093600004b3600003c370000e43700002e380000040e0000f1160000ab170000b62100003722000033230000b5230000
0f2b0000d82b00003c370000e43700002e3800000a010000890100006b030000a1040000b1050000cc0500006a090000
8e090000a60b0000030c0000d2110000f511000094150000ab170000c61700005c200000372200005b220000f4220000
dd25000003260000282600007a2c000098360000c93600001f38000049380000703800000a010000890100006b030000
a1040000f1040000b1050000cc0500009d080000c0080000390900006a0900008e090000a60b0000030c00006e0c0000
ed0c0000490d0000ec0d0000040e0000d00f00007211000078110000a5110000af110000d2110000f51100001a120000
511200007f120000311500009415000095160000d4160000f1160000ab170000c61700000f2000005c2000006b210000
a2210000b6210000372200005b220000be220000f422000033230000b5230000dd25000003260000282600007f270000
dd270000f22800000a290000432900001c2a00000f2b0000d82b00007a2c00003f2d0000df330000f33300006d340000
22350000da350000093600004b36000098360000c93600003c370000e43700001f3800002e3800004938000070380000
94150000ab170000c61700005c200000372200005b220000f42200000326000028260000c93600004938000070380000
090d0000580d0000050e0000d30e0000490f0000011000000a1000000b12000064120000ba120000c012000039140000
531400008e14000010160000f5160000b41700009b21000014230000b6230000f2250000b02a0000d92b0000632d0000
d836000040370000d737000038380000b621000037220000332300000f2b0000e4370000bd00000055010000fd020000
15030000360300009f030000ef0300007c0400001a0500001c0500007e0500004806000050060000b3070000d0070000
350800004108000068080000dd080000300900004e090000b3090000730b00008d0b0000f20b0000a5110000ed110000
511200003115000095160000c9160000cd160000d51f000026200000b1200000f82000007321000076210000a8210000
89220000d42500003227000070270000542800006f280000e9280000032900003f2900004b2900000b2a0000ce2c0000
012f0000be2f0000413300005a3300006d34000026350000d3350000fe35000042360000163800000a010000e5010000
36030000740400007c040000b1050000cc050000dd08000030090000b3090000bb090000730b00008d0b0000f20b0000
a5110000f5110000511200003115000095160000d51f000026200000b1200000f820000073210000762100008f210000
a8210000b6210000372200008922000033230000d42500003227000070270000542800006f280000e928000003290000
3f2900004b2900000b2a00000f2b00007a2c0000012f0000be2f00006d34000026350000d335000042360000d3370000
e437000016380000f1040000c0080000390900006a090000a60b00006e0c0000d00f0000b621000037220000be220000
332300001c2a00000f2b00003f2d00004b360000e43700000a0100006b030000a1040000b1050000cc050000a60b0000
030c0000f511000094150000ab170000c6170000dd250000282600007a2c00001f380000703800000a0100006b030000
a1040000f1040000b1050000cc050000c0080000390900006a090000a60b0000030c00006e0c0000490d0000d00f0000
7211000078110000a5110000f511000051120000311500009415000095160000ab170000c6170000a2210000b6210000
37220000be22000033230000dd250000282600007f270000dd270000f22800000a290000432900001c2a00000f2b0000
7a2c00003f2d0000df3300006d340000da3500004b360000e43700001f38000070380000090d0000240e0000050f0000
740f0000011000000a1000005d1000000b1200004a1200005f1200004a140000531400009b1400004015000009170000
121e00005d200000382200005c220000f5220000f725000007260000a32a0000632d0000be360000d33600003d380000
4d380000bd000000fd020000360300009f030000f3030000710400007c0400001a0500007e0500004806000050060000
b3070000ef07000068080000b8080000d9080000dd080000300900004e090000b3090000730b00008d0b0000f20b0000
b90c0000490d00004211000072110000781100008815000025160000b1160000b4160000cd160000ee160000d51f0000
ed1f0000f820000060210000a221000089220000d42500003227000070270000542800006f280000e928000003290000
3f2900004b2900000b2a0000ce2c0000012f0000be2f0000d0330000df330000733400001b350000d3350000fe350000
423600001638000094150000ab170000c61700002826000070380000fd020000360300001a0500001f05000048060000
50060000c00800001b090000300900006a090000730b00008d0b0000f20b00006e0c0000490d0000d00f000072110000
7811000022150000881500009415000025160000b1160000b4160000cd160000ee160000fd160000ab170000c6170000
a221000089220000d4250000282600003227000070270000542800006f280000e9280000032900003f2900004b290000
0b2a0000ce2c00003f2d0000be2f0000df33000073340000d33500003036000042360000163800007038000064010000
a2010000e40200003c0300008e030000790b0000c90b0000c81d00000e27000094150000ab1700005c20000037220000
f4220000022c0000072c00003f2c0000572c00000f310000c93600009041000095410000a2010000e4020000740b0000
b10b0000c80c00008f220000e12200008f2300000e27000064010000a2010000e40200003c0300008e030000740b0000
790b0000b10b0000c90b0000c80c0000850d0000c40d00007a1d0000c81d00008f220000e12200008f2300000e270000
122700007327000086270000ea280000ec280000040e0000ab1700003722000033230000b5230000a8260000ad260000
e5260000fd260000983200002e380000154000001a4000005c17000001220000372400008c29000052310000e2400000
4f41000077410000d60d00003a0e0000d110000069140000d31d0000921f0000182000001d2000006520000040220000
0f270000260000009b000000c3000000d3000000a2010000b501000040020000d1020000e402000086050000fc050000
7c060000a7070000f207000002080000fa090000c00c000067190000ed1a0000581d0000641d0000f01f00004d200000
0a010000e5010000360300001f050000b1050000c00800006a090000b30900007c0a0000e60a0000f30a0000730b0000
a60b0000360c00005e0c00006e0c0000490d0000d00f000072110000781100007b13000060140000bc1400002a1a0000
7b1b0000fc1c00002b1f0000bc1f0000c81f0000a2210000d221000024220000372200003b2200006b220000be220000
f8220000332300004623000071230000a4240000cf2400000025000085250000a4250000a82500003f2d0000632f0000
8e2f000078320000df3300007e3500009e350000a3350000433b0000af3b0000bd3b0000f33d00001f05000030090000
a6090000b3090000220a00008d0b00008e100000191f0000d51f0000892200003227000054280000fe2900000b2a0000
3f2b0000c230000042360000db380000503a0000fd020000360300007404000048060000cf060000730b0000e50b0000
f20b000097120000731a0000d4250000442600009626000032270000542800001c300000163800008b3a0000dd3a0000
fd02000036030000740400001f05000048060000cf06000030090000a6090000b3090000220a0000730b00008d0b0000
e50b0000f20b0000900d0000361000008e1000008911000097120000df120000001300005c190000731a0000d11a0000
011f0000191f0000d51f000089220000d42500004426000096260000322700004527000070270000e127000054280000
67280000e9280000ff280000032900003f29000073290000fe2900000b2a00003f2b00001c300000c2300000e3330000
a4340000ce350000d33500004236000016380000db380000503a00008b3a0000dd3a0000ad130000421600009f170000
8c290000a1310000193f0000833f0000903f0000380d0000f50d0000451200003a1400007f150000ba170000591a0000
2a2300009a230000be2300000f270000260000009b000000c3000000f80000005c010000a201000048020000c5020000
d1020000e4020000e80200001803000086050000fc0500007c060000ba0700001c08000038080000fa09000059150000
a1160000641d0000c01d00000a0100006b03000074040000b1050000cc050000480600006f0600005a0700006a090000
ca0a0000370b00005f0b00008d0b0000a60b00006e0c0000080e0000a5110000ba110000f5110000511200002d130000
3c140000221500003115000094150000a71500000116000095160000c01600004c17000077170000ab170000be170000
4519000079190000f31900002f1b0000f51c00007f1f0000892200004f2a0000772a0000d12a0000b42b0000c02b0000
e82b00007a2c0000ed2c00004c2e000064300000fd3300006d3400007d340000ad340000933b0000033c00002b3c0000
b03d0000ad130000201400005c1700000f190000e8210000bf2900005f2e0000093a0000193f00004f3f0000a13f0000
250d0000380d0000b70d0000ce0d0000d60d000049100000f41200003a1400005a140000671a0000fd2200002a230000
9f23000025270000a4000000d3000000f80000004a0100005c010000d50100004f020000c9020000200300008d060000
fb06000044070000a9070000ba07000020080000c908000012090000850d0000121500005915000076150000a9160000
67190000ed1a00007a1d0000f81f00004d2000008e270000a1040000b1050000cf060000f20600006b0700006a090000
810a0000ca0a0000400b0000a60b00006e0c0000ed0c00001b0d0000040e0000080e0000310e0000e80f000036100000
53100000ba110000c911000097120000df120000001300002d130000631300003c140000601400007e1600008f170000
ab170000e51800005c1900006319000080190000041a00002a1a00004f1a0000d11a0000e61a00003e1b0000031d0000
532100002422000037220000be22000033230000b5230000582a0000c02a0000d12a0000272b0000b82b0000f02b0000
572d0000952d00001c300000753000008e3100004e32000098320000da330000fd3300000d340000a4340000b4340000
483b0000933b00000c3c0000d03c0000c83d0000f33d00008f2300000e27000064010000a2010000aa020000d1020000
e40200002c060000fb06000044070000fa090000850d0000121500005915000076150000a916000067190000ed1a0000
7a1d0000f81f00004d2000008f2300000e2700008e270000040e0000731a0000981a0000f4220000e724000096260000
32270000b427000054280000a62f00002e380000dd3a00000c3d00002a040000310500004b0e0000ea0e000058130000
87130000ad130000c0130000e31300009f170000b5180000c2180000fd18000000190000ba1c0000ec1c0000b6200000
cc2100008c290000dc2d0000002e0000732e00009a300000bd3000002b310000a13100006a320000043300002f340000
4534000049340000c5340000d2340000013a0000903f0000eb0000006e01000092010000ab010000ae02000030060000
c3060000450700008c08000073090000d70c0000010d0000210d0000380d00003e0d0000860d00008b0d0000c80d0000
f50d0000231000005b11000075110000831100009611000045120000161500005b150000771500007b1500007f150000
aa16000025170000591a00007d1d0000841d0000122000002a200000402100009a2300000f27000099270000a0280000
d1020000e4020000fb060000fa09000067190000ed1a0000f81f00004d20000074040000f10400004006000048060000
cf0600000f0700005a070000c00800006a090000370b00008d0b00006e0c0000490d0000d00f00007211000078110000
97120000df120000001300002215000094150000ab170000d518000021190000451900005c1900006d19000079190000
f3190000d11a0000fc1a00002f1b00006e1c0000f51c00000021000019210000a2210000732200008922000037250000
4f2a0000b42b0000c02b0000ca2c00003f2d00004c2e0000092f0000222f00001c30000064300000b3320000df330000
a4340000ad340000033c0000df0d0000050e0000d30e0000490f00005d100000bf100000b4120000ba120000f9120000
05140000391400004a140000811400008e14000010160000c6190000111a0000991a000002200000f5220000eb240000
f225000063260000b52700005d280000aa2f0000d9300000383800003a390000aa3a0000163d00009f03000002040000
7c040000ed0400001a050000a1050000180600003c060000b00600004d0700005a070000ad070000b50800006e090000
9e090000c3090000360c0000810c0000ab0c0000900d000036100000381100003c110000891100001516000005170000
1d1700002a170000591900007519000079190000c91a00001f1b00002f1b0000f51c0000011f00002821000000250000
ba2800007b2900004f2a0000b42b00006f2c0000c62c000056300000643000003132000078320000e3320000c5330000
ca330000e3330000aa340000ad340000731a0000962600003227000054280000dd3a0000f10400001a0500004d070000
5a070000a6090000b3090000030a0000370b00008d0b0000900d0000361000008e100000891100001516000005170000
1d1700002a1700007519000079190000ba190000f3190000731a00001f1b00002f1b0000f51c0000011f0000d51f0000
89220000962600003227000054280000ba2800007b2900004f2a0000b42b00005630000064300000c2300000e3320000
e3330000aa340000ad340000c4380000dd3a0000033c0000ad1300005c1700000f190000bf2900005f2e0000193f0000
a13f0000380d0000ce0d0000d60d0000f41200003a140000671a00002a2300009f23000025270000a4000000f8000000
5c0100004f020000c9020000200300008d060000fb060000ba070000200800001209000067190000ed1a0000f81f0000
4d200000a1040000cf0600006b0700006a090000ca0a0000400b0000a60b00006e0c0000080e0000ba11000097120000
df120000001300002d1300003c1400007e160000e51800005c19000080190000041a00002a1a0000d11a00003e1b0000
031d00002422000037220000be22000033230000582a0000d12a0000b82b0000f02b00001c300000753000008e310000
fd330000a4340000b4340000933b00000c3c0000f33d00008a0e000058130000ad1300009f170000cc210000ea230000
822400008c2900002b3100006b390000193f000063400000064100004f410000eb000000210100006e010000ab010000
5b030000c80500008c080000960b0000380d00003a1400007f150000ab150000c2170000d31d0000921f00002a230000
0f270000090d0000240e0000db0e00006e0f0000011000005d1000008a100000181100005f1200001113000085130000
a41300004a14000053140000401500005d20000038220000f5220000d32700009e2a0000a32a0000df2a0000fc2a0000
242c0000402c0000c52d000010310000d33600004a390000973c0000aa410000e40200008e030000c90b000094150000
ab170000022c0000572c000090410000ad1300009f170000822400008c290000193f0000064100004f410000380d0000
3a1400007f150000ab150000c2170000d31d0000921f00002a2300000f2700007c040000480600007706000030090000
6a090000ca0a00008d0b00006e0c00002d1300002215000094150000ab170000892200000b2a0000722a0000022c0000
572c0000f52c000042360000933b0000904100005904000062050000a70a0000590b00005c170000e920000001220000
8c2900008d30000000390000fd3e0000903f0000f73f0000e2400000eb000000e5020000b60600006c090000b20b0000
850c0000d20c0000d60d00003a0e000069140000591a00001d20000039220000ae2200004a2300009a2300000f270000
bd000000470100008d010000fd020000360300008303000000040000cc0400007e05000048060000a6070000ca070000
e40700005f0800006e090000b30900004b0a0000600a0000ee0a0000f30a0000370b00005a0b0000730b00008d0b0000
be0b0000e50f0000ea11000060140000bc1400005417000079190000f31900002f1b00007d1b0000f51c00002b1f0000
d51f00006020000088210000cd2100003b22000089220000f82200008525000032270000542800008d290000e2290000
352a0000242b0000b42b0000542d00003b33000075330000ad340000343500007e350000243b0000b73b0000bd3b0000
033c0000263c00007d3e0000a2010000740b0000e1220000260000004f0000009b000000a201000040020000e4020000
e80200008e0300008e0500007c0600000208000036080000740b0000c90b00000f150000581d0000e122000012270000
86270000ea2800000a010000e5010000360300001a050000b1050000b30900007c0a0000730b0000f20b0000590c0000
7b1300003722000033230000ac240000d4250000a8260000fd2600006b2f000016380000433b00001540000059040000
62050000a70a0000590b00008a0e0000920f000058130000ad130000e3130000241400005c1700009f170000ad1c0000
a0200000e9200000cc210000ec21000001220000ea230000822400001f2800008c290000d72900008d3000002b310000
4934000063340000bf34000047350000f5350000003900006b390000fd3e0000193f0000903f0000f73f000063400000
e2400000064100004f410000eb000000210100006e010000ab010000e50200005b030000c8050000b60600008c080000
6c090000960b0000b20b0000850c0000d20c0000380d00003e0d00004d0d0000860d00008a0d0000c70d0000d60d0000
d70d00003a0e0000761100008311000095110000a71100003a14000069140000351500007f150000ab150000c2170000
591a00007d1d0000d31d0000921f00001d20000039220000ae2200002a2300004a2300009a2300000f27000021270000
7b270000f0280000a2010000e40200008e030000740b0000c90b0000e12200001227000086270000ea2800000a010000
e5010000360300007c0400001a050000b10500004806000077060000300900006a090000b30900007c0a0000ca0a0000
730b00008d0b0000f20b0000590c00006e0c0000080e0000ba1100002d1300007b1300003c14000060140000bc140000
2215000094150000ab1700003722000089220000f822000033230000ac24000085250000d4250000a8260000fd260000
70270000b8270000e52700006728000084280000e9280000032900001f2900003f2900000b2a0000722a0000d12a0000
022c0000572c0000f52c00006b2f0000d32f0000fd3300007e350000d33500004236000016380000433b0000933b0000
1540000090410000090d0000580d0000050e0000db0e00006e0f000001100000ba12000085130000a413000039140000
53140000891400008e140000ca140000e7140000b417000014230000b6230000cb2400001e250000f22500005c260000
ca260000e6260000d32700008a2f00009932000038380000a33a0000973c00002f400000bd000000fd02000036030000
0a040000c50400007e050000c4050000e105000048060000ad070000b5080000b30900004b0a0000600a0000ee0a0000
f30a0000370b00005a0b0000730b00008d0b0000910b00001c0c0000ab0c0000f10c0000080e00003c11000056110000
ba1100003c1400000316000054170000be170000db170000f3190000fc1c00002b1f0000bc1f0000d51f0000cd210000
89220000d622000071230000b92300007b250000a8250000c425000032270000542800008d290000e2290000d12a0000
8f2c0000ca330000fd33000071350000a3350000c0350000243b0000b73b0000bd3b0000033c0000263c00007d3e0000
3722000033230000a8260000fd26000015400000fd020000360300007c040000480600006a090000ca0a0000f30a0000
5a0b0000730b0000a60b0000ed0b0000360c00006e0c0000080e0000ba1100002d1300003c1400000316000054170000
be170000db170000fc1c00002b1f0000bc1f000037220000be2200003323000071230000b923000000250000a8250000
c42500003f260000a8260000fd26000032270000542800008d290000e2290000d12a000078320000fd330000a3350000
c0350000863a0000933b0000bd3b0000263c00007d3e0000154000005c170000e9200000012200008c290000903f0000
f73f0000e2400000d60d00003a0e000069140000591a00001d200000392200004a2300009a2300000f27000026000000
4f0000009b000000a2010000b5010000d201000048020000c5020000e40200008e0300008e0500007c060000f4070000
1c080000740b0000c90b0000e12200001227000086270000ea2800000a0100006b0300001a050000b10500005a070000
b30900001d0a00007c0a0000ee0a0000370b00008d0b0000a60b00007b13000060140000bc14000094150000ab170000
79190000f31900002f1b00007d1b0000f51c0000d51f00006020000088210000cd2100003b22000089220000f8220000
8525000032270000542800008d290000e2290000062a00004f2a0000242b0000b42b0000022c0000572c000064300000
ad340000343500007e350000d6380000433b0000b73b0000033c00007d3e0000904100005b0e0000e20e00002a160000
681b0000a21b000079200000383100004331000052310000593100005d310000b5310000df310000ec31000059320000
04330000493c0000623c0000663d00007f3d0000e13d0000ee3d000073010000d901000091080000cd080000a30a0000
da0a00002a0d0000a10d0000b8100000d1100000d4100000e2100000341200009b130000ee130000641500008c150000
76160000e5160000851700009b170000e11a0000b21c00001820000019200000e0210000e121000099270000a0280000
9e29000020030000120900004f0b0000051c000041200000142200001f0500002905000058060000a6090000360c0000
8e100000d7100000ed120000561600007e1600007b1b0000fa1b00000b1c0000151c0000cb200000152100006f210000
00250000862b0000f02b0000d62c0000382d00001e2f0000472f0000c2300000e73000008e310000bc310000c7310000
7832000041350000f5380000ab390000d83e0000ed400000294100005713000086130000ac130000bf130000e2130000
9e170000b91c0000eb1c0000cb2100008b2900003b170000c61c0000dc020000ec1a000044060000850b00006d0c0000
480d000071110000dd1200002115000093150000aa170000d01a0000fb1a00002e1b00006d1c0000f41c000088220000
91080000cd080000a30a0000da0a00009b0c0000130d0000420d0000450d0000970d0000b8100000d1100000d4100000
e21000003412000057130000861300009b130000ac130000bf130000e2130000ee1300008415000076160000e5160000
851700009b1700009e170000db1a0000231b0000b21c0000b91c0000eb1c0000e11f0000cb210000e0210000e1210000
51270000a02800008b2900009e2900006c3b0000a33b0000983c0000b13c0000c43c0000ee3c0000fb3c0000be3d0000
d43d00007b3e0000120900004f0b0000fa1400003b170000f31a0000051c0000c61c0000142200001b3c0000223e0000
2d130000ae130000c31500004c17000077170000f3190000861b0000ae1c0000cd1c0000d11c0000cb2d0000a42e0000
3e340000d23900003f3a0000723f0000ae3f000053400000010100008101000099020000ed020000f90200004a030000
44060000850b0000390d00008d0d0000a30d000071110000dd12000046150000aa170000f01a0000001b00006d1c0000
f41c00000d2000003820000077230000ad230000db0e0000f70e00006e0f00000b11000018110000c8120000ca140000
e015000011170000342100001e250000d3270000ea2700008b280000e0280000df2a0000da2f0000f12f000000310000
10310000393200009932000094390000d7390000293f0000924000000a04000054040000c5040000d204000024060000
d7070000aa0900009510000099100000e8100000031600000b16000022170000f71b0000111c0000151c0000691c0000
862b0000ba2c00002a2d0000c9300000ce300000ef300000c4310000c73100008d330000f9380000e6390000323a0000
29410000ba2800007b290000e3320000f13a00007c04000092040000c3090000360c0000e8100000031600000b160000
22170000111c0000151c0000691c00002821000000250000ba2800007b290000862b0000ef300000c4310000c7310000
3132000078320000e332000011390000e6390000323a0000f13a0000d83e00002941000016060000ab07000063090000
800c0000aa0c00008f0d0000351000001b170000c81a00001e1b00002e1b0000f41c00003127000053280000de090000
a11a0000af090000850b00008f0d0000351000001b1700001e1b00002e1b0000f41c0000d41f00008822000031270000
532800006804000030060000630600008c080000730900007f0900008c0a00007d0c00008d0c00000a0d0000690d0000
6c0d0000700d0000d60e0000250f00000210000023100000261000005f110000831100003312000073120000ab120000
e2120000e41200002b130000e81300007114000084140000a7140000fc15000022160000251700002d1700001e180000
7918000089180000591a0000d41a0000d81a00000f1b0000611c0000761c0000ac1c0000341d0000dd24000089250000
5226000053260000702a0000cc2b0000002c0000132c0000e12c00009c2f0000d433000083350000b038000034390000
c4390000993a00009a3a0000553b0000f53c00008e410000fa090000120a0000f6170000061b0000d21b00000f1d0000
86260000ed290000cb380000cd3a0000690d000023100000f41200000713000071140000261800005226000041270000
51270000da27000063280000a028000054290000572900008b2900009e290000862a000040390000993a0000e63a0000
7b3e0000c8040000fa0800007a09000096090000e6090000ea090000150b00006f0c000031110000a81a0000ad1a0000
061b0000d21b0000561c00008f1c00000f1d000086260000be330000bf380000cd3a0000e03b00000a28000052310000
a131000015330000c23e0000f50d0000d1100000451200001814000018200000e02100009e270000ae280000bb290000
7a0100007a02000098080000fe080000ba0a0000210b0000051c00004120000014220000f10400005a050000a6090000
3f0c00008e10000019110000ed1200008b1b0000fa1b00001c1c0000732200005c2400001125000037250000eb2a0000
8a2b0000c230000011310000bc310000ce31000089320000b3320000f5380000ab390000f43e0000ec3f000095400000
3a410000ac1300005b170000be2900002e130000a01c0000c61c0000f60000004d020000ec1a0000a20b00006d0c0000
070e0000dd1200003b140000d01a00003d1b0000021d00002f220000bd220000322300002d130000ca130000041a0000
2a1a0000b11b0000ae1c0000d81c0000e4230000cb2d0000a42e00001a3f0000bf3f00006f4000006741000001010000
810100009e02000067030000a20b0000600d00008d0d0000a30d0000dd1200003b14000042180000031b0000021d0000
542000002f2200001f2300007e230000420d0000d110000045120000ac130000181400002a1500005b170000e0210000
60270000ae280000bb290000be290000b13c0000293d00009e3e000098080000fe080000ba0a0000210b00008e0c0000
2e130000b41a0000f31a0000051c0000a01c0000c61c000014220000833b0000ec3b0000223e00007f0f0000c9130000
22140000111a00008d200000ea2100003f280000cb290000272e00003b2f0000fa3a0000173f0000a44000004f0e0000
2f13000071130000e41300005b1b00009f1b0000a41c0000d11c0000ed1c0000e02d00000c2e0000b82e000017340000
2e3a0000ae3f0000e7000000020100004d010000820100004b0200005d02000016060000ab07000063090000870d0000
351000005d150000661500001b170000e41a0000001b0000f41c00007723000068040000c8050000f00500008c080000
8c0a0000960b0000d90b00008d0c0000ef0c00001c0d0000060e00000a0e0000330e0000d60e0000250f0000f70f0000
0f1000003a1000004310000072100000851000005b1100006a110000b8110000331200002b130000e81300003a140000
3d14000062140000fc15000022160000c2170000ea170000d81a0000e81a0000421b0000ce1b0000851c0000ac1c0000
071d0000921f0000ca22000052230000b7230000f62400003d260000a6260000b9260000c22a0000f22a0000f32a0000
6f2b00009e2c0000682d00008c2d0000ad2d0000c02d0000b52f0000fb330000233a0000843a0000553b0000f53c0000
134000008d290000ec2f000010270000ac27000053280000560200007e020000de090000c90b00004e0c0000301b0000
e31b0000f61c00008a220000932400008e2b0000912e0000522f0000e4130000f31900009f1b0000d11c0000ed1c0000
73200000cd2100008d2900000c2e0000b82e0000332f0000ec2f0000ae3f000053400000b9010000e101000099020000
4a030000af090000850b0000870d0000351000005d150000661500001b170000e41a0000001b0000f41c000077230000
10270000ac27000053280000060e0000721000003a14000069140000dd140000f6220000b324000051270000b6270000
da2700006b2800009328000096280000a02800008b2900009e290000f22a0000ad2d0000722f0000e22f00007b3e0000
c80400001d06000027060000ba070000de070000fa080000150b0000ac0c0000dc0f0000ad1a0000ca1a0000301b0000
c31b0000e31b00008f1c0000f61c00008e2b0000bd2c00004b2d0000912e0000e03b0000a70a0000de0a00009d130000
f0130000871700009f170000b41c0000e8210000ec210000a62900005813000087130000ad130000c0130000e3130000
9f170000ba1c0000ec1c0000cc2100008c290000eb000000ab010000010d0000380d00003e0d0000860d00008b0d0000
5b1500007f1500000f270000e4020000ed1a0000480600006a0900008d0b00006e0c0000490d000072110000df120000
2215000094150000ab170000d11a0000fc1a00002f1b00006e1c0000f51c000089220000a70a0000de0a000058130000
871300009d130000ad130000c0130000e3130000f0130000871700009f170000b41c0000ba1c0000ec1c0000cc210000
e8210000ec2100008c290000a6290000703b0000a73b0000993c0000b23c0000c53c0000ef3c0000fd3c0000c03d0000
d63d00007c3e000089010000fd02000052030000480600006a0900008d0b0000a50d000072110000df120000ab170000
6e1c0000f51c00000f2000003a20000079230000b5230000fb0e0000e4150000ee270000f52f000098390000db390000
2f3f000093400000df0d0000050e00005d100000ba120000391400004a14000002200000f5220000b52700005d280000
3227000054280000b30900008d0b0000900d0000361000001d1700001f1b00002f1b0000f51c0000d51f000089220000
3227000054280000ee0300006c0400006706000083090000920a0000d70e0000270f00006011000074120000ad120000
e61200002c130000ea1300007214000085140000a8140000fe1500002416000031170000621c0000ad1c0000351d0000
df2400008b2500005a2600005e260000712a0000cd2b0000012c00001b2c0000e52c00009e2f0000d533000085350000
b438000036390000c8390000a13a0000a53a00005b3b0000f73c00008f4100000f130000721400005a260000dc270000
582900008c290000a6290000872a000048390000a13a0000e83a00007c3e000020140000e8210000bf290000ad130000
5c170000bf290000380d0000d60d0000252700006a090000a60b00006e0c0000080e0000df1200003c140000d11a0000
3e1b0000031d000037220000be22000033230000890100006b0300006a090000a60b0000a50d0000df1200003c140000
031d00005c200000372200002123000080230000ad130000201400005c170000e8210000bf290000b23c0000313d0000
a03e0000800f00008e20000040280000282e00003c2f0000fb3a0000183f0000aa400000580d00001b0e00005d100000
ba120000391400004a140000401500000b2300003b2700005d280000ee0300006c040000f4050000920a0000dd0b0000
d70e0000270f0000f80f0000101000004510000073100000861000006c110000b91100002c130000ea130000fe150000
24160000ee170000cf1b0000861c0000ad1c0000f72400003e260000a7260000c1260000c42a0000fa2a0000fe2a0000
712b0000a22c0000692d00008e2d0000ae2d0000c12d0000b62f0000fc330000243a0000853a00005b3b0000f73c0000
14400000b427000054280000e501000052030000b30900008d0b000036100000681500001d170000e61a0000f51c0000
79230000b42700005428000073100000e5140000b4240000dc270000972800008c290000a6290000fa2a0000ae2d0000
732f0000e42f00007c3e00000a010000890100006b030000b10500006a090000810a0000ca0a0000400b0000a60b0000
1b0d0000900d0000a50d000036100000df120000e6130000f71300003c14000060140000941500008f170000ab170000
031d0000441f0000551f0000771f00005c2000002422000037220000f4220000f822000021230000802300002d130000
63130000ca130000d9130000041a00002a1a00004f1a0000ae1c0000bd1c0000d81c0000d8000000010100009e020000
020d00005f0d0000600d0000650d0000880d00008d0d00006c15000042180000031b00008e020000ff1a00002c060000
fa0900008c0c00006f0d0000f61700001d18000088180000d71a0000061b00000e1b0000d21b0000751c0000b1050000
6a090000810a0000ca0a0000400b0000a60b00006e0c0000ed0c00001b0d0000040e0000080e0000310e000036100000
df1200002d13000063130000ca130000d9130000e6130000f71300003c140000601400008f170000ab170000041a0000
2a1a00004f1a0000d11a0000e61a00003e1b0000ae1c0000bd1c0000d81c0000031d0000441f0000551f0000771f0000
2422000037220000be22000033230000b5230000483b0000933b00000c3c00009a3c0000d03c0000d23c0000e23c0000
f23c0000043d0000c83d0000f33d0000353e000064010000a2010000aa020000d1020000e40200002c060000fa090000
850d00009d0d000059150000ed1a0000d21b0000751c00007a1d0000ac1d0000b41d00008f2300000e270000ee030000
5e0400006c040000fb0400006706000083090000920a0000d70e0000270f0000430f00006011000074120000ad120000
e61200002c130000ea1300007214000085140000a8140000fe1500001e1600002416000031170000621c0000ad1c0000
351d00000e1e00002f1e0000df2400008b2500005a2600005e260000712a0000cd2b0000012c00001b2c0000e52c0000
322d0000f92e00009e2f0000d533000003350000853500006936000024370000b4380000053900003639000090390000
b3390000c8390000eb390000633a0000673a0000a13a0000a53a00005b3b0000f73c00000b4100008f41000030060000
8c080000730900007d0c00008d0c00000a0d0000690d00006c0d0000700d000002100000231000002610000083110000
33120000e2120000251700001e1800007918000089180000591a0000d41a0000d81a00000f1b0000761c0000fa090000
f6170000061b0000d21b0000f1040000a6090000b3090000030a0000370b00008d0b0000900d0000361000008e100000
89110000ed1200001d170000ba190000f3190000731a00001f1b00002f1b00008b1b0000fa1b0000791c0000d11c0000
f51c0000011f0000111f0000731f0000d51f000089220000962600003227000054280000c2300000bc310000e3330000
c43800001d3a0000dd3a0000033c00002e3e0000890100006b0300006a090000ca0a0000400b0000a60b0000a50d0000
df120000f71300003c140000031d0000551f0000771f00005c200000242200003722000021230000802300002d130000
ca130000041a00002a1a0000ae1c0000d81c0000010100009e020000600d00008d0d000042180000031b00006a090000
ca0a0000400b0000a60b00006e0c0000080e0000df1200002d130000ca130000f71300003c140000041a00002a1a0000
d11a00003e1b0000ae1c0000d81c0000031d0000551f0000771f00002422000037220000be22000033230000933b0000
0c3c0000d23c0000043d0000f33d0000353e00004b0e0000100f00005813000087130000ad130000c0130000e3130000
9f170000b5180000fd180000631b0000931b0000ba1c0000ec1c0000cc2100008c290000dc2d0000ed2d0000002e0000
072e0000732e0000ab2e00002b310000d931000049340000013a0000433a0000903f0000eb0000006e01000092010000
ab010000ae020000300600008c08000073090000010d0000340d0000380d00003e0d0000860d00008b0d0000a00d0000
a80d00000210000023100000261000008311000033120000e21200005b1500007b1500007f15000025170000591a0000
761c00007d1d0000841d0000851d0000ad1d00009a2300000f270000d1020000e4020000fa090000ed1a0000d21b0000
b41d0000f10400004006000048060000c00800006a090000370b00008d0b00006e0c0000490d0000d00f000029100000
721100003e120000df1200002215000094150000ab1700002119000045190000f3190000d11a0000fc1a00002f1b0000
8b1b0000c61b0000d81b00006e1c0000d11c0000f51c0000751e0000cc1e0000731f000089220000c02b0000ca2c0000
3f2d0000792d00004c2e00007e2e0000882e0000033c00002e3e0000ad130000201400005c170000e82100002e280000
bf2900000c3700002f3700004f370000f73700009f380000b23c0000313d0000a03e0000420d0000e60d0000d1100000
0511000010120000451200002a1500000920000060270000ae2800008708000098080000fe0800008e0c00009e0c0000
960d0000e4160000b41a0000f31a0000221b0000051c000050270000c908000012090000960d0000fa140000e4160000
f31a0000221b0000051c0000e01f000050270000f1040000b10500009d080000c0080000390900006a090000a60b0000
6e0c0000ed0c00001b0d0000040e0000080e0000310e0000d00f000036100000371200003e1200007f120000df120000
3c140000601400008f1400009e140000f1160000ab170000d11a0000e61a00003e1b00008b1b0000c61b0000651c0000
031d0000211d0000b621000037220000be22000033230000b5230000ed250000fe250000202600001c2a00000f2b0000
d82b00003f2d00007e2e0000da330000093600004b360000b53600003c370000e43700002e3800003238000044380000
68380000040e0000f422000032270000b4270000542800006f280000262900004b29000063290000be2f0000c9360000
2e38000079380000460400008c040000a70a0000de0a00003b0f000058130000871300009d130000ad130000c0130000
e3130000f01300000816000032160000871700009f170000b41c0000ba1c0000ec1c0000aa200000cc210000e8210000
ec2100008c290000a6290000703600007d36000008370000273700005f37000063370000bf370000f7370000fb370000
96380000703b0000a73b0000993c0000b23c0000c53c0000ef3c0000fd3c0000c03d0000d63d00007c3e000091080000
cd0800009b0c0000130d0000420d0000450d0000970d0000b8100000d1100000d4100000e21000003412000084150000
76160000e5160000db1a0000231b0000e11f000051270000a028000012090000fa140000f31a0000051c00001f050000
48060000c00800001b090000300900006a0900008d0b00006e0c0000490d0000d00f000072110000781100003e120000
df1200002215000094150000fd160000ab170000c6170000d11a0000fc1a00002f1b00007b1b0000c61b00006e1c0000
711c0000f51c00001a1d0000a2210000ae210000892200001c260000282600000b2a00003f2d00007e2e0000df330000
3036000042360000de3700006438000070380000ad130000201400005c170000e82100002e280000bf2900002f370000
f73700009f380000b23c0000313d0000a03e0000420d0000d1100000451200002a15000060270000ae28000098080000
fe0800008e0c0000b41a0000f31a0000051c0000f1040000c0080000390900006a090000a60b00006e0c0000080e0000
d00f00003e120000df1200003c1400008f140000d11a00003e1b00008b1b0000c61b0000031d0000211d0000b6210000
37220000be22000033230000fe250000202600001c2a00000f2b00003f2d00007e2e00004b360000e437000044380000
68380000df0d0000050e0000db0e00006e0f00005d100000631000001f1200005f120000ba120000391400004a140000
8e140000d91600000220000004210000f5220000f2250000b5270000d32700005d2800002a29000064290000a32a0000
9e2d00000d2f0000d3360000383800007d3800000a040000c504000018060000ad070000b5080000c408000003090000
6e090000810c0000ab0c0000900d0000d70f0000361000003c1000003c11000003160000ea1600001d170000c91a0000
1f1b00002f1b0000de1b0000331c00005a1c0000f51c00001a1d00001c260000462d0000852d00008c2e0000ca330000
283600006438000032270000542800006f2800004b290000be2f00007c040000dd08000030090000b30900008d0b0000
900d0000361000003c10000003160000ea1600001d1700001f1b00002f1b0000de1b0000331c0000f51c00001a1d0000
d51f0000f8200000892200001c26000032270000542800006f2800004b2900000b2a0000852d00008c2e0000012f0000
be2f00004236000064380000040e0000f422000032270000b42700005428000092290000e22900008d290000ca290000
5f0d0000ae0d00001027000017270000df0000004302000056020000ff1a0000790b0000c90b00008c0c0000090e0000
d71a0000301b0000411b0000f61c0000061d00008a220000c92200005123000064010000a2010000e40200003c030000
8e030000790b0000c90b0000850d00009d0d000059150000ed1a0000f61c0000061d0000c81d00000423000074230000
872300000e270000040e0000f422000032270000b4270000542800008d29000092290000ca290000e2290000d03c0000
0c3d00007d3e0000823e000089010000fd02000052030000480600006a090000ca0a0000370b00005f0b00008d0b0000
a50d000072110000df120000f7130000ab1700006e1c0000f51c0000731f00007f1f00000f2000003a200000f8210000
1c22000079230000b52300002d130000ae1300004c17000077170000f3190000ae1c0000cd1c0000d11c000001010000
99020000ed020000390d00008d0d000046150000f01a0000001b0000480600006a090000ca0a0000370b00005f0b0000
8d0b00006e0c0000490d000072110000df1200002d130000ae130000f713000022150000941500004c17000077170000
ab170000f3190000d11a0000fc1a00002f1b00006e1c0000ae1c0000cd1c0000d11c0000f51c0000731f00007f1f0000
f82100001c22000089220000933b0000033c00002b3c0000b33c0000043d0000b03d0000293e00002e3e00000f130000
721400005a260000dc27000046280000582900008c290000a6290000872a00009638000048390000bb390000633a0000
a13a0000e83a0000013b00007c3e0000690d000023100000f412000026180000412700005127000063280000a0280000
fa0800007a090000e60900006f0c0000a81a0000ad1a0000061b0000d21b00001f05000030090000a6090000b3090000
220a00008d0b0000900d0000361000008e100000ed120000731400001d1700001f1b00002f1b00007b1b0000fa1b0000
f51c0000161d00001a1d0000191f0000d51f0000892200001c2600006a2600008e2600003227000054280000fe290000
0b2a00003f2b0000c2300000bc3100004236000064380000db380000503a0000b13a0000d53a0000ad1300005c170000
f6270000bf290000002e00005f2e0000fd2f000004330000380d0000ce0d0000d60d000023100000f4120000841d0000
2527000099270000bd27000063280000a0280000f8000000990100004f0200007602000086020000fa0800007a090000
e6090000ed1a0000d21b0000b41d00001f050000c00800006a090000a60b0000360c00005e0c00006e0c0000080e0000
d00f0000741000003e120000df1200003c140000d11a00003e1b00007b1b0000c61b0000ea1b0000151c0000031d0000
c81f000037220000be22000033230000a4240000cf240000002500000a2b0000862b0000962b00003f2d0000af2d0000
7e2e0000982e0000632f00008e2f0000c7310000783200000a2800005231000075310000a13100006132000015330000
500d0000f50d0000d110000005110000101200004512000038150000182000009e270000ae280000680100007a010000
7a0200008708000098080000fe08000063150000e4160000de1a0000051c000041200000f1040000e4050000a6090000
3f0c0000401000008e100000b11000001911000028110000ed120000de1700008b1b0000fa1b0000011c00001c1c0000
7322000011250000372500005c250000da2a0000eb2a00008a2b0000922c0000892d0000c2300000de3000000f310000
1131000021310000bc310000ce31000089320000b3320000da3200008e270000d501000020030000c908000012090000
63150000e4160000de1a0000051c0000412000008e27000087280000ba280000df2800007b290000d62f00000f310000
98320000e33200005b0e0000e20e00002a160000681b0000a21b00007920000038310000433100005231000059310000
5d310000b5310000df310000ec310000593200000433000073010000d901000091080000cd0800002a0d0000a10d0000
b8100000d1100000d4100000e210000034120000641500008c15000076160000e5160000e11a00001820000019200000
99270000a02800002003000012090000051c0000412000001f05000058060000a6090000360c00008e100000d7100000
ed120000561600007e1600007b1b0000fa1b00000b1c0000151c0000152100006f21000000250000862b0000f02b0000
d62c00001e2f0000c2300000e73000008e310000bc310000c731000078320000db0e00006e0f00000b11000018110000
c8120000ca14000011170000342100001e250000d32700008b280000e0280000df2a0000da2f00000031000010310000
39320000993200000a040000c504000024060000d7070000aa0900009510000099100000e81000000316000022170000
f71b0000111c0000151c0000691c0000862b0000ba2c0000c9300000ce300000ef300000c4310000c7310000ba280000
7b290000e33200007c040000c3090000360c0000e81000000316000022170000111c0000151c0000691c000028210000
00250000ba2800007b290000862b0000ef300000c4310000c73100003132000078320000e33200000a28000052310000
a131000015330000f50d0000d110000045120000182000009e270000ae2800007a0100007a02000098080000fe080000
051c000041200000f1040000a60900003f0c00008e10000019110000ed1200008b1b0000fa1b00001c1c000073220000
1125000037250000eb2a00008a2b0000c230000011310000bc310000ce31000089320000b3320000800f00008e200000
40280000282e00003c2f0000fb3a00006a3d0000a13d0000ba3e0000183f0000aa400000580d00001b0e00005d100000
ba120000c413000005140000391400004a1400004015000073170000491f00000b2300003b2700005d280000af290000
4f0100008d0100005f02000018060000ad0700006e0900009f0a0000ce0a00001d0b000036100000681500001d170000
8c170000e61a0000c11c0000f51c0000731f000079230000ee030000220400006c04000050050000f4050000920a0000
dd0b0000d70e0000270f0000340f0000f80f0000101000004510000073100000861000006c110000b91100002c130000
ea130000fe150000241600004a160000ee170000cf1b0000861c0000ad1c00002724000059240000f72400003e260000
a7260000c1260000c42a0000fa2a0000fe2a0000712b0000a22c00001f2d0000692d00008e2d0000ae2d0000c12d0000
152e0000b62f0000fc3300003a3400006936000024370000243a0000853a00005b3b0000f73c0000e83e00008b3f0000
d43f0000144000009440000096400000d84000003e410000b427000054280000e2290000e501000052030000b3090000
ee0a0000370b00008d0b000036100000681500001d1700008c170000e61a0000c11c0000f51c0000731f000079230000
b427000054280000e229000073100000e5140000b4240000dc270000fe270000972800008c290000a6290000fa2a0000
ae2d0000732f0000e42f000005300000963800007c3e0000673f000094400000c913000022140000111a0000ea210000
cb2900002f13000071130000e4130000a41c0000d11c0000ed1c0000e7000000020100004b020000870d00005d150000
001b0000c80500008c080000960b00008d0c0000ef0c00001c0d0000060e00000a0e0000330e00003a1000005b110000
331200003a1400003d14000062140000c2170000d81a0000e81a0000421b0000071d0000921f0000ca22000052230000
b72300008d2900001027000056020000c90b0000301b0000f61c00008a220000e4130000f3190000d11c0000ed1c0000
cd2100008d290000b901000099020000870d00005d150000001b000010270000060e00003a14000069140000f6220000
51270000b62700006b280000a02800001d060000ba070000fa080000ac0c0000ad1a0000ca1a0000301b0000f61c0000
8a0e0000c20f00005813000087130000ad130000c0130000e31300009f170000721b0000b41b0000ba1c0000ec1c0000
cc210000ea230000822400008c2900002b310000d93100002f3400006b390000383a0000193f00001b3f00005d3f0000
c33f000063400000064100004f410000eb000000210100006e010000ab0100005b030000c80500008c080000960b0000
010d0000210d0000380d00003e0d0000860d00008b0d0000940d0000a00d00003a1000005b110000331200003a140000
3d140000621400005b1500007f150000ab150000c2170000071d0000d31d0000921f0000102300002a2300002b230000
7c2300000f270000e40200008e030000c90b0000ed1a0000f61c0000872300007c040000480600007706000030090000
6a090000ca0a00008d0b00006e0c0000490d000072110000df1200002d130000f7130000a91400002215000094150000
03160000ab170000d11a0000fc1a00002f1b00006e1c0000ae1c0000f51c00001a1d0000361d000089220000e4240000
982500001c2600000b2a0000722a0000022c0000572c0000f52c0000a32f0000923500004236000064380000933b0000
043d000090410000df0d0000050e00005d100000ba120000c4130000c91300000514000022140000391400004a140000
73170000111a0000491f000002200000ea210000f5220000b52700005d280000af290000cb290000c93c0000d13c0000
163d0000333d0000973e000018060000ad0700006e0900009f0a0000ce0a00001d0b0000810c0000ab0c0000900d0000
361000002f13000071130000e41300001d1700008c170000c91a00001f1b00002f1b0000a41c0000c11c0000d11c0000
ed1c0000f51c0000731f0000683b0000973b0000e83b0000f03c0000c53d00002e3e000032270000542800008d290000
e22900007d3e0000b3090000ee0a0000370b00008d0b0000900d000036100000e41300001d1700008c170000f3190000
1f1b00002f1b0000c11c0000d11c0000ed1c0000f51c0000731f0000d51f0000cd210000892200003227000054280000
8d290000e2290000b73b0000033c0000f03c0000c53d00002e3e00007d3e0000ad1300005c17000041280000bf290000
04330000fc3a0000193f0000e2400000380d0000d60d00003a0e00003a140000691400002a2300002527000049270000
992700006b280000a0280000f80000005c0100004f02000064020000760200001d060000ba070000fa080000ed1a0000
f61c0000872300007c0400006a090000ca0a0000a60b0000ed0b0000360c00006e0c0000080e0000ba110000df120000
2d130000f71300003c14000003160000d11a00003e1b0000151c0000871c0000ae1c0000031d000037220000be220000
33230000002500003f260000a8260000fd260000d12a0000762b0000862b0000c731000078320000fd330000253a0000
863a0000933b0000043d0000154000005b0e00002a160000792000003831000052310000b53100005932000004330000
493c0000623c0000ee3d000073010000d901000091080000cd080000a30a0000da0a0000d11000008c15000076160000
9b17000018200000e021000099270000a02800009e290000050f0000740f00007c0f00006b100000bf10000025110000
b4120000ca14000062160000121e000054210000072400002b2400001e250000e42a00002b2b0000a62d0000242e0000
d93000001e3100004f320000993200007d390000293f0000be4000007041000020030000120900004f0b00007e160000
f02b00008e310000ed4000002a16000052310000b531000004330000ee3d0000d11000008c150000761600009b170000
18200000e021000099270000a02800009e2900001f0500002905000058060000a6090000360c00008e10000056160000
7e16000000250000f02b0000d62c0000382d0000c23000008e31000078320000f5380000d83e0000ed40000057130000
ac1300009e170000cb2100008b2900003b170000dc02000093150000aa170000ac1300009e1700008b29000044060000
850b00006d0c00002115000093150000aa17000088220000af0f000085130000d6130000e31500006b170000111a0000
e72000000d220000eb2d0000da390000433f0000f53f0000a440000077170000723f000046150000aa170000ad230000
690d0000231000004512000018140000711400002a1500005515000022160000151700005b170000ed170000921f0000
52230000f324000052260000a6260000b9260000b22f0000993a0000293d00001340000091080000cd080000a30a0000
da0a00009b0c0000420d0000d110000057130000ac13000084150000761600009b1700009e170000e11f0000cb210000
e021000051270000a02800008b2900009e2900006c3b0000a33b0000b13c0000d43d00007b3e0000120900004f0b0000
fa1400003b1700001b3c0000420d0000d1100000ac13000084150000761600009b1700009e170000e021000051270000
a02800008b2900009e290000b13c0000d43d00007b3e00002d130000c31500004c17000077170000f3190000cb2d0000
d2390000723f000053400000010100008101000099020000ed020000f90200004a03000044060000850b000046150000
aa170000ad230000060e00007210000045120000181400003a1400002a150000a315000022160000301700005b170000
ba17000089180000591a0000f22a0000c92b0000002c0000132c0000ad2d0000c7390000293d00008e4100002a040000
31050000b62000009a300000bd300000a13100006a320000043300004b3c00008b3c00006b3e0000c306000045070000
d70c0000f50d000045120000541300001814000016150000401700002a20000040210000fd21000099270000a0280000
9e2900009f030000b0030000f80300007c04000092040000a40400001a050000a1050000b0060000da060000f4060000
4d0700005a0700006f070000c3090000360c00004e0e0000f10f000049110000d6140000c115000005170000151c0000
171e00002821000055210000ce2300003a240000002500001f250000ba2800007b2900004f2a0000532a0000302b0000
862b00006f2c0000fa2c0000602d0000df2d000028300000563000006430000079300000c73100003132000050320000
783200009a320000e33200001b34000011390000d0390000f13a0000d83e0000573f00004a4000007f40000029410000
73410000fb060000f81f0000c2210000a4000000200300008d060000fb060000120700004607000012090000570a0000
4f0b00001b1500004f170000bc1a0000931c0000f81f0000c2210000a5270000a1280000d229000074040000cf060000
0f0700005a07000097120000712000000021000073220000372500004f2a0000092f0000312f00001c30000064300000
b332000060390000ec3f00004a400000a60a0000580b00005b170000002200008b290000bc000000460100008c010000
fc02000035030000820300007a05000047060000a50700006d090000af090000720b0000850b0000bd0b00005e140000
2e1b0000f41c0000d41f00005f2000003a22000088220000f72200003127000053280000d50a0000a101000036000000
3803000075050000750b0000590a0000d50a0000110b00005b0b00003b1700008e29000024000000a10100003f020000
dc020000e70200001127000009010000e401000035030000b0050000b2090000720b00002f22000032230000d9030000
5a0400002b05000068050000600a00007e0a0000b40a0000f30a0000080b00005a0b0000f3190000121a0000d11c0000
73200000ea200000cd2100000e2200008d2900003a2d0000332f0000ec2f000089330000ec38000001390000cf3e0000
043f0000ae3f0000f83f000053400000d24000001d0000003b000000d5000000f3000000b9010000e1010000f1010000
0402000099020000e60200004a0300007a05000047060000a50700006d090000af090000720b0000850b0000bd0b0000
7f0c0000b10c0000b40d00002f0e00005e1400001e150000001b0000f41c00008d1d00003a2200009d2200009e220000
442300007723000010270000ac2700005328000006000000b3000000f201000075050000750b0000d122000055000000
be0000002a010000180200003502000037030000a70300001b0500008e050000a7050000a90500005e0600007c060000
b706000002080000cc090000320a00003b0a00007d0a0000740b0000c90b0000100c00004e0c00005a0c00006b130000
9e1f00008a2200005323000093240000a72400006a250000a9260000ed260000672a0000752c0000dc2c0000522f0000
662f000060350000123b0000443b0000164000003701000009030000c306000045070000a60a0000580b000045120000
54130000181400002a150000401700005b1700002220000040210000fd2100000022000051270000a02800008b290000
9e2900006f3b0000243c0000293d0000633e00007b3e0000bd010000fb060000d50a0000c22100009e3b000066000000
bd010000670200000a0300008d060000fb060000120700004607000012090000570a0000590a0000d50a0000110b0000
4f0b00005b0b0000fa1400003b1700004f170000931c0000c221000052270000a12800008e290000d22900002c3b0000
9e3b0000dc3b00001b3c0000273c00007e3e0000940400007c0a0000e60a0000f30a00002a1a0000062d000013390000
cf3e000067410000d1000000b1010000f1010000b0050000b2090000720b0000e50c000042180000d11f000054200000
2f2200009d22000047000000550000002a0100000c0200003903000078030000a70300001b05000086050000fc050000
7c060000b70600004a0800004509000047090000fa090000120a00001e0a0000320a00003b0a00007d0a0000760b0000
b30b0000d40b00006b130000f61700008a1800005a1a000034260000ed290000012a00002d2a0000032c0000472c0000
60330000ab380000cb380000d73800007b3a0000123b0000443b0000914100002a040000310500005b0e00008a0f0000
2a1600007920000098200000b62000000d2800009a300000bd30000038310000523100005d31000077310000a1310000
b5310000d931000059320000633200006a3200000433000019330000493c00004b3c0000623c00008b3c0000653d0000
a23d0000ee3d00006b3e0000b23e000073010000d9010000c30600004507000091080000cd080000a30a0000da0a0000
d70c0000540d0000a00d0000f50d0000d1100000e21000000611000014120000331200004512000054130000be130000
e813000018140000161500003c1500008c15000076160000401700006d1700009b170000e11a0000b21c000018200000
2a20000040210000e0210000fd210000992700009a270000a0280000b22800009e2900009f29000020030000fb060000
120900004f0b0000f81f0000c2210000a5270000a1280000d2290000740400001f0500002905000058060000cf060000
0f0700005a070000a6090000360c00008e1000001911000097120000d6140000561600007e1600007120000000210000
73220000002500001f25000037250000e1270000f927000090280000c5280000e1280000112900004f2a0000eb2a0000
f02b0000d62c0000382d0000092f0000312f0000df2f0000003000001c30000064300000c2300000113100008e310000
783200009a320000b3320000ef320000e4350000f538000060390000d83e0000573f0000ec3f00004a40000095400000
ed400000a60a0000580b000057130000ac130000e2130000231400005b1700009e170000ac1c0000cb210000eb210000
002200008b290000d6290000d50a00003b1700008e290000a1010000dc0200001127000009010000e401000035030000
b005000044060000b2090000720b0000850b00006d0c0000070e00003b1400005e1400002115000093150000aa170000
2f22000088220000f7220000322300006f270000b727000065280000e82800003701000009030000c306000045070000
91080000cd080000a30a0000a60a0000da0a0000580b00009b0c0000420d0000970d0000e70d0000d1100000e2100000
061100001412000033120000451200005413000057130000ac130000be130000e2130000e81300001814000023140000
2a1500008415000076160000401700005b1700006d1700009b1700009e170000d81a0000ac1c0000b21c0000e11f0000
0a2000002220000040210000cb210000e0210000eb210000fd210000002200005127000064270000a0280000b2280000
8b2900009e2900009f290000d62900006c3b00006f3b0000a33b0000243c0000b13c0000c33c0000ee3c0000f53c0000
293d0000343d0000d43d0000633e00007b3e00008d3e0000bd010000fb06000012090000d50a00004f0b0000fa140000
3b170000c221000052270000a12800008e290000d22900009e3b00001b3c00007e3e0000940400007c0a0000e60a0000
f30a00002d130000ca130000c31500004c17000077170000f3190000121a00002a1a0000422800008f290000cc290000
062d0000cb2d0000e035000013390000d2390000fd3a0000cf3e00001a3f0000723f000053400000d240000067410000
d10000000101000081010000b1010000f101000099020000ed020000f90200004a030000b005000044060000b2090000
720b0000850b0000e50c0000600d0000b40d00002f0e00003b1400005e14000046150000aa17000042180000d11f0000
542000002f2200009d2200001f230000ad2300001427000028270000432700007627000065280000e8280000d30e0000
490f0000ac0f0000bf100000e010000018110000b4120000cf1400001016000036160000e21700008a2000000c210000
2b2500005d250000df2a0000152f0000382f0000d930000010310000a7320000db3200007d390000403f0000773f0000
924000009f030000b0030000020400001d0400007c04000092040000ed0400001a05000046050000a1050000ed050000
b00600004d0700005a070000d7070000c3090000360c00003a0c000099100000b310000019110000c115000015160000
4516000005170000e7170000281d0000282100000025000015250000422500005e250000ba2800007b2900004f2a0000
eb2a00006f2c00009b2c0000fa2c00001a2d00005630000064300000ce3000001131000031320000783200008d320000
bf320000dc320000e33200008d33000011390000d0390000f13a0000d83e0000dc3e0000863f0000b23f00004a400000
954000007322000037250000b3320000ec3f0000f10400001a0500005a0500004d0700005a070000a60900003f0c0000
8e10000019110000c1150000151600004516000005170000e7170000281d000073220000112500003725000042250000
5e250000ba2800007b2900004f2a0000eb2a00005630000064300000c23000001131000089320000b3320000bf320000
dc320000e3320000f5380000d0390000f13a0000f43e0000863f0000b23f0000ec3f00004a40000095400000bc000000
fc020000350300007a050000c205000047060000ab070000af090000720b0000850b0000860b0000aa0c0000f00c0000
070e00003b140000bc170000fa1c0000d41f000088220000d522000070230000b823000031270000532800002f220000
322300003600000075050000b90b00008b220000fc0200003503000047060000720b0000a20b00006d0c0000070e0000
3b140000bc170000fa1c00002f220000bd2200003223000070230000b823000031270000532800001901000029010000
34020000ed0300006804000018050000c0050000c8050000f0050000b60600008c08000082090000cb0900007a0a0000
8c0a0000960b0000d90b0000570c00008d0c0000ef0c0000130d0000700d0000800d0000060e0000d50e00006f0f0000
f70f000072100000b81000008311000070120000ce120000f4120000071300002b1300003d130000861300009b130000
3a1400004f1400006314000083140000a7140000ad140000e814000022160000c2170000ea17000026180000061f0000
921f0000931f00002e200000ae2000004f220000ca220000fa2200001c2300005223000065230000b723000098240000
c5240000f624000083250000892500003d2600005d2600006f260000a6260000b9260000ba260000f1260000c9270000
862a0000f22a00009e2c0000ad2d0000572f0000842f0000b52f00007c35000083350000b338000040390000843a0000
a43a0000b63a0000413b0000553b0000983c000013400000254000000c020000fc050000c90b0000d40b00004e0c0000
9e1f00008a220000532300009324000034260000a9260000ed260000522f00007b3a000016400000420d0000d1100000
ac13000069140000dd140000921f0000ae200000e0210000402200004c220000f62200004223000052230000b3240000
72260000a6260000b9260000722f0000b93a0000b13c00001340000047000000550000000c020000a703000077040000
86050000fc0500007c060000980800004509000047090000fa090000120a0000320a00003b0a0000ba0a00009d0b0000
c10b0000d40b0000e80b0000140c00008e0c00002e130000f61700009e1f00008c220000cb2200005323000066250000
3426000040260000a9260000ed260000ed2900005c350000ab380000cb3800007b3a0000873a0000123b0000833b0000
16400000b6200000a13100006a320000043300006b3e0000f50d000045120000181400002a20000040210000fd210000
99270000a02800009e290000a4000000de01000076020000200300008d060000fb060000d2080000fa08000012090000
570a0000e90a0000150b00004f0b0000f81f0000c2210000a5270000a1280000d22900007c04000092040000a1040000
cf0600006b070000c3090000360c000097120000d61400007e160000151c0000171e00002821000055210000e2230000
3a240000002500001f250000ba2800007b290000582a0000302b0000862b0000f02b00001c300000753000008e310000
c73100003132000050320000783200009a320000e33200001139000060390000f13a0000d83e0000573f000071400000
ed40000029410000734100005b170000002200008b290000590a0000d50a00003b1700008f1c0000ce2100008e290000
24000000a1010000b301000046020000dc02000011270000090100006a030000b0050000af090000850b0000a50b0000
5e14000093150000aa1700002e1b0000f41c0000d41f00005f2000003a22000088220000f72200003127000053280000
5c0500007c0a0000040b000077170000f3190000121a0000d11c000073200000ea200000cd2100000e2200008d290000
062d0000332f0000ec2f0000f63e0000723f0000ae3f0000f83f000053400000d2400000d1000000b9010000e1010000
00020000990200004a030000b0050000af090000850b0000a50b0000e50c0000b40d00002f0e00005e14000046150000
aa170000001b0000f41c00008d1d00003a220000ba2200004423000077230000ad23000010270000ac27000053280000
45120000181400002a1500005b1700002220000040210000fd2100000022000051270000a02800008b2900009e290000
293d0000633e00007b3e000066000000bd0100008d060000fb060000d2080000fa08000012090000570a0000590a0000
d50a0000e90a0000150b00004f0b0000fa1400003b170000ad1a00008f1c0000e21f0000c2210000ce21000052270000
a12800008e290000d22900002c3b00009e3b0000b23b0000e03b00001b3c00007e3e0000fa0e000085130000bc130000
c91300001e1a0000501a00000a24000080240000eb2d000097390000173f0000bb400000f2400000d90300002b050000
600a0000f30a00005a0b00008b0e00002f13000065130000ca130000f3190000081a0000351a0000511a000073200000
cd210000f0230000832400008d2900003a2d0000332f0000ec2f000017340000ec3800006c390000cf3e00001a3f0000
5340000057400000014100002d4100001d0000003b000000e7000000fb0000001b0100004d010000b9010000e1010000
f1010000990200009a020000e60200004a0300004b0300007a050000c205000047060000ab070000af090000720b0000
850b0000860b0000600d00003b1400001e15000070150000a5150000bc17000055180000351b0000fa1c00009d220000
1f23000010270000ac27000053280000290100008b01000077030000ed0300006804000018050000f305000030060000
63060000b60600008c0800006c090000730900007f0900001b0a00007a0a00008c0a0000b20b00007d0c00008d0c0000
130d0000690d00000a0e00002c0e0000d50e00006f0f0000f40f0000231000004d10000084100000b810000095110000
b8110000be11000073120000121300002b1300003d130000861300009b1300003d1400005b1400006914000071140000
dd14000022160000251700002d1700001e1800002d1800003d18000079180000891800009c180000591a00006b1a0000
5e200000ae2000001f21000039220000f6220000b324000052260000c9270000f2290000702a0000982a0000bc2a0000
c22a0000fd2a0000332b0000cc2b0000002c0000132c0000142c00004b2c0000a12c0000e12c0000bf2d0000282f0000
722f0000fb33000002340000b0380000d43800004b390000c4390000993a0000413b0000553b0000983c00008e410000
a04100002a1a00006741000042180000542000002f22000006000000b3000000a50200007e03000075050000b90b0000
370300005e060000fa090000120a0000740b0000f61700008a1800005a1a0000ed290000672a0000032c0000472c0000
dc2c0000cb380000914100002b050000f30a00005a0b00002d130000ca130000041a00002a1a0000351a0000511a0000
e4230000832400008d2900003a2d0000cb2d0000ec2f0000cf3e00001a3f00006f400000014100002d41000067410000
0101000081010000f10100009e020000e60200006703000047060000720b0000a20b0000600d00003b1400001e150000
70150000a5150000bc1700004218000055180000351b0000fa1c0000542000002f2200009d2200001f23000010270000
ac27000053280000420d0000d1100000f412000007130000ac130000261800005118000089180000d2190000591a0000
ae2000001c210000e0210000862a0000362b0000002c0000132c0000252f000040390000b13c00008e41000055000000
be00000037030000a7030000770400008e050000a7050000a9050000350600005e060000720600007c0600001c080000
4e08000098080000320a00003b0a0000ba0a0000740b0000c90b00004e0c00008e0c00002e130000021800001f180000
8a1800005a1a00008a22000093240000292a0000672a0000732a0000032c0000472c0000752c0000dc2c0000f02c0000
522f000064330000123b0000833b000091410000800f00000b2400002f240000282e0000833900002f3f0000bf400000
714100009f170000e8210000a6290000090d0000240e0000011000005d1000004a14000053140000401500005d200000
38220000f522000094150000ab170000ad1300009f1700008c290000380d00007f1500000f270000b00f0000e4150000
e8200000ec2d0000db390000443f0000f63f0000aa4000002f0d0000df0d00001b0e0000011000005d1000004a140000
5314000038220000142300003c230000ab170000b52300002014000072140000241600005c170000ee170000f7240000
5a260000a7260000c1260000b62f0000a13a0000313d000014400000ad1300009f170000e82100008c290000a6290000
b23c0000d63d00007c3e0000731000002014000024160000311700005c170000fa2a0000cd2b0000012c00001b2c0000
ae2d0000c8390000313d00008f410000a70a0000de0a000058130000c0130000ea13000020140000441700006f170000
9f170000b41c0000e821000001220000a6290000aa290000a70a0000590b000058130000ad130000e313000024140000
5c1700009f170000ad1c0000cc210000ec210000012200008c290000d7290000eb000000ab010000e5020000380d0000
3e0d0000860d00008a0d0000d60d0000d70d00007f1500001d2000000f27000021270000a2010000e402000012270000
0a010000e501000036030000b1050000480600006a090000b3090000730b00008d0b00006e0c0000080e00003c140000
601400002215000094150000ab1700003722000089220000f82200003323000070270000b827000067280000e9280000
a70a0000de0a0000590b000058130000ad130000c0130000e3130000ea1300002014000024140000441700005c170000
6f1700009f170000ad1c0000b41c0000cc210000e8210000ec210000012200008c290000a6290000aa290000d7290000
703b0000a73b0000253c0000b23c0000c53c0000ef3c0000f73c0000313d0000353d0000d63d0000653e00007c3e0000
933e000089010000fd02000052030000b1050000480600006a090000b3090000730b00008d0b0000ed0c0000310e0000
3c14000060140000ab170000d51f00005c20000037220000a522000021230000b5230000452700007827000067280000
e9280000b00f00003a1600008e2000003c2f000083390000443f00007b3f000093400000090d0000580d0000050e0000
01100000ba1200003914000053140000b417000014230000b62300003722000033230000fd0200003603000048060000
6a090000730b0000a60b00006e0c0000080e00003c140000be170000fc1c000037220000be2200003323000071230000
b92300003227000054280000ee0300006c04000019050000f4050000830900007b0a0000920a0000dd0b0000580c0000
d70e0000700f0000f80f000073100000741200000f1300002c13000043130000871300009d13000085140000a8140000
af140000e914000024160000ee170000b0200000502200009c240000c7240000f7240000842500008b2500003e260000
5e26000073260000a7260000c1260000c5260000f2260000cf270000872a0000fa2a0000a22c0000ae2d00005b2f0000
862f0000b62f00007d35000085350000b438000048390000853a0000a53a0000ba3a0000423b00005b3b0000993c0000
144000002b400000ad130000e5140000b0200000e821000050220000b424000073260000a7260000c1260000732f0000
ba3a0000b23c0000144000002014000001220000a62900005c170000012200008c290000d60d00001d2000000f270000
0a0100006b030000b1050000b30900008d0b0000a60b00006014000094150000ab1700002f1b0000f51c0000d51f0000
602000003b22000089220000f82200003227000054280000e501000052030000b1050000b30900008d0b0000a60b0000
ed0c0000310e000060140000ab170000f51c00003b220000be2200004623000079230000b5230000b427000054280000
201400005c170000012200008c290000a6290000313d0000653e00007c3e0000fb0e00000b24000081240000ec2d0000
98390000183f0000bf400000f64000002f0d0000240e000001100000ba12000039140000531400009d150000b4170000
022000000b230000ee0300006c04000019050000f405000067060000830900001c0a00007b0a0000920a0000d70e0000
700f0000f80f000086100000b9110000c011000074120000131300002c13000043130000871300009d13000072140000
e51400002416000031170000b020000020210000b42400005a260000cf270000f6290000712a00009a2a0000bd2a0000
c42a0000fe2a0000372b0000cd2b0000012c00001b2c00001f2c00004c2c0000a22c0000e52c0000c12d0000292f0000
732f0000fc33000004340000b4380000d53800004c390000c8390000a13a0000423b00005b3b0000993c00008f410000
a64100005c20000037220000890100006b030000480600006a090000730b0000a60b00003c14000022150000a7150000
be170000371b0000fc1c00005c20000037220000a522000021230000b4270000542800000f130000ad130000b0200000
20210000e8210000872a0000372b0000012c00001b2c0000292f000048390000b23c00008f410000b00f0000e4150000
e8200000ec2d0000db390000723d0000a63d0000593e0000443f0000f63f0000aa4000002f0d0000df0d00001b0e0000
011000005d100000a413000005140000291400004a140000531400004e1f00005e1f000038220000142300003c230000
ab1700007f1f0000b52300002014000072140000241600005c170000ee170000381e0000f72400005a260000a7260000
c1260000fd2e0000b62f00002f370000633a0000a13a0000313d0000d43f00001440000085130000d61300006b170000
111a00000d2200007717000046150000690d000023100000451200002a1500005515000015170000921f000052230000
090d0000240e0000011000005d10000085130000a4130000d613000005140000291400004a1400005314000040150000
6b170000111a00004e1f00005e1f00005d2000000d22000038220000f5220000973c0000df3c0000163d00003a3d0000
493e00009415000077170000ab1700007f1f0000b03d0000ad130000fa1500009f1700008c290000002e0000a1310000
e33900004f410000380d0000f50d000023100000451200007f15000015170000841d0000b91d0000d31d0000921f0000
0f2700003f000000e5010000520300007e05000048060000a60700006e090000b30900004b0a0000ee0a0000370b0000
730b00008d0b0000be0b0000810c0000b30c0000310e0000501300007313000011140000601400002215000054170000
f51c00002b1f00002f1f0000631f0000731f00003b220000a5220000a92200004623000079230000b427000054280000
e2290000600a00007e0a0000b40a0000f30a0000080b00005a0b0000f3190000121a0000d11c0000cd2100000e220000
8d2900001d000000d5000000f3000000b9010000f10100000402000099020000e6020000b40d0000001b00008d1d0000
1027000006000000f201000055000000be0000002a0100001802000035020000370300008e0500007c060000b7060000
02080000cc090000740b0000c90b00009e1f00008a22000053230000bd000000470100008d010000fd02000036030000
830300007e05000048060000a60700006e090000b30900004b0a0000600a00007e0a0000b40a0000ee0a0000f30a0000
080b0000370b00005a0b0000730b00008d0b0000be0b00005013000073130000111400006014000054170000f3190000
121a00002f1b0000d11c0000f51c00002b1f00002f1f0000631f0000731f0000d51f000060200000cd2100000e220000
3b22000089220000f822000032270000542800008d290000e2290000243b0000453b00007d3b0000b73b0000bd3b0000
d23b0000033c0000263c0000223d00002e3e00004e3e00007d3e0000260000004f0000009b000000a201000040020000
e4020000e80200008e0300008e0500007c060000b706000002080000cc090000740b0000c90b0000de0c0000461d0000
581d0000df1d00009e1f0000e122000012270000ee030000220400006c0400001905000050050000f405000083090000
7b0a0000920a0000dd0b0000580c00008f0e0000d70e0000700f0000c40f0000f80f000073100000741200000f130000
2c13000043130000871300009d13000085140000a8140000af140000e9140000241600004a160000ee170000e41d0000
ff1d0000201e0000461e0000b0200000502200009c240000c7240000f7240000842500008b2500003e2600005e260000
73260000a7260000c1260000c5260000f2260000cf270000872a0000fa2a0000a22c00001f2d0000ae2d0000e32e0000
f22e00005b2f0000862f0000b62f0000033500007d3500008535000069360000eb36000008370000b438000048390000
70390000bb3900006c3a0000853a0000a53a0000ba3a0000423b00005b3b0000993c0000e83e00003c3f00005f3f0000
8b3f0000d43f0000d83f0000144000002b40000094400000190100002901000034020000c0050000c8050000b6060000
8c080000cb090000960b00008d0c0000ef0c0000130d0000700d0000800d0000060e0000b810000083110000ce120000
f41200003a1400004f14000063140000c217000026180000061f0000921f0000931f00002e200000ca220000fa220000
1c2300005223000065230000b72300000c020000fc050000c90b00009e1f00008a22000053230000fd02000036030000
7c040000a104000048060000cf0600006a090000d3090000ca0a0000f30a0000730b0000a60b0000ed0b0000360c0000
6e0c0000080e0000971200002d130000ca1300003c140000d6140000be170000fc1c0000171e0000ee1e0000191f0000
2b1f0000551f0000ac1f0000bc1f000037220000be2200003323000071230000b9230000002500001f250000a8250000
3f26000080260000a8260000fd26000032270000542800003f2b00001c300000783200009a320000a3350000bc380000
503a0000863a0000c73a0000933b0000bd3b0000d23c000015400000e501000052030000b1050000b3090000ee0a0000
370b00008d0b0000a60b0000ed0c0000310e00007b1300001114000060140000ab170000f51c0000341f0000631f0000
731f00007f1f00003b220000be2200004623000079230000b5230000b427000054280000e22900007c0a0000040b0000
77170000f3190000121a0000d11c0000cd2100000e2200008d290000d1000000b90100000002000099020000b40d0000
46150000001b00008d1d0000102700000a0100006b030000b1050000b30900007c0a0000ee0a0000040b0000370b0000
8d0b0000a60b00007b13000011140000601400009415000077170000ab170000f3190000121a00002f1b0000d11c0000
f51c0000341f0000631f0000731f00007f1f0000d51f000060200000cd2100000e2200003b22000089220000f8220000
32270000542800008d290000e2290000433b0000b73b0000ce3b0000033c0000223d0000b03d00002e3e00004e3e0000
7d3e00001a040000bc040000a70a0000590b00008a0e00001f0f000058130000ad130000e3130000241400005c170000
9f170000ad1c0000c2200000cc210000ec21000001220000ea230000152400004e240000822400008c290000d7290000
172d00005f2e0000442f00008d3000002b31000043310000493400001a3900006b390000a5390000193f000063400000
b7400000da400000064100004f41000053410000eb000000210100006e010000ab010000e50200005b030000c0050000
c8050000b60600008c080000cb090000960b0000d20c0000f60c00002a0d0000380d00003e0d0000860d00008a0d0000
ce0d0000d60d0000d70d0000200e0000340e0000b810000083110000ce120000f41200003a1400004f14000063140000
7f150000ab150000c2170000411d0000711d00007d1d0000981d0000d31d0000d41d0000061f0000921f0000931f0000
1d2000002a2300000f27000021270000a2010000e40200008e030000fc050000c90b0000641d0000df1d00009e1f0000
122700000a010000e5010000360300007c040000a1040000b1050000cc05000010060000480600007706000030090000
6a090000b3090000ca0a0000f30a0000730b00008d0b00006e0c0000080e0000f51100006b1200002d130000ca130000
3c140000601400002215000094150000ab170000171e00005c1e0000851e0000e51e00002b1f0000551f0000c81f0000
3722000089220000f822000033230000cf24000070270000b827000067280000e92800000b2a0000722a0000a42a0000
4a2b0000662b0000022c0000572c00007a2c0000b22c0000f52c0000df2e00008e2f0000f134000042360000df360000
933b0000bd3b0000d23c000090410000460400008c040000a70a0000de0a000058130000ad130000321600009f170000
cc210000e82100008c290000a6290000703600007d36000063370000f737000096380000703b0000a73b0000b23c0000
d63d00007c3e0000ad130000321600009f170000e82100008c290000a629000063370000f737000096380000b23c0000
d63d00007c3e000091080000cd0800009b0c0000420d0000d11000008415000076160000e11f000051270000a0280000
12090000fa140000420d0000d1100000841500007616000051270000a0280000090d0000240e0000050f0000740f0000
011000000a1000005d1000000b1200004a1200005f1200004a140000531400009b1400004015000009170000121e0000
5d200000382200005c220000f5220000f725000007260000a32a0000632d0000be360000d33600003d3800004d380000
94150000ab170000c617000028260000703800001f05000048060000c00800001b090000300900006a0900008d0b0000
6e0c0000d00f00002215000094150000fd160000ab170000c617000089220000282600000b2a00003f2d000030360000
4236000070380000a70a0000590b0000770e00005813000020140000bb150000441700005c170000be20000001220000
8c290000a6290000f23600002f370000493700000038000096380000703b0000253c0000313d0000653e00007c3e0000
3701000009030000c306000045070000451200002a150000222000004021000051270000a0280000bd010000fb060000
66000000bd010000670200000a0300008d060000fb060000120700004607000012090000fa14000052270000a1280000
bd000000470100008d010000fd02000036030000830300009f030000f80300007c040000a40400001a0500007e050000
4806000050060000a6070000ca07000068080000dd080000300900004e0900006e09000090090000b3090000730b0000
8d0b0000be0b0000f20b0000070c0000db110000ea1100006b12000060140000cd1600002f1b0000f51c00001a1d0000
171e0000d51f000060200000f82000003b2200005d22000089220000f8220000d4250000d82500000c2600001c260000
32270000542800006f2800004b2900000b2a0000a42a0000ce2c0000012f0000be2f00003b330000fe35000042360000
a1360000df360000163800001a38000052380000643800000a010000e50100003603000074040000b1050000cc050000
b3090000bb090000730b0000f20b0000f51100008f210000b62100003722000033230000d42500000f2b00007a2c0000
d3370000e437000016380000460400008c040000a70a0000de0a0000590b0000770e0000f40e000058130000ad130000
c0130000e3130000ea1300002014000024140000bb150000dd15000032160000441700005c1700006f1700009f170000
ad1c0000b41c0000be200000cc210000e8210000ec210000012200002a2800008c290000a6290000aa290000d7290000
703600007d360000f236000015370000243700002f370000493700005837000063370000bf370000f737000000380000
963800009a380000703b0000a73b0000253c0000b23c0000c53c0000ef3c0000f73c0000313d0000353d0000d63d0000
653e00007c3e0000933e00003701000009030000c30600004507000091080000cd0800009b0c0000420d0000970d0000
e70d0000d1100000e2100000061100001412000033120000451200002a1500008415000076160000d81a0000e11f0000
0a20000022200000402100005127000064270000a0280000b2280000bd010000fb06000012090000fa14000052270000
a12800000a010000e501000036030000740400001f050000b1050000cc05000048060000c00800001b09000030090000
6a090000b3090000bb090000730b00008d0b0000f20b00006e0c0000080e0000d00f0000f51100006b1200003c140000
601400008f1400002215000094150000fd160000ab170000c61700008f210000b62100003722000089220000f8220000
33230000d4250000fe2500002826000070270000b8270000e127000067280000e9280000032900002f2900003f290000
652900000b2a0000a42a00000f2b00007a2c00003f2d0000d33500003036000042360000df360000d3370000e4370000
16380000443800007038000082380000201400005c170000be200000012200008c290000a62900002f37000000380000
96380000313d0000653e00007c3e0000451200002a150000222000004021000051270000a028000066000000bd010000
8d060000fb060000d2080000fa08000012090000fa140000ad1a0000e21f000052270000a12800000a0100006b030000
7c040000a1040000b1050000cc050000dd08000030090000b30900008d0b0000a60b0000030c0000f51100006b120000
6014000094150000ab170000c61700002f1b0000f51c00001a1d0000171e0000d51f000060200000f82000003b220000
5d22000089220000f8220000dd2500000c2600001c2600002826000032270000542800006f2800004b2900000b2a0000
a42a00007a2c0000012f0000be2f000042360000df3600001f380000523800006438000070380000090d0000580d0000
050e0000d30e0000490f0000011000000a1000000b12000064120000ba120000c012000039140000531400008e140000
10160000f5160000b41700009b21000014230000b6230000f2250000b02a0000d92b0000632d0000d836000040370000
d737000038380000bd000000fd020000360300009f030000020400007c040000ed0400001a0500007e050000c4050000
4806000050060000ad07000068080000a6080000b5080000dd08000030090000340900004e090000b3090000730b0000
8d0b0000910b0000f20b0000ab0c0000f10c0000080e00003c110000811200003c1400008f14000015160000cd160000
fa160000be1700004d1c0000fc1c0000d51f0000f820000089220000d622000071230000b9230000d4250000fe250000
32270000542800006f2800004b2900000b2a0000202a0000782b0000da2b0000ce2c0000012f0000be2f0000ca330000
fe35000012360000423600004636000045370000ad3700001638000044380000b621000037220000332300000f2b0000
e4370000fd02000036030000f10400001a0500004806000050060000c0080000390900006a090000730b0000a60b0000
f20b00006e0c0000080e0000d00f00003c1400008f14000015160000cd160000fa160000be1700004d1c0000fc1c0000
b621000037220000be2200003323000071230000b9230000d4250000fe25000032270000542800006f2800004b290000
1c2a00000f2b0000782b0000da2b0000ce2c00003f2d0000be2f00004b36000045370000ad370000e437000016380000
4438000089010000fd02000052030000480600006a090000ca0a0000370b00005f0b00008d0b0000ab1700007f1f0000
b5230000731000002014000024160000311700005c17000087240000fa2a0000cd2b0000012c00001b2c0000ae2d0000
2f370000c8390000313d000094400000fe4000000b4100008f4100002d1300004c17000077170000f319000001010000
99020000ed02000046150000060e0000451200003a1400002a150000a3150000ba17000089180000591a0000ad130000
421600009f1700008c290000a1310000193f0000833f0000903f0000380d0000f50d0000451200003a1400007f150000
ba170000591a00002a2300009a230000be2300000f270000480600006a090000ca0a0000370b00005f0b00008d0b0000
6e0c00002d13000022150000941500004c17000077170000ab170000f31900007f1f000089220000933b0000033c0000
2b3c0000b03d0000b1050000b3090000730b0000ed0c00007b1300002b1f0000d51f00005c200000d221000024220000
37220000a52200007c0a0000e60a0000f30a00002a1a0000d1000000b1010000f1010000421800004700000055000000
2a0100000c020000390300007803000086050000fc0500007c060000b7060000fa090000760b0000b30b0000f6170000
8a1800005a1a0000260000009b000000c3000000a201000040020000d1020000e4020000e802000086050000fc050000
7c060000b7060000fa090000760b0000b30b0000de0c00005a1a0000641d0000b5220000d9220000a623000012270000
0a010000e501000036030000b1050000b30900007c0a0000e60a0000f30a0000730b00007b1300002a1a00002b1f0000
d2210000242200003722000033230000433b0000af3b0000bd3b0000f33d000089010000fd02000052030000b1050000
480600006a090000b3090000ca0a0000370b00005f0b0000730b00008d0b0000ed0c0000310e00007b13000011140000
3c14000060140000ab1700002b1f0000551f00007f1f0000d51f00005c200000d22100002422000037220000a5220000
21230000b5230000452700007827000067280000e9280000b6290000da2900007c0a0000e60a0000f30a00002d130000
ca1300004c17000077170000f3190000121a00002a1a00008f290000cc290000d100000001010000b1010000f1010000
99020000ed020000600d0000b40d0000461500004218000014270000282700000a010000e501000036030000b1050000
480600006a090000b30900007c0a0000ca0a0000e60a0000f30a0000370b00005f0b0000730b00008d0b00006e0c0000
080e00002d1300007b130000ca130000111400003c1400006014000022150000941500004c17000077170000ab170000
f3190000121a00002a1a00002b1f0000551f00007f1f0000d2210000242200003722000089220000f822000033230000
70270000b827000067280000e92800008f290000b6290000cc290000da290000433b0000933b0000af3b0000bd3b0000
033c00002b3c0000d23c0000223d0000b03d0000f33d00007f3e0000a53e0000ad130000e5140000b0200000ee200000
e821000050220000b424000073260000a7260000c1260000732f0000f7370000ba3a0000b23c0000673f0000d43f0000
fc3f000014400000420d0000d110000069140000921f000040220000f622000042230000522300004700000055000000
0c02000086050000fc0500007c06000098080000fa0900009d0b0000c10b00008e0c0000f61700009e1f00008c220000
cb22000053230000fd02000036030000740400001f05000048060000cf060000c00800006a090000730b0000a60b0000
e50b0000f20b0000360c00005e0c00006e0c0000080e0000d00f0000971200003c1400008f140000d6140000be170000
731a0000fc1c0000c81f000037220000be2200003323000071230000b9230000a4240000cf240000002500001f250000
d4250000fe2500004426000096260000aa260000d1260000e7260000f526000032270000e1270000542800003f2d0000
632f00008e2f00001c300000783200009a32000016380000443800008b3a0000dd3a0000174000003d4000005c170000
01220000372400008c29000052310000e24000004f41000077410000d60d00003a0e0000d110000069140000d31d0000
921f0000182000001d20000065200000402200000f270000260000009b000000c30000007a010000a2010000b5010000
48020000d1020000e4020000620300008603000086050000fc0500007c06000098080000fa0900009d0b0000c10b0000
641d0000df1d00009e1f0000122700000a0100006b030000740400001f050000b1050000cc0500006f0600005a070000
30090000a6090000b3090000220a00008d0b0000a60b00008e10000019110000f51100006b1200006014000094150000
ab170000451900002f1b0000f51c0000191f0000d51f0000602000003b22000089220000f822000032270000e1270000
54280000fe2900000b2a00004f2a0000772a0000a42a0000eb2a00003f2b0000c02b0000042c00002b2c0000412c0000
4f2c00007a2c0000ed2c00004c2e000064300000c23000001131000042360000df360000db380000503a000092410000
b84100005b0e00002a160000792000003831000052310000b5310000593200000433000073010000d901000091080000
cd080000d11000008c150000761600001820000099270000a0280000050f0000740f00006b100000bf10000025110000
b4120000ca14000062160000121e0000542100001e250000e42a00002b2b0000a62d0000d93000001e3100004f320000
9932000020030000120900007e160000f02b00008e3100002a16000052310000b5310000043300000202010101010101
020202020202020201010101010201010101010101010101010101010101010101010101010101010101010101010101
010101010101010101010101010101010101010101010101010101010101010101010101010101010201010101010101
010101010101010101010101010101010101010101010101010101010101010101010101010101010101010101010101
010101010101010101010101010101010101010201010101010101010101010101010101010101010101010101010101
010101010101010101010101010101010101010101010102010101010101010101010101010101010101010101010101
010101010101010101010101010101010101010101010101010101010101010101010101010101010101010101010101
010101010101010101010101010101010101010101010101010101010101010101010101010101010101010101010101
010101010201010101010101010101010101010101010101010101010101010101010202020201020101010101020201
010101010101010101010101010101020101010101010101010101010101010101010101010101010101010101010101
010101010101010101010101010101010101010101010101010101010101010101010101010101010101010101010101
010101010101010101010201010101010101010101010101010101010101010101010101010101010101010101010101
010101010101010101010101010101010101010101010101010101010101010101010101010101010101010101010101
010101010101010101010101010101010101010101010101010101010101010101010101010101010101010101010101
010101010101010101010101010101010101010101010101010101010101010101010101020101010101010101010101
010101010101010101010101010101010101010101010101010101010101010101010101010101010101010101010101
010101010101010101010101010101010101010101010101010101010101010101010201010101010101010101010102
010101010101010101010101010101010101010101010101010101010101010101010101010101010101010101010102
010101010101010101010101010101010101010101010101010101010101010101010101010101010101010101010101
010101010101010101010101010101010101010101010101010101010101010101010101010101010101010101010101
010101010101010101010101010101010101010101010101010101010101010101010101010101010101010101010101
010101010101010101010101010101010101010101010101010101010101010101010101010101010101010101010101
010101010101010101010101010101010101010101010101010101010101010101010101010101010101010101010101
010101010101010101010101010101010101010101010101010101010101010101010101010101010101010101010101
010101010101010101010101010101010101010101010101010101010101010101010101010101010101010101010101
010101010101010101010101010101010101010101010101010101010101010101010101010101010101010101010101
010101010101010101010101010101010101010101010101010101010101010101010101010101010101010101010101
010101010101010101010101010101010101010101010101010101010101010101010101010101010101010101010101
010101010101010101010101010101010101010101010101010101010101010101010101010101010101010101010101
010101010101010101010101010101010101010101010101010101010101010101010101010101010101010101010101
010101010101010101010101010101010101010101010101010101010101010101010101010101010101010101010101
010101010101010101010101010101010101010101010101010101010101010101010101010101010101010101010101
010101010101010101010101010101010101010101010101010101010101010101010101010101010101010101010101
010101010101010101010101010101010101010101010101010101010101010101010101010101010101010101010101
010101010101010101010101010101010101010101010101010101010101010101010101010101010101010101010101
010101010101010101010101010101010101010101010101010101010101010101010101010101010101010101010101
010101010101010101010101010101010101010101010101010101010101010101010101010101010101010101010101
010101010101010101010101010101020101010101010101010101010101010101010101010101010101010101010101
010101010101010101010101010101010101010101010101010101010101010101010101010101010101010101010101
010101010101010101010101010101010101010101010101010101010101010101010101010101010101010101010101
010101010101010101010101010101010101010101010101010101010101010101010101010101010101010101010101
010101010101010101010101010101010101010101010101010101010101010101010101010101010101010101010101
010101010101010101010101010101010101010101010101010101010101010101010101010101010101010101010101
010101010101010101010101010101010101010101010101010101010101010101010101010101010101010101010101
010101010101010101010101010101010101010101010101010101010101010101010101010101010101010101010101
010101010101010101010101010101010101010101010101010101010101010101010101010101010101010101010101
010101010101010101010101010101010101010101010101010101010101010101010101010101010101010101010101
010101010101010101010101010101010101010101010101010101010101010101010101010101010101010101010101
010101010101010101010101010101010101010101010101010101010101010101010101010101010101010101010101
010101010101010101010101010101010101010101010101010101010101010101010101010101010101010101010101
010101010101010101010101010101010101010101010101010101010101010101010101010101010101010101010101
010101010101010101010101010101010101010101010101010101010101010101010101010101010101010101010101
010101010101010101010101010101010101010101010101010101010101010101010101010101010101010101010101
010101010101010101010101010101010101010101010101010101010101010101010101010101010101010101010101
010101010101010101010101010101010101010101010101010101010101010101010101010101010101010101010101
010101010101010101010101010101010101010101010101010101010101010101010101010101010101010101010101
010101010101010101010101010101010101010101010101010101010101010101010101010101010101010101010101
010101010101010101010101010101010101010101010101010101010101010101010101010101010101010101010101
010101010101010101010101010101010101010101010101010101010101010101010101010101010101010101010101
010101010101010101010101010101010101010101010101010101010101010101010101010101010101010101010101
010101010101010101010101010101010101010101010101010101010101010101010101010101010101010101010101
010101010101010101010101010101010101010101010101010101010101010101010101010101010101010101010101
010101010101010101010101010101010101010101010101010101010101010101010101010101010101010101010101
010101010101010101010101010101010101010101010101010101010101010101010101010101010101010101010101
010101010101010101010101010101010101010101010101010101010101010101010101010101010101010101010101
010101010101010101010101010101010101010101010101010101010101010101010101010101010101010101010101
010101010101010101010101010101010101010101010101010101010101010101010101010101010101010101010101
010101010101010101010101010101010101010101010101010101010101010101010101010101010101010101010101
010101010101010101010101010101010101010101010101010101010101010101010101010101010101010101010101
010101010101010101010101010101010101010101010101010101010101010101010101010101010101010101010101
010101010101010101010101010101010101010101010101010101010101010101010101010101010101010101010101
010101010101010202020202010202010101010102020201010101010202010102010102010101010101010101010102
020102020202020101010101010101010101010101010101010101010101010101010101010101010101010101010201
010101010101010101010101010101010101010101010101010101010101010101010101010101020101010101010101
010101010101010101010101010101010101010101010201010101010101010201010101010101010101010101010101
010201010101010101010101010101020101020101010101010201010101010101010101010101010101010101010101
010101010101010201010101010101010101010101010101010101010101010101010101010101010101010101010101
010101010101010201010101010101010101010101010101010101010101010101010101010101010101010102010101
010101010101010101010101010101010101010101010101010101010101010101010101010101010101020201020202
010102010201010101010101010101010101010101010101010101010101010101010101010101010101010101010101
010101010101010101010101010101010101010101010101010101010102010101020101010201010101010101020201
010101010101010101020101010101010101010101020101010101010101010101010101010101010101010101010101
010101010101010101020101010101010101010101010101010101010101010101010101010101010101010102010101
010101010101010101010101010101010101010101010101010101010101010101010101010101010101010101010101
010101010101010101010101010101010101010101010101010101010101010101010101010101010101010101010101
010101010101010101010101010101010101010101010101010101010101010101010101010101010101010101010102
010101010101010101010101010101010101010101010101010101010101010101010101010101010101010101010101
010101010101010101010101010101010101020101010101010101010101010101010101010101010101010101010101
010101010101010101010101010101010101010101010101010101010101010101010101010101010101010101010101
010101010101010101010101010101010102010101010101010101010101010101010101010101010101010101010101
010101010101010101010101010101010101010101010101010101010101010101010101010101010101010101010101
010101010101010101010101010101010101010101010101010101010101010101010101010101010101010101010101
010101010101010101010101010101010101010101010101010101010101010102010101010101010101010101010101
010101010101010101010101010101010101010101010101010101010101010101010101010101010101010101010101
010101010101010101010101010101010101010101010101010101010101010101010201010101010101010101010101
010101010101010101010101010101010101010101010101010101010101010101010101010101010101010101010101
010101010101010101010101010101010101010101010101010101010102010101010101010101010101010101010101
010101010101010101010101010101010101010101010101010101010101010101010101010101010101010101010101
010101010101010101010101010101010101010101010101010101010101010101010101010101010101010101010101
010101010101010101010101010101010101010101010101010101010101010101010101010101010101010101010101
010101010101010101010101010101010101010101010101010101010101010101010101010101010101010101010101
010101010101010101010101010101010101010101010101010101010101010101010101010101010101010101010101
010101010101010101010101010101010101010101010101010101010101010101010101010101010101010101010101
010101010101010101010101010101010101010101010101010101010101010101010101010101010101010101010101
010101010101010101010101010101010101010101010101010101010101010101020201010202020201020101010101
010101010101010101010101010101010101010101010101010101010101010101010101010101010101010101010101
010101010101010201020101010102010101010101020101020101010101010101010201010101010101010101010201
010101010101010101010101010101010101010101010101010101010101010101010101010101010101010101010101
010101010101010101010101010101010101010101010101010101010101020101010101010101010101010101010101
010101010101010101010101010101010101010101010101010101010101010101010101010101010101010101010101
010101010101010101010101010101010101010101010102010101010101010101010101010101010101010101010101
010101010101010101010101010101010101010101010101010101010101010201010101010101010101010101010101
010101010101010101010101010101010201010101010101010101010101010101010101010101010101010101010101
010101010101010101010101010101010101010101010101010101010101010101010101010101010101010101010101
010101010101010101010101010101010101010101010101010101010101010101010101010101010101010101010101
010101010101010101010101010101020101010101010101010101010101010101010101010101010101010101010101
010101010101010101010101010101010101010101010101010101010101010101010101010101010101010101010101
010101010101010101010101010101010101010101010101010101010101010101010101010101010101010101010101
010101010101010101010101010101010101010101010101010101010101010101010101010101010101010101010101
010101010101010101010101010101010101010101010101010101010101010101010101010101010101010101010101
010101010101010101010101010101010101010101010101010101010101010101010101010101010101010101010101
010101010101010101010101010101010101010101010101010101010101010201010101020101010101010101020101
010101010101010101010101010101010101010101010101010101010101010102010101010101010101010101010101
010101010101010101010101010101010101010101010101010101010101010101010101010101010101010101010101
010101010101010101010101010101010101010201010101010101010101010101010101010101010101010101010101
010101010101010101010101010101010101010101010101010101010101010101010101010101010101010101010101
010101010101010102010101010101010101010101010101010101010101010101010101010101010101010101010101
010101010101010101010101010101010101010101010101010101010101010101010101010101010101010101010101
010101010101010101010101010101010101010101010101010101010101010101010101010101010101010101010101
010101010101010101010201010101010101010101010101010101010101010101010101010101010101010101010101
010101010101010101010101010101010101010101010101010101010101010101010101010101010101010101010101
010101010101010101010101010101010101010101010101010101010101010101010101010101010101010101010101
010101010101010101010101010101010101010101010101010101010101010101010201010102010101010101010101
010102010101010101010102010101010101010101010101010102010101020101010101010101010102010101010101
010101010101020101010101010101010101010101010101010201010101010102010201010101010101010101010101
010101010101010101010101010101010101010101010101010101010101010101010101010101010101010101010101
010101010101010101010101010101010101010101010101010101010101010101010101010101010101010101010101
010101010101010102010101020101010101010101020101010101010102010101010101010101010101010101020101
020101010101010101010101010101010101010101010101010101010101010101010101010101010101010101010101
010101010101010101010101010101010101010101010101010101010101010101010101010101010101010101010101
010101010101010101010101010101010101010101010101010101010101010101010101010101010101010101010101
010101010101010101010101010101010201010101010102010101010101010101010101010101010101010101010201
010102010201010101010101010101010101010101010101010101010101010101010101010101010101010101010101
010101010101010101010101010101010101010101010101010101010101010101010101010101010101010101010101
010101010101010101010101010101010101010201010101010101010201010101010101010201010101010101010102
010101010101010101010101010101010101010101010101010101010101010201020101010101010101010101010102
010101010101010101020101010101010101010101010101010101010101010201020101010101010201010101010101
010101010101010101010101010101010101010101010101010101010101010101010101010101010101010101010101
010101010101020202020201010101010101010101010201010101010101010101010101010101010102010101020101
010101010101010101010101010101020102010101010101010101010101010101010101010101010101020101020101
010101010101010101010101010101010101010101010101010101010101010101020102010101010101010101010101
010101010101010101010101010101010101010101010201020101010101010101010101010101010102010101010102
010102010101010101010101010101010101010101010101010101010101010101010101010101010101010101010101
010101010101010201010102020101010101010102010101010201010101020201010101010101010101010101010101
010101010101010101010101010101010101010101010101010101010101010101010101010101010101010101010201
010101020101020101010101020101010101010101010102010101010101010101010101010101010101010101010101
010101010101010101010101010101010101010101010101010101010101010101010101010101010101010101010102
010201010102010101010201010101010101010102010101010101010101010101010101010101010101020101010101
020101010102010101010101010201010101010101010101020101010101010101010101010101010101010101010101
010201010102010201010101010101010201010101010101010102010101010101010101010101010101010101010101
010101010101010101010101010201010101010101010101010101010101010101020101010101010101010101010101
010101010101010101010101010101010101010101010101010101010101010101010101010101010101020102010101
020101010101020101010101010101010201010101010101010101010101010101010101010101010101010101010101
010101010101010101010101010101010101010101010101010101010201010102010201010101020101010101010201
010101010102010101010101010101010101010101010101010101010101010101010101010101010101010101010101
010101010101010101010102010101010201020101010101010101020101010101010101010102010101010101010101
010101010101010101010101010101010101010201010101010101010101010101010101010101010101010101010101
010101010101010101010101010101010101010101010201010102010101010101010101010201010101010101010101
010101010101010101010101010101010101010101010101010102010101020101010101010101020101010101010101
010101010101010101010101010101010101010101010101010101010101010102010101010101020101010101010102
010101010101010101010101010101010101010101010101010101010101010101010102010101010102010102010101
010102010101010101020101020201010101010101010101010101010101010101010101010101010101010101010102
010101020102010101010101010101020101010101010101010201010101010101010101010101010101010101010101
010101020101010101010102010201010102010101010101010101020101010101010101010101010101010101010101
010101010101010101010101010101010101010101010101010101010101010101010101010101010101010201010101
010101010102010201010201010101010101010101020101010101010101010101010101010101010101010101010101
010101010101010101010101010101010101010101010101010101010101010101010101010101010201020101010102
010101010101010101010201010101010101020101010101010101010101010101010101010101010101010101010101
010101010101010101010101010101010101010101010101010101010101010101010101010101010101010101010101
010101010101010101010101010101010101010101010101010101010101010101010101010101010101010101010101
010101010101010101010101010101010101010101010101010101010101010101020102010101020101010101010102
010101010101010102010101010101010101010101010101010101010101010101010102010102010102010101020101
010101010102010101010101010101010101010101010101010101010101010101010101010101010101010101010101
010101010101010101010101010101010101010101020101010201010101010101010201010102010101010101010101
010201010101010101010101010101010101010101010101010101010101010101010101010101010101010101010101
010101010101010101010101010101010101010102010201010101010101010101010201010102010101010101010101
020101010101010101010101010101010101010101010101010101010101010101010101010101010101010101010101
010101010101010101010101010101010101010101010101010101010101010101010101010101010101010101010101
010101010101010101010101010101010101010101010101010101010101010101010101010101010101010101010101
010101010101010101010101010101010101010101010101010101010101010101010101010101010101010101010101
010101010101010101010101010101010101010101010101010101010101010101010101010101010101010101010101
010101010101010101010101010101010101010101010101010101010101010101010101010101010101010101010101
010101010101010101010101010101010101010101010101010101010101010101010101010101010101010101010101
010101010101010101010101010101010101010101010101010101010101010101010101010101010101010101010101
010101010101010101010101010101010101010101010101010101010101010101010101010101010101010101010101
010101010101010101010101010101010101010101010101010101010101010101010101010101010101010101010101
010101010101010101010101010101010101010101010101010101010101010101010101010101010101010101010101
010101010101010101010101010101010101010101010101010101010101010101010101010101010101010101010101
010101010101010101010101010101010101010101010101010101010101010101010101010101010101010101010101
010101010101010101010101010101010101010101010101010101010101010101010101010101010101010101010101
010101010101010101010101010101010101010101010101010101010101010101010101010101010101010101010101
010101010101010101010101010101010101010101010101010101010101010101010101010101010101010101010101
010101010101010101010101010101010101010101010101010101010101010101010101010101010101010101010101
010101010101010101010101010101010101010101010101010101010101010101010101010101010101010101010101
010101010101010101010101010101010101010101010101010101010101010101010101010101010101010101010101
010101010101010101010101010101010101010101010101010101010101010101010101010101010101010101010101
010101010101010101010101010101010101010101010101010101010101010101010101010101010101010101010101
010101010101010101010101010101010101010101010101010101010101010101010101010101010101010101010101
010101010101010101010101010101010101010101010101010101010101010101010101010101010101010101010101
010101010101010101010101010101010101010101020101010101010101010101010101010101010101010101010101
010101020101010101010101010101010101010101010101010101010102010101020101010101010102010101010101
010101010101010101010101010101010101010101010101010101010201010101010101010101010101010101010101
010101010201010101010101020101010101010101010101010101010102010101010101010101010101010101010101
010101010101010101010101010101010101010101010101020101010101010101010101010101010101010101010101
010101010101010101010101010102010101010101010101010101010101010101010101010101010101010101010101
010101010101010202010101010101010101010101010101010101010201010101010101010101010101010101010101
010101010101010101010101010101010101010101010101010101010101010101010101010101010101010101010101
010101010101010101010101010101010101010101010101010101010101010101010101010101010101010101010101
010101010101010101010101010101010101010101010101010101010101010101010101010101010101010101010101
010101010101010101010101010101010101010101010101010101010101010101010101010101010101010101010101
010101010101010101010101010101010101010101010101010101010101010101010101010101010101010101010101
010101010101010101010101010101010101010101010101010101010101010101010101010101010101010101010101
010101010101010101010101010101010101010101010101010101010101010101010101010101010101010101010101
010101010101010101010101010101010101010101010101010101010101010101010101010101010101010101010101
010101010101010101010101010101010101010101010101010101010101010101010101010101010101010101010101
010101010101010101010101010101010101010101010101010101010101010101010101010101010101010101010101
010101010101010101010101010101010101010101010101010101010101010101010101010101010101010101010101
010201010101020102010101010101010201020101010101010101010101020101010101010201010101010101010101
010101010101010101010101010101010101010101010101010101010101010101010101010101010101010101010101
010101010101010101010101010101010101010101010101010101010101010101010101010101010101010101010101
010101010101010101010101010101010101010101010101010101010101010101010101010101010101020101010101
010101010101010101010101010101010101010101010101010101010101010101010101010101010101010101010101
010101010101010101010101010101010101010101010101010101010101020101010101010101010101010101010101
010101010101010101010101010101010101010101010101010101010101010101010101010101010101010101010101
010101010101010101010101010101010101010101010101010101010101010101010101010101010101010101010101
010101010101010101010101010101010101010101010201010101010101010101010101010101010101010101010101
010101010101010101010101010101010101010101010101010101010101010101010101010101010101010101010101
010101010101020201010101010101020101010101010202010101010101010101010101010101010101010101010101
010101010101010101010101010101010101010101010101010101010101010101010101010101010101010101010101
010101010101010101010101010101010101010201010101020101010101010101010101010101010101010101010101
010101010101010101010101010101010101010101010101010101010101010101010101010101010101010101010101
010101010101010101010101010101010101020101010201010101010101010101010101010101010101010101010101
010101010101010101010101010101010101010101010101010101010101010101010101010101010101010101010101
010101010101010101010101010102010101010101020101010101010101010101010101010101010101010101010101
010101010101010101010101020101020101010101010101010101010101010101010101010101010101010101010101
010101010101010101010101010101010101010101010101010101010101010101010101010101010101010101010101
010101010101010101010101010101010101010101010101010101010101010101010101010101010101010101010101
010101010101010101010101010201010101010101010101010101010101010101010101010101010101010101010101
010101010101010101010101010101010101010101010101010101010101010101010101010101010101010101010101
010101010101010101010101010101010101010101010101010101010101010101010101010101010101010101010101
010101010101010101010101010101010101010101010101010101010101010101010101010101010101010101010101
010101010101010101010101010101010101010101010101010101010101010101010101010101010101010101010101
010101010101010101010101010101010101010101010101010101010101010101010101010101010101010101010101
010101010101010101010101010101010101010101010101010101010101010101010101010101010101010101010101
010101010101010101010101010101010101010101010101010101010101010101010101010101010101010101010101
010101010101010101010101010101010101010101010101010101010101010101010101010101010101010101010101
010101010101010101010101010101010101010101010101010101010101010101010101010101010101010101010101
010101010101010101010101010101010101010101010101010101010101010101010101010101010101010101010101
010101010101010101010101010101010101010101010101010101010101010101010101010101010101010101010101
010101010101010101010101010101010101010101010101010101010101010101010101010101010101010101010101
010101010101010201010101010101010101010101010101010102010101010101010101010101010101010101010101
010101010101010101010101010101010101010101020101010101010101010101010101010101010101010101010101
010101010101010101010101010101010101010101010101010101010101010101010101010101010101010101010101
010101010101010101010101010101010101010101010101010101010101010101010101010101010101010101010101
010101010101010101010101010101010101010101010101010101010101010101010101010101010101010101010101
010101010101010101010101010101010101010101010101010101010101010101010101010101010101010101010101
010101010101010101010101010101010101010101010101010101010101010101010101010101010101010101010101
010101010101010101010101010101010101010101010101010101010101010101010101010101010101010101010101
010101010101010101010101010101010101010101010101010101010101010101010101010101010101010101010101
010101010101010101010101010101010101010101010101010101010101010101010101010101010101010101010101
010101010101010101010101010101010101010101010101010101010101010101010101010101010101010101010101
010101010101010101010101010101010101010101010101010101010101010101010101010101010101010101010101
010101010101010101010101010101010101010101010101010101010101010101010101010101010101010101010101
010101010101010101010101010101010101010101010101010101010101010101010101010101010101010101010101
010101010101010101010101010101010101010101010101010101010101010101010101010101010101010101010101
010101010101010101010101010101010101010101010101010101010101010101010101010101010101010101010101
010101010101010101010101010101010101010101010101010101010101010101010101010101010101010101010101
010101010101010101010101010101010101010101010101010101010101010101010101010101010101010101010101
010101010101010101010101010101010101010101010101010101010101010101010101010101010101010101010101
010101010101010101010101010101010101010101010101010101010101010101010101010101010101010101010101
010101010101010101010101010101010101010101010101010101010101010101010101010101010101010101010101
010101010101010101010101010101010101010101010101010101010101010101010101010101010101010101010101
010101010101010101010101010101010101010101010101010101010101010101010101010101010101010101010101
010101010101010101010101010101010101010101010101010101010101010101010101010101010101010101010101
010101010101010101010101010101010101010101010101010101010101010101010101010101010101010101010101
010101010101010101010101010101010101010101010101010101010101020101010101010101010101010101010101
010101010101010101010101010101010101010101010101010101010101010101010101010101010101010101010101
010101010101010101010101010101010101010101010101010101010101010101010101010101010101010101010102
010101010101010101010101010101010101010101010101010101010101010101010101010101010101010102010101
010101010101010101010101010101010101010101010101010101010101010101010101010101010101010101010101
010101010101010101010101010101010101010101010101010101010101020101010101010101010101010101010101
010101010101010101010101010101010101010101010101010101010101010101010101010101010101010101010101
010101010101010101010101010101010101010101010101010101010101010101010101010101010101010101010101
010101010101010101010101010101010101010101010101010101010101010101010101010101010101010101010101
010101010101010101010101010101010101010101010101010101010101010101010101010101010101010101010101
010101010101010101010101010101010101010101010101010101010101010101010101010101010101010101010101
010101010101010101010101010101010101010101010101010101010101010101010101010101010101010101010101
010101010101010101010101010101010101010101010101010101010101010101010101010101010101010101010101
010101010101010101010101010101010101010101010101010101010101010101010101010101010101010101010101
010101010101010101010101010101010101010101010101010101010101010101010101010101010101020202020102
010101010102020101010101010101010101010101010101010101010101010101010101010101010101010101010101
010101010101010101010101010101010101010101010101010101010101010101010101010101010101010101010101
010101010201010101010101010101010101010101010101010101010201010101010101010101010101010101010101
010101010101010101010101010101010101010101010101010101010101010101010101010101010101010101010101
010101010101010101010101010101010101010101010101010101010101010101020101010101010101010101010101
010101010101010101010101010101010101010101010101010101010101010101010101010101010101010101010101
010101010101010101010101010101010101010101010101010101010101010101010101010101010101010101010101
010101010101010101010101010101010101010101010101010101010101010101010101010101010101020101010101
010101010101010101010101010101010101010101010101010101010101010101010101010101010102010101010101
010101010101010101010101010101010101010101010101010101010101010101010101010101010101010101010101
010101010101010101010101010101010101010101010101010101010101010101010101010101020101010101010101
010101010101010101010101010101010101010101010101010101010101010101010101010101010101010101010101
010101010101010101010101010101010101010101010101010101010101010101010101010101010101010101010101
010101010101010101010101010101010101010101010101010101010101010101010101010101010101010101010101
010101010101010101010101010101010101010101010101010101010101010101010101010101010101010101010101
010101010101010101010101010101010101010101010101010101010101010101010101010101010101010101010101
010101010101010101010101010101010101010101010101010101010101010101010101010101010101010101010101
010101010101010101010101010101010101010101010101010101010101010101010101010101010101010101010101
010101010101010101010101010101010101010101010101010101010101010101010101010101010101010101010101
010101010101010101010101010101010101010101010101010101010101010101010101010101010101010101010101
010101010101010101010101010101010101010101010101010101010101010101010101010101010101010101010101
010101010101010101010101010101010101010201010101010101010101010101010101010101010101010101010101
010101010101010101010101010101010101010101010101010101010101010101010101010101010101010101010101
010101010101010101010101010101010101010101010101010101010101010101010101010101010101010101010101
010101010101010101010101010101010101010101010101010101010101010101010101010101010101010101010101
010101010101010101010101010101010101010101010101010101010101010101010101010101010101010101010101
010101010101010101010101010101010101010101010101010101010101010101010101010101010101010101010101
010101010101010101010101010101010101010101010101010101010101010101010101010101010101010101010101
010101010101010101010101010101010101010101010101010101010101010101010101010101010101010101010101
010101010101010101010101010101010101010101010101010101010101010101010101010101010101010101010101
010101010101010101010101010101010101010101010101010101010101010101010101010101010101010101010101
010101010101010101010101010101010101010101010101010101010101010101010101010101010101010101010101
010101010101010101010101010101010101010101010101010101010101010101010101010101010101010101010101
010101010101010101010101010101010101010101010101010101010101010101010101010101010101010101010101
010101010101010101010101010101010101010101010101010101010101010101010101010101010101010101010101
010101010101010101010101010101010101010101010101010101010101010101010101010101010101010101010101
010101010101010101010101010101010101010101010101010101010101010101010101010101010101010101010101
010101010101010101010101010101010101010101010101010101010101010101010101010101010101010101010101
010101010101010101010101010101010101010101010101010101010101010101010101010101010101010101010101
010101010101010101010101010101010101010101010101010101010101010101010101010101010101010101010101
010101010101010101010101010101010101010101010101010101010101010101010101010101010101010101010101
010101010101010101010101010101010101010101010101010101010101010101010101010101010101010101010101
010101010101010101010101010101010101010101010101010101010101010101010101010101010201010101010101
010101010101010101010101010101010101010101010101010101010101010101010101010101020102010201010101
010101010101010101010101010101010101010101010101010101010101010101010101010101010101010101010101
010101010101010101010101010101010101010101010101020101010101010101010101010101010101010101010101
010101010101010101010101010101010101010101010101010101010101010101010101010101010101010101010101
010101010101010201020102020101010101010101010101010101020101010101010101010101010101010101010101
010101010101010101010101010101010101010101010101010101010101010101010101010101010101010101010101
010101010101010101010101010101010101010101010101010101010101010101010101010101010101010101010101
010101010101010101010101010101010101010101010101010101010101010101010101010101010101010101010101
010101010101010101010101010101010101010101010101010101010101010101010101010101010101010101010101
010101010101010101010101010101010101010101010101010101010101010101010101010101010101010101010101
010101010101010101010101010101010101010101010101010101010101010101010101010101010101010101010102
010101010101010201010101010101010101020201010101010101010101010101010101010101010201010101010101
010101010101010101010101010101010101010101010101010101010101010101010101010101010101010101010101
010101010101010101010101010101010101010101010101010101010101010101010101010101010101010101010101
010101010101010101010101010101010101010101010101010101010101010101010101010101010101010101010101
010101010101010101010101010101010101010101010101010101010101010101010101010101010101010101010101
010101010101010101010101010101010101010101010101010101010101010101010101010101010101010101010101
010101010101010101010101010101010101010101010101010101010101010101010101010101010101010101010101
010101010101010101010101010101010101010101010101010101010101010101010101010101010101010101010101
010101010101010101010101010101010101010101010101010101010101010101010101010101010101010101010101
010101010101010101010101010101010101010201020101010101010101010101010101010101020201010101010101
010101010101010101010201010101010101010101010101010101010101010101010101010101010101010101010101
010101010101010101010101010101010101010101010101010101010101010101010101010101010101010101010101
010101010101010101010101010101010101010101010101010101010101010101010101010101010101010101010101
010101010101010101010101010101010101010101010101010101010101010101010101010101010101010101010101
010101010101010101010101010101010101010201010101010101010101010101010101010101010101010101010101
010101020101010101010101010101010102010201010101010101010101020101010101010101010101010101010101
010101010101010101010102010102010101010101010101020101010101020202010102010101010101010101010201
010101010101010101010101010101010101010101010101010101010101010101010101010101010101010101010101
010101010101010101010101010102010101010101010101010101010101010101010101010101010101010101010101
010202010101010101010101010101010101010101010102010101010101010101010101010101010101010101010101
010101010101010101010101010101010101010101010101010101010101010101010101010201010101010101010101
010101010101010101010101010201010101010101010101010101010101010101010101010101010101010101010101
010101020201010101010101010101010101010101010201010101010101010101010101010101010101010101010101
010101010101010101010101010101010101010101010101010101010101010101010101010101010101010101010101
010101010101010101010101010101010101010101010101010101010101010101010101010101010101010101010101
010101010101010101010101010101010101010101010101010101010101010101010101010101010101010101010101
010101010101010101010101010101010101010101010101010101010101010101010101010101010101010101010101
010101010101010101010101010101010101010101010101010101010101010101010101010101010101010101010101
010101010101010101010101010101010101010101010101010101010101010101010101010101010201010101010101
010101010101010101010101010101010101010101010101010101010101010101010101020201010101010101010101
010101010101010101010101010101010101010101010101020102010101010101010101010101010101010101010101
010101010101020101010101020101010101010101010101010101010101010101010101010101010101010101010101
010101010101010101010101010101010101010101010101010101010101010101010101010101010101010101010101
010101010101010101010101010101010101010101010101010101010101010101010101010101010101010101010101
010101010101010101010101010101010101010101010101010101010101010101010101010101010101010101020101
010101010101010101010101010102010201010101010101010101010101010101010101010101010101010101010101
010101010101020101020101010201010101010101010101010101010101010101010101010101010101010101010101
010101010101010101010101010101010101010101010101010101010101010101010101010101010101010101010201
010101010101010101010101010101020101010101010101010101010101010101010101010101010101010101010101
010101010101010101010101010101010101010101010101010101010101010101010101010101010101010101010101
010101010101010101010201010101010101010101010101010101010101010101010101010101010101010101010101
010101010101010101010101010101010101010101010101010101010101010101010101010101010101010101010101
010101010101010101010101010101010101010101010101010101010101010101010101010101010201010101020101
010101010101010101010201010101010102010202010101010101010101010101010102010201010101010101010101
020101010101010101010101010101010101010101010101010102010201010101010101010101010101010101010101
010101010101010101010101010101010101010101010101010101010101010101010101010101010101010101010101
010101010101020101010101010101010101010101010101010101010101010101010101010101010101010101010101
010101010101010101010101010101010101010101010101010101010101010101010101010101010101010101010101
010101010101010101010101010101010101010101010101010101010101010101010101010101010101010101010101
010101010101010101010101010101010101010101010101010101010101010101010101010101010101010101010101
010101010101010101010101010101010101010101010101010101010101010101010101010101010101010101010101
010101010101010101010101010101010101010101010101010101010101010101010101010101010101010101010101
010101010101010101010101010101010101010101010101010101010101010101010101010101010101010101010101
010101010101010101010101010101010101010101010101010101010101010101010101010101010101010101010101
010101010101010101010101010101010101010101010101010101010101010101010101010101010101010101010101
010101010101010101010101010101010101010101010101010101010101010101010101010101010101010101010101
010101010101010101010101010101010101010101010101010101010101010101010101010101010101010101010101
010101010101010101010101010101010101010101010101010101010101010101010101010101010101010101010101
010101010101010101010101010101010101010101010101010101010101010101010101010101010101010101010101
010101010101010101010101010101010101010101010101010101010101010101010101010101010101010101010101
010101010101010101010101010101010101010101010101010101010101010101010101010101010101010101010101
010101010101010101010101010101010101010101010101010101010101010101
