4b52433130310000bf4100000024000000040000de7100000000000000000000000000000c000000000000000e000000
000000002100000000000000300000000000000045000000000000005000000000000000550000000000000056000000
000000005e000000000000006d00000000000000700000000000000071000000000000007c0000000000000095000000
000000009a00000000000000ab00000000000000b300000000000000c100000000000000c800000000000000d9000000
00000000dc00000000000000e500000000000000040100000000000009010000000000001e0100000000000021010000
000000002801000000000000310100000000000034010000000000003d010000000000004b0100000000000051010000
0000000060010000000000007e010000000000008a01000000000000a901000000000000ab01000000000000b0010000
00000000be01000000000000c401000000000000d7010000000000000102000000000000130200000000000016020000
000000003102000000000000430200000000000046020000000000004702000000000000520200000000000081020000
000000008902000000000000a402000000000000af02000000000000dc02000000000000e302000000000000e6020000
00000000040300000000000017030000000000002003000000000000290300000000000041030000000000006e030000
00000000750300000000000078030000000000009603000000000000c303000000000000d903000000000000eb030000
00000000ee03000000000000f70300000000000029040000000000003104000000000000510400000000000077040000
000000007e040000000000008104000000000000a104000000000000b704000000000000c004000000000000d9040000
000000000b0500000000000013050000000000002c050000000000003805000000000000560500000000000062050000
00000000660500000000000072050000000000008d050000000000009805000000000000b405000000000000c9050000
00000000d505000000000000e105000000000000fd050000000000001b06000000000000270600000000000042060000
000000005d0600000000000068060000000000008306000000000000a106000000000000ad06000000000000cc060000
00000000ce06000000000000d306000000000000e106000000000000e706000000000000fa0600000000000014070000
0000000018070000000000001a070000000000002d070000000000004c07000000000000510700000000000061070000
000000006f0700000000000075070000000000008507000000000000af07000000000000c107000000000000ee070000
00000000f107000000000000f8070000000000000b0800000000000014080000000000002f0800000000000041080000
0000000044080000000000004508000000000000480800000000000051080000000000005c0800000000000089080000
0000000090080000000000009308000000000000b108000000000000e008000000000000e80800000000000000090000
000000001b090000000000002609000000000000440900000000000069090000000000006e0900000000000071090000
000000008c090000000000008f090000000000009709000000000000b509000000000000df09000000000000f1090000
00000000f4090000000000000f0a000000000000210a000000000000240a000000000000250a000000000000300a0000
00000000600a000000000000680a000000000000860a000000000000920a000000000000ec0a000000000000fa0a0000
00000000000b000000000000420b000000000000680b0000000000007a0b0000000000008c0b000000000000bc0b0000
000000001c0c0000000000002a0c000000000000300c0000000000006c0c000000000000770c0000000000007c0c0000
000000007d0c000000000000850c000000000000940c000000000000970c000000000000980c000000000000a30c0000
00000000bc0c000000000000c10c000000000000d20c000000000000da0c000000000000e00c000000000000f20c0000
00000000f80c000000000000f90c000000000000040d000000000000220d0000000000002a0d000000000000460d0000
00000000680d0000000000006e0d000000000000980d0000000000009e0d000000000000b00d000000000000b60d0000
00000000d40d000000000000100e000000000000280e0000000000002c0e000000000000520e000000000000780e0000
000000007f0e000000000000820e000000000000a20e000000000000cf0e000000000000e10e000000000000e40e0000
00000000040f000000000000300f000000000000420f000000000000a60f000000000000b60f000000000000cb0f0000
00000000d70f000000000000e30f000000000000ff0f0000000000000b1000000000000017100000000000001b100000
000000003a1000000000000076100000000000008e10000000000000c410000000000000da10000000000000f4100000
00000000f810000000000000fa100000000000000d110000000000002b11000000000000371100000000000039110000
000000004c110000000000008a110000000000009411000000000000b011000000000000bc1100000000000010120000
0000000034120000000000003a12000000000000701200000000000094120000000000009a120000000000009c120000
00000000b2120000000000001013000000000000201300000000000056130000000000006c1300000000000099130000
00000000a013000000000000b713000000000000ba13000000000000c213000000000000e2130000000000000f140000
000000003f14000000000000461400000000000078140000000000008a140000000000008d1400000000000090140000
00000000a4140000000000000715000000000000171500000000000038150000000000005915000000000000d8150000
00000000ed15000000000000f61500000000000057160000000000006e16000000000000a016000000000000b4160000
00000000031700000000000066170000000000006e170000000000007e17000000000000cc17000000000000da170000
00000000e117000000000000f217000000000000f517000000000000fe170000000000001d1800000000000022180000
0000000037180000000000004518000000000000561800000000000059180000000000006d18000000000000ac180000
00000000c118000000000000e91800000000000018190000000000002119000000000000601900000000000067190000
0000000070190000000000008419000000000000b619000000000000d519000000000000141a000000000000191a0000
000000004b1a000000000000781a0000000000007f1a000000000000821a000000000000a01a000000000000fd1a0000
00000000211b000000000000271b000000000000651b000000000000ad1b000000000000ca1b000000000000551c0000
000000006d1c0000000000008b1c000000000000971c000000000000b21c000000000000d01c000000000000dc1c0000
00000000e81c000000000000221d0000000000007c1d0000000000009f1d000000000000ba1d000000000000f41d0000
00000000131e000000000000181e000000000000281e000000000000471e000000000000681e0000000000006d1e0000
00000000901e000000000000e71e000000000000f61e000000000000061f000000000000291f000000000000561f0000
00000000b31f000000000000ba1f0000000000000220000000000000262000000000000029200000000000002f200000
000000004c20000000000000d720000000000000ef200000000000000d210000000000004b210000000000005e210000
0000000067210000000000007e2100000000000087210000000000009e21000000000000b621000000000000c9210000
00000000d221000000000000de21000000000000172200000000000020220000000000002c2200000000000030220000
00000000472200000000000083220000000000009b22000000000000b322000000000000d3220000000000000c230000
00000000272300000000000042230000000000008a23000000000000a123000000000000da23000000000000f1230000
0000000048240000000000005f240000000000009b24000000000000b3240000000000000a250000000000000d250000
0000000014250000000000001d250000000000002025000000000000292500000000000037250000000000003d250000
000000004c250000000000004f2500000000000058250000000000005b25000000000000722500000000000082250000
0000000091250000000000009a25000000000000b525000000000000be25000000000000eb25000000000000f2250000
00000000fb2500000000000012260000000000004a2600000000000058260000000000005e260000000000006e260000
00000000a626000000000000b926000000000000c226000000000000cb26000000000000e326000000000000fb260000
0000000013270000000000001b270000000000005727000000000000a727000000000000c72700000000000014280000
000000003328000000000000492800000000000052280000000000006b2800000000000081280000000000008a280000
000000009628000000000000d728000000000000192900000000000034290000000000004d290000000000008e290000
000000009c29000000000000a229000000000000b229000000000000c029000000000000c629000000000000ce290000
00000000f629000000000000202a000000000000322a000000000000422a0000000000006a2a0000000000007d2a0000
00000000862a0000000000009e2a000000000000ee2a000000000000f72a0000000000000f2b000000000000172b0000
00000000372b000000000000842b000000000000a32b000000000000bb2b000000000000f72b000000000000262c0000
000000002d2c000000000000302c000000000000382c0000000000004f2c0000000000006c2c0000000000009c2c0000
00000000cc2c000000000000de2c0000000000003e2d000000000000452d000000000000482d0000000000004b2d0000
000000005b2d000000000000902d000000000000a52d000000000000c32d000000000000e12d000000000000692e0000
000000007e2e000000000000872e000000000000e02e000000000000402f000000000000482f000000000000582f0000
00000000a92f000000000000c02f000000000000f52f0000000000000a300000000000005c300000000000007a300000
000000008630000000000000a530000000000000a730000000000000ac30000000000000ba30000000000000c0300000
00000000d330000000000000f130000000000000fd300000000000003a310000000000003c310000000000004a310000
000000005d31000000000000af31000000000000d131000000000000d7310000000000000f320000000000002e320000
000000006b320000000000007032000000000000a332000000000000b132000000000000b732000000000000c5320000
00000000f83200000000000025330000000000002c330000000000002f330000000000004d330000000000009b330000
00000000b933000000000000be33000000000000ef330000000000006d340000000000008234000000000000c2340000
00000000dc340000000000000e3500000000000016350000000000002f35000000000000613500000000000094350000
000000009c35000000000000d535000000000000613600000000000079360000000000009236000000000000cb360000
00000000e636000000000000f1360000000000000c37000000000000273700000000000032370000000000003e370000
000000007b37000000000000cc37000000000000ec370000000000000738000000000000443800000000000071380000
00000000bf38000000000000dd380000000000005b39000000000000623900000000000065390000000000006a390000
000000007f39000000000000bf39000000000000d939000000000000f739000000000000283a0000000000004d3a0000
00000000773a000000000000893a000000000000e33a000000000000e83a000000000000eb3a000000000000ee3a0000
00000000fc3a000000000000223b000000000000343b0000000000004f3b0000000000006a3b0000000000007c3b0000
000000007f3b000000000000823b000000000000833b000000000000893b0000000000009b3b000000000000a63b0000
00000000053c000000000000133c000000000000193c000000000000543c000000000000843c0000000000008c3c0000
00000000943c000000000000c43c000000000000e23c000000000000003d0000000000000c3d0000000000004d3d0000
00000000583d0000000000005d3d000000000000633d0000000000007f3d000000000000803d000000000000863d0000
000000008e3d0000000000009d3d000000000000af3d000000000000b53d000000000000d73d000000000000da3d0000
00000000db3d000000000000dc3d000000000000e23d000000000000f43d000000000000fa3d000000000000053e0000
00000000103e0000000000004c3e000000000000643e000000000000683e0000000000008e3e000000000000a73e0000
00000000c53e000000000000ca3e000000000000e83e000000000000f93e000000000000013f000000000000093f0000
00000000333f000000000000873f000000000000ab3f000000000000b13f000000000000e73f0000000000000b400000
0000000011400000000000001340000000000000294000000000000087400000000000009740000000000000cd400000
00000000e340000000000000094100000000000036410000000000003d4100000000000069410000000000007b410000
000000007e4100000000000081410000000000009341000000000000f741000000000000074200000000000027420000
0000000047420000000000005c4200000000000068420000000000007442000000000000b042000000000000bc420000
00000000c842000000000000cc42000000000000e4420000000000001a4300000000000030430000000000004c430000
000000006b430000000000008543000000000000a343000000000000af43000000000000ed43000000000000f1430000
00000000f343000000000000f543000000000000ff430000000000001b4400000000000027440000000000003a440000
000000004d4400000000000077440000000000008944000000000000b644000000000000b944000000000000c0440000
00000000d344000000000000dc44000000000000f74400000000000009450000000000000c450000000000000d450000
00000000104500000000000019450000000000002445000000000000514500000000000058450000000000005b450000
000000007945000000000000a845000000000000b045000000000000c845000000000000e345000000000000ee450000
000000000c46000000000000364600000000000048460000000000005a46000000000000b446000000000000b7460000
00000000cc46000000000000e746000000000000f9460000000000000b47000000000000114700000000000034470000
000000003747000000000000384700000000000039470000000000003f4700000000000054470000000000005b470000
0000000066470000000000007147000000000000bf47000000000000dd47000000000000e24700000000000013480000
00000000424800000000000072480000000000007a48000000000000ae48000000000000c948000000000000d4480000
00000000e04800000000000021490000000000009149000000000000c449000000000000cd490000000000001d4a0000
00000000504a000000000000594a0000000000005c4a0000000000007d4a000000000000fa4a000000000000124b0000
00000000634b000000000000844b000000000000b14b0000000000000b4c000000000000124c0000000000005b4c0000
000000007e4c000000000000814c000000000000874c000000000000a54c000000000000254d0000000000003a4d0000
00000000584d000000000000994d000000000000ac4d000000000000b54d000000000000ca4d000000000000134e0000
000000001c4e000000000000314e000000000000384e000000000000564e000000000000964e000000000000b04e0000
00000000c84e000000000000fc4e000000000000294f000000000000774f000000000000954f00000000000015500000
000000001c500000000000001f5000000000000024500000000000003950000000000000795000000000000093500000
00000000b150000000000000e250000000000000f150000000000000005100000000000010510000000000005e510000
000000005f510000000000006d510000000000007e510000000000008e510000000000009451000000000000b6510000
00000000b751000000000000b851000000000000bc51000000000000ca51000000000000d051000000000000d9510000
00000000e351000000000000315200000000000053520000000000005752000000000000845200000000000096520000
00000000bc52000000000000be52000000000000df52000000000000e95200000000000016530000000000001a530000
000000003a530000000000003f530000000000005f530000000000008e53000000000000975300000000000099530000
00000000b453000000000000ec530000000000000f5400000000000068540000000000008b54000000000000e4540000
000000002555000000000000435500000000000049550000000000008555000000000000a355000000000000a9550000
00000000ab55000000000000c35500000000000006560000000000001456000000000000505600000000000068560000
000000008956000000000000aa56000000000000b556000000000000b756000000000000cf5600000000000019570000
000000003157000000000000e35700000000000025580000000000003158000000000000ad58000000000000d4580000
00000000fb5800000000000007590000000000005559000000000000075a000000000000495a000000000000555a0000
00000000d15a000000000000fa5a0000000000002a5b000000000000315b0000000000005f5b000000000000715b0000
00000000745b000000000000775b000000000000895b000000000000ed5b000000000000fd5b0000000000001a5c0000
000000003a5c0000000000006a5c0000000000007c5c0000000000008e5c000000000000915c000000000000a65c0000
000000000b5d0000000000002b5d000000000000b45d000000000000e75d000000000000f05d000000000000445e0000
00000000725e000000000000845e000000000000995e000000000000075f0000000000006b5f000000000000d05f0000
00000000e05f0000000000004e600000000000005d6000000000000066600000000000006f600000000000009d600000
00000000a660000000000000af60000000000000b260000000000000c460000000000000f26000000000000004610000
0000000016610000000000002b6100000000000034610000000000003d61000000000000406100000000000043610000
00000000556100000000000067610000000000007c610000000000009761000000000000b261000000000000ba610000
00000000ef610000000000001d620000000000002f6200000000000041620000000000009262000000000000c0620000
00000000d262000000000000e46200000000000035630000000000005e630000000000008e63000000000000a0630000
0000000004640000000000000b640000000000000e64000000000000116400000000000021640000000000004f640000
0000000061640000000000007e640000000000009e64000000000000ce64000000000000e064000000000000f2640000
0000000057650000000000005a650000000000006f650000000000008f6500000000000018660000000000004b660000
000000005466000000000000a8660000000000000c6700000000000071670000000000008167000000000000ef670000
000000001d680000000000002f680000000000004468000000000000b268000000000000f36800000000000011690000
000000003269000000000000e469000000000000ea69000000000000116a0000000000004d6a0000000000006b6a0000
000000008c6a000000000000976a000000000000d96a000000000000df6a000000000000e16a000000000000e36a0000
00000000ef6a000000000000166b000000000000226b0000000000003a6b000000000000526b000000000000046c0000
00000000466c000000000000526c000000000000ce6c000000000000116d0000000000005b6d000000000000696d0000
00000000b76d000000000000f36d0000000000000b6e000000000000236e0000000000009f6e000000000000af6e0000
00000000d66e000000000000dd6e000000000000e16e000000000000f26e000000000000f36e000000000000f56e0000
00000000fc6e000000000000ff6e000000000000086f0000000000002f6f000000000000406f000000000000426f0000
00000000586f0000000000006c6f0000000000007c6f000000000000926f000000000000a16f000000000000b06f0000
00000000b16f000000000000c26f000000000000c36f000000000000cc6f000000000000de6f000000000000e06f0000
00000000f06f000000000000f86f0000000000001070000000000000137000000000000023700000000000002b700000
000000004370000000000000467000000000000065700000000000007470000000000000777000000000000095700000
00000000a470000000000000a770000000000000a870000000000000b470000000000000d470000000000000db700000
00000000f97000000000000005710000000000002e710000000000003571000000000000387100000000000058710000
000000006771000000000000707100000000000079710000000000008b71000000000000b471000000000000bb710000
00000000be71000000000000de710000000000008408000073090000ca0b00007d0c0000950c00002b0e00005a140000
891f000040220000a7220000422300005b230000790b0000c92200001f050000b1050000810a0000a60b00002d0c0000
5e0c0000ed0c000063130000ab170000be220000b5230000a424000008250000ad260000e5260000632f000080320000
483b00001a400000480600002e0b00005f0b0000730b0000221500004c170000fb190000a5220000b427000054280000
92290000ca290000fa3b00002b3c0000823e00001f050000b105000027090000b3090000220a0000810a0000730b0000
ed0c000063130000d51f00005c20000037220000a5220000fe290000132a0000072c00003f2c000039360000db380000
483b000095410000fb0e0000e4150000ee270000f52f000098390000db390000623d0000a63d0000b53e00002f3f0000
93400000bc130000d01300006b170000181a0000a8290000ca29000020140000e8210000f6270000bf290000fd2f0000
0c3300004f3f000099400000df0d0000050e00005d100000ba120000fd13000029140000391400004a140000411f0000
02200000f1210000f5220000b52700005d280000e329000032270000542800009229000017270000380d0000d60d0000
0d0e0000401400005a140000fd220000252700008f270000bd27000063280000a8280000580d00001b0e00005d100000
ba120000bc130000d0130000fd13000029140000391400004a140000401500006b170000181a0000411f0000f1210000
0b2300003b2700005d280000a8290000e3290000c13c0000d93c00000d3d00003a3d0000913e0000b427000054280000
92290000ca290000823e00000f130000721400005a260000dc27000046280000582900008c290000a6290000872a0000
8d38000048390000a13a0000e83a0000013b00007c3e00001e3f0000ca4000002b0e0000401400005a1400001b230000
412700005a27000063280000a82800001a0400004b050000a70a0000de0a0000421600009f170000e8210000a6290000
172d000093300000e33e0000833f0000983f000099400000421600009f170000e8210000a6290000833f0000983f0000
99400000eb000000ab010000c0050000bd0600008f0b0000c90c0000f60c0000380d00000d0e0000401400007f150000
ba170000611a0000e222000090230000be2300000f270000e4020000b10b00008f220000380d00000d0e000040140000
7f150000ba170000611a000090230000be2300000f2700002f0d0000df0d00001b0e0000d30e0000740f000001100000
5d1000008a130000971300004a140000531400008114000095140000c2140000ee14000038220000142300003c230000
c324000025250000ea25000063260000c3260000fe260000cd270000822f0000a13200002f380000aa3a00009d3c0000
29400000ab170000b5230000ad260000e52600001a40000089010000fd0200005203000074040000480600006a090000
b20a00008d0b0000e50b0000fa0b000032130000ab170000b5230000cb25000044260000ad260000e52600000d380000
8b3a00007b3b00001a400000e60a0000fb0a0000ca290000201400000122000037240000a62900004f3f000046410000
77410000b30900008d0b0000221f0000d51f0000d221000089220000322700005428000092290000b1010000fa010000
17270000d60d00005a140000c91d0000891f00001d2000006520000040220000fd2200000f2700000f130000b0200000
ee2000005022000073260000a7260000c1260000872a000048390000ba3a0000cb3f0000fc3f000014400000ca400000
2b0e00005a140000891f000040220000422300005b230000e501000052030000b3090000e60a0000fb0a00008d0b0000
221f0000d2210000b42700005428000092290000ca290000af3b0000c53b0000823e0000ee0300006c04000067060000
83090000920a00008f0e0000741200002c130000721400002416000031170000f5230000872400005a260000712a0000
cd2b0000012c00001b2c0000e52c0000e4360000b438000070390000c8390000a13a00005b3b00001e3f00005e400000
fe400000134100008f410000190100003101000054030000c0050000bd0600008f0b000040140000a3150000ba170000
92180000611a00001b2300002f0d0000240e0000d30e0000740f000001100000821000001f11000057120000ba120000
181300008a1300009713000039140000531400009d150000b4170000022000000b230000cd270000962a0000aa2a0000
d72a0000032b00001d2c0000582c0000bd2d000018310000ca360000513900009d3c0000a441000076030000b10b0000
5c20000037220000072c00003f2c000095410000721400002416000031170000872400005a260000cd2b0000012c0000
1b2c0000c8390000a13a00001e3f0000fe400000134100008f41000040140000a3150000ba17000092180000611a0000
1b230000890100006b030000740400006f060000620700006a090000b20a0000a60b0000321300005c20000037220000
462a0000772a0000072c00003f2c0000ed2c00006c3000007b3b000095410000ee0300005e040000190500006d050000
830900007b0a0000580c00008f0e0000741200000f13000043130000e41d0000201e0000b0200000ee20000050220000
9c24000073260000a7260000c1260000872a0000e32e00005b2f000062360000eb360000b43800000539000048390000
70390000bb3900006c3a0000ba3a0000423b0000523c0000723c00005b3e00000a3f0000cb3f0000d43f0000fc3f0000
14400000ca4000008408000073090000ca0b00007d0c0000950c00002b0e00004d130000671300000e1400005a140000
2d1f0000611f0000691f0000891f000040220000a7220000422300005b230000790b0000371f0000c92200001f050000
b1050000810a0000a60b00002d0c00005e0c0000ed0c0000631300007b130000ab170000e61d0000341f00007f1f0000
be220000b5230000a424000008250000ad260000e5260000e52e0000632f00001432000080320000f5360000483b0000
e03f00001a400000190100002901000034020000c0050000b6060000cb090000840a0000b60a00000c0b0000f4120000
26180000141a0000061f0000651f0000921f00002e20000010220000522300000c020000fc050000f40a0000f4010000
d10000002c010000000200002402000037020000b9060000e0080000ce090000461500009b1f000055230000eb000000
6501000092010000e50200008f030000c0050000b60600008408000073090000cb090000840a0000b60a00000c0b0000
ca0b0000d20c0000f60c0000ce0d0000d60d0000f41200004d130000671300000e1400005a140000141a0000411d0000
981d0000c91d0000d31d0000061f00002d1f0000611f0000651f0000691f0000891f0000921f00001d20000065200000
1022000040220000fd2200000f2700004c3b00007f3b0000d63b00001f3d00004c3e0000513e0000a20100003c030000
fc050000f40a0000790b0000641d0000371f0000be3b0000fd02000036030000a1040000bd04000048060000cf060000
d3090000f30a00002e0b00005f0b0000730b000097120000ee1e0000191f00002b1f0000322700005428000092290000
3f2b00001c3000008e30000081360000bc3800001b390000503a0000bd3b00005b4100008f020000ed020000b9060000
e0080000ce090000db0c0000441d00004d1d0000dc1d00009b1f0000172700002f0d0000df0d00001b0e0000d30e0000
740f0000bc0f0000011000005d1000008a13000097130000a413000005140000291400004a1400005314000081140000
95140000c2140000ee140000fd1d0000441e00004e1f00005e1f000038220000142300003c230000c324000025250000
ea25000063260000c3260000fe260000cd270000f02e0000822f00001d320000a1320000053700002f380000aa3a0000
9d3c0000393f0000533f0000d63f000029400000ab1700007f1f0000b5230000ad260000e5260000e03f00001a400000
461500009b1f000055230000380d0000f50d00000d0e00002310000045120000cc13000040140000d31400007f150000
15170000ba170000611a0000841d0000b91d0000d31d0000151e0000521f0000921f0000aa1f0000b21f000090230000
be230000212500000e260000822600000f2700009c32000055380000c93a0000d43c00000f130000201e0000b0200000
ee2000005022000073260000a7260000c1260000872a000048390000bb3900006c3a0000ba3a00005b3e0000cb3f0000
d43f0000fc3f000014400000ca4000002b0e00000e1400005a140000611f0000691f0000891f00004022000042230000
5b230000f412000026180000141a0000061f0000651f0000921f00002e2000001022000052230000ce0d0000d60d0000
f41200000e1400005a140000141a0000981d0000c91d0000d31d0000061f0000611f0000651f0000691f0000891f0000
921f00001d200000652000001022000040220000fd2200000f2700001f3d00004c3e0000513e0000df0d0000050e0000
050f0000210f0000740f00005d100000bf1000005f120000b4120000ba120000d312000018130000c9130000fd130000
29140000391400004a140000121e0000801e0000fa1e0000411f0000491f000002200000f1210000f522000017240000
51240000b52700005d280000e3290000962a0000a32a0000652b0000da2e0000d930000045310000d336000017370000
3239000051390000a7390000d13c0000b4400000ce40000051410000191f00003227000054280000922900003f2b0000
503a00005b410000dc1d00009b1f000017270000380d0000d60d00000d0e00003a0e00002310000068120000cc130000
401400005a14000069140000841d0000d81d0000151e0000831e0000b21e0000521f0000971f0000fd22000025270000
8f270000bd27000063280000a8280000a62a0000552b0000682b0000dd2e00000c320000dc360000d43c00003f000000
e501000052030000cd0300008e0400007e05000048060000b3090000460a00004b0a00006d0a0000e60a0000ee0a0000
fb0a00002e0b0000370b00005f0b0000730b00008d0b000022150000bd1500004c17000054170000fb190000221f0000
2b1f0000d2210000a5220000b42700005428000092290000ca290000e22900005a3600007f360000833600004b370000
7f370000a23800001f3b0000af3b0000c53b0000fa3b00002b3c0000823e0000480600002e0b00005f0b0000730b0000
22150000bd1500004c17000054170000fb1900002b1f0000a5220000b42700005428000092290000ca290000e2290000
4b3700007f370000a2380000fa3b00002b3c0000823e00001d0000006e000000b9010000f101000099020000b6020000
e60200000c030000950600002907000048070000d0080000e4080000491d0000e41f00001027000054270000a3280000
06000000560000007d060000f1010000b6020000e60200000c03000029070000480700001027000054270000a3280000
eb0000006501000092010000e50200008f030000fa030000a7040000b606000084080000a80800006c09000073090000
92090000b20b0000ca0b00000b0c0000850c0000d20c0000d60d00003a0e0000d9110000e0110000681200005a140000
69140000591a0000c91d0000151e0000891f0000ae1f00001d2000006520000039220000402200005f220000ae220000
fd2200004a2300009a230000d62500000a260000122600000f270000a62a0000153600009f360000dc36000018380000
5038000059380000a20100003c030000740b0000790b0000f30b0000e1220000e025000022380000260000004f000000
920000009b000000c3000000a2010000e40200003c0300008e030000ab030000860500008e0500007c06000084060000
6a0800006c0800006e0800003c0900004f090000740b0000790b0000b10b0000c90b0000f30b00008f220000e1220000
e02500000c2a000000360000023600004e36000022380000580d00001b0e0000f20e00005d100000ba120000bc130000
c4130000d0130000fd1300000514000029140000391400004a14000040150000db1500006b17000073170000181a0000
411f0000491f0000f12100000b2300003b270000282800005d280000a8290000af290000e3290000133700001a370000
563700008837000098380000c13c0000d93c00000d3d00003a3d0000913e0000b42700005428000092290000ca290000
e2290000a2380000823e00001027000054270000a3280000380d0000d60d00000d0e00003a0e0000681200003a140000
401400005a1400006914000091140000fd2200002a230000fb25000025270000492700008f27000099270000bd270000
e3270000632800006b280000a0280000a82800002d290000312900003529000067290000a62a0000dc36000041380000
8038000085380000e5010000520300008e040000b3090000e60a0000ee0a0000fb0a0000370b00008d0b0000221f0000
d2210000b42700005428000092290000ca290000e22900007f36000083360000a2380000af3b0000c53b0000823e0000
b901000099020000d0080000e4080000491d0000e41f00001027000054270000a3280000d60d00003a0e000068120000
5a14000069140000591a0000c91d0000151e0000891f0000ae1f00001d2000006520000039220000402200005f220000
fd2200004a2300009a2300000a260000122600000f270000a62a0000dc3600005038000059380000eb00000021010000
6e010000ab0100005b030000fa030000eb040000c0050000c8050000bd0600008c080000a4080000ab08000032090000
8f0b0000960b0000c90c0000f60c0000380d00000d0e0000dd110000831200003a14000040140000911400007f150000
ab15000013160000f8160000ba170000c2170000b2190000611a0000d31d0000921f0000e22200002a23000090230000
be230000fb2500000f270000242a0000a62b0000dc2b0000103600001836000044360000433700007737000041380000
e40200008e0300003c090000b10b0000c90b00008f2200000c2a00004e360000380d00000d0e00003a14000040140000
911400007f150000ab15000013160000f8160000ba170000c2170000b2190000611a0000d31d0000921f00002a230000
90230000be230000fb2500000f270000a62b0000dc2b0000433700007737000041380000470000005d00000076030000
86050000840600004e0a0000610a0000430b0000790b0000b10b0000371f0000c92200001f050000b105000027090000
b3090000220a0000810a0000730b0000ed0c0000631300007b1300002b1f0000d51f00005c200000d221000024220000
37220000a5220000eb230000fe290000132a0000072c00003f2c000039360000f5360000db380000483b00004c400000
794000000c4100009541000047000000550000000c02000086050000fc0500007c060000fa090000340a0000610a0000
f40a0000f6170000f41900000f0000002d000000f4010000a2020000d10000002c010000b1010000f101000040030000
7a030000b90600007c0b0000b50b0000421800008c1800005c1a0000fd02000036030000740400006305000048060000
cf0600002e0b00005f0b0000730b0000e50b0000f20b000097120000731a0000d4250000442600009626000032270000
54280000922900001c3000008e300000163800008b3a0000dd3a0000d13e0000fe3e0000913f00008f020000ed020000
b90600007c0b0000b50b0000db0c00005c1a0000b2220000cd220000a32300001727000026000000920000009b000000
c3000000a2010000d1020000e40200003c03000086050000fc0500007c06000084060000fa090000340a00004e0a0000
610a0000f40a0000430b0000790b0000b10b0000f4190000641d0000371f00008f220000143b0000303b0000be3b0000
0f3c00000f130000721400005a260000dc27000046280000582900008c290000a6290000872a00008d38000096380000
48390000bb390000633a0000a13a0000e83a0000013b00007c3e0000c63e00001e3f0000ca4000002b0e00000e140000
401400005a140000521f00001b230000412700005a27000063280000a8280000b3290000ce290000690d000023100000
f4120000cc13000026180000141a0000412700005127000063280000a028000095290000ce290000380d0000ce0d0000
d60d00000d0e000023100000f4120000cc1300000e140000401400005a140000141a0000841d0000521f0000fd220000
252700008f27000099270000bd27000063280000a0280000a828000095290000b3290000ce290000d43c00001f3d0000
863e0000a73e000089010000fd020000520300007404000063050000480600006a090000b20a0000ca0a0000370b0000
5f0b00008d0b0000e50b0000fa0b000032130000ab1700007f1f0000b5230000cb25000044260000ad260000e5260000
733600000d3800008b3a00007b3b0000eb3e0000fe3e0000e03f00001a4000000101000099020000ed02000095080000
9a0b0000b50b0000900c0000461500009b1f000093220000cd22000055230000380d0000f50d00000d0e000045120000
3a1400004014000091140000d31400007f150000ba170000591a0000611a00002a230000902300009a230000be230000
21250000fb250000b0260000ce260000e92600000f270000e32700009c320000413800001e4000003f4000001f050000
30090000a6090000b3090000220a00008d0b00008e100000191f0000221f0000d51f0000d221000089220000eb230000
322700005428000092290000fe2900000b2a00003f2b0000c23000002c31000042360000db380000503a000066400000
794000005b41000077010000b1010000fa0100005f0300007a030000950800009a0b0000b50b0000dc1d00009b1f0000
17270000d60d00003a0e0000d11000001b110000681200005a14000069140000c91d0000d31d0000891f0000921f0000
182000001d2000006520000040220000fd2200000f270000e3270000a62a0000e82a00000a2c0000282c0000432c0000
13310000dc36000099410000ba4100009f030000c00300007c0400001a05000032050000a1050000b00600004d070000
5a070000c3090000360c0000051700007a2000002821000000250000ba2800007b2900004f2a00006f2c000056300000
6430000089300000b2300000be30000012320000313200005a32000078320000e3320000053300009d000000dc010000
28020000950600002907000048070000d0080000e40800001915000012180000a2270000a3280000fa030000a7040000
c3060000e4060000f60600004507000073070000d70c0000f50d0000ef0f0000a610000045120000d314000016150000
151e0000ae1e00002a20000040210000572100002125000099270000a0280000512a00002e2b0000592b00005e2d0000
333000007d30000008320000523200009c320000a70000007d060000fb0600005b070000f81f00005b2a000065300000
1a050000320500004d0700005a07000005170000ba2800007b2900004f2a00005630000064300000b2300000be300000
e33200000533000029070000480700001915000012180000a2270000a3280000a400000020030000ab030000a3050000
8d060000a5060000a7060000b1060000fb0600005b07000012090000420c0000f81f0000012500005b2a0000712c0000
153000006530000079320000db0e00006e0f00008c0f00000b11000018110000c8120000ca140000111700009a200000
342100001e250000d3270000102800008b280000e0280000df2a0000da2f000000310000103100006731000079310000
1a3200003932000065320000993200001d330000ba2800007b290000e332000005330000a2270000a3280000f50d0000
d11000001b11000045120000d314000018200000212500009e270000e32700008e280000ae280000d0280000d4280000
e3280000e82a0000dd2f0000133100009c320000fb32000073010000d9010000fa030000eb040000eb050000e7060000
91080000cd080000380c0000a3100000b5100000d11000001b1100008c1500001316000076160000e51700008d1a0000
18200000192500004d2500006025000099270000a0280000e82a0000992c0000363000001331000091320000cb320000
de3200002003000012090000420c00000125000079320000d11000001b1100008c1500001316000076160000e5170000
8d1a0000182000004d2500006025000099270000a0280000e82a000013310000cb320000de3200007c040000c3090000
360c00007a2000002821000000250000ba2800007b29000012320000313200005a32000078320000e332000005330000
dc01000028020000d0080000e4080000a2270000a3280000f50d000045120000d3140000151e0000ae1e00002a200000
40210000572100002125000099270000a02800002e2b0000592b000008320000523200009c320000ee0300005e040000
6c040000fb0400006706000083090000920a00008f0e0000741200002c130000721400001e1600002416000031170000
f5230000872400005a260000712a0000cd2b0000012c00001b2c0000e52c0000322d000069360000e4360000b4380000
0539000070390000c8390000eb390000633a0000a13a00005b3b0000523c00007f3c0000ea3d00001e3f00005e400000
fe4000000b410000134100008f410000190100003101000054030000c0050000bd0600009c0a0000b60a0000390b0000
8f0b000040140000a315000096170000ba17000092180000441a0000611a0000521f00001b2300002f0d0000240e0000
d30e0000540f0000740f000001100000821000001f11000057120000ba120000181300008a13000097130000a4130000
0a14000039140000531400009d15000093170000b4170000491f000002200000f12100000b2300001724000069240000
cd270000962a0000aa2a0000d72a0000032b00001d2c0000582c0000bd2d00001f2e0000183100006a310000ca360000
05370000513900009d3c00009c400000ce40000024410000a441000076030000430b0000b10b00005c20000024220000
37220000072c00003f2c00000c41000095410000721400001e1600002416000031170000872400005a260000cd2b0000
012c00001b2c0000c8390000eb390000633a0000a13a0000ea3d00001e3f0000fe4000000b410000134100008f410000
40140000a315000096170000ba17000092180000441a0000611a0000521f00001b230000890100006b03000074040000
fd0400006f060000620700006a090000b20a0000ca0a0000400b0000a60b0000321300005c2000002422000037220000
462a0000772a0000072c00003f2c0000ed2c0000342d00006c300000b4300000733600007b3b00000c41000095410000
300600008c080000730900007d0c00008d0c0000690d0000231000003513000067130000cc130000251700001e180000
79180000891800000c1a0000401a0000531a0000591a0000fa090000f6170000f4190000a2020000421800008c180000
5c1a0000690d000023100000cc130000251700007918000089180000401a0000531a0000591a0000010100009e020000
330600002d07000095080000900c00000e18000021180000421800008c1800005c1a0000df0d0000050e0000d30e0000
490f0000bc0f00005d100000bf100000b4120000ba120000f9120000fd1300000514000029140000391400004a140000
811400008e14000010160000ce18000015190000c6190000111a0000991a0000411f000002200000f1210000f5220000
eb240000f225000063260000b52700005d280000e3290000aa2f0000d93000004531000085370000383800003a390000
0d3a0000aa3a0000163d0000213f0000533f0000a93f0000731a000096260000322700005428000092290000dd3a0000
913f00005c1a0000a323000017270000380d0000ce0d0000d60d00000d0e0000f41200000e1400003a14000040140000
5a1400009114000013160000141a0000671a0000891a00009c1a0000fd2200002a2300009f230000ee24000051250000
fb250000252700008f270000bd27000063280000a8280000ad2f0000cf320000413800001f3d0000eb0000006e010000
92010000ab010000ae020000c005000030060000bd0600008c080000730900009c0a0000b60a0000390b00008f0b0000
c90c0000f60c0000380d00000d0e0000231000003513000067130000cc130000401400007b1500007f15000025170000
96170000ba1700000c1a0000401a0000441a0000531a0000591a0000611a0000841d0000521f0000e222000090230000
9a230000be2300000f270000653b00007f3b0000053c0000d43c0000cf3d00000b3e0000d1020000e4020000fa090000
430b0000b10b0000f41900008f2200000f3c0000380d00000d0e000023100000cc130000401400007b1500007f150000
2517000096170000ba170000401a0000441a0000531a0000591a0000611a0000841d0000521f0000902300009a230000
be2300000f270000d43c0000cf3d00000b3e0000f1040000a6090000b3090000030a0000370b00008d0b00008e100000
b6180000ba190000f3190000731a0000221f0000d51f0000d22100008922000096260000322700005428000092290000
c23000002c3100007d370000c4380000023a0000dd3a0000033c0000913f000077010000b1010000fa010000b1020000
ba020000330600002d070000950800005c1a0000a323000017270000ce0d0000d60d0000d11000001b110000f4120000
0e1400005a14000013160000ae190000d2190000ed190000141a0000591a0000c91d0000891f0000182000001d200000
462000006520000040220000fd2200009a2300000f270000e82a0000a22b0000aa2b00001331000073370000fa390000
1f3d0000db0e0000f70e00006e0f00008c0f00000b11000018110000c8120000ca140000e0150000111700009a200000
342100001e250000d3270000ea270000102800008b280000e0280000df2a0000da2f0000f12f00000031000010310000
67310000793100001a3200003932000065320000993200001d33000094390000d7390000613d0000a53d0000b03e0000
293f000092400000ba2800007b290000e332000005330000f13a0000a2270000a3280000c7290000f50d0000d1100000
1b1100004512000018140000d314000018200000e0210000212500009e270000e3270000f52700008e280000ae280000
d0280000d4280000e3280000bb290000e82a0000dd2f0000fc2f0000133100009c320000fb320000093300004c3f0000
984000003127000053280000912900001027000054270000ac27000053280000a328000091290000c7290000813e0000
690d000023100000f412000007130000cc1300007114000026180000141a0000522600004127000051270000da270000
4528000063280000a028000054290000572900008b290000952900009e290000ce290000862a00008c38000040390000
993a0000e63a0000003b00007b3e00001d3f0000c7400000000400002e040000cc040000db040000d6060000da060000
26070000850e0000491100009b120000ed120000491b00007d1b0000851b0000bf1b0000fa1b0000731c0000281d0000
d020000047210000422500007b2e00009d2e000023300000283000008f3000009f300000b1300000bc310000da310000
27320000443200006f320000bf3200001b34000064390000ab3900003e3a0000583c00007b3c00003c3e0000b23f0000
ba060000c80600001b070000d40c0000dc0c0000a20d0000351200003f13000061130000f2130000be1a0000f91a0000
0b1b0000391c00003f1c0000951c0000cc1c0000d31c000013070000c11a0000a21c0000cd040000b7060000db060000
190700002007000027070000de0c00004d1100006b13000065160000c01a0000261b00004c1b0000c01b0000f21b0000
9f1c0000e71c00002d1d0000432500007c2e0000a02e00002930000048300000d2310000c032000026340000c13f0000
1c0100004601000082020000c3050000a5070000e2090000860a0000c10a0000290b0000dd120000d01a00006c1c0000
af1c0000fa1c00006f1f0000392000001b220000702300005b02000014060000120b000042020000d200000049010000
4e0200007202000085020000a8070000f6080000e509000058150000051d000073230000d5000000fa0000002e010000
3c0100005302000070020000c3050000ba060000c80600001b070000a5070000e2090000860a0000c10a0000290b0000
b10c0000e60c00008d0d0000a30d000035120000dd1200003f13000061130000f213000055180000a31a0000d91a0000
f11a0000fa1a0000351b0000391c00003f1c00006c1c0000951c0000af1c0000cc1c0000d31c0000fa1c0000b01d0000
6f1f00003f2000001b2200004f3b00008a3b0000f43b0000ff3c0000283e0000303e0000410200006802000014060000
13070000120b0000c41a0000a21c0000dd3b00000b0100006202000067020000c9040000e5040000b20500001b060000
12070000bf070000eb090000820a0000110b0000130b0000270b0000871200005b18000030190000361a0000551c0000
811c0000931c00006d2b00002f3300008a33000088360000c0380000223900001f3a0000dc3b00003c410000d9000000
4502000054020000a8070000f6080000e5090000bb0c000056180000a71a0000af1a0000401b0000051d0000fa030000
a7040000c3060000e4060000f60600004507000073070000d70c00002a0d0000a00d0000f50d0000f60d00004a0e0000
2a0f00004c0f0000b70f0000ef0f0000a6100000b8100000c3100000e5100000eb100000f11000006911000033120000
4512000046120000541300009b130000e81300001814000019140000cc140000d3140000d41400001615000040170000
e6180000e21a0000f81a0000621b0000a81b0000cc1b0000fe1b0000381c0000b81c0000c81c00002a1d0000151e0000
ae1e00002a2000004021000057210000fd210000cc230000362400002125000022250000302500004b25000099270000
a02800009e290000512a00002e2b0000592b00005e2d0000db2d0000842e0000aa2e0000333000007d300000df300000
f33000002f310000db31000008320000523200009c3200009e320000ac320000c8320000363400002b3f00004c3f0000
4d3f0000b43f0000844000004541000076410000fb0600005b07000065160000261b0000e71c00002d1d0000f81f0000
c2210000432500005b2a000065300000c0320000c13f00004b400000a10100003b030000780b000058150000051d0000
73230000d10000002c010000b1010000f1010000400300007a0300001e050000b0050000b906000026090000b2090000
210a0000800a0000720b00007c0b0000b50b0000e50c0000870d0000980d0000db0d0000ea0d000035100000e3100000
a311000060130000e51300005d140000b71400005c1500001c17000042180000551800008c1800005c1a0000e41a0000
1d1b0000351b00007a1b0000bc1c0000fa1c0000001d0000081d0000151d00001c1d0000d11f0000542000002f220000
9d220000fe220000762300008523000086250000182600008d260000fd290000102a0000062c00003c2c00007f350000
3836000060380000da380000d43a0000473b0000f13c0000944100001a050000320500004d0700005a070000ed120000
c1150000051700007d1b0000851b0000fa1b0000731c0000281d0000d02000004721000042250000ba2800007b290000
4f2a00005630000064300000b2300000be300000bc310000da31000027320000443200006f320000bf320000e3320000
05330000ab390000d03900003e3a0000f13a00008c3c00003c3e0000b23f00004a4000002907000048070000a20d0000
35120000f2130000191500004b17000012180000f8190000f91a00000b1b0000391c00003f1c0000cc1c0000d31c0000
a2270000a3280000c7290000fc02000035030000470600002d0b00005e0b0000720b0000dd120000d01a00006c1c0000
af1c0000fa1c00006f1f0000392000001b22000070230000312700005328000091290000f1010000b6020000e6020000
0c0300004706000029070000480700002d0b00005e0b0000720b00008d0d0000a30d000035120000dd120000f2130000
1e1500004b17000055180000f8190000d91a0000f11a0000fa1a0000351b0000391c00003f1c00006c1c0000af1c0000
cc1c0000d31c0000fa1c0000b01d00006f1f00003f2000001b2200009d2200001027000054270000ac27000053280000
a328000091290000c7290000f93b00002a3c0000ff3c0000283e0000303e0000813e0000190100002901000034020000
ed0300005d040000180500006c050000c0050000b606000082090000cb0900007a0a0000840a0000b60a00000c0b0000
570c00000a0d0000930d0000970d0000260f0000420f0000690f00000210000039100000e21000005f11000095110000
be11000070120000ab120000e5120000f4120000f512000007130000081300003d1300008b130000e2130000e7130000
f513000026180000291800002d18000064180000da190000141a0000151a0000231a00003e1a0000761b0000e51b0000
601c0000b21c0000061f0000651f0000921f00002e200000ae200000ed200000102200004f220000522300001e240000
62240000982400006f260000a6260000b9260000862a0000992a0000bc2a0000922b0000932e0000572f0000d4330000
02340000303400006136000020370000b338000004390000353900004039000041390000b2390000b63a0000413b0000
ee3c0000093f0000ca3f0000fb3f000013400000a6400000c7400000c84000002f4100000c020000fc050000f40a0000
d40b00005b18000030190000361a0000811c0000342600006d2b00001f3a00007b3a0000d03e00003c410000f4010000
780b000056180000401b0000051d0000c6220000d10000002c0100000002000024020000370200001e050000b0050000
b9060000e0080000ce090000800a0000a50b00002c0c00005d0c0000e50c0000870d0000980d0000b40d00002f0e0000
35100000e310000097110000c811000060130000e51300005e14000046150000aa1700002e180000581800005f180000
65180000a2190000db190000e41a00003c1b00007a1b0000e91b0000171c0000bc1c0000011d00009b1f0000ba220000
55230000ad230000a324000005250000ac260000e2260000bf2a0000822b0000952b0000972e0000622f0000c9310000
7d3200000c340000473b0000f13c000019400000fb0e0000e4150000ee270000f52f000098390000db390000623d0000
a63d0000b53e00002f3f000093400000bc130000d01300006b170000181a0000a8290000ca29000020140000e8210000
f6270000bf290000fd2f00000c3300004f3f000099400000df0d0000050e00005d100000ba120000fd13000029140000
391400004a140000411f000002200000f1210000f5220000b52700005d280000e3290000322700005428000092290000
17270000380d0000d60d00000d0e0000401400005a140000fd220000252700008f270000bd27000063280000a8280000
580d00001b0e00005d100000ba120000bc130000d0130000fd13000029140000391400004a140000401500006b170000
181a0000411f0000f12100000b2300003b2700005d280000a8290000e3290000c13c0000d93c00000d3d00003a3d0000
913e0000b42700005428000092290000ca290000823e00000f130000721400005a260000dc2700004628000058290000
8c290000a6290000872a00008d38000048390000a13a0000e83a0000013b00007c3e00001e3f0000ca4000002b0e0000
401400005a1400001b230000412700005a27000063280000a82800004713000065130000f3130000991c0000cd1c0000
d41c00001d0100004701000083020000c4050000a6070000e3090000870a0000c20a00002a0b0000df120000d11a0000
6e1c0000b01c0000fc1c0000701f00003a2000001c22000071230000e0000000fb000000570200008c0d0000f01a0000
021b000043020000d30000004a0100004f0200007302000086020000a9070000f7080000e609000059150000061d0000
74230000c4050000a6070000e3090000870a0000c20a00002a0b0000b30c0000f10c0000a50d0000df12000047130000
65130000f3130000a51a0000fc1a0000371b00006e1c0000991c0000b01c0000cd1c0000d41c0000fc1c0000701f0000
1c220000503b00008b3b0000f53b0000003d0000293e0000313e0000a9070000f7080000e6090000bc0c0000a81a0000
b01a0000411b0000061d00004b0e0000ba0f0000581300009d130000ea130000201400002414000044170000631b0000
ab1b0000ba1c0000ca1c000001220000d323000037240000a6290000dc2d0000ab2e000031310000dc31000037340000
333f00004f3f0000513f0000b83f0000854000004641000077410000eb0000006501000092010000e50200008f030000
8408000073090000ca0b0000010d00001d0d00008a0d00008b0d00009e0d0000a80d0000d60d0000d70d00005c110000
31120000e21200004c1400005a1400005b140000ef1a0000fe1c0000c91d0000891f00001d2000006520000040220000
fd2200000523000024230000882300000f270000a20100003c030000790b000059150000061d0000742300001f050000
b105000027090000b3090000220a0000810a0000730b0000ed0c0000ec0d000036100000a511000063130000e6130000
b81400001d170000e61a00001f1b0000371b00007b1b0000bd1c0000fc1c0000161d00001d1d0000d51f00005c200000
37220000a522000087250000192600008e260000fe290000132a0000072c00003f2c0000803500003936000061380000
db380000d53a0000483b0000f23c000095410000f31300004c170000fb190000cd1c0000d41c0000ca290000fd020000
36030000480600002e0b00005f0b0000730b0000df120000d11a00006e1c0000b01c0000fc1c0000701f00003a200000
1c220000712300003227000054280000922900008f020000ed0200008c0d0000f01a0000021b00001727000048060000
2e0b00005f0b0000730b0000a50d0000df120000f3130000221500004c170000fb190000fc1a0000371b00006e1c0000
b01c0000cd1c0000d41c0000fc1c0000701f00001c220000a5220000b42700005428000092290000ca290000fa3b0000
2b3c0000003d0000293e0000313e0000823e0000ee0300005e040000190500006d050000830900007b0a0000580c0000
270f0000430f0000700f000060110000c011000074120000ad120000e61200000f1300001313000043130000e3130000
781b0000e71b0000621c0000b41c0000b0200000ee200000502200001f240000632400009c24000073260000a7260000
c1260000872a00009a2a0000bd2a0000932b0000952e00005b2f0000d533000004340000313400006236000021370000
b43800000539000036390000483900004c390000b3390000ba3a0000423b0000ef3c00000a3f0000cb3f0000fc3f0000
14400000ae400000ca400000cc400000334100008408000073090000ca0b00007d0c0000950c0000200d00001d0e0000
2b0e00002c0e00005c11000031120000e21200004c1400005a1400005b140000d41a0000da1a0000391b0000fe1c0000
891f000040220000a7220000422300005b230000790b0000411b0000061d0000c92200001f050000b1050000810a0000
a60b00002d0c00005e0c0000ed0c0000310e000036100000c911000063130000e613000060140000ab170000e61a0000
3e1b00007b1b0000ea1b0000181c0000bd1c0000031d0000be220000b5230000a424000008250000ad260000e5260000
c02a0000832b0000962b0000982e0000632f0000ca310000803200000d340000483b0000f23c00001a400000580d0000
1b0e0000f20e00005d100000ba120000bc130000c4130000d0130000fd1300000514000029140000391400004a140000
40150000db1500006b17000073170000181a0000411f0000491f0000f12100000b2300003b270000282800005d280000
a8290000af290000e3290000133700001a370000563700008837000098380000c13c0000d93c00000d3d00003a3d0000
913e0000b42700005428000092290000ca290000e2290000a2380000823e00001027000054270000a3280000380d0000
d60d00000d0e00003a0e0000681200003a140000401400005a1400006914000091140000fd2200002a230000fb250000
25270000492700008f27000099270000bd270000e3270000632800006b280000a0280000a82800002d29000031290000
3529000067290000a62a0000dc360000413800008038000085380000c4050000a6070000e3090000870a0000c20a0000
2a0b0000b30c0000f10c0000a50d00007b0e0000df1200004713000050130000651300007f130000f3130000f7130000
a51a0000fc1a0000371b0000551b0000831b00006e1c0000991c00009b1c0000b01c0000cd1c0000cf1c0000d41c0000
df1c0000fc1c0000701f00001c220000ef360000f736000028370000b8370000c8370000ca370000503b00008b3b0000
f53b0000003d0000293e0000313e0000d5000000fa0000002e0100003c0100005302000070020000ba060000c8060000
1b0700008d0d00003512000055180000d91a0000f11a0000391c00003f1c0000b01d00003f2000004102000068020000
13070000d30000004a0100004f0200007302000086020000cd04000012070000a7070000a9070000cb070000f7080000
05090000e4090000e6090000f0090000c00c0000ee11000059150000aa1a0000bc1a0000451b0000221c0000241c0000
521c0000061d00000a1d000074230000792b00003c3300002a3600009d370000b2370000480600002e0b00005f0b0000
730b0000a50d0000df120000f3130000f713000022150000bd1500004c17000054170000fb190000fc1a0000371b0000
831b00006e1c0000b01c0000cd1c0000cf1c0000d41c0000df1c0000fc1c00002b1f0000701f00001c220000a5220000
b42700005428000092290000ca290000e2290000283700004b3700007f370000c8370000ca370000a2380000fa3b0000
2b3c0000003d0000293e0000313e0000823e0000f1010000b6020000e60200000c03000029070000480700008d0d0000
3512000055180000d91a0000f11a0000391c00003f1c0000b01d00003f2000001027000054270000a3280000eb000000
6501000092010000e50200008f030000fa030000a7040000b606000084080000a80800006c0900007309000092090000
b20b0000ca0b00000b0c0000850c0000d20c0000010d00001d0d0000210d00008a0d00008b0d00009e0d0000a80d0000
d60d0000d70d0000200e00003a0e00003b0e00002a0f00004c0f0000e21000005b1100005c11000064110000d9110000
e011000007120000311200003a120000611200006812000069120000e1120000e2120000eb1200004c1400004f140000
5a1400005b140000691400006a140000e6180000591a0000d51a0000e11a0000ef1a00003a1b00002e1c0000301c0000
4f1c0000fe1c0000ff1c0000c91d0000151e0000891f0000ae1f00001d2000006520000039220000402200005f220000
ae220000fd22000005230000242300004a230000882300009a230000d62500000a260000122600000f270000a62a0000
a72a0000b52a0000812b0000db330000153600009f360000b9360000d5360000dc360000dd360000a1370000af370000
183800005038000059380000a20100003c030000740b0000790b0000f30b000059150000451b0000521c0000061d0000
0a1d0000e122000074230000e0250000792b0000b2370000223800000f130000721400005a260000dc27000046280000
582900008c290000a6290000872a00008d3800009638000048390000bb390000633a0000a13a0000e83a0000013b0000
7c3e0000c63e00001e3f0000ca4000002b0e00000e140000401400005a140000521f00001b230000412700005a270000
63280000a8280000b3290000ce290000690d000023100000f4120000cc13000026180000141a00004127000051270000
63280000a028000095290000ce290000380d0000ce0d0000d60d00000d0e000023100000f4120000cc1300000e140000
401400005a140000141a0000841d0000521f0000fd220000252700008f27000099270000bd27000063280000a0280000
a828000095290000b3290000ce290000d43c00001f3d0000863e0000a73e0000a9070000f7080000e6090000bc0c0000
68130000a81a0000b01a0000411b00009c1c0000a51c0000e41c0000061d00000b0100006202000067020000b2050000
1b06000012070000820a0000130b0000270b00005b18000030190000361a0000d9000000450200005402000056180000
d30000004a0100004f0200007302000086020000b20500001b06000012070000a9070000f7080000e6090000820a0000
130b0000270b0000fd0c0000681300005915000030190000361a0000bc1a0000cc1a00001a1b00009c1c0000a51c0000
e41c0000061d000074230000493b0000de3b0000f23b0000003e00001f050000b105000027090000b3090000220a0000
810a0000730b0000ed0c0000ec0d000036100000a5110000631300007b130000e613000030140000b81400001d170000
e61a00001f1b0000371b00007b1b0000b51b0000bd1c0000c11c0000df1c0000ef1c0000fc1c0000161d00001d1d0000
2b1f0000d51f00005c200000d22100002422000037220000a5220000eb23000087250000192600008e260000fe290000
132a0000072c00003f2c00008035000039360000f5360000c337000061380000db380000d53a0000483b0000f23c0000
543f0000bb3f0000c43f00004c400000794000000c41000095410000d10000002c010000b1010000f101000040030000
7a030000b90600007c0b0000b50b0000870d0000980d0000db0d0000e31000005d1400005c1500004218000055180000
8c1800005c1a0000001d0000081d0000fe2200007623000085230000fd02000036030000740400006305000048060000
cf0600002e0b00005f0b0000730b0000e50b0000f20b0000e810000097120000df1200001f13000001160000731a0000
d11a00004d1c0000691c00006e1c0000891c0000b01c0000fc1c0000701f00003a2000001c2200007123000061240000
d42500004426000096260000322700005428000092290000882a0000742b0000782b00001c3000008e300000ef300000
5e310000ad3700001638000058390000273a00008b3a0000dd3a0000d13e0000fe3e0000913f0000cf40000036410000
3f4100008f020000ed020000b90600007c0b0000b50b0000db0c00008c0d00002e0e0000e31000005d1400005c1a0000
e31a0000f01a0000021b00003b1b0000431b0000001d0000081d0000b2220000cd220000a323000017270000db0e0000
6e0f00008c0f00000b11000018110000c8120000ca140000111700009a200000342100001e250000d327000010280000
8b280000e0280000df2a0000da2f0000003100001031000067310000793100001a320000393200006532000099320000
1d330000ba2800007b290000e332000005330000a2270000a3280000f50d0000d11000001b11000045120000d3140000
18200000212500009e270000e32700008e280000ae280000d0280000d4280000e3280000e82a0000dd2f000013310000
9c320000fb320000000400002e040000cc040000db040000d6060000da06000026070000491100009b120000ed120000
7d1b0000bf1b0000fa1b0000731c0000281d0000d020000047210000422500007b2e000023300000283000008f300000
9f300000b1300000bc310000da31000027320000443200006f320000bf320000ba060000c80600001b070000d40c0000
dc0c0000a20d000035120000be1a0000f91a00000b1b0000391c00003f1c000013070000c11a0000cd040000b7060000
db060000190700002007000027070000de0c00004d11000065160000c01a0000261b0000c01b0000f21b00002d1d0000
432500007c2e00002930000048300000c0320000fa030000a7040000c3060000e4060000f60600004507000073070000
d70c00002a0d0000a00d0000f50d0000f60d00002a0f00004c0f0000ef0f0000a6100000b8100000c3100000e5100000
eb100000f110000069110000331200004512000046120000cc140000d3140000d414000016150000e6180000e21a0000
f81a0000cc1b0000fe1b0000381c00002a1d0000151e0000ae1e00002a20000040210000572100002125000022250000
302500004b25000099270000a0280000512a00002e2b0000592b00005e2d0000842e0000333000007d300000df300000
f330000008320000523200009c3200009e320000ac320000c8320000fb0600005b07000065160000261b00002d1d0000
f81f0000432500005b2a000065300000c03200001a050000320500004d0700005a070000ed120000051700007d1b0000
fa1b0000731c0000281d0000d02000004721000042250000ba2800007b2900004f2a00005630000064300000b2300000
be300000bc310000da31000027320000443200006f320000bf320000e3320000053300002907000048070000a20d0000
351200001915000012180000f91a00000b1b0000391c00003f1c0000a2270000a3280000ee0300005e04000019050000
6d050000830900007b0a0000580c00008f0e0000270f0000430f0000650f0000700f000060110000c011000074120000
ad120000e61200000f1300001313000043130000e3130000741b0000781b0000961b0000e71b0000621c0000b41c0000
e41d0000201e0000b0200000ee200000502200001f240000632400009c24000073260000a7260000c1260000872a0000
9a2a0000bd2a0000932b0000952e0000b42e0000e32e00005b2f0000d533000004340000313400005634000062360000
eb36000021370000bf370000b43800000539000036390000483900004c3900007039000090390000b3390000bb390000
bf3900003a3a00006c3a0000ba3a0000423b0000523c0000723c0000ef3c0000843d0000923d00001b3e00005b3e0000
0a3f0000cb3f0000d43f0000fc3f000014400000ae400000ca400000cc400000334100008408000073090000ca0b0000
7d0c0000950c0000200d00001d0e00002b0e00002c0e00005c11000031120000e21200004d130000671300009a130000
071400000e1400000f1400004c1400005a1400005b140000d41a0000da1a0000391b0000b71c0000bf1c0000e11c0000
fe1c00002d1f0000611f0000691f0000891f000040220000a7220000422300005b230000790b0000411b0000e41c0000
061d0000371f0000c92200001f050000b1050000810a0000a60b00002d0c00005e0c0000ed0c0000310e000036100000
c9110000631300007b130000e61300001114000060140000ab170000e61a00003e1b00007b1b0000971b0000ea1b0000
181c0000bd1c0000c11c0000e31c0000031d0000e61d0000341f00007f1f0000be220000b5230000a424000008250000
ad260000e5260000c02a0000832b0000962b0000982e0000b52e0000e52e0000632f0000ca310000e731000014320000
803200000d3400005a340000f5360000c3370000483b0000f23c0000e03f00001a400000190100002901000034020000
c0050000b6060000cb090000840a0000b60a00000c0b00000a0d0000930d0000970d00000210000039100000e2100000
95110000f4120000f51200008b130000e7130000f513000026180000291800002d18000064180000da190000141a0000
151a0000231a00003e1a0000061f0000651f0000921f00002e20000010220000522300000c020000fc050000f40a0000
5b18000030190000361a0000f401000056180000d10000002c010000000200002402000037020000b9060000e0080000
ce090000870d0000980d0000b40d0000e310000097110000461500002e180000581800005f18000065180000a2190000
db1900009b1f000055230000eb0000006501000092010000e50200008f030000c0050000b60600008408000073090000
cb090000840a0000b60a00000c0b0000ca0b0000d20c0000f60c0000010d00001d0d0000340d00008a0d00008b0d0000
9e0d0000a80d0000c70d0000ce0d0000cf0d0000d60d0000d70d00000210000039100000e21000005c11000095110000
31120000e2120000f4120000f51200004d130000671300008b1300009a130000e7130000f5130000071400000e140000
0f1400004c1400005a1400005b140000da190000141a0000151a0000231a00003e1a0000e11a0000e91a0000ef1a0000
131b0000b71c0000bf1c0000e11c0000fe1c0000411d0000981d0000c91d0000d31d0000061f00002d1f0000611f0000
651f0000691f0000891f0000921f00001d200000652000001022000040220000fd220000052300002423000088230000
0f2700004c3b00007f3b0000d63b00009e3c0000f43c0000023d0000183d00001f3d0000203d0000083e00004c3e0000
513e0000a20100003c030000fc050000f40a0000790b00005915000030190000361a00001a1b0000e41c0000061d0000
641d0000371f000074230000be3b0000003e0000fd02000036030000a1040000bd04000048060000cf060000d3090000
f30a00002e0b00005f0b0000730b0000e810000097120000df12000000130000e5180000ee1800005c190000dd190000
351a0000d11a0000691c00006e1c00007d1c0000b01c0000df1c0000fc1c0000ee1e0000191f00002b1f0000701f0000
3a2000001c220000712300003227000054280000922900003f2b00001c3000008e300000ef3000005e310000a4340000
c03400008136000092370000bc3800001b390000ee390000173a0000503a0000bd3b0000ff3d00005b4100008f020000
ed020000b9060000e0080000ce090000db0c00008c0d0000c90d0000e310000097110000a2190000db190000e31a0000
f01a0000021b0000141b0000171b0000441d00004d1d0000dc1d00009b1f00001727000073010000d9010000fa030000
19040000eb04000044050000eb050000e706000091080000cd080000a30a0000da0a0000380c0000a3100000b5100000
d11000001b1100008c1500001316000041160000761600009b170000e51700008d1a000018200000e021000019250000
4d2500006025000099270000a02800009e290000e82a0000992c0000162d000036300000913000001331000091320000
cb320000de320000da3e0000823f0000953f00009840000020030000120900004f0b0000420c00000125000079320000
fa3e0000d11000001b1100008c1500001316000041160000761600009b170000e51700008d1a000018200000e0210000
4d2500006025000099270000a02800009e290000e82a000013310000cb320000de320000823f0000953f000098400000
dc020000ae0b00008e22000046150000aa1700009b1f000055230000ad230000ac260000e22600001940000001010000
8101000099020000ed020000f90200004a030000730400004406000095080000af0a0000850b00009a0b0000b50b0000
e40b0000f70b0000900c00003113000046150000aa1700009b1f000093220000cd22000055230000ad230000ca250000
43260000ac260000e22600000c3800008a3a0000783b000019400000fa030000a7040000c3060000e4060000f6060000
4507000073070000d70c0000f50d00004a0e0000ef0f0000a6100000451200005413000018140000d314000016150000
40170000151e0000ae1e00002a2000004021000057210000fd210000cc230000362400002125000099270000a0280000
9e290000512a00002e2b0000592b00005e2d0000db2d0000333000007d3000002f31000008320000523200009c320000
4c3f00008440000045410000764100009f000000de01000076020000a4030000c3030000750400008804000020050000
91060000a40600001207000037070000460700005207000099070000fc07000011080000d2080000fa0800003f0a0000
e90a0000150b00001b150000b71500008f1600004f17000054190000bc1a0000931c00008a1e00002d210000a5270000
a1280000c628000016290000d229000014300000503000005b300000f231000036320000f03200007f330000a5330000
a833000085340000b8340000f3350000fb0600005b070000f81f0000c22100005b2a0000653000004b400000a4000000
20030000ab030000b503000020050000a30500008d060000a5060000a7060000b1060000fb0600001207000037070000
46070000520700005b07000012090000570a00004f0b0000420c00001b150000b71500008f1600004f17000054190000
bc1a0000931c0000f81f0000c221000001250000a5270000a1280000c628000016290000d22900005b2a0000712c0000
ff2c000015300000503000005b300000653000008130000079320000f032000085340000b8340000f3350000fa3e0000
4b400000150000008c000000b30100003f02000046020000c1020000e7020000170300007c070000f107000004080000
1808000037080000541d0000ef1f00001127000072270000eb280000a10100003b030000780b00000700000075000000
790700002400000091000000c2000000a10100003f020000c1020000dc020000e7020000170300003b03000085050000
810600001808000037080000780b0000ae0b00008e2200001127000072270000eb2800001d0000003b0000006e000000
d5000000f30000004c0100005a010000b9010000e1010000f1010000040200002102000099020000b6020000e6020000
0c0300004a03000001040000ce0400007a05000047060000950600002907000048070000a5070000aa070000b8070000
0b080000b1080000d0080000e40800006d0900009d090000af0900003d0a00006c0a0000e50a0000f80a00002d0b0000
5e0b0000720b0000850b0000bd0b0000280c00007f0c0000b10c0000b40d00002f0e0000371100003e11000097110000
c81100005e1400001e1500004b1700002e180000f8190000001b00007a1b0000f41c0000491d00008d1d0000a41d0000
d21e0000d71e0000211f0000b81f0000e41f000033200000d12100003a2200006a2200009d2200009e22000044230000
772300006c250000a3250000aa2500001027000054270000ac27000053280000a328000091290000c7290000bf2a0000
c4330000cc3300000c340000623500009d350000a53500001a3b0000ae3b0000c23b0000f93b00002a3c0000813e0000
0600000056000000b3000000f201000019020000750500007d06000003080000330a00005d0a0000750b0000110c0000
d1220000792500006f350000133b0000d10000002c010000b1010000f1010000400300007a0300001e050000b0050000
b906000026090000b2090000210a0000800a0000720b00007c0b0000b50b0000e50c000060130000421800008c180000
5c1a0000d11f0000542000002f2200009d220000fd290000102a0000062c00003c2c000038360000da380000473b0000
94410000080000002b0000004a00000076000000780000008a000000f201000019020000a50200007e030000aa030000
89050000780700007a070000850700008c0700008f07000003080000210800005d0800007308000056090000750b0000
b90b0000110c000003180000d1220000792500002a2a00002433000027330000733300006f35000073010000d9010000
fa03000019040000a7040000eb04000044050000eb050000c3060000e4060000e7060000f60600004507000073070000
91080000cd080000a30a0000da0a0000380c0000d70c0000540d0000a00d0000f50d00004a0e0000d40e0000e90e0000
750f0000ef0f0000a3100000a6100000b5100000d1100000e2100000fb10000006110000101100001b1100007e110000
8d11000014120000331200004512000054130000be130000e813000018140000d3140000161500003c1500008c150000
d21500001316000041160000761600009b160000401700006d1700009b170000e5170000601900008d1a0000e11a0000
b21c0000151e0000961e0000ae1e0000182000002a200000392100004021000057210000e0210000fd210000cc230000
3624000019250000212500004d25000060250000992700009a270000d727000013280000a0280000b2280000ce280000
132900009e2900009f290000512a0000e82a00002e2b0000592b0000992c0000162d00005e2d0000db2d000033300000
363000007d30000091300000fb30000005310000133100002f310000fb310000083200003e3200005232000091320000
9c320000cb320000de320000f8320000443400004b3400008f340000c1340000e6350000da3e00004c3f0000823f0000
953f00008440000098400000454100007641000020030000fb0600005b070000120900004f0b0000420c0000f81f0000
c221000001250000a5270000a1280000c628000016290000d22900005b2a00006530000079320000f0320000f3350000
fa3e00004b400000a1010000dc0200003b030000780b0000ae0b00008e2200001127000072270000eb280000d1000000
010100002c01000081010000b1010000f101000099020000ed020000f9020000400300004a0300007a03000073040000
1e050000b005000044060000b90600009508000026090000b2090000210a0000800a0000af0a0000720b00007c0b0000
850b00009a0b0000b50b0000e40b0000f70b0000900c0000e50c0000600d0000710d0000b40d00002f0e000084110000
97110000c811000031130000601300003b1400005e140000aa14000046150000aa1700002e180000421800008c180000
5c1a00009b1f0000d11f0000542000002f220000932200009d220000cd2200001f23000055230000ad23000093250000
ca25000043260000ac260000e2260000142700002827000043270000752700007627000084270000e027000065280000
e8280000ed280000f4280000fe280000052900003b29000072290000fd290000102a0000bf2a0000062c00003c2c0000
0c3400008d350000cd350000d5350000383600000c380000da3800008a3a0000473b0000783b00001940000094410000
f50d00004512000018140000d3140000151e0000ae1e00002a2000004021000057210000fd2100003624000021250000
99270000a02800009e2900002e2b0000592b000008320000523200009c3200004c3f00004541000076410000a4000000
de0100007602000020030000ab030000b50300007504000088040000a30500008d060000a5060000a7060000b1060000
fb0600005b070000fc07000011080000d2080000fa08000012090000570a0000e90a0000150b00004f0b0000420c0000
8a1e0000f81f00002d210000c221000001250000a5270000a1280000c628000016290000d22900005b2a0000712c0000
ff2c0000153000006530000081300000f23100003632000079320000f0320000a5330000a8330000f3350000fa3e0000
4b4000002400000091000000c2000000a1010000b301000046020000dc0200003b0300008505000081060000f1070000
04080000780b0000ae0b0000541d0000ef1f00008e2200001127000072270000eb280000d10000002c010000b9010000
e1010000000200002402000037020000990200004a0300001e050000b0050000b9060000d0080000e0080000e4080000
af090000ce090000800a0000e50a0000f80a0000850b0000a50b00002c0c00005d0c0000e50c0000b40d00002f0e0000
97110000c8110000601300005e14000046150000aa1700002e180000001b00007a1b0000f41c0000491d00008d1d0000
a41d0000d21e0000d71e0000211f00009b1f0000b81f0000e41f000033200000d12100003a2200006a220000ba220000
442300005523000077230000ad230000a324000005250000a3250000aa250000ac260000e22600001027000054270000
ac27000053280000a328000091290000c7290000bf2a0000622f00007d3200000c3400009d350000a5350000473b0000
ae3b0000c23b0000813e0000194000001d0000003b0000006e000000e7000000fb0000001b0100004d010000b9010000
e1010000f1010000990200009a020000b6020000e60200000c0300004a0300004b030000f5030000c00400007a050000
c205000047060000950600002907000048070000ab070000b0070000b8070000c5070000cc0700001e08000050080000
d0080000e4080000af0900003d0a00006c0a0000e50a0000f80a00002d0b00005e0b0000720b0000850b0000860b0000
b00c0000be0c0000600d0000710d000084110000e61100008e1200003b140000aa1400001e15000070150000a5150000
00160000ab160000bf1600004b170000bc1700000b18000055180000701800007e1800006e1900007b190000f8190000
351b0000fa1c0000491d0000211f0000e41f0000d12100009d2200001f230000932500001027000054270000ac270000
53280000a328000091290000c7290000412a0000b02b0000e72b0000353300003d330000663300007c340000af340000
8d3500001a3b0000ae3b0000c23b0000f93b00002a3c0000813e0000421800008c1800005c1a0000542000002f220000
062c00003c2c0000944100000600000056000000b3000000a50200007e030000750500007d060000210800005d080000
330a00005d0a0000b90b0000031800002a2a000073330000133b00000101000081010000f10100009e020000b6020000
e60200000c030000670300007304000033060000470600006e060000290700002d070000480700005f07000095080000
af0a00002d0b00005e0b0000720b0000a20b0000900c0000600d0000710d000084110000311300003b140000aa140000
1e15000070150000a515000000160000ab160000bf1600004b170000bc1700000e180000211800004218000055180000
701800007e1800008c1800006e1900007b190000f81900005c1a0000351b0000fa1c0000542000002f2200009d220000
1f230000932500001027000054270000ac27000053280000a328000091290000c7290000452a0000762a0000b02b0000
e72b0000062c00003c2c0000ec2c0000693000007c340000af3400008d350000783b0000f93b00002a3c0000813e0000
944100001a0400004b050000a70a0000de0a0000421600009f170000e8210000a6290000172d000093300000e33e0000
833f0000983f000099400000421600009f170000e8210000a6290000833f0000983f000099400000eb000000ab010000
c0050000bd0600008f0b0000c90c0000f60c0000380d00000d0e0000401400007f150000ba170000611a0000e2220000
90230000be2300000f270000e4020000b10b00008f220000380d00000d0e0000401400007f150000ba170000611a0000
90230000be2300000f2700002f0d0000df0d00001b0e0000d30e0000740f0000011000005d1000008a13000097130000
4a140000531400008114000095140000c2140000ee14000038220000142300003c230000c324000025250000ea250000
63260000c3260000fe260000cd270000822f0000a13200002f380000aa3a00009d3c000029400000ab170000b5230000
ad260000e52600001a40000089010000fd0200005203000074040000480600006a090000b20a00008d0b0000e50b0000
fa0b000032130000ab170000b5230000cb25000044260000ad260000e52600000d3800008b3a00007b3b00001a400000
4b0e000058130000201400004417000001220000d323000037240000a6290000dc2d0000313100004f3f000085400000
4641000077410000eb0000006501000092010000e50200008f0300008408000073090000ca0b0000d60d00005a140000
c91d0000891f00001d2000006520000040220000fd2200000f270000a20100003c030000790b00002600000092000000
c3000000a201000040020000c2020000e4020000e8020000180300003c03000086050000840600001908000038080000
790b0000b10b00008f2200001227000073270000ec2800003f000000e50100005203000002040000cf0400007e050000
48060000a6070000b20800006e0900009e090000b3090000460a00006d0a0000e60a0000fb0a00002e0b00005f0b0000
730b00008d0b0000be0b0000290c0000810c0000b30c0000310e0000381100003f110000c91100006014000022150000
4c170000fb1900007b1b0000f51c0000221f0000b91f0000d22100003b2200006b220000a5220000a922000046230000
7923000070250000a4250000ab250000b42700005428000092290000ca290000c02a0000c5330000cd3300000d340000
663500009e350000a63500001f3b0000af3b0000c53b0000fa3b00002b3c0000823e00001f050000b105000027090000
b3090000220a0000810a0000730b0000ed0c000063130000d51f00005c20000037220000a5220000fe290000132a0000
072c00003f2c000039360000db380000483b0000954100001a0400004b050000a70a0000de0a00004b0e0000ea0e0000
58130000c0130000ea13000020140000d315000042160000441700006f1700009f170000b41c0000e821000001220000
d32300003724000016280000a6290000aa290000172d0000dc2d00009330000031310000453400004c34000090340000
c2340000ea350000e33e00004f3f0000833f0000983f000085400000994000004641000077410000eb00000065010000
92010000ab010000e50200008f030000c0050000bd06000084080000730900008f0b0000ca0b0000c90c0000f60c0000
380d00003e0d0000860d00008a0d0000c50d0000d60d0000d70d0000ef0d00000d0e0000751100008511000093110000
a8110000401400005a1400007f150000ba170000611a00007b1d0000c91d0000891f0000122000001d20000065200000
40220000e2220000fd22000090230000be2300000f2700002127000087270000ef280000a2010000e40200003c030000
790b0000b10b00008f2200001227000073270000ec28000089010000fd02000052030000740400001f050000b1050000
48060000270900006a090000b3090000220a0000810a0000b20a0000730b00008d0b0000e50b0000fa0b0000ed0c0000
310e0000c911000032130000631300003c14000060140000ab140000ab170000d51f00005c20000037220000a5220000
21230000b523000094250000cb25000044260000ad260000e52600004527000078270000e127000067280000e9280000
ff280000062900003c29000073290000fe290000132a0000c02a0000072c00003f2c00000d3400008e350000ce350000
d6350000393600000d380000db3800008b3a0000483b00007b3b00001a40000095410000201400000122000037240000
a62900004f3f00004641000077410000d60d00005a140000c91d0000891f00001d2000006520000040220000fd220000
0f2700002600000092000000c3000000a2010000b501000048020000e40200003c0300008605000084060000f2070000
05080000790b0000b10b0000551d0000f01f00008f2200001227000073270000ec280000e5010000520300001f050000
b1050000b3090000810a0000e60a0000fb0a00008d0b0000a60b00002d0c00005e0c0000ed0c0000310e0000c9110000
6313000060140000ab1700007b1b0000f51c0000221f0000b91f0000d22100003b2200006b220000be22000046230000
79230000b5230000a424000008250000a4250000ab250000ad260000e5260000b42700005428000092290000ca290000
c02a0000632f0000803200000d3400009e350000a6350000483b0000af3b0000c53b0000823e00001a4000002f0d0000
240e0000d30e0000740f000001100000821000001f11000057120000ba120000181300008a1300009713000039140000
531400009d150000b4170000022000000b230000cd270000962a0000aa2a0000d72a0000032b00001d2c0000582c0000
bd2d000018310000ca360000513900009d3c0000a44100003f0000001d0100004f010000e50100005203000056030000
f8030000c30400007e050000c405000048060000ad070000c6070000cd07000054080000b3090000460a00006d0a0000
e60a0000fb0a00002e0b00005f0b0000730b00008d0b0000910b0000e71100008f1200003c140000ab14000022150000
a715000001160000c01600004c170000be1700007c190000fb190000371b0000fc1c0000221f0000d2210000a5220000
2123000094250000b42700005428000092290000ca290000422a0000b12b0000e82b0000363300003e3300006a330000
7d340000b03400008e3500001f3b0000af3b0000c53b0000fa3b00002b3c0000823e00005c20000037220000072c0000
3f2c000095410000890100006b03000074040000480600006f060000620700006a090000b20a00002e0b00005f0b0000
730b0000a60b0000321300003c140000ab14000022150000a715000001160000c01600004c170000be1700007c190000
fb190000371b0000fc1c00005c20000037220000a52200002123000094250000b42700005428000092290000ca290000
462a0000772a0000b12b0000e82b0000072c00003f2c0000ed2c00006c3000007d340000b03400008e3500007b3b0000
fa3b00002b3c0000823e0000954100002f0d0000df0d00001b0e0000d30e0000740f0000bc0f0000011000005d100000
8a13000097130000a413000005140000291400004a140000531400008114000095140000c2140000ee140000fd1d0000
441e00004e1f00005e1f000038220000142300003c230000c324000025250000ea25000063260000c3260000fe260000
cd270000f02e0000822f00001d320000a1320000053700002f380000aa3a00009d3c0000393f0000533f0000d63f0000
29400000ab1700007f1f0000b5230000ad260000e5260000e03f00001a400000461500009b1f000055230000380d0000
f50d00000d0e00002310000045120000cc13000040140000d31400007f15000015170000ba170000611a0000841d0000
b91d0000d31d0000151e0000521f0000921f0000aa1f0000b21f000090230000be230000212500000e26000082260000
0f2700009c32000055380000c93a0000d43c00003f000000e501000052030000cd030000020400008e040000cf040000
7e05000048060000a6070000b20800006e0900009e090000b3090000460a00004b0a00006d0a0000e60a0000ee0a0000
fb0a00002e0b0000370b00005f0b0000730b00008d0b0000be0b0000290c0000810c0000b30c0000310e00006d0e0000
381100003f110000c91100005013000073130000111400006014000022150000bd1500004c17000054170000fb190000
7b1b0000f51c0000ef1d00001d1e0000221f00002b1f00002f1f0000631f0000731f0000b91f0000d22100003b220000
6b220000a5220000a9220000462300007923000070250000a4250000ab250000b42700005428000092290000ca290000
e2290000c02a0000c5330000cd3300000d34000021340000293400005a340000fc3400000c3500000e35000066350000
9e350000a63500005a3600007f360000833600004b3700007f370000a23800001f3b0000af3b0000c53b0000fa3b0000
2b3c0000823e00001d0000006e000000d5000000f30000004c0100005a010000b9010000f10100000402000021020000
99020000b6020000e60200000c030000950600002907000048070000aa070000b80700000b080000d0080000e4080000
b40d0000971100002e180000001b0000491d00008d1d0000a41d0000d21e0000d71e0000e41f00003320000010270000
54270000a32800000600000056000000f2010000190200007d06000003080000260000004f000000920000009b000000
c3000000a201000040020000c2020000e4020000e8020000180300003c0300008e030000ab030000a504000086050000
8e0500007c06000084060000b7060000db0600000208000019080000380800006a0800006c0800006e080000ee080000
3c0900004f090000cc090000d8090000740b0000790b0000b10b0000c90b0000f30b0000de0c00004d110000461d0000
581d0000df1d0000bb1e0000bd1e0000ea1e00009e1f00008f220000e1220000e02500001227000073270000ec280000
0c2a00004b2b000029300000d7340000d9340000f634000000360000023600004e36000022380000e501000052030000
8e0400001f050000b1050000b3090000810a0000e60a0000ee0a0000fb0a0000370b00008d0b0000a60b00002d0c0000
5e0c0000ed0c0000310e0000c9110000631300007b1300001114000060140000ab1700007b1b0000f51c0000e61d0000
1d1e0000221f0000341f0000631f0000731f00007f1f0000b91f0000d22100003b2200006b220000be22000046230000
79230000b5230000a424000008250000a4250000ab250000ad260000e5260000b42700005428000092290000ca290000
e2290000c02a0000e52e0000632f000014320000803200000d3400005a3400000c3500000e3500009e350000a6350000
7f36000083360000f5360000a2380000483b0000af3b0000c53b0000823e0000e03f00001a400000d10000002c010000
b901000000020000240200003702000099020000b9060000d0080000e0080000e4080000ce090000b40d000097110000
461500002e180000001b0000491d00008d1d0000a41d0000d21e0000d71e00009b1f0000e41f00003320000055230000
1027000054270000a3280000eb00000021010000650100006e01000092010000ab010000e50200005b0300008f030000
fa030000eb040000c0050000c8050000b6060000bd060000840800008c080000a4080000ab0800003209000073090000
cb090000840a0000b60a00000c0b00008f0b0000960b0000ca0b0000c90c0000d20c0000f60c00002a0d0000380d0000
3e0d0000860d00008a0d0000c50d0000ce0d0000d60d0000d70d0000ef0d00000d0e0000200e0000340e0000080f0000
2a0f0000b8100000c31000006911000075110000831100008511000093110000a8110000c3110000cb110000dd110000
2a12000083120000ce120000d8120000f41200004d130000671300000e1400003a140000401400004f1400005a140000
63140000911400007f150000ab15000013160000f8160000ba170000c2170000b2190000141a0000611a00008c1b0000
411d0000711d00007b1d00007d1d0000981d0000c91d0000d31d0000d41d0000c71e0000c91e0000e71e0000061f0000
2d1f0000611f0000651f0000691f0000891f0000921f0000931f0000122000001d200000652000001022000040220000
e2220000fd2200002a23000090230000be230000fb2500000f2700002127000087270000ef280000242a0000c12a0000
cf2a0000532b0000a62b0000dc2b0000df300000073400000f340000df340000e2340000f33400001036000018360000
443600004337000077370000413800004c3b00007f3b0000d63b00001f3d00004c3e0000513e0000a2010000e4020000
3c0300008e030000fc0500003c090000f40a0000790b0000b10b0000c90b0000641d0000df1d0000ea1e0000371f0000
9e1f00008f2200001227000073270000ec2800000c2a00004b2b0000f63400004e360000be3b000089010000fd020000
520300007404000063050000480600006a090000b20a0000ca0a0000370b00005f0b00008d0b0000e50b0000fa0b0000
32130000ab1700007f1f0000b5230000cb25000044260000ad260000e5260000733600000d3800008b3a00007b3b0000
eb3e0000fe3e0000e03f00001a4000000101000099020000ed020000950800009a0b0000b50b0000900c000046150000
9b1f000093220000cd22000055230000380d0000f50d00000d0e0000451200003a1400004014000091140000d3140000
7f150000ba170000591a0000611a00002a230000902300009a230000be23000021250000fb250000b0260000ce260000
e92600000f270000e32700009c320000413800001e4000003f4000001f050000b105000027090000b3090000220a0000
810a0000730b0000ed0c0000631300007b1300002b1f0000d51f00005c200000d22100002422000037220000a5220000
eb230000fe290000132a0000072c00003f2c000039360000f5360000db380000483b00004c400000794000000c410000
95410000d10000002c010000b1010000f1010000400300007a030000b90600007c0b0000b50b0000421800008c180000
5c1a0000080000002b000000760000008a000000f201000019020000a50200007a070000850700000308000021080000
0318000026000000920000009b000000c3000000a201000040020000c2020000d1020000e4020000e802000018030000
3c030000cd04000086050000fc0500007c06000084060000b7060000db0600001908000038080000fa090000340a0000
4e0a0000610a0000f40a0000430b0000760b0000790b0000b10b0000b30b0000120c0000260c0000de0c00004d110000
f41900005a1a00007f1a0000641d0000371f00008f220000b5220000d9220000a6230000732500007c250000bb250000
1227000073270000ec280000293000006935000072350000b7350000143b0000303b0000be3b00000f3c000089010000
fd02000052030000740400001f05000063050000b105000048060000270900006a090000b3090000220a0000810a0000
b20a0000ca0a0000370b00005f0b0000730b00008d0b0000e50b0000fa0b0000ed0c0000310e0000c911000032130000
631300007b130000111400003c14000060140000ab140000ab1700002b1f0000551f00007f1f0000d51f00005c200000
d22100002422000037220000a522000021230000b5230000eb23000094250000cb25000044260000ad260000e5260000
4527000078270000e12700002028000067280000e9280000ff280000062900003c29000073290000b6290000da290000
fe290000132a0000c02a0000072c00003f2c00000d3400005a340000073500008e350000ce350000d6350000ed350000
f63500003936000073360000f53600000d380000db3800008b3a0000483b00007b3b0000eb3e0000fe3e0000e03f0000
1a4000004c400000794000000c41000095410000d1000000010100002c010000b1010000f101000099020000ed020000
400300007a030000b9060000950800007c0b00009a0b0000b50b0000900c0000600d0000710d0000b40d000084110000
97110000461500002e180000421800008c1800005c1a00009b1f000093220000cd220000552300001427000028270000
7527000084270000ed280000f4280000d60d00003a0e0000d11000001b110000681200005a14000069140000c91d0000
d31d0000891f0000921f0000182000001d2000006520000040220000fd2200000f270000e3270000a62a0000e82a0000
0a2c0000282c0000432c000013310000dc36000099410000ba41000026000000920000009b000000c30000007a010000
a2010000b501000048020000d1020000e40200003c0300006203000086030000cd04000086050000fc0500007c060000
84060000db070000f207000005080000570800006008000098080000fa090000340a00004e0a0000610a0000f40a0000
430b0000790b00009d0b0000b10b0000c10b00009a100000f4190000551d0000641d0000df1d0000ea1e0000371f0000
9e1f0000f01f00008f2200001227000073270000ec2800002b2a00003f2a00004b2b0000cf3000006d33000076330000
f6340000143b0000303b0000be3b00000f3c000073010000d9010000fa030000eb040000eb050000e706000091080000
cd080000380c0000a3100000b5100000d11000001b1100008c1500001316000076160000e51700008d1a000018200000
192500004d2500006025000099270000a0280000e82a0000992c0000363000001331000091320000cb320000de320000
2003000012090000420c00000125000079320000d11000001b1100008c1500001316000076160000e51700008d1a0000
182000004d2500006025000099270000a0280000e82a000013310000cb320000de320000fa030000a7040000c3060000
e4060000f60600004507000073070000d70c0000f50d0000ef0f0000a610000045120000d314000016150000151e0000
ae1e00002a20000040210000572100002125000099270000a0280000512a00002e2b0000592b00005e2d000033300000
7d30000008320000523200009c3200009f000000de01000076020000a4030000750400002005000091060000a4060000
1207000037070000460700005207000099070000fc07000011080000d2080000fa0800001b1500008f16000054190000
bc1a00008a1e00002d210000a5270000a1280000c62800001629000014300000503000005b300000f231000036320000
f0320000fb0600005b070000f81f00005b2a000065300000a400000020030000ab03000020050000a30500008d060000
a5060000a7060000b1060000fb060000120700003707000046070000520700005b07000012090000420c00001b150000
8f16000054190000bc1a0000f81f000001250000a5270000a1280000c6280000162900005b2a0000712c000015300000
503000005b3000006530000079320000f032000073010000d9010000fa030000a7040000eb040000eb050000c3060000
e4060000e7060000f6060000450700007307000091080000cd080000380c0000d70c0000540d0000a00d0000f50d0000
d40e0000750f0000ef0f0000a3100000a6100000b5100000d1100000e2100000fb10000006110000101100001b110000
7e1100008d110000141200003312000045120000d3140000161500003c1500008c15000013160000761600009b160000
e5170000601900008d1a0000e11a0000151e0000961e0000ae1e0000182000002a200000392100004021000057210000
19250000212500004d25000060250000992700009a270000d7270000a0280000b2280000ce28000013290000512a0000
e82a00002e2b0000592b0000992c00005e2d000033300000363000007d300000fb3000000531000013310000fb310000
083200003e32000052320000913200009c320000cb320000de320000f832000020030000fb0600005b07000012090000
420c0000f81f000001250000a5270000a1280000c6280000162900005b2a00006530000079320000f0320000f50d0000
45120000d3140000151e0000ae1e00002a20000040210000572100002125000099270000a02800002e2b0000592b0000
08320000523200009c320000a4000000de0100007602000020030000ab03000075040000a30500008d060000a5060000
a7060000b1060000fb0600005b070000fc07000011080000d2080000fa08000012090000420c00008a1e0000f81f0000
2d21000001250000a5270000a1280000c6280000162900005b2a0000712c00001530000065300000f231000036320000
79320000f03200002f0d0000240e0000d30e0000540f0000740f000001100000821000001f11000057120000ba120000
181300008a13000097130000a41300000a14000039140000531400009d15000093170000b4170000491f000002200000
f12100000b2300001724000069240000cd270000962a0000aa2a0000d72a0000032b00001d2c0000582c0000bd2d0000
1f2e0000183100006a310000ca36000005370000513900009d3c00009c400000ce40000024410000a44100003f000000
1d0100004f010000e50100005203000056030000cd030000f80300003c0400008e040000c3040000060500007e050000
c405000048060000ad070000c6070000cd07000054080000b3090000460a00004b0a00006d0a00009f0a0000c20a0000
e60a0000ee0a0000fb0a00002e0b0000370b00003b0b00005f0b0000730b00008d0b0000910b0000e71100008f120000
3c140000ab14000022150000a7150000bd150000011600001b160000c01600004c1700005417000098170000be170000
7c190000fb190000371b0000df1c0000fc1c0000221f00002b1f0000551f0000d2210000a52200002123000094250000
b42700005428000092290000ca290000e2290000422a0000b12b0000e82b0000363300003e3300006a33000093330000
9b330000b23300007d3400009a340000b0340000cd340000073500008e3500005a3600007f360000833600004b370000
7f370000a23800001f3b0000af3b0000c53b0000fa3b00002b3c0000823e00005c2000002422000037220000072c0000
3f2c00000c41000095410000890100006b03000074040000fd040000480600006f060000620700006a090000b20a0000
ca0a00002e0b0000400b00005f0b0000730b0000a60b0000321300003c140000ab14000022150000a7150000bd150000
011600001b160000c01600004c1700005417000098170000be1700007c190000fb190000371b0000df1c0000fc1c0000
2b1f0000551f00005c2000002422000037220000a52200002123000094250000b42700005428000092290000ca290000
e2290000462a0000772a0000b12b0000e82b0000072c00003f2c0000ed2c0000342d00006c300000b43000007d340000
9a340000b0340000cd340000073500008e350000733600004b3700007f370000a23800007b3b0000fa3b00002b3c0000
823e00000c410000954100001d0000006e000000e7000000fb000000b9010000f1010000990200009a020000b6020000
e60200000c030000950600002907000048070000b0070000b80700001e080000d0080000e4080000b00c0000be0c0000
600d0000710d00008411000070150000ab1600000b18000055180000701800007e1800006e190000491d0000e41f0000
1027000054270000a3280000421800008c1800005c1a00000600000056000000a50200007d0600002108000003180000
01010000f10100009e020000b6020000e60200000c03000033060000290700002d0700004807000095080000900c0000
600d0000710d00008411000070150000ab1600000e180000211800004218000055180000701800007e1800008c180000
6e1900005c1a00001027000054270000a3280000eb000000650100006e01000092010000ab010000ae020000e5020000
8f030000fa030000a7040000c005000030060000b6060000bd060000840800008c080000a80800006c09000073090000
920900009c0a0000b60a0000390b00008f0b0000b20b0000ca0b00000b0c0000850c0000c90c0000d20c0000f60c0000
2a0d0000380d00003e0d0000860d00008a0d0000bb0d0000c50d0000c70d0000d60d0000d70d0000ef0d00000d0e0000
3a0e00002a0f00004c0f0000231000004d100000b8100000c31000006911000075110000851100009311000095110000
9b1100009d110000a8110000d9110000e0110000681200003513000067130000cc1300003d140000401400005a140000
5b14000069140000ac140000ba1400007b1500007f1500002517000096170000ba170000e618000093190000cb190000
0c1a0000401a0000441a0000531a0000591a0000611a00006b1a0000871a00007b1d0000841d0000c91d0000151e0000
521f0000891f0000ae1f0000122000001d2000006520000039220000402200005f220000ae220000e2220000fd220000
10230000242300004a230000902300009a2300009b230000be2300008e25000096250000b8250000d62500000a260000
122600000f2700002127000087270000ef280000a62a0000df300000e9330000ec3300008835000090350000b4350000
153600009f360000dc360000183800005038000059380000653b00007f3b0000053c0000d43c0000cf3d00000b3e0000
a2010000d1020000e40200003c030000fa090000430b0000740b0000790b0000b10b0000f30b0000f41900005a1a0000
7f1a00008f220000e1220000a6230000bb250000e02500001227000073270000ec280000b7350000223800000f3c0000
ce0d0000d60d0000d11000001b110000f41200000e1400005a14000013160000ae190000d2190000ed190000141a0000
591a0000c91d0000891f0000182000001d200000462000006520000040220000fd2200009a2300000f270000e82a0000
a22b0000aa2b00001331000073370000fa3900001f3d0000260000004f000000920000009b000000c30000007a010000
a2010000b501000048020000b3020000c5020000e40200003c0300008e030000ab030000f5040000860500008e050000
350600007c06000084060000db070000f2070000050800001c08000026080000280800006a0800006c0800006e080000
980800003c0900004f090000740b0000790b0000b10b0000c90b0000f30b00009a10000087190000bf1900005a1a0000
7f1a0000551d0000f01f00008f220000e1220000a6230000bb250000e02500001227000073270000ec2800000c2a0000
cf3000004f33000051330000b735000000360000023600004e360000223800007c04000092040000c3090000360c0000
7a2000002821000000250000ba2800007b29000012320000313200005a32000078320000e33200000533000011390000
f13a0000673c0000d83e0000dc01000028020000d0080000e4080000e50a0000f80a0000a2270000a3280000c7290000
f50d00004512000018140000d3140000151e0000ae1e00002a2000004021000057210000fd2100003624000021250000
99270000a02800009e2900002e2b0000592b000008320000523200009c3200004c3f00004541000076410000af090000
850b0000211f0000d41f0000d121000088220000312700005328000091290000f41200000713000026180000141a0000
061f0000651f0000921f00002e200000ae200000ed200000102200004f220000522300006f260000a6260000b9260000
862a000040390000b63a0000ca3f0000fb3f000013400000c7400000b9010000e1010000990200004a030000d0080000
e4080000af090000e50a0000f80a0000850b0000491d0000211f0000e41f0000d12100001027000054270000ac270000
53280000a328000091290000c7290000ae3b0000c23b0000813e00001a050000320500004d0700005a070000c1150000
05170000ba2800007b2900004f2a00005630000064300000b2300000be300000e332000005330000d0390000f13a0000
8c3c00004a4000002907000048070000191500004b17000012180000f8190000a2270000a3280000c7290000a0000000
a90000007b0200007e0600009206000013070000ff080000400a00005f0a0000240b0000c11a0000a21c0000a4000000
20030000ab030000b5030000a5040000a30500008d060000a5060000a7060000b1060000b7060000db060000fb060000
02070000120700005b0700005c0700007007000012090000570a00004f0b0000420c0000de0c00004d1100006b130000
bc1a0000051c0000161c0000931c0000f81f0000fc1f000041200000c2210000c621000014220000e923000001250000
542a00005b2a00005d2a00008b2b0000712c0000ff2c0000153000002930000065300000663000007a30000081300000
c83100007932000026340000fa3e00004b4000004d400000804000002a410000fc02000035030000470600002d0b0000
5e0b0000720b00003127000053280000912900004b000000740000005b0200008a0500001406000078070000de090000
350a0000680a0000120b0000a11a0000901c0000110000002a00000042020000510200002400000091000000c2000000
d200000049010000a1010000b40100003f020000dc0200003b03000043030000850300008505000081060000a8070000
780b00007e0b0000ae0b0000c00b0000ec1a0000311b0000f71c00008e22000047000000550000000b0100000c020000
1302000018020000a7030000da030000780400006905000086050000b2050000fc050000030600007c060000bf070000
020800004509000047090000fa090000120a0000320a0000340a00003b0a0000610a0000820a0000f40a0000f50a0000
090b0000d40b0000e90b0000100c000087120000f6170000f4190000061b0000d21b0000d21c00000f1d00006a250000
342600003826000086260000ed2900002f3300008a3300006035000055360000ab380000cb380000ed3800007b3a0000
7f3a0000cd3a0000123b0000d03e0000d23e0000053f0000af3f0000754000000f0000002d000000460000005a000000
d9000000f4010000f601000005020000a2020000730300008505000081060000a8070000780b00007e0b0000ae0b0000
c00b0000bb0c0000011b0000f71c00009f220000c6220000c722000082230000f1010000b6020000e60200000c030000
4706000029070000480700002d0b00005e0b0000720b00001e1500004b170000f81900009d2200001027000054270000
ac27000053280000a328000091290000c7290000f93b00002a3c0000813e0000080000002f000000570000006b000000
78000000b70000004102000056020000680200007e0200008a050000140600007e060000920600001307000078070000
ff080000de090000350a0000400a00005f0a0000680a0000120b0000240b0000ae1a0000c41a0000901c0000a21c0000
153b00002f3b0000dd3b0000ef3b00007c040000920400001a050000320500004d0700005a070000c3090000360c0000
e8100000ed120000c115000005170000fa1b0000691c00007a2000002821000000250000e52700000e2800003c280000
ba280000c1280000c5280000112900007b2900007f2900004f2a00005630000064300000b2300000be300000ef300000
5e310000bc310000da31000012320000313200005a32000078320000e3320000ea320000ef3200000533000006330000
1a330000e435000011390000ab390000d0390000323a0000f13a0000f53a0000673c00008c3c0000c53e0000d83e0000
4a400000dc010000280200002907000048070000d0080000e4080000e50a0000f80a0000a20d0000e310000035120000
f2130000191500004b17000012180000f8190000e31a0000bc1c00009b270000a2270000a3270000a3280000a4280000
b3280000a0290000c7290000c8290000fc0200003503000047060000af0900002d0b00005e0b0000720b0000850b0000
8f0d000035100000dd120000e5130000d01a0000af1c0000211f0000d41f0000d1210000882200003127000044270000
6f2700005328000066280000e82800009129000097290000d9290000b9010000e1010000f101000099020000b6020000
e60200000c0300004a030000470600002907000048070000d0080000e4080000af090000e50a0000f80a00002d0b0000
5e0b0000720b0000850b0000870d00008d0d0000980d0000a30d000035100000e310000035120000dd120000e5130000
f21300001e1500004b170000f8190000d91a0000e41a0000af1c0000bc1c0000491d0000211f0000e41f0000d1210000
9d22000010270000142700002a27000054270000562700006527000076270000ac270000ad2700005328000066280000
a3280000a4280000b3280000e82800009129000097290000a0290000c7290000c8290000d9290000ae3b0000c23b0000
f93b00002a3c0000f13c0000ff3c0000813e0000883e0000a43e0000d11000001b1100008c1500001316000041160000
761600009b170000e51700008d1a000018200000e02100004d2500006025000099270000a02800009e290000e82a0000
13310000cb320000de320000823f0000953f000098400000a40000007a010000760200002003000024030000ab030000
b5030000f504000061050000a30500008d060000a5060000a7060000b1060000fb0600005b070000db07000098080000
fa0800001209000016090000570a0000ba0a0000150b00004f0b0000530b00003b0c0000420c0000440c00009a100000
65160000261b0000e71c00002d1d0000f81f0000c2210000012500000225000016250000432500005b2a0000712c0000
ff2c0000153000006530000081300000cf300000793200007a3200008e320000c032000098330000dd3e0000fa3e0000
fc3e0000c13f00004b4000002400000091000000c2000000f6000000a101000046020000dc020000dd0200003b030000
8505000081060000b5070000780b0000870b0000ae0b0000af0b0000ad0c000058150000051d00008e22000096220000
d822000073230000d1000000010100002c0100008101000000020000240200003702000099020000ed020000f9020000
4a030000730400001e050000b005000044060000b906000095080000e0080000ce090000800a0000af0a0000850b0000
9a0b0000a50b0000b50b0000e40b0000f70b00002c0c00005d0c0000900c0000e50c0000600d0000710d0000db0d0000
ea0d000084110000a311000031130000601300003b1400005d140000aa140000b71400004615000049150000aa170000
bd170000001b0000f41c0000941f00009b1f00009c1f000093220000ba220000cd220000fe2200001f23000055230000
572300006623000077230000ad230000ae230000a3240000052500008625000093250000ca25000043260000ac260000
b2260000bb260000e2260000e3260000f4260000e0270000622f00007d3200007f3500008d3500000c3800008a3a0000
473b0000783b000019400000204000003c400000690d000023100000cc1300007114000022160000251700002d170000
7918000089180000401a0000531a0000591a00008624000052260000cc2b0000002c0000132c0000c4390000993a0000
1d3f0000fd400000104100008e41000047000000550000000c020000a7030000da0300001505000086050000fc050000
7c0600001c0800004e08000045090000470900007a09000096090000fa090000fe090000120a0000160a0000320a0000
340a00003b0a0000610a0000f40a0000d40b00006f0c00003111000033130000f6170000fd170000021800005b180000
30190000f4190000f5190000091a0000361a0000811c0000f123000034260000ed290000022a0000292a00006d2b0000
64330000be3300001834000055360000ab380000cb380000cf380000ed3800001f3a00007b3a0000123b0000d03e0000
5840000075400000774000003c4100000f0000002d000000460000005a000000f500000057010000f40100009b020000
a2020000a30200004c03000073030000740300008505000081060000b5070000780b0000870b0000ae0b0000af0b0000
56180000401b0000051d0000c6220000d1000000010100002c01000081010000b1010000f10100009e02000040030000
670300007a030000730400001e050000b0050000330600006e060000b90600002d0700005f0700009508000026090000
b2090000210a0000800a0000af0a0000720b00007c0b0000a20b0000b50b0000900c0000e50c0000390d0000b40d0000
0e0e00002f0e00007111000097110000bb110000c81100003113000060130000411400005e1400000e18000021180000
2e1800004218000045180000551800008c1800008e1800009d1800005c1a00005d1a00006c1a0000351b0000fa1c0000
d11f00000d20000054200000552000002f220000302200009d220000e0270000fd290000102a0000452a0000762a0000
bf2a0000cc2a0000062c00000c2c0000152c00003c2c00003d2c00004e2c0000ec2c000069300000fe3300000c340000
38360000da380000473b0000783b0000944100009b410000b7410000e60a0000fb0a0000ca2900002014000001220000
37240000a62900004f3f00004641000077410000b30900008d0b0000221f0000d51f0000d22100008922000032270000
5428000092290000b1010000fa01000017270000d60d00005a140000c91d0000891f00001d2000006520000040220000
fd2200000f2700000f130000b0200000ee2000005022000073260000a7260000c1260000872a000048390000ba3a0000
cb3f0000fc3f000014400000ca4000002b0e00005a140000891f000040220000422300005b230000e501000052030000
b3090000e60a0000fb0a00008d0b0000221f0000d2210000b42700005428000092290000ca290000af3b0000c53b0000
823e00004c170000fb190000ca290000fd02000036030000480600002e0b00005f0b0000730b00003227000054280000
922900008f020000ed020000172700002600000092000000c3000000d30000004a010000a2010000b501000040020000
e40200003c03000044030000860300008605000084060000a9070000790b00007f0b0000b10b0000c10b0000ed1a0000
321b0000f81c00008f220000470000005d000000760300008605000084060000a9070000790b00007f0b0000b10b0000
c10b0000bc0c0000f81c0000aa220000c9220000cb22000083230000480600002e0b00005f0b0000730b000022150000
4c170000fb190000a5220000b42700005428000092290000ca290000fa3b00002b3c0000823e0000e60a0000fb0a0000
f31300004c170000fb190000bd1c0000ab290000ca290000cc290000fd0200003603000048060000b30900002e0b0000
5f0b0000730b00008d0b0000900d000036100000df120000e6130000d11a0000b01c0000221f0000d51f0000d2210000
892200003227000045270000702700005428000067280000e92800009229000098290000da290000b1010000fa010000
8f020000ed020000880d00008c0d0000172700001d27000028270000e50100005203000048060000b3090000e60a0000
fb0a00002e0b00005f0b0000730b00008d0b0000a50d000036100000df120000e6130000f3130000221500004c170000
fb190000e61a0000b01c0000bd1c0000221f0000d2210000a522000078270000b4270000b82700005428000067280000
e92800009229000098290000ab290000ca290000cc290000da290000af3b0000c53b0000fa3b00002b3c0000f23c0000
003d0000823e0000893e0000a53e0000421600009f170000e8210000a6290000833f0000983f000099400000380d0000
0d0e0000401400007f150000ba170000611a000090230000be2300000f2700002600000092000000c3000000f8000000
a201000048020000e4020000e80200003c0300008605000084060000b6070000790b0000920b0000b10b0000b30b0000
ae0c000059150000061d00008f22000097220000d92200007423000089010000fd02000052030000740400001f050000
b1050000480600006a090000810a0000b20a00008d0b0000a60b0000e50b0000fa0b00002d0c00005e0c0000ed0c0000
ec0d0000a511000032130000631300003c140000ab140000b8140000ab170000be170000f51c0000be22000021230000
79230000b5230000b9230000a4240000082500008725000094250000cb25000044260000ad260000b3260000c6260000
e5260000e7260000f5260000e1270000632f000080320000803500008e3500000d3800008b3a0000483b00007b3b0000
1a400000214000003d400000721400002416000031170000872400005a260000cd2b0000012c00001b2c0000c8390000
a13a00001e3f0000fe400000134100008f41000040140000a3150000ba17000092180000611a00001b23000047000000
5d000000580100005703000076030000780300008605000084060000b6070000790b0000920b0000b10b0000b30b0000
411b0000061d0000c9220000890100006b030000740400001f050000b10500006f06000062070000270900006a090000
b3090000220a0000810a0000b20a0000730b0000a60b0000ed0c0000310e000072110000bc110000c911000032130000
6313000060140000371b0000fc1c0000d51f00000f2000005c20000060200000372200003b220000a5220000e1270000
fe290000132a0000462a0000772a0000c02a0000cd2a0000072c00000d2c0000202c00003f2c0000412c00004f2c0000
ed2c00006c300000ff3300000d34000039360000db380000483b00007b3b0000954100009c410000b84100000f130000
201e0000b0200000ee2000005022000073260000a7260000c1260000872a000048390000bb3900006c3a0000ba3a0000
5b3e0000cb3f0000d43f0000fc3f000014400000ca4000002b0e00000e1400005a140000611f0000691f0000891f0000
40220000422300005b230000f412000026180000141a0000061f0000651f0000921f00002e2000001022000052230000
ce0d0000d60d0000f41200000e1400005a140000141a0000981d0000c91d0000d31d0000061f0000611f0000651f0000
691f0000891f0000921f00001d200000652000001022000040220000fd2200000f2700001f3d00004c3e0000513e0000
470000005d000000760300008605000084060000a90700004e0a0000610a0000430b0000790b00007f0b0000b10b0000
c10b0000bc0c000068130000f81c0000301f0000371f0000391f0000781f0000aa220000c9220000cb22000083230000
47000000550000000b0100000c020000130200001802000086050000b2050000fc050000030600007c06000002080000
fa090000340a0000610a0000820a0000f40a0000f50a0000090b0000f6170000f4190000061b0000d21b0000d21c0000
0f0000002d000000d9000000f4010000f601000005020000a2020000011b000026000000920000009b000000c3000000
d30000004a010000a2010000b501000040020000d1020000e40200003c030000440300008603000086050000b2050000
fc050000030600007c06000084060000a907000002080000fa090000340a00004e0a0000610a0000820a0000f40a0000
f50a0000090b0000430b0000790b00007f0b0000b10b0000c10b0000fd0c000068130000f4190000ed1a0000321b0000
d21b0000d21c0000f81c0000581d0000641d0000681d0000b41d0000301f0000371f0000391f0000781f00008f220000
143b0000303b0000493b0000be3b0000bf3b0000d33b00000f3c00002f3e000089010000fd0200005203000074040000
1f05000063050000b1050000480600006a090000810a0000b20a0000ca0a0000370b00005f0b00008d0b0000a60b0000
e50b0000fa0b00002d0c00005e0c0000ed0c0000ec0d0000a511000032130000631300007b130000301400003c140000
ab140000b8140000ab170000be170000f51c0000e61d00004e1e0000341f0000551f0000731f00007f1f0000831f0000
be2200002123000079230000b5230000b9230000a4240000082500008725000094250000cb25000044260000ad260000
b3260000c6260000e5260000e7260000f5260000e1270000e52e0000632f000014320000803200000735000080350000
8e35000073360000f53600000d3800008b3a0000483b00007b3b0000eb3e0000fe3e0000543f0000d93f0000e03f0000
e23f00001a400000214000003d400000d1000000010100002c01000000020000240200003702000099020000ed020000
b906000095080000e0080000ce0900009a0b0000b50b0000900c0000600d0000710d0000db0d0000841100005d140000
4615000049150000001b0000941f00009b1f00009c1f000093220000cd220000fe220000552300005723000066230000
fd02000036030000a1040000bd0400001f05000048060000cf06000030090000a6090000b3090000d3090000220a0000
f30a00002e0b00005f0b0000730b00008d0b0000900d0000361000008e1000008911000097120000df1200001f130000
e6130000ef150000d11a0000b01c0000e51e0000ee1e0000011f0000191f00001d1f0000221f00002b1f0000d51f0000
d221000089220000eb2300004f2400003227000045270000702700005428000067280000e92800009229000098290000
da290000fe2900000b2a0000882a00003f2b0000462b00004a2b00001c3000008e300000c23000002c310000e3330000
4a340000f13400004236000081360000bc380000db3800001b39000058390000503a0000543a0000bd3b000066400000
79400000cf400000544100005b4100005d41000077010000b1010000fa0100008f020000ed0200005f0300007a030000
b906000095080000e0080000ce0900009a0b0000b50b0000db0c0000880d00008c0d00002e0e0000841100005d140000
441d00004d1d00007f1d0000d51d0000dc1d0000dd1d0000941f00009b1f00009c1f0000172700001d27000028270000
e5010000520300008e040000b3090000e60a0000ee0a0000fb0a0000370b00008d0b0000221f0000d2210000b4270000
5428000092290000ca290000e22900007f36000083360000a2380000af3b0000c53b0000823e0000b901000099020000
d0080000e4080000491d0000e41f00001027000054270000a3280000d60d00003a0e0000681200005a14000069140000
591a0000c91d0000151e0000891f0000ae1f00001d2000006520000039220000402200005f220000fd2200004a230000
9a2300000a260000122600000f270000a62a0000dc3600005038000059380000480600002e0b00005f0b0000730b0000
22150000bd1500004c17000054170000fb1900002b1f0000a5220000b42700005428000092290000ca290000e2290000
4b3700007f370000a2380000fa3b00002b3c0000823e0000f1010000b6020000e60200000c0300002907000048070000
1027000054270000a3280000080000002f000000570000006b0000004102000056020000680200007e06000092060000
13070000ff080000ae1a0000260000004f000000920000009b000000c3000000d30000004a010000a2010000b5010000
40020000e40200003c03000044030000860300008e030000ab030000a5040000860500008e0500007c06000084060000
a7070000a9070000cb0700006a0800006c0800006e0800003c0900004f090000740b0000760b0000790b00007f0b0000
b10b0000bf0b0000c10b0000c90b0000f30b0000f40b0000080c0000c00c0000ee110000ed1a0000321b0000f61c0000
f81c00001b1d00008f220000b5220000e1220000e522000087230000d9250000e0250000e2250000212600000c2a0000
3c33000000360000023600004e3600001b380000223800002438000069380000e5010000520300008e04000048060000
b3090000e60a0000ee0a0000fb0a00002e0b0000370b00005f0b0000730b00008d0b0000a50d000036100000df120000
e6130000f3130000f713000022150000bd1500004c17000054170000fb190000e61a0000b01c0000bd1c0000c11c0000
221f00002b1f0000d2210000a522000078270000b4270000b8270000322800005428000067280000e928000092290000
98290000ab290000b6290000ca290000cc290000da290000e2290000e62900007f36000083360000283700004b370000
7f370000c33700009b380000a2380000a4380000af3b0000c53b0000fa3b00002b3c0000f23c0000003d0000823e0000
893e0000a53e0000b9010000f101000099020000b6020000e60200000c0300002907000048070000d0080000e4080000
870d00008d0d0000980d0000e310000035120000d91a0000491d0000e41f000010270000142700002a27000054270000
5627000065270000a3280000a4280000b3280000380d00000d0e00003a14000040140000911400007f150000ab150000
13160000f8160000ba170000c2170000b2190000611a0000d31d0000921f00002a23000090230000be230000fb250000
0f270000a62b0000dc2b0000433700007737000041380000260000004f000000920000009b000000c3000000f8000000
5c010000a201000048020000e4020000e80200003c030000620300008e03000092030000ab030000f504000086050000
8e0500007c06000084060000b6070000ba0700006a0800006c0800006e080000b9080000350900003c0900003e090000
4f090000740b0000790b0000920b00009d0b0000b10b0000b30b0000c90b0000cd0b0000f30b0000ae0c00003d110000
59150000451b0000521c0000061d00000a1d00008f22000097220000d9220000e122000074230000e02500000c2a0000
0d2a0000212a0000792b0000cb3300000036000002360000473600004e36000050360000b2370000223800007c040000
c3090000360c00007a2000002821000000250000ba2800007b29000012320000313200005a32000078320000e3320000
05330000dc01000028020000d0080000e4080000a2270000a3280000f50d000045120000d3140000151e0000ae1e0000
2a20000040210000572100002125000099270000a02800002e2b0000592b000008320000523200009c3200001a050000
320500004d0700005a07000005170000ba2800007b2900004f2a00005630000064300000b2300000be300000e3320000
0533000029070000480700001915000012180000a2270000a3280000a0000000a90000007b0200007e06000092060000
13070000ff080000c11a0000a400000020030000ab030000a5040000a30500008d060000a5060000a7060000b1060000
b7060000db060000fb06000002070000120700005b0700005c0700007007000012090000420c0000de0c00004d110000
bc1a0000051c0000161c0000f81f0000fc1f00004120000001250000542a00005b2a00005d2a00008b2b0000712c0000
153000002930000065300000663000007a300000c8310000793200007c0400001a050000320500004d0700005a070000
c3090000360c0000e8100000ed12000005170000fa1b0000691c00007a2000002821000000250000e52700000e280000
ba280000c1280000c5280000112900007b2900007f2900004f2a00005630000064300000b2300000be300000ef300000
5e310000bc310000da31000012320000313200005a32000078320000e3320000ea320000ef3200000533000006330000
1a330000dc010000280200002907000048070000d0080000e4080000a20d0000e3100000351200001915000012180000
e31a00009b270000a2270000a3270000a3280000a4280000b3280000d11000001b1100008c1500001316000076160000
e51700008d1a0000182000004d2500006025000099270000a0280000e82a000013310000cb320000de320000a4000000
7a010000760200002003000024030000ab030000f5040000a30500008d060000a5060000a7060000b1060000fb060000
5b070000db07000098080000fa08000012090000160900003b0c0000420c0000440c00009a10000065160000261b0000
2d1d0000f81f0000012500000225000016250000432500005b2a0000712c00001530000065300000cf30000079320000
7a3200008e320000c0320000721400001e1600002416000031170000872400005a260000cd2b0000012c00001b2c0000
c8390000eb390000633a0000a13a0000ea3d00001e3f0000fe4000000b410000134100008f41000040140000a3150000
96170000ba17000092180000441a0000611a0000521f00001b230000470000005d000000580100005703000076030000
780300008605000084060000b60700004e0a0000610a0000b70a00003c0b0000430b0000450b0000790b0000920b0000
b10b0000b30b0000411b0000e41c0000061d0000371f0000c9220000890100006b03000074040000fd0400001f050000
b10500006f06000062070000270900006a090000b3090000220a0000810a0000b20a0000ca0a0000400b0000730b0000
a60b0000ed0c0000310e000072110000bc110000c911000032130000631300007b1300001114000060140000371b0000
df1c0000fc1c00002b1f0000d51f00000f2000005c20000060200000d2210000f8210000242200002822000037220000
3b220000a5220000eb23000073240000e1270000fe290000132a0000462a0000772a0000c02a0000cd2a0000072c0000
0d2c0000202c00003f2c0000412c00004f2c0000ed2c0000342d00006c300000b4300000ff3300000d3400005a340000
3936000073360000f5360000db380000483b00007b3b00004c400000794000009a4000000c4100000d41000021410000
954100009c410000b8410000690d000023100000cc130000251700007918000089180000401a0000531a0000591a0000
47000000550000000c02000086050000fc0500007c0600001c0800007a090000fa090000fe090000340a0000610a0000
f40a00006f0c000033130000f6170000fd170000021800005b18000030190000f4190000f5190000091a0000361a0000
0f0000002d000000f5000000f40100009b020000a2020000a302000056180000d1000000010100002c010000b1010000
f10100009e020000400300007a03000033060000b90600002d070000950800007c0b0000b50b0000900c0000390d0000
b40d00000e0e000097110000411400000e180000211800002e1800004218000045180000551800008c1800008e180000
9d1800005c1a00005d1a00006c1a0000fd0200003603000074040000f10400006305000048060000cf060000a6090000
b3090000030a00002e0b0000370b00005f0b0000730b00008d0b0000e50b0000f20b0000900d0000361000008e100000
97120000df12000000130000e613000073140000b6180000d5180000131900005c190000ba190000f3190000731a0000
7a1a00007e1a0000d11a0000b01c0000221f0000d51f0000d221000089220000b6250000d4250000442600006a260000
962600009a2600003227000045270000702700005428000067280000e92800009229000098290000da2900001c300000
8e300000c23000002c310000a4340000c0340000b23500007d37000016380000c4380000023a00008b3a0000b13a0000
dd3a0000e13a0000033c0000d13e0000fe3e00001f3f0000913f0000923f0000a63f000077010000b1010000fa010000
8f020000b1020000ba020000ed02000033060000b90600002d070000950800007c0b0000b50b0000db0c0000880d0000
8c0d0000c90d000097110000411400005c1a00005d1a00006c1a0000b2220000cd2200001e2300009c230000a3230000
a4230000172700001d27000028270000380d00000d0e000023100000cc130000401400007b1500007f15000025170000
96170000ba170000401a0000441a0000531a0000591a0000611a0000841d0000521f0000902300009a230000be230000
0f270000d43c0000cf3d00000b3e000026000000920000009b000000c3000000f800000099010000a201000048020000
c5020000d1020000d5020000e4020000e80200003c03000086050000fc0500007c06000084060000b60700001c080000
7a090000fa090000fe090000340a00004e0a0000610a0000b70a0000f40a00003c0b0000430b0000450b0000790b0000
920b0000b10b0000b30b0000ae0c0000331300005915000030190000f4190000f5190000091a0000361a00001a1b0000
e41c0000061d0000641d0000371f00008f22000097220000d922000074230000143b0000303b0000803b0000be3b0000
083c00000f3c0000113c0000003e00006804000030060000630600008c080000730900007f0900008c0a00007d0c0000
8d0c0000690d00008e0e000023100000731200002b1300003513000067130000cc130000711400002216000025170000
2d1700001e18000079180000891800000c1a0000401a0000531a0000591a0000f42300008624000052260000702a0000
cc2b0000002c0000132c0000e12c0000e3360000b03800006f390000c4390000993a0000553b00001d3f000055400000
fd400000104100008e410000fa090000120a0000f6170000f4190000ed290000cb38000075400000a202000073030000
ae0b0000421800008c1800005c1a0000542000002f220000062c00003c2c000094410000690d000023100000cc130000
7114000022160000251700002d1700007918000089180000401a0000531a0000591a00008624000052260000cc2b0000
002c0000132c0000c4390000993a00001d3f0000fd400000104100008e41000001010000810100009e02000067030000
73040000330600006e0600002d0700005f07000095080000af0a0000a20b0000900c0000311300000e18000021180000
421800008c1800005c1a0000542000002f220000452a0000762a0000062c00003c2c0000ec2c000069300000783b0000
94410000190100002901000034020000ed0300005d040000180500006c050000c0050000b606000082090000cb090000
7a0a0000840a0000b60a00000c0b0000570c000070120000f4120000071300003d13000026180000141a0000061f0000
651f0000921f00002e200000ae200000ed200000102200004f22000052230000982400006f260000a6260000b9260000
862a0000572f000061360000b33800000439000040390000b63a0000413b0000093f0000ca3f0000fb3f000013400000
c7400000c0000000fe0200003903000098030000c9030000770400001b05000038050000830500009905000049060000
a00700003d0800004a080000b8090000be090000700a0000310b0000600b0000760b00009d0b0000140c000000170000
251f0000d61f0000802000005c210000d32100008c220000662500003327000055280000f82800006b29000093290000
2d2a0000672c0000563300006033000085330000ae330000ba330000f8340000173500003e3500005c350000c7350000
e1350000210000007a000000b2010000cf010000fd0100001a02000094020000ee0200007c070000f107000004080000
18080000370800000c150000041800001827000081270000eb2800001d0000003b0000006e000000ec0000006a010000
93010000b9010000e1010000f101000099020000b6020000e6020000ea0200000c0300004a0300009403000001040000
ce0400007a05000047060000950600002907000048070000b2070000d3070000e5070000340800006208000088080000
d0080000e408000074090000af0900003d0a00006c0a0000e50a0000f80a00002d0b00005e0b0000720b0000850b0000
cf0b0000b70c0000db0d0000ea0d0000e20f00009b100000a31100005d140000b7140000081500001e1500004b170000
f81900007a1b0000491d0000ce1d0000e11e0000211f00008d1f0000e41f00001e200000242000006620000072210000
89210000d1210000412200009d220000fe2200008625000010270000142700005427000076270000ac27000053280000
a3280000e828000091290000c72900002f2a0000212b00004c2b0000512d0000d030000078330000ed34000035350000
7f3500001a3b0000ae3b0000c23b0000f93b00002a3c0000813e00000c020000fc050000f40a0000d40b000034260000
7b3a0000d03e0000f4010000780b0000c62200000c00000087000000790700000600000056000000b3000000a3010000
3d030000750500007d060000eb0700004b080000330a00005d0a00007a0b0000e81f00003c2a000061330000133b0000
47000000550000000c020000fe02000039030000a7030000da0300001b0500003805000086050000fc05000049060000
7c0600003d0800004a0800004509000047090000fa090000120a0000320a0000340a00003b0a0000610a0000f40a0000
310b0000600b0000760b0000d40b000000170000f6170000f4190000342600003327000055280000f82800006b290000
93290000ed2900002d2a00005633000060330000ae330000ba330000c7350000e135000055360000ab380000cb380000
ed3800007b3a0000123b0000d03e0000754000000f0000002d000000460000005a000000f401000094020000a2020000
ee0200007303000085050000810600001808000037080000780b0000ae0b00000c15000004180000c622000018270000
81270000eb280000d10000002c0100000002000024020000370200001e050000b0050000b9060000e0080000ce090000
800a0000a50b00002c0c00005d0c0000e50c00006013000046150000aa1700009b1f0000ba22000055230000ad230000
a324000005250000ac260000e2260000622f00007d320000473b000019400000270000008400000095000000c4000000
a3010000f4020000100300003d030000aa030000870500009c050000890600009f0600008307000095070000a1070000
eb070000300800004b0800007a0b0000b60b0000230c0000e81f000090220000672500003c2a00006a2c00000f300000
613300005d350000190100002901000034020000ed0300005d04000068040000180500006c050000c005000030060000
63060000b60600008c080000730900007f09000082090000cb0900007a0a0000840a00008c0a0000b60a00000c0b0000
570c00007d0c00008d0c0000690d0000e00d00000a0e00008e0e0000d50e00006f0f0000930f0000231000005e100000
ab110000b81100007012000073120000bd120000c2120000f4120000071300002b130000351300003d13000067130000
cc130000011400002a1400003d1400004f14000071140000ad140000221600000b170000251700002d1700001e180000
2618000079180000891800000c1a0000141a0000401a0000531a0000591a0000061f0000451f0000651f0000921f0000
032000002e200000a1200000ae200000ed20000067210000f2210000102200004f220000fa22000052230000f4230000
862400009824000083250000522600006f260000a6260000b9260000ba270000c927000021280000602800007d280000
1d290000e8290000702a0000862a0000c22a0000cc2b0000002c0000132c0000e12c0000572f0000cc2f0000ef330000
fb3300005234000064340000ff3400001e350000483500007c350000f835000061360000e3360000b0380000b3380000
04390000403900006f390000c4390000993a0000b63a0000413b0000553b0000093f00001d3f0000ca3f0000fb3f0000
1340000055400000c7400000fd400000104100008e4100000c020000fc050000fa090000120a0000f40a0000d40b0000
f6170000f4190000342600003327000055280000f82800006b29000093290000ed290000c7350000e1350000cb380000
7b3a0000d03e000075400000f4010000a202000073030000780b0000ae0b0000c62200001827000081270000eb280000
d1000000010100002c010000810100000002000024020000370200009e02000067030000730400001e050000b0050000
330600006e060000b90600002d0700005f07000095080000e0080000ce090000800a0000af0a0000a20b0000a50b0000
2c0c00005d0c0000900c0000e50c0000390d0000db0d0000ea0d00000e0e000071110000a3110000bb11000031130000
60130000411400005d140000b714000046150000aa1700000e18000021180000421800008c1800005c1a00009b1f0000
0d200000542000002f220000ba220000fe22000055230000ad230000a32400000525000086250000ac260000e2260000
262700007d27000094270000be270000e02700006428000081280000ab280000c7280000f12800000d29000020290000
452a0000762a0000cc2a0000062c00003c2c0000ec2c0000622f0000d02f0000693000007d320000f1320000fe330000
7f350000473b0000783b000019400000944100001d0000003b0000006e000000ee00000053010000ae010000b9010000
cb010000e1010000f101000099020000b6020000e60200000c0300004a030000f5030000c00400007a050000c1050000
de0500004706000095060000c0060000dc0600002907000048070000b1070000ed070000d0080000e4080000af090000
3d0a00006c0a0000e50a0000f80a00002d0b00005e0b0000720b0000850b00009f0b0000160c0000ce0c0000f70c0000
390d00000e0e0000451100005711000071110000bb110000411400001e150000801500008615000000160000b0160000
4b170000bb170000d8170000f8190000641a0000801a0000491d0000211f0000e41f00000d200000d12100009d220000
e722000095230000bf2300007e250000b2250000c525000010270000142700005427000076270000ac27000053280000
a3280000e828000091290000c7290000cc2a00008c2c00002a300000fe33000074350000ae350000c13500001a3b0000
ae3b0000c23b0000f93b00002a3c0000813e000046150000aa1700009b1f000055230000ad230000ac260000e2260000
194000000600000056000000b3000000f402000010030000750500007d06000030080000330a00005d0a0000b60b0000
230c000090220000672500005d350000133b00000101000081010000f101000099020000b6020000e6020000ed020000
f90200000c0300004a030000730400004406000047060000290700004807000095080000af0a00002d0b00005e0b0000
720b0000850b00009a0b0000b50b0000e40b0000f70b0000900c0000390d00000e0e000071110000bb11000031130000
411400001e15000046150000801500008615000000160000b01600004b170000aa170000bb170000d8170000f8190000
641a0000801a00009b1f00000d200000932200009d220000cd2200005523000095230000ad230000bf230000b2250000
c5250000ca25000043260000ac260000e226000010270000142700005427000076270000ac27000053280000a3280000
e828000091290000c7290000cc2a0000fe330000ae350000c13500000c3800008a3a0000783b0000f93b00002a3c0000
813e000019400000f41200000713000026180000141a0000061f0000651f0000921f00002e200000ae200000ed200000
102200004f220000522300006f260000a6260000b9260000862a000040390000b63a0000ca3f0000fb3f000013400000
c740000047000000550000000c020000a7030000da0300007704000086050000fc0500007c0600004509000047090000
b8090000be090000fa090000120a0000320a0000340a00003b0a0000610a0000f40a00009d0b0000d40b0000140c0000
f6170000f4190000251f0000d61f0000802000005c210000d32100008c22000066250000342600003327000055280000
f82800006b29000093290000ed290000f8340000173500003e3500005c350000c7350000e135000055360000ab380000
cb380000ed3800007b3a0000123b0000d03e0000754000000f0000002d000000460000005a000000b2010000cf010000
f4010000fd0100001a020000a2020000730300008505000081060000f107000004080000780b0000ae0b0000c6220000
1827000081270000eb280000d10000002c010000b1010000b9010000e1010000f101000099020000400300004a030000
7a0300001e050000b0050000b9060000d0080000e408000026090000af090000b2090000210a0000800a0000e50a0000
f80a0000720b00007c0b0000850b0000b50b0000e50c0000db0d0000ea0d0000a3110000601300005d140000b7140000
421800008c1800005c1a00007a1b0000491d0000ce1d0000e11e0000211f00008d1f0000d11f0000e41f00001e200000
2420000054200000662000007221000089210000d12100002f220000412200009d220000fe2200008625000010270000
142700005427000076270000ac27000053280000a3280000e828000091290000c7290000fd290000102a0000212b0000
4c2b0000062c00003c2c0000ed340000353500007f35000038360000da380000473b0000ae3b0000c23b0000813e0000
94410000ee0300006c0400006706000083090000920a00008f0e0000741200002c130000721400002416000031170000
f5230000872400005a260000712a0000cd2b0000012c00001b2c0000e52c0000e4360000b438000070390000c8390000
a13a00005b3b00001e3f00005e400000fe400000134100008f410000190100003101000054030000c0050000bd060000
8f0b000040140000a3150000ba17000092180000611a00001b2300002f0d0000240e0000d30e0000740f000001100000
821000001f11000057120000ba120000181300008a1300009713000039140000531400009d150000b417000002200000
0b230000cd270000962a0000aa2a0000d72a0000032b00001d2c0000582c0000bd2d000018310000ca36000051390000
9d3c0000a441000076030000b10b00005c20000037220000072c00003f2c000095410000721400002416000031170000
872400005a260000cd2b0000012c00001b2c0000c8390000a13a00001e3f0000fe400000134100008f41000040140000
a3150000ba17000092180000611a00001b230000890100006b030000740400006f060000620700006a090000b20a0000
a60b0000321300005c20000037220000462a0000772a0000072c00003f2c0000ed2c00006c3000007b3b000095410000
ee0300005e040000190500006d050000830900007b0a0000580c0000741200000f13000043130000b0200000ee200000
502200009c24000073260000a7260000c1260000872a00005b2f000062360000b43800000539000048390000ba3a0000
423b00000a3f0000cb3f0000fc3f000014400000ca4000008408000073090000ca0b00007d0c0000950c00002b0e0000
5a140000891f000040220000a7220000422300005b2300003f000000e50100005203000002040000cf0400007e050000
48060000b3070000d4070000e60700003508000063080000b3090000460a00006d0a0000e60a0000fb0a00002e0b0000
5f0b0000730b00008d0b0000b90c0000ec0d0000e30f00009c100000a5110000b81400000a150000221500004c170000
fb1900007b1b0000e21e0000221f000026200000732100008a210000d2210000a52200008725000078270000b4270000
54280000e928000092290000ca290000332a0000222b00004d2b0000522d0000d130000079330000ee34000036350000
803500001f3b0000af3b0000c53b0000fa3b00002b3c0000823e0000790b0000c9220000470000005d00000076030000
86050000840600001908000038080000790b0000b10b00000d15000005180000c922000082270000ec2800001f050000
b1050000810a0000a60b00002d0c00005e0c0000ed0c000063130000ab170000be220000b5230000a424000008250000
ad260000e5260000632f000080320000483b00001a400000ee0300005e0400006c040000190500006d05000067060000
830900007b0a0000920a0000580c00008f0e0000d70e0000700f0000940f0000ac110000b911000074120000c4120000
0f1300002c1300004313000072140000af140000241600000d17000031170000a2200000b0200000ee20000068210000
50220000f5230000872400009c240000842500005a26000073260000a7260000c1260000cf270000222800007f280000
1e290000712a0000872a0000c42a0000cd2b0000012c00001b2c0000e52c00005b2f0000ce2f0000f0330000fc330000
5334000065340000003500001f350000493500007d350000f935000062360000e4360000b43800000539000048390000
70390000c8390000a13a0000ba3a0000423b00005b3b00000a3f00001e3f0000cb3f0000fc3f0000144000005e400000
ca400000fe400000134100008f410000190100003101000054030000c0050000bd06000084080000730900008f0b0000
ca0b00007d0c0000950c00004c0d0000720d00002b0e0000751100008511000093110000a8110000401400005a140000
34150000a3150000ba1700002f18000092180000611a0000891f000040220000a72200001b230000422300005b230000
7a270000ef28000076030000790b0000b10b0000c922000082270000ec280000890100006b030000740400001f050000
b10500006f060000620700006a090000810a0000b20a0000a60b00002d0c00005e0c0000ed0c0000ec0d000072110000
a5110000bc1100003213000063130000b8140000ab1700000f2000005c20000037220000be220000b5230000a4240000
0825000087250000ad260000e52600007f270000e127000082280000c8280000f22800000e29000021290000462a0000
772a0000cd2a0000072c00003f2c0000ed2c0000632f0000d12f00006c30000080320000f2320000ff33000080350000
483b00007b3b00001a400000954100002f0d0000df0d00001b0e0000d30e0000740f0000011000005d1000008a130000
971300004a140000531400008114000095140000c2140000ee14000038220000142300003c230000c324000025250000
ea25000063260000c3260000fe260000cd270000822f0000a13200002f380000aa3a00009d3c0000294000003f000000
55010000cd010000e501000052030000f8030000c30400007e050000df05000048060000dd060000b3070000ef070000
b3090000460a00006d0a0000e60a0000fb0a00002e0b00005f0b0000730b00008d0b00001a0c00004611000058110000
72110000bc110000221500008815000001160000b11600004c170000d9170000fb190000811a0000221f00000f200000
d2210000a52200007f250000b3250000c625000078270000b427000054280000e928000092290000ca290000cd2a0000
8d2c00002b300000ff33000075350000af350000c23500001f3b0000af3b0000c53b0000fa3b00002b3c0000823e0000
ab170000b5230000ad260000e52600001a40000089010000fd0200005203000074040000480600006a090000b20a0000
2e0b00005f0b0000730b00008d0b0000e50b0000fa0b000072110000bc11000032130000221500008815000001160000
b11600004c170000ab170000d9170000fb190000811a00000f200000a5220000b5230000b3250000c6250000cb250000
44260000ad260000e526000078270000b427000054280000e928000092290000ca290000cd2a0000ff330000af350000
c23500000d3800008b3a00007b3b0000fa3b00002b3c0000823e00001a4000000f130000b0200000ee20000050220000
73260000a7260000c1260000872a000048390000ba3a0000cb3f0000fc3f000014400000ca4000002b0e00005a140000
891f000040220000422300005b230000470000005d000000d00100001b020000760300008605000084060000f2070000
05080000790b0000b10b0000c922000082270000ec280000e5010000520300001f050000b105000027090000b3090000
220a0000810a0000e60a0000fb0a0000730b00008d0b0000ed0c0000ec0d0000a511000063130000b81400007b1b0000
e21e0000221f0000d51f0000262000005c200000732100008a210000d221000037220000a52200008725000078270000
b427000054280000e928000092290000ca290000fe290000132a0000222b00004d2b0000072c00003f2c0000ee340000
363500008035000039360000db380000483b0000af3b0000c53b0000823e000095410000df0d0000050e0000050f0000
210f0000740f00005d100000bf1000005f120000b4120000ba120000d312000018130000c9130000fd13000029140000
391400004a140000121e0000801e0000fa1e0000411f0000491f000002200000f1210000f52200001724000051240000
b52700005d280000e3290000962a0000a32a0000652b0000da2e0000d930000045310000d33600001737000032390000
51390000a7390000d13c0000b4400000ce40000051410000191f00003227000054280000922900003f2b0000503a0000
5b410000dc1d00009b1f000017270000380d0000d60d00000d0e00003a0e00002310000068120000cc13000040140000
5a14000069140000841d0000d81d0000151e0000831e0000b21e0000521f0000971f0000fd220000252700008f270000
bd27000063280000a8280000a62a0000552b0000682b0000dd2e00000c320000dc360000d43c00001d01000047010000
830200009f030000c0030000f80300003c0400007c040000a4040000b30400001a05000032050000a1050000c4050000
b00600004d0700005a070000a6070000c6070000ca07000016080000c3090000e3090000870a0000c20a00002a0b0000
360c0000ea1100008f120000df12000000130000051700005c190000d11a00006e1c0000b01c0000fc1c0000171e0000
581e00000b1f0000701f0000bc1f00003a2000007a200000c6200000282100007a2100001c2200007123000000250000
a8250000ba2800007b2900004f2a00006f2c0000c02e0000563000006430000089300000b2300000be30000012320000
313200005a32000078320000e332000005330000363300003b3300008b3300009b330000ad330000a4340000c0340000
0d3500002835000053350000a33500009d000000e0000000fb000000dc01000028020000570200009506000029070000
48070000aa070000b80700000b080000d0080000e4080000b60c0000be0c00008c0d0000c90d00009711000019150000
12180000f01a0000021b00005a1d0000951d0000a51d0000d21e0000d71e0000a2270000a3280000a700000043020000
7d060000030800005d1d0000a4000000d30000004a0100004f020000730200008602000020030000ab030000a5040000
a30500008d060000a5060000a7060000b1060000fb0600005b070000a7070000a9070000cb0700000908000010080000
17080000f708000012090000e6090000420c0000c00c0000ee11000059150000a1160000061d00005c1d0000c01d0000
591e00008b1e0000c11f0000f81f00007423000001250000a92500005b2a0000712c0000c12e00001530000065300000
f3310000793200003c330000a4350000eb000000650100007301000092010000d9010000e50200008f030000fa030000
eb040000c0050000eb050000b6060000e70600008408000091080000cd08000073090000cb090000840a0000b60a0000
0c0b0000ca0b0000380c0000d20c0000f60c0000010d00001d0d0000210d00008a0d00008b0d00009e0d0000a80d0000
c70d0000ce0d0000d60d0000d70d0000ef0d0000080f00002a0f0000a3100000b5100000d11000001b1100005b110000
5c11000064110000861100008c1100009211000095110000a81100000712000031120000e2120000f41200004d130000
671300000e1400004c1400005a1400005b140000b2140000ba1400008c1500001316000076160000e5170000141a0000
8d1a0000ef1a00008c1b0000fe1c0000411d00007e1d0000941d0000981d0000c91d0000d31d0000651e0000971e0000
d11e0000061f00002d1f0000611f0000651f0000691f0000891f0000921f0000be1f0000182000001d20000065200000
1022000040220000fd220000052300002423000088230000192500004d250000602500008825000096250000b1250000
0f27000099270000a0280000e82a0000992c0000c92e00003630000013310000fc31000091320000cb320000de320000
db3300008235000090350000ac3500004c3b00007f3b0000d63b00001f3d00004c3e0000513e0000a201000020030000
3c030000fc05000012090000f40a0000790b0000420c000059150000a1160000061d0000641d0000c01d0000371f0000
c11f00007423000001250000a925000079320000a4350000be3b0000fd020000360300007c040000a1040000bd040000
48060000cf060000c3090000d3090000f30a00002e0b00005f0b0000730b0000360c000097120000df12000000130000
5c190000d11a00006e1c0000b01c0000fc1c0000171e0000ee1e00000b1f0000191f00002b1f0000701f0000bc1f0000
3a2000007a200000c6200000282100007a2100001c2200007123000000250000a82500003227000054280000ba280000
7b290000922900003f2b00001c3000008e30000012320000313200005a32000078320000e332000005330000a4340000
c03400000d3500002835000053350000a335000081360000bc3800001b390000503a0000bd3b00005b410000dc010000
280200008f020000ed020000b9060000d0080000e0080000e4080000ce090000db0c00008c0d0000c90d000097110000
f01a0000021b0000441d00004d1d0000951d0000a51d0000dc1d0000d21e0000d71e00009b1f000017270000a2270000
a3280000eb000000210100006e010000ab0100005b030000fa030000eb040000c0050000c8050000bd0600008c080000
a4080000ab080000320900008f0b0000960b0000c90c0000f60c0000380d00000d0e0000dd110000831200003a140000
40140000911400007f150000ab15000013160000f8160000ba170000c2170000b2190000611a0000d31d0000921f0000
e22200002a23000090230000be230000fb2500000f270000242a0000a62b0000dc2b0000103600001836000044360000
433700007737000041380000e40200008e0300003c090000b10b0000c90b00008f2200000c2a00004e360000380d0000
0d0e00003a14000040140000911400007f150000ab15000013160000f8160000ba170000c2170000b2190000611a0000
d31d0000921f00002a23000090230000be230000fb2500000f270000a62b0000dc2b0000433700007737000041380000
eb0000006501000092010000e50200008f030000fa030000a7040000b606000084080000a80800006c09000073090000
92090000b20b0000ca0b00000b0c0000850c0000d20c0000d60d00003a0e0000d9110000e0110000681200005a140000
69140000591a0000c91d0000151e0000891f0000ae1f00001d2000006520000039220000402200005f220000ae220000
fd2200004a2300009a230000d62500000a260000122600000f270000a62a0000153600009f360000dc36000018380000
503800005938000019000000800000008d000000b5010000d20100004002000048020000c2020000c5020000e8020000
18030000a403000075040000200500007e0700008007000094070000f2070000f4070000020800000508000019080000
1c0800002708000036080000380800004208000077080000da080000ef0800000f150000ca16000088190000551d0000
581d0000bc1e0000f01f000061210000122700007327000086270000ea280000ec28000004290000442900002c330000
503300005b330000d83400001c350000d4350000a20100003c030000740b0000790b0000f30b0000e1220000e0250000
22380000260000004f000000920000009b000000c3000000a201000040020000c2020000e4020000e802000018030000
3c0300008e030000ab03000020050000860500008e0500007c0600008406000002080000190800002708000036080000
38080000420800006a0800006c0800006e0800003c0900004f090000740b0000790b0000b10b0000c90b0000f30b0000
0f150000ca16000088190000581d00008f220000e1220000e0250000122700007327000086270000ea280000ec280000
04290000442900000c2a0000503300005b330000d435000000360000023600004e36000022380000eb00000021010000
650100006e01000092010000ab010000e50200005b0300008f030000fa030000a7040000eb040000c0050000c8050000
b6060000bd060000840800008c080000a4080000a8080000ab080000320900006c09000073090000920900008f0b0000
960b0000b20b0000ca0b00000b0c0000850c0000c90c0000d20c0000f60c0000380d00003e0d00004d0d0000860d0000
8a0d0000c50d0000c70d0000d60d0000d70d0000ef0d00000d0e00003a0e0000d40e0000750f00007511000076110000
831100008511000093110000951100009c110000a7110000a8110000b1110000d9110000dd110000e01100001c120000
2b12000068120000831200003a140000401400005a1400006914000091140000351500007f150000ab15000013160000
d6160000f8160000ba170000c217000094190000b2190000591a0000611a00007b1d00007d1d0000c91d0000d31d0000
151e0000c81e0000891f0000921f0000ae1f0000122000001d200000652000006d21000039220000402200005f220000
ae220000e2220000fd2200002a2300004a230000902300009a230000be230000d6250000fb2500000a26000012260000
0f270000212700007b27000087270000d7270000ef280000f02800000c29000041290000242a0000a62a0000a62b0000
dc2b0000eb330000f5330000e134000024350000dc350000103600001536000018360000443600009f360000dc360000
433700007737000018380000413800005038000059380000a2010000e40200003c0300008e0300003c090000740b0000
790b0000b10b0000c90b0000f30b00008f220000e1220000e0250000122700007327000086270000ea280000ec280000
04290000442900000c2a0000d43500004e36000022380000d60d00003a0e0000681200005a14000069140000591a0000
c91d0000151e0000891f0000ae1f00001d2000006520000039220000402200005f220000fd2200004a2300009a230000
0a260000122600000f270000a62a0000dc3600005038000059380000260000004f000000920000009b000000c3000000
a2010000b5010000d201000048020000c5020000e40200003c0300008e030000ab03000075040000860500008e050000
7c06000084060000f2070000f4070000050800001c0800006a0800006c0800006e080000da080000ef0800003c090000
4f090000740b0000790b0000b10b0000c90b0000f30b0000551d0000bc1e0000f01f0000612100008f220000e1220000
e0250000122700007327000086270000ea280000ec28000004290000442900000c2a0000d83400001c350000d4350000
00360000023600004e360000223800001f05000030090000a6090000b3090000220a00008d0b00008e100000191f0000
221f0000d51f0000d221000089220000eb230000322700005428000092290000fe2900000b2a00003f2b0000c2300000
2c31000042360000db380000503a000066400000794000005b41000077010000b1010000fa0100005f0300007a030000
950800009a0b0000b50b0000dc1d00009b1f000017270000d60d00003a0e0000d11000001b110000681200005a140000
69140000c91d0000d31d0000891f0000921f0000182000001d2000006520000040220000fd2200000f270000e3270000
a62a0000e82a00000a2c0000282c0000432c000013310000dc36000099410000ba410000fd0200003603000074040000
6305000048060000cf0600002e0b00005f0b0000730b0000e50b0000f20b000097120000731a0000d425000044260000
962600003227000054280000922900001c3000008e300000163800008b3a0000dd3a0000d13e0000fe3e0000913f0000
8f020000ed020000b90600007c0b0000b50b0000db0c00005c1a0000b2220000cd220000a32300001727000012000000
2b000000810000008a0000004302000052020000ca0200007a0700008507000003080000210800005d1d000026000000
920000009b000000c3000000d30000004a010000a2010000b501000040020000d1020000e40200003c03000044030000
86030000cd04000086050000fc0500007c06000084060000a7070000a9070000cb070000f2070000020800004c080000
60080000fa090000340a00004e0a0000610a0000f40a0000430b0000790b00007f0b0000b10b0000c10b0000c00c0000
ee110000671900007a190000f4190000ed1a0000321b0000f81c0000581d0000641d0000371f0000f01f00004d200000
8f220000362a00003f2a0000b92b00003c3300006233000076330000ae340000143b0000303b0000be3b00000f3c0000
fd02000036030000740400001f0500006305000048060000cf06000030090000a6090000b3090000220a00002e0b0000
5f0b0000730b00008d0b0000e50b0000f20b0000900d0000361000008e1000008911000097120000df12000000130000
e61300005c190000731a0000d11a0000b01c0000011f0000191f0000221f0000d51f0000d221000089220000eb230000
d42500004426000096260000322700004527000070270000e1270000202800005428000067280000e9280000ff280000
032900003f290000732900009229000098290000da290000fe2900000b2a00003f2b00001c3000008e300000c2300000
2c310000e33300004a340000a4340000c0340000ce350000d3350000e2350000f63500004236000016380000db380000
503a00008b3a0000dd3a0000d13e0000fe3e0000913f000066400000794000005b41000077010000b1010000fa010000
8f020000ed0200005f0300007a030000b9060000950800007c0b00009a0b0000b50b0000db0c0000880d00008c0d0000
c90d000084110000971100005c1a00007f1d0000dc1d00009b1f0000b2220000cd220000a3230000172700001d270000
282700007c27000084270000ed280000f4280000380d0000f50d00000d0e0000451200003a1400004014000091140000
d31400007f150000ba170000591a0000611a00002a230000902300009a230000be23000021250000fb250000b0260000
ce260000e92600000f270000e32700009c320000413800001e4000003f40000026000000920000009b000000c3000000
f80000005c010000a201000048020000c5020000d1020000e4020000e8020000180300003c030000cd04000086050000
fc0500007c06000084060000b6070000ba0700001c08000038080000b9080000fa090000340a00004e0a0000610a0000
f40a0000430b0000790b0000920b0000b10b0000b30b00001d0c0000260c0000ae0c00003d11000059150000a1160000
f4190000061d0000641d0000c01d0000371f0000c11f00008f22000097220000d922000074230000682500007c250000
a9250000cb3300005e35000072350000a4350000143b0000303b0000be3b00000f3c0000df0d0000050e0000d30e0000
490f0000bc0f00005d100000bf100000b4120000ba120000f9120000fd1300000514000029140000391400004a140000
811400008e14000010160000ce18000015190000c6190000111a0000991a0000411f000002200000f1210000f5220000
eb240000f225000063260000b52700005d280000e3290000aa2f0000d93000004531000085370000383800003a390000
0d3a0000aa3a0000163d0000213f0000533f0000a93f00009f030000c0030000020400007c040000ed0400001a050000
32050000a1050000180600003c060000b00600004d0700005a070000ad070000b50800006e0900009e090000c3090000
360c0000810c0000ab0c0000900d00006d0e000036100000381100003c110000891100003813000073130000e6130000
15160000051700001d1700002a170000ac18000001190000591900007519000079190000c91a00001f1b00002f1b0000
a81c0000dc1c0000ef1c0000f51c0000011f00007a2000002821000000250000ba2800007b2900004f2a0000b42b0000
6f2c0000c62c0000563000006430000089300000b2300000be30000012320000313200005a32000078320000e3320000
05330000c5330000ca330000e333000019340000293400004a340000aa340000ad340000bd340000cc340000d3340000
9d000000e4000000f3000000520100005a010000dc010000280200004a020000c7020000950600002907000048070000
b0070000b80700001e080000d0080000e4080000880d000084110000191500005c15000078150000ab16000012180000
57180000711800006e1900007f1d0000a2270000a3280000eb0000006e01000092010000ab010000ae020000fa030000
a7040000c005000030060000bd060000c3060000e4060000f606000045070000730700008c080000730900009c0a0000
b60a0000390b00008f0b0000c90c0000d70c0000f60c0000010d00001d0d0000210d0000380d00003e0d0000860d0000
8b0d0000c80d0000f50d00000d0e0000150e0000340e00002a0f00004c0f0000ef0f0000231000003910000055100000
a6100000e4100000fc1000005b1100005c11000064110000751100008311000096110000bd110000cb11000007120000
451200003513000067130000cc130000401400004414000063140000d3140000161500005b150000771500007b150000
7f150000aa1600002517000096170000ba170000e61800005f19000065190000821900000c1a0000401a0000441a0000
531a0000591a0000611a0000df1a0000e91a0000461b00000b1d00007d1d0000841d0000151e0000ae1e0000521f0000
122000002a2000004021000057210000e2220000902300009a230000be230000212500000f27000099270000a0280000
512a0000c72a0000cf2a00002e2b0000592b0000b62b00005e2d0000972d0000333000007d300000fc30000008320000
523200009c320000db330000013400000f340000b6340000653b00007f3b0000053c0000d43c0000cf3d00000b3e0000
731a000096260000322700005428000092290000dd3a0000913f00005c1a0000a323000017270000a700000052020000
ca0200007d06000021080000d1020000e4020000fb0600005b070000fa090000430b0000b10b0000671900007a190000
f4190000ed1a0000321b0000f81c0000f81f00004d2000008f2200005b2a0000b92b000065300000ae3400000f3c0000
f10400001a050000320500004d0700005a070000a6090000b3090000030a0000370b00008d0b0000900d000036100000
8e10000089110000e613000015160000051700001d1700002a170000b6180000011900007519000079190000ba190000
f3190000731a00001f1b00002f1b0000dc1c0000ef1c0000f51c0000011f0000221f0000d51f0000d221000089220000
962600003227000054280000ba2800007b290000922900004f2a0000b42b00005630000064300000b2300000be300000
c23000002c310000e332000005330000e33300004a340000aa340000ad340000cc340000d33400007d370000c4380000
023a0000dd3a0000033c0000913f000077010000b1010000fa010000b1020000ba02000033060000290700002d070000
4807000095080000880d000084110000191500005c15000078150000ab1600001218000057180000711800006e190000
5c1a00007f1d0000a323000017270000a2270000a3280000380d0000ce0d0000d60d00000d0e0000f41200000e140000
3a140000401400005a1400009114000013160000141a0000671a0000891a00009c1a0000fd2200002a2300009f230000
ee24000051250000fb250000252700008f270000bd27000063280000a8280000ad2f0000cf320000413800001f3d0000
a4000000f80000005c0100004f020000c902000020030000ab030000f5040000a30500001b0600003d0600008d060000
a5060000a7060000b1060000fb06000015070000380700005b070000b6070000ba07000020080000b908000012090000
420c0000ae0c00003d110000531900005a190000671900007a190000b91a0000cc1a0000ed1a0000321b0000f81c0000
f81f00004d200000012500005b2a0000b92b0000712c0000c72c000015300000513000006530000079320000cb330000
ae340000db0e0000f70e00006e0f00008c0f00000b11000018110000c8120000ca140000e0150000111700009a200000
342100001e250000d3270000ea270000102800008b280000e0280000df2a0000da2f0000f12f00000031000010310000
67310000793100001a3200003932000065320000993200001d33000094390000d7390000613d0000a53d0000b03e0000
293f0000924000000a04000054040000c5040000d204000024060000d7070000aa0900005f0e00009510000099100000
e8100000031600000b16000022170000521b0000a31b0000f71b0000111c0000151c0000691c0000862b0000ba2c0000
2a2d0000c9300000ce300000ef3000002d3100003d3100005e310000c4310000c7310000d7310000e6310000ed310000
8d330000f9380000e6390000323a0000503c0000753c0000e43d0000294100007001000078010000780200008e080000
96080000fc0800008e0a0000b00a0000170b0000e310000065150000e61600008917000060180000a3190000371a0000
e31a0000bc1c000073010000d9010000fa03000019040000eb04000044050000eb050000e706000091080000cd080000
a30a0000da0a0000380c00002a0d0000a10d0000080f00002a0f0000310f000042100000a3100000b5100000b8100000
c3100000d1100000d4100000e2100000ec1000001b1100001c1100002a11000069110000341200009b130000ee130000
641500008c150000131600004116000076160000e5160000851700009b170000e51700008d1a0000e11a00008c1b0000
fd1b0000031c00001e1c0000b21c00001820000019200000e0210000e12100001224000054240000192500004d250000
6025000099270000a02800009e290000e12a0000e82a0000e92a0000882b0000992c0000162d00008b2d0000122e0000
3630000091300000df300000f43000001331000015310000233100005f310000d031000091320000cb320000de320000
36340000da3e0000823f0000953f0000984000009e400000d940000041410000ba2800007b290000e332000005330000
f13a0000a2270000a3280000c72900007b020000ff080000240b000020030000120900004f0b0000420c0000051c0000
161c00004120000014220000012500008b2b0000c831000079320000fa3e00002a4100007c04000092040000c3090000
360c0000e8100000031600000b16000022170000a31b0000111c0000151c0000691c00007a2000002821000000250000
ba2800007b290000862b0000ef3000005e310000c4310000c7310000e6310000ed31000012320000313200005a320000
78320000e33200000533000011390000e6390000323a0000f13a0000673c0000e43d0000d83e000029410000dc010000
28020000d0080000e4080000e50a0000f80a0000e310000065150000e61600008917000060180000a3190000371a0000
e31a0000bc1c0000a2270000a3280000c7290000f50d0000d11000001b1100004512000018140000d314000018200000
e0210000212500009e270000e3270000f52700008e280000ae280000d0280000d4280000e3280000bb290000e82a0000
dd2f0000fc2f0000133100009c320000fb320000093300004c3f0000984000007a0100007a020000cd040000d5040000
2506000021070000db07000098080000fe080000ba0a0000210b00009a100000f11b0000f81b0000051c0000161c0000
41200000142200008b2b0000bb2c00002d2d000049300000ac300000cf300000c8310000983300002a41000016060000
ab07000063090000800c0000aa0c00008f0d0000351000003713000072130000e51300001b170000c81a00001e1b0000
2e1b0000a71c0000db1c0000ee1c0000f41c0000312700005328000091290000de090000a11a0000901c000051020000
dc020000ae0b0000ec1a0000311b0000f71c00008e220000af090000850b00008f0d000035100000e51300001b170000
1e1b00002e1b0000db1c0000ee1c0000f41c0000211f0000d41f0000d121000088220000312700005328000091290000
f60000004d0200001a06000014070000b5070000ad0c0000b81a0000cb1a0000ec1a0000311b0000f71c000068040000
30060000630600008c080000730900007f0900008c0a00007d0c00008d0c00000a0d0000690d00006c0d0000700d0000
8e0e0000d60e0000250f0000c30f00000210000023100000261000005f110000831100003312000073120000ab120000
e2120000e41200002b13000035130000671300008b130000cc130000cd130000db130000e81300007114000084140000
a7140000fc15000022160000251700002d1700001e18000079180000891800000c1a0000401a0000531a0000591a0000
d41a0000d81a00000f1b0000731b0000b61b0000611c0000761c0000ac1c0000b11c0000bf1c0000da1c0000341d0000
f423000086240000dd240000892500005226000053260000702a0000cc2b0000002c0000132c0000e12c00009c2f0000
d43300003034000083350000e3360000bb370000b0380000343900006f390000c4390000393a0000993a00009a3a0000
553b0000f53c00001d3f0000233f00005e3f0000c63f000055400000fd400000104100008e410000fa090000120a0000
f6170000f4190000061b0000d21b0000d21c00000f1d000086260000ed290000cb380000cd3a0000af3f000075400000
a202000073030000ae0b0000011b0000f71c00008223000001010000810100009e020000670300007304000033060000
6e0600002d0700005f07000095080000af0a0000a20b0000900c0000600d0000710d00008d0d0000a30d000084110000
35120000dd12000031130000f21300003b140000aa140000001600000e18000021180000421800008c1800005c1a0000
d91a0000031b00000a1b0000101b00003e1c0000771c0000af1c0000021d0000241d0000371d0000542000002f220000
1f2300007e230000e12400004425000093250000452a0000762a0000062c00003c2c0000ec2c0000a02f000069300000
c13200008d350000783b0000ff3c000094410000e7000000020100004d010000820100004b0200005d02000016060000
ab0700008e08000096080000fc080000630900008e0a0000b00a0000170b0000920c0000a00c0000870d0000980d0000
35100000e31000003713000072130000e51300005d15000066150000e61600001b17000089170000a3190000371a0000
b61a0000e41a0000001b0000161b0000241b0000a71c0000bc1c0000db1c0000ee1c0000f41c000077230000573b0000
793b0000e23b0000f13c0000c23d0000013e00001027000054270000ac27000053280000a328000091290000c7290000
813e0000560200007e020000ff080000de090000240b0000ae1a0000901c0000ef3b0000b9010000e101000099020000
4a030000d0080000e4080000af090000e50a0000f80a0000850b0000870d0000980d000035100000e3100000e5130000
5d15000066150000e61600001b17000089170000a3190000371a0000e41a0000001b0000161b0000241b0000bc1c0000
db1c0000ee1c0000f41c0000491d0000211f0000e41f0000d1210000772300001027000054270000ac27000053280000
a328000091290000c7290000ae3b0000c23b0000f13c0000c23d0000013e0000813e0000690d000023100000f4120000
07130000cc1300007114000026180000141a0000522600004127000051270000da2700004528000063280000a0280000
54290000572900008b290000952900009e290000ce290000862a00008c38000040390000993a0000e63a0000003b0000
7b3e00001d3f0000c7400000c8040000fa0800007a09000096090000e6090000ea090000150b00006f0c000031110000
33130000a81a0000ad1a0000061b00005c1b0000d21b0000561c00008f1c0000911c0000a51c0000d21c00000f1d0000
86260000be33000018340000b4370000bf3800002f3a0000cd3a0000e03b0000af3f0000f5000000570100004c020000
5402000061020000690200001a06000014070000b5070000011b0000f71c000082230000010100008101000099020000
ed020000f90200004a030000730400004406000095080000af0a0000850b00009a0b0000b50b0000e40b0000f70b0000
900c0000390d00008d0d0000a30d00000e0e000071110000bb11000035120000dd12000031130000f213000041140000
4615000000160000aa170000d91a0000f01a0000001b0000341b0000431b0000491c00006d1c0000881c0000af1c0000
f41c0000f91c0000081d00009b1f00000d2000003820000093220000cd2200005523000077230000ad230000ca250000
43260000ac260000e2260000cc2a0000732b00007a2b0000fe330000a93700000c380000263a00008a3a0000783b0000
ff3c000019400000fb0e0000e4150000ee270000f52f000098390000db390000623d0000a63d0000b53e00002f3f0000
93400000bc130000d01300006b170000181a0000a8290000960a0000b40a00001b0b00008a170000381a0000bd1c0000
1a0400004b050000a70a0000de0a0000320f00009d130000f013000042160000871700009f170000b41c0000e8210000
ec2100001524000057240000a6290000172d0000132e0000933000006031000037340000e33e0000833f0000983f0000
994000009f400000da40000042410000ca290000e60a0000fb0a00008a170000381a0000bd1c0000ca29000020140000
e8210000f6270000bf290000fd2f00000c3300004f3f000099400000df0d0000050e00005d100000ba120000fd130000
29140000391400004a140000411f000002200000f1210000f5220000b52700005d280000e329000018060000ad070000
6e090000810c0000ab0c0000900d0000361000003813000073130000e61300001d170000c91a00001f1b00002f1b0000
a81c0000dc1c0000ef1c0000f51c0000e4000000f30000004a020000880d00005c15000057180000eb000000ab010000
c0050000bd0600008f0b0000c90c0000f60c0000010d00001d0d0000380d00003e0d0000860d00008b0d00000d0e0000
150e0000340e000039100000e41000005c1100004014000044140000631400005b1500007f150000ba170000611a0000
df1a0000e91a0000461b00000b1d0000e222000090230000be2300000f27000032270000542800009229000017270000
52020000e4020000b10b0000ed1a0000321b0000f81c00008f220000b30900008d0b0000900d000036100000e6130000
1d1700001f1b00002f1b0000dc1c0000ef1c0000f51c0000221f0000d51f0000d2210000892200003227000054280000
92290000b1010000fa010000880d00005c1500005718000017270000380d0000d60d00000d0e0000401400005a140000
fd220000252700008f270000bd27000063280000a8280000f80000004f0200001b06000015070000b6070000ae0c0000
b91a0000cc1a0000ed1a0000321b0000f81c0000ee0300006c0400006706000083090000920a00008f0e0000d70e0000
270f0000c40f00006011000074120000ad120000e61200002c130000ea1300007214000085140000a8140000fe150000
2416000031170000741b0000b71b0000621c0000ad1c0000351d0000f523000087240000df2400008b2500005a260000
5e260000712a0000cd2b0000012c00001b2c0000e52c00009e2f0000d53300003134000085350000e4360000bc370000
b43800003639000070390000c83900003a3a0000a13a0000a53a00005b3b0000f73c00001e3f0000243f00005f3f0000
c73f00005e400000fe400000134100008f410000190100003101000054030000c0050000bd0600008f0b0000200d0000
930d0000990d000039100000e41000005c110000401400004414000063140000a3150000ba17000092180000611a0000
0b1d00000d2300001b2300001c2300007b23000076030000b10b0000f81c000083230000890100006b03000074040000
6f060000620700006a090000b20a0000a60b0000a50d0000df12000032130000f31300003c140000ab14000001160000
b01c0000031d0000251d0000381d00005c200000372200002123000080230000e22400004525000094250000462a0000
772a0000072c00003f2c0000ed2c0000a12f00006c300000c23200008e3500007b3b0000003d000095410000580d0000
1b0e00005d100000ba120000bc130000d0130000fd13000029140000391400004a140000401500006b170000181a0000
411f0000f12100000b2300003b2700005d280000a8290000e3290000c13c0000d93c00000d3d00003a3d0000913e0000
4f0100008d0100005f02000018060000ad0700006e090000960a0000b40a00001b0b0000361000003813000073130000
e6130000681500001d1700008a170000381a0000e61a0000a81c0000bd1c0000dc1c0000ef1c0000f51c000079230000
5f3b00007d3b0000e63b0000f23c0000c33d0000023e0000b42700005428000092290000ca290000823e0000e5010000
52030000b3090000e60a0000fb0a00008d0b000036100000e6130000681500001d1700008a170000381a0000e61a0000
bd1c0000dc1c0000ef1c0000f51c0000221f0000d221000079230000b42700005428000092290000ca290000af3b0000
c53b0000f23c0000c33d0000023e0000823e00000f130000721400005a260000dc27000046280000582900008c290000
a6290000872a00008d38000048390000a13a0000e83a0000013b00007c3e00001e3f0000ca4000002b0e000040140000
5a1400001b230000412700005a27000063280000a828000058010000620200006a0200001b06000015070000b6070000
f81c00008323000089010000fd0200005203000074040000480600006a090000b20a00008d0b0000e50b0000fa0b0000
a50d000072110000bc110000df12000032130000f313000001160000ab1700004a1c00006e1c0000891c0000b01c0000
f51c00000f2000003a20000079230000b5230000cb25000044260000ad260000e5260000cd2a0000742b00007b2b0000
ff330000aa3700000d380000273a00008b3a00007b3b0000003d00001a400000ee0300005e0400006c040000fb040000
6706000083090000920a00008f0e0000d70e0000270f0000430f0000c40f00006011000074120000ad120000e6120000
2c130000ea1300007214000085140000a8140000fe1500001e1600002416000031170000741b0000b71b0000621c0000
ad1c0000351d00000e1e00002f1e0000f523000087240000df2400008b2500005a2600005e260000712a0000cd2b0000
012c00001b2c0000e52c0000322d0000f92e00009e2f0000d533000031340000033500008535000069360000e4360000
24370000bc370000b438000005390000363900007039000090390000b3390000c8390000eb3900003a3a0000633a0000
673a0000a13a0000a53a00005b3b0000523c00007f3c0000f73c0000763d0000843d0000ea3d0000423e00001e3f0000
243f00005f3f0000c73f00005e400000fe4000000b410000134100008f410000190100003101000054030000c0050000
bd0600009c0a0000b60a0000390b00008f0b0000200d0000930d0000990d000039100000e41000005c1100009a130000
ed130000f5130000401400004414000063140000a315000096170000ba17000092180000441a0000611a00000b1d0000
4b1f0000521f0000531f0000751f00000d2300001b2300001c2300007b23000076030000430b0000b10b0000f81c0000
781f000083230000890100006b03000074040000fd0400006f060000620700006a090000b20a0000ca0a0000400b0000
a60b0000a50d0000df12000032130000f3130000f71300003c140000ab14000001160000b01c0000031d0000251d0000
381d0000301e0000551f0000771f00005c20000024220000372200002123000080230000e22400004525000094250000
462a0000772a0000072c00003f2c0000ed2c0000342d0000fa2e0000a12f00006c300000b430000028320000c2320000
073500008e35000073360000283700007b3b0000003d00000c41000095410000300600008c080000730900007d0c0000
8d0c00000a0d0000690d00006c0d0000700d00000210000023100000261000008311000033120000e212000035130000
671300008b130000cc130000cd130000db130000251700001e18000079180000891800000c1a0000401a0000531a0000
591a0000d41a0000d81a00000f1b0000761c0000b11c0000bf1c0000da1c0000fa090000f6170000f4190000061b0000
d21b0000d21c0000a2020000011b0000010100009e020000330600002d07000095080000900c0000600d0000710d0000
8d0d000084110000351200000e18000021180000421800008c1800005c1a0000d91a0000031b00000a1b0000101b0000
3e1c0000771c0000eb0000006e01000092010000ab010000ae020000c005000030060000bd0600008c08000073090000
9c0a0000b60a0000390b00008f0b0000c90c0000f60c0000010d00001d0d0000340d0000380d00003e0d0000860d0000
8b0d0000a00d0000a80d00000d0e0000150e0000340e000002100000231000002610000039100000e41000005c110000
8311000033120000e212000035130000671300008b1300009a130000cc130000cd130000db130000ed130000f5130000
4014000044140000631400005b1500007b1500007f1500002517000096170000ba1700000c1a0000401a0000441a0000
531a0000591a0000611a0000df1a0000e91a0000461b0000761c0000b11c0000bf1c0000da1c00000b1d00007d1d0000
841d0000851d0000ad1d00004b1f0000521f0000531f0000751f0000e2220000902300009a230000be2300000f270000
653b00007f3b0000053c00009e3c0000d43c0000d63c0000e43c0000fa3c0000023d0000cf3d00000b3e0000373e0000
d1020000e4020000fa090000430b0000b10b0000f4190000ed1a0000321b0000d21b0000d21c0000f81c0000b41d0000
781f00008f2200000f3c00002f3e0000f1040000a6090000b3090000030a0000370b00008d0b0000900d000036100000
8e10000089110000ed120000e61300001d170000b6180000ba190000f3190000731a00001f1b00002f1b00008b1b0000
941b0000fa1b0000791c0000d11c0000dc1c0000ef1c0000f51c0000011f0000111f0000221f0000731f0000d51f0000
d22100008922000096260000322700005428000092290000c23000002c310000bc310000da310000e33300004a340000
7d370000c9370000c4380000023a00001d3a0000443a0000dd3a0000033c00002e3e0000913f000077010000b1010000
fa010000b1020000ba020000330600002d07000095080000880d0000a20d000084110000351200005c15000057180000
5c1a00003e1c0000771c00007f1d0000ae1d0000b11d0000a323000017270000580d00001b0e0000f20e00005d100000
ba120000bc130000c4130000d0130000fd1300000514000029140000391400004a14000040150000db1500006b170000
73170000181a0000411f0000491f0000f12100000b2300003b270000282800005d280000a8290000af290000e3290000
133700001a370000563700008837000098380000c13c0000d93c00000d3d00003a3d0000913e00004f0100008d010000
5f0200004a040000de04000018060000ad0700006e090000960a00009f0a0000b40a0000ce0a00001b0b00001d0b0000
361000003813000073130000e613000068150000091600001d1700008a1700008c170000381a0000e61a0000a81c0000
bd1c0000c11c0000dc1c0000ef1c0000f51c0000731f0000792300006d360000753600008c3600006037000093370000
c33700005f3b00007d3b0000e63b0000f23c0000c33d0000023e0000b42700005428000092290000ca290000e2290000
a2380000823e0000e5010000520300008e040000b3090000e60a0000ee0a0000fb0a0000370b00008d0b000036100000
e613000068150000091600001d1700008a1700008c170000381a0000e61a0000bd1c0000c11c0000dc1c0000ef1c0000
f51c0000221f0000731f0000d221000079230000b42700005428000092290000ca290000e22900007f36000083360000
6037000093370000c3370000a2380000af3b0000c53b0000f23c0000c33d0000023e0000823e0000e700000002010000
4b0200008e08000096080000fc080000920c0000a00c0000870d0000980d0000e31000005d150000e6160000a3190000
b61a0000001b0000161b0000241b00001027000054270000a328000056020000ff080000ae1a0000b901000099020000
d0080000e4080000870d0000980d0000e31000005d150000e6160000a3190000001b0000161b0000241b0000491d0000
e41f00001027000054270000a3280000eb000000210100006e010000ab0100005b030000fa030000eb040000c0050000
c8050000bd0600008c080000a4080000ab080000320900008f0b0000960b0000c90c0000f60c0000010d00001d0d0000
210d0000380d00003e0d0000860d00008b0d0000940d0000a00d00000d0e0000150e0000340e0000080f00002a0f0000
391000003a100000e41000005b1100005c11000064110000dd1100000712000033120000391200003b12000083120000
3a1400003d140000401400004414000062140000631400009114000092140000a01400005b1500007f150000ab150000
13160000f8160000ba170000c2170000b2190000611a0000df1a0000e91a0000461b00008c1b00002f1c0000671c0000
071d00000b1d0000231d0000d31d0000921f0000e2220000102300002a2300002b2300007c23000090230000be230000
f4250000fb250000fc2500001e2600000f270000242a0000a62b0000dc2b0000db330000103600001836000044360000
b7360000ba36000043370000773700003a380000413800004238000066380000e40200008e0300003c090000b10b0000
c90b0000ed1a0000321b0000f61c0000f81c00001b1d00008f22000087230000212600000c2a00004e36000069380000
380d0000d60d00000d0e00003a0e0000681200003a140000401400005a1400006914000091140000fd2200002a230000
fb25000025270000492700008f27000099270000bd270000e3270000632800006b280000a0280000a82800002d290000
312900003529000067290000a62a0000dc360000413800008038000085380000f80000005c0100004f02000064020000
76020000cd0400001b0600001d06000015070000b6070000ba070000b9080000fa0800000409000006090000ae0c0000
3d110000b91a0000cc1a0000ed1a0000321b0000231c00005b1c0000f61c0000f81c00001b1d00008723000021260000
cb330000293600002b360000693800000f130000721400005a260000dc27000046280000582900008c290000a6290000
872a00008d3800009638000048390000bb390000633a0000a13a0000e83a0000013b00007c3e0000c63e00001e3f0000
ca4000002b0e00000e140000401400005a140000521f00001b230000412700005a27000063280000a8280000b3290000
ce29000058010000620200006a0200001b06000015070000b6070000b70a00001e0b0000270b0000f81c0000781f0000
8323000089010000fd020000520300007404000063050000480600006a090000b20a0000ca0a0000370b00005f0b0000
8d0b0000e50b0000fa0b0000a50d000072110000bc110000df12000032130000f3130000f713000001160000ab170000
4a1c00006e1c0000891c0000b01c0000f51c0000731f00007f1f00000f2000003a200000f82100001c22000079230000
b523000061240000cb25000044260000ad260000e5260000cd2a0000742b00007b2b0000ff3300007336000028370000
aa3700000d380000273a00008b3a00007b3b0000003d0000eb3e0000fe3e0000e03f00001a4000009a4000002b410000
3f410000690d000023100000f4120000cc13000026180000141a0000412700005127000063280000a028000095290000
ce290000fa0800007a090000e60900006f0c000033130000a81a0000ad1a0000061b0000d21b0000911c0000a51c0000
d21c0000f50000004c02000054020000011b00000101000099020000ed020000950800009a0b0000b50b0000900c0000
390d00008d0d00000e0e0000351200004114000046150000d91a0000f01a0000001b0000341b0000431b0000f91c0000
081d00009b1f000093220000cd220000552300001f05000030090000a6090000b3090000220a00008d0b0000900d0000
361000008e100000ed120000e6130000731400001d1700001f1b00002f1b00007b1b0000b51b0000fa1b0000dc1c0000
ef1c0000f51c0000161d00001a1d0000191f0000221f0000d51f0000d221000089220000eb2300001c2600006a260000
8e260000322700005428000092290000fe2900000b2a00003f2b0000c23000002c310000bc310000da31000042360000
64380000db380000503a0000b13a0000d53a00001f3f0000b03f0000c43f000066400000794000005b41000077010000
b1010000fa0100005f0300007a030000950800009a0b0000b50b0000880d0000a20d000035120000411400005c150000
57180000f91c0000081d0000dc1d00009b1f00001e2300007d2300008523000017270000380d0000ce0d0000d60d0000
0d0e000023100000f4120000cc1300000e140000401400005a140000141a0000841d0000521f0000fd22000025270000
8f27000099270000bd27000063280000a0280000a828000095290000b3290000ce290000d43c00001f3d0000863e0000
a73e0000f8000000990100004f02000076020000860200001b06000015070000b6070000fa0800007a090000e6090000
b70a00001e0b0000270b0000ae0c000033130000b91a0000cc1a0000ed1a0000321b0000d21b0000911c0000a51c0000
d21c0000f81c0000b41d0000781f0000803b0000e93b0000f23b00002f3e0000db0e00006e0f00008c0f00000b110000
18110000c8120000ca140000111700009a200000342100001e250000d3270000102800008b280000e0280000df2a0000
da2f0000003100001031000067310000793100001a3200003932000065320000993200001d3300000a040000c5040000
24060000d7070000aa0900005f0e00009510000099100000e81000000316000022170000521b0000a31b0000f71b0000
111c0000151c0000691c0000862b0000ba2c0000c9300000ce300000ef3000002d3100003d3100005e310000c4310000
c7310000d7310000e6310000ed3100007001000078010000780200008e08000096080000fc080000e310000065150000
e616000060180000a3190000e31a000073010000d9010000fa030000eb040000eb050000e706000091080000cd080000
380c00002a0d0000a10d0000080f00002a0f000042100000a3100000b5100000b8100000c3100000d1100000d4100000
e2100000ec1000001b1100001c1100002a1100006911000034120000641500008c1500001316000076160000e5160000
e51700008d1a0000e11a00008c1b0000fd1b0000031c00001e1c00001820000019200000192500004d25000060250000
99270000a0280000e12a0000e82a0000e92a0000882b0000992c00008b2d000036300000df300000f430000013310000
1531000023310000d031000091320000cb320000de320000ba2800007b290000e332000005330000a2270000a3280000
7b020000ff0800002003000012090000420c0000051c0000161c000041200000012500008b2b0000c831000079320000
7c040000c3090000360c0000e81000000316000022170000a31b0000111c0000151c0000691c00007a20000028210000
00250000ba2800007b290000862b0000ef3000005e310000c4310000c7310000e6310000ed3100001232000031320000
5a32000078320000e332000005330000dc01000028020000d0080000e4080000e310000065150000e616000060180000
a3190000e31a0000a2270000a3280000f50d0000d11000001b11000045120000d314000018200000212500009e270000
e32700008e280000ae280000d0280000d4280000e3280000e82a0000dd2f0000133100009c320000fb3200007a010000
7a020000cd0400002506000021070000db07000098080000fe0800009a100000f11b0000f81b0000051c0000161c0000
412000008b2b0000bb2c000049300000cf300000c8310000ee0300005e0400006c040000fb0400006706000083090000
920a00008f0e0000741200002c130000721400001e1600002416000031170000f5230000872400005a260000712a0000
cd2b0000012c00001b2c0000e52c0000322d000069360000e4360000b43800000539000070390000c8390000eb390000
633a0000a13a00005b3b0000523c00007f3c0000ea3d00001e3f00005e400000fe4000000b410000134100008f410000
190100003101000054030000c0050000bd0600009c0a0000b60a0000390b00008f0b000040140000a315000096170000
ba17000092180000441a0000611a0000521f00001b2300002f0d0000240e0000d30e0000540f0000740f000001100000
821000001f11000057120000ba120000181300008a13000097130000a41300000a14000039140000531400009d150000
93170000b4170000491f000002200000f12100000b2300001724000069240000cd270000962a0000aa2a0000d72a0000
032b00001d2c0000582c0000bd2d00001f2e0000183100006a310000ca36000005370000513900009d3c00009c400000
ce40000024410000a441000076030000430b0000b10b00005c2000002422000037220000072c00003f2c00000c410000
95410000721400001e1600002416000031170000872400005a260000cd2b0000012c00001b2c0000c8390000eb390000
633a0000a13a0000ea3d00001e3f0000fe4000000b410000134100008f41000040140000a315000096170000ba170000
92180000441a0000611a0000521f00001b230000890100006b03000074040000fd0400006f060000620700006a090000
b20a0000ca0a0000400b0000a60b0000321300005c2000002422000037220000462a0000772a0000072c00003f2c0000
ed2c0000342d00006c300000b4300000733600007b3b00000c41000095410000300600008c080000730900007d0c0000
8d0c0000690d0000231000003513000067130000cc130000251700001e18000079180000891800000c1a0000401a0000
531a0000591a0000fa090000f6170000f4190000a2020000421800008c1800005c1a0000690d000023100000cc130000
251700007918000089180000401a0000531a0000591a0000010100009e020000330600002d07000095080000900c0000
0e18000021180000421800008c1800005c1a0000df0d0000050e0000d30e0000490f0000bc0f00005d100000bf100000
b4120000ba120000f9120000fd1300000514000029140000391400004a140000811400008e14000010160000ce180000
15190000c6190000111a0000991a0000411f000002200000f1210000f5220000eb240000f225000063260000b5270000
5d280000e3290000aa2f0000d93000004531000085370000383800003a3900000d3a0000aa3a0000163d0000213f0000
533f0000a93f0000731a000096260000322700005428000092290000dd3a0000913f00005c1a0000a323000017270000
380d0000ce0d0000d60d00000d0e0000f41200000e1400003a140000401400005a1400009114000013160000141a0000
671a0000891a00009c1a0000fd2200002a2300009f230000ee24000051250000fb250000252700008f270000bd270000
63280000a8280000ad2f0000cf320000413800001f3d0000eb0000006e01000092010000ab010000ae020000c0050000
30060000bd0600008c080000730900009c0a0000b60a0000390b00008f0b0000c90c0000f60c0000380d00000d0e0000
231000003513000067130000cc130000401400007b1500007f1500002517000096170000ba1700000c1a0000401a0000
441a0000531a0000591a0000611a0000841d0000521f0000e2220000902300009a230000be2300000f270000653b0000
7f3b0000053c0000d43c0000cf3d00000b3e0000d1020000e4020000fa090000430b0000b10b0000f41900008f220000
0f3c0000380d00000d0e000023100000cc130000401400007b1500007f1500002517000096170000ba170000401a0000
441a0000531a0000591a0000611a0000841d0000521f0000902300009a230000be2300000f270000d43c0000cf3d0000
0b3e0000f1040000a6090000b3090000030a0000370b00008d0b00008e100000b6180000ba190000f3190000731a0000
221f0000d51f0000d22100008922000096260000322700005428000092290000c23000002c3100007d370000c4380000
023a0000dd3a0000033c0000913f000077010000b1010000fa010000b1020000ba020000330600002d07000095080000
5c1a0000a323000017270000ce0d0000d60d0000d11000001b110000f41200000e1400005a14000013160000ae190000
d2190000ed190000141a0000591a0000c91d0000891f0000182000001d200000462000006520000040220000fd220000
9a2300000f270000e82a0000a22b0000aa2b00001331000073370000fa3900001f3d0000ee0300005e04000019050000
6d050000830900007b0a0000580c00008f0e0000741200000f13000043130000e41d0000201e0000b0200000ee200000
502200009c24000073260000a7260000c1260000872a0000e32e00005b2f000062360000eb360000b438000005390000
4839000070390000bb3900006c3a0000ba3a0000423b0000523c0000723c00005b3e00000a3f0000cb3f0000d43f0000
fc3f000014400000ca4000008408000073090000ca0b00007d0c0000950c00002b0e00004d130000671300000e140000
5a1400002d1f0000611f0000691f0000891f000040220000a7220000422300005b2300007e000000d00100001b020000
7e070000f2070000050800001908000038080000540a0000e70a0000000b00000d1500004d17000005180000001a0000
82270000ec280000cf2900003f000000e501000052030000cd030000020400008e040000cf0400007e05000048060000
b3070000d4070000e60700003508000063080000b3090000460a00004b0a00006d0a0000e60a0000ee0a0000fb0a0000
2e0b0000370b00005f0b0000730b00008d0b0000b90c0000ec0d00004c0e0000e30f00009c100000a51100005d130000
30140000b81400000a15000022150000bd150000491700004c17000054170000fb1900007b1b0000e21e0000221f0000
2b1f000026200000732100008a210000d221000006220000a5220000df230000382400008725000078270000b4270000
54280000e928000092290000b6290000ca290000e2290000332a0000222b00004d2b0000522d0000dd2d0000d1300000
3531000079330000ee34000036350000803500005a3600007f360000833600004b3700007f370000a23800001f3b0000
af3b0000c53b0000fa3b00002b3c0000823e0000543f0000884000004941000078410000790b0000371f0000c9220000
470000005d00000076030000860500008406000019080000380800004e0a0000610a0000430b0000790b0000b10b0000
0d1500004d17000005180000001a0000371f0000c922000082270000ec280000cf2900001f050000b1050000810a0000
a60b00002d0c00005e0c0000ed0c0000631300007b130000ab170000e61d0000341f00007f1f0000be220000b5230000
a424000008250000ad260000e5260000e52e0000632f00001432000080320000f5360000483b0000e03f00001a400000
190100002901000034020000c0050000b6060000cb090000840a0000b60a00000c0b0000f412000026180000141a0000
061f0000651f0000921f00002e2000001022000052230000c0000000fe020000390300008305000049060000b8090000
700a0000310b0000600b0000760b00009d0b0000251f0000d61f0000d32100008c220000332700005528000093290000
21000000b2010000fd01000094020000ee020000182700001d0000006e000000ec0000006a01000093010000b9010000
f101000099020000b6020000e6020000ea0200000c0300009403000095060000290700004807000088080000d0080000
e408000074090000cf0b0000db0d00005d140000491d0000ce1d00008d1f0000e41f00001e2000006620000041220000
fe220000102700001427000054270000a32800000c020000fc050000f40a0000f40100000c0000000600000056000000
a30100003d0300007d0600007a0b000047000000550000000c020000fe0200003903000086050000fc05000049060000
7c060000fa090000340a0000610a0000f40a0000310b0000600b0000760b0000f6170000f41900003327000055280000
932900000f0000002d000000f401000094020000a2020000ee02000018270000d10000002c0100000002000024020000
37020000b9060000e0080000ce090000461500009b1f0000552300002700000095000000c4000000a3010000f4020000
3d03000087050000890600007a0b0000b60b0000902200001d01000047010000830200009f030000c0030000ef030000
5f0400007c0400001a0500001c0500003205000070050000a1050000c4050000b00600004d0700005a070000a6070000
84090000c3090000e30900007e0a0000870a0000c20a00002a0b0000360c00005b0c000079120000df1200001f130000
5013000005170000d11a00006e1c0000b01c0000fc1c0000701f00003a2000007a200000b1200000ef20000028210000
1c2200005122000071230000a12400000025000078260000aa260000d1260000ba2800007b2900004f2a0000882a0000
6f2c0000602f0000563000006430000089300000b2300000be30000012320000313200005a32000078320000e3320000
0533000065360000b53800000639000058390000bf3a0000453b00000d3f0000ce3f0000fd3f000017400000cf400000
9d000000e0000000fb000000dc010000280200005702000095060000290700004807000088080000d0080000e4080000
74090000cf0b00007e0c0000980c00008c0d00002e0e00005d1400001915000012180000f01a0000021b00008d1f0000
41220000b7220000432300005e230000a2270000a3280000a7000000430200007d0600007a0b0000ce220000a4000000
d30000004a0100004f020000730200008602000020030000ab03000020050000a3050000b20500008d060000a5060000
a7060000b1060000fb0600005b070000a9070000f708000012090000e6090000820a0000a70b0000300c0000420c0000
5f0c0000fd0c00006813000059150000ac170000061d0000f81f0000c322000074230000c5230000a524000001250000
0d250000ae260000ea2600005b2a0000712c0000642f000015300000653000007932000085320000493b00001b400000
eb0000006501000092010000e50200008f030000c0050000b60600008408000073090000cb090000840a0000b60a0000
0c0b0000ca0b0000d20c0000f60c0000ce0d0000d60d0000f41200004d130000671300000e1400005a140000141a0000
411d0000981d0000c91d0000d31d0000061f00002d1f0000611f0000651f0000691f0000891f0000921f00001d200000
652000001022000040220000fd2200000f2700004c3b00007f3b0000d63b00001f3d00004c3e0000513e000019000000
440000008d000000b5010000ea0100004002000048020000c2020000e802000018030000620300008305000049060000
7e070000f2070000050800001908000038080000b8090000540a0000700a0000e70a0000000b0000310b0000600b0000
760b00009d0b0000271500004d170000001a0000551d0000251f0000f01f0000d3210000b52200001227000073270000
c427000055280000ec28000093290000cf290000293b0000b03b0000ca3b0000fd3b00002c3c0000833e0000a2010000
3c030000fc050000f40a0000790b0000641d0000371f0000be3b000026000000920000009b000000c3000000a2010000
40020000c2020000d1020000e4020000e8020000180300003c03000086050000fc050000490600007c06000084060000
1908000038080000fa090000340a00004e0a0000610a0000f40a0000310b0000430b0000600b0000760b0000790b0000
b10b0000271500004d170000f4190000001a0000641d0000371f00008f220000b52200001227000073270000c4270000
55280000ec28000093290000cf290000143b0000303b0000be3b0000fd3b00000f3c00002c3c0000833e0000fd020000
36030000a1040000bd04000048060000cf060000d3090000f30a00002e0b00005f0b0000730b000097120000ee1e0000
191f00002b1f00003227000054280000922900003f2b00001c3000008e30000081360000bc3800001b390000503a0000
bd3b00005b4100008f020000ed020000b9060000e0080000ce090000db0c0000441d00004d1d0000dc1d00009b1f0000
17270000120000002b000000480000006200000043020000520200007b03000087050000890600007a0b0000b60b0000
ce220000260000004f000000920000009b000000c3000000d30000004a010000a2010000b501000040020000e4020000
3c03000044030000860300008e030000ab03000020050000860500008e050000b20500007c06000084060000a9070000
6a0800006c0800006e0800002a0900003c0900004f090000b4090000230a0000820a0000740b0000760b0000790b0000
7f0b0000b10b0000c10b0000c90b0000f30b0000fd0c000068130000ed1a0000321b0000f81c0000da1f00006c200000
472200008f220000b5220000e1220000e0250000ff2900000c2a0000182a0000082c0000442c00000036000002360000
3c3600004e36000022380000dc380000493b000096410000ee0300005e0400006c040000fb040000190500006d050000
67060000830900007b0a0000920a0000580c00008f0e0000d70e0000000f0000700f0000940f0000ac110000b9110000
74120000c41200000f1300002c1300004313000072140000af140000e91500001e160000241600000d17000031170000
e41d0000201e0000a2200000b0200000ee2000006821000050220000f5230000872400009c240000842500005a260000
73260000a7260000c1260000cf270000f3270000222800007f2800001e290000712a0000872a0000c42a0000cd2b0000
012c00001b2c0000e52c0000322d0000e32e00005b2f0000ce2f0000fa2f0000f0330000fc3300005334000065340000
003500001f350000493500007d350000f93500006236000069360000e4360000eb360000b43800000539000048390000
703900009d390000bb390000c8390000e0390000eb390000633a00006c3a0000a13a0000ba3a0000423b00005b3b0000
523c0000723c00007f3c0000633d0000a73d0000ea3d00005b3e0000bf3e00000a3f00001e3f00003c3f0000cb3f0000
d43f0000fc3f0000144000005e40000096400000ca400000fe4000000b410000134100008f4100001901000031010000
54030000c0050000bd06000084080000730900009c0a0000b60a0000390b00008f0b0000ca0b00007d0c0000950c0000
4c0d0000720d00002b0e0000751100008511000093110000a81100004d13000067130000bd130000d31300000e140000
401400005a14000034150000a31500006c17000096170000ba1700002f180000921800001b1a0000441a0000611a0000
2d1f0000521f0000611f0000691f0000891f000040220000a72200001b230000422300005b2300007a270000ef280000
b829000076030000430b0000790b0000b10b0000371f0000c922000082270000ec280000cf290000890100006b030000
74040000fd0400001f050000b10500006f060000620700006a090000810a0000b20a0000ca0a0000400b0000a60b0000
2d0c00005e0c0000ed0c0000ec0d000072110000a5110000bc11000032130000631300007b13000030140000b8140000
ab170000e61d0000341f00007f1f00000f2000005c200000f82100002422000037220000be220000b5230000a4240000
0825000087250000ad260000e52600007f270000e1270000f727000082280000c8280000f22800000e29000021290000
c4290000462a0000772a0000cd2a0000072c00003f2c0000ed2c0000342d0000e52e0000632f0000d12f0000fe2f0000
6c300000b43000001432000080320000f232000011330000ff3300008035000073360000f5360000483b00007b3b0000
543f0000e03f00001a4000009a4000000c41000095410000190100002901000034020000c005000030060000b6060000
8c08000073090000cb090000840a0000b60a00000c0b00007d0c00008d0c0000690d0000e00d00000a0e000023100000
5e100000bd120000f41200003513000067130000cc130000011400002a1400003d1400004f140000251700001e180000
2618000079180000891800000c1a0000141a0000401a0000531a0000591a0000061f0000451f0000651f0000921f0000
032000002e200000f221000010220000fa22000052230000ba27000060280000e82900000c020000fc050000fa090000
f40a0000f6170000f4190000332700005528000093290000f4010000a202000018270000d1000000010100002c010000
0002000024020000370200009e02000033060000b90600002d07000095080000e0080000ce090000900c0000390d0000
db0d00000e0e0000411400005d140000461500000e18000021180000421800008c1800005c1a00009b1f0000fe220000
552300002627000094270000be27000064280000ab280000eb000000650100006e01000092010000ab010000ae020000
e50200008f030000c005000030060000b6060000bd060000840800008c08000073090000cb090000840a00009c0a0000
b60a00000c0b0000390b00008f0b0000ca0b0000c90c0000d20c0000f60c0000380d00003e0d00005b0d0000860d0000
8a0d0000c50d0000ce0d0000d60d0000d70d0000ef0d00000d0e0000200e0000231000005e1000007511000085110000
93110000a8110000bd120000f4120000351300004d13000067130000bd130000cc130000d3130000011400000e140000
2a1400003d140000401400004f1400005a140000431500007b1500007f150000251700006c17000096170000ba170000
0c1a0000141a00001b1a0000401a0000441a0000531a0000591a0000611a0000411d00007b1d0000841d0000981d0000
c91d0000d31d0000061f00002d1f0000451f0000521f0000611f0000651f0000691f0000891f0000921f000012200000
1d20000065200000f22100001022000040220000e2220000fd22000010230000902300009a230000be2300000f270000
212700003e2700008727000060280000ef280000b8290000e82900004c3b0000653b00007f3b0000d63b0000053c0000
c23c0000d43c0000dc3c0000123d00001f3d00003b3d0000cf3d00000b3e00004c3e0000513e00009b3e0000a2010000
d1020000e40200003c030000fc050000fa090000f40a0000430b0000790b0000b10b0000f4190000641d0000371f0000
8f2200001227000073270000c427000055280000ec28000093290000cf290000be3b00000f3c0000833e0000fd020000
36030000a1040000bd040000f104000048060000cf060000a6090000b3090000d3090000030a0000f30a00002e0b0000
370b00005f0b0000730b00008d0b0000900d0000361000008e10000097120000df1200001f130000e613000073140000
b6180000ba190000f3190000731a0000d11a0000b01c0000ee1e0000191f0000221f00002b1f0000d51f0000d2210000
892200006a26000096260000322700004527000070270000dd270000472800005428000067280000e928000059290000
5d2900008f2900009229000098290000b6290000da290000882a00003f2b00001c3000008e300000c23000002c310000
813600007d37000090380000bc380000c43800001b39000058390000023a0000503a0000b13a0000dd3a0000e93a0000
023b0000bd3b0000033c00007f3e00001f3f0000913f0000cf4000005b41000077010000b1010000fa0100008f020000
b1020000ba020000ed02000033060000b90600002d07000095080000e0080000ce090000db0c0000880d00008c0d0000
2e0e0000411400005d1400005c1a0000441d00004d1d0000dc1d00009b1f00001e230000a3230000172700001d270000
28270000422700005d27000064280000ab2800002f0d0000df0d00001b0e0000d30e0000740f0000bc0f000001100000
5d1000008a13000097130000a413000005140000291400004a140000531400008114000095140000c2140000ee140000
fd1d0000441e00004e1f00005e1f000038220000142300003c230000c324000025250000ea25000063260000c3260000
fe260000cd270000f02e0000822f00001d320000a1320000053700002f380000aa3a00009d3c0000393f0000533f0000
d63f0000294000003f00000055010000cd010000e501000052030000cd030000f80300001b0400008e040000c3040000
570500007e050000df05000048060000dd060000b3070000ef070000b3090000460a00004b0a00006d0a0000ac0a0000
e30a0000e60a0000ee0a0000fb0a00002e0b0000370b00005f0b0000730b00008d0b00001a0c00004611000058110000
72110000bc1100002215000088150000bd1500000116000043160000b11600004c17000054170000a4170000d9170000
fb190000811a0000221f00002b1f00000f200000d2210000f8210000a52200007f250000b3250000c625000078270000
b427000054280000e928000092290000b6290000ca290000e2290000cd2a00008d2c0000182d00002b30000097300000
ff33000075350000af350000c23500005a3600007f360000833600004b3700007f370000a23800001f3b0000af3b0000
c53b0000fa3b00002b3c0000823e0000f13e0000843f00009d3f00009a400000ab1700007f1f0000b5230000ad260000
e5260000e03f00001a40000089010000fd020000520300007404000063050000480600006a090000b20a0000ca0a0000
2e0b0000370b00005f0b0000730b00008d0b0000e50b0000fa0b000072110000bc110000321300002215000088150000
bd1500000116000043160000b11600004c17000054170000a4170000ab170000d9170000fb190000811a00002b1f0000
7f1f00000f200000f8210000a5220000b5230000b3250000c6250000cb25000044260000ad260000e526000078270000
b427000054280000e928000092290000b6290000ca290000e2290000cd2a0000ff330000af350000c235000073360000
4b3700007f3700000d380000a23800008b3a00007b3b0000fa3b00002b3c0000823e0000eb3e0000fe3e0000843f0000
9d3f0000e03f00001a4000009a4000001d0000006e000000ee000000ae010000b9010000f101000099020000b6020000
e60200000c030000c105000095060000c00600002907000048070000d0080000e40800009f0b0000ce0c0000f70c0000
390d00000e0e00004114000080150000bb170000641a0000491d0000e41f0000e722000095230000bf23000010270000
1427000054270000a3280000461500009b1f0000552300000600000056000000f40200007d060000b60b000090220000
01010000f101000099020000b6020000e6020000ed0200000c0300002907000048070000950800009a0b0000b50b0000
900c0000390d00000e0e0000411400004615000080150000bb170000641a00009b1f000093220000cd22000055230000
95230000bf230000102700001427000054270000a3280000eb000000650100007301000092010000d9010000e5020000
8f030000fa030000a7040000eb040000eb050000b6060000e70600008408000091080000a8080000cd0800006c090000
7309000092090000b20b0000ca0b00000b0c0000380c0000850c0000d20c0000010d00001d0d0000340d00008a0d0000
8b0d00009e0d0000a80d0000d60d0000d70d0000e20d0000200e00003a0e0000d40e0000750f00000210000060100000
a3100000b5100000d11000001b1100005c110000d9110000e01100003112000068120000e21200008b1300009a130000
4c1400004f140000541400005a1400005b140000691400008214000098140000c6140000ef1400008c15000013160000
76160000e5170000591a00008d1a0000ef1a0000fe1c0000c91d0000151e0000891f0000ae1f0000182000001d200000
65200000392200003d220000402200005f220000ae220000fd2200000523000017230000242300003f2300004a230000
882300009a230000c424000019250000282500004d25000060250000d6250000ee2500000a2600001226000064260000
d3260000032700000f27000099270000d7270000a0280000a62a0000e82a0000992c0000832f00003630000013310000
91320000a4320000cb320000de320000153600009f360000dc36000018380000343800005038000059380000ab3a0000
9e3c000033400000a2010000200300003c03000012090000740b0000790b0000f30b0000420c000059150000ac170000
061d0000e122000074230000c523000001250000e0250000ae260000ea26000079320000223800001b400000380d0000
f50d00000d0e00002310000045120000cc13000040140000d31400007f15000015170000ba170000611a0000841d0000
b91d0000d31d0000151e0000521f0000921f0000aa1f0000b21f000090230000be230000212500000e26000082260000
0f2700009c32000055380000c93a0000d43c0000260000004f000000920000009b000000c3000000f800000099010000
a201000048020000e4020000e8020000020300003c030000620300008e030000ab03000075040000860500008e050000
4d0600007c06000084060000b60700006a0800006c0800006e0800003c0900004f0900007a090000b70a0000740b0000
790b0000920b00009d0b0000b10b0000b30b0000c90b0000e60b0000f30b0000ff0b0000ae0c00003313000059150000
ac170000061d00008f22000097220000d9220000e122000074230000c5230000ce250000e025000045260000ae260000
ea2600000c2a000000360000023600004e36000010380000223800008c3a0000803b00001b4000000f130000201e0000
b0200000ee2000005022000073260000a7260000c1260000872a000048390000bb3900006c3a0000ba3a00005b3e0000
cb3f0000d43f0000fc3f000014400000ca4000002b0e00000e1400005a140000611f0000691f0000891f000040220000
422300005b230000470000005d000000d00100001b020000760300008605000084060000f2070000050800004e0a0000
610a0000e70a0000000b0000430b0000790b0000b10b0000371f0000c922000082270000ec280000cf290000e5010000
520300008e0400001f050000b105000027090000b3090000220a0000810a0000e60a0000ee0a0000fb0a0000370b0000
730b00008d0b0000ed0c0000ec0d0000a5110000631300007b13000030140000b81400007b1b0000e21e0000221f0000
2b1f0000d51f0000262000005c200000732100008a210000d2210000062200002422000037220000a5220000eb230000
382400008725000078270000b427000054280000e928000092290000b6290000ca290000e2290000fe290000132a0000
222b00004d2b0000072c00003f2c0000ee3400003635000080350000393600007f36000083360000f5360000a2380000
db380000483b0000af3b0000c53b0000823e0000543f00004c400000794000000c410000494100007841000095410000
f412000026180000141a0000061f0000651f0000921f00002e200000102200005223000047000000550000000c020000
86050000fc0500007c060000b8090000fa090000340a0000610a0000f40a00009d0b0000f6170000f4190000251f0000
d61f0000d32100008c2200003327000055280000932900000f0000002d000000b2010000f4010000fd010000a2020000
18270000d10000002c010000b1010000b9010000f101000099020000400300007a030000b9060000d0080000e4080000
7c0b0000b50b0000db0d00005d140000421800008c1800005c1a0000491d0000ce1d00008d1f0000e41f00001e200000
6620000041220000fe220000102700001427000054270000a3280000fd02000036030000740400007c04000063050000
48060000cf060000c30900002e0b00005f0b0000730b0000e50b0000f20b0000360c000097120000df1200001f130000
731a0000d11a00006e1c0000b01c0000fc1c0000701f00003a2000007a200000b1200000ef200000282100001c220000
512200007123000000250000d4250000442600007826000096260000aa260000d12600003227000054280000ba280000
7b29000092290000882a00001c3000008e30000012320000313200005a32000078320000e33200000533000016380000
583900008b3a0000bf3a0000dd3a0000d13e0000fe3e0000913f0000ce3f0000fd3f000017400000cf400000dc010000
280200008f020000ed020000b9060000d0080000e40800007c0b0000b50b0000db0c00008c0d00002e0e00005d140000
5c1a0000f01a0000021b00008d1f000041220000b2220000cd220000432300005e230000a323000017270000a2270000
a3280000ce0d0000d60d0000f41200000e1400005a140000141a0000981d0000c91d0000d31d0000061f0000611f0000
651f0000691f0000891f0000921f00001d200000652000001022000040220000fd2200000f2700001f3d00004c3e0000
513e000026000000920000009b000000c3000000a2010000b5010000ea01000048020000d1020000e40200003c030000
6203000086050000fc0500007c06000084060000f207000005080000b8090000fa090000340a00004e0a0000610a0000
e70a0000f40a0000000b0000430b0000790b00009d0b0000b10b0000f4190000551d0000641d0000251f0000371f0000
f01f0000d32100008f2200001227000073270000c427000055280000ec28000093290000cf290000143b0000303b0000
b03b0000be3b0000ca3b00000f3c0000833e0000df0d0000050e0000050f0000210f0000740f00005d100000bf100000
5f120000b4120000ba120000d312000018130000c9130000fd13000029140000391400004a140000121e0000801e0000
fa1e0000411f0000491f000002200000f1210000f52200001724000051240000b52700005d280000e3290000962a0000
a32a0000652b0000da2e0000d930000045310000d3360000173700003239000051390000a7390000d13c0000b4400000
ce400000514100009f030000c0030000f3030000710400007c0400001a05000032050000a1050000180600006c060000
b00600004d0700005a070000ad0700006e09000088090000c30900009f0a0000360c0000810c0000ab0c0000900d0000
900e000036100000751200002f1300003813000073130000e61300007314000025160000051700001d17000036170000
c91a00001f1b00002f1b0000a81c0000dc1c0000ef1c0000f51c00007a20000028210000f82300008824000000250000
6a260000ba2800007b2900004f2a0000742a0000ce2b0000042c00002b2c00006f2c0000ea2c00005630000064300000
89300000b2300000be30000012320000313200005a32000078320000e332000005330000e7360000b938000071390000
cd390000b13a0000683b00001f3f00006c400000ff40000018410000924100009d000000e4000000f30000001a010000
34010000dc010000280200004a02000064030000c105000095060000c00600002907000048070000d0080000e4080000
9f0b0000880d000041140000191500005c150000a4150000bb170000121800005718000095180000641a00001e230000
a2270000a3280000eb000000210100006e010000ab0100005b030000fa030000a7040000eb040000c0050000c8050000
bd060000c3060000e4060000f606000045070000730700008c080000a4080000ab080000320900008f0b0000960b0000
c90c0000d70c0000f60c0000010d00001d0d0000340d0000380d00003e0d0000860d00008b0d0000f50d00000d0e0000
150e0000270e0000340e0000d40e0000750f0000ef0f0000021000003910000083100000a6100000e410000022110000
5c110000dd110000451200005b12000083120000bb120000191300008b1300009a1300003a1400003d14000040140000
44140000561400006314000091140000d3140000161500005b1500007f150000a0150000ab15000013160000f8160000
b7170000ba170000c2170000b2190000611a0000df1a0000e91a0000461b00000b1d0000d31d0000151e0000ae1e0000
921f0000052000002a2000004021000057210000e2220000102300002a23000090230000be23000021250000fb250000
0f27000099270000d7270000a0280000242a0000512a0000972a0000ad2a0000db2a0000042b00002e2b0000592b0000
a62b0000dc2b00002d2c00005d2c00005e2d0000be2d0000333000007d3000001b31000008320000523200009c320000
103600001836000044360000cf360000433700007737000041380000523900009e3c0000ae410000191f000032270000
54280000922900003f2b0000503a00005b410000dc1d00009b1f000017270000a7000000520200007b0300007d060000
b60b0000e40200008e030000fb0600005b0700003c090000b10b0000c90b0000ed1a0000321b0000f81c0000f81f0000
6c200000472200008f2200000c2a00005b2a0000082c0000442c0000653000004e360000964100001a0500001f050000
320500004d0700005a07000030090000a6090000b3090000220a00008d0b0000900d0000361000008e100000e6130000
7314000025160000051700001d170000361700001f1b00002f1b0000dc1c0000ef1c0000f51c0000191f0000221f0000
d51f0000d221000089220000eb230000882400006a2600003227000054280000ba2800007b29000092290000fe290000
0b2a00004f2a00003f2b0000ce2b0000042c00002b2c00005630000064300000b2300000be300000c23000002c310000
e33200000533000042360000db380000cd390000503a0000b13a00001f3f00006640000079400000ff40000018410000
5b4100009241000077010000b1010000fa0100005f0300007a0300002907000048070000950800009a0b0000b50b0000
880d000041140000191500005c150000a4150000bb170000121800005718000095180000641a0000dc1d00009b1f0000
1e23000017270000a2270000a3280000380d0000d60d00000d0e00003a0e00002310000068120000cc13000040140000
5a14000069140000841d0000d81d0000151e0000831e0000b21e0000521f0000971f0000fd220000252700008f270000
bd27000063280000a8280000a62a0000552b0000682b0000dd2e00000c320000dc360000d43c0000a4000000f8000000
990100004f0200002003000070030000ab03000075040000a30500001b060000700600008d060000a5060000a7060000
b1060000fb060000150700005b07000067070000b6070000120900007a090000b70a0000ab0b0000420c0000ae0c0000
33130000b91a0000cc1a0000ed1a0000321b0000f81c0000f81f00006c2000004722000001250000492a00005b2a0000
782a0000082c0000442c0000712c0000ee2c000015300000653000007130000079320000803b000096410000ad130000
201400005c170000e82100002e280000bf2900000c3700002f3700004f370000f73700009f380000b23c0000313d0000
a03e0000c43e0000420d0000e60d0000d1100000051100001012000045120000b01300002d1400002a1500005f170000
09200000f521000060270000ae280000c22900002a0100003a0100006e020000b7060000c606000019070000850a0000
c30a0000230b00005f1500006516000084170000d71a0000371c00003d2000001d2200000a010000890100006b030000
a10400005d050000b1050000cc0500006a0900008e090000810a0000ca0a0000400b0000a60b0000030c00001b0d0000
900d0000a50d0000361000003c100000d2110000f51100005a1200006b120000df120000e9120000e6130000f7130000
3c14000060140000941500008f170000ab170000c6170000e51800002c1c0000331c0000511c0000031d0000441f0000
551f0000771f00005c20000024220000372200005b220000f4220000f822000021230000802300005e240000dd250000
0326000028260000a42a0000b32a00007f2b00007a2c0000072d0000852d00000d2e0000da33000098360000c9360000
cd360000df3600009f370000b13700001f380000493800007038000008390000b4390000f73e0000733f0000ff3f0000
9d400000db4000003b41000050270000bd01000008030000fb06000044070000d60a0000620b00005f15000065160000
84170000d71a0000371c00003d2000001d22000050270000040e0000f422000032270000b4270000542800006f280000
262900004b2900006329000092290000e2290000be2f0000ed2f0000c93600002e38000079380000043b000087080000
98080000fe0800008e0c00009e0c0000960d00003613000074130000e4160000b41a0000f31a0000221b0000051c0000
a11c0000c71c0000f01c0000dd000000fc00000050020000890d00005a150000ee1a0000d8000000010100009e020000
b405000077090000a90b0000710c0000fa0c0000020d00001e0d00005f0d0000600d0000650d0000880d00008d0d0000
110e0000120e0000350e000037100000e312000043140000641400006c150000ae17000042180000d21a0000ea1a0000
031b00003f1b0000041d000044220000c122000036230000c22300001b270000440200008e020000ff1a0000331b0000
92220000c908000012090000960d0000fa140000e41600003c170000f31a0000221b0000051c0000c71c0000f01c0000
e01f0000d521000050270000a5010000f1020000890d00005a150000ee1a00001b2700005f0d0000ae0d0000110e0000
01230000102700001727000035270000c127000057280000df000000430200005602000015060000e7090000af0c0000
a21a0000cd1a0000ff1a0000331b0000f1040000b10500009d080000c0080000390900006a090000a60b00006e0c0000
ed0c00001b0d0000040e0000080e0000310e0000d00f000036100000371200003e1200007f120000df12000032130000
7b13000000140000111400003c140000601400008f1400009e140000f1160000ab170000d11a0000e61a00003e1b0000
8b1b0000b21b0000c61b0000651c0000b01c0000c11c0000e31c0000031d0000211d0000341f00005a1f00007f1f0000
b621000037220000be22000033230000b5230000e5230000ed250000fe250000202600001c2a00000f2b0000d82b0000
3f2d0000cc2d00007e2e0000a52e0000da330000093600004b360000b53600003c370000e43700002e38000032380000
4438000068380000733900003b3a0000223f0000603f0000c03f000072400000ee4000007a410000d1000000f2000000
0d01000096010000000200006e030000b405000077090000a90b0000020d00001e0d0000870d00008c0d0000910d0000
a90d0000ae0d0000af0d0000b40d000037100000e312000043140000641400004615000097150000ae17000058180000
041d0000891d0000692000004422000001230000022300002523000081230000f00100003f0300005418000075230000
64010000a2010000e40200003c0300008e030000fc0500005f060000ca090000250a0000790b0000c90b0000c80c0000
850d00009d0d0000c40d00005915000030190000d9190000de1a0000ed1a0000121b00001a1b0000f61c0000061d0000
101d0000391d00003d1d0000641d0000c81d0000042300007423000087230000dc2400008f2600000e270000ee290000
7a2a0000dd2c00009b2f000081350000de380000d63a00004b3b0000f33c000098410000500d0000f50d0000d1100000
051100001012000045120000b01300002d140000381500005f17000018200000f52100009e270000ae280000c2290000
b53c00003e3d0000a33e0000680100007a0100007a020000b7060000c6060000190700008708000098080000fe080000
850a0000c30a0000230b0000cc0c0000de0c00009d0d000036130000741300006315000065160000e416000084170000
c01a0000de1a0000f71a0000261b0000051c0000371c0000a11c0000c71c0000f01c0000412000001d2200004d3b0000
8c3b0000ee3b0000f33c0000bd3d0000233e00008e270000853e0000d501000020030000fb06000044070000c9080000
12090000d60a0000620b00009d0d0000121500006315000065160000e41600003c17000084170000de1a0000f71a0000
261b0000051c0000371c0000c71c0000f01c0000f81f000041200000d52100001d2200008e2700009f3b00002e3c0000
f33c0000bd3d0000233e0000853e0000d40000004b01000041020000520200005c0200008702000015060000e7090000
541800007523000064010000a2010000aa020000d1020000e40200002c060000fa090000740b0000b10b0000d50b0000
610c0000c80c0000850d00009d0d0000140e000059150000de1a0000ed1a0000321b0000451b0000d21b0000e41b0000
751c00008a1c0000f81c00000a1d00007a1d0000ac1d0000b41d00008f220000e12200008f2300009424000047260000
0e2700006e2b0000972b0000922e0000532f000000340000283a00008e3a00004b3b0000f33c00001d40000028000000
a4010000ef020000192700002700000086000000d0000000f00000000c01000094010000a3010000a7010000ca010000
ff010000e9020000f4020000190300006d030000b305000084070000ec0700003908000075090000a80b0000ab0d0000
071500004515000096150000ad170000881d0000f11f00006720000042220000ff220000132700007427000010000000
a401000044020000ef020000192700002700000086000000d7000000fe000000a3010000a7010000ca0100009d020000
e9020000f402000019030000b305000084070000ec0700003908000075090000a80b0000700c0000f80c00005d0d0000
0f0e0000071500006b150000ad17000041180000f11f000042220000c022000035230000c02300001327000074270000
2a0100003a0100006e020000b7060000c6060000190700008708000098080000fe080000850a0000c30a0000230b0000
8e0c00009e0c0000410d0000960d0000e40d0000d0100000031100000f120000421200003613000074130000af130000
2b140000291500005f15000065160000e41600005e17000084170000b41a0000d71a0000f31a0000221b0000051c0000
371c0000a11c0000c71c0000f01c0000072000003d200000f32100001d2200005f270000ad280000c1290000dd000000
fc000000500200003a0d0000890d0000da0d00005a150000ee1a0000272700004402000019270000d4000000df000000
4b010000410200004302000052020000560200005c0200008702000015060000e7090000af0c00005d0d0000ab0d0000
0f0e000054180000a21a0000cd1a0000ff1a0000331b0000ff220000752300000d2700001627000034270000bf270000
56280000680100007a0100007a020000b7060000c6060000190700008708000098080000fe080000850a0000c30a0000
230b0000cc0c0000de0c00004f0d00009d0d0000f20d0000d0100000031100000f120000421200003613000074130000
af1300002b140000371500006315000065160000e41600005e17000084170000c01a0000de1a0000f71a0000261b0000
051c0000371c0000a11c0000c71c0000f01c00001520000041200000f32100001d2200009d270000ad280000c1290000
4d3b00008c3b0000ee3b0000b43c0000f33c00003c3d0000bd3d0000233e0000a23e0000060000000b00000037000000
c6000000df000000a3010000ca010000f00100008e02000092020000a5020000e9020000190300003f03000076050000
ec070000390800007d0b0000c20b0000af0c00005d0d00000f0e00006b150000ad170000411800005418000042220000
9222000094220000da2200003523000075230000c02300001327000074270000a4000000d3000000f80000004a010000
5c010000d50100004f020000c902000020030000ca040000b2050000d90500008d060000fb06000044070000a9070000
ba07000020080000c9080000120900006f0900009f0900005a0a0000d60a0000620b0000a70b0000220c0000730c0000
fd0c0000230d0000370d0000850d0000b60d0000cb0d0000d30d0000140e0000481000003211000059110000f1120000
381400005814000074140000f0140000121500005915000076150000a91600003c170000ac170000d317000067190000
661a0000ed1a00007a1d0000f81f00004d200000d52100003c2200006c220000c3220000fc2200002723000038230000
9e230000c5230000b6240000782500009e250000c725000065260000dc260000242700008e270000de270000872c0000
752f0000bf330000003400006e35000098350000c3350000ac3a00002e3b00009f3b00002e3c00009f3c0000853e0000
3a400000060000000b00000037000000c6000000d40000004b010000a7010000f0010000f2010000030200008e020000
f40200003f030000410300008703000076050000ec070000390800007d0b0000c20b0000ab0d00000715000045150000
96150000ad170000ff1a0000331b0000881d0000f11f0000672000004222000092220000ff2200001327000074270000
a4000000d3000000f80000000f01000099010000d50100004f0200002003000070030000ca040000b60500008d060000
fb06000044070000a7070000b6070000c0070000e7070000090800005c080000c9080000120900007a0900005a0a0000
d60a0000620b0000ab0b0000ae0c0000c00c0000230d0000370d0000850d0000c40d0000d30d00000c0e0000370e0000
dd0f0000221000007510000090120000cb1200001a1300003f14000066140000121500005915000099150000a1160000
ba1600003c170000b0170000ed1a00005c1d00006c1d0000811d0000931d0000c01d0000d71d0000d01e0000961f0000
f81f00006c2000008b210000d52100004722000004230000242700008e270000de2700003b2a0000892a0000052b0000
1c2b0000e92b0000362c00004c2d0000b02d00003033000072330000773400003735000081350000533900002e3b0000
9f3b00002e3c00009f3c0000853e0000b5410000460400008c040000a70a0000de0a0000770e0000f40e00003b0f0000
58130000871300009d130000ad130000c0130000e3130000f01300000816000032160000871700009f1700006c1b0000
a51b0000b41c0000ba1c0000ec1c000084200000aa200000cc210000e8210000ec2100008c290000a629000070360000
7d360000f2360000ff360000083700000c3700001537000021370000273700005f37000063370000bf370000c2370000
cf370000ee370000f7370000fb3700008d38000096380000703b0000a73b00004c3c0000653c0000993c0000b23c0000
c53c0000ef3c0000fd3c0000673d0000813d0000c03d0000d63d0000e33d0000f03d00007c3e000037010000c1010000
c3060000ff060000aa0a0000e10a0000170d00009a0d0000bb100000e5100000101200001412000031120000a0130000
f11300006015000084150000661600007616000088170000a2170000da1a0000b71c0000092000000a200000f5210000
f62100005a270000a8280000b32900000803000044070000620b0000371c00003d2000001d22000089010000fd020000
520300001a0500002c05000048060000500600006a0900008e090000ca0a0000370b00005f0b00008d0b0000fa0b0000
a50d000072110000d21100001a120000df120000e9120000f7130000cd160000f1160000ab1700007d1b00002c1c0000
3d1c00004a1c00006e1c0000f51c0000731f00007f1f00000f2000003a200000cd200000132100006b210000f8210000
1c22000079230000b5230000cb2500007b2b0000d82b0000ce2c00003b2d00001c2f0000492f0000223500004a350000
983600003c3700009f370000aa3700000d38000008390000b4390000eb3e0000ee4000002b41000091080000cd080000
9b0c0000130d0000420d0000450d0000970d0000b8100000d1100000d4100000e2100000341200005b1300008c130000
b0130000c1130000e71300008415000076160000e5160000a2170000db1a0000231b0000bb1c0000f11c0000e11f0000
d621000051270000a02800009529000012090000fa1400003c170000f31a0000051c0000c71c0000f1020000ee1a0000
0101000099020000ed0200004b060000770900009a0b0000710c0000390d00004a0d00008d0d000073110000e3120000
251500004615000097150000ae170000d21a0000f01a0000fd1a0000001b0000341b00006f1c0000f91c000093220000
73010000d9010000c3060000ff06000091080000cd080000aa0a0000e10a0000d70c0000260d00002a0d0000500d0000
540d00009e0d0000a10d0000b8100000bb100000d1100000d4100000e2100000e5100000101200001412000031120000
341200005b1300008c130000a0130000b0130000c1130000e7130000f1130000641500008c1500006616000076160000
e516000088170000a2170000e11a0000e21a0000271b0000b71c0000bb1c0000f11c0000f91f00001820000019200000
d6210000f5210000f62100008f27000099270000a0280000a828000095290000b3290000733b0000aa3b0000a13c0000
b53c0000c63c0000f43c0000fe3c0000c13d0000d93d0000863e0000200300004407000012090000620b000012150000
3c170000f71a0000051c0000371c0000c71c0000412000001d2200002e3c0000233e00001f05000048060000c0080000
1b090000300900006a0900008d0b00006e0c0000490d0000d00f000072110000781100003e120000df12000032130000
b21300002215000094150000c4150000fd160000541700008f170000ab170000c6170000d11a0000fc1a00002f1b0000
7b1b0000871b0000c61b00006e1c0000711c0000b01c0000cf1c0000dc1c0000f51c00001a1d0000221f0000a2210000
ae210000892200001c260000282600000b2a00003f2d0000cc2d00007e2e0000a52e0000df3300003f34000030360000
42360000de3700006438000070380000d3390000403a0000733f0000b03f000066400000f200000096010000fa010000
e6020000000300005f0300004b060000770900009a0b00003b0d00008c0d0000a90d000073110000e31200006c150000
ae17000057180000f11a00006f1c0000f91c0000132000003b2000007d230000c22300005f000000c40100006a020000
86060000020700001507000090080000f70800000f09000016090000500a0000eb0a00001e0b00009a0c0000e40d0000
031100005a1300002b140000fd140000011500004617000051170000b01a00009c1c0000212000003f21000003220000
5827000063270000a6280000b1280000b1290000db2900006a0000003601000067020000070300000a03000091060000
c2060000120700004307000046070000d2080000fa080000690a0000a90a0000130b0000610b0000640b000042120000
291500005e170000ad1a0000911c0000e21f0000212000003f210000d7210000032200004f270000522700009f280000
a1280000942900009629000020000000ed000000b6010000450200004c020000f0020000f2020000da0d00001f200000
1a2700001c27000010000000a4010000080000002b00000076000000c8000000d00000000c010000b0010000e7010000
ef010000f2010000a50200003e030000410300008b050000b30500007a070000b50900007b0b00007d0b0000c20b0000
411800004222000094220000352300009f000000ac00000072010000de01000073020000760200001d03000024030000
8606000091060000c2060000020700001207000015070000430700004607000090080000d2080000f7080000fa080000
0f09000016090000500a0000690a0000a90a0000eb0a0000130b00001e0b0000610b0000640b0000d60c0000f20d0000
03110000421200005a1300002b140000151500001b1500003715000046170000511700005e170000b91a0000bc1a0000
911c00009c1c0000fc1f0000292000003f210000d7210000032200008b2700009227000096270000a52700009f280000
a1280000a6280000b12800009429000096290000b1290000db290000283b0000723b0000b43b0000de3b0000e93b0000
2d3c0000303c00003c3d0000673e0000843e0000873e0000120000002f0000004c00000081000000d7000000b8010000
030200008b02000092020000870300008b050000b30500007a070000b50900007b0b00007d0b0000c20b0000f80c0000
881d0000d71f00006720000042220000b0220000da2200003f0000001d0100004f010000e50100005203000056030000
9a030000b3030000f3030000000400001f04000074040000950400009b0400001f05000025050000540500007e050000
93050000c4050000d305000048060000ad070000b3070000cd070000350800007d080000b80800001b09000023090000
27090000b3090000bb0900004b0a00009f0a0000c20a0000ee0a0000370b00003b0b0000730b00008d0b0000910b0000
fa0b0000fc0b0000b90c00002d0d0000ec0d0000230e00006a0e0000da0e0000040f0000b20f00000010000042110000
a5110000af110000e7110000f9110000fd1100001e120000551200005a120000a6120000b91200005d130000a2130000
0914000030140000371400003c140000521400009a1400000a150000221500009c150000a7150000b6150000c4150000
eb150000ef1500003c160000471600008a160000d4160000fd16000049170000541700009217000098170000b3170000
be170000c9170000cd170000371b0000df1c0000fc1c00001d1d00002b1f0000471f0000551f00000120000026200000
90200000b1200000bb2000000321000073210000762100008f210000a8210000f021000006220000a522000009230000
21230000cb250000e5250000f625000019260000252600002c26000078270000b427000054280000e928000006290000
262900003c29000063290000b6290000e2290000132a0000a92a0000b32a0000612c0000812c0000fd2c00001c2d0000
0c2f00003e2f00003e33000093330000d0330000f333000025340000663400006a34000084340000263500004f350000
d6350000ed3500003036000039360000a3360000c6360000cd360000d33700000d380000273800003c38000061380000
6d3800007438000079380000143900008c390000d3390000043b0000eb3e0000ed3e0000463f00007d3f0000883f0000
bb3f00004c4000009b4000009d4000001d000000c7000000e7000000ec000000fb00000056010000b9010000f1010000
990200009a020000e6020000ea020000000300001a0300004003000081050000c50500004b060000b0070000b4070000
3a080000b60900007c0b00009a0b00009b0b0000b00c0000fb0c0000000d00000b0d00003d0d00005a0d00005e0d0000
600d0000b20d0000db0d0000100e0000120e000003100000a9110000bc12000042140000431400005514000032150000
6e15000070150000b6170000bf17000055180000001d0000d81f00001e200000272000007421000093220000db220000
1623000076230000c1230000c32300001027000014270000352700007527000057280000ed2800000600000037000000
a3010000ca010000a502000076050000ec070000c20b000041180000422200009422000035230000260000004f000000
920000009b000000d30000004a0100007a010000a2010000b5010000d20100004002000048020000aa020000b3020000
c2020000c5020000e40200008e030000a9030000790400008e050000b2050000d90500002c060000350600007c060000
84060000c6060000a9070000f4070000190800001c0800009808000048090000b4090000c0090000ca090000250a0000
340a00004e0a0000c30a0000740b0000760b0000920b0000bf0b0000c90b0000d50b0000ea0b0000120c00001d0c0000
cc0c0000fd0c00004f0d0000cb0d0000d30d0000d0100000591100000f120000f112000036130000af13000058140000
f0140000d1190000581a00005a1a00005f1a00006a1a0000ed1a00003d1d0000931d0000d01e0000da1f000015200000
1c200000452000006c200000b22000005d2100008b210000f321000035220000472200005222000097220000b5220000
e1220000e5220000fc220000492300008c2300009323000097230000a6230000b6240000682500007325000047260000
4926000075260000af260000b1260000cc260000f62600000c27000012270000ee2900001c2b0000872c0000752f0000
18350000373500005e35000069350000ad380000de3800008e3a0000903a0000bc3a0000143b00008c3b0000b43c0000
1c4000001f40000066000000c40100006a020000080300008d06000002070000150700004407000087080000c9080000
d2080000f70800005a0a0000eb0a00001e0b0000620b00009e0c0000e40d000003110000741300002b140000b01a0000
371c00009c1c0000e01f0000e21f0000212000003d2000003f210000d5210000d7210000032200001d22000058270000
63270000a6280000b1280000b1290000db290000660000002a010000bd010000c4010000670200008d060000b7060000
fb0600000207000012070000d2080000fa080000120900005a0a0000850a0000d60a0000eb0a0000130b000042120000
fa140000291500003c1700005e170000ad1a0000f31a0000051c0000911c0000c71c0000e21f0000212000003f210000
d7210000032200004f270000522700009f280000a1280000942900009629000029000000dd000000a5010000b6010000
450200004c020000f1020000da0d0000ee1a00001f2000001a2700001c270000a400000068010000d5010000de010000
7302000076020000200300008d060000b7060000fb0600000207000012070000150700004407000087080000c9080000
d2080000f7080000fa080000120900005a0a0000850a0000d60a0000eb0a0000130b00001e0b0000620b0000de0c0000
f20d00000311000042120000741300002b14000012150000371500003c1700005e170000b91a0000bc1a0000f71a0000
051c0000371c0000911c00009c1c0000c71c0000f81f0000fc1f000029200000412000003f210000d5210000d7210000
032200001d2200008b2700009227000096270000a52700009f280000a1280000a6280000b12800009429000096290000
b1290000db2900002e3b00004d3b00009f3b0000b43b0000de3b0000e93b00002e3c00003c3d0000233e0000673e0000
843e0000873e0000bd00000055010000fd02000015030000360300009f030000db030000ef0300000204000039040000
7c040000ed0400001a0500001c0500002c050000390500007e050000c40500004806000050060000ad070000b3070000
d0070000350800004108000068080000a6080000b5080000dd08000030090000340900004e090000b30900006d0a0000
ac0a00002e0b00005f0b0000670b0000730b00008d0b0000910b0000f20b0000ab0c0000f10c0000080d0000570d0000
010e0000080e0000930e0000d20e0000fd0e0000480f000000100000091000003c110000a5110000ed11000009120000
511200006312000081120000b9120000bf120000381300007f13000089130000c3130000fb1300000014000037140000
3c140000521400008d1400008f140000311500000f1600001516000095160000c9160000cd160000f4160000fa160000
61170000b3170000be1700004d1c0000fc1c0000221f00003c1f00004d1f0000701f00007c1f0000831f0000d51f0000
2620000074200000b1200000bb200000f820000073210000762100009a210000a8210000d22100000622000089220000
d62200001323000071230000b2230000b9230000f22300000d240000892400008b240000d4250000f0250000fe250000
3227000070270000542800006f280000e9280000032900003f2900004b29000092290000982900000b2a0000202a0000
af2a0000782b0000d72b0000da2b0000ce2c00003b2d0000622d0000ee2d0000012f0000342f0000be2f0000ed2f0000
413300005a33000097330000bb330000ca330000193400006d3400008a340000263500004f350000d3350000e2350000
fe350000123600004236000046360000d73600003f37000045370000ad370000d6370000163800003638000044380000
ee380000753900009a390000d13e0000203f0000223f00006640000068400000c1400000f84000000341000036410000
1700000042000000e4000000ee000000fa0000001e01000052010000b1010000e8010000fa010000fb0100008f020000
ed020000f50200005f0300006003000081050000c50500004b060000b0070000b40700003a080000b60900007c0b0000
9a0b00009b0b0000ba0c0000030d0000330d00003f0d0000640d0000ac0d0000af0d0000d80d0000f00d0000260e0000
03100000a9110000bc1200004214000043140000551400000b1500002515000048150000491500009f150000a8150000
b6170000bf170000021b00003b1b0000001d0000042000001e2000002720000074210000b22200000f23000025230000
172700001d2700007c270000c127000057280000ed2800000b000000c6000000a7010000030200008703000076050000
ec070000c20b0000881d0000f11f0000672000004222000026000000920000009b000000c3000000d30000000f010000
7a010000a2010000b5010000ea0100004002000048020000d1020000e40200003c030000440300006203000086030000
a90300007904000086050000aa050000b6050000fc050000030600005f060000740600007c06000084060000c6060000
a7070000c0070000f20700000008000002080000050800004c0800005708000098080000b8090000fa090000340a0000
4e0a0000c30a0000790b00007f0b00009d0b0000b10b0000c10b0000610c0000c00c0000cc0c00004f0d0000d30d0000
370e0000d01000000f12000090120000cb1200001a13000036130000af1300006614000067190000ed1a0000551d0000
581d0000641d0000681d00006c1d0000971d0000c51d0000cc1d0000d01d0000df1d0000051f0000871f00008c1f0000
8f1f00009e1f0000f01f0000152000001c2000004d20000064200000b2200000fd20000022210000f32100003c220000
3f2200006c2200008f22000038230000942400009e2500000c270000122700002b2a0000362a00007a2a00007c2a0000
892a0000392b0000092c00000b2c0000262c0000502c0000772c0000dd2c0000f22c0000062f00002b2f0000532f0000
30330000623300006d3300009835000053390000143b00008c3b0000b43c0000974100009a410000580d00001b0e0000
d30e0000fe0e0000740f00005d1000004a12000057120000ba120000c0120000c413000005140000391400004a140000
9514000040150000e71500000917000073170000491f00009b2100000b230000ea2500003b270000cd270000f1270000
5d280000732800004c290000af290000aa2a0000c22f0000f82f0000be360000ca360000d73700002f3800009b390000
de390000393f00009c4000004f0100008d0100005f020000f803000062040000c3040000d40400001806000020060000
ad070000cd0700006e090000900900009f0a0000ce0a00001d0b000036100000db110000e71100003712000068150000
011600000d1600001d170000201700008c170000e61a0000291c0000461c00004a1c0000651c0000c11c0000f51c0000
731f0000792300007b2b0000b62c00002c2d00003e33000093330000a1360000b5360000a7370000aa3700000a390000
e83900003b3a00002b410000b4270000542800002629000063290000e229000079380000043b0000e501000052030000
7404000095040000b3090000bb090000ee0a0000370b00008d0b0000fa0b000036100000371200006815000001160000
0d1600001d170000201700008c170000e61a0000461c00004a1c0000651c0000c11c0000f51c0000731f00008f210000
79230000cb250000b4270000542800002629000063290000e22900007b2b0000b5360000a7370000aa370000d3370000
0d3800007938000014390000e83900003b3a0000043b0000eb3e00002b410000e7000000020100004b02000019060000
b007000078090000820c0000b00c0000870d0000910d0000371000005d1500001e170000ce1a0000001b0000201b0000
341b0000f91c000010270000352700005728000056020000e7090000a21a0000b901000099020000b60900009a0b0000
870d0000910d0000371000005d1500001e170000001b0000201b0000341b0000f91c0000d81f00009322000010270000
3527000057280000eb000000210100006e010000ab0100005b030000f10300006f040000c8050000000600006a060000
bd0600008c0800006c090000860900009c0a0000960b0000850c0000c90c0000010d00000c0d0000210d0000380d0000
3e0d0000860d00008b0d0000940d0000a00d0000b70d0000bb0d0000c50d0000d80e0000280f0000041000003a100000
491000004d100000e41000005b11000061110000931100003312000077120000b0120000e1120000e712000035130000
ed1300003a1400003d140000621400007514000086140000ac1400005b1500007f150000ab150000ff15000027160000
1517000034170000c217000031190000d51a0000df1a00001b1b0000631c0000b11c0000071d00003a1d0000651d0000
b91d0000c91d0000d31d0000891f0000921f0000102300002a2300002b2300007c230000e02400008e25000067260000
682600000f2700007b2a0000d02b00000a2c0000282c0000e82c00009f2f0000d633000088350000b738000037390000
cb390000ae3a0000af3a0000653b0000fa3c000099410000e40200008e030000ca090000250a0000c90b0000d9190000
ed1a0000121b0000f61c0000101d00003d1d0000872300008f260000ee290000de380000d63a0000380d0000b70d0000
d60d00003a0e000049100000cd1200001c1300003a14000069140000751400006d1d00002a2300006726000025270000
492700008f27000099270000df2700006b280000a0280000a82800005b29000095290000b32900008a2a000055390000
ae3a0000eb3a0000863e0000f80000005c0100004f0200006402000076020000ca0400001d06000015070000ba070000
fa0800006f0900009f090000e4090000ec0900001e0b0000730c000032110000d9190000aa1a0000b91a0000ed1a0000
121b0000571c0000911c0000f61c0000101d0000872300008f260000bf330000c1380000d63a0000e93b000002040000
cf040000c4050000a6070000a6080000b20800000b090000e3090000b30c0000f10c0000a50d0000930e00003f110000
81120000df120000e9120000501300007f130000f7130000a51a0000fc1a0000371b00004b1b00007b1b0000871b0000
bb1b00002c1c00006e1c0000711c00009b1c0000cf1c0000df1c0000fc1c00001d1d0000ae21000019260000772e0000
9f2e0000cd33000021340000123600009f370000de3700006138000075390000b4390000403a0000bb3f0000d5000000
fa0000001e0100004c0100005302000088020000c5050000aa070000e80900008d0d0000e312000055180000d21a0000
f11a00006f1c0000001d00003b200000762300001c000000c5000000b8010000ef01000096020000e2020000ff020000
3e030000800500004a060000b50900007b0b0000980b0000d71f0000912200000d270000342700005628000041020000
5c02000015060000080000002f0000004c00000076000000ef01000041020000560200005c020000e2020000ff020000
3e0300008b050000150600004a0600007a070000e70900007b0b0000a21a00000d270000342700005628000019000000
80000000cb000000ea0000002001000061010000b5010000d20100004002000048020000c5020000ce020000e1020000
e80200000203000044030000a3030000f00300007904000021050000230500007f0500009b050000c70500004d060000
b506000080070000a2070000f4070000020800001c080000360800003e0800004c080000820800006809000085090000
b4090000c0090000f7090000830a00007f0b0000920b0000b00b00001d0c0000600c0000840c0000d00c0000d30d0000
370e000076120000cb1200001a1300004c130000661400000f15000002170000d1190000581a00005f1a0000581d0000
6c1d0000da1f00001c20000045200000b22000005d210000352200005222000097220000ad220000492300008c230000
972300009e2400006825000075260000af260000cc2600000c27000012270000372700008627000059280000ea280000
f928000074290000362a0000892a0000692c00005d2f00005733000062330000183500005e350000c8350000b6380000
53390000bc3a00004a3b00001c400000d30000000f0100004f0200006402000073020000ca040000b60500001d060000
12070000a7070000c0070000f7080000e4090000ec090000130b0000c00c00009012000059150000aa1a0000bc1a0000
451b0000571c0000751c00008a1c00009c1c00000a1d0000ac1d00006e2b000030330000c1380000283a0000de3b0000
4f0100008d0100005f020000f80300000204000062040000c3040000cf040000d4040000c40500001806000020060000
a6070000ad070000cd070000a6080000b20800000b0900006e09000090090000e30900009f0a0000ce0a00001d0b0000
b30c0000f10c0000570d0000a50d0000190e0000930e0000d20e0000fd0e0000730f0000361000005c1000003f110000
db110000e711000037120000491200005512000081120000b9120000bf120000df120000e9120000501300007f130000
c3130000f7130000031400003714000048140000941400003f15000068150000e6150000011600000d16000008170000
1d17000020170000721700008c170000a51a0000e61a0000fc1a0000371b00004b1b00007b1b0000871b0000bb1b0000
291c00002c1c0000461c00004a1c0000651c00006e1c0000711c00009b1c0000c11c0000cf1c0000df1c0000f51c0000
fc1c00001d1d0000471f0000731f00009a210000ae2100000923000079230000e8250000192600003a270000cb270000
f02700005c2800007228000048290000ae290000a92a00007b2b0000b62c00002c2d0000772e00009f2e0000c12f0000
f72f00003e33000093330000cd3300002134000012360000a1360000b5360000bd360000c63600009f370000a7370000
aa370000d6370000de3700002b380000613800000a390000753900009a390000b4390000dd390000e83900003b3a0000
403a0000383f0000bb3f00009b4000002b410000d5000000e7000000fa000000020100001e0100004c0100004b020000
5302000088020000c505000019060000aa070000b007000078090000e8090000820c0000b00c00003f0d00005e0d0000
870d00008d0d0000910d0000b10d0000d50d0000e10d0000100e0000371000005f100000bc120000e312000042140000
4e1400005d1500001e17000055180000ce1a0000d21a0000f11a0000001b0000201b0000341b00006f1c0000f91c0000
001d0000042000003b200000002300007623000022270000c02700005f28000041020000560200005c02000015060000
e7090000a21a00000d2700003427000056280000d3000000f80000000f0100005c0100004f0200006402000073020000
76020000ca040000b60500001d0600001207000015070000a7070000ba070000c0070000f7080000fa0800006f090000
9f090000e4090000ec090000130b00001e0b0000730c0000c00c0000370d0000b60d0000d30d0000370e000048100000
3211000090120000cb1200001a13000038140000661400007414000059150000d9190000aa1a0000b91a0000bc1a0000
ed1a0000121b0000451b0000571c0000751c00008a1c0000911c00009c1c0000f61c00000a1d0000101d00006c1d0000
ac1d00002723000087230000652600008f26000024270000482700008b27000096270000de2700006a2800009f280000
a62800005a29000094290000b1290000892a00006e2b000030330000bf330000c138000053390000283a0000ac3a0000
d63a0000ea3a0000de3b0000e93b0000843e00001f050000480600001b09000027090000730b0000a50d0000df120000
e9120000f713000022150000c4150000fd16000054170000fc1a0000371b00007b1b0000871b00002c1c00006e1c0000
711c0000cf1c0000df1c0000fc1c00001d1d00002b1f0000ae210000a522000019260000b42700005428000026290000
63290000e2290000132a000030360000393600009f370000de3700006138000079380000b4390000d3390000403a0000
043b0000bb3f00004c400000f1010000e602000000030000400300004b0600007c0b00008d0d0000e312000055180000
d21a0000f11a00006f1c0000001d00003b20000076230000102700003527000057280000080000002f0000004c000000
76000000b801000041020000560200005c020000960200008b050000150600007a070000b5090000e7090000980b0000
a21a0000d71f0000912200000d2700003427000056280000260000004f000000920000009b000000d30000000f010000
a2010000b5010000d20100004002000048020000aa020000b3020000c2020000c5020000e40200008e030000a9030000
790400008e050000b60500002c060000350600007c06000084060000a7070000c0070000f4070000190800001c080000
48090000b4090000c0090000ca090000250a0000340a00004e0a0000740b0000760b0000920b0000bf0b0000c90b0000
d50b0000ea0b0000120c00001d0c0000c00c0000d30d0000370e000090120000cb1200001a13000066140000d1190000
d9190000581a00005f1a0000ed1a0000121b0000f61c0000101d00003d1d00006c1d0000da1f00001c20000045200000
b22000005d210000352200005222000097220000b5220000e1220000e522000049230000872300008c23000097230000
68250000732500004726000049260000752600008f260000af260000cc2600000c270000122700003727000086270000
59280000ea280000f928000074290000ee290000892a000030330000183500005e35000069350000c8350000ad380000
de380000533900008e3a0000903a0000bc3a0000d63a0000143b00001c400000eb0000002101000065010000d2020000
e5020000f103000022050000c8050000b6060000840800006c09000086090000fb090000840a0000b20b0000620c0000
850c0000d20c0000010d00000c0d0000210d00008a0d00008b0d0000940d00009e0d0000d60d0000d70d0000200e0000
3a0e00003b0e0000280f0000770f0000041000003a100000e21000005b1100006111000085110000c311000031120000
77120000b0120000cd120000ce120000e1120000e71200001c1300001d1300004d130000e71300004f14000069140000
6a140000d2190000591a0000611a0000d51a0000e11a0000ef1a00003a1b0000791b0000d31b0000e81b0000631c0000
b71c0000ff1c00006d1d0000711d00007b1d0000b51d00001d20000046200000b32000003922000053220000ae220000
4a230000902300009a2300009f24000076260000b0260000ce2600000f2700008a2a00009b2a0000c12a0000982b0000
962e00005e2f0000d633000007340000b7380000373900005539000056390000bd3a00004c3b0000f43c00001e400000
1900000080000000cb000000ea000000200100006c010000aa010000b5010000d20100004002000048020000c5020000
e802000002030000440300005a030000a3030000f00300006e04000079040000230500007f0500009b050000c7050000
ff0500004d06000069060000bc06000080070000a2070000f4070000020800001c080000360800003e0800004c080000
8a0800006809000085090000b4090000c00900009b0a00007f0b0000920b0000950b00001d0c0000840c0000c50c0000
370d0000b60d000048100000761200003413000038140000741400000f1500007e150000aa1500002616000002170000
1417000033170000c1170000581d0000611d0000b81d0000c51d0000d01d0000871f00008f1f0000da1f00005d210000
972200002723000068250000652600000c27000012270000372700008627000059280000ea280000f928000074290000
362a0000792a0000cf2b0000092c0000262c0000692c0000e72c00005733000062330000183500005e350000c8350000
b6380000ca390000ac3a0000643b000097410000a2010000aa0200002c060000740b0000d50b000059150000451b0000
751c00008a1c00000a1d0000ac1d0000e1220000472600006e2b0000283a00008e3a0000260000004f00000092000000
9b000000f80000005c010000a20100004002000048020000aa020000e4020000e8020000020300004403000062030000
8e03000092030000a9030000230500008e0500002c0600004d0600007c06000084060000ba0700000208000005080000
360800003e0800004c08000057080000480900006f0900009f090000ca090000cc090000250a0000270a0000340a0000
4e0a0000740b00007f0b00009d0b0000c90b0000cd0b0000d50b0000730c0000370d0000b60d00004810000032110000
38140000741400000f150000591500007e150000aa15000026160000021700001417000033170000c1170000451b0000
751c00008a1c00000a1d00003d1d0000461d0000551d0000581d0000ac1d0000b81d0000c51d0000d01d0000871f0000
8f1f0000e12200002723000047260000652600000c27000012270000372700008627000059280000ea280000f9280000
74290000ee290000032a00002b2a0000362a00006e2b0000cf2b0000092c0000262c000057330000623300006d330000
bf330000c8350000ad380000de380000e0380000ca390000283a00008e3a0000ac3a0000143b000097410000ad130000
201400005c170000e82100002e280000bf2900000c3700002f3700004f370000f73700009f380000b23c0000313d0000
a03e0000c43e0000e60d000005110000101200002d14000009200000f521000060270000ae280000c22900003a010000
6e020000c606000019070000c30a0000230b0000371c00003d2000001d220000890100006b030000a10400005d050000
6a0900008e090000ca0a0000400b0000a60b0000030c0000a50d0000d21100005a120000df120000e9120000f7130000
3c140000e51800002c1c0000511c0000031d0000551f0000771f00005c20000024220000372200005b22000021230000
802300005e240000dd25000003260000b32a00007f2b000098360000cd3600009f370000b13700001f38000049380000
08390000b4390000f73e0000ff3f00009d4000003b410000420d0000d110000045120000b01300002a1500005f170000
60270000ae280000c229000098080000fe0800008e0c000036130000b41a0000f31a0000051c0000a11c0000c71c0000
fc00000050020000ee1a0000010100009e02000077090000a90b0000710c0000600d00008d0d0000120e0000e3120000
4314000042180000d21a0000031b00003f1b0000041d000044220000c122000036230000f1040000c008000039090000
6a090000a60b00006e0c0000080e0000d00f00003e120000df12000032130000001400003c1400008f140000d11a0000
3e1b00008b1b0000b21b0000c61b0000b01c0000e31c0000031d0000211d0000341f00005a1f0000b621000037220000
be22000033230000e5230000fe250000202600001c2a00000f2b00003f2d0000cc2d00007e2e0000a52e00004b360000
e43700004438000068380000223f0000c03f0000724000007a410000f200000096010000000200006e03000077090000
a90b00008c0d0000a90d0000af0d0000e31200004314000058180000041d0000891d0000692000004422000025230000
81230000500d0000f50d0000d1100000051100001012000045120000b01300002d140000381500005f17000018200000
f52100009e270000ae280000c2290000b53c00003e3d0000a33e00007a0100007a020000c60600001907000098080000
fe080000c30a0000230b0000cc0c000036130000c01a0000f71a0000051c0000371c0000a11c0000c71c000041200000
1d2200008c3b0000ee3b0000233e000087080000fe0800009e0c000074130000e4160000b41a0000221b0000a11c0000
f01c00002a0100006e020000b706000019070000850a0000230b00005f1500006516000084170000dd00000050020000
5a15000028000000a4010000ef0200002700000086000000d00000000c010000a3010000ca010000ff010000f4020000
6d030000b305000084070000ec07000039080000a80b0000071500004515000096150000ad1700002700000086000000
d7000000a70100009d020000e902000019030000b305000084070000ec07000039080000a80b0000f80c00006b150000
ad170000f11f0000c0220000c0230000680100007a020000b70600001907000087080000fe080000850a0000230b0000
de0c0000741300006315000065160000e416000084170000c01a0000261b0000a11c0000f01c00004d3b0000ee3b0000
bd3d00003a0100006e020000c60600001907000087080000fe080000c30a0000230b00009e0c0000e40d000003110000
0f120000741300002b140000e4160000b41a0000221b0000371c0000a11c0000f01c0000072000003d200000f3210000
1d2200005f270000ad280000c12900002a0100006e020000b70600001907000098080000fe080000850a0000230b0000
8e0c0000410d0000d01000004212000036130000af130000291500005f150000651600005e17000084170000b41a0000
f31a0000051c0000a11c0000c71c00005f270000ad280000c1290000dd000000fc000000500200003a0d0000da0d0000
5a150000ee1a000027270000680100007a0100007a020000b7060000c6060000190700008708000098080000fe080000
850a0000c30a0000230b0000cc0c0000de0c00004f0d0000f20d0000d0100000031100000f1200004212000036130000
74130000af1300002b140000371500006315000065160000e41600005e17000084170000c01a0000f71a0000261b0000
051c0000371c0000a11c0000c71c0000f01c00001520000041200000f32100001d2200009d270000ad280000c1290000
4d3b00008c3b0000ee3b0000b43c00003c3d0000bd3d0000233e0000a23e0000f1040000b10500009d08000039090000
a60b0000ed0c0000310e000036100000371200007f1200007b13000011140000601400009e140000f1160000ab170000
e61a00003e1b00008b1b0000b21b0000651c0000c11c0000e31c0000031d0000211d0000341f00007f1f0000be220000
b5230000e5230000ed250000202600001c2a0000d82b0000093600004b360000b53600003c3700003238000068380000
733900003b3a0000603f0000c03f000072400000ee400000d10000000d010000000200006e030000b4050000a90b0000
870d0000910d0000b40d000037100000641400004615000097150000ae17000058180000041d00000223000081230000
2700000086000000fe000000a3010000ca0100009d020000f402000084070000ec0700003908000075090000a80b0000
700c0000071500004118000042220000c022000035230000a4000000d3000000f80000004a0100005c010000d5010000
4f020000c902000020030000ca040000b2050000d90500008d060000fb06000044070000a9070000ba07000020080000
c9080000120900006f0900009f0900005a0a0000d60a0000620b0000a70b0000220c0000730c0000fd0c0000370d0000
b60d0000cb0d0000d30d0000481000003211000059110000f1120000381400005814000074140000f014000012150000
5915000076150000a91600003c170000ac170000d317000067190000661a0000ed1a0000f81f00004d200000d5210000
3c2200006c220000c3220000fc22000027230000382300009e230000c5230000b6240000782500009e250000c7250000
65260000dc26000024270000de270000872c0000752f0000bf3300006e35000098350000c3350000ac3a00002e3b0000
9f3b00002e3c00003a4000000a0100006b030000a10400005d050000b1050000cc050000810a0000400b0000a60b0000
030c0000900d0000361000003c100000f51100006b120000e613000060140000941500008f170000ab170000c6170000
e5180000331c0000511c0000031d0000441f0000771f0000f8220000802300005e240000dd25000028260000a42a0000
7f2b00007a2c0000072d0000852d00000d2e0000df360000b13700001f38000070380000f73e0000733f0000db400000
3b410000d80000009e020000b4050000a90b0000fa0c0000650d0000880d0000350e000037100000641400006c150000
ae170000ea1a0000031b00003f1b0000041d0000c1220000c22300002700000086000000f000000094010000a7010000
ff010000e9020000190300006d03000084070000ec0700003908000075090000a80b0000881d0000f11f000067200000
42220000a4000000d3000000f80000000f01000099010000d50100004f0200002003000070030000ca040000b6050000
8d060000fb06000044070000a7070000b6070000c0070000e7070000090800005c080000c9080000120900007a090000
5a0a0000d60a0000620b0000ab0b0000ae0c0000c00c0000370d0000d30d00000c0e0000370e0000dd0f000022100000
7510000090120000cb1200001a1300003f14000066140000121500005915000099150000a1160000ba1600003c170000
b0170000ed1a00005c1d00006c1d0000811d0000931d0000c01d0000d71d0000d01e0000961f0000f81f00006c200000
8b210000d52100004722000024270000de2700003b2a0000892a0000052b00001c2b0000e92b0000362c00004c2d0000
b02d000030330000723300007734000037350000533900002e3b00009f3b00002e3c0000b5410000df0d0000050e0000
db0e00006e0f0000830f00005d100000631000001f1200005f120000ba120000fd13000029140000391400004a140000
8e140000d9160000411f0000022000009120000004210000f1210000f5220000f2250000b5270000d327000049280000
5d2800002a29000064290000e3290000a32a00009e2d00002b2e00000d2f00003f2f0000d3360000383800007d380000
053b0000213f0000b44000000a040000c504000018060000ad070000b5080000c4080000030900006e090000810c0000
ab0c0000900d0000500e0000d70f0000361000003c1000003c1100003813000073130000e613000003160000ea160000
1d170000c91a00001f1b00002f1b00005d1b0000a01b0000de1b0000331c00005a1c0000a81c0000dc1c0000ef1c0000
f51c00001a1d00001c260000462d0000852d0000e12d00000d2e00008c2e0000b92e0000ca3300001934000028360000
64380000303a0000b03f0000e4000000f300000052010000970100004a0200006002000019060000b007000078090000
880d0000371000005c150000691500001e17000057180000ea1a0000f91c00007d230000eb0000006e01000092010000
ab010000ae020000f10300006f040000c0050000f705000030060000bd0600008c080000730900009c0a00008f0b0000
e00b0000c90c0000f60c0000010d00001d0d0000340d0000380d00003e0d0000860d00008b0d0000a00d0000a80d0000
0d0e0000150e0000340e0000d80e0000280f0000fb0f0000021000001110000023100000261000003910000046100000
7610000087100000e41000005c1100006f11000083110000bd11000033120000e212000035130000ed13000040140000
44140000631400005b1500007b1500007f150000ff1500002716000025170000ba170000f1170000591a0000611a0000
df1a0000e91a0000461b0000d01b0000761c00008b1c0000b11c00000b1d00007d1d0000841d0000851d0000ad1d0000
e2220000902300009a230000be230000fa24000048260000b0260000ce2600000f270000c72a0000072b0000082b0000
722b0000a52c00006a2d00008f2d0000b12d0000c22d0000b92f000001340000293a00008f3a0000653b0000fa3c0000
1e40000032270000542800006f2800004b29000092290000be2f0000ed2f000017270000c12700005728000052020000
87020000e7090000d1020000e4020000fa090000b10b0000610c0000ed1a0000321b0000d21b0000e41b0000f81c0000
b41d00008f22000094240000972b0000922e0000532f00007c040000dd08000030090000b30900008d0b0000900d0000
361000003c100000e613000003160000ea1600001d1700001f1b00002f1b0000a01b0000de1b0000331c0000dc1c0000
ef1c0000f51c00001a1d0000221f0000d51f000074200000f8200000d2210000892200001c2600003227000054280000
6f2800004b290000922900000b2a0000852d00000d2e00008c2e0000b92e0000012f0000342f0000be2f0000ed2f0000
4236000064380000b03f000066400000b1010000e8010000fa0100005f030000b60900009a0b0000880d000037100000
5c150000691500001e17000057180000ea1a0000f91c00007d23000017270000c127000057280000380d0000ce0d0000
d60d00000d0e00002310000076100000f4120000401400005a140000f2140000841d0000fd220000b724000025270000
8f27000099270000bd270000df270000632800009a280000a0280000a828000095290000b3290000072b0000b12d0000
762f0000e72f0000863e0000f8000000990100004f0200007602000086020000ca0400001b0600002906000015070000
b6070000e7070000fa0800007a090000e60900001e0b0000ae0c0000dd0f0000b91a0000cc1a0000ed1a0000321b0000
c41b0000d21b0000e41b0000911c0000f81c0000b41d0000972b0000bf2c00004c2d0000922e0000e93b00001d010000
4701000083020000000400001f040000cc040000e6040000c4050000d3050000a6070000ca070000e3090000ef090000
870a0000c20a00002a0b0000ea110000f91100003e120000df120000d11a00007d1b0000c61b0000211c00003d1c0000
4d1c00006e1c0000b01c0000fc1c0000701f00003a200000cd200000132100001c22000071230000782b0000812c0000
1c2d00007e2e0000a52e00001c2f0000492f00003b3300008b3300009c370000ad3700002339000036410000e0000000
fb00000057020000c5050000aa070000e8090000b60c0000fb0c00008c0d0000a90d0000e3120000a61a0000f01a0000
fd1a0000021b00003b1b00006f1c0000001d00001600000041000000b0010000e7010000f80100008b020000ec020000
5d030000800500004a060000b50900007b0b0000980b000024150000b022000016270000bf2700005628000019000000
440000008d000000ea0000006101000091010000b5010000ea0100004002000048020000c2020000e1020000e8020000
18030000620300008b030000a3030000f003000079040000210500002305000083050000bf050000f605000049060000
55060000b50600007e0700008b070000f207000000080000050800001908000038080000570800008208000057090000
72090000b8090000c9090000240a0000830a0000760b00009d0b0000c60b0000120c0000d00c0000f50c0000cb0d0000
d30d0000fa0f0000f11200004c13000058140000f01400002715000093160000401d0000551d0000971d0000c51d0000
d01d0000051f0000871f00008f1f0000f01f00001c20000064200000b2200000fd200000222100003f220000b5220000
fc220000b6240000732500000c2700001227000073270000c4270000552800007c280000ec28000022290000f8290000
2b2a0000392b0000092c0000262c0000a42c0000d32c0000062f00002b2f0000752f0000cb2f0000233300006d330000
69350000dd3800004a3b0000974100004302000015060000cd1a0000120000002b00000081000000c800000043020000
52020000870200008b020000ec0200008b050000150600004a0600007a070000e70900007b0b000024150000cd1a0000
b022000016270000bf27000056280000d30000004a0100004f0200007302000086020000ca040000b2050000d9050000
1b0600002906000012070000a9070000f7080000e6090000130b0000fd0c0000591100005915000030190000bc1a0000
cc1a00001a1b0000c41b00009c1c0000061d0000391d000074230000dc240000872c0000bf2c00009b2f0000de3b0000
1d0100004701000083020000000400000a0400001f040000c5040000cc040000e6040000c4050000d305000018060000
a6070000ad070000ca070000b5080000c4080000030900006e090000e3090000ef090000870a0000c20a00002a0b0000
810c0000ab0c0000900d0000de0d0000010e0000500e0000da0e00006c0f0000820f0000d70f0000361000003c100000
5c100000621000003c110000ea110000f91100001e1200003e1200005d120000b9120000df1200003813000073130000
e6130000fb1300002814000037140000481400008d14000003160000d8160000ea1600001d170000c91a0000d11a0000
1f1b00002f1b00005d1b00007d1b0000a01b0000c61b0000de1b0000211c0000331c00003d1c00004d1c00005a1c0000
6e1c0000a81c0000b01c0000dc1c0000ef1c0000f51c0000fc1c00001a1d00003f1f0000701f0000012000003a200000
90200000cd2000000321000013210000f02100001c220000f122000071230000f02500001c260000b1270000d2270000
482800005c2800002929000062290000df290000a22a0000782b0000812c00001c2d0000462d0000852d00009d2d0000
e12d00000d2e00002a2e00007e2e00008c2e0000a52e0000b92e00000c2f00001c2f00003e2f0000492f00003b330000
8b330000ca3300001934000028360000d13600009c370000ad37000036380000643800007c38000023390000303a0000
033b0000203f0000b03f0000b340000036410000e0000000e4000000f3000000fb00000052010000970100004a020000
5702000060020000c505000019060000aa070000b007000078090000e8090000b60c0000fb0c00003d0d00005a0d0000
630d0000880d00008c0d0000a90d0000ac0d0000d90d00001f0e0000371000005f100000bc120000e312000042140000
4e140000421500005c150000691500001e17000057180000a61a0000ea1a0000f01a0000fd1a0000021b00003b1b0000
6f1c0000f91c0000001d00000f2300007d230000202700003d2700005f28000043020000520200008702000015060000
e7090000cd1a000016270000bf27000056280000d3000000f80000004a010000990100004f0200007302000076020000
86020000ca040000b2050000d90500001b060000290600001207000015070000a9070000b6070000e7070000f7080000
fa0800007a090000e6090000130b00001e0b0000ae0c0000fd0c0000370d0000cb0d0000d30d00000c0e0000dd0f0000
221000007510000059110000f11200003f14000058140000f01400005915000030190000b91a0000bc1a0000cc1a0000
ed1a00001a1b0000321b0000c41b0000d21b0000e41b0000911c00009c1c0000f81c0000061d0000391d0000811d0000
b41d0000fc22000074230000b6240000dc240000242700008b27000096270000bc270000de2700006228000099280000
9f280000a628000094290000b1290000052b0000972b0000872c0000bf2c00004c2d0000b02d0000922e0000752f0000
9b2f0000e62f0000de3b0000e93b0000843e0000eb0000006501000092010000e50200008f030000f103000022050000
c0050000f7050000b60600008408000073090000cb090000260a0000840a0000ca0b0000d20c0000f60c0000010d0000
1d0d0000340d00008a0d00008b0d00009e0d0000a80d0000c70d0000ce0d0000cf0d0000d60d0000d70d0000280f0000
770f0000fb0f000002100000111000003910000046100000e21000005c1100006f1100009511000031120000e2120000
f4120000f51200004d130000e71300004c1400005a1400005b140000b2140000f2140000f3140000da190000e11a0000
e91a0000ef1a0000131b0000791b0000d01b0000b71c0000fe1c0000141d0000411d0000981d0000c91d0000d31d0000
061f0000891f0000921f00001d20000065200000b32000002321000040220000fd220000052300002423000088230000
b7240000c824000088250000902600000f270000f92900003a2b00000a2c0000282c0000a52c00006a2d00008f2d0000
2c2f0000762f0000872f000082350000df380000d73a00004c3b0000f43c00009941000019000000440000008d000000
ea0000006c01000091010000aa010000b5010000ea0100004002000048020000ad020000c2020000e802000018030000
62030000a3030000f00300006e040000790400002305000083050000bf050000f60500002f0600004906000055060000
bc0600007e0700008b070000f207000000080000050800001908000038080000570800008a0800005709000072090000
b80900009b0a0000760b00008b0b00009d0b0000df0b0000120c0000c50c0000f50c0000370d00000c0e0000fa0f0000
2210000075100000341300003f140000271500007a1500007e150000261600009316000024170000b9170000f0170000
581a00005f1a0000551d0000811d0000f01f0000fd200000b5220000de2200008c23000097230000bd230000f9240000
7325000046260000af260000cc2600000c2700001227000073270000c4270000552800007c280000ec28000022290000
2b2a0000052b0000a42c0000d32c0000b02d0000062f0000b82f0000cb2f0000233300006d330000693500008d3a0000
643b00001c400000a20100003c030000fc0500005f060000790b000059150000301900001a1b0000061d0000391d0000
641d000074230000dc2400007a2a0000dd2c00009b2f000026000000920000009b000000c3000000f800000099010000
a20100004002000048020000c2020000c5020000d1020000d5020000e4020000e8020000180300003c030000a9030000
2305000086050000aa050000fc05000049060000550600005f0600007c06000084060000b6070000e707000019080000
1c080000380800007a090000fa090000fe090000340a00004e0a0000760b0000790b0000920b0000b10b0000b30b0000
120c00001d0c0000610c0000630c0000ae0c0000370d00000c0e0000dd0f000022100000751000003f14000027150000
591500007a1500007e150000261600009316000024170000b9170000f017000030190000581a00005f1a00001a1b0000
061d0000391d0000641d0000811d00008f22000097220000b5220000d9220000742300008c23000097230000bd230000
94240000a9240000dc240000f92400006825000073250000af260000cc2600000c2700001227000073270000c4270000
552800007c280000ec280000222900007a2a0000052b0000772c0000d32c0000dd2c00004c2d0000b02d0000532f0000
682f00009b2f0000b82f0000cb2f00005e35000069350000143b00001c400000fd020000360300001a0500002c050000
48060000500600002e0b00005f0b0000730b0000f20b00003e120000df120000cd160000d11a00007d1b0000c61b0000
3d1c00004d1c00006e1c0000b01c0000fc1c0000701f00003a200000cd200000132100001c22000071230000d4250000
32270000542800006f2800004b29000092290000782b0000ce2c00003b2d00007e2e0000a52e00001c2f0000492f0000
be2f0000ed2f0000ad37000016380000d13e0000364100008f020000ed0200004b0600007c0b00008c0d0000a90d0000
e312000025150000f01a0000fd1a0000021b00003b1b00006f1c0000001d0000b222000017270000c127000057280000
120000002b00000081000000c8000000b0010000e7010000f80100004302000052020000870200005d0300008b050000
150600007a070000b5090000e7090000980b0000cd1a000016270000bf2700005628000026000000920000009b000000
c3000000d30000004a010000a2010000b5010000ea0100004002000048020000d1020000e40200003c03000044030000
6203000086030000a90300007904000086050000aa050000b2050000d9050000fc050000030600005f06000074060000
7c06000084060000a9070000f20700000008000002080000050800004c08000057080000b8090000fa090000340a0000
4e0a0000790b00007f0b00009d0b0000b10b0000c10b0000610c0000fd0c0000cb0d0000d30d000059110000f1120000
58140000f0140000ed1a0000321b0000d21b0000e41b0000f81c0000551d0000581d0000641d0000681d0000971d0000
b41d0000c51d0000d01d0000051f0000871f00008f1f0000f01f00001c20000064200000b2200000fd20000022210000
3f2200008f220000fc22000094240000b62400000c2700001227000073270000c4270000552800007c280000ec280000
222900002b2a0000362a00007a2a00007c2a0000392b0000972b0000092c0000262c0000772c0000872c0000dd2c0000
f22c0000922e0000062f00002b2f0000532f0000752f0000cb2f0000623300006d330000143b00009741000046040000
3c050000a70a0000590b0000770e00003b0f00009c0f000058130000871300009d130000ea130000f013000020140000
24140000bb150000dd150000441700005c1700006f1700006c1b0000821b0000ad1c0000ba1c0000ca1c0000be200000
d220000001220000192200008c290000a62900007036000092360000f2360000ff360000083700002437000027370000
2f37000033370000493700004f37000058370000bc370000c2370000c737000000380000083800008d38000096380000
703b0000253c00004c3c00008d3c0000993c0000f73c0000fd3c0000313d0000353d0000813d0000aa3d0000263e0000
3b3e0000653e00006d3e00007c3e000091080000130900009b0c0000170d0000990d0000e60d0000e70d0000bb100000
e41000000511000006110000341200005b130000a0130000ed1300002d1400002e140000fe14000047170000db1a0000
f41a0000061c0000bb1c0000cb1c00002220000040210000042200005a270000a8280000b32900005f00000036010000
c0010000c40100006a02000086060000c2060000fe0600000207000015070000f708000016090000500a0000a90a0000
e00a0000eb0a00001e0b00000f12000001150000831500007516000051170000a1170000b01a00009c1c000007200000
f32100005827000063270000a6280000b1280000b1290000db2900003f00000055010000cd010000e501000052030000
9a030000b3030000ef0300000a040000390400006d040000740400008704000095040000f70400001f0500007e050000
9305000048060000a6070000b3070000d0070000ef070000f70700007d080000b2080000c40800001b09000027090000
410900006e090000b3090000bb0900004b0a0000ac0a0000e30a0000ee0a0000370b0000730b00008d0b0000be0b0000
fa0b0000810c0000b30c00002d0d0000de0d0000190e0000310e0000500e0000480f00006c0f0000820f0000d70f0000
001000005c100000621000003f11000072110000ed110000fd1100001a12000063120000a61200005013000073130000
a2130000031400001114000028140000481400005214000060140000941400009e1400002215000088150000c4150000
251600002f160000b1160000b4160000d8160000ee160000fd16000054170000a4170000d1180000d51800004a1c0000
f51c00002b1f00002f1f00004d1f00005d1f0000631f0000731f00000f2000006b2100008f21000097210000b3210000
ba210000f8210000342200003b220000a5220000a9220000132300003b2300004623000079230000dc2300000d240000
312400003c240000cb250000e8250000ed25000078270000b427000054280000e928000006290000262900003c290000
63290000b6290000e2290000132a0000152a0000af2a0000122b0000162b00007b2b0000612c0000fd2c0000462d0000
9d2d0000e12d00002a2e0000413300004633000097330000a4330000cd33000021340000733400009e34000022350000
4a350000d6350000ed350000303600003936000053360000a3360000d7360000aa370000d3370000e1370000e8370000
0d3800002b3800003238000079380000143900008c390000d3390000043b0000eb3e0000383f0000603f00004c400000
81400000c14000002b410000794100007c410000c9080000e4160000221b0000f01c0000e01f0000d521000066000000
3a0100006a020000080300000a0300008d060000c6060000150700004407000046070000c9080000f708000016090000
5a0a0000c30a00001e0b0000620b0000640b00000f120000011500008315000075160000e416000051170000a1170000
b01a0000221b00009c1c0000f01c0000e01f000007200000d5210000f32100005827000063270000a6280000b1280000
b1290000db2900007c040000b10500009d080000dd08000027090000b3090000730b0000ed0c0000ec0d000036100000
a5110000af110000371200007f1200007b1300003014000003160000d4160000ea1600001d170000e61a00001f1b0000
371b0000a01b0000de1b0000651c0000c11c0000df1c0000ef1c0000fc1c00001d1d00002b1f0000d51f00005c200000
74200000f8200000d221000024220000372200005b220000a52200000326000019260000132a00008c2e0000b92e0000
012f0000342f0000f3330000663400000936000039360000b53600004938000061380000733900003b3a0000bb3f0000
ff3f00004c4000003701000009030000c306000045070000aa0a0000630b0000130d00009a0d0000b8100000e5100000
3312000045120000461200008c130000f11300002a1500002d1500005f17000070170000d81a0000381c0000b11c0000
222000003e20000040210000042200001e22000051270000a0280000952900006a000000670200000a03000091060000
120700004607000090080000cc080000d2080000fa080000690a0000130b0000640b00009a0c0000410d0000d0100000
5a130000af1300008315000075160000a1170000ad1a0000911c0000df1f0000e21f0000d4210000d72100004f270000
522700009f280000a1280000942900009629000020000000ed000000ad010000b6010000450200004c020000f2020000
3a0d0000811500001a2700001c2700001d000000c7000000d5000000ee000000f30000004c01000097010000ae010000
b9010000f10100000402000099020000e6020000000300004003000088030000810500004b060000aa070000b4070000
f007000078090000b60900007c0b00009a0b0000c30b0000ba0c0000000d00000b0d0000390d00004a0d0000640d0000
b10d0000b40d0000d90d0000260e0000031000005f100000731100004e14000055140000641400004215000080150000
89150000b2160000001b0000341b0000f91c00008b1d00008d1d0000d81f0000f21f0000682000006a20000043220000
452200009322000000230000022300001027000014270000352700007527000057280000ed280000bd010000fb060000
d60a00005f1500006516000084170000a50100005a15000010000000ef0200000600000037000000f2010000f4020000
4103000076050000390800007d0b0000071500004515000096150000ad17000066000000bd010000670200000a030000
8d060000fb060000120700004607000098080000fa08000012090000160900005a0a0000d60a0000130b0000640b0000
8e0c0000410d0000d010000036130000af130000fa140000011500005f1500008315000065160000751600003c170000
5117000084170000a1170000ad1a0000911c00004f270000522700009f280000a1280000942900009629000029000000
fc000000a5010000450200004c020000f1020000f20200003a0d00005a150000811500001a2700001c270000d1000000
0d010000b1010000e8010000f101000040030000b4050000b60900007c0b0000870d0000910d0000db0d000037100000
a9110000321500005c150000691500001e1700004218000055180000001d000044220000362300007623000008000000
2b00000076000000c8000000fe000000f201000096020000a5020000ec020000410300008b0500004a0600007a070000
750900007d0b0000980b0000c20b0000700c0000241500004515000096150000ad1700009122000094220000bd000000
470100008d010000fd02000036030000830300009f030000db030000f3030000f803000062040000710400007c040000
a40400001a0500002c0500006a0500007e0500004806000050060000a6070000b3070000ca070000ef07000068080000
b8080000d9080000dd080000300900004e0900006e09000090090000b30900006d0a0000870a0000ce0a00002e0b0000
480b00005f0b0000730b00008d0b0000be0b0000f20b0000070c0000b90c0000080d0000490d0000230e00006a0e0000
040f0000730f0000b20f000000100000091000005c100000421100007211000078110000db110000ea11000009120000
491200005d1200006b1200005d13000089130000b2130000091400004814000052140000601400009a1400003f150000
88150000e6150000251600002f160000b1160000b4160000cd160000ee1600000817000072170000a41700002f1b0000
dc1c0000f51c00001a1d0000111e0000171e0000221f00003f1f0000441f0000d51f0000ed1f00005920000060200000
7420000081200000f0200000f2200000f820000060210000a2210000d2210000da210000212200002822000034220000
3b2200005a2200005d22000089220000f1220000f8220000d4250000d8250000f6250000062600000c2600001c260000
3227000070270000542800006f280000e9280000032900003f2900004b29000092290000982900000b2a0000a22a0000
a42a0000ce2c00003b2d0000622d0000ee2d0000012f0000342f0000be2f0000ed2f00003b3300008b330000d0330000
df330000253400003f340000733400009e3400001b3500003f350000d3350000e2350000fe35000042360000a1360000
bd360000d1360000df360000163800001a3800003c3800004c3800005238000064380000ee3800000a390000dd390000
d13e0000063f0000463f0000b03f0000fe3f00000140000066400000b3400000db4000001700000042000000e0000000
ec0000000201000056010000ac010000b1010000ce010000e8010000fa0100008f020000a6020000ed0200005f030000
810500004b060000aa070000b4070000f007000078090000b60900007c0b00009a0b0000c30b0000820c0000b60c0000
030d0000330d00003b0d0000630d0000650d0000b20d0000d50d0000e10d00001f0e0000350e0000031000005f100000
731100004e1400005514000064140000251500008015000089150000b2160000441800004518000057180000f91c0000
132000004322000045220000b2220000b3220000162300003e230000472300007d230000172700001d2700007c270000
c127000057280000ed2800000b000000c600000092020000e90200001903000076050000390800007d0b00006b150000
ad170000da220000c023000026000000920000009b000000c3000000f80000005c01000068010000a201000040020000
48020000c2020000c5020000d1020000d5020000e4020000e8020000180300003c030000a90300002305000086050000
aa050000fc05000049060000550600005f0600007c06000084060000b7060000ba070000190800001c08000038080000
870800006f0900009f090000fa090000fe090000340a00004e0a0000850a0000760b0000790b0000920b0000b10b0000
b30b0000120c00001d0c0000610c0000630c0000730c0000de0c0000370d0000b60d0000f20d00004810000003110000
3211000042120000741300002b14000038140000741400002715000037150000591500007a1500007e15000099150000
2616000093160000a1160000ba160000241700005e170000b0170000b9170000f0170000581a00005a1a00005f1a0000
6a1a0000641d0000c01d00008f22000097220000b5220000d9220000272300008c2300009323000097230000a6230000
bd23000094240000a9240000f9240000682500007325000065260000af260000b1260000cc260000f62600000c270000
122700007a2a0000e92b0000772c0000d32c0000dd2c0000532f0000682f0000b82f0000bf330000773400005e350000
69350000ac3a0000143b00004d3b00003c3d00001c4000001f4000007301000021030000c30600004507000091080000
13090000aa0a0000630b0000d70c0000260d00002a0d0000a00d0000a10d0000f50d0000f60d0000b8100000bb100000
e4100000e51000000511000006110000331200003412000045120000461200005b1300008c130000a0130000ed130000
f11300002d1400002e14000016150000381500003c150000471700005f17000070170000df1a0000e21a0000f81a0000
061c0000381c0000b11c0000bb1c0000cb1c00002a2000004220000040210000042200001e2200008f27000099270000
a0280000a828000095290000b3290000733b00002f3c0000a13c0000fa3c0000fe3c00003e3d00003f3d0000273e0000
683e0000863e00009f000000ac00000072010000d8010000de0100007302000076020000240300008606000091060000
c2060000fe0600000207000012070000150700004607000090080000cc080000d2080000f7080000fa08000016090000
500a0000690a0000a90a0000e00a0000eb0a0000130b00001e0b0000640b0000d60c00004f0d0000d01000000f120000
5a130000af1300001b1500008b1500007516000051170000a1170000b91a0000bc1a0000911c00009c1c0000f51f0000
fc1f000015200000d4210000d7210000f32100008b2700009227000096270000a52700009f280000a1280000a6280000
b12800009429000096290000b1290000db290000283b0000723b0000a93b0000b43b0000de3b0000e93b0000303c0000
b43c0000d83d0000843e0000873e0000d5010000fb060000c9080000d60a00006315000065160000e416000084170000
261b0000f01c0000f81f0000d52100009f3b0000bd3d0000a40000007a010000d5010000730200007602000020030000
240300008d060000c6060000fb0600001207000015070000440700004607000098080000c9080000f7080000fa080000
12090000160900005a0a0000c30a0000d60a0000130b00001e0b0000620b0000640b0000cc0c00004f0d0000d0100000
0f12000036130000af130000121500001b150000631500008b1500006516000075160000e41600003c17000051170000
84170000a1170000b91a0000bc1a0000261b0000911c00009c1c0000f01c0000f81f000015200000d5210000f3210000
8b2700009227000096270000a52700009f280000a1280000a6280000b12800009429000096290000b1290000db290000
2e3b00008c3b00009f3b0000de3b0000e93b00002e3c0000303c0000b43c0000bd3d0000d83d0000843e0000873e0000
0a010000e5010000360300007404000095040000b1050000cc050000b3090000bb090000810a0000ee0a00002e0b0000
730b0000f20b0000900d0000361000003c100000a5110000f511000051120000e6130000311500006815000001160000
0d160000951600001d17000020170000611700008c170000331c0000461c00004d1c0000fc1c00005a1f0000701f0000
8f210000b6210000372200003323000071230000d42500000f2b0000782b00007a2c0000072d0000852d00000d2e0000
6d3400008a340000a7370000ad370000d3370000e43700001638000014390000e8390000d13e0000364100007a410000
d8000000b90100008f020000b4050000b60900007c0b0000fa0c0000880d0000d80d0000f00d000037100000a9110000
5d1500001e170000ea1a0000021b0000201b00003b1b0000001d0000891d0000d81f00006920000044220000b2220000
120000002f0000004c00000081000000f000000094010000f80100000302000092020000e2020000ff0200005d030000
870300008b0500004a0600007a070000750900007d0b0000980b0000c20b00006b150000ad170000da220000c0230000
260000004f000000920000009b000000f80000006801000099010000a20100004002000048020000aa020000e4020000
e80200000203000044030000620300008e03000092030000a9030000230500008e0500002c0600004d0600007c060000
84060000b7060000b6070000e70700000208000005080000360800003e0800004c080000570800008708000048090000
7a090000ca090000cc090000250a0000270a0000340a00004e0a0000850a0000740b00007f0b00009d0b0000c90b0000
cd0b0000d50b0000ae0c0000de0c0000370d0000f20d00000c0e0000dd0f000022100000751000000311000042120000
741300002b1400003f1400000f1500003715000059150000761500007e150000aa15000026160000a916000002170000
14170000331700005e170000ac170000c1170000d31700003d1d0000461d0000551d0000581d0000811d0000b81d0000
c51d0000cc1d0000d01d0000df1d0000871f00008c1f00008f1f00009e1f0000e1220000c5230000c725000047260000
0c27000012270000ee290000032a00002b2a0000362a0000052b0000cf2b0000092c00000b2c0000262c0000502c0000
4c2d0000b02d000057330000623300006d330000c3350000ad380000de380000e0380000ca3900008e3a0000143b0000
4d3b00003c3d0000974100009a41000066000000bd010000080300008d060000fb06000044070000c908000012090000
5a0a0000d60a0000620b0000fa1400003c170000e01f0000d521000050270000f1040000b10500009d080000c0080000
390900006a090000a60b00006e0c0000ed0c0000040e0000d00f00007f120000321300007b130000f1160000ab170000
341f00005a1f00007f1f0000b621000037220000be22000033230000b5230000e52300001c2a00000f2b0000d82b0000
3f2d0000cc2d0000093600004b3600003c370000e43700002e3800007339000072400000ee4000007a410000c9080000
12090000fa1400003c170000e01f0000d52100005027000029000000a5010000f10200001b270000d1000000f2000000
0d01000096010000000200006e030000b405000077090000a90b0000ae0d00004615000097150000ae170000891d0000
6920000044220000012300000e000000f00100003f030000bd01000008030000fb06000044070000d60a0000620b0000
50270000a5010000f10200001b270000060000000b00000037000000c6000000f00100008e0200003f03000076050000
922200000a010000890100006b030000a10400005d050000b1050000cc0500006a0900008e090000810a0000ca0a0000
400b0000a60b0000030c0000d2110000f5110000941500008f170000ab170000c61700005c2000002422000037220000
5b220000f4220000dd25000003260000282600007a2c0000072d000098360000c93600001f3800004938000070380000
08390000f73e0000733f0000ff3f0000d8000000010100009e020000b405000077090000a90b0000710c0000fa0c0000
5f0d0000110e00006c150000ae1700004218000044220000c122000036230000c22300008e0200009222000064010000
a2010000aa020000d1020000e40200002c060000fa090000740b0000b10b0000d50b0000610c0000c80c00008f220000
e12200008f23000094240000472600000e270000532f00008e3a00004b3b00001d400000a4000000d501000020030000
8d060000fb06000044070000c9080000120900005a0a0000d60a0000620b0000121500003c170000f81f0000d5210000
8e2700002e3b00009f3b00002e3c0000853e0000d501000020030000fb06000044070000c908000012090000d60a0000
620b0000121500003c170000f81f0000d52100008e2700009f3b00002e3c0000853e000064010000a2010000e4020000
3c0300008e030000fc0500005f060000ca090000250a0000790b0000c90b0000c80c00003d1d0000641d0000c81d0000
0e270000ee2900007a2a0000dd2c0000de3800004b3b000098410000ad130000201400005c170000e82100002e280000
bf2900000c3700002f3700004f370000f73700009f380000b23c0000313d0000a03e0000c43e0000420d0000e60d0000
d1100000051100001012000045120000b01300002d1400002a1500005f17000009200000f521000060270000ae280000
c229000050270000040e0000f422000032270000b4270000542800006f280000262900004b2900006329000092290000
e2290000be2f0000ed2f0000c93600002e38000079380000043b00001b2700005f0d0000ae0d0000110e000001230000
102700001727000035270000c127000057280000500d0000f50d0000d1100000051100001012000045120000b0130000
2d140000381500005f17000018200000f52100009e270000ae280000c2290000b53c00003e3d0000a33e00008e270000
853e0000941500008f170000ab170000c61700005c20000024220000372200005b220000f42200000326000028260000
c93600004938000070380000733f0000ff3f00005f0d0000110e00006c150000ae170000421800004422000036230000
c2230000250d0000380d0000b70d0000ce0d0000d60d000049100000f41200003a1400005a14000075140000f2140000
671a0000fd2200002a2300009f230000b724000067260000dd26000025270000df270000762f0000ae3a0000a03c0000
3b4000008f2300000e2700001d400000040e0000f1160000ab1700005a1f00007f1f0000b62100003722000033230000
b52300000f2b0000d82b00003c370000e43700002e380000ee4000007a410000ae0d00004615000097150000ae170000
891d0000692000004422000001230000250d0000380d0000d60d00000d0e00003a0e00002310000076100000cd120000
1c13000040140000691400006d1d0000841d0000d81d0000971f000025270000df2700008a2a0000072b0000372c0000
b12d000055390000a03c0000b6410000c81d00000e27000098410000460400003c050000a70a0000590b0000770e0000
5813000020140000bb150000441700005c170000be200000012200008c290000a62900007036000092360000f2360000
2f370000493700004f370000003800008d38000096380000703b0000253c00004c3c00008d3c0000313d0000653e0000
6d3e00007c3e000091080000130900009b0c0000e60d0000051100005b1300002d140000fe1400004717000022200000
40210000042200005a270000a8280000b3290000c9080000e01f0000d52100007c040000b10500009d080000dd080000
27090000b3090000730b0000ed0c00007f1200007b1300002b1f0000d51f00005c20000074200000f8200000d2210000
24220000372200005b220000a522000003260000132a0000012f0000342f000009360000393600004938000073390000
ff3f00004c4000003701000009030000c306000045070000aa0a0000630b0000451200002a1500005f17000022200000
402100000422000051270000a028000095290000bd010000fb060000d60a0000a5010000d10000000d010000b1010000
e8010000f101000040030000b4050000b60900007c0b00004218000044220000362300007301000021030000c3060000
450700009108000013090000aa0a0000630b0000d70c0000f50d000005110000451200005b1300002d14000016150000
38150000471700005f1700002a20000040210000042200008f27000099270000a0280000a828000095290000b3290000
733b00002f3c00003e3d0000683e0000863e0000d5010000fb060000c9080000d60a0000f81f0000d52100009f3b0000
0a010000e5010000360300007404000095040000b1050000cc050000b3090000bb090000810a0000ee0a00002e0b0000
730b0000f20b0000f51100005a1f00008f210000b62100003722000033230000d42500000f2b00007a2c0000072d0000
d3370000e43700001638000014390000d13e00007a410000d8000000b90100008f020000b4050000b60900007c0b0000
fa0c0000891d0000d81f00006920000044220000b22200002f0d0000240e0000db0e0000050f0000b30f000001100000
fe1100001f12000057120000a7120000ba120000a41300000a14000039140000531400009b1400009d150000ec150000
3d16000093170000b4170000ca170000491f0000022000009120000004210000f12100000b230000f725000029260000
aa2a00000d2f00003f2f0000a4360000ca3600003d380000713800008d390000473f00007e3f00009c4000005c200000
24220000372200005b2200000326000049380000ff3f0000421800004422000036230000500d0000ce0d0000d60d0000
d110000010120000f4120000b01300005a140000f2140000d2190000591a0000611a0000182000001d20000046200000
b3200000f52100003922000053220000fd2200004a230000902300009a230000b724000076260000b0260000ce260000
0f270000762f0000bd3a0000b53c00001e400000201400005c170000be200000012200008c290000a62900002f370000
4f370000003800008d38000096380000313d0000653e00006d3e00007c3e0000e60d0000051100002d14000022200000
40210000042200005a270000a8280000b3290000451200002a1500005f17000022200000402100000422000051270000
a028000095290000f50d000005110000451200002d140000381500005f1700002a20000040210000042200008f270000
99270000a0280000a828000095290000b32900003e3d0000683e0000863e0000090d0000580d0000050e0000d30e0000
fe0e0000490f0000011000000a1000000b12000064120000ba120000c01200008a130000c4130000fd13000039140000
531400008e14000010160000f5160000b41700004e1f0000801f00009b21000014230000b62300000e2400008a240000
f2250000b02a0000d92b0000632d0000ef2d0000d836000040370000d7370000383800009b390000213f0000c2400000
f94000005a1f0000b621000037220000332300000f2b0000e43700007a410000891d00006920000044220000500d0000
d60d00003a0e0000d110000010120000cd1200001c130000b0130000691400006d1d0000981d0000c91d0000d31d0000
061f0000891f0000921f0000182000001d20000065200000b320000023210000f5210000402200000f2700008a2a0000
3a2b00000a2c0000282c00002c2f000055390000b53c0000994100000101010101010101010101010101010101010101
010101010101010101010101010101010101010101010101010101010101010101010101010101010101010101010101
010101010101010101010101010101010101010101010101010101010101010101010101010101010101010101010101
010101010101010101010101010101010101010101010101010101010101010101010101010101010101010201010101
010101010101010101010101010101010101010101010101010101010101010101010101010101010101010101010101
010101010101010101010101010101010101010101010101010101010101010101010101010101010101010101010101
010101010101010101010101010101010101010101010101010101010101010101010101010101010101010101010101
010101010101010101010101010101010101010101010101010101010101010101010101010101010101010101010101
010101010101010101010101010101010101010101010101010101010101010101010101010101010101010101010101
010101010101010101010101010101010101010101010101010101010101010101010101010101010101010101010101
010101010101010101010101010101010101010101010101010101010101010101010101010101010101010101010101
010101010101010101010101010101010101010101010101010101010101010101010101010101010101010101010101
010101010101010101010101010101010101010101010101010101010101010101010101010101010101010101010101
010101010101010101010101010101010101010101010101010101010101010101010101010101010101010101010101
010101010101010101010101010101010101010101010101010101010101010101010101010101010101010101010101
010101010101010101010101010101010101010101010101010101010101010101010101010101010101010101010101
010101010101010101010101010101010101010101010101010101010101010101010101010101010101010101010101
010101010101010101010101010101010101010101010101010101010101010101010101010101010101010101010101
010101010101010101010101010101010101010101010101010101010101010101010101010101010101010101010101
010101010101010101010101010101010101010101010101010101010101010101010101010101010101010101010101
010101010101010101010101010101010101010101010101010101010101010101010101010101010101010101010101
010101010101010101010101010101010101010101010101010101010101010101010101010101010101010101010101
010101010101010101010101010101010101010101010101010101010101010101010101010101010101010101010101
010101010101010101010101010101010101010101010101010101010101010101010101010101010101010101010101
010101010101010101010101010101010101010101010101010101010101010101010101010101010101010101010101
010101010101010101010101010101010101010101010101010101010101010101010101010101010101010101010101
010101010101010101010101010101010101010101010101010101010101010101010101010101010101010101010101
010101010101010101010101010101010101010101010101010101010101010101010101010101010101010101010101
010101010101010101010101010101010101010101010101010101010101010101010101010101010101010101010101
010101010101010101010101010101010101010101010101010101010101010101010101010101010101010101010101
010101010101010101010101010101010101010101010102010101010201010101010102010101010101010101010101
010101010202010101010101010101010201010101010101010101010101010101010101010101010101010101010101
010101010101010101010101010102020101010102010101010101010101010101010101010101010101010101010101
010101010101010101010101010101010101010101010101010101010201010101010201010101020101010101010101
010101010101010101010101010101010101010101010101010101010101010101010101010101010101010101010101
010202010101010101010201010101010101010101010101010101010101010101010101010101010101010101010101
010101010101010101010101010101010101010101010101010101010101010101010101010101010101010101010101
010101010101010101010101010101010101010101010101010101010101010101010101010101010101010101010101
010101010101010101010101010101010101010101010101010101010101010101010101010101010101010101010101
010101010101010101010101010101010101010101010101010101010101010101010101010101010101010101010101
010101010101010101010101010101010101010101010101010101010101010101010101010101010101010101010101
010101010101010101010101010101010101010101010101010101010101010101010101010101010101010101010101
010101010101010101010101010101010101010101010101010101010101010101010101010101010101010101010101
010101010101010101010101010101010101010101010101010101010101010101010101010101010101010101010101
010101010101010101010101010101010101010101010101010101010101010101010101010101010101010101010101
010101010101010101010101010101010101010101010101010101010101010101010101010101010101010101010101
010101010101010101010101010101010101010101010101010101010101010101010101010101010101010101010101
010101010101010101010101010101010101010101010101010101010101010101010101010101010101010101010101
010101010101010101010101010101010101010101010101010101010101010101010101010101010101010101010101
010101010101010101010101010101010101010101010101010101010101010101010101010101010101010101010101
010101010101010101010101010101010101010101010101010101010101010101010101010101010101010101010101
010101010101010101010101010101010101010101010101010101010101010101010101010101010101010101010101
010101010101010101010101010101010101010101010101010101010101010101010101010101010101010101010101
010101010101010101010101010101010101010101010101010101010101010101010101010101010101010101010101
010101010101010101010101010101010101010101010101010101010101010101010101010101010101010101010101
010101010101010101010101010101010101010101010101010101010101010101010101010101010101010101010101
010101010101010101010101010101010101010101010101010101010101010101010101010101010101010101010101
010101010101010101010101010101010101010101010101010101010101010101010101010101010101010101010101
010101010101010101010101010101010101010101010101010101010101010101010101010101010101010101010101
010101010101010101010101010101010101010101010101010101010101010101010101010101010101010101010101
010101010101010101010101010101010101010101010101010101010101010101010101010101010101010101010101
010101010101010101010101010101010101010101010101010101010101010101010101010101010101010101010101
010101010101010101010101010101010101010101010101010101010101010101010101010101010101010101010101
010101010101010101010101010101010101010101010101010101010101010101010101010101010101010101010101
010101010101010101010101010101010101010101010101010101010101010101010101010101010101010101010101
010101010101010101010101010101010101010101010101010101010101010101010101010101010101010101010101
010101010101010101010101010101010101010101010101010101010101010101010101010101010101010101010101
010101010101010101010101010101010101010101010101010101010101010101010101010101010101010101010101
010101010101010101010101010101010101010101010101010101010101010101010201010101010101010101010101
010101010101010101010101010101010101010101010101010101010101010101010101010101010101010101010101
010101010101010101010101010101010101010101010101010101010101010101010101010101010101010101010101
010101010101010101010101010101010101010101010101010101010101010101010101010101010101010101010101
010101010101010101010101010101010101010101010101010101010101010101010101010101010101010101010101
010101010101010101010101010101010101010101010101010101010101010101010101010101010101010101010101
010101010101010101010101010101010101010101010101010101010101010101010101010101010101010101010101
010101010101010101010101010101010101010101010101010101010101010101010101010101010101010101010101
010101010101010101010101010101010101010101010101010101010101010101010101010101010101010101010101
010101010101010101010101010101010101010101010101010101010101010101010101010101010101010101010101
010101010101010101010101010101010101010101010101010101010101010101010101010101010101010101010101
010101010101010101010101010101010101010101010101010101010101010101010101010101010101010101010101
010101010101010101010101010101010101010101010101010101010101010101010101010101010101010101010101
010101010101010101010101010101010101010101010101010101010101010101010101010101010101010101010101
010101010101010101010101010101010101010101010101010101010101010101010101010101010101010101010101
010101010101010101010101010101010101010101010101010101010101010101010101010101010101010101010101
010101010101010101010101010101010101010101010202010101010101010101010201010101010101010101010101
010101010101010101010101010101010101010101010101010101010101010102020101010102010101010101010101
010101010101010101010101010101010101010101010101010101010101010101010101010101010101010101010101
010101010101010101010101010101010101010101010101010101010101010101010101010101010101010101010101
010101010101010101010101010101010101010101010101010101010101010101010101010101010101010101010101
010101010101010101010101010101010101010101010101010101010101010101010101010101010101010101010101
010101010101010101010101010101010101010101010101010101010101010101010101010101010101010101010101
010101010101010101010101010101010101010101010101010101010101010101010101010101010101010101010101
010101010101010101010101010101010101010101010101010101010101010101010101010101010101010101010101
010101010101010101010101010101010101010101010101010101010101010101010101010101010101010101010101
010101010101010101010101010101010101010101010101010101010101010101010101010101010101010101010101
010101010101010101010101010101010101010101010101010101010101010101010101010101010101010101010101
010101010101010101010101010101010101010101010101010101010101010101010101010101010101010101010101
010101010101010101010101010101010101010101010101010101010101010101010101010101010101010101010101
010101010101010101010101010101010101010101010101010101010101010101010101010101010101010101010101
010101010101010101010101010101010101010101010101010101010101010101010101010101010101010101010101
010101010101010101010101010101010101010101010101010101010101010101010101010101010101010101010101
010101010101010101010101010101010101010101010101010101010101010101010101010101010101010101010101
010101010101010101010101010101010101010101010101010101010101010101010101010101010101010101010101
010101010101010101010101010101010101010101010101010101010101010101010101010101010101010101010101
010101010101010101010101010101010101010101010101010101010101010101010101010101010101010101010101
010101010101010101010101010101010101010101010101010101010101010101010101010101010101010101010101
010101010101010101010101010101010101010101010101010101010101010101010101010101010101010101010101
010101010101010101010101010101010101010101010101010101010101010101010101010101010101010101010101
010101010101010101010101010101010101010101010101010101010101010101010101010101010101010101010101
010101010101010101010101010101010101010101010101010101010101010101010101010101010101010101010101
010101010101010101010101010101010101010101010101010101010101010101010101010101010101010101010101
010101010101010101010101010101010101010101010101010101010101010101010101010101010101010101010101
010101010101010101010101010101010101010101010101010101010101010101010101010101010101010101010101
010101010101010101010101010101010101010101010101010101010101010101010101010101010101010101010101
010101010101010101010101010101010101010101010102010101010101010101010101010101010101010101010101
010101010101010101010101010101010101010101010101010101010101010101010101010101010101010101010101
010101010201010102010101020101010101010101010101010101010101010101010101010101010101010101010101
010101010101010101010101010101010101010101010101010101010101010101010101010101010101010101010101
010101010101010101010101010201010101010101010101010101010101010101010101010101010101010101010101
010101010101010101010101010101010101010101010101010101010101010101010101010101010101010101010101
010101010101010101010101010101010101010101010101010101010101010101010101010101010101010101010101
010101010101010101010101010101010101010101010101010101010101010101010101010101010101010101010101
010101010101010101010101010101010101010101010101010101010101010101010101010101010101010101010101
010101010101010101010101010101010101010101010101010101010101010101010101010101010101010101010101
010101010101010101010101010101010101010101010101010101010101010101010101010101010101010101010101
010101010101010101010101010101010101010101010101010101010101010101010101010101010101010101010101
010101010101010101010101010101010101010101010101010101010101010101010101010101010101010101010101
010101010101010101010101010101010101010101010101010101010101010101010101010101010101010101010101
010101010101010101010101010101010101010101010101010101010101010101010101010101010101010101010101
010101010101010101010101010101010101010101010101010101010101010101010101010101010101010101010101
010101010101010101010101010101010101010101010101010101010101010101010101010101010101010101010101
010101010101010101010101010101010101010101010101010101010101010101010101010101010101010101010101
010101010101010101010101010101010101010101010101010101010101010101010101010101010101010101010101
010102010101010101010101010101010101010101020101010101010101010101010101010101010101010101010101
010101010101010101010101010101010201010101010101010101010101010101010101010101010101010101010101
010101010101010101010101010101010101010101010101010101010101010101010101010101010101010101010101
010101010101010101010101010101010101010101010101010101010101010101010101010101010101010101010101
010101010101010101010101010101010101010101010101010101010101010101010101010101010101010101010101
010101010101010101010101010101010101010101010101010101010101010101010101010101010101010101010101
010101010101010101010101010101010101010101010101010101010101010101010101010101010101010101010101
010101010101010101010101010101010101010101010101010101010101010101010101010101010101010101010101
010101010101010101010101010101010101010101010101010101010101010101010101010101010101010101010101
010101010101010101010101010101010101010101010101010101010101010101010101010101010101010101010101
010101010101010101010101010101010101010101010101010101010101010101010101010101010101010101010101
010101010101010101010101010101010101010101010101010101010101010101010101010101010101010101010101
010101010101010101010101010101010101010101010101010101010101010101010101010101010101010101010101
010101010101010101010101010101010101010101010101010101010101010101010101010101010101010101010101
010101010101010101010101010101010101010101010101010101010101010101010101010101010101010101010101
010101010101010101010101010101010101010101010101010101010101010101010101010102010101010101010101
010201010101010101010101010101010101010102010101010101010101010101010101010101010101010101010101
010101010101010101010101010101010101010101010101010101010102010101010101010101010201010101010101
010101010102010101010101010101010101010101010101010101010101010101010101010101010101010101010101
010101010101010101010101010101010101010101010101010101010101010101010101010101010101010101010101
010101010101010101010101020101010101020101010102010101010101010101010101010101010101010101010101
010101010101010101010101010101010101010101010101010101010101010101010101010101020101010101010101
010201010101010101010101020101010101010101010101010101010101010101010101010101010101010101010101
010101010101010101010101010101010101010101010101010101010101010101010101010101010101010101010101
010101010101010101010101010101010101010101010101010101010101010101010101010101010101010101010101
010101010102010101010101010101010101010101010101010101010101010101010101010101010202010101010101
010201010101010101020101010101010101010102010101010101010101010101020101010101010101010101010101
010101010101010101010101010101010101010101010101010101010101010101010101010101010101010101010101
010101010101010101010101010101010101010101010101010101010101010101010101010101010101010101010101
010101010101010101010101010101010101010101010101010101010101010101010101010101010101010101010101
010101010101010101010101010101010101010101010101010101010101020101010101010101010101010101010101
010101010101010101010101010101010101010101010101010101010101010101010101010101020101020101010101
010101010101010101010101010101010101010101010101010101010101010101010101010101010101010101010101
010101010101010101010101010101010101010101010101010101010101010101010101010101010101010101010101
010101010101010101010101010101010101010101010101010101010101010101010101010101010101010101010101
010101010101010101010101010101010101010101010101010101010101010101010101010101010101010101010101
010101010101010101010101010101010101010101010101010101010101010101010101010101010101010101010101
010101010101010101010101010101010101010101010101010101010101010101010101010101010101010101010101
010101010101010101010101010101010101010101010101010101010101010101010101010101010101010101010101
010101010101010101010101010101010101010101010101010101010101010101010101010101010201010201010101
010101010101010101010201010101010101010101010101010101010101010101010101010101010101010101010101
010101010101010101010101010101010101010101010101010101020101010101010101010101010101010101010101
010101020101010101010101020101010101010101010101010101010101010101010101010101010101010101010101
010101010101010101010101010101010101010101010101010101010101010101010101010101010101010101010101
010101010101010101010101010101010101010101010101010101010101010101010101010101010101010101010101
010101010101010101010101010101010101010101010101010101010101010101010101010101010101010101010101
010101010101010101010101010101010101010101010101010101010101010101010101010101010101010101010101
010101010101010101010101010101010101010101010101010101010101010101010101010101010101010101010101
010101010101010101010101010101010101010101010101010101010101010101010101010101010101010101010101
010101010101010101010101010101010101010101010101010101010101010101010101010101010101010101010101
010101010101010101010101010101010101010101010101010101010101010101010101010101010101010101010101
010101010101010101010101010101010101010101010101010101010101010101010101010101010101010101010101
010101010101010101010101010101010101010101010101010101010101010101010101010101010101010101010101
010101010101010101010101010101010101010101010101010101010101010101010102010101020101010101010101
010101010101020101020101010101010102010101010101010101010101010101010101010101010101010201020101
010201010101010101010101010101010101010101020101020101020101010101010101010101010101010101010101
010101010101010101010101010101010101010101010101020101020101010201020102010101020101020101010101
010101020101010101010101010101010101010101010101010101010101010101010101010101010101010101010101
010101010101010101010101010101010101010101010101010101010101010101010101010101010101010101010101
010101010101010101010101010101010101010101010101010101010101010101010101010101010101010101010101
010101010101010102010201010101020101010101010201010102010101010101010201010201010101010101010101
010201010101010101010101010101010101010101010101010101010101010101010101010101010101010101010101
010101010101010101010101010101010101010101010101010101010101010101010101010101010101010101010101
010101010101010101010101010101010101010101010101010101010101010101010101010101010101010101010101
010101010101010101010101020101020101020101010101010201020101010101010101010201010201010101010101
010101020101010101010101010101010101010101010101010101010101010101010101010101010101010101010101
010101010101010101010101010101010101010101010101010101010101010101010101010101010101010101010101
010101010101010101010101010101010101010101010101010101010101010101010101010101010101010101010101
010101010201010101010101010101010101010101010101020101020101020101010101010101020101010101010101
010101010101010101010101010101010101010201020101020101020101010101010101020101010101010101010101
010101010101010101010101010101010101010101010101010101010101010101010101010101010101010101010101
010101010101020101010101020101010101010102010102010101010101010101010102010101010101010101010101
010101010101010101010101010101010101010101010101010101010101010101010101010101010101010101010101
010101010102010201010101010101010102010102010101010101010101010201010101010101010101010101010101
010101010101010101010101010101010101010101010101010101010101010101010101010101010101010101010101
010101010101010101010101010101010101010101010101010101010101010101010101010101010101010101010101
010101010101010101010201010101010101010101020101010101010101010102010101010101010101010101010101
010101010101010101010101010101010101010101010101010101010101010101010101010101010101010101010101
010201010101010101020101010102010101010101010201010201010101010101010101010101010101010101010201
020101010101010101010101010101010101010101010102010101020101010102010101010101010101010101010101
010101010101010101010101010101010101020101010101010101020101020101020101010101020101010101010101
010101010101010201010101010102010101010101010101010101010101010101010101010101020101020102010101
010101010101010101010101010101010101010101010101010101010101010101010101010101010101010101010101
010101010101010101010101010101010101010101010101010101010101010101010101010101010101010101010101
010101010101010101010101010101010101010101010101010101010101010101010101010101010101010101010101
010101010101010101010101010101010101010101010101010101010101010101010101010101010101010101010101
010101010201010201010201010102010102010101010101010102010101010101010201010101010101010101010101
010101010101010201010201010201010101010101010101010101010101010101010101010101010101010101010101
010101010101010101010101010101010101010101010101010101010101010101010101010101010101010101010101
010101010101010101010101010101010101010101010101010101010101010101010101010101010101010101010101
010101010101010101010101010101010101010101010101010101010101010101010101010101010101010101010101
010101010101010101010101010101010101010101010101010101010101010101010102010101020101010101010101
010101010101020101020101010101010101010101010101010201020101010101010101010101010101010101010101
010101010101010101010101010101010101010101010101010101010101010101010101010101010101010101010101
010101010101010101010101010101010101010101010101010101010101010101010101010101010101010101010101
010101010101010101010101010101010101010101010101010101010201010102010201010101010101010101010201
010201010101010101010101010101010101010102010102010101010101010101010101010101010101010101010101
010101010101010101010101010101010101010101010101010101010101010101010101010101010101020101020101
020101010101010101010101010101010101010101010101010101010101010101010201010101010101010101010102
010201010201010201010101010101010101010101010102010101010102010101010101010101010101010101010101
010101020101010101010201020101010101010101010101010101010101010101010101010101010101020101010101
010101010102010101010101010101010201010101010101010101010101010101010101010101010101010101010101
010101010101010101010101010101010101010101010101010101010101010101010101010101010101010101010101
010101010101010101010101010101010101010101010101010101010101010101010101010101010101010101010101
010101010101010101010101010101010101010101010101010101010101010101010101010101010101010101010101
010101010101010101010101010101010101010101010101010101010101010101010101010101010101010101010101
010101010101010101010101010101010101010101010101010101010101010101010101010101010101010101010101
010101010101010101010101010101010101010101010101010101010101010101010101010101010101010101010101
010101010101010101010101010101010101010101010101010101010101010101010101010101010101010101010101
010101010101010101010101010101010101010101010101010101010101010101010101010101010101010101010101
010101010101010101010101010101010101010101010101010101010101010101010101010101010101010101010101
010101010101010101010101010101010101010101010101010101010101010101010101010101010101010101010101
010101010101010101010101010101010101010101010101010101010101010101010101010101010101010101010101
010101010101010101010101010101010101010101010101010101010101010101010101010101010101010101010101
010101010101010101010101010101010101010101010101010101010101010101010101010101010101010101010101
010101010101010101010101010101010101010101010101010101010101010101010101010101010101010101010101
010101010101010101010101010101010101010101010101010101010101010101010101010101010101010101010101
010101010101010101010101010101010101010101010101010101010101010101010101010101010101010101010101
010101010101010101010101010101010101010101010101010101010101010101010101010101010101010101010101
010101010101010101010101010101010101010101010101010101010101010101010101010101010101010101010101
010101010101010101010101010101010101010101010101010101010101010101010101010101010101010101010101
010101010101010101010101010101010101010101010101010101010101010101010101010101010101010101010101
010101010101010101010101010101010101010101010101010101010101010101010101010101010101010101010101
010101010101010101010101010101010101010101010101010101010101010101010101010101010101010101010101
010101010101010101010101010101010101010101010101010101010101010101010101010101010101010101010101
010101010101010101010101010101010101010101010101010101010101010101010101010101010101010101010101
010101010101010101010101010101010101010101010101010101010101010101010101010101010101010101010101
010101010101010101010101010101010101010101010101010101010101010101010101010101010101010101010101
010101010101010101010101010101010101010101010101010101010101010101010101010101010101010101010101
010101010101010101010101010101010101010101010101010101010101010101010101010101010101010101010101
010101010101010101010101010101010101010101010101010101010101010101010101010101010102010101010102
010101010101010101020101010101010101010101010101010101010101010101010101010101010101010101010101
010101010101010102010101010101010101010101010101010101010101010101010101010101010101010101010101
010101010101010101010101010101010101010101010101010101010102010101010101010101010101010101010101
010101010101010101010101010101010101010101010101010101010101010101010101010101010101010101010101
010101010101010101010101010101010101010101010101010101010101010101010101010101010101010101010101
010101010101010101010101010101010101010101010101010101010101010102010101010101010101010101010101
010101010101010101010101010101010101010101010101010101010101010101010101010101010101010101010101
010101010101010101010101010101010101010101010201010101010101010101010101010101010101010101010101
010101010101010101010101010101010101010101010101010101010101010101010101010101010101010101010101
010101010101010101010101010101010101010101010101010101010101010101010101010101010101010101010101
010101010101010101010101010101010101010101010101010101010101010101010101010101010101010101010101
010101010101010101010101010101010101010101010101010101010101010101010101010101010101010101010101
010101010101010101010101010101010101010101010101010101010101010101010101010101010101010101010101
010101010101010101010101010101010101010101010101010101010101010101010101010101010101010101010101
010101010101010101010101010101010101010101010101010101010101010101010101010101010101010101010101
010101010101010101010101010101010101010101010101010101010101010101010101010101010101010101010101
010101010101010101010101010101010101010101010101010101010101010101010101010101010101010101010101
010101010101010101010101010101010101010101010101010101010101010101010101010101010101010101010101
010101010101010101010101010101010101010101010101010101010101010101010101010101010101010101010101
010101010101010101010101010101010101010101010101010101010101010101010101010101010101010101010101
010101010101010101010101010101010101010101010101010101010101010101010101010101010101010101010101
010101010101010101010101010101010101010101010101010101010101010101010101010101010101010101010101
010101010101010101010101010101010101010101010101010101010101010101010101010101010101010101010101
010101010101010101010101010101010101010101010101010101010101010101020101010101010101020101010101
010101010101010101010101010101010101010101010101010101010101010101010101010101010101010101010101
010101010101010101010101010101010101010101010101010101010101010101010101010101010101010101010102
010101010101010101010101010101010101010101010101010101010101010101010101010101010101010101010101
010101010101010101010101010101010101010101010101010101010101010101010101010101010101010101010101
010101010101010101010101010101010101010101010101010101010101010101010101010101010101010101010101
010101010101010101010101010101010101010101010101010101010101010101010101010101010101020201010101
010101020101010101010101010101010101010101010101010101010101010101010101010101010101010101010101
010101010101010101010101010201010101010101010101010201010101010101010101010101020101010101010101
010101010101010101010101010101010101010101010101010101010101010101010101010101010101010101010101
010101010101010101010101010102010101010201010101010102010101010101010101010101010101010101010101
010101010101010101010101010101010101010201010101010101010101010101020101010101010101010101010101
010201010101010201010101020101010101010101010201010101010101010101010201010101010101010101010201
010101010101010101010101010101010101010101010101010101010101010101010101010101010101010101010101
010101010101010101010101010101010101010101010101010101010101010101010101010101010101010101010101
010101010101010101010101010101010101010101010101010101010101010101010101010101010101010101010101
010101010101010101010101010101010101010101010101010101010101010101010101010101010101010101010101
010101010101010101010101010101010101010101010101010101010101010101010101010101010101010101010101
010101010101010101010101010101010101010101010101010101010101010101010101010101010101010101010101
010101010101010101010101010101010101010101010101010101010101010101010101010101010101010101010101
010101010101010101010101010101010101010101010101010101010101010101010101010101010101010101010101
010101010101010101010101010101010101010101010101010101010101010101010101010101010101010101010101
010101010101010101010101010101010101010101010101010101010101010101010101010101010101010101010101
010101010101010101010101010101010101010101010101010101010101010101010101010101010101010101010101
010101010101010101010101010101010101010101010101010101010101010101010101010101010101010101010101
010101010101010101010101010101010101010101010101010101010101010101010101010101010101010101010101
010101010101010101010101010101010101010101010101010101010101010101010101010101010101010101010101
010101010101010101010101010101010101010101010101010101010101010101010101010101010101010101010101
010101010101010101010101010101010101010101010101010101010101010101010101010101010101010101010101
010101010101010101010101010101010101010101010101010101010101010101010101010101010101010101010101
010101010101010101010101010101010101010101010101010101010101010101010101010101010101010101010101
010101010101010101010101010101010101010101010101010101010101010101010101010101010101010101010101
010101010101010101010101010101010101010101010101010101010101010101010101010101010101010101010101
010101010101010101010101010101010101010101010101010101010101010101010101010101010101010101010101
010101010101010101010101010101010101010101010101010101010101010101010101010101010101010101010101
010101010101010101010101010101010101010101010101010101010101010101010101010101010101010101010101
010101010101010101010101010101010101010101010101010101010101010101010101010101010101010101010101
010101010101010101010101010101010101010101010101010101010101010101010101010101010101010101010101
010101010101010101010101010101010101010101010101010101010101010101010101010101010101010101010101
010101010101010101010101010101010101010101010101010101010101010101010101010101010101010101010101
010101010101010101010101010101010101010101010101010101010101010101010101010101010101010101010101
010101010101010101010101010101010101010101010101010101010101010101010101010101010101010101010101
010101010101010101010101010101010101010101010101010101010101010101010101010101010101010101010101
010101010101010101010101010101010101010101010101010101010101010101010101010101010101010101010101
010101010101010101010101010101010101010101010101010101010101010101010101010101010101010101010101
010101010101010101010101010101010101010101010101010101010101010101010101010101010101010101010101
010101010101010101010101010101010101010101010101010101010101010101010101010101010101010101010101
010101010101010101010101010101010101010101010101010101010101010101010101010101010101010101010101
010101010101010101010101010101010101010101010101010101010101010101010101010101010101010101010101
010101010101010101020101010101010101010101010101010101010101010101010101010101010101010101010101
010101010101010101010101010101010101010101010101010101010101010101010101010101010101010101010101
010101010101010101010101010101010101010101010101010101010101010101010101010101010101010101010101
010101010101010101010101010101010101010101010101010101010101010101010101010101010101010101010101
010101010101010101010101010101010101010101010101010101010101010101010101010101010101010101010101
010101010101010101010101010101010101010101010101010101010101010101010101010101010101010101010101
010101010101010101010101010101010101010101010101010101010101010101010101010101010101010101010101
010101010101010101010101010101010101010101010101010101010101010101010101010101010101010101010101
010101010101010101010101010101010101010101010101010101010101010101010101010101010101010101010101
010101010101010101010101010101010101010101010101010101010101010101010101010101010101010101010101
010101010101010101010101010101010101010101010101010101010101010101010101010101010101010101010101
010101010101010101010101010101010101010101010101010101010101010101010101010101010101010101010101
010101010101010101010101010101010101010101010101010101010101010101010101010101010101010101010101
010101010101010101010101010101010101010101010101010101010101010101010101010101010101010101010101
010101010101010101010101010101010101010101010101010101010101010101010101010101010101010101010101
010101010101010101010101010101010101010101010101010101010101010101010101010101010101010101010101
010101010101010101010101010101010101010101010101010101010101010101010101010101010101010101010101
010101010101010101010101010101010101010101010101010101010101010101010101010101010101010101010101
010101010101010202010101010101010101010201010101010101010101010101010101010101010101010101010101
010101010101010101010101010101010101010101010101010101010101010101010101010101010101010101010101
010101010101010101010101010101010101010101010101010101010101010101010101010101010101010101010101
010101010101010101010101010101010101010101010101010101010101010101010101010101010101010101010101
010101010101010101010101010101010101010101010101010101010101010101010101010101010101010101010101
010101010101010101010101010202010101010201010101010101010101010101010101010101010101010101010101
010101010101010101010101010101010101010101010101010101010101010101010101010101010101010101010101
010101010101010101010101010101010101010101010101010101010101010101010101010101010101010101010101
010101010101010101010101010101010101010101010101010101010101010101010101010101010101010101010101
010101010101010101010101010101010101010101010101010101010101010101010101010101010101010101010101
010101010101010101010101010101010101010101010101010101010101010101010101010101010101010101010101
010101010101010101010101010101010101010101010101010101010101010101010101010101010101010101010101
010101010101010101010101010101010101010101010101010101010101010101010101010101010101010101010101
010101010101010101010101010101010101010101010101010101010101010101010101010101010101010101010101
010101010101010101010101010101010101010101010101010101010101010101010101010101010101010101010101
010101010101010101010101010101010101010101010101010101010101010101010101010101010101010101010101
010101010101010101010101010101010101010101010101010101010101010101010101010101010101010101010101
010101010101010101010101010101010101010101010101010101010101010101010101010101010101010101010101
010101010101010101010101010101010101010101010101010101010101010101010101010101010101010101010101
010101010101010101010101010101010101010101010101010101010101010101010101010101010101010101010101
010101010101010101010101010101010101010101010101010101010101010101010101010101010101010101010101
010101010101010101010101010101010101010101010101010101010101010101010101010101010101010101010101
010101010101010101010101010101010101010101010101010101010101010101010101010101010101010101010101
010101010101010101010101010101010101010101010101010101010101010101010101010101010101010101010101
010101010101010101010101010101010101010101010101010101010101010101010101010101010101010101010101
010101010101010101010101010101010101010101010101010101010101010101010101010101010101010101010101
010101010101010101010101010101010101010101010101010101010101010101010101010101010101010101010101
010101010101010101010101010101010101010101010101010101010101010101010101010101010101010101010101
010101010101010101010101010101010101010101010101010101010101010101010101010101010101010101010101
010101010101010101010101010101010101010101010101010101010101010101010101010101010101010101010101
010101010101010101010101010101010101010101010101010101010101010101010101010101010101010101010101
010101010101010101010101010101010101010101010101010101010101010101010101010101010101010101010101
010101010101010101010101010101010101010101010101010101010101010101010101010101010101010101010101
010101010101010101020101010101010101020101010101010101010201010101010101010101010101010101010101
010101010101010101010101010101010101010101010101010101010101010101010101010101010101010101010101
010101010101010101010101010101010101010101010101010101010101010101010101010101010101010101010101
010101010101010101010101010101010101010101010101010101010102020101010101020101010201010101010102
010101010101010101010101010101010101010101010101010101010101010101010101010101010101010101010101
010101010101010102020102010101010101010101010102010101010101010101010101010101010101010101010101
010101010101010101010101010101010101010101010101010101010101010101010101010101010101010101010101
010101010101010101010101010101010101010101010201010101010101010101010101010101010101010101010101
010101010101010101010101010101010101010101010101010101010101010101010101010101010101010101010101
010101010101010101010101010101010101010101010101010101010101010101010101010101010101010101010101
010101010101010101010101010101010101010101010101010101010101010101010101010101010102010102010101
010201010101010201010102010101010101020101010101010101010101010101010101010101010102010101010101
010101010101010101010101010101010101010101010101010101010101010101010101010101010101010101010201
010101010101010102010101010101010101010101010101010101010101010101010101010101010101010101010101
010101010101010101010101010101010101010101010101010101010101010101010101010102010101010201010101
010201010101010101010101010101010101010101010101010101010101010101010101010101010101010101010101
010101010101010101020101010101010101010101010101010101010101010101010101010101010101010101010101
010101010101010101010101010101010101010101010101010101010101010101010101010101010101010101010101
010101010101010101010101010101010101010101010101010101010101010101010101010101010101010101010101
010101010101010101010101010101010101010201010101010201010101010101010101010101010101010101010101
010101010101010101010101010101010101010101010101010101010101010101010101010101010101010101010101
010101010101010101010101010101010101010101010101010101010101010101010101010101010101010101010101
010101010101010101010101010101010101010101010101020101010101010101010101010101010101010101010101
010101010101010101010101010101010101010101010101010101010101010101010101010101010101010101010101
010101010101010101010101010101010101010101010101010101010101010101010101010101010101010101010101
010101010101010101010101010101010101010101010101010101010101010101010101010101010101010101010101
010101010101010101010101010101010101010101010101010101010101010101010101010101010101010101010101
010101010101010101010101010101010101010101010101010101010101010101010101010101010101010101010101
010101010101010101010101010101010101010101010101010101010201010101010101010101010101010101010101
010101010102010101010101010101010101010101010101010101010101010101010101010101010101010101010101
010101010101010101010101010101010101010101010101010101010101010101010101010101010101010101010101
010101010101010101010101010101010101010101010101010101010101010101010101010101010101010101010101
010101010101010101010101010101010101010101010101010101010101010101010101010101010101010101010101
010101010101010101010101010101010101010101010101010101010101010101010101010101020101010101010101
020101010101010101010201010101010101010101010101010101010101010101010101010101010101010101010101
010101010101010101010101010101010101010101010101010101010101010101010101010101010101010101010101
010101010101010101010101010101010101010101010101010101010101010101010101010101010101010101010101
010101010101010101010101010101010101010101010101010101010101010101010101010101010101010101010101
010101010101020101010101010101010101010101010101010101010101010101010101010101010101010101010101
010101010101010101010101010101010101010101010101010101010101010101010101010101010101010101010101
010101010101010101010101010101010101010101010101010101010101010101010101010101010101010101010101
010101010101010101010101010101010101010101010101010101010101010101010101010101010101010101010101
010101010101010101010101010101010101010101010101010101010101010101010101010101010101010101010101
010101010101010101010101010101010101010101010101010101010101010101010101010101010101010101010101
010101010101010101010101010101010101010101010101010101010101010101010101010101010101010101010202
020202020202020202020201010101010101010101010101010101010101010101010101010101010101010101010101
010101010101010101010101010101010101010101010101010101010101010101010101010101010101010101010101
010101010101010101010101010101010101010101010101010101010101010101010101010101010101010101020101
010101010101010101010101010101010101010101010101010101010101010101010101010101010101010101010101
010101010101010101010101010101010101010101010101010101010101010101010101010101010101010101010101
010101010201010101010101010101010101010101010101010101010101010101010101010101010101010101010101
010101010101010101010101010101010101010101010101010101010101010101010101010101010101010101010101
010101010101010101010101010101010101010101010101010101010101010101010101010101010101010101010101
010101010101010101010101010101020101010101010101010101010101010102020202020202020202020202020202
020101010101010101010101010101010101010101010101010101010101010101010101010101010201010101010101
010101010101010101010101010101010101010102010101010101010101010101010101010101010101010101010101
010101010101010101010101010101010101010102010101010101010101010101010102020101010101010101010101
010101010101020201010101010101010101010101010201020101010101010101010101010101010202010101010101
010101010101010101010101010101010101010101010101010101010101010101010101010101010101010101010101
010101010101010101010202020202020202010201010101010101010101020201010101010101010101010101010102
020202020202020202020202020202020202020202020202020202020202020202020202020202020202020202020202
020202020202020101010101010101010101010101010201010101010101010101010101010101010101010202020202
020202020202020202020202020202020202020202020202020202020202020202020202020202020202020202020202
020202020202020202020202020202020202020102010202020202020202010202010101010101010101010101010101
010101020101010101010101010101010101010101010102020202020202020202020202020202020202020202020202
020202020202020202020202020202020202020202020202020202020202020202020202020202020201020102020202
020202020202020202020102020101010101010101010101010101010101010201020101010101010101010101010101
010101010101010102010101010101010101010101010101010101010101010101010101010101010101010101010101
010101010101010101010101010101010101010101010101010101010101010101010101010101010101010101010101
010101010101010101010101010101010101010101010101010101010101010101010101010101010101010101010101
010101010101010101010101010101010101010101010101010101010101010101010101010101010101010101010101
010101010101010101010101010101010101010101010101010101010101010102010201010201010101010101010101
010101010101010101010101010101010101010101010101010101010101010101010101010101010101010101010101
010101010101010101010101010101010101010101010101010101010101010101010101010101010101010101010101
010101010101010101010101010101010101010101010101010101010101010101010101010101010101010101010101
010101010101010101010101010101010101010101010101010101010101010101010101010101010101010101010101
010101010101010101010101010101010101010101010101010101010101010101010101010101010101010101010101
010101010101010101010101010101010101010101010101010102020102010101010101010101010101010101010101
010101010101010101010101010101010101010101010101010101010101010101010101010101010101010101010101
010101010101010101010101010101010101010101010101010101010101010101010101010101010101010101010101
010101010101010101010101010101010101010101010101010101010101010101010101010101010101010101010101
010101010101010101010101010101010101010101010101010101010101010101010101010101010101010101010101
010101010101010101010101010101010101010101010101010101010101010101010101010101010101010101010101
010101010101010101010101010101010101010101010101010101010101010101010101010101010101010101010201
010101010102010101010101010101010202010101010101010101010101020101010101010101010101010101010101
010101010101010101010101010101010101010101010101010101010101010101010101010101010101010101010101
010101010101010101010101010101010101010101010101010101010101010101010101010101010101010101010101
010101010101010101010101010101010101010101010101010101010101010101010101010101010101010101010101
010101010101010101010201010101010101010201010201010102010102010101010102010101020101020101010101
010101010101010101010101010101010102020102010202010101010101010101010101010101010201010101010101
010101010101010101010101010101010101010101010101010101010101010101010101010101010101010101010101
010101010101010101010101010101010101010101010101010101010101010101010101010101010101010101010101
010101010101010101010101010101010101010101010101010101010101010101010101010101010101010101010101
010101010101010101010101010101010101010101010101010101010101010101010101010101010101010101010101
010101010101010101010101010101010101010101010101010101010101010101010101010101010101010101010101
010101010101010101010101010101010101010102010101010201010101010101010101020202010101010101010101
010101010101010101010101010101010101010101010101010101010101010101010101010101010101010101010101
010101010101010101010101010101010101010101010101010101010101010101010101010101010101010101010101
010101010101010101010101010101010101010101010101010101010101010101010101010101010101010101010101
010101010101010101010101010101010101010101010101010101010101010101010101010101010101010101010101
010101010101010101010101010101010101010101010101010101010101010101010101010101010101010101010101
010101010101010101010101010101010101010101010101010101010101010101010101010101010101010101010101
010101010101010101010101010101010101010101010101010101010101010101010101010101010101010101010101
010101010101010101010101010101010101010101010101010101010101010101010101010101010101010101010101
010101010101010101010101010101010101010101010102010101020101020101010101010101010101010101010101
010101010101010101010101010101010101010101010101010101010101010101010101010101010101010101010101
010101010101010101010101010101010101010101010101010101010101010101010101010101010101010101010101
010101010101010101010101010101010101010101010101010101010101010101010101010101010101010101010101
010101010101010101010101010101010101010101010101010101010101010101010101010101010101010101010101
010101010101010101010101010101010101010101010101010101010101010101010101010101010101010101010101
010101010101010101010101010101010101010101010101010101010101010101010101010101010101010101010101
010101010101010101010101010101010101010101010101010101010101010101010101010101010101010101010101
010101010101010101010101010101010101010101010101010101010101010101010101010101010101010101010101
010101010101010101010101010101010101010101010101010101010101010101010101010101010101010101010101
010101010101010101010101010101010101010101010101010101010101010102020101020102010101010101010101
020201010101010101010101010101010101010102010101010102010101010101010101010101010102010101020101
020101010101010201010101010101010101010101010101010101010101010101010101010101010101010101010101
010101010101010101010101010101010101010101010101010101010101010101010101010101010101010101010101
010101010101020101010101020101010101010101010102020101010101010101010102010101010101010101010101
010101010101010101010101010101010101010101010101010101010101010101010101010101010101010101010101
010101010101010101010101010101010101010101010101010101010101010101010101010101010101010101010101
010101010101010101010101010101010101010101010101010101010101010101010101010101010101010101010101
010101010101010101010101010101010101010101010101010101010101010101010101010101010101010101010101
010101010101010101010101010101010101010101010101010101010101010101010101010101010101010101010101
010101010101010101010101010101010101010101010101010101010101010101010101010101010101010101020101
010101010101010201010101010102020101010101010101010101020101010101010101010101010101010101010101
010101010101010101010101010101010101010101010101010101010101010101010101010101010101010101010101
010101010101010101010101010102020101010102010101010101010101010101010101010101010101010101010101
010101010101010101010101010101010101010101010101010101010101010101010101010101010101010101010101
010101010101010101010101010101010101010101010101010101010101010101010101010101010101010101010101
010101010101010101010101010101010101010101010101010101010101010101010101010101010101010101010101
010101010101010101010101020202010101010101010101010101010101010101010101010101010101010101010101
010101010101010101010101010101010101010101010101010101010101010101010101010101010101010101010101
010101010101010101010101010101010101010101010101010101010101010101010101010101010101010101010101
010101010101010101010101010101010101010101010101010101010101010102010101010101010201010201010201
010201010101010101010101010101010101010102010101010201010101010102020201010201010101010101010101
010101010101010101010101010101010101010101010101010101010101010101010101010101010101010101010101
010101010101010101010101010101010101010101010101010101010102010101010102020102010102010101010201
010101020101020201010101010101010101010101010101010101010101020101010101010201010102010102010101
020101010101020101010101010101010101010101010101010101010101010101010101010101010101010101010101
010101010101010101010101010101010101010101010101010101010101010101010101010101010101010101010101
020101010101020102020102010101010101020201010102010102010101010101010101010101010101010101010101
010201010101020102010101010101010201010101020101010201010101010101010101010101010101010101010101
010101010101010101010101010101010101010101010101010101010101010101010101010101010101010101010101
010101010101010101010101010101010101010101010101010101010101010101010101010101010101010101010101
010101010101010101010101010101010101010101010101010101010101010101010101010101010101010101010101
010101010101010101010101010101010101010101010101010101010101010101010101010101010101010101010101
010101010101010101010101010101010101010101010101010101010101010101010101010101010101010101010101
010101010101010101010101010101010101010101010101010101010101010101010101010101010101010101010101
010101010101010101010101010201020201010101010101010101010101010101010101010101010101010101010101
010101010101010101010101010101010101010101010101010101010101010101010101010101010101010101010101
010101010101010101010101010101010101010101010101010101010101010101010101010101010101010101010101
010101010101010101010101010101010101010101010101010101010101010101010101010101010101010101010101
010101010101010101010101010101010101010101010101010101010101010101010101010101010101010101010101
010101010101010101010101010101010101010101010101010101010101010101010101010101010101010101010101
010101010101010101010101010101010101010101010101010101010101010101010101010101010101010101010101
010101010101010101010101010101010101010101010101010101010101010101010101010101010101010101010101
010101010101010101010101010101010101010101010101010101010101010101010101010101010101010101010101
010101010101010101010101010101010101010101010101010101010101010101010101010101010101010101010101
010101010101010101010101010101010101010102010102020101020201010101010101010201010101010101010101
010101010101010101010201010102010101010101010101010101010101010201020201010101010101020101010101
010101010101010101010101010101010101010101010101010101010101010101010101010101010101010101010101
010101010101010101010101010101010101010101010101010101010101010101010101010101010101010101010101
010101010101010101010101010101010101010101010101010101010101010101010101010101010101010101010101
010101010101010101010101010101010101010101010101010101010101010101010101010101010101010101010101
010101010101010101010101010101010101010101010101010101010101010102010101010101010101010201010102
020201010101010101010101010101010101010101010101010101010101010101010101010101010101010101010101
010101010101010101010101010101010101010101010101010101010101010101010101010101010101010101010101
010101010101010101010101010101010101010101010101010101010101010101010101010101010101010101010101
010101010101010101010101010101010101010101010101010101010101010101010102010101020101010101010101
010102020201010101010101010101010101010101010101010101010101010101010101010101010101010101010101
010101010101010101010101010101010101010101010101010101010101010101010101010101010101010101010101
010101010101010101010101010101010101010101010201020101010101010101010101010101010101010201010101
010101010101010101010101010101010101010101010101010101010101010101010101010101010101010101010101
010101010101010101010101010101010101010101010101010101010101010101010101010101010101010101010101
010101010101010101010101010101010101010101010101010101010101010101010101010101010101010101010101
010101010101010101010101010101010101010101010101010101010101010101010101010101010101010101010101
010101010101010101010101010101010101010101010101010101010101010101010101010101010101010101010101
010101010101010101010101010101010101010101010101010101010101010101010101010101010101010101010101
010101010101010101010101010101010101010101010101010101010101010101010101010101010101010101010101
010101010101010101010101010101010101010101010101010101010101010101010101010101010101010101010101
010101010101010101010101010101010101010101010101010101010101010101010101010101010101010101010101
010101010101010101010101010101010101010101010101010101010101010101010101010101010101010101010101
010101010101010101010101010101010101010101010101010101010101010101010101010101010101010101010101
010101010101010101010101010101010101010101010101010101010101010101010101010101010201010101010101
010101010101010101010101010101010101010101010101010101010101010101010101010101010101010101010101
010101010101010101010101010101010101010101010101010101010101010101010101010101010101010101010101
010101010101010101010101010101010101010101010101010101010101010101010101010101010101010101010101
010101010101010101010101010101010101010101010101010101010101010101010101010101010101010101010101
010101010101010101010101010101010101010101010101010101010101010101010101010101010101010101010101
010101010101010101010101010101010101010101010101010101010101010101010101010101010101010101010101
010101010101010101010101010101010102010101010101010101010102010101020202010101010101010101010101
010101010101010101010101010101010101010101010101010101010101010101010101010101010101010101010101
010101010101010101010101010101010101010101010101010101010101010101010101010101010101010101010101
010101010101010101010101010101010101010101010101010101010101010101010101010101010201020201010101
010101010101010101010101010101010101010101010101010101010101010101010101010101010101010101010101
010102020102010101010101010101010101010101010101010101010101010101010101010101010101010101010101
010101010102010101010102020101010101020101010101020201010101010201010101010101020102010201010201
020101010101010101010101010101010101010101010101010101010102010101010101010101010101010101010101
010101010101010101010101010101010101010101010101010101010101010101010101010101010101010101010101
010101010101010101010101010101010101010101010101010101010101010101010101010101010101010101010101
020101010101010101010102010101010101020201010101010101010101010101010201010101010101010101010101
010101010101010101010101010101010101010101010101010101010101010101010101010101010101010101010101
010101010101010101010101010101010101010101010101010101010101010101010101010101010101010101010101
010101010101010101010101010101010101010101010101010101010101010101010101010101010101020201010101
010101010101010101010101010101010101010101010101010101010101010101010201010101010101010101010101
010101010101010101010101010101010101010101010101010101010101010101010101010101010101010101010101
010101010101010101010101020101010101010102020202020202020202020202020202010202010101010101010101
010101010201010101010101010101010101010101010201010101010101020202020202020202020202020101010101
010101010101010101010101010101010102010101010101010101010101010101010101010101020202020202020202
020202020202020202010201010101010101010101010101010101010101010101010101020202020202020202020202
020202020202010102020101020101010101010101010101010101010101010101010101010101020202020202020202
020202020202010102020202020101020101010101010101010101010202010101010101010102010101010101010101
010101010101010101010101010101010101010101010101010101010101010101010101010101010101010101010101
010101010101010101010101010101010101010101010101010101010101010101010101010101010101010101010101
010102020201010101010101010101010101010101010101010101010101010101010101010101010101010101010101
010101010101010101010101010101010101010101010101010101010101010101010101010101010101010101010101
010101010101010101010101010101010101010101010101010101010101010101010101010101010101010101010101
010101010101020201010101020101010101010101010101010101010101010101010101010101010101010202020101
010101010101010101010101010101010101010101010101010101010101010101010101010101010101010101010101
010101010101010101010101010101010101010101010101010101010101010101010101010101010101
