4b52433130310000bf4100000028000000040000c4790000000000000000000000000000300000000000000047000000
0000000059000000000000005c00000000000000650000000000000097000000000000009f00000000000000bc000000
00000000e500000000000000ec00000000000000ef000000000000000c0100000000000023010000000000002c010000
00000000450100000000000077010000000000007f010000000000009801000000000000a101000000000000b8010000
00000000c101000000000000c401000000000000cd01000000000000e401000000000000ed01000000000000ff010000
000000000e02000000000000170200000000000020020000000000003202000000000000490200000000000052020000
0000000068020000000000007f0200000000000088020000000000009e02000000000000ce02000000000000e0020000
00000000120300000000000015030000000000001d0300000000000034030000000000003d030000000000005a030000
0000000083030000000000008a030000000000008d03000000000000aa03000000000000dc03000000000000e4030000
00000000fd0300000000000014040000000000001d040000000000003604000000000000550400000000000064040000
000000008d0400000000000090040000000000009704000000000000a604000000000000af04000000000000cd040000
00000000dc04000000000000df04000000000000e004000000000000e304000000000000ec04000000000000f8040000
00000000210500000000000028050000000000002b050000000000004b050000000000006b0500000000000072050000
000000008405000000000000a205000000000000ae05000000000000ce05000000000000dd05000000000000ec050000
00000000ed05000000000000fe050000000000000d060000000000000e060000000000000f0600000000000018060000
000000002a060000000000002c060000000000003d060000000000004606000000000000560600000000000066060000
000000006c060000000000006d0600000000000077060000000000009d06000000000000a706000000000000f5060000
0000000017070000000000001b070000000000004807000000000000560700000000000064070000000000006a070000
000000008b07000000000000d907000000000000fb07000000000000ff070000000000002c0800000000000055080000
000000005c080000000000005f080000000000007c08000000000000ac08000000000000be08000000000000c1080000
00000000e1080000000000000f09000000000000210900000000000085090000000000009509000000000000a4090000
00000000ad09000000000000b609000000000000c809000000000000d109000000000000da09000000000000dd090000
00000000f209000000000000200a000000000000320a000000000000600a000000000000720a0000000000009b0a0000
00000000a20a000000000000a50a000000000000c20a000000000000f20a000000000000040b000000000000070b0000
00000000270b0000000000008b0b0000000000009b0b000000000000c90b000000000000db0b0000000000001c0c0000
000000003a0c000000000000400c0000000000007c0c0000000000009a0c000000000000a00c000000000000a20c0000
00000000ba0c000000000000fd0c0000000000000b0d000000000000470d0000000000005f0d000000000000860d0000
00000000960d000000000000a70d000000000000a90d000000000000b10d000000000000c90d000000000000cc0d0000
00000000e20d000000000000090e0000000000001a0e000000000000290e0000000000002b0e0000000000003c0e0000
000000007d0e000000000000930e000000000000ff0e000000000000290f0000000000002f0f0000000000006b0f0000
000000007b0f000000000000830f000000000000940f000000000000ce0f000000000000e60f00000000000027100000
000000002a1000000000000064100000000000008d1000000000000094100000000000009710000000000000b7100000
000000001011000000000000311100000000000037110000000000007511000000000000c011000000000000dd110000
000000005a12000000000000711200000000000088120000000000009112000000000000a712000000000000be120000
00000000c712000000000000d012000000000000fb120000000000003f1300000000000059130000000000006f130000
000000009a13000000000000cc13000000000000d413000000000000ed130000000000001f1400000000000052140000
000000005a14000000000000901400000000000015150000000000002d1500000000000046150000000000007c150000
00000000a515000000000000fe1500000000000005160000000000005016000000000000711600000000000074160000
000000007a16000000000000971600000000000014170000000000002b170000000000004b1700000000000089170000
000000009017000000000000a017000000000000a717000000000000aa17000000000000b217000000000000c2170000
00000000ca17000000000000da17000000000000dc17000000000000ef17000000000000021800000000000017180000
000000001c18000000000000361800000000000058180000000000007a18000000000000891800000000000092180000
000000009b18000000000000ad18000000000000c218000000000000d718000000000000de180000000000000c190000
0000000058190000000000007619000000000000c219000000000000e019000000000000f719000000000000001a0000
00000000191a000000000000301a000000000000391a000000000000451a000000000000831a000000000000c81a0000
00000000e31a000000000000fc1a0000000000003a1b000000000000511b0000000000005a1b000000000000731b0000
000000008a1b000000000000931b0000000000009f1b000000000000dd1b000000000000221c0000000000003d1c0000
00000000561c000000000000941c000000000000a31c000000000000ac1c000000000000c11c0000000000000d1d0000
00000000161d0000000000002b1d000000000000321d000000000000501d0000000000009c1d000000000000ba1d0000
00000000cc1d000000000000fa1d000000000000231e0000000000002a1e0000000000002d1e0000000000004d1e0000
00000000a61e000000000000c71e000000000000cd1e0000000000000b1f000000000000881f0000000000009f1f0000
00000000ea1f0000000000000720000000000000392000000000000041200000000000005a200000000000008c200000
00000000bf20000000000000c720000000000000fd2000000000000082210000000000009a21000000000000b3210000
00000000e921000000000000002200000000000009220000000000001f2200000000000036220000000000003f220000
0000000048220000000000007322000000000000b722000000000000d122000000000000e72200000000000012230000
000000003b230000000000009423000000000000b523000000000000322400000000000039240000000000003c240000
0000000042240000000000005924000000000000a424000000000000c124000000000000e1240000000000001f250000
0000000060250000000000007e250000000000008425000000000000c025000000000000de25000000000000e4250000
00000000e625000000000000fe2500000000000041260000000000004f260000000000008b26000000000000a3260000
00000000cc26000000000000fc2600000000000003270000000000003127000000000000432700000000000046270000
0000000049270000000000005b27000000000000bf27000000000000cf27000000000000ec270000000000000c280000
000000001b2800000000000024280000000000002d280000000000005b2800000000000064280000000000006d280000
0000000070280000000000008228000000000000b028000000000000c228000000000000d428000000000000e9280000
00000000122900000000000042290000000000005429000000000000b829000000000000bf29000000000000c2290000
00000000c529000000000000d529000000000000032a000000000000152a000000000000322a000000000000522a0000
00000000712a000000000000802a000000000000a92a000000000000ac2a000000000000b32a000000000000c22a0000
00000000cb2a000000000000e92a000000000000f82a000000000000fb2a000000000000fc2a000000000000ff2a0000
00000000082b000000000000142b0000000000003d2b000000000000442b000000000000472b000000000000672b0000
00000000872b0000000000008e2b000000000000a02b000000000000be2b000000000000ca2b000000000000ea2b0000
00000000092c000000000000182c0000000000002a2c0000000000008a2c0000000000008d2c0000000000009f2c0000
00000000bd2c000000000000cc2c000000000000de2c000000000000e42c000000000000082d0000000000000b2d0000
000000000c2d0000000000000d2d000000000000132d000000000000252d0000000000002b2d000000000000372d0000
00000000432d000000000000a32d000000000000c72d000000000000cd2d0000000000000a2e0000000000002a2e0000
00000000542e0000000000005b2e000000000000822e000000000000a02e000000000000ac2e000000000000b82e0000
00000000f52e000000000000482f000000000000722f0000000000007b2f000000000000d52f000000000000ff2f0000
0000000008300000000000000b300000000000002f3000000000000084300000000000009930000000000000f3300000
0000000017310000000000004031000000000000a031000000000000a731000000000000ec3100000000000010320000
00000000133200000000000019320000000000003432000000000000c032000000000000d832000000000000f8320000
00000000353300000000000044330000000000004d330000000000005f33000000000000a433000000000000ad330000
00000000bf33000000000000c533000000000000e0330000000000002534000000000000403400000000000052340000
000000007934000000000000a23400000000000002350000000000002635000000000000b235000000000000b9350000
00000000bc35000000000000c235000000000000da350000000000001f360000000000003a360000000000005a360000
000000009736000000000000bc36000000000000c136000000000000c436000000000000df36000000000000e2360000
00000000ea360000000000000837000000000000573700000000000078370000000000007e37000000000000b7370000
00000000d837000000000000de37000000000000e037000000000000f7370000000000004f380000000000005f380000
000000009b38000000000000b338000000000000223900000000000034390000000000003c3900000000000092390000
00000000d039000000000000ee390000000000000c3a0000000000005c3a000000000000da3a000000000000ef3a0000
00000000f83a000000000000543b000000000000813b000000000000883b0000000000009f3b000000000000a23b0000
00000000aa3b000000000000ca3b000000000000f73b000000000000273c0000000000002e3c000000000000603c0000
00000000723c000000000000753c000000000000783c0000000000008c3c000000000000f23c000000000000023d0000
00000000233d000000000000443d000000000000c33d000000000000d83d000000000000e13d000000000000433e0000
000000005a3e0000000000008c3e000000000000a03e000000000000f03e000000000000563f0000000000005e3f0000
000000006e3f000000000000bd3f000000000000d03f000000000000d93f000000000000f03f000000000000f83f0000
000000000f400000000000002640000000000000394000000000000042400000000000004b400000000000006f400000
000000007840000000000000814000000000000084400000000000009340000000000000c040000000000000d2400000
00000000ea4000000000000002410000000000003b4100000000000056410000000000007041000000000000b7410000
00000000ce41000000000000f24100000000000001420000000000004242000000000000594200000000000086420000
000000009842000000000000da420000000000000943000000000000104300000000000013430000000000001b430000
00000000324300000000000050430000000000008043000000000000b043000000000000c24300000000000016440000
000000001d4400000000000020440000000000002344000000000000304400000000000065440000000000007a440000
000000009844000000000000b944000000000000414500000000000056450000000000005f45000000000000b9450000
000000000d460000000000001546000000000000224600000000000069460000000000008046000000000000b5460000
00000000ca46000000000000114700000000000036470000000000008547000000000000a64700000000000015480000
000000001a480000000000001d4800000000000023480000000000003548000000000000734800000000000091480000
00000000ac48000000000000e548000000000000064900000000000009490000000000000f4900000000000011490000
00000000194900000000000036490000000000004d49000000000000cc49000000000000e149000000000000ea490000
00000000464a0000000000009e4a000000000000a64a000000000000b64a000000000000054b000000000000234b0000
000000005f4b000000000000774b000000000000ce4b000000000000d94b000000000000de4b000000000000df4b0000
00000000e74b000000000000f64b000000000000f94b000000000000fa4b000000000000054c0000000000001e4c0000
00000000234c000000000000354c0000000000003d4c000000000000484c000000000000694c000000000000744c0000
00000000764c0000000000008d4c000000000000c44c000000000000d44c000000000000f74c000000000000214d0000
00000000294d000000000000604d0000000000006a4d000000000000874d000000000000914d000000000000c24d0000
00000000104e000000000000304e000000000000364e000000000000714e0000000000007f4e000000000000864e0000
00000000974e0000000000009a4e000000000000a34e000000000000c24e000000000000c74e000000000000dc4e0000
00000000ea4e000000000000fb4e000000000000fe4e000000000000124f000000000000544f000000000000694f0000
00000000914f000000000000c04f000000000000c94f00000000000008500000000000000f5000000000000018500000
000000002c500000000000005f500000000000007e50000000000000c050000000000000c550000000000000f8500000
00000000fb5000000000000002510000000000000b510000000000000e51000000000000175100000000000024510000
000000002a5100000000000039510000000000003c510000000000004551000000000000485100000000000057510000
00000000635100000000000072510000000000007b5100000000000095510000000000009e51000000000000ca510000
00000000d151000000000000da51000000000000e9510000000000001352000000000000205200000000000026520000
0000000032520000000000005c520000000000007a520000000000008652000000000000a552000000000000a7520000
00000000ac52000000000000ba52000000000000c052000000000000d352000000000000f152000000000000fd520000
000000003353000000000000355300000000000043530000000000005653000000000000a853000000000000ca530000
00000000d053000000000000095400000000000028540000000000005e54000000000000635400000000000090540000
000000009e54000000000000a454000000000000b254000000000000df54000000000000ea54000000000000ef540000
00000000fa540000000000001d550000000000001e55000000000000285500000000000030550000000000003f550000
0000000060550000000000006b550000000000009555000000000000985500000000000099550000000000009b550000
00000000a355000000000000c055000000000000ca55000000000000d555000000000000ec550000000000003a560000
000000005a5600000000000060560000000000009b56000000000000b456000000000000eb56000000000000f0560000
00000000215700000000000033570000000000003b570000000000004b570000000000008257000000000000af570000
00000000b657000000000000b957000000000000d457000000000000345800000000000058580000000000005e580000
000000009958000000000000e258000000000000ff580000000000008d59000000000000a559000000000000b5590000
00000000be59000000000000c759000000000000dc59000000000000ee59000000000000005a000000000000065a0000
00000000305a0000000000006c5a000000000000845a000000000000c65a000000000000e15a0000000000000e5b0000
00000000155b000000000000185b000000000000335b000000000000905b000000000000b35b000000000000b95b0000
00000000f75b000000000000785c0000000000008d5c000000000000d85c000000000000f65c000000000000645d0000
00000000945d0000000000009d5d000000000000f15d000000000000215e0000000000002a5e0000000000002d5e0000
000000004f5e000000000000c65e000000000000dd5e000000000000305f000000000000525f000000000000785f0000
000000007f5f000000000000825f000000000000a25f000000000000f45f00000000000015600000000000001b600000
000000005c60000000000000a160000000000000bf600000000000003f6100000000000056610000000000006c610000
0000000075610000000000008e61000000000000a461000000000000ad61000000000000b661000000000000e2610000
0000000020620000000000003b6200000000000054620000000000008062000000000000b262000000000000ba620000
00000000d362000000000000056300000000000038630000000000004063000000000000796300000000000005640000
000000001d6400000000000036640000000000006f640000000000009564000000000000e764000000000000ee640000
000000003365000000000000546500000000000057650000000000005d650000000000007b65000000000000fb650000
000000001266000000000000326600000000000073660000000000008b660000000000009766000000000000a3660000
00000000c266000000000000da66000000000000f266000000000000fa66000000000000366700000000000084670000
00000000a467000000000000f5670000000000001768000000000000356800000000000041680000000000005f680000
000000007d6800000000000089680000000000009568000000000000d3680000000000002d6900000000000051690000
000000006f69000000000000ad69000000000000c869000000000000d369000000000000f1690000000000000c6a0000
00000000176a000000000000226a000000000000536a000000000000a36a000000000000c46a000000000000e26a0000
00000000136b0000000000002b6b000000000000376b0000000000004f6b0000000000009d6b000000000000a96b0000
00000000c16b000000000000c96b000000000000e96b0000000000003a6c0000000000005c6c0000000000007b6c0000
00000000b76c000000000000d16c000000000000d56c000000000000d76c000000000000ea6c000000000000226d0000
00000000386d0000000000003c6d000000000000646d000000000000b06d000000000000bd6d000000000000eb6d0000
00000000ff6d0000000000001e6e000000000000236e000000000000336e000000000000526e000000000000736e0000
00000000786e0000000000009b6e000000000000f26e000000000000016f000000000000116f000000000000346f0000
00000000426f000000000000486f000000000000586f000000000000666f0000000000006c6f000000000000726f0000
000000008b6f000000000000b56f000000000000c76f000000000000d76f000000000000f06f0000000000000a700000
0000000042700000000000005870000000000000a470000000000000a870000000000000aa70000000000000ae700000
00000000bb70000000000000e970000000000000fd7000000000000010710000000000003871000000000000a6710000
00000000d671000000000000df71000000000000337200000000000063720000000000006c720000000000006f720000
00000000917200000000000008730000000000001f7300000000000072730000000000009473000000000000c1730000
00000000217400000000000028740000000000007174000000000000957400000000000098740000000000009e740000
00000000bb74000000000000497500000000000061750000000000007c75000000000000b775000000000000c7750000
00000000d075000000000000e2750000000000001e76000000000000277600000000000039760000000000003f760000
0000000057760000000000009976000000000000b476000000000000c976000000000000f37600000000000020770000
000000007d77000000000000a077000000000000217800000000000028780000000000002b7800000000000031780000
0000000046780000000000009178000000000000af78000000000000ca78000000000000087900000000000032790000
000000004479000000000000717900000000000074790000000000007b790000000000008e7900000000000097790000
00000000b279000000000000c4790000000000003f000000e5010000520300009a030000b30300007404000095040000
1f0500007e05000093050000480600007d0800001b09000027090000b3090000bb0900004b0a0000ee0a0000370b0000
730b00008d0b0000fa0b000022150000c4150000fd160000541700002b1f00008f210000a5220000cb250000b4270000
542800002629000063290000e2290000132a0000612c0000fd2c00003036000039360000d33700000d38000079380000
14390000d3390000043b0000eb3e00004c4000001f050000480600001b09000027090000730b000022150000c4150000
fd160000541700002b1f0000a5220000b4270000542800002629000063290000e2290000132a00003036000039360000
79380000d3390000043b00004c4000001d000000c7000000b9010000f101000099020000e60200000003000040030000
810500004b060000b60900007c0b00009a0b0000d81f0000932200001027000035270000572800000600000037000000
76050000f1010000e602000000030000400300004b0600007c0b0000102700003527000057280000eb00000021010000
65010000d2020000e5020000f103000022050000c8050000b6060000840800006c09000086090000fb090000840a0000
b20b0000620c0000850c0000d20c0000d60d00003a0e000077120000cd1200001c1300004d13000069140000d2190000
591a0000611a00006d1d00001d20000046200000b32000003922000053220000ae2200004a230000902300009a230000
9f24000076260000b0260000ce2600000f2700008a2a00005e2f0000b738000055390000bd3a00004c3b00001e400000
a2010000aa0200002c060000740b0000d50b0000e1220000472600008e3a0000260000004f000000920000009b000000
a2010000aa020000e40200008e030000a90300008e0500002c0600007c0600008406000048090000ca090000250a0000
340a00004e0a0000740b0000c90b0000d50b00003d1d0000e122000047260000ee290000ad380000de3800008e3a0000
143b0000580d00001b0e0000d30e0000fe0e0000740f00005d1000004a12000057120000ba120000c0120000c4130000
05140000391400004a1400009514000040150000e71500000917000073170000491f00009b2100000b230000ea250000
3b270000cd270000f12700005d280000732800004c290000af290000aa2a0000c22f0000f82f0000be360000ca360000
d73700002f3800009b390000de390000393f00009c400000b4270000542800002629000063290000e229000079380000
043b0000102700003527000057280000380d0000b70d0000d60d00003a0e000049100000cd1200001c1300003a140000
69140000751400006d1d00002a2300006726000025270000492700008f27000099270000df2700006b280000a0280000
a82800005b29000095290000b32900008a2a000055390000ae3a0000eb3a0000863e0000e50100005203000074040000
95040000b3090000bb090000ee0a0000370b00008d0b0000fa0b00008f210000cb250000b42700005428000026290000
63290000e2290000d33700000d3800007938000014390000043b0000eb3e0000b901000099020000b60900009a0b0000
d81f000093220000102700003527000057280000d60d00003a0e0000cd1200001c13000069140000d2190000591a0000
611a00006d1d00001d20000046200000b320000039220000532200004a230000902300009a23000076260000b0260000
ce2600000f2700008a2a000055390000bd3a00001e400000eb000000210100006e010000ab0100005b030000f1030000
6f040000c8050000000600006a060000bd0600008c0800006c090000860900009c0a0000960b0000850c0000c90c0000
380d0000b70d00004910000077120000351300003a140000751400007f150000ab150000271600001517000034170000
c2170000651d0000b91d0000c91d0000d31d0000891f0000921f00002a230000672600000f2700007b2a0000d02b0000
0a2c0000282c0000e82c0000b7380000cb390000ae3a0000653b000099410000e40200008e030000ca090000250a0000
c90b00003d1d0000ee290000de380000380d0000b70d0000491000003a140000751400007f150000ab15000027160000
1517000034170000c2170000b91d0000c91d0000d31d0000891f0000921f00002a230000672600000f270000d02b0000
0a2c0000282c0000cb390000ae3a00009941000066000000080300008d06000044070000c90800005a0a0000620b0000
e01f0000d5210000f1040000b10500009d08000039090000a60b0000ed0c00007f1200007b130000f1160000ab170000
341f00007f1f0000be220000b5230000e52300001c2a0000d82b0000093600004b3600003c3700007339000072400000
ee40000066000000bd0100008d060000fb060000120900005a0a0000d60a0000fa1400003c17000029000000a5010000
f1020000d10000000d010000000200006e030000b4050000a90b00004615000097150000ae1700000a0100006b030000
a10400005d050000b1050000cc050000810a0000400b0000a60b0000030c0000f5110000941500008f170000ab170000
c6170000dd250000282600007a2c0000072d00001f38000070380000f73e0000733f0000d80000009e020000b4050000
a90b0000fa0c00006c150000ae170000c1220000c2230000a4000000d5010000200300008d060000fb06000044070000
c9080000120900005a0a0000d60a0000620b0000121500003c170000f81f0000d52100002e3b00009f3b00002e3c0000
ad130000201400005c170000e82100002e280000bf2900000c3700002f3700004f370000f73700009f380000b23c0000
313d0000a03e0000c43e0000e60d000005110000101200002d14000009200000f521000060270000ae280000c2290000
420d0000d110000045120000b01300002a1500005f17000060270000ae280000c2290000500d0000f50d0000d1100000
051100001012000045120000b01300002d140000381500005f17000018200000f52100009e270000ae280000c2290000
b53c00003e3d0000a33e0000890100006b030000a10400005d0500006a0900008e090000ca0a0000400b0000a60b0000
030c0000d21100005c20000024220000372200005b220000dd25000003260000983600001f3800004938000008390000
f73e0000ff3f0000010100009e02000077090000a90b0000710c00004218000044220000c122000036230000380d0000
b70d0000ce0d0000d60d000049100000f41200003a1400005a14000075140000f2140000671a0000fd2200002a230000
9f230000b724000067260000dd26000025270000df270000762f0000ae3a00003b400000f1040000c008000039090000
6a090000a60b00006e0c0000d00f000032130000341f00005a1f0000b621000037220000be22000033230000e5230000
1c2a00000f2b00003f2d0000cc2d00004b360000e4370000724000007a410000f200000096010000000200006e030000
77090000a90b0000891d00006920000044220000380d0000d60d00000d0e00003a0e00002310000076100000cd120000
1c13000040140000691400006d1d0000841d0000d81d0000971f000025270000df2700008a2a0000072b0000372c0000
b12d000055390000b6410000bd000000fd020000360300009f030000db0300007c0400001a0500002c0500007e050000
480600005006000068080000dd080000300900004e090000b30900006d0a00002e0b00005f0b0000730b00008d0b0000
f20b0000cd160000221f0000d51f000074200000f8200000d221000089220000d425000032270000542800006f280000
4b290000922900000b2a0000ce2c00003b2d0000012f0000342f0000be2f0000ed2f0000fe3500004236000016380000
ee380000d13e0000664000001700000042000000b1010000e8010000fa0100008f020000ed0200005f03000081050000
4b060000b60900007c0b00009a0b000025150000b222000017270000c127000057280000eb0000006501000092010000
e50200008f030000f103000022050000c0050000f7050000b60600008408000073090000cb090000260a0000840a0000
ca0b0000d20c0000f60c0000ce0d0000d60d0000fb0f0000f41200004d1300005a140000f2140000411d0000981d0000
c91d0000d31d0000061f0000891f0000921f00001d20000065200000b32000002321000040220000fd220000b7240000
0f270000f92900003a2b00000a2c0000282c0000a52c00002c2f0000762f0000df3800004c3b0000994100000b000000
c600000076050000a20100003c030000fc0500005f060000790b0000641d00007a2a0000dd2c0000fd02000036030000
1a0500002c05000048060000500600002e0b00005f0b0000730b0000f20b0000cd160000d42500003227000054280000
6f2800004b29000092290000ce2c00003b2d0000be2f0000ed2f000016380000d13e00008f020000ed0200004b060000
7c0b000025150000b222000017270000c12700005728000026000000920000009b000000c3000000a2010000d1020000
e40200003c030000a903000086050000aa050000fc0500005f0600007c06000084060000fa090000340a00004e0a0000
790b0000b10b0000610c0000641d00008f220000942400007a2a0000772c0000dd2c0000532f0000143b0000df0d0000
050e0000db0e00006e0f0000830f00005d100000631000001f1200005f120000ba120000fd1300002914000039140000
4a1400008e140000d9160000411f0000022000009120000004210000f1210000f5220000f2250000b5270000d3270000
492800005d2800002a29000064290000e3290000a32a00009e2d00002b2e00000d2f00003f2f0000d336000038380000
7d380000053b0000213f0000b440000032270000542800006f2800004b29000092290000be2f0000ed2f000017270000
c127000057280000380d0000ce0d0000d60d00000d0e00002310000076100000f4120000401400005a140000f2140000
841d0000fd220000b7240000252700008f27000099270000bd270000df270000632800009a280000a0280000a8280000
95290000b3290000072b0000b12d0000762f0000e72f0000863e0000eb0000006e01000092010000ab010000ae020000
f10300006f040000c0050000f705000030060000bd0600008c080000730900009c0a00008f0b0000e00b0000c90c0000
f60c0000380d00000d0e0000fb0f0000231000007610000035130000401400007b1500007f1500002716000025170000
ba170000f1170000591a0000611a0000841d0000e2220000902300009a230000be230000fa24000048260000b0260000
ce2600000f270000072b0000a52c0000b12d0000b92f00008f3a0000653b00001e400000d1020000e4020000fa090000
b10b0000610c00008f22000094240000532f0000380d00000d0e00002310000076100000401400007b1500007f150000
2716000025170000ba170000f1170000591a0000611a0000841d0000902300009a230000be230000fa240000b0260000
ce2600000f270000072b0000b12d0000b92f00001e4000007c040000dd08000030090000b30900008d0b0000221f0000
d51f000074200000f8200000d22100008922000032270000542800006f2800004b290000922900000b2a0000012f0000
342f0000be2f0000ed2f00004236000066400000b1010000e8010000fa0100005f030000b60900009a0b000017270000
c127000057280000ce0d0000d60d0000f41200005a140000f2140000981d0000c91d0000d31d0000061f0000891f0000
921f00001d20000065200000b32000002321000040220000fd220000b72400000f2700003a2b00000a2c0000282c0000
2c2f0000762f000099410000460400008c040000a70a0000de0a0000770e000058130000ad130000321600009f170000
84200000cc210000e82100008c290000a6290000703600007d360000f23600000c37000063370000ee370000f7370000
8d38000096380000703b0000a73b00004c3c0000653c0000b23c0000d63d0000f03d00007c3e000037010000c1010000
c3060000ff060000aa0a0000e10a0000101200008415000076160000a217000009200000f52100005a270000a8280000
b32900002f0d0000df0d00001b0e0000490f00006e0f0000830f0000011000005d10000063100000fe11000064120000
a7120000a413000005140000291400004a1400005314000095140000d9160000d21800004e1f00005e1f0000b7210000
38220000142300003c2300000e24000032240000ea250000b02a0000132b00009e2d00002b2e0000a4360000d8360000
e53700002f3800008d390000393f0000c24000007b4100000803000044070000620b0000f1160000ab1700007f1f0000
b5230000d82b00003c370000ee400000ad130000321600009f170000e82100008c290000a62900000c37000063370000
f73700008d38000096380000b23c0000d63d0000f03d00007c3e0000101200008415000076160000a217000009200000
f52100005a270000a8280000b329000089010000fd020000520300001a0500002c05000048060000500600006a090000
8e090000ca0a0000370b00005f0b00008d0b0000fa0b0000d2110000cd160000f1160000ab1700007f1f0000b5230000
cb250000d82b0000ce2c00003b2d0000983600003c3700000d38000008390000eb3e0000ee40000091080000cd080000
9b0c0000420d0000d11000005b130000b01300008415000076160000a2170000e11f0000d621000051270000a0280000
9529000012090000fa1400003c170000f10200004615000097150000ae170000420d0000d1100000b013000084150000
76160000a217000051270000a0280000952900000101000099020000ed0200004b060000770900009a0b0000710c0000
251500004615000097150000ae17000093220000090d0000240e0000050f0000740f0000b30f0000011000000a100000
5d1000000b1200004a1200005f1200008a1300000a1400004a140000531400009b14000040150000e715000009170000
73170000121e0000411f00005d200000f120000025220000382200005c220000f5220000f725000007260000a32a0000
632d0000ef2d0000be360000d33600003d3800004d380000de390000473f000000400000b4400000941500008f170000
ab170000c61700002826000070380000733f00006c150000ae170000c2230000380d0000b70d0000f50d000049100000
05110000451200002d1400003a14000075140000381500007b1500007f15000027160000251700005f170000ba170000
f1170000591a0000611a00002a230000902300009a230000be230000fa24000067260000b0260000ce2600000f270000
b92f0000ae3a00003e3d00001e40000073010000d9010000c3060000ff06000091080000cd080000aa0a0000e10a0000
d70c0000500d0000d1100000101200005b130000b01300008c15000076160000a2170000f91f000018200000d6210000
f52100008f27000099270000a0280000a828000095290000b3290000733b0000aa3b0000b53c0000d93d0000863e0000
200300004407000012090000620b0000121500003c1700002e3c0000500d0000d110000010120000b01300008c150000
76160000a217000018200000f52100008f27000099270000a0280000a828000095290000b3290000b53c0000d93d0000
863e00001f05000048060000c00800001b090000300900006a0900008d0b00006e0c0000d00f00003213000022150000
94150000c4150000fd160000541700008f170000ab170000c6170000221f000089220000282600000b2a00003f2d0000
cc2d0000303600004236000070380000d3390000733f000066400000f200000096010000fa010000e602000000030000
5f0300004b060000770900009a0b00006c150000ae170000c2230000380d0000f50d00000d0e00002310000076100000
05110000451200002d14000040140000381500007f150000ab1500002716000015170000341700005f170000c2170000
841d0000b91d0000c91d0000d31d0000891f0000921f00000f270000072b0000d02b00000a2c0000282c0000b12d0000
cb3900003e3d000099410000ad130000201400005c170000e82100002e280000bf2900000c3700002f3700004f370000
f73700009f380000b23c0000313d0000a03e0000c43e0000420d0000e60d0000d1100000051100001012000045120000
b01300002d1400002a1500005f17000009200000f521000060270000ae280000c229000050270000040e0000f4220000
32270000b4270000542800006f280000262900004b2900006329000092290000e2290000be2f0000ed2f0000c9360000
2e38000079380000043b0000420d0000e60d0000d1100000051100001012000045120000b01300002d1400002a150000
5f17000009200000f521000060270000ae280000c2290000502700001b2700005f0d0000ae0d0000110e000001230000
102700001727000035270000c127000057280000500d0000f50d0000d1100000051100001012000045120000b0130000
2d140000381500005f17000018200000f52100009e270000ae280000c2290000b53c00003e3d0000a33e00008e270000
853e0000040e0000f422000032270000b4270000542800006f280000262900004b2900006329000092290000e2290000
be2f0000ed2f0000c93600002e38000079380000043b00005f0d0000ae0d0000110e0000012300001027000017270000
35270000c1270000572800008708000098080000fe0800008e0c00009e0c0000960d00003613000074130000e4160000
b41a0000f31a0000221b0000051c0000a11c0000c71c0000f01c00002a0100003a0100006e020000b7060000c6060000
19070000850a0000c30a0000230b00005f1500006516000084170000d71a0000371c00003d2000001d220000dd000000
fc00000050020000890d00005a150000ee1a000044020000d40000004b01000041020000520200005c02000087020000
15060000e70900005418000075230000680100007a0100007a020000b7060000c6060000190700008708000098080000
fe080000850a0000c30a0000230b0000cc0c0000de0c00009d0d000036130000741300006315000065160000e4160000
84170000c01a0000de1a0000f71a0000261b0000051c0000371c0000a11c0000c71c0000f01c0000412000001d220000
4d3b00008c3b0000ee3b0000f33c0000bd3d0000233e0000df000000430200005602000015060000e7090000af0c0000
a21a0000cd1a0000ff1a0000331b0000f1040000b10500009d080000c0080000390900006a090000a60b00006e0c0000
ed0c00001b0d0000040e0000080e0000310e0000d00f000036100000371200003e1200007f120000df12000032130000
7b13000000140000111400003c140000601400008f1400009e140000f1160000ab170000d11a0000e61a00003e1b0000
8b1b0000b21b0000c61b0000651c0000b01c0000c11c0000e31c0000031d0000211d0000341f00005a1f00007f1f0000
b621000037220000be22000033230000b5230000e5230000ed250000fe250000202600001c2a00000f2b0000d82b0000
3f2d0000cc2d00007e2e0000a52e0000da330000093600004b360000b53600003c370000e43700002e38000032380000
4438000068380000733900003b3a0000223f0000603f0000c03f000072400000ee4000007a410000d1000000f2000000
0d01000096010000000200006e030000b405000077090000a90b0000020d00001e0d0000870d00008c0d0000910d0000
a90d0000ae0d0000af0d0000b40d000037100000e312000043140000641400004615000097150000ae17000058180000
041d0000891d0000692000004422000001230000022300002523000081230000f00100003f0300005418000075230000
64010000a2010000e40200003c0300008e030000fc0500005f060000ca090000250a0000790b0000c90b0000c80c0000
850d00009d0d0000c40d00005915000030190000d9190000de1a0000ed1a0000121b00001a1b0000f61c0000061d0000
101d0000391d00003d1d0000641d0000c81d0000042300007423000087230000dc2400008f2600000e270000ee290000
7a2a0000dd2c00009b2f000081350000de380000d63a00004b3b0000f33c000098410000c908000012090000960d0000
fa140000e41600003c170000f31a0000221b0000051c0000c71c0000f01c0000e01f0000d521000050270000bd010000
08030000fb06000044070000d60a0000620b00005f1500006516000084170000d71a0000371c00003d2000001d220000
50270000a5010000f1020000890d00005a150000ee1a00001b270000d501000020030000fb06000044070000c9080000
12090000d60a0000620b00009d0d0000121500006315000065160000e41600003c17000084170000de1a0000f71a0000
261b0000051c0000371c0000c71c0000f01c0000f81f000041200000d52100001d2200008e2700009f3b00002e3c0000
f33c0000bd3d0000233e0000853e00000a010000890100006b030000a10400005d050000b1050000cc0500006a090000
8e090000810a0000ca0a0000400b0000a60b0000030c00001b0d0000900d0000a50d0000361000003c100000d2110000
f51100005a1200006b120000df120000e9120000e6130000f71300003c14000060140000941500008f170000ab170000
c6170000e51800002c1c0000331c0000511c0000031d0000441f0000551f0000771f00005c2000002422000037220000
5b220000f4220000f822000021230000802300005e240000dd2500000326000028260000a42a0000b32a00007f2b0000
7a2c0000072d0000852d00000d2e0000da33000098360000c9360000cd360000df3600009f370000b13700001f380000
493800007038000008390000b4390000f73e0000733f0000ff3f00009d400000db4000003b410000d800000001010000
9e020000b405000077090000a90b0000710c0000fa0c0000020d00001e0d00005f0d0000600d0000650d0000880d0000
8d0d0000110e0000120e0000350e000037100000e312000043140000641400006c150000ae17000042180000d21a0000
ea1a0000031b00003f1b0000041d000044220000c122000036230000c22300008e020000ff1a0000331b000092220000
64010000a2010000aa020000d1020000e40200002c060000fa090000740b0000b10b0000d50b0000610c0000c80c0000
850d00009d0d0000140e000059150000de1a0000ed1a0000321b0000451b0000d21b0000e41b0000751c00008a1c0000
f81c00000a1d00007a1d0000ac1d0000b41d00008f220000e12200008f23000094240000472600000e2700006e2b0000
972b0000922e0000532f000000340000283a00008e3a00004b3b0000f33c00001d400000580d00001b0e0000d30e0000
fe0e0000740f00005d1000004a12000057120000ba120000c0120000c413000005140000391400004a14000095140000
40150000e71500000917000073170000491f00009b2100000b230000ea2500003b270000cd270000f12700005d280000
732800004c290000af290000aa2a0000c22f0000f82f0000be360000ca360000d73700002f3800009b390000de390000
393f00009c400000b4270000542800002629000063290000e229000079380000043b0000102700003527000057280000
380d0000b70d0000d60d00003a0e000049100000cd1200001c1300003a14000069140000751400006d1d00002a230000
6726000025270000492700008f27000099270000df2700006b280000a0280000a82800005b29000095290000b3290000
8a2a000055390000ae3a0000eb3a0000863e000002040000cf040000c4050000a6070000a6080000b20800000b090000
e3090000b30c0000f10c0000a50d0000930e00003f11000081120000df120000e9120000501300007f130000f7130000
a51a0000fc1a0000371b00004b1b00007b1b0000871b0000bb1b00002c1c00006e1c0000711c00009b1c0000cf1c0000
df1c0000fc1c00001d1d0000ae21000019260000772e00009f2e0000cd33000021340000123600009f370000de370000
6138000075390000b4390000403a0000bb3f0000d5000000fa0000001e0100004c0100005302000088020000c5050000
aa070000e80900008d0d0000e312000055180000d21a0000f11a00006f1c0000001d00003b2000007623000041020000
5c02000015060000d30000000f0100004f0200006402000073020000ca040000b60500001d06000012070000a7070000
c0070000f7080000e4090000ec090000130b0000c00c00009012000059150000aa1a0000bc1a0000451b0000571c0000
751c00008a1c00009c1c00000a1d0000ac1d00006e2b000030330000c1380000283a0000de3b00001f05000048060000
1b09000027090000730b0000a50d0000df120000e9120000f713000022150000c4150000fd16000054170000fc1a0000
371b00007b1b0000871b00002c1c00006e1c0000711c0000cf1c0000df1c0000fc1c00001d1d00002b1f0000ae210000
a522000019260000b4270000542800002629000063290000e2290000132a000030360000393600009f370000de370000
6138000079380000b4390000d3390000403a0000043b0000bb3f00004c400000f1010000e60200000003000040030000
4b0600007c0b00008d0d0000e312000055180000d21a0000f11a00006f1c0000001d00003b2000007623000010270000
3527000057280000eb0000002101000065010000d2020000e5020000f103000022050000c8050000b606000084080000
6c09000086090000fb090000840a0000b20b0000620c0000850c0000d20c0000010d00000c0d0000210d00008a0d0000
8b0d0000940d00009e0d0000d60d0000d70d0000200e00003a0e00003b0e0000280f0000770f0000041000003a100000
e21000005b1100006111000085110000c31100003112000077120000b0120000cd120000ce120000e1120000e7120000
1c1300001d1300004d130000e71300004f140000691400006a140000d2190000591a0000611a0000d51a0000e11a0000
ef1a00003a1b0000791b0000d31b0000e81b0000631c0000b71c0000ff1c00006d1d0000711d00007b1d0000b51d0000
1d20000046200000b32000003922000053220000ae2200004a230000902300009a2300009f24000076260000b0260000
ce2600000f2700008a2a00009b2a0000c12a0000982b0000962e00005e2f0000d633000007340000b738000037390000
5539000056390000bd3a00004c3b0000f43c00001e400000a2010000aa0200002c060000740b0000d50b000059150000
451b0000751c00008a1c00000a1d0000ac1d0000e1220000472600006e2b0000283a00008e3a0000ad13000020140000
5c170000e82100002e280000bf2900000c3700002f3700004f370000f73700009f380000b23c0000313d0000a03e0000
c43e0000e60d000005110000101200002d14000009200000f521000060270000ae280000c2290000420d0000d1100000
45120000b01300002a1500005f17000060270000ae280000c2290000500d0000f50d0000d11000000511000010120000
45120000b01300002d140000381500005f17000018200000f52100009e270000ae280000c2290000b53c00003e3d0000
a33e000087080000fe0800009e0c000074130000e4160000b41a0000221b0000a11c0000f01c00002a0100006e020000
b706000019070000850a0000230b00005f1500006516000084170000dd000000500200005a150000680100007a020000
b70600001907000087080000fe080000850a0000230b0000de0c0000741300006315000065160000e416000084170000
c01a0000261b0000a11c0000f01c00004d3b0000ee3b0000bd3d0000f1040000b10500009d08000039090000a60b0000
ed0c0000310e000036100000371200007f1200007b13000011140000601400009e140000f1160000ab170000e61a0000
3e1b00008b1b0000b21b0000651c0000c11c0000e31c0000031d0000211d0000341f00007f1f0000be220000b5230000
e5230000ed250000202600001c2a0000d82b0000093600004b360000b53600003c370000323800006838000073390000
3b3a0000603f0000c03f000072400000ee400000d10000000d010000000200006e030000b4050000a90b0000870d0000
910d0000b40d000037100000641400004615000097150000ae17000058180000041d000002230000812300000a010000
6b030000a10400005d050000b1050000cc050000810a0000400b0000a60b0000030c0000900d0000361000003c100000
f51100006b120000e613000060140000941500008f170000ab170000c6170000e5180000331c0000511c0000031d0000
441f0000771f0000f8220000802300005e240000dd25000028260000a42a00007f2b00007a2c0000072d0000852d0000
0d2e0000df360000b13700001f38000070380000f73e0000733f0000db4000003b410000d80000009e020000b4050000
a90b0000fa0c0000650d0000880d0000350e000037100000641400006c150000ae170000ea1a0000031b00003f1b0000
041d0000c1220000c2230000df0d0000050e0000db0e00006e0f0000830f00005d100000631000001f1200005f120000
ba120000fd13000029140000391400004a1400008e140000d9160000411f0000022000009120000004210000f1210000
f5220000f2250000b5270000d3270000492800005d2800002a29000064290000e3290000a32a00009e2d00002b2e0000
0d2f00003f2f0000d3360000383800007d380000053b0000213f0000b440000032270000542800006f2800004b290000
92290000be2f0000ed2f000017270000c127000057280000380d0000ce0d0000d60d00000d0e00002310000076100000
f4120000401400005a140000f2140000841d0000fd220000b7240000252700008f27000099270000bd270000df270000
632800009a280000a0280000a828000095290000b3290000072b0000b12d0000762f0000e72f0000863e00001d010000
4701000083020000000400001f040000cc040000e6040000c4050000d3050000a6070000ca070000e3090000ef090000
870a0000c20a00002a0b0000ea110000f91100003e120000df120000d11a00007d1b0000c61b0000211c00003d1c0000
4d1c00006e1c0000b01c0000fc1c0000701f00003a200000cd200000132100001c22000071230000782b0000812c0000
1c2d00007e2e0000a52e00001c2f0000492f00003b3300008b3300009c370000ad3700002339000036410000e0000000
fb00000057020000c5050000aa070000e8090000b60c0000fb0c00008c0d0000a90d0000e3120000a61a0000f01a0000
fd1a0000021b00003b1b00006f1c0000001d00004302000015060000cd1a0000d30000004a0100004f02000073020000
86020000ca040000b2050000d90500001b0600002906000012070000a9070000f7080000e6090000130b0000fd0c0000
591100005915000030190000bc1a0000cc1a00001a1b0000c41b00009c1c0000061d0000391d000074230000dc240000
872c0000bf2c00009b2f0000de3b0000eb0000006501000092010000e50200008f030000f103000022050000c0050000
f7050000b60600008408000073090000cb090000260a0000840a0000ca0b0000d20c0000f60c0000010d00001d0d0000
340d00008a0d00008b0d00009e0d0000a80d0000c70d0000ce0d0000cf0d0000d60d0000d70d0000280f0000770f0000
fb0f000002100000111000003910000046100000e21000005c1100006f1100009511000031120000e2120000f4120000
f51200004d130000e71300004c1400005a1400005b140000b2140000f2140000f3140000da190000e11a0000e91a0000
ef1a0000131b0000791b0000d01b0000b71c0000fe1c0000141d0000411d0000981d0000c91d0000d31d0000061f0000
891f0000921f00001d20000065200000b32000002321000040220000fd220000052300002423000088230000b7240000
c824000088250000902600000f270000f92900003a2b00000a2c0000282c0000a52c00006a2d00008f2d00002c2f0000
762f0000872f000082350000df380000d73a00004c3b0000f43c000099410000a20100003c030000fc0500005f060000
790b000059150000301900001a1b0000061d0000391d0000641d000074230000dc2400007a2a0000dd2c00009b2f0000
fd020000360300001a0500002c05000048060000500600002e0b00005f0b0000730b0000f20b00003e120000df120000
cd160000d11a00007d1b0000c61b00003d1c00004d1c00006e1c0000b01c0000fc1c0000701f00003a200000cd200000
132100001c22000071230000d425000032270000542800006f2800004b29000092290000782b0000ce2c00003b2d0000
7e2e0000a52e00001c2f0000492f0000be2f0000ed2f0000ad37000016380000d13e0000364100008f020000ed020000
4b0600007c0b00008c0d0000a90d0000e312000025150000f01a0000fd1a0000021b00003b1b00006f1c0000001d0000
b222000017270000c127000057280000460400003c050000a70a0000590b0000770e00003b0f00009c0f000058130000
871300009d130000ea130000f01300002014000024140000bb150000dd150000441700005c1700006f1700006c1b0000
821b0000ad1c0000ba1c0000ca1c0000be200000d220000001220000192200008c290000a62900007036000092360000
f2360000ff3600000837000024370000273700002f37000033370000493700004f37000058370000bc370000c2370000
c737000000380000083800008d38000096380000703b0000253c00004c3c00008d3c0000993c0000f73c0000fd3c0000
313d0000353d0000813d0000aa3d0000263e00003b3e0000653e00006d3e00007c3e000091080000130900009b0c0000
170d0000990d0000e60d0000e70d0000bb100000e41000000511000006110000341200005b130000a0130000ed130000
2d1400002e140000fe14000047170000db1a0000f41a0000061c0000bb1c0000cb1c0000222000004021000004220000
5a270000a8280000b3290000c9080000e4160000221b0000f01c0000e01f0000d52100007c040000b10500009d080000
dd08000027090000b3090000730b0000ed0c0000ec0d000036100000a5110000af110000371200007f1200007b130000
3014000003160000d4160000ea1600001d170000e61a00001f1b0000371b0000a01b0000de1b0000651c0000c11c0000
df1c0000ef1c0000fc1c00001d1d00002b1f0000d51f00005c20000074200000f8200000d22100002422000037220000
5b220000a52200000326000019260000132a00008c2e0000b92e0000012f0000342f0000f33300006634000009360000
39360000b53600004938000061380000733900003b3a0000bb3f0000ff3f00004c4000003701000009030000c3060000
45070000aa0a0000630b0000130d00009a0d0000b8100000e51000003312000045120000461200008c130000f1130000
2a1500002d1500005f17000070170000d81a0000381c0000b11c0000222000003e20000040210000042200001e220000
51270000a028000095290000bd010000fb060000d60a00005f1500006516000084170000a50100005a150000d1000000
0d010000b1010000e8010000f101000040030000b4050000b60900007c0b0000870d0000910d0000db0d000037100000
a9110000321500005c150000691500001e1700004218000055180000001d000044220000362300007623000073010000
21030000c3060000450700009108000013090000aa0a0000630b0000d70c0000260d00002a0d0000a00d0000a10d0000
f50d0000f60d0000b8100000bb100000e4100000e5100000051100000611000033120000341200004512000046120000
5b1300008c130000a0130000ed130000f11300002d1400002e14000016150000381500003c150000471700005f170000
70170000df1a0000e21a0000f81a0000061c0000381c0000b11c0000bb1c0000cb1c00002a2000004220000040210000
042200001e2200008f27000099270000a0280000a828000095290000b3290000733b00002f3c0000a13c0000fa3c0000
fe3c00003e3d00003f3d0000273e0000683e0000863e0000d5010000fb060000c9080000d60a00006315000065160000
e416000084170000261b0000f01c0000f81f0000d52100009f3b0000bd3d00000a010000e50100003603000074040000
95040000b1050000cc050000b3090000bb090000810a0000ee0a00002e0b0000730b0000f20b0000900d000036100000
3c100000a5110000f511000051120000e61300003115000068150000011600000d160000951600001d17000020170000
611700008c170000331c0000461c00004d1c0000fc1c00005a1f0000701f00008f210000b62100003722000033230000
71230000d42500000f2b0000782b00007a2c0000072d0000852d00000d2e00006d3400008a340000a7370000ad370000
d3370000e43700001638000014390000e8390000d13e0000364100007a410000d8000000b90100008f020000b4050000
b60900007c0b0000fa0c0000880d0000d80d0000f00d000037100000a91100005d1500001e170000ea1a0000021b0000
201b00003b1b0000001d0000891d0000d81f00006920000044220000b22200000a010000890100006b030000a1040000
5d050000b1050000cc0500006a0900008e090000810a0000ca0a0000400b0000a60b0000030c0000d2110000f5110000
941500008f170000ab170000c61700005c20000024220000372200005b220000f4220000dd2500000326000028260000
7a2c0000072d000098360000c93600001f380000493800007038000008390000f73e0000733f0000ff3f000094150000
8f170000ab170000c61700005c20000024220000372200005b220000f42200000326000028260000c936000049380000
70380000733f0000ff3f0000d8000000010100009e020000b405000077090000a90b0000710c0000fa0c00005f0d0000
110e00006c150000ae1700004218000044220000c122000036230000c22300008e020000922200005f0d0000110e0000
6c150000ae170000421800004422000036230000c2230000250d0000380d0000b70d0000ce0d0000d60d000049100000
f41200003a1400005a14000075140000f2140000671a0000fd2200002a2300009f230000b724000067260000dd260000
25270000df270000762f0000ae3a0000a03c00003b4000008f2300000e2700001d40000064010000a2010000aa020000
d1020000e40200002c060000fa090000740b0000b10b0000d50b0000610c0000c80c00008f220000e12200008f230000
94240000472600000e270000532f00008e3a00004b3b00001d400000f1040000b10500009d080000c008000039090000
6a090000a60b00006e0c0000ed0c0000040e0000d00f00007f120000321300007b130000f1160000ab170000341f0000
5a1f00007f1f0000b621000037220000be22000033230000b5230000e52300001c2a00000f2b0000d82b00003f2d0000
cc2d0000093600004b3600003c370000e43700002e3800007339000072400000ee4000007a410000d1000000f2000000
0d01000096010000000200006e030000b405000077090000a90b0000ae0d00004615000097150000ae170000891d0000
6920000044220000012300002700000086000000a3010000a7010000ca010000e9020000f40200001903000084070000
ec0700003908000007150000f11f00001327000074270000f00100003f030000060000000b00000037000000c6000000
a3010000ca010000f00100008e020000e9020000190300003f03000076050000ec070000390800009222000013270000
74270000a4000000d3000000f80000004a0100005c010000d50100004f020000c902000020030000ca040000b2050000
d90500008d060000fb06000044070000a9070000ba07000020080000c9080000120900006f0900009f0900005a0a0000
d60a0000620b0000a70b0000220c0000730c0000fd0c0000850d0000140e000032110000591100001215000059150000
76150000a91600003c170000ac170000d317000067190000ed1a00007a1d0000f81f00004d200000d52100003c220000
6c220000c322000038230000c5230000782500009e250000c72500008e270000872c0000bf330000003400006e350000
98350000c33500002e3b00009f3b00002e3c0000853e000064010000a2010000e40200003c0300008e030000fc050000
5f060000ca090000250a0000790b0000c90b0000c80c00003d1d0000641d0000c81d00000e270000ee2900007a2a0000
dd2c0000de3800004b3b0000984100000a010000890100006b030000a1040000f10400005d050000b1050000cc050000
9d080000c0080000390900006a0900008e090000810a0000ca0a0000400b0000a60b0000030c00006e0c0000ed0c0000
490d0000ec0d0000040e0000d00f00007211000078110000a5110000af110000d2110000f51100001a12000051120000
7f120000321300007b130000b213000030140000311500009415000095160000d4160000f1160000611700008f170000
ab170000c6170000341f00005a1f00007f1f00000f2000005c2000006b210000a2210000b6210000f821000024220000
372200005b220000be220000f422000033230000b5230000e5230000dd25000003260000282600007f270000dd270000
1d280000f22800000a29000043290000c42900001c2a00000f2b0000d82b00007a2c0000072d00003f2d0000cc2d0000
df330000f33300003f340000663400006d3400008a340000223500004a350000da350000f2350000093600004b360000
98360000c93600003c370000e43700001f3800002e38000049380000703800000839000073390000f73e0000733f0000
ff3f000072400000ee4000007a410000d1000000d8000000f2000000010100000d01000096010000000200009e020000
6e030000b405000077090000a90b0000710c0000fa0c0000390d00003b0d00004a0d00005f0d0000ae0d0000d80d0000
db0d0000f00d0000110e000073110000a911000032150000461500006c15000097150000ae17000042180000891d0000
132000006920000044220000c12200000123000036230000c22300002627000080270000f3280000f00100008e020000
3f03000092220000132700007427000064010000a2010000aa020000d1020000e40200003c0300008e030000fc050000
2c0600005f060000ca090000fa090000250a0000740b0000790b0000b10b0000c90b0000d50b0000610c0000c80c0000
850d0000c40d0000140e00003d1d0000641d00007a1d0000c81d00008f220000e1220000042300008f23000094240000
472600000e27000012270000372700007327000086270000c427000055280000592800007c280000ea280000ec280000
f92800002229000074290000ee2900007a2a0000dd2c0000532f0000cb2f00000034000081350000c8350000de380000
8e3a00004b3b00001d40000098410000040e0000f1160000ab1700005a1f00007f1f0000b62100003722000033230000
b52300000f2b0000d82b00003c370000e43700002e380000ee4000007a410000ae0d00004615000097150000ae170000
891d0000692000004422000001230000060000000b00000037000000c6000000a7010000f00100008e020000f4020000
3f03000076050000ec0700003908000007150000f11f000092220000132700007427000064010000a2010000d5010000
aa020000d1020000e4020000200300002c060000fb06000044070000c908000012090000fa090000d60a0000620b0000
740b0000b10b0000d50b0000610c0000c80c0000850d0000140e0000121500005915000076150000a91600003c170000
ac170000d317000067190000ed1a00007a1d0000f81f00004d200000d52100003c2200006c2200008f220000e1220000
382300008f230000c5230000942400009e250000c7250000472600000e2700008e270000532f00000034000098350000
c33500008e3a00004b3b00009f3b00002e3c0000853e00001d400000250d0000380d0000d60d00000d0e00003a0e0000
2310000076100000cd1200001c13000040140000691400006d1d0000841d0000d81d0000971f000025270000df270000
8a2a0000072b0000372c0000b12d000055390000a03c0000b6410000a4000000d3000000f80000000f01000099010000
d50100004f0200002003000070030000ca040000b60500008d060000fb06000044070000a7070000b6070000c0070000
e7070000090800005c080000c9080000120900007a0900005a0a0000d60a0000620b0000ab0b0000ae0c0000c00c0000
850d0000c40d0000dd0f000090120000121500005915000099150000a1160000ba1600003c170000b0170000ed1a0000
5c1d0000931d0000c01d0000d01e0000f81f00006c2000008b210000d521000047220000042300008e2700003b2a0000
1c2b0000e92b00004c2d000030330000723300007734000037350000813500002e3b00009f3b00002e3c0000853e0000
c81d00000e2700009841000064010000a2010000d5010000e4020000200300003c0300008e030000fc0500005f060000
fb06000044070000c908000012090000ca090000250a0000d60a0000620b0000790b0000c90b0000c80c0000850d0000
c40d0000121500005915000099150000a1160000ba1600003c170000b0170000ed1a00003d1d0000641d0000931d0000
c01d0000c81d0000d01e0000f81f00006c2000008b210000d521000047220000042300000e2700008e270000ee290000
7a2a00001c2b0000e92b0000dd2c0000773400003735000081350000de3800004b3b00009f3b00002e3c0000853e0000
984100002f0d0000240e0000db0e0000050f0000b30f000001100000fe1100001f12000057120000a7120000ba120000
a41300000a14000039140000531400009b1400009d150000ec1500003d16000093170000b4170000ca170000491f0000
022000009120000004210000f12100000b230000f725000029260000aa2a00000d2f00003f2f0000a4360000ca360000
3d380000713800008d390000473f00007e3f00009c4000005c20000024220000372200005b2200000326000049380000
ff3f0000421800004422000036230000500d0000ce0d0000d60d0000d110000010120000f4120000b01300005a140000
f2140000d2190000591a0000611a0000182000001d20000046200000b3200000f52100003922000053220000fd220000
4a230000902300009a230000b724000076260000b0260000ce2600000f270000762f0000bd3a0000b53c00001e400000
3f000000e5010000520300009a030000b3030000f303000074040000950400001f050000250500007e05000093050000
48060000b3070000350800007d080000b80800001b0900002309000027090000b3090000bb0900004b0a0000ee0a0000
370b0000730b00008d0b0000fa0b0000b90c0000ec0d00006a0e000042110000a5110000af1100005d13000030140000
0a15000022150000b6150000c41500008a160000d4160000fd16000049170000541700002b1f000026200000b1200000
bb20000073210000762100008f210000a821000006220000a5220000cb25000078270000b427000054280000e9280000
06290000262900003c29000063290000b6290000e2290000132a0000612c0000fd2c0000d0330000f333000025340000
663400006a34000084340000263500004f350000d6350000ed3500003036000039360000d33700000d38000079380000
14390000d3390000043b0000eb3e00004c4000001d000000c7000000ec00000056010000b9010000f101000099020000
e6020000ea020000000300001a03000040030000810500004b060000b40700003a080000b60900007c0b00009a0b0000
db0d0000a911000032150000d81f00001e20000027200000742100009322000010270000142700003527000075270000
57280000ed2800000600000037000000a3010000ca01000076050000ec070000260000004f000000920000009b000000
d30000004a010000a2010000b5010000d201000040020000aa020000c2020000e40200008e030000a903000079040000
8e050000b2050000d90500002c0600007c06000084060000a9070000f40700001908000048090000b4090000c0090000
ca090000250a0000340a00004e0a0000740b0000760b0000c90b0000d50b0000120c0000fd0c000059110000ed1a0000
3d1d0000931d0000d01e0000da1f00006c2000005d2100008b21000047220000b5220000e12200007325000047260000
ee2900001c2b0000872c0000183500003735000069350000ad380000de3800008e3a0000143b0000e501000052030000
740400007c04000095040000b10500009d080000dd08000027090000b3090000bb090000ee0a0000370b0000730b0000
8d0b0000fa0b0000ed0c0000ec0d0000a5110000af1100007f1200007b13000030140000d41600002b1f0000d51f0000
262000005c20000074200000b1200000bb200000f820000073210000762100008f210000a8210000d221000006220000
24220000372200005b220000a5220000cb2500000326000078270000b427000054280000e92800000629000026290000
3c29000063290000b6290000e2290000132a0000012f0000342f0000f333000066340000263500004f350000d6350000
ed3500000936000039360000d33700000d38000049380000793800001439000073390000043b0000eb3e0000ff3f0000
4c400000d10000000d010000b1010000b9010000e8010000f10100009902000040030000b4050000b60900007c0b0000
9a0b0000db0d0000a91100003215000042180000d81f00001e2000002720000074210000442200009322000036230000
1027000014270000352700007527000057280000ed280000eb000000210100006e01000073010000ab01000021030000
5b030000f10300006f040000c8050000000600006a060000bd060000c3060000450700008c0800009108000013090000
6c090000860900009c0a0000aa0a0000630b0000960b0000850c0000c90c0000d70c0000010d00001d0d0000340d0000
380d00003e0d00004d0d0000860d00008b0d0000b70d0000c50d0000f50d0000270e0000d80e0000280f000002100000
1110000049100000051100005c1100006f110000761100008611000093110000c71100004512000077120000bb120000
c5120000351300005b1300002d1400003a1400003d1400005614000075140000ac14000016150000381500005b150000
7f150000a0150000ab150000ff15000027160000a2160000be1600001517000034170000471700005f170000b7170000
c2170000651d00007e1d0000b91d0000c11d0000c91d0000d31d0000891f0000921f0000052000002a20000040210000
6921000004220000102300002a2300008e250000672600000f2700008f27000099270000a0280000a828000095290000
b32900007b2a0000cb2a0000d02b0000ea2b00000a2c0000282c0000e82c00006a2d00000b3400007b34000020350000
88350000b7380000cb390000ae3a0000653b0000733b00002f3c00003e3d0000683e0000863e000099410000d5010000
e40200008e030000fb060000c9080000ca090000250a0000d60a0000c90b0000ed1a00003d1d0000931d0000d01e0000
f81f00006c2000008b210000d521000047220000ee2900001c2b000037350000de3800009f3b0000890100006b030000
a10400005d0500006a0900008e090000ca0a0000400b0000a60b0000030c0000d21100005c2000002422000037220000
5b220000dd25000003260000983600001f3800004938000008390000f73e0000ff3f0000010100009e02000077090000
a90b0000710c00004218000044220000c122000036230000380d0000b70d0000ce0d0000d60d000049100000f4120000
3a1400005a14000075140000f2140000671a0000fd2200002a2300009f230000b724000067260000dd26000025270000
df270000762f0000ae3a00003b400000f1040000b10500009d08000039090000a60b0000ed0c00007f1200007b130000
f1160000ab170000341f00007f1f0000be220000b5230000e52300001c2a0000d82b0000093600004b3600003c370000
7339000072400000ee400000d10000000d010000000200006e030000b4050000a90b00004615000097150000ae170000
2700000086000000a3010000ca010000f402000084070000ec0700003908000007150000a4000000d30000004a010000
d50100004f020000c902000020030000ca040000b2050000d90500008d060000fb06000044070000a907000020080000
c9080000120900005a0a0000d60a0000620b0000a70b0000220c0000fd0c000059110000121500005915000076150000
a91600003c170000ac170000d3170000f81f0000d5210000c3220000c523000078250000c7250000872c00006e350000
c33500002e3b00009f3b00002e3c0000890100006b030000a1040000f10400005d050000b10500009d08000039090000
6a0900008e090000ca0a0000400b0000a60b0000030c0000ed0c0000ec0d000072110000a5110000af110000d2110000
1a1200007f1200007b13000030140000d4160000f1160000ab170000341f00007f1f00000f2000005c2000006b210000
f821000024220000372200005b220000be220000b5230000e5230000dd250000032600007f270000dd2700001d280000
f22800000a29000043290000c42900001c2a0000d82b0000f333000066340000223500004a350000da350000f2350000
093600004b360000983600003c3700001f380000493800000839000073390000f73e0000ff3f000072400000ee400000
d1000000010100000d010000000200009e0200006e030000b405000077090000a90b0000710c0000390d00004a0d0000
db0d000073110000a9110000321500004615000097150000ae1700004218000044220000c12200003623000026270000
80270000f3280000380d0000d60d00000d0e00003a0e00002310000076100000cd1200001c1300004014000069140000
6d1d0000841d0000d81d0000971f000025270000df2700008a2a0000072b0000372c0000b12d000055390000b6410000
a4000000f800000099010000d50100004f0200002003000070030000ca0400008d060000fb06000044070000b6070000
e7070000090800005c080000c9080000120900007a0900005a0a0000d60a0000620b0000ab0b0000ae0c0000dd0f0000
121500003c170000ed1a00005c1d0000931d0000d01e0000f81f00006c2000008b210000d5210000472200003b2a0000
1c2b00004c2d000072330000373500002e3b00009f3b00002e3c0000eb0000006e01000092010000ab010000ae020000
f10300006f040000c0050000f705000030060000bd0600008c080000730900009c0a00008f0b0000e00b0000c90c0000
f60c0000380d00000d0e0000fb0f0000231000007610000035130000401400007b1500007f1500002716000025170000
ba170000f1170000591a0000611a0000841d0000e2220000902300009a230000be230000fa24000048260000b0260000
ce2600000f270000072b0000a52c0000b12d0000b92f00008f3a0000653b00001e400000d1020000e4020000fa090000
b10b0000610c00008f22000094240000532f0000380d00000d0e00002310000076100000401400007b1500007f150000
2716000025170000ba170000f1170000591a0000611a0000841d0000902300009a230000be230000fa240000b0260000
ce2600000f270000072b0000b12d0000b92f00001e400000eb0000006501000092010000e50200008f030000f1030000
22050000c0050000f7050000b60600008408000073090000cb090000260a0000840a0000ca0b0000d20c0000f60c0000
ce0d0000d60d0000fb0f0000f41200004d1300005a140000f2140000411d0000981d0000c91d0000d31d0000061f0000
891f0000921f00001d20000065200000b32000002321000040220000fd220000b72400000f270000f92900003a2b0000
0a2c0000282c0000a52c00002c2f0000762f0000df3800004c3b00009941000019000000440000008d000000b5010000
ea0100004002000048020000c2020000e80200001803000062030000a303000079040000230500008305000049060000
550600007e0700008b070000f2070000000800000508000019080000380800005708000057090000b8090000760b0000
9d0b0000120c00002715000093160000551d0000f01f0000fd200000b5220000732500001227000073270000c4270000
552800007c280000ec280000222900002b2a0000d32c0000062f0000cb2f0000233300006d33000069350000a2010000
3c030000fc0500005f060000790b0000641d00007a2a0000dd2c000026000000920000009b000000c3000000a2010000
40020000c2020000d1020000e4020000e8020000180300003c030000a90300002305000086050000aa050000fc050000
49060000550600005f0600007c060000840600001908000038080000fa090000340a00004e0a0000760b0000790b0000
b10b0000120c0000610c00002715000093160000641d00008f220000b522000094240000732500001227000073270000
c4270000552800007c280000ec280000222900007a2a0000772c0000d32c0000dd2c0000532f0000cb2f000069350000
143b0000eb000000650100006e01000092010000ab010000ae020000e50200008f030000f10300006f04000022050000
c0050000f705000030060000b6060000bd060000840800008c08000073090000cb090000260a0000840a00009c0a0000
8f0b0000ca0b0000e00b0000c90c0000d20c0000f60c0000380d00003e0d00005b0d0000860d00008a0d0000c50d0000
ce0d0000d60d0000d70d0000ef0d00000d0e0000200e0000d80e0000770f0000fb0f0000231000005e10000068100000
7610000075110000821100008511000093110000a8110000c3110000bd120000f4120000351300004d1300003d140000
401400004f1400005a140000ac140000f2140000431500007b1500007f150000271600009f16000025170000ba170000
f1170000591a0000611a0000411d00007b1d0000841d0000981d0000c91d0000d31d0000061f0000891f0000921f0000
122000001d20000065200000b3200000092100002321000040220000e2220000fd22000010230000902300009a230000
be230000b7240000fa2400008e25000048260000b0260000ce2600000f270000212700003e27000087270000d6270000
60280000ef280000fd28000075290000f9290000c12a0000072b00003a2b00000a2c0000282c0000a52c0000a32d0000
b12d0000122f00002c2f0000762f0000b92f00000734000088350000cc350000df3800008f3a00004c3b0000653b0000
1e40000099410000a2010000d1020000e40200003c030000fc0500005f060000fa090000790b0000b10b0000610c0000
641d00008f220000942400001227000073270000c4270000552800007c280000ec280000222900007a2a0000dd2c0000
532f0000cb2f0000ce0d0000d60d0000f41200005a140000f2140000981d0000c91d0000d31d0000061f0000891f0000
921f00001d20000065200000b32000002321000040220000fd220000b72400000f2700003a2b00000a2c0000282c0000
2c2f0000762f00009941000026000000920000009b000000c3000000a2010000b5010000ea01000048020000d1020000
e40200003c03000062030000a90300007904000086050000aa050000fc0500005f0600007c06000084060000f2070000
000800000508000057080000b8090000fa090000340a00004e0a0000790b00009d0b0000b10b0000610c0000551d0000
641d0000f01f0000fd2000008f220000942400001227000073270000c4270000552800007c280000ec28000022290000
2b2a00007a2a0000772c0000dd2c0000062f0000532f0000cb2f00006d330000143b00002f0d0000df0d00001b0e0000
490f00006e0f0000830f0000011000005d10000063100000fe11000064120000a7120000a41300000514000029140000
4a1400005314000095140000d9160000d21800004e1f00005e1f0000b721000038220000142300003c2300000e240000
32240000ea250000b02a0000132b00009e2d00002b2e0000a4360000d8360000e53700002f3800008d390000393f0000
c24000007b4100003f00000055010000cd010000e5010000520300009a030000b3030000ef030000390400006d040000
7404000087040000950400001f0500007e0500009305000048060000b3070000d0070000ef070000f70700007d080000
1b09000027090000b3090000bb0900004b0a0000ac0a0000e30a0000ee0a0000370b0000730b00008d0b0000fa0b0000
72110000ed1100001a1200002215000088150000c4150000251600002f160000b1160000b4160000ee160000fd160000
54170000a41700002b1f00000f2000006b2100008f21000097210000f8210000a5220000cb25000078270000b4270000
54280000e928000006290000262900003c29000063290000b6290000e2290000132a0000612c0000fd2c000041330000
4633000097330000a4330000733400009e340000223500004a350000d6350000ed3500003036000039360000d3370000
0d3800007938000014390000d3390000043b0000eb3e00004c400000f1160000ab1700007f1f0000b5230000d82b0000
3c370000ee40000089010000fd020000520300001a0500001f0500002c05000048060000500600001b09000027090000
6a0900008e090000ca0a0000370b00005f0b0000730b00008d0b0000fa0b000072110000d21100001a12000022150000
88150000c4150000251600002f160000b1160000b4160000cd160000ee160000f1160000fd16000054170000a4170000
ab1700002b1f00007f1f00000f2000006b210000f8210000a5220000b5230000cb25000078270000b427000054280000
e928000006290000262900003c29000063290000b6290000e2290000132a0000d82b0000ce2c00003b2d000073340000
9e340000223500004a350000d6350000ed3500003036000039360000983600003c3700000d3800007938000008390000
d3390000043b0000eb3e00004c400000ee4000001d000000c7000000ee000000ae010000b9010000f101000099020000
e60200000003000040030000810500004b060000b4070000f0070000b60900007c0b00009a0b0000ba0c0000390d0000
4a0d0000731100008015000089150000b2160000d81f0000f21f00009322000010270000142700003527000075270000
57280000ed2800004615000097150000ae1700000600000037000000f402000076050000390800000715000001010000
f101000099020000e6020000ed02000000030000400300004b060000770900007c0b00009a0b0000710c0000390d0000
4a0d0000731100002515000046150000801500008915000097150000b2160000ae170000932200001027000014270000
352700007527000057280000ed280000eb000000210100006501000073010000d9010000d2020000e5020000f1030000
22050000c8050000b6060000c3060000ff0600008408000091080000cd0800006c09000086090000fb090000840a0000
aa0a0000e10a0000b20b0000620c0000850c0000d20c0000d70c0000010d00001d0d0000340d0000500d00008a0d0000
8b0d0000c80d0000d60d0000d70d0000e20d0000200e00003a0e0000280f0000770f0000021000001110000060100000
d11000005c1100006f1100008511000096110000a7110000ad110000c31100001012000077120000cd1200001c130000
4d1300005b130000b01300004f1400005414000069140000b6140000351500008c150000761600000e170000a2170000
68190000d2190000591a0000611a0000ef1a0000791b00006d1d00007b1d0000f91f0000182000001d20000046200000
4e200000b3200000d6210000f5210000392200003d220000532200006d220000ae220000172300003f2300004a230000
902300009a2300009f24000092250000a225000076260000b0260000ce2600000f2700008f27000099270000a0280000
a828000095290000b32900008a2a0000c12a00006a2d00005e2f0000f1330000073400008c3500009c350000b7380000
55390000bd3a00004c3b0000733b0000aa3b0000b53c0000d93d0000863e00001e400000a2010000aa02000020030000
2c0600004407000012090000620b0000740b0000d50b0000121500005915000076150000a91600003c170000ac170000
d3170000e1220000c5230000c725000047260000c33500008e3a00002e3c0000380d0000f50d00000d0e000023100000
7610000005110000451200002d14000040140000381500007f150000ab1500002716000015170000341700005f170000
c2170000841d0000b91d0000c91d0000d31d0000891f0000921f00000f270000072b0000d02b00000a2c0000282c0000
b12d0000cb3900003e3d000099410000260000004f000000920000009b000000f800000099010000a201000048020000
aa020000e4020000e802000002030000620300008e030000a9030000230500008e0500002c0600004d0600007c060000
84060000b6070000e707000005080000360800003e08000057080000480900007a090000ca090000250a0000340a0000
4e0a0000740b00009d0b0000c90b0000d50b0000ae0c0000dd0f00000f1500005915000076150000a916000002170000
ac170000d31700003d1d0000551d0000e1220000c5230000c725000047260000ee2900002b2a00004c2d000057330000
6d330000c3350000ad380000de3800008e3a0000143b0000bd01000008030000fb06000044070000d60a0000620b0000
50270000040e0000f1160000ab1700005a1f00007f1f0000b62100003722000033230000b52300000f2b0000d82b0000
3c370000e43700002e380000ee4000007a410000c908000012090000fa1400003c170000e01f0000d521000050270000
a5010000f10200001b270000ae0d00004615000097150000ae170000891d000069200000442200000123000094150000
8f170000ab170000c61700005c20000024220000372200005b220000f42200000326000028260000c936000049380000
70380000733f0000ff3f00005f0d0000110e00006c150000ae170000421800004422000036230000c2230000d5010000
20030000fb06000044070000c908000012090000d60a0000620b0000121500003c170000f81f0000d52100008e270000
9f3b00002e3c0000853e00001000000044020000060000000b00000037000000c6000000d40000004b010000f0010000
f2010000030200008e0200003f0300004103000087030000760500007d0b0000c20b0000ff1a0000331b000092220000
060000000b00000037000000c6000000df000000f00100008e02000092020000a50200003f030000760500007d0b0000
c20b0000af0c0000541800009222000094220000da22000075230000bd01000008030000fb06000044070000c9080000
12090000d60a0000620b0000960d0000fa1400003c170000d71a0000e01f0000d5210000502700005227000063270000
a1280000b128000096290000db290000a5010000f1020000890d00001b2700001c270000d501000020030000fb060000
44070000c908000012090000d60a0000620b00009d0d0000121500003c170000de1a0000f81f0000d52100008e270000
92270000a5270000a1280000b128000096290000db2900009f3b00002e3c0000f33c0000853e0000873e000064010000
a2010000aa020000d1020000e40200002c060000fa090000740b0000b10b0000d50b0000610c0000c80c0000850d0000
c40d00005a1a00006a1a00008f220000e1220000042300008f23000093230000a62300009424000047260000b1260000
f62600000e27000012270000532f0000813500008e3a00004b3b00001d4000001f40000064010000a2010000e4020000
3c0300008e030000fc0500005f060000ca090000250a0000790b0000c90b0000c80c0000850d0000140e00003d1d0000
641d00007a1d0000c81d0000cc1d0000df1d00008c1f00009e1f00000e27000012270000ee2900007a2a00000b2c0000
502c0000dd2c000000340000de3800004b3b0000984100009a410000201400005c170000be200000012200008c290000
a62900002f3700004f370000003800008d38000096380000313d0000653e00006d3e00007c3e0000e60d000005110000
2d1400002220000040210000042200005a270000a8280000b3290000451200002a1500005f1700002220000040210000
0422000051270000a028000095290000f50d000005110000451200002d140000381500005f1700002a20000040210000
042200008f27000099270000a0280000a828000095290000b32900003e3d0000683e0000863e00006600000008030000
8d0600004407000087080000c9080000d2080000f70800005a0a0000620b00009e0c000074130000b01a0000371c0000
9c1c0000e01f0000e21f00003d200000d5210000d72100001d220000660000002a010000bd010000c401000067020000
8d060000b7060000fb0600000207000012070000120900005a0a0000850a0000d60a0000eb0a0000130b0000fa140000
3c170000f31a0000051c0000c71c000029000000dd000000a5010000b601000045020000f1020000ee1a0000a4000000
68010000d5010000de01000073020000200300008d060000b7060000fb06000002070000120700004407000087080000
c9080000d2080000f7080000120900005a0a0000850a0000d60a0000eb0a0000130b0000620b0000de0c000074130000
121500003c170000bc1a0000f71a0000051c0000371c00009c1c0000c71c0000f81f0000fc1f000041200000d5210000
d72100001d2200002e3b00004d3b00009f3b0000b43b0000de3b00002e3c0000233e0000890100006b0300007c040000
a10400005d050000b10500009d080000dd080000270900006a0900008e090000b3090000ca0a0000400b0000730b0000
a60b0000030c0000ed0c0000310e000072110000d21100001a1200007f1200007b13000011140000601400009e140000
371b0000df1c0000fc1c00001d1d0000171e00002b1f0000d51f00000f2000005c2000006020000074200000f2200000
f82000006b210000d2210000f82100002422000028220000372200003b2200005b2200005d220000a5220000dd250000
ed250000032600000c26000019260000132a0000012f0000342f0000223500004a350000093600003936000098360000
1f380000323800004938000052380000613800000839000073390000f73e0000603f0000bb3f0000ff3f000001400000
4c400000d1000000010100000d010000b1010000e8010000f10100009e02000040030000b405000077090000b6090000
7c0b0000a90b0000710c0000390d00004a0d0000b40d00007311000064140000421800004518000055180000001d0000
4422000045220000c1220000022300003623000047230000762300000a010000e5010000360300007404000095040000
f1040000b1050000cc050000c0080000390900006a090000b3090000bb090000810a0000ee0a00002e0b0000730b0000
a60b0000f20b00006e0c0000490d0000d00f00007211000078110000f51100006b12000032130000b213000060140000
d51800004d1c0000fc1c0000341f0000441f00005a1f0000631f0000701f00008f210000a2210000b6210000ba210000
372200003b220000be220000f8220000332300004623000071230000e52300003c240000d42500001c2a0000a42a0000
0f2b0000162b0000782b00007a2c0000072d00003f2d0000cc2d0000df3300003f3400004b360000df360000ad370000
d3370000e4370000e83700001638000014390000d13e000072400000db400000364100007a4100007c410000d8000000
f200000096010000b9010000000200008f0200006e030000b405000077090000b60900007c0b0000a90b0000fa0c0000
3b0d0000650d0000350e00007311000064140000021b00003b1b0000001d0000891d00008d1d0000d81f000013200000
692000006a2000004422000045220000b2220000e5010000520300007404000095040000b3090000bb090000ee0a0000
370b00008d0b0000fa0b00008f210000cb250000b4270000542800002629000063290000e2290000d33700000d380000
7938000014390000043b0000eb3e0000b901000099020000b60900009a0b0000d81f0000932200001027000035270000
57280000d60d00003a0e0000cd1200001c13000069140000d2190000591a0000611a00006d1d00001d20000046200000
b320000039220000532200004a230000902300009a23000076260000b0260000ce2600000f2700008a2a000055390000
bd3a00001e4000001f050000480600001b09000027090000730b000022150000c4150000fd160000541700002b1f0000
a5220000b4270000542800002629000063290000e2290000132a0000303600003936000079380000d3390000043b0000
4c400000f1010000e602000000030000400300004b0600007c0b0000102700003527000057280000080000002f000000
4c0000007600000041020000560200005c0200008b050000150600007a070000e7090000a21a0000260000004f000000
920000009b000000d30000000f010000a2010000b501000040020000aa020000b3020000c2020000e40200008e030000
a9030000790400008e050000b60500002c060000350600007c06000084060000a7070000c00700001908000048090000
ca090000250a0000340a00004e0a0000740b0000760b0000bf0b0000c90b0000d50b0000ea0b0000120c0000c00c0000
90120000d9190000ed1a0000121b0000f61c0000101d00003d1d0000b5220000e1220000e52200008723000073250000
47260000492600008f260000ee2900003033000069350000ad380000de3800008e3a0000903a0000d63a0000143b0000
e50100005203000074040000950400001f050000480600001b09000027090000b3090000bb090000ee0a0000370b0000
730b00008d0b0000fa0b0000a50d00003610000037120000df120000e9120000f713000022150000c4150000fd160000
54170000e61a00002c1c0000651c0000c11c00002b1f00008f210000a5220000cb25000078270000b4270000b8270000
e12700004a2800005428000067280000e928000006290000262900002f2900003c2900006329000065290000b6290000
e2290000e6290000132a0000d6350000ed3500003036000039360000b53600009f370000d33700000d38000079380000
8238000014390000b4390000d33900003b3a0000043b0000063b0000eb3e00004c400000b9010000f101000099020000
e602000000030000400300004b060000b60900007c0b00009a0b0000870d00008d0d0000910d000037100000e3120000
d21a0000d81f00009322000010270000142700002a2700003527000046270000752700005728000068280000ed280000
380d0000b70d0000491000003a140000751400007f150000ab150000271600001517000034170000c2170000b91d0000
c91d0000d31d0000891f0000921f00002a230000672600000f270000d02b00000a2c0000282c0000cb390000ae3a0000
99410000260000004f000000920000009b000000f80000005c010000a201000048020000aa020000e4020000e8020000
620300008e03000092030000a9030000230500008e0500002c0600007c06000084060000ba0700000508000057080000
480900006f0900009f090000ca090000cc090000250a0000270a0000340a00004e0a0000740b00009d0b0000c90b0000
cd0b0000d50b0000730c00003211000059150000451b0000751c00008a1c00000a1d00003d1d0000461d0000551d0000
ac1d0000e122000047260000ee290000032a00002b2a00006e2b00006d330000bf330000ad380000de380000e0380000
283a00008e3a0000143b00007c040000dd08000030090000b30900008d0b0000221f0000d51f000074200000f8200000
d22100008922000032270000542800006f2800004b290000922900000b2a0000012f0000342f0000be2f0000ed2f0000
4236000066400000b1010000e8010000fa0100005f030000b60900009a0b000017270000c127000057280000ce0d0000
d60d0000f41200005a140000f2140000981d0000c91d0000d31d0000061f0000891f0000921f00001d20000065200000
b32000002321000040220000fd220000b72400000f2700003a2b00000a2c0000282c00002c2f0000762f000099410000
fd020000360300001a0500002c05000048060000500600002e0b00005f0b0000730b0000f20b0000cd160000d4250000
32270000542800006f2800004b29000092290000ce2c00003b2d0000be2f0000ed2f000016380000d13e00008f020000
ed0200004b0600007c0b000025150000b222000017270000c127000057280000120000002b00000081000000c8000000
4302000052020000870200008b050000150600007a070000e7090000cd1a000026000000920000009b000000c3000000
d30000004a010000a2010000b501000040020000d1020000e40200003c0300004403000086030000a903000079040000
86050000aa050000b2050000d9050000fc050000030600005f060000740600007c06000084060000a907000002080000
4c080000fa090000340a00004e0a0000790b00007f0b0000b10b0000c10b0000610c0000fd0c000059110000ed1a0000
321b0000d21b0000e41b0000f81c0000581d0000641d0000681d0000b41d00008f22000094240000362a00007a2a0000
7c2a0000972b0000772c0000872c0000dd2c0000f22c0000922e0000532f000062330000143b0000fd02000036030000
7c0400001a0500002c0500004806000050060000dd08000030090000b30900002e0b00005f0b0000730b00008d0b0000
f20b0000900d0000361000003c1000003e120000df120000e6130000cd160000d11a0000c61b0000331c0000b01c0000
221f0000d51f000074200000f8200000d221000089220000d4250000322700004527000070270000e5270000fb270000
54280000672800006f28000076280000e9280000032900003f2900004b2900004f2900009229000098290000da290000
0b2a0000ce2c00003b2d0000852d00000d2e00007e2e0000a52e0000012f0000342f0000be2f0000c52f0000ed2f0000
02300000d3350000e23500004236000016380000d13e000066400000b1010000e8010000fa0100008f020000ed020000
5f0300004b060000b60900007c0b00009a0b0000880d00008c0d0000a90d000037100000e312000025150000ea1a0000
b2220000172700001d270000282700007c270000c1270000c22700005728000068280000ed280000380d00000d0e0000
2310000076100000401400007b1500007f1500002716000025170000ba170000f1170000591a0000611a0000841d0000
902300009a230000be230000fa240000b0260000ce2600000f270000072b0000b12d0000b92f00001e40000026000000
920000009b000000c3000000f800000099010000a201000048020000c5020000d1020000d5020000e4020000e8020000
3c030000a90300002305000086050000aa050000fc0500005f0600007c06000084060000b6070000e70700001c080000
7a090000fa090000fe090000340a00004e0a0000790b0000920b0000b10b0000b30b00001d0c0000610c0000630c0000
ae0c0000dd0f000059150000301900001a1b0000061d0000391d0000641d00008f22000097220000d922000074230000
94240000a9240000dc240000682500007a2a0000772c0000dd2c00004c2d0000532f0000682f00009b2f00005e350000
143b0000ad130000321600009f170000e82100008c290000a62900000c37000063370000f73700008d38000096380000
b23c0000d63d0000f03d00007c3e0000101200008415000076160000a217000009200000f52100005a270000a8280000
b3290000660000003a0100006a020000080300000a0300008d060000c6060000150700004407000046070000c9080000
5a0a0000c30a00001e0b0000620b0000640b0000e4160000221b0000f01c0000e01f0000d521000089010000fd020000
52030000f10400001a0500002c050000b105000048060000500600009d080000390900006a0900008e090000ca0a0000
370b00005f0b00008d0b0000a60b0000fa0b0000ed0c0000ec0d0000a5110000af110000d21100005a1200007f120000
7b130000301400003c14000015160000cd160000d4160000f1160000fa160000ab170000be1700004a1c0000f51c0000
341f0000551f0000731f00007f1f0000831f0000be2200002123000079230000b5230000b9230000e52300008b240000
cb2500001c2a0000b32a00007b2b0000d82b0000da2b0000ce2c00003b2d0000f333000066340000093600004b360000
98360000cd3600003c37000045370000aa3700000d3800000839000073390000eb3e0000724000009d400000ee400000
034100002b410000420d0000d1100000b01300008415000076160000a217000051270000a02800009529000066000000
bd0100008d060000fb06000098080000fa08000012090000160900005a0a0000d60a00008e0c000036130000fa140000
011500005f150000651600003c1700005117000084170000ad1a0000911c000029000000fc000000a50100004c020000
f1020000f20200005a150000d1000000010100000d0100000002000099020000ed0200006e030000b40500004b060000
770900009a0b0000a90b0000710c0000600d0000db0d0000120e0000a911000043140000251500003215000046150000
4915000097150000a8150000ae170000bf170000001b0000341b0000f91c0000932200000a0100006b030000a1040000
1f0500005d050000b1050000cc05000048060000c00800001b090000300900006a090000810a0000400b00008d0b0000
a60b0000030c00006e0c0000080e0000d00f0000a5110000f51100005112000032130000001400003c1400008f140000
221500003115000094150000a7150000c4150000ef1500004716000095160000fd16000054170000611700008f170000
98170000ab170000be170000c6170000cd1700002f1b0000dc1c0000f51c00001a1d0000221f000089220000dd250000
fe2500001c260000282600002c2600000b2a00007a2c0000072d00003f2d0000cc2d00006d3400008a34000030360000
423600001f38000044380000643800007038000074380000d3390000f73e0000223f0000733f0000883f0000b03f0000
66400000d8000000f200000096010000fa0100009e020000e6020000000300005f030000b40500004b06000077090000
9a0b0000a90b0000fa0c0000af0d0000d80d0000f00d0000a9110000431400006c15000070150000ae170000bf170000
57180000f91c0000c1220000252300007d230000c2230000c3230000500d0000d110000010120000b01300008c150000
76160000a217000018200000f52100008f27000099270000a0280000a828000095290000b3290000b53c0000d93d0000
863e0000a40000007a010000d50100007602000020030000240300008d060000c6060000fb0600001507000044070000
4607000098080000c9080000fa08000012090000160900005a0a0000c30a0000d60a00001e0b0000620b0000640b0000
cc0c000036130000121500001b1500006315000065160000e41600003c1700005117000084170000b91a0000261b0000
911c0000f01c0000f81f0000d52100002e3b00008c3b00009f3b0000e93b00002e3c0000303c0000bd3d0000090d0000
580d0000050e0000d30e0000fe0e0000490f0000011000000a1000000b12000064120000ba120000c01200008a130000
c4130000fd13000039140000531400008e14000010160000f5160000b41700004e1f0000801f00009b21000014230000
b62300000e2400008a240000f2250000b02a0000d92b0000632d0000ef2d0000d836000040370000d737000038380000
9b390000213f0000c2400000f94000005a1f0000b621000037220000332300000f2b0000e43700007a410000891d0000
6920000044220000500d0000d60d00003a0e0000d110000010120000cd1200001c130000b0130000691400006d1d0000
981d0000c91d0000d31d0000061f0000891f0000921f0000182000001d20000065200000b320000023210000f5210000
402200000f2700008a2a00003a2b00000a2c0000282c00002c2f000055390000b53c000099410000bd00000055010000
fd02000015030000360300009f030000db030000ef030000390400007c0400001a0500001c0500002c05000039050000
7e0500004806000050060000b3070000d0070000350800004108000068080000dd080000300900004e090000b3090000
6d0a0000ac0a00002e0b00005f0b0000670b0000730b00008d0b0000f20b0000a5110000ed1100005112000031150000
95160000c9160000cd16000061170000221f0000d51f00002620000074200000b1200000bb200000f820000073210000
76210000a8210000d22100000622000089220000d42500003227000070270000542800006f280000e928000003290000
3f2900004b29000092290000982900000b2a0000ce2c00003b2d0000012f0000342f0000be2f0000ed2f000041330000
5a33000097330000bb3300006d3400008a340000263500004f350000d3350000e2350000fe3500004236000016380000
ee380000d13e0000664000001700000042000000ee000000b1010000e8010000fa0100008f020000ed020000f5020000
5f030000810500004b060000b40700003a080000b60900007c0b00009a0b0000ba0c0000d80d0000f00d0000a9110000
0b150000251500001e2000002720000074210000b2220000172700001d2700007c270000c127000057280000ed280000
0b000000c6000000a701000076050000ec070000f11f000026000000920000009b000000c3000000d30000000f010000
a2010000b5010000ea01000040020000d1020000e40200003c03000044030000a90300007904000086050000aa050000
b6050000fc0500005f0600007c06000084060000a7070000c0070000f207000000080000020800004c080000b8090000
fa090000340a00004e0a0000790b00007f0b0000b10b0000610c0000c00c00009012000067190000ed1a0000581d0000
641d0000f01f00004d200000fd2000003c2200006c2200008f22000038230000942400009e250000362a00007a2a0000
772c0000dd2c0000062f0000532f0000303300006233000098350000143b0000eb0000006e0100007301000092010000
ab010000ae02000021030000f10300006f040000c0050000f705000030060000bd060000c3060000450700008c080000
9108000013090000730900009c0a0000aa0a0000630b00008f0b0000e00b0000c90c0000d70c0000f60c0000010d0000
0c0d0000210d0000380d00003e0d00005b0d0000860d00008b0d0000c80d0000f50d00000d0e0000150e0000d80e0000
280f0000fb0f0000041000002310000076100000051100005b1100006111000075110000821100008311000096110000
bd11000045120000b0120000bd120000351300005b1300002d140000401400004414000054140000b614000016150000
381500005b150000771500007b1500007f150000ff15000027160000aa16000025170000471700005f170000b5170000
ba170000d7170000f1170000591a0000611a00007d1d0000841d0000122000002a200000092100004021000004220000
e222000017230000902300009a230000be230000c6230000fa24000092250000c825000048260000b0260000ce260000
0f2700008f27000099270000a0280000a828000095290000b3290000c72a0000072b0000a52c0000b12d0000122f0000
b92f0000d6330000013400008c350000c43500008f3a0000653b0000733b00002f3c00003e3d0000683e0000863e0000
1e400000d5010000d1020000e4020000fb060000c9080000fa090000d60a0000b10b0000610c000067190000ed1a0000
f81f00004d200000d52100003c2200006c2200008f22000038230000942400009e250000532f0000983500009f3b0000
0a010000e501000036030000740400007c04000095040000b1050000cc050000dd08000030090000b3090000bb090000
810a0000ee0a00002e0b0000730b00008d0b0000f20b0000a5110000f511000051120000311500009516000061170000
221f00005a1f0000d51f00002620000074200000b1200000bb200000f820000073210000762100008f210000a8210000
b6210000d221000006220000372200008922000033230000d42500003227000070270000542800006f280000e9280000
032900003f2900004b29000092290000982900000b2a00000f2b00007a2c0000072d0000012f0000342f0000be2f0000
ed2f00006d3400008a340000263500004f350000d3350000e235000042360000d3370000e43700001638000014390000
d13e0000664000007a410000d8000000b1010000b9010000e8010000fa0100008f0200005f030000b4050000b6090000
7c0b00009a0b0000fa0c0000d80d0000f00d0000a9110000891d0000d81f00001e200000272000006920000074210000
44220000b2220000172700001d2700007c270000c127000057280000ed280000eb000000210100006e010000ab010000
5b030000f10300006f040000c8050000000600006a060000bd0600008c0800006c090000860900009c0a0000960b0000
850c0000c90c0000380d0000b70d00004910000077120000351300003a140000751400007f150000ab15000027160000
1517000034170000c2170000651d0000b91d0000c91d0000d31d0000891f0000921f00002a230000672600000f270000
7b2a0000d02b00000a2c0000282c0000e82c0000b7380000cb390000ae3a0000653b000099410000e40200008e030000
ca090000250a0000c90b00003d1d0000ee290000de380000380d0000b70d0000491000003a140000751400007f150000
ab150000271600001517000034170000c2170000b91d0000c91d0000d31d0000891f0000921f00002a23000067260000
0f270000d02b00000a2c0000282c0000cb390000ae3a000099410000eb0000002101000065010000d2020000e5020000
f103000022050000c8050000b6060000840800006c09000086090000fb090000840a0000b20b0000620c0000850c0000
d20c0000d60d00003a0e000077120000cd1200001c1300004d13000069140000d2190000591a0000611a00006d1d0000
1d20000046200000b32000003922000053220000ae2200004a230000902300009a2300009f24000076260000b0260000
ce2600000f2700008a2a00005e2f0000b738000055390000bd3a00004c3b00001e4000001900000080000000cb000000
b5010000d20100004002000048020000c5020000e80200000203000044030000a303000079040000230500007f050000
9b0500004d06000080070000a2070000f4070000020800001c080000360800003e0800004c080000b4090000c0090000
7f0b0000920b00001d0c00000f15000002170000581d0000da1f00005d21000097220000682500001227000037270000
8627000059280000ea280000f928000074290000362a0000692c00005733000062330000183500005e350000c8350000
a2010000aa0200002c060000740b0000d50b0000e1220000472600008e3a0000260000004f000000920000009b000000
a201000040020000aa020000e4020000e802000002030000440300008e030000a9030000230500008e0500002c060000
4d0600007c0600008406000002080000360800003e0800004c08000048090000ca090000250a0000340a00004e0a0000
740b00007f0b0000c90b0000d50b00000f150000021700003d1d0000581d0000e1220000472600001227000037270000
8627000059280000ea280000f928000074290000ee290000362a00005733000062330000c8350000ad380000de380000
8e3a0000143b0000eb00000021010000650100006e010000ab010000d2020000e50200005b030000f10300006f040000
22050000c8050000000600006a060000b6060000bd060000840800008c0800006c09000086090000fb090000840a0000
9c0a0000960b0000b20b0000620c0000850c0000c90c0000d20c0000380d00003e0d00004d0d0000860d00008a0d0000
b70d0000c70d0000d60d0000d70d0000e20d0000150e00003a0e0000d80e0000770f0000491000006010000076110000
8311000095110000a7110000ad110000bd11000077120000bb120000c5120000cd1200001c130000351300004d130000
3a140000441400004c1400006914000075140000b2140000351500007f150000ab150000271600000e17000015170000
34170000c2170000d2190000591a0000611a0000651d00006d1d00007d1d0000b91d0000c91d0000d31d0000891f0000
921f0000052000001d20000046200000b3200000692100003922000053220000ae220000052300002a2300004a230000
902300009a2300009f240000882500006726000076260000b0260000ce2600000f270000212700007b270000c5270000
d62700005e28000080280000f0280000232900007b2a00008a2a0000c72a0000d02b00000a2c0000282c0000e82c0000
5e2f0000cf2f0000f1330000013400002035000082350000b738000055390000cb390000ae3a0000bd3a00004c3b0000
653b00001e40000099410000a2010000aa020000e40200008e0300002c060000ca090000250a0000740b0000c90b0000
d50b00003d1d0000e12200004726000012270000372700008627000059280000ea280000f928000074290000ee290000
c8350000de3800008e3a0000d60d00003a0e0000cd1200001c13000069140000d2190000591a0000611a00006d1d0000
1d20000046200000b320000039220000532200004a230000902300009a23000076260000b0260000ce2600000f270000
8a2a000055390000bd3a00001e400000260000004f000000920000009b000000a2010000b5010000d201000048020000
aa020000c5020000e40200008e030000a9030000790400008e0500002c0600007c06000084060000f40700001c080000
48090000b4090000c0090000ca090000250a0000340a00004e0a0000740b0000920b0000c90b0000d50b00001d0c0000
3d1d0000da1f00005d21000097220000e1220000682500004726000012270000372700008627000059280000ea280000
f928000074290000ee290000183500005e350000c8350000ad380000de3800008e3a0000143b0000f1040000c0080000
390900006a090000a60b00006e0c0000d00f000032130000341f00005a1f0000b621000037220000be22000033230000
e52300001c2a00000f2b00003f2d0000cc2d00004b360000e4370000724000007a410000f20000009601000000020000
6e03000077090000a90b0000891d00006920000044220000380d0000d60d00000d0e00003a0e00002310000076100000
cd1200001c13000040140000691400006d1d0000841d0000d81d0000971f000025270000df2700008a2a0000072b0000
372c0000b12d000055390000b64100000a0100006b030000a10400005d050000b1050000cc050000810a0000400b0000
a60b0000030c0000f5110000941500008f170000ab170000c6170000dd250000282600007a2c0000072d00001f380000
70380000f73e0000733f0000d80000009e020000b4050000a90b0000fa0c00006c150000ae170000c1220000c2230000
2700000086000000a7010000e90200001903000084070000ec07000039080000f11f0000a4000000d30000000f010000
d50100004f0200002003000070030000ca040000b60500008d060000fb06000044070000a7070000c007000009080000
5c080000c9080000120900005a0a0000d60a0000620b0000ab0b0000c00c000090120000121500005915000099150000
a1160000ba1600003c170000b01700005c1d0000c01d0000f81f0000d52100003b2a0000e92b00003033000072330000
773400002e3b00009f3b00002e3c00000a0100006b030000a1040000f10400005d050000b1050000cc050000c0080000
390900006a090000810a0000400b0000a60b0000030c00006e0c0000490d0000d00f00007211000078110000a5110000
f51100005112000032130000b2130000311500009415000095160000611700008f170000ab170000c6170000341f0000
5a1f0000a2210000b621000037220000be22000033230000e5230000dd250000282600007f270000dd2700001d280000
f22800000a29000043290000c42900001c2a00000f2b00007a2c0000072d00003f2d0000cc2d0000df3300003f340000
6d3400008a340000da350000f23500004b360000e43700001f38000070380000f73e0000733f0000724000007a410000
d8000000f200000096010000000200009e0200006e030000b405000077090000a90b0000fa0c00003b0d0000d80d0000
f00d000073110000a91100006c150000ae170000891d0000132000006920000044220000c1220000c223000026270000
80270000f3280000380d0000b70d0000ce0d0000d60d000049100000f41200003a1400005a14000075140000f2140000
671a0000fd2200002a2300009f230000b724000067260000dd26000025270000df270000762f0000ae3a00003b400000
a4000000f80000005c010000d50100004f020000c902000020030000ca0400008d060000fb06000044070000ba070000
20080000c9080000120900006f0900009f0900005a0a0000d60a0000620b0000a70b0000220c0000730c000032110000
121500003c17000067190000ed1a0000f81f00004d200000d52100003c2200006c220000c32200003823000078250000
9e250000bf3300006e350000983500002e3b00009f3b00002e3c0000090d0000240e0000050f0000740f0000b30f0000
011000000a1000005d1000000b1200004a1200005f1200008a1300000a1400004a140000531400009b14000040150000
e71500000917000073170000121e0000411f00005d200000f120000025220000382200005c220000f5220000f7250000
07260000a32a0000632d0000ef2d0000be360000d33600003d3800004d380000de390000473f000000400000b4400000
bd000000fd020000360300009f030000db030000f3030000710400007c0400001a0500002c0500007e05000048060000
50060000b3070000ef07000068080000b8080000d9080000dd080000300900004e090000b30900006d0a00002e0b0000
5f0b0000730b00008d0b0000f20b0000b90c0000490d00006a0e00004211000072110000781100005d130000b2130000
88150000251600002f160000b1160000b4160000cd160000ee160000a4170000221f0000d51f0000ed1f000074200000
81200000f820000060210000a2210000d2210000da21000089220000d42500003227000070270000542800006f280000
e9280000032900003f2900004b29000092290000982900000b2a0000ce2c00003b2d0000012f0000342f0000be2f0000
ed2f0000d0330000df330000253400003f340000733400009e3400001b3500003f350000d3350000e2350000fe350000
4236000016380000ee380000d13e0000664000001700000042000000ec00000056010000ac010000b1010000ce010000
e8010000fa0100008f020000ed0200005f030000810500004b060000b4070000f0070000b60900007c0b00009a0b0000
3b0d000073110000251500008015000089150000b216000013200000b2220000172700001d2700007c270000c1270000
57280000ed280000eb000000650100007301000092010000d9010000e50200008f030000f103000022050000c0050000
f7050000b6060000c3060000ff0600008408000091080000cd08000073090000cb090000260a0000840a0000aa0a0000
e10a0000ca0b0000d20c0000d70c0000f60c0000010d00000c0d0000210d0000500d00008a0d00008b0d0000c70d0000
ce0d0000d60d0000d70d0000ef0d0000270e0000280f0000770f0000fb0f0000041000005e10000068100000d1100000
5b110000611100008611000095110000a8110000c711000010120000b0120000f41200004d1300005b130000b0130000
4c140000561400005a140000b2140000f2140000431500008c150000761600009f160000a2170000ef1a0000791b0000
411d00007e1d0000941d0000981d0000c91d0000d31d0000d11e0000061f0000891f0000921f0000f91f000018200000
1d200000652000006d200000b3200000232100008c210000d6210000f52100004022000048220000fd22000005230000
b7240000882500000f2700008f27000099270000a0280000a828000095290000b3290000f9290000cb2a0000202b0000
3a2b00000a2c0000282c0000a52c0000a32d00002c2f0000762f0000d63300000b3400003835000082350000df380000
4c3b0000733b0000aa3b0000b53c0000d93d0000863e000099410000941500008f170000ab170000c617000028260000
70380000733f00006c150000ae170000c22300000b000000c6000000e9020000190300007605000039080000a2010000
200300003c030000fc0500005f0600004407000012090000620b0000790b0000121500005915000099150000a1160000
ba1600003c170000b0170000641d0000c01d00007a2a0000e92b0000dd2c0000773400002e3c0000fd02000036030000
1a0500001f0500002c0500004806000050060000c00800001b090000300900006a0900002e0b00005f0b0000730b0000
8d0b0000f20b00006e0c0000490d0000d00f0000721100007811000032130000b2130000221500008815000094150000
c4150000251600002f160000b1160000b4160000cd160000ee160000fd160000541700008f170000a4170000ab170000
c6170000221f0000a221000089220000d4250000282600003227000070270000542800006f280000e928000003290000
3f2900004b29000092290000982900000b2a0000ce2c00003b2d00003f2d0000cc2d0000be2f0000ed2f0000df330000
3f340000733400009e340000d3350000e235000030360000423600001638000070380000d3390000d13e0000733f0000
66400000f200000096010000fa0100008f020000e6020000ed020000000300005f0300004b060000770900007c0b0000
9a0b00003b0d000073110000251500006c1500008015000089150000b2160000ae17000013200000b2220000c2230000
172700001d2700007c270000c127000057280000ed280000380d0000b70d0000f50d0000491000000511000045120000
2d1400003a14000075140000381500007b1500007f15000027160000251700005f170000ba170000f1170000591a0000
611a00002a230000902300009a230000be230000fa24000067260000b0260000ce2600000f270000b92f0000ae3a0000
3e3d00001e40000026000000920000009b000000c3000000f80000005c010000a201000048020000c5020000d1020000
e4020000e8020000180300003c030000a90300002305000086050000aa050000fc05000049060000550600005f060000
7c06000084060000ba0700001c080000380800006f0900009f090000fa090000340a00004e0a0000790b0000920b0000
b10b00001d0c0000610c0000730c00003211000027150000591500009915000093160000a1160000ba160000b0170000
641d0000c01d00008f2200009722000094240000682500007a2a0000e92b0000772c0000d32c0000dd2c0000532f0000
bf330000773400005e350000143b0000460400008c040000a70a0000de0a0000770e0000f40e00003b0f000058130000
871300009d130000ad130000c0130000e3130000f01300000816000032160000871700009f1700006c1b0000a51b0000
b41c0000ba1c0000ec1c000084200000aa200000cc210000e8210000ec2100008c290000a6290000703600007d360000
f2360000ff360000083700000c3700001537000021370000273700005f37000063370000bf370000c2370000cf370000
ee370000f7370000fb3700008d38000096380000703b0000a73b00004c3c0000653c0000993c0000b23c0000c53c0000
ef3c0000fd3c0000673d0000813d0000c03d0000d63d0000e33d0000f03d00007c3e000037010000c1010000c3060000
ff060000aa0a0000e10a0000170d00009a0d0000bb100000e5100000101200001412000031120000a0130000f1130000
6015000084150000661600007616000088170000a2170000da1a0000b71c0000092000000a200000f5210000f6210000
5a270000a8280000b32900000803000044070000620b0000371c00003d2000001d22000089010000fd02000052030000
1a0500002c05000048060000500600006a0900008e090000ca0a0000370b00005f0b00008d0b0000fa0b0000a50d0000
72110000d21100001a120000df120000e9120000f7130000cd160000f1160000ab1700007d1b00002c1c00003d1c0000
4a1c00006e1c0000f51c0000731f00007f1f00000f2000003a200000cd200000132100006b210000f82100001c220000
79230000b5230000cb2500007b2b0000d82b0000ce2c00003b2d00001c2f0000492f0000223500004a35000098360000
3c3700009f370000aa3700000d38000008390000b4390000eb3e0000ee4000002b41000091080000cd0800009b0c0000
130d0000420d0000450d0000970d0000b8100000d1100000d4100000e2100000341200005b1300008c130000b0130000
c1130000e71300008415000076160000e5160000a2170000db1a0000231b0000bb1c0000f11c0000e11f0000d6210000
51270000a02800009529000012090000fa1400003c170000f31a0000051c0000c71c0000f1020000ee1a000001010000
99020000ed0200004b060000770900009a0b0000710c0000390d00004a0d00008d0d000073110000e312000025150000
4615000097150000ae170000d21a0000f01a0000fd1a0000001b0000341b00006f1c0000f91c00009322000073010000
d9010000c3060000ff06000091080000cd080000aa0a0000e10a0000d70c0000260d00002a0d0000500d0000540d0000
9e0d0000a10d0000b8100000bb100000d1100000d4100000e2100000e510000010120000141200003112000034120000
5b1300008c130000a0130000b0130000c1130000e7130000f1130000641500008c1500006616000076160000e5160000
88170000a2170000e11a0000e21a0000271b0000b71c0000bb1c0000f11c0000f91f00001820000019200000d6210000
f5210000f62100008f27000099270000a0280000a828000095290000b3290000733b0000aa3b0000a13c0000b53c0000
c63c0000f43c0000fe3c0000c13d0000d93d0000863e0000200300004407000012090000620b0000121500003c170000
f71a0000051c0000371c0000c71c0000412000001d2200002e3c0000233e00001f05000048060000c00800001b090000
300900006a0900008d0b00006e0c0000490d0000d00f000072110000781100003e120000df12000032130000b2130000
2215000094150000c4150000fd160000541700008f170000ab170000c6170000d11a0000fc1a00002f1b00007b1b0000
871b0000c61b00006e1c0000711c0000b01c0000cf1c0000dc1c0000f51c00001a1d0000221f0000a2210000ae210000
892200001c260000282600000b2a00003f2d0000cc2d00007e2e0000a52e0000df3300003f3400003036000042360000
de3700006438000070380000d3390000403a0000733f0000b03f000066400000f200000096010000fa010000e6020000
000300005f0300004b060000770900009a0b00003b0d00008c0d0000a90d000073110000e31200006c150000ae170000
57180000f11a00006f1c0000f91c0000132000003b2000007d230000c2230000580d00001b0e0000d30e0000fe0e0000
740f00005d1000004a12000057120000ba120000c0120000c413000005140000391400004a1400009514000040150000
e71500000917000073170000491f00009b2100000b230000ea2500003b270000cd270000f12700005d28000073280000
4c290000af290000aa2a0000c22f0000f82f0000be360000ca360000d73700002f3800009b390000de390000393f0000
9c4000004f0100008d0100005f020000f803000062040000c3040000d40400001806000020060000ad070000cd070000
6e090000900900009f0a0000ce0a00001d0b000036100000db110000e71100003712000068150000011600000d160000
1d170000201700008c170000e61a0000291c0000461c00004a1c0000651c0000c11c0000f51c0000731f000079230000
7b2b0000b62c00002c2d00003e33000093330000a1360000b5360000a7370000aa3700000a390000e83900003b3a0000
2b410000b4270000542800002629000063290000e229000079380000043b0000e5010000520300007404000095040000
b3090000bb090000ee0a0000370b00008d0b0000fa0b0000361000003712000068150000011600000d1600001d170000
201700008c170000e61a0000461c00004a1c0000651c0000c11c0000f51c0000731f00008f21000079230000cb250000
b4270000542800002629000063290000e22900007b2b0000b5360000a7370000aa370000d33700000d38000079380000
14390000e83900003b3a0000043b0000eb3e00002b410000e7000000020100004b02000019060000b007000078090000
820c0000b00c0000870d0000910d0000371000005d1500001e170000ce1a0000001b0000201b0000341b0000f91c0000
10270000352700005728000056020000e7090000a21a0000b901000099020000b60900009a0b0000870d0000910d0000
371000005d1500001e170000001b0000201b0000341b0000f91c0000d81f000093220000102700003527000057280000
eb000000210100006e010000ab0100005b030000f10300006f040000c8050000000600006a060000bd0600008c080000
6c090000860900009c0a0000960b0000850c0000c90c0000010d00000c0d0000210d0000380d00003e0d0000860d0000
8b0d0000940d0000a00d0000b70d0000bb0d0000c50d0000d80e0000280f0000041000003a100000491000004d100000
e41000005b11000061110000931100003312000077120000b0120000e1120000e712000035130000ed1300003a140000
3d140000621400007514000086140000ac1400005b1500007f150000ab150000ff150000271600001517000034170000
c217000031190000d51a0000df1a00001b1b0000631c0000b11c0000071d00003a1d0000651d0000b91d0000c91d0000
d31d0000891f0000921f0000102300002a2300002b2300007c230000e02400008e25000067260000682600000f270000
7b2a0000d02b00000a2c0000282c0000e82c00009f2f0000d633000088350000b738000037390000cb390000ae3a0000
af3a0000653b0000fa3c000099410000e40200008e030000ca090000250a0000c90b0000d9190000ed1a0000121b0000
f61c0000101d00003d1d0000872300008f260000ee290000de380000d63a0000380d0000b70d0000d60d00003a0e0000
49100000cd1200001c1300003a14000069140000751400006d1d00002a2300006726000025270000492700008f270000
99270000df2700006b280000a0280000a82800005b29000095290000b32900008a2a000055390000ae3a0000eb3a0000
863e0000f80000005c0100004f0200006402000076020000ca0400001d06000015070000ba070000fa0800006f090000
9f090000e4090000ec0900001e0b0000730c000032110000d9190000aa1a0000b91a0000ed1a0000121b0000571c0000
911c0000f61c0000101d0000872300008f260000bf330000c1380000d63a0000e93b0000ad130000201400005c170000
e82100002e280000bf2900000c3700002f3700004f370000f73700009f380000b23c0000313d0000a03e0000c43e0000
e60d000005110000101200002d14000009200000f521000060270000ae280000c22900003a0100006e020000c6060000
19070000c30a0000230b0000371c00003d2000001d220000890100006b030000a10400005d0500006a0900008e090000
ca0a0000400b0000a60b0000030c0000a50d0000d21100005a120000df120000e9120000f71300003c140000e5180000
2c1c0000511c0000031d0000551f0000771f00005c20000024220000372200005b22000021230000802300005e240000
dd25000003260000b32a00007f2b000098360000cd3600009f370000b13700001f3800004938000008390000b4390000
f73e0000ff3f00009d4000003b410000420d0000d110000045120000b01300002a1500005f17000060270000ae280000
c229000098080000fe0800008e0c000036130000b41a0000f31a0000051c0000a11c0000c71c0000fc00000050020000
ee1a0000010100009e02000077090000a90b0000710c0000600d00008d0d0000120e0000e31200004314000042180000
d21a0000031b00003f1b0000041d000044220000c122000036230000f1040000c0080000390900006a090000a60b0000
6e0c0000080e0000d00f00003e120000df12000032130000001400003c1400008f140000d11a00003e1b00008b1b0000
b21b0000c61b0000b01c0000e31c0000031d0000211d0000341f00005a1f0000b621000037220000be22000033230000
e5230000fe250000202600001c2a00000f2b00003f2d0000cc2d00007e2e0000a52e00004b360000e437000044380000
68380000223f0000c03f0000724000007a410000f200000096010000000200006e03000077090000a90b00008c0d0000
a90d0000af0d0000e31200004314000058180000041d0000891d000069200000442200002523000081230000500d0000
f50d0000d1100000051100001012000045120000b01300002d140000381500005f17000018200000f52100009e270000
ae280000c2290000b53c00003e3d0000a33e00007a0100007a020000c60600001907000098080000fe080000c30a0000
230b0000cc0c000036130000c01a0000f71a0000051c0000371c0000a11c0000c71c0000412000001d2200008c3b0000
ee3b0000233e0000df0d0000050e0000db0e00006e0f0000830f00005d100000631000001f1200005f120000ba120000
fd13000029140000391400004a1400008e140000d9160000411f0000022000009120000004210000f1210000f5220000
f2250000b5270000d3270000492800005d2800002a29000064290000e3290000a32a00009e2d00002b2e00000d2f0000
3f2f0000d3360000383800007d380000053b0000213f0000b44000000a040000c504000018060000ad070000b5080000
c4080000030900006e090000810c0000ab0c0000900d0000500e0000d70f0000361000003c1000003c11000038130000
73130000e613000003160000ea1600001d170000c91a00001f1b00002f1b00005d1b0000a01b0000de1b0000331c0000
5a1c0000a81c0000dc1c0000ef1c0000f51c00001a1d00001c260000462d0000852d0000e12d00000d2e00008c2e0000
b92e0000ca330000193400002836000064380000303a0000b03f0000e4000000f300000052010000970100004a020000
6002000019060000b007000078090000880d0000371000005c150000691500001e17000057180000ea1a0000f91c0000
7d230000eb0000006e01000092010000ab010000ae020000f10300006f040000c0050000f705000030060000bd060000
8c080000730900009c0a00008f0b0000e00b0000c90c0000f60c0000010d00001d0d0000340d0000380d00003e0d0000
860d00008b0d0000a00d0000a80d00000d0e0000150e0000340e0000d80e0000280f0000fb0f00000210000011100000
231000002610000039100000461000007610000087100000e41000005c1100006f11000083110000bd11000033120000
e212000035130000ed1300004014000044140000631400005b1500007b1500007f150000ff1500002716000025170000
ba170000f1170000591a0000611a0000df1a0000e91a0000461b0000d01b0000761c00008b1c0000b11c00000b1d0000
7d1d0000841d0000851d0000ad1d0000e2220000902300009a230000be230000fa24000048260000b0260000ce260000
0f270000c72a0000072b0000082b0000722b0000a52c00006a2d00008f2d0000b12d0000c22d0000b92f000001340000
293a00008f3a0000653b0000fa3c00001e40000032270000542800006f2800004b29000092290000be2f0000ed2f0000
17270000c1270000572800005202000087020000e7090000d1020000e4020000fa090000b10b0000610c0000ed1a0000
321b0000d21b0000e41b0000f81c0000b41d00008f22000094240000972b0000922e0000532f00007c040000dd080000
30090000b30900008d0b0000900d0000361000003c100000e613000003160000ea1600001d1700001f1b00002f1b0000
a01b0000de1b0000331c0000dc1c0000ef1c0000f51c00001a1d0000221f0000d51f000074200000f8200000d2210000
892200001c26000032270000542800006f2800004b290000922900000b2a0000852d00000d2e00008c2e0000b92e0000
012f0000342f0000be2f0000ed2f00004236000064380000b03f000066400000b1010000e8010000fa0100005f030000
b60900009a0b0000880d0000371000005c150000691500001e17000057180000ea1a0000f91c00007d23000017270000
c127000057280000380d0000ce0d0000d60d00000d0e00002310000076100000f4120000401400005a140000f2140000
841d0000fd220000b7240000252700008f27000099270000bd270000df270000632800009a280000a0280000a8280000
95290000b3290000072b0000b12d0000762f0000e72f0000863e0000f8000000990100004f0200007602000086020000
ca0400001b0600002906000015070000b6070000e7070000fa0800007a090000e60900001e0b0000ae0c0000dd0f0000
b91a0000cc1a0000ed1a0000321b0000c41b0000d21b0000e41b0000911c0000f81c0000b41d0000972b0000bf2c0000
4c2d0000922e0000e93b0000460400008c040000a70a0000de0a0000770e000058130000ad130000321600009f170000
84200000cc210000e82100008c290000a6290000703600007d360000f23600000c37000063370000ee370000f7370000
8d38000096380000703b0000a73b00004c3c0000653c0000b23c0000d63d0000f03d00007c3e000037010000c1010000
c3060000ff060000aa0a0000e10a0000101200008415000076160000a217000009200000f52100005a270000a8280000
b32900002f0d0000df0d00001b0e0000490f00006e0f0000830f0000011000005d10000063100000fe11000064120000
a7120000a413000005140000291400004a1400005314000095140000d9160000d21800004e1f00005e1f0000b7210000
38220000142300003c2300000e24000032240000ea250000b02a0000132b00009e2d00002b2e0000a4360000d8360000
e53700002f3800008d390000393f0000c24000007b4100000803000044070000620b0000f1160000ab1700007f1f0000
b5230000d82b00003c370000ee400000ad130000321600009f170000e82100008c290000a62900000c37000063370000
f73700008d38000096380000b23c0000d63d0000f03d00007c3e0000101200008415000076160000a217000009200000
f52100005a270000a8280000b329000089010000fd020000520300001a0500002c05000048060000500600006a090000
8e090000ca0a0000370b00005f0b00008d0b0000fa0b0000d2110000cd160000f1160000ab1700007f1f0000b5230000
cb250000d82b0000ce2c00003b2d0000983600003c3700000d38000008390000eb3e0000ee40000091080000cd080000
9b0c0000420d0000d11000005b130000b01300008415000076160000a2170000e11f0000d621000051270000a0280000
9529000012090000fa1400003c170000f10200004615000097150000ae170000420d0000d1100000b013000084150000
76160000a217000051270000a0280000952900000101000099020000ed0200004b060000770900009a0b0000710c0000
251500004615000097150000ae17000093220000090d0000240e0000050f0000740f0000b30f0000011000000a100000
5d1000000b1200004a1200005f1200008a1300000a1400004a140000531400009b14000040150000e715000009170000
73170000121e0000411f00005d200000f120000025220000382200005c220000f5220000f725000007260000a32a0000
632d0000ef2d0000be360000d33600003d3800004d380000de390000473f000000400000b4400000941500008f170000
ab170000c61700002826000070380000733f00006c150000ae170000c2230000380d0000b70d0000f50d000049100000
05110000451200002d1400003a14000075140000381500007b1500007f15000027160000251700005f170000ba170000
f1170000591a0000611a00002a230000902300009a230000be230000fa24000067260000b0260000ce2600000f270000
b92f0000ae3a00003e3d00001e40000073010000d9010000c3060000ff06000091080000cd080000aa0a0000e10a0000
d70c0000500d0000d1100000101200005b130000b01300008c15000076160000a2170000f91f000018200000d6210000
f52100008f27000099270000a0280000a828000095290000b3290000733b0000aa3b0000b53c0000d93d0000863e0000
200300004407000012090000620b0000121500003c1700002e3c0000500d0000d110000010120000b01300008c150000
76160000a217000018200000f52100008f27000099270000a0280000a828000095290000b3290000b53c0000d93d0000
863e00001f05000048060000c00800001b090000300900006a0900008d0b00006e0c0000d00f00003213000022150000
94150000c4150000fd160000541700008f170000ab170000c6170000221f000089220000282600000b2a00003f2d0000
cc2d0000303600004236000070380000d3390000733f000066400000f200000096010000fa010000e602000000030000
5f0300004b060000770900009a0b00006c150000ae170000c2230000380d0000f50d00000d0e00002310000076100000
05110000451200002d14000040140000381500007f150000ab1500002716000015170000341700005f170000c2170000
841d0000b91d0000c91d0000d31d0000891f0000921f00000f270000072b0000d02b00000a2c0000282c0000b12d0000
cb3900003e3d000099410000460400003c050000a70a0000590b0000770e00005813000020140000bb15000044170000
5c170000be200000012200008c290000a62900007036000092360000f23600002f370000493700004f37000000380000
8d38000096380000703b0000253c00004c3c00008d3c0000313d0000653e00006d3e00007c3e00009108000013090000
9b0c0000e60d0000051100005b1300002d140000fe140000471700002220000040210000042200005a270000a8280000
b32900005f000000c40100006a020000860600000207000015070000f708000016090000500a0000eb0a00001e0b0000
0115000051170000b01a00009c1c000063270000b1280000db2900003f000000e5010000520300009a030000b3030000
0a0400007404000095040000f70400001f0500007e0500009305000048060000a60700007d080000b2080000c4080000
1b09000027090000410900006e090000b3090000bb0900004b0a0000ee0a0000370b0000730b00008d0b0000be0b0000
fa0b0000810c0000b30c0000310e0000500e0000d70f00003f110000501300007313000011140000601400009e140000
22150000c4150000fd16000054170000d51800004a1c0000f51c00002b1f00002f1f0000631f0000731f00008f210000
ba2100003b220000a5220000a92200004623000079230000dc2300003c240000cb250000ed250000b427000054280000
2629000063290000e2290000132a0000152a0000162b00007b2b0000612c0000fd2c0000462d0000e12d0000cd330000
21340000303600003936000053360000aa370000d3370000e83700000d380000323800007938000014390000d3390000
043b0000eb3e0000603f00004c400000814000002b4100007c410000c9080000e01f0000d52100006600000008030000
8d06000044070000c9080000f7080000160900005a0a0000620b00000115000051170000b01a00009c1c0000e01f0000
d521000063270000b1280000db2900007c040000b10500009d080000dd08000027090000b3090000730b0000ed0c0000
7f1200007b1300002b1f0000d51f00005c20000074200000f8200000d221000024220000372200005b220000a5220000
03260000132a0000012f0000342f000009360000393600004938000073390000ff3f00004c4000003701000009030000
c306000045070000aa0a0000630b0000451200002a1500005f17000022200000402100000422000051270000a0280000
952900006a000000670200000a030000910600001207000046070000d2080000fa080000690a0000130b0000640b0000
ad1a0000911c0000e21f0000d721000052270000a12800009629000020000000b6010000450200004c020000f2020000
1c2700001d000000c7000000d5000000f30000004c01000097010000b9010000f10100000402000099020000e6020000
000300004003000088030000810500004b060000aa07000078090000b60900007c0b00009a0b0000c30b0000b40d0000
64140000001b0000341b0000f91c00008d1d0000d81f00006a2000004522000093220000022300001027000035270000
57280000bd010000fb060000d60a0000a5010000100000000600000037000000f201000041030000760500007d0b0000
66000000bd010000670200000a0300008d060000fb0600001207000046070000120900005a0a0000d60a0000130b0000
640b0000fa1400003c17000052270000a12800009629000029000000a501000045020000f1020000f20200001c270000
d10000000d010000b1010000e8010000f101000040030000b4050000b60900007c0b0000421800004422000036230000
080000002b00000076000000c8000000f2010000a5020000410300008b0500007a0700007d0b0000c20b000094220000
bd000000470100008d010000fd02000036030000830300009f030000db030000f8030000620400007c040000a4040000
1a0500002c0500006a0500007e0500004806000050060000a6070000ca07000068080000dd080000300900004e090000
6e09000090090000b30900006d0a0000870a0000ce0a00002e0b0000480b00005f0b0000730b00008d0b0000be0b0000
f20b0000070c0000db110000ea1100006b12000060140000cd1600002f1b0000dc1c0000f51c00001a1d0000171e0000
221f0000441f0000d51f00006020000074200000f2200000f8200000d2210000282200003b2200005d22000089220000
f8220000d4250000d82500000c2600001c26000032270000542800006f2800004b290000922900000b2a0000a42a0000
ce2c00003b2d0000012f0000342f0000be2f0000ed2f00003b3300008b330000fe35000042360000a1360000df360000
163800001a3800005238000064380000ee3800000a390000d13e0000063f0000b03f00000140000066400000db400000
1700000042000000e000000002010000b1010000e8010000fa0100008f020000a6020000ed0200005f03000081050000
4b060000aa07000078090000b60900007c0b00009a0b0000c30b0000820c0000b60c0000650d0000350e000064140000
251500004518000057180000f91c000045220000b2220000b3220000472300007d23000017270000c127000057280000
0b000000c600000092020000760500007d0b0000da22000026000000920000009b000000c300000068010000a2010000
40020000c2020000d1020000d5020000e4020000e80200003c030000a90300002305000086050000aa050000fc050000
5f0600007c06000084060000b70600001908000087080000fa090000fe090000340a00004e0a0000850a0000760b0000
790b0000b10b0000b30b0000120c0000610c0000630c0000de0c0000741300005a1a00006a1a0000641d00008f220000
b5220000d922000093230000a623000094240000a924000073250000b1260000f6260000122700007a2a0000772c0000
dd2c0000532f0000682f000069350000143b00004d3b00001f4000007301000021030000c30600004507000091080000
13090000aa0a0000630b0000d70c0000f50d000005110000451200005b1300002d140000161500003815000047170000
5f1700002a20000040210000042200008f27000099270000a0280000a828000095290000b3290000733b00002f3c0000
3e3d0000683e0000863e00009f000000ac000000de010000730200007602000024030000860600009106000002070000
120700001507000046070000d2080000f7080000fa08000016090000500a0000690a0000eb0a0000130b00001e0b0000
640b00001b15000051170000b91a0000bc1a0000911c00009c1c0000fc1f0000d721000092270000a5270000a1280000
b128000096290000db290000283b0000b43b0000de3b0000e93b0000303c0000873e0000d5010000fb060000c9080000
d60a0000f81f0000d52100009f3b0000a4000000d50100007302000020030000240300008d060000fb06000012070000
4407000046070000c9080000f708000012090000160900005a0a0000d60a0000130b0000620b0000640b000012150000
1b1500003c17000051170000bc1a00009c1c0000f81f0000d521000092270000a5270000a1280000b128000096290000
db2900002e3b00009f3b0000de3b00002e3c0000303c0000873e00000a010000e5010000360300007404000095040000
b1050000cc050000b3090000bb090000810a0000ee0a00002e0b0000730b0000f20b0000f51100005a1f00008f210000
b62100003722000033230000d42500000f2b00007a2c0000072d0000d3370000e43700001638000014390000d13e0000
7a410000d8000000b90100008f020000b4050000b60900007c0b0000fa0c0000891d0000d81f00006920000044220000
b2220000120000002f0000004c000000810000000302000092020000870300008b0500007a0700007d0b0000c20b0000
da220000260000004f000000920000009b00000068010000a201000040020000aa020000e4020000e802000044030000
8e03000092030000a9030000230500008e0500002c0600007c06000084060000b7060000020800004c08000087080000
48090000ca090000cc090000250a0000270a0000340a00004e0a0000850a0000740b00007f0b0000c90b0000cd0b0000
d50b0000de0c0000741300003d1d0000461d0000581d0000cc1d0000df1d00008c1f00009e1f0000e122000047260000
12270000ee290000032a0000362a00000b2c0000502c000062330000ad380000de380000e03800008e3a0000143b0000
4d3b00009a410000460400008c0400003c050000a70a0000de0a0000590b0000770e0000f40e00009c0f000058130000
ad130000c0130000e3130000ea1300002014000024140000bb150000dd15000032160000441700005c1700006f170000
9f170000ad1c0000b41c000084200000aa200000be200000cc210000e8210000ec210000012200002a28000034280000
8c290000a6290000aa290000d7290000703600007d36000092360000f23600000c370000153700002137000024370000
2f37000033370000493700004f3700005837000063370000bc370000bf370000ee370000f7370000fb37000000380000
8d380000963800009a380000a7380000703b0000a73b0000253c00004c3c0000653c00008d3c0000b23c0000c53c0000
ef3c0000f73c0000313d0000353d0000673d0000aa3d0000d63d0000f03d0000653e00006d3e00007c3e0000933e0000
be3e000037010000c1010000c3060000ff0600009108000013090000aa0a0000e10a00009b0c0000450d0000990d0000
e60d0000d4100000e4100000051100001012000031120000461200005b130000c1130000ed1300002d140000fe140000
2d15000084150000761600004717000070170000a2170000da1a0000b71c0000092000002220000040210000f5210000
042200005a2700005b270000a8280000a9280000b3290000b42900000803000044070000c9080000620b0000e01f0000
d521000063270000b1280000db29000089010000fd020000520300007c0400001a0500002c050000b105000048060000
500600009d080000dd080000270900006a0900008e090000b3090000ca0a0000370b00005f0b0000730b00008d0b0000
fa0b0000ed0c0000310e0000d21100005a1200007f1200007b130000111400003c140000601400009e140000cd160000
f1160000ab1700002b1f0000551f00007f1f0000d51f00005c20000074200000f8200000d22100002422000037220000
5b220000a522000021230000b5230000cb250000ed250000032600004527000078270000e5270000fb27000067280000
76280000e9280000062900003c2900004f290000b6290000da290000132a0000b32a0000d82b0000ce2c00003b2d0000
012f0000342f0000c52f000002300000d6350000ed350000093600003936000098360000cd3600003c3700000d380000
32380000493800000839000073390000eb3e0000603f0000ff3f00004c4000009d400000ee4000003701000009030000
c30600004507000091080000cd080000aa0a0000630b00009b0c0000420d0000970d0000e70d0000d1100000e2100000
061100001412000033120000451200005b130000b0130000e71300002e1400002a15000084150000761600005f170000
a2170000d81a0000b11c0000e11f00000a2000002220000040210000d6210000f6210000042200005127000064270000
a0280000b228000095290000dc290000bd010000fb06000012090000d60a0000fa1400003c17000052270000a1280000
96290000a5010000f10200001c270000d1000000010100000d010000b1010000e8010000f101000099020000ed020000
40030000b40500004b06000077090000b60900007c0b00009a0b0000710c0000600d0000b40d0000120e000043140000
64140000251500004615000097150000ae17000042180000442200009322000002230000362300001427000028270000
75270000c227000068280000ed28000073010000d901000021030000c3060000ff0600004507000091080000cd080000
13090000aa0a0000e10a0000630b0000d70c0000500d0000540d00009e0d0000a00d0000f50d0000f60d0000d1100000
d4100000e2100000e410000005110000061100001012000014120000311200003312000045120000461200005b130000
b0130000c1130000e7130000ed1300002d1400002e14000016150000381500003c1500008c1500007616000047170000
5f17000070170000a2170000df1a0000e11a0000b11c0000b71c0000f91f000018200000192000002a20000040210000
d6210000f5210000f6210000042200008f270000992700009a270000a6270000a0280000a8280000a9280000b2280000
95290000b3290000b4290000dc290000733b0000aa3b00002f3c0000b53c0000c63c0000f43c0000fa3c00003e3d0000
3f3d0000d93d0000683e0000863e00009a3e0000d501000020030000fb06000044070000c908000012090000d60a0000
620b0000121500003c170000f81f0000d521000092270000a5270000a1280000b128000096290000db2900009f3b0000
2e3c0000873e00000a010000e50100003603000074040000950400001f050000b1050000cc05000048060000c0080000
1b090000300900006a090000b3090000bb090000810a0000ee0a00002e0b0000730b00008d0b0000f20b00006e0c0000
080e0000d00f0000f51100006b12000032130000001400003c140000601400008f1400002215000094150000c4150000
fd160000541700008f170000ab170000c6170000221f0000441f00005a1f00008f210000b62100003722000089220000
f822000033230000d4250000fe2500002826000070270000b8270000e12700004a28000067280000e928000003290000
2f2900003f2900006529000098290000e62900000b2a0000a42a00000f2b00007a2c0000072d00003f2d0000cc2d0000
d3350000e23500003036000042360000df360000d3370000e43700001638000044380000703800008238000014390000
d3390000063b0000d13e0000223f0000733f000066400000db4000007a410000d8000000f200000096010000b9010000
fa0100008f020000e6020000000300005f030000b40500004b06000077090000b60900007c0b00009a0b0000fa0c0000
650d0000af0d0000350e000043140000641400006c150000ae170000891d0000d81f00006920000044220000b2220000
25230000c22300001d2700002a270000462700007c27000068280000ed2800002f0d0000240e0000db0e0000050f0000
b30f000001100000fe1100001f12000057120000a7120000ba120000a41300000a14000039140000531400009b140000
9d150000ec1500003d16000093170000b4170000ca170000491f0000022000009120000004210000f12100000b230000
f725000029260000aa2a00000d2f00003f2f0000a4360000ca3600003d380000713800008d390000473f00007e3f0000
9c4000003f0000001d0100004f010000e501000052030000560300009a030000b3030000000400001f04000074040000
950400009b0400001f050000540500007e05000093050000c4050000d305000048060000ad070000cd0700007d080000
1b09000027090000b3090000bb0900004b0a00009f0a0000c20a0000ee0a0000370b00003b0b0000730b00008d0b0000
910b0000fa0b0000fc0b0000e7110000f91100005a1200003c14000022150000a7150000c4150000ef15000047160000
fd1600005417000098170000be170000cd170000371b0000df1c0000fc1c00001d1d00002b1f0000551f00008f210000
a522000021230000cb250000e5250000192600002c260000b4270000542800002629000063290000e2290000132a0000
b32a0000612c0000812c0000fd2c00001c2d00003e330000933300003036000039360000cd360000d33700000d380000
2738000061380000743800007938000014390000d3390000043b0000eb3e0000ed3e0000883f0000bb3f00004c400000
9d4000005c20000024220000372200005b2200000326000049380000ff3f0000890100006b030000a10400001f050000
5d050000480600001b090000270900006a0900008e090000ca0a0000400b0000730b0000a60b0000030c0000d2110000
5a1200003c14000022150000a7150000c4150000ef15000047160000fd1600005417000098170000be170000cd170000
371b0000df1c0000fc1c00001d1d00002b1f0000551f00005c20000024220000372200005b220000a522000021230000
dd25000003260000192600002c260000b4270000542800002629000063290000e2290000132a0000b32a000030360000
3936000098360000cd3600001f3800004938000061380000743800007938000008390000d3390000043b0000f73e0000
883f0000bb3f0000ff3f00004c4000009d4000001d000000c7000000e7000000fb000000b9010000f101000099020000
9a020000e6020000000300004003000081050000c50500004b060000b0070000b60900007c0b00009a0b00009b0b0000
b00c0000fb0c0000600d0000120e00004314000070150000bf17000055180000001d0000d81f000093220000db220000
76230000c32300001027000035270000572800004218000044220000362300000600000037000000a502000076050000
c20b00009422000001010000f10100009e020000e602000000030000400300004b060000770900007c0b0000a90b0000
710c0000600d0000120e00004314000070150000bf1700004218000055180000001d000044220000c122000036230000
76230000c3230000102700003527000057280000eb00000021010000650100006e01000092010000ab010000ae020000
d2020000e5020000f10300006f04000022050000c0050000c8050000f705000030060000b6060000bd06000084080000
8c0800006c0900007309000086090000fb090000840a00009c0a00008f0b0000b20b0000e00b0000620c0000850c0000
c90c0000d20c0000f60c0000260d00002a0d0000380d00003e0d0000860d00008a0d0000bb0d0000c50d0000c70d0000
cf0d0000d60d0000d70d00000d0e00003a0e0000d80e0000770f0000fb0f0000231000004d10000076100000b8100000
bb100000931100009511000077120000cd120000f51200001c130000351300004d1300008c130000a01300003d140000
401400004c1400005b140000621400006914000086140000ac140000b2140000f31400007b1500007f15000027160000
25170000ba170000f1170000d2190000591a0000611a0000621a00006b1a00006d1d0000841d00001d20000046200000
b32000003922000053220000ae220000e22200000523000010230000242300002b2300004a230000902300009a230000
9b230000a7230000be2300009f240000c8240000fa240000882500008e250000482600006826000076260000b0260000
ce260000cf260000f72600000f27000021270000d62700008a2a0000072b0000a52c0000b12d00005e2f0000872f0000
b92f00008235000088350000b7380000553900008f3a0000af3a0000bd3a00004c3b0000653b0000a13c00001e400000
32400000a2010000aa020000d1020000e40200002c060000fa090000740b0000b10b0000d50b0000610c00005a1a0000
6a1a00008f220000e122000093230000a62300009424000047260000b1260000f626000012270000532f00008e3a0000
1f400000500d0000ce0d0000d60d0000d110000010120000f4120000b01300005a140000f2140000d2190000591a0000
611a0000182000001d20000046200000b3200000f52100003922000053220000fd2200004a230000902300009a230000
b724000076260000b0260000ce2600000f270000762f0000bd3a0000b53c00001e400000260000004f00000092000000
9b0000007a010000a2010000b501000048020000aa020000b3020000c5020000e40200008e030000a903000079040000
8e0500002c060000350600007c06000084060000c60600001c0800009808000048090000ca090000250a0000340a0000
4e0a0000c30a0000740b0000920b0000bf0b0000c90b0000d50b0000ea0b00001d0c0000cc0c0000361300005a1a0000
6a1a00003d1d000097220000e1220000e522000093230000a6230000682500004726000049260000b1260000f6260000
12270000ee2900005e350000ad380000de3800008e3a0000903a0000143b00008c3b00001f400000201400005c170000
be200000012200008c290000a62900002f3700004f370000003800008d38000096380000313d0000653e00006d3e0000
7c3e0000e60d0000051100002d1400002220000040210000042200005a270000a8280000b329000066000000c4010000
6a020000080300008d060000020700001507000044070000c90800005a0a0000eb0a00001e0b0000620b0000e01f0000
d521000063270000b1280000db290000e5010000520300007404000095040000f1040000b10500009d08000039090000
b3090000bb090000ee0a0000370b00008d0b0000a60b0000fa0b0000ed0c0000310e00007f1200007b13000011140000
601400009e140000f1160000ab170000d51800004a1c0000f51c0000341f0000631f0000731f00007f1f00008f210000
ba2100003b220000be2200004623000079230000b5230000e52300003c240000cb250000ed250000b427000054280000
2629000063290000e22900001c2a0000162b00007b2b0000d82b0000093600004b3600003c370000aa370000d3370000
e83700000d38000032380000793800001439000073390000043b0000eb3e0000603f000072400000ee4000002b410000
7c410000451200002a1500005f17000022200000402100000422000051270000a02800009529000066000000bd010000
8d060000fb060000d2080000fa080000120900005a0a0000d60a0000fa1400003c170000ad1a0000911c0000e21f0000
d721000052270000a12800009629000029000000a5010000b60100004c020000f10200001c270000d10000000d010000
b901000000020000990200006e030000b4050000b60900009a0b0000a90b0000b40d0000641400004615000097150000
ae170000001b0000341b0000f91c00008d1d0000d81f00006a2000004522000093220000022300001027000035270000
572800000a0100006b0300007c040000a10400005d050000b1050000cc050000dd08000030090000b3090000810a0000
400b00008d0b0000a60b0000030c0000f51100006b12000060140000941500008f170000ab170000c61700002f1b0000
dc1c0000f51c00001a1d0000171e0000221f0000441f0000d51f00006020000074200000f2200000f8200000d2210000
282200003b2200005d22000089220000f8220000dd2500000c2600001c2600002826000032270000542800006f280000
4b290000922900000b2a0000a42a00007a2c0000072d0000012f0000342f0000be2f0000ed2f000042360000df360000
1f380000523800006438000070380000f73e0000733f0000b03f00000140000066400000db400000d8000000b1010000
e8010000fa0100009e0200005f030000b4050000b60900009a0b0000a90b0000fa0c0000650d0000350e000064140000
6c150000ae1700004518000057180000f91c000045220000c1220000472300007d230000c223000017270000c1270000
57280000f50d000005110000451200002d140000381500005f1700002a20000040210000042200008f27000099270000
a0280000a828000095290000b32900003e3d0000683e0000863e0000a4000000d5010000de0100007602000020030000
8d060000fb060000020700001507000044070000c9080000d2080000fa080000120900005a0a0000d60a0000eb0a0000
1e0b0000620b0000121500003c170000b91a0000911c0000f81f0000fc1f0000d5210000d721000092270000a5270000
a1280000b128000096290000db2900002e3b00009f3b0000b43b0000e93b00002e3c0000873e0000090d0000580d0000
050e0000d30e0000fe0e0000490f0000011000000a1000000b12000064120000ba120000c01200008a130000c4130000
fd13000039140000531400008e14000010160000f5160000b41700004e1f0000801f00009b21000014230000b6230000
0e2400008a240000f2250000b02a0000d92b0000632d0000ef2d0000d836000040370000d7370000383800009b390000
213f0000c2400000f9400000bd000000fd020000360300009f030000db030000020400007c040000ed0400001a050000
2c0500007e050000c40500004806000050060000ad07000068080000a6080000b5080000dd0800003009000034090000
4e090000b30900006d0a00002e0b00005f0b0000730b00008d0b0000910b0000f20b0000ab0c0000f10c0000080e0000
930e00003c11000081120000381300007f130000001400003c1400008f14000015160000cd160000fa160000be170000
4d1c0000fc1c0000221f00003c1f0000701f0000831f0000d51f000074200000f8200000d221000089220000d6220000
71230000b9230000f22300008b240000d4250000fe25000032270000542800006f2800004b290000922900000b2a0000
202a0000782b0000da2b0000ce2c00003b2d0000012f0000342f0000be2f0000ed2f0000ca33000019340000fe350000
12360000423600004636000045370000ad3700001638000044380000ee38000075390000d13e0000223f000066400000
6840000003410000364100001700000042000000e4000000fa0000001e01000052010000b1010000e8010000fa010000
fb0100008f020000ed0200005f0300006003000081050000c50500004b060000b0070000b60900007c0b00009a0b0000
9b0b0000af0d0000431400002515000049150000a8150000bf170000021b00003b1b0000001d0000b222000025230000
17270000c127000057280000eb00000021010000650100006e01000092010000ab010000e50200005b0300008f030000
f10300006f04000022050000c0050000c8050000f7050000000600006a060000b6060000bd060000840800008c080000
6c0900007309000086090000cb090000260a0000840a00009c0a0000960b0000ca0b0000850c0000c90c0000d20c0000
f60c0000260d00002a0d0000380d00003e0d0000860d00008a0d0000b70d0000ce0d0000d60d0000d70d0000150e0000
200e0000340e00003b0e0000d80e0000770f0000fb0f0000261000004910000087100000b8100000bb10000083110000
85110000bd110000c311000077120000ce120000f41200001d130000351300004d1300008c130000a01300003a140000
441400004f1400005a140000631400006a14000075140000f21400007f150000ab150000271600001517000034170000
c2170000411d0000651d0000711d00007b1d00007d1d0000851d0000981d0000b91d0000c91d0000d31d0000d41d0000
e01d0000061f0000891f0000921f0000931f00009f1f00001d20000065200000b32000002321000040220000fd220000
2a230000b7240000672600000f27000021270000d6270000f92900007b2a00009b2a0000c12a0000c72a0000082b0000
3a2b0000d02b00000a2c0000282c0000292c0000512c0000a52c0000e82c0000c22d00002c2f0000762f000001340000
07340000b7380000df38000056390000cb390000ae3a00004c3b0000653b0000a13c000099410000ad4100005a1f0000
b621000037220000332300000f2b0000e43700007a410000891d000069200000442200000b000000c600000003020000
8703000076050000c20b0000a2010000e40200003c0300008e030000fc0500005f060000ca090000250a0000790b0000
c90b00003d1d0000641d0000cc1d0000df1d00008c1f00009e1f000012270000ee2900007a2a00000b2c0000502c0000
dd2c0000de3800009a410000fd02000036030000f10400001a0500002c0500004806000050060000c008000039090000
6a0900002e0b00005f0b0000730b0000a60b0000f20b00006e0c0000080e0000d00f000032130000001400003c140000
8f14000015160000cd160000fa160000be1700004d1c0000fc1c0000341f00005a1f0000701f0000831f0000b6210000
37220000be2200003323000071230000b9230000e52300008b240000d4250000fe25000032270000542800006f280000
4b290000922900001c2a00000f2b0000782b0000da2b0000ce2c00003b2d00003f2d0000cc2d0000be2f0000ed2f0000
4b36000045370000ad370000e43700001638000044380000d13e0000223f00007240000003410000364100007a410000
f200000096010000000200008f020000ed0200006e0300004b060000770900007c0b0000a90b0000af0d000043140000
2515000049150000a8150000bf170000021b00003b1b0000001d0000891d00006920000044220000b222000025230000
17270000c127000057280000500d0000d60d00003a0e0000d110000010120000cd1200001c130000b013000069140000
6d1d0000981d0000c91d0000d31d0000061f0000891f0000921f0000182000001d20000065200000b320000023210000
f5210000402200000f2700008a2a00003a2b00000a2c0000282c00002c2f000055390000b53c00009941000026000000
920000009b000000c30000007a010000a2010000b501000048020000d1020000e40200003c0300006203000086030000
a90300007904000086050000aa050000fc050000030600005f060000740600007c06000084060000c606000005080000
5708000098080000fa090000340a00004e0a0000c30a0000790b00009d0b0000b10b0000c10b0000610c0000cc0c0000
36130000551d0000641d0000681d0000cc1d0000df1d00008c1f00009e1f00008f22000094240000122700002b2a0000
7a2a00007c2a00000b2c0000502c0000772c0000dd2c0000f22c0000532f00006d330000143b00008c3b00009a410000
d30e0000e40e0000490f0000ac0f0000bf100000e010000018110000b4120000cf1400001016000036160000e2170000
021e00003b1e00008a2000000c2100002b2500005d250000df2a0000152f0000382f0000d93000001031000045310000
5b31000067310000203200002d320000a7320000db3200007d390000693d0000713d0000db3d0000403f0000773f0000
92400000732200003725000023320000b3320000ec3f00009e1e00003620000009220000f50d0000db10000045120000
db12000018140000151e0000931e0000a41e0000ae1e00002a200000c1200000112100003c21000040210000fd210000
99270000a02800009e290000592b00001a2f0000432f0000eb300000f7310000083200005e320000a039000045410000
591f00002f22000032230000421800008f1d00009e1e0000591f000054200000092200002f220000443e0000420d0000
d1100000ac130000b013000069140000dd1400001f1e0000421f0000611f0000651f0000921f0000ae200000e0210000
402200004c220000f62200004223000052230000b324000072260000a6260000b9260000e82e0000722f00000b370000
6b3a0000b93a0000b13c0000ca3f0000134000009f030000b0030000c0030000ef0300002b0400007c04000092040000
1a0500001c0500003205000033050000a1050000b0060000e00600004d070000510700005a070000c3090000360c0000
680e00004c110000b3110000b4150000c1150000591600008e160000051700007a200000b1200000b7200000b9200000
28210000432100007821000000250000ba280000c5280000112900007b2900004f2a00006f2c0000fa2c00002e300000
563000005a30000064300000893000009b300000b2300000be300000bf30000081310000a23100001232000031320000
403200005a3200006b32000078320000e3320000ef3200000533000006330000233400005d340000823400004d350000
e435000011390000d0390000f13a0000353c00004d3c0000673c00008c3c00008e3c00006c3e0000d83e00004a400000
9d000000dc0100002802000095060000c406000029070000480700004a070000d0080000e40800003d0a0000e50a0000
f80a0000d80c0000f70d000047120000551300001a1400001715000019150000411700004b17000012180000f8190000
2b20000041210000fe2100009b270000a2270000a3280000a4280000a0290000c7290000a70000007d060000fc060000
5d0a0000fd1f0000c7210000a400000020030000ab030000b503000075040000a30500008d060000a5060000a7060000
b1060000b7060000d0060000fb0600000207000010070000120700005b0700005c07000012090000570a00004f0b0000
420c0000de0c00009c1200006b130000bc1a0000051c0000931c0000f81f0000fc1f0000412000007220000001210000
c2210000c621000014220000782200000125000038250000542a00005b2a0000712c0000ff2c00000a2f0000322f0000
153000001d30000065300000663000008130000079320000b432000065390000fa3e0000f13f00004b4000004d400000
bc00000054010000fc02000014030000350300007a05000047060000b207000034080000af0900006c0a0000ab0a0000
2d0b00005e0b0000660b0000720b0000850b0000a31100003015000060170000211f0000d41f00002520000072210000
d12100000522000088220000312700006f27000053280000e8280000912900009729000036000000c901000075050000
eb070000330a0000d70a00000a000000a60100002400000091000000c2000000d20000000e010000a1010000b4010000
e90100003f020000dc0200003b0300004303000085050000b505000081060000b7090000780b00007e0b0000ae0b0000
ec1a0000312200008e220000372300001d0000003b0000006e000000ec00000038010000b9010000e1010000f1010000
99020000b6020000e6020000ea0200000c0300000e0300004a0300007a0500004706000095060000c406000029070000
480700004a070000b207000034080000d0080000e4080000af0900003d0a00006c0a0000ab0a0000e50a0000f80a0000
2d0b00005e0b0000660b0000720b0000850b0000b70c0000db0d0000ea0d0000a311000047120000551300001a140000
081500001e1500002b150000411700004b17000060170000f8190000491d0000211f0000e41f00001e20000023200000
242000004121000072210000d1210000fe210000052200009d2200001027000014270000542700005627000076270000
ac27000053280000a3280000a4280000e82800009129000097290000a0290000c72900001a3b0000743b0000ae3b0000
c23b0000f93b00002a3c0000323c00002b3d0000643e0000813e0000883e00000600000056000000b3000000a3010000
be010000750500007d060000fc060000eb070000330a00005d0a0000d70a0000e81f0000c7210000133b0000a03b0000
470000005500000048010000d00100000c02000018020000a7030000da030000780400009604000086050000d8050000
fc0500007c060000a7070000f2070000020800004509000047090000bf090000fa090000120a0000320a0000340a0000
3b0a0000610a0000880a0000e70a0000f40a0000f50a0000d40b0000100c000050110000f61700004818000067190000
f41900002b1a00005b210000822100006a25000034260000ed2900001b2b0000862c0000082d0000163500002e350000
6035000055360000ab380000cb380000ed380000153900007b3a0000123b0000d03e0000d23e0000754000006c410000
0f0000002d000000460000005a000000e1000000b2010000f4010000f6010000a20200007303000085050000b5050000
81060000b7090000780b00007e0b0000ae0b0000e70c000043180000d21f000056200000312200009f220000c6220000
73010000d9010000f1030000fa03000019040000eb0400002205000044050000eb050000e7060000ea06000055070000
91080000cd080000a30a0000da0a0000380c00002a0d0000a10d00005a0e0000d40e00004a0f0000ad0f0000a3100000
a9100000b5100000b8100000c0100000d1100000d4100000e1100000e2100000131100001b1100001c11000034120000
b61200009b130000ee130000d0140000641500008c150000ae1500001116000013160000371600004116000052160000
5d16000076160000e5160000851700009b170000e3170000e51700008d1a0000e11a0000b21c00001820000019200000
8b200000b3200000b52000000d21000045210000e0210000e1210000192500002c2500004d2500006025000062250000
99270000a0280000d0280000d42800009e290000e12a0000e82a0000992c0000162d0000162f0000392f000036300000
393000005e30000091300000da30000008310000133100001531000037310000723100009a3100004232000069320000
91320000a8320000cb320000de320000e0320000fb320000093300007f390000da3e0000413f0000783f0000823f0000
953f0000984000009e4000002003000009070000120900004f0b0000420c0000051c0000412000002f21000014220000
782200000125000038250000403000005632000079320000b4320000fa3e0000f13f0000d4010000dc020000c8080000
ae0b0000ec1a0000312200008e22000037230000010100006601000081010000dc0100002402000099020000ed020000
f90200004a030000730400007b040000e3050000440600008508000095080000d0080000e0080000c2090000af0a0000
850b00009a0b0000b50b0000e40b0000f70b00002c0c0000900c0000390d0000430d00008d0d0000a30d0000ae100000
d210000071110000dd12000031130000b11300006b140000df14000046150000aa1700004c1800009b190000f01a0000
001b00006d1c0000f41c0000941f00009b1f00000d20000038200000af2000002721000050210000e221000041220000
4d22000093220000cd2200000623000043230000552300005723000077230000ad230000b824000005250000ca250000
4326000077260000ac260000b2260000bb260000e2260000262b0000912c0000772f0000303200004b3200007d320000
0c3800008a3a0000be3a0000783b0000b63c00001940000020400000740400007c0400008304000092040000cf060000
0f0700005a070000c3090000360c0000b31100009712000059160000712000007a200000b1200000b7200000b9200000
00210000282100004321000078210000732200000025000037250000ba280000c5280000112900007b2900004f2a0000
092f0000312f00001c300000643000008e300000aa300000b230000081310000a2310000123200002332000031320000
403200005a3200006b32000078320000b3320000e3320000ef32000005330000063300005d3400004d350000e4350000
1139000060390000f13a0000673c0000693c00006c3e0000d83e0000ec3f00004a400000dc01000028020000b9060000
0407000029070000d0080000e4080000e50a0000f80a0000db0c0000f70d000047120000601300001a14000012180000
f81900009e1e0000fa1f00002b2000003620000041210000c4210000fe210000092200009b270000a2270000a3280000
a4280000a0290000c729000009010000e401000035030000b0050000af090000b2090000800a0000ed0a00002d0b0000
720b0000850b0000a31100003015000060170000211f0000591f0000d41f00002520000072210000d121000005220000
2f2200008822000032230000312700006f27000053280000e82800009129000097290000d10000002c010000b1010000
b9010000c6010000e1010000f101000099020000b60200004a030000b0050000b90600000407000029070000d0080000
e4080000af090000b2090000800a0000e50a0000ed0a0000f80a00002d0b0000720b0000850b0000e50c0000db0d0000
ea0d0000a311000047120000601300001a1400002b1500006017000042180000f8190000491d00008f1d00009e1e0000
211f0000591f0000d11f0000e41f00001e2000002320000024200000542000004121000072210000c4210000d1210000
fe21000005220000092200002f2200009d2200001027000014270000542700005627000076270000ac27000053280000
a3280000a4280000e82800009129000097290000a0290000c7290000473b0000ae3b0000b63b0000c23b0000f93b0000
2b3d0000443e0000643e0000813e0000883e0000370100000903000045040000680400003b0500003006000063060000
c3060000450700008c080000730900007f0900008c0a0000a60a0000aa0a0000580b0000630b00007d0c00008d0c0000
1c0d00004c0d0000690d0000700d00008e0e0000d60e0000ff0e0000250f00000f100000231000005b1100006a110000
751100008311000096110000c41100004512000073120000c31200002b1300003513000054130000671300008d130000
bd130000cc130000cd1300001814000071140000a71400002a150000fc15000022160000aa160000bb16000025170000
2d170000401700005b1700005f1700001e18000030180000791800007d180000891800000c1a00001f1a0000401a0000
531a0000551a0000591a000022200000bd2000004021000066210000fd2100000022000004220000f42300000f240000
862400008c240000892500005226000051270000a02800008b290000952900009e290000702a0000c92a0000cc2b0000
e42b0000002c0000132c0000e12c0000682d0000f02d000008340000783400001d350000833500006f36000091360000
e33600004e370000ff3700008c380000b03800006f3900009c390000c4390000993a0000553b00006f3b0000243c0000
293d0000633e00007b3e00001d3f0000233f000055400000bc400000f3400000fd400000104100008e410000bd010000
fb060000fa090000120a0000d50a0000d60a0000f61700004818000067190000f41900002b1a000082210000c2210000
ed2900001b2b00002e3500007a360000cb3800009e3b0000754000006c410000a5010000a202000073030000c8080000
ae0b000043180000dd1f00005620000031220000d1000000010100000d01000081010000b1010000e8010000f1010000
9e0200004003000067030000730400007b040000b0050000b4050000330600006e0600002d0700005f07000095080000
9c080000dc08000026090000b2090000b6090000af0a0000720b00007c0b0000a20b0000900c0000e50c0000390d0000
430d0000b40d00002f0e0000d2100000711100007c120000f61200000913000031130000b11300005e1400000e180000
2118000027180000421800004518000052180000551800008c1800008e180000d31900005c1a00005d1a0000351b0000
fa1c0000d11f00000d2000005420000055200000af200000f72000001d210000e22100002f2200003022000044220000
582200009d2200003623000002260000102a0000452a0000762a00008b2a00003b2b0000062c00000c2c0000152c0000
3c2c0000ec2c0000002f0000262f00006930000008360000383600004838000042390000783b0000b63c000094410000
9b41000073010000d901000008040000520400009d040000aa0400000c060000e706000091080000cd080000a8090000
a30a0000da0a000097100000a3100000d1100000f81000008c150000f1150000f9150000761600001a1700009b170000
ce190000901e0000aa1e0000ae1e000018200000e021000099270000a02800009e290000592b0000ae2c0000232d0000
3630000091300000cb300000f73000000332000008320000f7380000e2390000063a0000454100002003000012090000
da0900004f0b0000861e0000ee31000017390000d1100000f81000008c150000f1150000f9150000761600001a170000
9b170000ce190000aa1e0000ae1e000018200000e021000099270000a02800009e290000592b0000f730000003320000
08320000e2390000063a000045410000dc020000c70900003c1d000046150000aa170000a01d00006b1e0000a21f0000
ad2300007b260000c23a0000010100008101000099020000ed020000f90200004a030000a004000044060000e4080000
770900008b090000ce090000d2090000f80a0000850b0000710c0000d111000046150000aa170000441d0000491d0000
a01d00006b1e0000ed1e0000211f0000a21f0000ad2300007b26000097360000bb380000c23a0000c23b000008040000
f4040000c3060000d8060000e40600003d07000045070000d70c0000f50d0000830e0000a61000004512000099120000
db12000054130000181400001615000040170000a3180000d7180000df1800001d190000d71900008d1a0000931e0000
2a200000402100004b210000fd2100004d25000099270000a02800009e290000342e0000582e00002530000033300000
2f310000f731000046320000cb32000062390000a0390000113a0000953f00009f000000de01000076020000a0030000
b10300007d0400009304000026050000a205000091060000b206000012070000460700004e0700005c070000d2080000
fa080000c40900003f0a0000e90a0000150b00003b0c00001b150000c2150000061700004f170000bc1a0000931c0000
2921000002250000a5270000a1280000bb28000080290000d2290000542a0000702c0000fb2c00005730000066300000
323200007a320000e432000012390000d1390000f63a0000dd3e00004d400000fb06000033070000c1190000f81f0000
c22100004c300000fe390000a400000020030000ad030000d6030000260500008d0600009d060000a5060000a7060000
fb0600001207000033070000460700004e0700005c070000120900005c090000da090000570a00004f0b00001b150000
c2150000061700004f170000c1190000bc1a0000931c0000861e0000f81f0000c2210000a5270000a1280000bb280000
80290000d2290000542a00000d300000153000004c300000573000006630000081300000ee310000e4320000e9380000
17390000d1390000fe390000f63a00004d40000015000000ca000000b30100003f02000046020000e702000001030000
430300007b0500004c060000b00900007e0b0000870b0000d91f000096220000112700003627000058280000a1010000
a90200002b060000070000003800000077050000240000004e00000091000000a10100003f020000a9020000dc020000
e702000001030000430300008d0500002b0600004c06000081060000c70900007e0b00003c1d00001127000036270000
582800001d0000003b000000c7000000d5000000f30000001a0100002e010000b9010000e1010000f101000004020000
3902000099020000e602000000030000400300004a03000096030000f2030000730400001e050000240500007a050000
8105000092050000c1050000470600004b060000ba060000a50700007c0800001a090000260900006d09000087090000
af090000b6090000ba090000d0090000860a0000720b00007c0b0000850b00009a0b0000bd0b0000f70b0000650c0000
7f0c0000b10c0000b40d00002f0e000071120000f6120000091300003f1300005e1400001e150000fc16000027180000
001b0000f41c00008d1d0000071f0000941f0000d81f00002f200000af2000008e2100003a2200005422000093220000
9d2200009e22000044230000572300007723000099240000ca25000070260000b2260000bb2600001027000035270000
ac27000053280000572800002529000060290000102a00008b2a0000602c0000582f00002f36000038360000d2370000
0c38000078380000b838000042390000b73a00004f3b0000204000000600000037000000b3000000f20100000d020000
7505000076050000fd050000650800004b090000750b0000d60b0000d122000039260000fb350000803a0000d1000000
0d010000b1010000f1010000b1020000b6020000f0040000b0050000b405000033060000290700009c080000b2090000
020a00002d0b0000720b0000e50c00007c120000421800006c18000038190000b9190000e6190000f8190000d11f0000
542000002f2200009d2200009a2b000008360000c3380000f3390000f93b0000080000002b000000480000004a000000
5700000078000000f20100000d020000a50200007e030000a80300008705000089050000fd0500007e06000078070000
4609000049090000ff090000170a0000350a0000400a0000750b0000b90b0000d60b0000f7170000d122000039260000
ef290000ac380000d0380000803a0000153b000073010000d901000008040000520400009d040000aa040000f4040000
0c060000c3060000d8060000e4060000e70600003d0700004507000091080000cd080000a8090000a30a0000da0a0000
d70c0000540d0000a00d0000f50d0000830e0000dc0e0000f80e0000790f000097100000a3100000a6100000d1100000
e2100000f8100000061100000c1100001c11000014120000331200004512000099120000c9120000db12000054130000
be130000e813000018140000cc140000161500003c1500008c150000e1150000f1150000f91500007616000012170000
1a170000401700006d1700009b170000a3180000d7180000df1800001d190000ce190000d71900008d1a0000e11a0000
b21c0000901e0000931e0000aa1e0000ae1e0000182000002a20000035210000402100004b210000e0210000fd210000
222500004d250000992700009a270000d4270000eb2700008c280000a0280000b2280000e52800009e2900009f290000
e12a0000592b0000ae2c0000232d0000342e0000582e0000db2f0000f22f000025300000333000003630000091300000
cb300000f730000001310000153100002f310000f731000003320000083200003a320000463200009e320000cb320000
f73800006239000095390000a0390000d8390000e2390000063a0000113a00002b3f0000953f00009e40000045410000
20030000fb0600003307000012090000da0900004f0b0000c1190000861e0000f81f0000c2210000a5270000a1280000
bb28000080290000d22900004c300000ee310000e432000017390000fe390000f63a0000a1010000a9020000dc020000
2b060000c70900003c1d0000112700003627000058280000d1000000010100000d01000081010000b1010000f1010000
99020000b1020000b6020000ed020000f90200004a030000a0040000f0040000b0050000b40500003306000044060000
290700009c080000e4080000770900008b090000b2090000ce090000d2090000020a0000f80a00002d0b0000720b0000
850b0000710c0000e50c0000600d00006a0d0000b40d00002f0e000024100000d11100007c120000f612000009130000
3b1400005e1400007614000046150000aa17000027180000421800006c18000038190000b9190000e6190000f8190000
441d0000491d0000a01d00006b1e0000ed1e0000211f0000a21f0000d11f0000542000002f2200009d2200001f230000
ad230000542600007b260000142700002827000042270000432700005627000076270000db2700006428000065280000
a4280000e8280000552900005c29000097290000a02900008b2a00009a2b00000836000097360000bb380000c3380000
42390000f33900009b3a0000c23a0000e73a0000c23b0000f93b0000883e0000f50d000045120000db12000018140000
d7180000df180000d71900008d1a0000931e00002a200000402100004b210000fd2100004d25000099270000a0280000
9e290000f731000046320000cb320000a0390000113a0000953f0000a4000000de0100007602000020030000ad030000
d60300007d040000930400008d0600009d060000a5060000a7060000fb06000033070000d2080000fa08000012090000
5c090000c4090000da090000570a0000e90a0000150b00004f0b00003b0c0000c1190000861e0000f81f000029210000
c221000002250000a5270000a1280000bb28000080290000d22900000d300000153000004c30000081300000ee310000
323200007a320000e4320000e93800001239000017390000fe390000f63a0000dd3e0000240000004e00000091000000
a1010000b301000046020000a9020000dc0200008d0500002b06000081060000b0090000c7090000870b00003c1d0000
d91f000096220000112700003627000058280000d10000000d010000b9010000e1010000000200001502000024020000
990200004a030000730400007b040000b0050000b4050000050600009c080000e0080000af090000b6090000ba090000
850b00009a0b0000a50b0000ec0b0000f70b00002c0c0000e50c0000b40d00002f0e00007c120000f612000009130000
5e14000046150000aa17000027180000001b0000f41c00008d1d0000a01d00006b1e0000071f0000941f0000a21f0000
d81f00002f200000af2000008e2100003a2200005422000093220000ba220000442300005723000077230000ad230000
05250000ca25000036260000702600007b260000b2260000bb2600001027000035270000ac2700005328000057280000
25290000602900008b2a00007d32000008360000d23700000c38000078380000423900007d3a0000b73a0000c23a0000
204000001d0000003b000000c7000000e7000000fb0000001b0100004d010000b9010000e1010000f101000099020000
9a020000e602000000030000400300004a0300004b03000096030000eb03000069040000730400001e0500007a050000
8105000092050000c205000031060000470600004b06000064060000ab0700007c0800008e0800001a09000026090000
7409000080090000af090000b6090000ba0900008e0a0000720b00007c0b0000850b0000860b00009a0b0000f70b0000
7e0c0000920c0000600d00006a0d00002410000078120000371300003b140000761400001e15000070150000a5150000
23160000fc160000261700002e170000bc17000023180000551800007a1800008e1800005d1a0000351b0000fa1c0000
d81f00008e210000932200009d2200001f230000ca250000542600001027000035270000ac2700005328000057280000
2529000060290000102a00007e2a0000d12b00000c2c0000152c0000602c0000e22c00002f36000038360000d2370000
0c38000078380000b1380000c53900009b3a0000573b00009b410000421800006c18000038190000e619000054200000
2f2200009a2b0000f33900000600000037000000b3000000a50200007e0300007505000076050000650800004b090000
ff090000170a0000b90b0000f7170000ef290000fb350000d03800000101000081010000f10100009e020000e6020000
000300004003000067030000130500001e050000470600004b0600002d0700005f0700001a0900002609000077090000
8b090000fc090000140a0000720b00007c0b0000a20b0000710c0000600d00006a0d000024100000d11100003b140000
761400001e15000070150000a515000023160000fc160000261700002e170000bc170000ff1700000e18000042180000
551800006c1800007a1800008e18000038190000e61900005d1a0000351b0000fa1c0000542000002f2200009d220000
1f230000542600001027000035270000ac27000053280000572800002529000060290000052a0000102a0000452a0000
9a2b0000d12b00000c2c0000152c0000693000002f360000383600009736000078380000cd380000c5390000f3390000
9b3a00009b410000f10400005a050000a60900003f0c00008e100000eb1d0000732200001125000037250000c2300000
2c310000173200002332000089320000b3320000f5380000703c0000f43e0000ec3f0000770100002b02000095080000
e7080000af0a0000030b00009e1e00003620000009220000f50d0000d11000001b11000045120000db12000018140000
251e0000931e0000b51e000018200000e02100004a2400009e270000ae280000bb290000e82a00005c2b000013310000
f73100000f320000a03900009840000057410000a20b00006d0c000031130000331f0000591f00002f220000bd220000
32230000690d000023100000cc1300006914000071140000dd140000491e0000421f00006c1f0000971f0000f6220000
61230000b324000052260000d6260000d9260000da270000e82e0000722f0000993a00001d3f0000dc3f000036400000
01010000810100009e0200006703000095080000e7080000af0a0000030b0000a20b0000900c00003113000042180000
501d00008f1d00009e1e0000331f0000591f000054200000092200002f220000783b0000cd3b0000443e0000a1040000
02050000cf0600006b070000971200007e160000e2230000582a0000f02b00001c300000753000008e300000b7300000
8e310000af31000060390000823c000071400000ed400000b906000030070000db0c0000601300006d16000015180000
81180000031a00004c1a0000a5000000250300008e060000fc06000017090000580a0000540b0000fd1f0000c7210000
a9030000be030000a2040000aa060000b7060000d00600000907000019070000540700006c070000de0c00009c120000
6b13000050160000651600007f160000c01a0000261b00009f1c0000e71c00002f210000e3230000592a0000f52b0000
193000001d300000403000005d3000007630000087300000ba3000008f310000563200006539000073400000ef400000
090100006a030000b0050000800a00003f0b0000a50b0000931500008e170000aa17000085000000c901000083070000
eb070000300800005b0a0000d70a0000061500003d17000025000000a6010000de020000a3000000d20000000e010000
d40100004e0200006f030000b50500008c06000041070000c8080000aa0b0000111500005815000098150000af170000
6600000048010000bd0100001f020000d0030000c90400005e050000d80500008d060000fb060000a707000009080000
12090000570a0000590a00005a0a0000880a0000d50a0000d60a0000050b00004f0b0000210c000050110000fa140000
4c150000a11600003b1700003c17000078170000d2170000c221000076250000be250000862c0000082d00006c350000
ba3500005d3600007a360000463700002c3b00009e3b00001b3c0000f83e0000743f00002900000065000000e1000000
a501000001020000f102000005030000b50500008c06000041070000c8080000aa0b0000e70c000047150000af170000
dd1f0000bb220000af230000d10000002c01000000020000bd020000b0050000b906000030070000800a00003f0b0000
a50b0000e50c00006013000046150000721500006d1600008e170000aa170000031a00004c1a0000ba220000ad230000
473b00000b3c0000c73d0000270000006700000084000000a3010000be010000f4020000100300008e060000fc060000
83070000eb0700003008000017090000580a00005b0a0000d70a0000540b0000fb1400003d170000e81f0000c7210000
2d3b0000a03b0000203c0000a1040000f1040000020500005a050000cf0600006b070000a60900003f0c00008e100000
d7100000b311000097120000591600007e160000eb1d00006f21000073220000e22300001125000037250000dd270000
0b2800001b280000cc28000015290000582a0000f02b00001c300000753000008e300000b7300000c2300000e7300000
2c31000053310000813100008e310000a2310000af310000173200002332000089320000b3320000f632000016330000
5d34000041350000f0350000f538000060390000703c0000823c0000c33e0000f43e0000ec3f000071400000ed400000
770100002b020000b90600003007000095080000e7080000af0a0000030b0000db0c0000f70d0000d210000047120000
601300001a1400006d1600001518000081180000031a00004c1a00009e1e00001a20000036200000e221000009220000
9f270000af280000bc290000090100006a030000b0050000800a00003f0b0000a20b0000a50b00006d0c0000480d0000
71110000a311000031130000b11300003015000093150000601700008e170000aa170000331f0000591f00002f220000
bd220000322300007e270000f1280000c3290000d1000000010100002c01000081010000000200009e020000bd020000
67030000b0050000b90600003007000095080000e7080000800a0000af0a0000030b00003f0b0000a20b0000a50b0000
900c0000e50c0000390d0000430d0000db0d0000ea0d0000d210000071110000a3110000471200003113000060130000
b11300001a1400002b15000046150000721500006d160000601700008e170000aa17000042180000031a00004c1a0000
501d00008f1d00009e1e0000331f0000591f00000d20000054200000e2210000092200002f220000ba220000ad230000
26270000612700007d270000af280000f1280000bc290000c3290000473b0000783b0000cd3b00000b3c0000b63c0000
2b3d0000c73d0000443e00009f3e0000f50d0000d1100000f81000004512000018140000d3140000f21800000e190000
ce190000901a000018200000e021000021250000542500009e270000ae280000bb290000f73000009c320000d2320000
063a00004c3f0000a03f00007a0100007a020000a9030000be030000f20400005b050000aa0600000907000054070000
98080000fe080000ab090000ba0a0000210b0000400c00008f10000050160000051c0000412000002f21000014220000
78220000122500003825000019300000403000005d30000087300000ba300000c3300000563200008a320000b4320000
fa380000f53e0000f13f0000a3000000f6000000d40100004d0200008c06000041070000c808000064090000a30b0000
720c000011150000ec1a000031220000c2220000372300000101000066010000810100002b0200009e02000067030000
a0040000f0040000e305000085080000e7080000770900008b090000a20b0000a90b0000020c00003e0c0000710c0000
600d00006a0d00008d0d0000a30d000024100000ae100000d1110000dd1200003b1400006b14000076140000df140000
50150000dc160000dd17000042180000031b0000021d0000981f0000542000002f2200004422000058220000c1220000
062300001f23000036230000622300007e230000b82400001025000059250000dc2500000226000054260000d7260000
de260000db270000912c0000772f000088320000d7320000973600001e380000483800009b3a000037400000060e0000
72100000f412000007130000fe1300003a1400002618000098180000141a0000471a0000671a00006e240000da270000
862a0000f22a0000302c0000332c0000ad2d0000172e000040390000c74000001b410000b141000066000000bd010000
d0030000c80400008d060000fb060000ba070000de070000200800005a08000012090000570a0000590a00005a0a0000
d50a0000d60a00004f0b0000ac0c0000dc0f000039130000fa1400003b1700003c170000091800004818000067190000
051a00002b1a000082210000c2210000e62300003a2a00001b2b00004b2d0000cd2d0000703300002e3500005d360000
7a360000463700002c3b00009e3b00001b3c0000704000006c41000029000000650000000301000083010000a5010000
9f020000f102000005030000680300008c06000041070000c808000064090000a30b000043180000dd1f000056200000
31220000d10000000d010000000200006e030000a0040000f0040000b0050000b4050000cb060000ef06000030070000
6a0700009c08000038090000a50b0000a90b0000ca0c0000e50c0000870d0000b40d0000160e00002f0e0000e70f0000
35100000771000007c120000f612000009130000451400005e1400004615000097150000f0160000aa170000ae170000
15180000271800004c18000058180000991800009b190000681a0000e41a00003c1b0000011d000050210000ba220000
ad230000db2700001b2a0000572a00008b2a0000f42a0000262b0000d52b0000312c0000382c0000562d0000b22d0000
743000004b320000083600004a3600003b37000042390000b241000068040000c8050000f00500008c0800008c0a0000
960b0000d90b00008d0c0000ef0c0000060e0000520e0000f70f0000721000002b130000351300007d130000fe130000
3a14000022160000c2170000ea170000f31d0000371e0000381f0000651f0000811f0000921f0000ca22000052230000
b7230000f62400003d260000a6260000b9260000f22a00009e2c0000ad2d0000e32d0000172e0000fc2e0000b52f0000
e3360000593a0000843a0000553b0000ca3f000013400000c90b00004e0c0000231f00008a22000093240000e02e0000
522f00000802000030020000c7090000ca1d00007b1e00008a1f000010270000ac27000053280000612b0000d52e0000
060e000072100000fe1300003a14000022160000c2170000ea170000371e0000651f0000811f0000921f000052230000
b7230000f6240000a6260000b9260000f22a0000ad2d0000172e0000fc2e0000b52f0000ca3f000013400000b9010000
e1010000990200004a030000a0040000050600000f060000cb060000ef060000e4080000af090000f80a0000850b0000
ca0c0000e70f0000491d0000661d0000ca1d00005b1e00007b1e0000211f00008a1f000010270000ac27000053280000
612b0000b12c0000562d0000d52e0000c23b0000290100008b01000077030000ed030000210400000a05000018050000
f3050000b60600006c0900001b0a00007a0a0000840a0000cc0a0000440b0000b20b0000f40f00003d13000069140000
dd14000089180000401a0000591a0000421f00005e200000ae200000d52000001f2100002622000039220000f6220000
b3240000f2290000332b0000002c0000132c0000a12c00001e2d0000e82e0000282f00004b2f0000722f000061360000
d438000026390000413b0000104100008e41000089000000180200001603000098030000dc030000770400001b050000
2d050000540600008007000089070000f4070000fe070000020800001c080000360800004e08000055090000620a0000
f50a0000680b0000100c00009116000002180000f5190000ee1f000075200000fc200000db2100006a25000071270000
7b280000ea2800001929000099290000292a0000d22c00003c2d0000052f0000352f0000ca2f0000ee2f000021330000
6433000060350000ef380000d23e0000584000001e0000003c000000ba010000e2010000f60100009b020000f6020000
4c0300007b0500004c060000b00900007e0b0000870b00001f1500009f2200001e270000ae27000058280000a8000000
d5000000fa0000002e0100009b0100002402000053020000220300007c03000096030000f2030000730400001e050000
24050000c3050000f8050000570600008806000099060000ba060000040700000e0700002d0700005f070000a5070000
e0080000140900005a0900007c090000e2090000290a0000860a0000b70b00002c0c0000b10c0000e60c00008d0d0000
a30d0000f50f0000dd1200003f1300006b140000df140000551600000e180000551800008e1800005d1a0000a31a0000
f11a0000fa1a0000351b00006c1c0000fa1c0000fa1f00006e200000af200000ff200000242100004922000006230000
b8240000052500009027000086280000b6280000dc280000f3290000452a0000342b00000c2c0000152c0000a62c0000
d52c0000082f00002d2f0000772f0000d52f000009300000693000007d320000e23800004f3b00009b41000037030000
5e0600002f0b0000740b0000672a0000dc2c00002f2d0000900200002b0600001a18000013000000b800000077050000
9300000041020000450300009e050000140600006006000094060000ad060000800b0000c41a00006c2a00006c2c0000
de2c000055000000be000000180200001603000037030000a7030000b70300001b0500002d0500008e050000a7050000
a9050000540600005e0600007c0600000208000036080000320a0000340a00003b0a00006e0a0000f50a00002f0b0000
680b0000740b0000c90b0000100c00004e0c000091160000231f00008a220000932400006a250000712700007b280000
ea2800001929000099290000672a0000752c0000d22c0000dc2c0000012d00002f2d00003c2d0000e02e0000522f0000
ca2f0000ee2f00006035000055360000123b0000d23e00000f000000310000005a000000b5000000f601000008020000
3002000090020000f60200008d0500002b0600004c06000081060000c70900007e0b00001f1500001a1800009f220000
1e270000ae2700005828000066010000f1010000b6020000d3020000e6020000f0040000e30500003f06000047060000
2907000085080000fc0900002d0b0000720b0000ae1000001e15000020190000f81900006f1a0000951a00009d220000
91230000e624000010270000ac27000053280000912c0000c92c0000a52f0000f93b0000080000002f00000057000000
78000000b7000000cc00000041020000560200007e02000045030000a80300008a0500008f050000a8050000ab050000
14060000600600007e06000078070000de090000350a0000400a0000800b0000ce0b0000530c0000c41a000098220000
952400006c2a0000762c0000de2c0000542f0000153b0000290100008b01000077030000ed0300002104000068040000
0a05000018050000c8050000f0050000f3050000b60600008c0800006c0900001b0a00007a0a0000840a00008c0a0000
cc0a0000440b0000960b0000b20b0000d90b00008d0c0000ef0c0000700d0000ee0d0000060e0000520e0000d50e0000
6f0f0000840f0000f40f0000f70f00006610000072100000761100007f1100008311000095110000a7110000be110000
2b130000351300003d1300007d130000cd130000fe130000321400003a14000069140000a7140000dd14000022160000
9c160000c2170000ea1700002d18000089180000151a0000401a0000591a0000f31d0000371e0000381f0000421f0000
651f0000811f0000921f0000112000005e20000092200000ae200000d5200000072100001f210000fa21000026220000
39220000ca220000f622000052230000b7230000b3240000f6240000892500003d260000a6260000b926000083270000
c92700004b280000f0280000fa2800006f290000d0290000f2290000bc2a0000f22a0000332b0000002c0000132c0000
9e2c0000a12c00001e2d0000a12d0000ad2d0000e32d0000172e00002c2e0000e82e0000fc2e0000102f0000282f0000
402f00004b2f0000722f0000b52f00000234000083350000c935000061360000e3360000d438000026390000593a0000
843a0000083b0000413b0000553b0000233f0000ca3f000013400000a6400000104100008e410000370300005e060000
2f0b0000740b0000c90b00004e0c0000231f00008a22000093240000712700007b280000ea2800001929000099290000
672a0000dc2c00002f2d0000e02e0000522f0000ca2f0000ee2f00000802000030020000900200002b060000c7090000
1a1800001e270000ae2700005828000066010000b9010000e1010000f101000099020000b6020000d3020000e6020000
4a030000a0040000f0040000e3050000050600000f0600003f06000047060000cb060000ef0600002907000085080000
e4080000af090000fc090000f80a00002d0b0000720b0000850b0000ca0c0000870d00008d0d0000a30d0000160e0000
e70f00003510000077100000ae100000dd120000451400006b140000df1400001e15000020190000f81900006f1a0000
951a0000e41a0000491d0000661d0000ca1d00005b1e00007b1e0000211f00008a1f00009d2200000623000091230000
b8240000e624000010270000142700002a2700005627000076270000ac270000ad270000c6270000db27000053280000
662800006c280000942800009b280000a4280000e828000097290000a0290000f42a0000612b0000912c0000b12c0000
c92c0000562d0000b22d0000d52e0000772f0000a52f0000e32f0000c23b0000f93b0000883e0000a8000000e7000000
020100004d01000082010000240200004b0200005d0200002203000096030000eb03000069040000730400001e050000
c9050000f105000016060000570600008806000099060000040700000e0700002d0700005f070000ab0700008e080000
e0080000140900005a090000630900008e0a0000970b0000da0b00002c0c0000920c0000ff0c0000870d0000160e0000
fc0f0000351000007710000037130000451400005d1500006615000023160000551600001b170000c3170000eb170000
0e180000e41a0000001b0000f41c0000941f0000fa1f0000ff200000cf2200005723000077230000c7230000fb240000
052500004b260000b2260000bb2600009027000086280000b6280000dc280000452a0000f42a00009f2c0000d52c0000
b22d0000082f0000ba2f0000d52f000009300000693000007d320000923a0000573b0000204000006f1a0000951a0000
91230000e624000010270000ac27000053280000a52f000093000000560200007e0200009e05000094060000ad060000
de090000ce0b0000530c000098220000952400006c2c0000542f0000b9010000e1010000240200009902000022030000
4a030000130500001e05000057060000cb060000ef060000e008000014090000af090000850b00009a0b0000cb0b0000
f70b00002c0c0000500c0000ca0c0000870d0000160e0000e70f00003510000077100000451400005d15000066150000
23160000551600001b170000c3170000eb1700006f1a0000951a0000e41a0000001b0000f41c0000941f000093220000
e3220000572300007723000091230000c7230000ab240000e6240000fb24000005250000ca250000b2260000bb260000
1027000090270000ac2700005328000086280000b6280000dc280000f42a0000d52c0000562d0000b22d00006a2f0000
a52f0000ba2f0000d52f00007d3200000c3800002040000069140000dd14000089180000401a0000591a0000421f0000
5e200000ae200000d52000001f2100002622000039220000f6220000b3240000332b0000002c0000132c0000e82e0000
282f00004b2f0000722f0000104100008e41000055000000be00000037030000a7030000b7030000770400008e050000
a7050000a90500005e0600007c060000f4070000fe0700001c0800004e080000320a0000340a00003b0a00006e0a0000
2f0b0000740b0000c90b00004e0c000002180000f5190000231f0000ee1f000075200000fc200000db2100008a220000
93240000712700007b280000ea2800001929000099290000292a0000672a0000752c0000dc2c0000012d00002f2d0000
e02e0000052f0000352f0000522f0000ca2f0000ee2f00006433000055360000123b0000584000000f00000031000000
5a000000b5000000ba010000e20100000802000030020000900200009b0200004c0300008d0500002b06000081060000
b0090000c7090000870b00001a1800001e270000ae2700005828000066010000f1010000e60200004003000090030000
730400007b040000e30500004706000076060000040700000e0700002d0700005f0700008508000026090000720b0000
7c0b0000cb0b00008d0d0000a30d0000ae100000dd1200006b140000df1400001e1500000e180000551800008e180000
5d1a0000f11a0000fa1a0000351b00006c1c0000fa1c0000ca1d00007b1e00008a1f0000fa1f00006e200000af200000
ff20000024210000492200009d22000006230000b82400001027000090270000ac2700005328000086280000b6280000
dc280000102a0000452a0000692a0000342b0000612b00000c2c0000152c0000912c0000f42c0000d52e0000082f0000
2d2f0000772f0000d52f000069300000383600009b410000050f0000590f0000740f00007c0f00006b100000bf100000
25110000b4120000ca140000cd15000062160000121e0000d920000054210000072400002b2400001e250000e42a0000
2b2b0000a62d0000242e0000d93000001e310000453100006d310000aa3100001a3200004f3200007232000099320000
7d3900008d3d00009a3d0000123e0000293f0000be400000704100009f030000b0030000c0030000f303000037040000
710400007c04000085040000920400001a05000032050000a1050000b00600004d0700005a070000da070000fb070000
c3090000360c00005c0e00009f100000d7100000c1150000251600002b1600002d16000079160000b616000005170000
7a2000007b200000282100002c2100006f21000000250000ba280000c5280000112900007b2900004f2a00006f2c0000
fa2c0000563000006430000089300000b2300000be300000d4300000e7300000393100005331000089310000b6310000
1232000031320000353200005a3200005b32000078320000e3320000ef320000053300000633000095330000a2330000
9c34000041350000e435000011390000d0390000f13a0000353c00004a3c0000633c0000673c00008c3c0000ef3d0000
d83e00004a4000009d00000074010000da010000dc0100002802000095060000290700004807000092080000ce080000
d0080000e40800003d0a0000a40a0000db0a0000e50a0000f80a0000d2100000191500008d150000771600004b170000
9c17000012180000f81900001a200000e22100009b270000a2270000a3280000a4280000a0290000c7290000f1030000
fa030000290400006f0400007f040000a7040000c3060000e4060000ea060000f60600000b0700004507000073070000
d70c00002a0d0000a00d0000f50d0000f60d00004a0e0000060f0000750f00007d0f0000ef0f00006c100000a6100000
a9100000b8100000c0100000db100000e510000026110000331200004512000046120000b6120000541300009b130000
e81300001814000019140000cc140000d3140000161500002716000029160000631600007b16000040170000e21a0000
f81a0000381c0000b81c0000c81c0000131e0000151e0000ae1e00002a200000302100003c2100004021000057210000
59210000fd210000cc230000082400002c24000036240000212500002225000099270000a0280000d0280000d4280000
9e290000512a0000e52a00002c2b00002e2b0000592b00005e2d0000a72d0000db2d0000252e00003330000039300000
423000007d30000099300000a6300000da300000eb3000001f3100002f3100008b310000b43100000832000052320000
543200005e3200009c3200009e320000fb320000093300007f3900002b3f00004c3f000084400000c340000045410000
764100007e4100007e160000f02b00008e310000af310000ed4000006d160000811800004c1a0000a700000025030000
7d060000170900005d0a0000540b0000fb060000540700005b07000050160000651600007f160000261b0000e71c0000
f81f0000c22100005b2a0000f52b00005d30000065300000ba3000008f3100004b400000ef4000001a0500001f050000
2905000032050000580600004d0700005a070000a6090000360c00008e100000d7100000b2150000c115000025160000
2b1600002d16000056160000791600007e160000b6160000051700006f21000000250000ba280000c528000011290000
7b2900004f2a0000f02b0000d62c0000382d00005630000064300000b2300000be300000c2300000e73000002c310000
53310000893100008e3100009e310000af310000b63100001232000078320000e3320000ef3200000533000006330000
9c34000041350000e4350000f5380000d0390000f13a0000883c00008c3c0000ef3d0000d83e00004a400000ed400000
770100002802000022030000290700004807000095080000e408000014090000af0a0000f80a0000510b0000d2100000
191500008d1500006d160000771600004b1700009c1700001218000081180000f81900004c1a00001a200000e2210000
9b270000a2270000a3280000a4280000a0290000c7290000d1100000f8100000131100008c150000131600005d160000
73160000761600009b170000fc18000042190000ce1900008d1a000018200000e02100004d25000099270000a0280000
9e290000492e0000722e0000f73000000831000072310000cb320000063a0000953f0000a40000007a01000076020000
2003000024030000ab030000b5030000200500002a050000a3050000590600008d060000a5060000a7060000b1060000
fb0600005b07000098080000fa0800001209000016090000ab090000570a0000ba0a0000150b00004f0b0000530b0000
3b0c0000420c00008f10000057160000651600007f160000261b0000e71c0000f81f0000c22100000125000002250000
5b2a0000f52b0000712c0000d72c0000ff2c0000392d0000153000006530000081300000c33000008f31000079320000
7a320000fa380000dd3e0000fa3e00004b400000ef400000bc000000fc020000350300007a05000047060000b1070000
ed070000af0900006c0a00002d0b00005e0b0000720b0000850b0000b80c0000480d0000711100005c130000b1130000
87150000b0160000a3170000211f0000d41f0000ec1f0000d1210000d921000088220000312700006f27000053280000
e82800009129000097290000931500008e170000aa170000360000007505000030080000330a0000061500003d170000
0a000000de020000a10100003b03000041070000780b0000111500005815000098150000af170000fc02000035030000
44060000470600002d0b00005e0b0000720b0000850b00006d0c0000480d00007111000031130000b113000021150000
8715000093150000b0160000531700008e170000a3170000aa170000211f000088220000312700006f27000053280000
e828000091290000972900002400000091000000c2000000f6000000a101000046020000dc020000dd0200003b030000
85050000450600008106000064090000780b0000870b0000ae0b0000720c0000261500005815000098150000af170000
8e22000096220000190100002901000034020000ed0300005d040000180500006c050000c0050000b606000091080000
cd08000082090000cb0900007a0a0000840a0000a30a0000b60a0000da0a00000c0b0000570c00009b0c00001c0d0000
420d0000730d0000760e0000260f0000690f0000b40f00000f100000d11000005b1100006a1100008611000095110000
a8110000aa110000be11000070120000f4120000071300003d130000571300005b1300008d130000ac130000b0130000
d7130000b41400003415000084150000e815000031160000761600000c1700006c1700009b1700009e170000a2170000
261800002d180000141a0000151a0000761b0000d11e0000061f0000651f0000921f0000e11f00002e20000032200000
83200000ae200000ed200000f3200000cb210000d6210000e021000010220000122200004f2200006722000052230000
982400008f2500009f2500006f260000a6260000b926000051270000a02800008b290000952900009e290000862a0000
bc2a0000682d0000f02d0000572f0000ee33000002340000893500009935000061360000f13600000b37000062370000
ed3700008c380000b33800000439000040390000df390000b63a0000413b00006c3b0000a33b0000b13c0000d43d0000
7b3e0000093f0000483f0000ca3f0000fb3f00000340000013400000a6400000c74000000c020000fc05000012090000
f40a00004f0b0000d40b0000fa1400004c150000a11600003b1700003c17000078170000d2170000be25000034260000
ba350000463700007b3a00001b3c0000d03e0000743f0000f4010000f10200000503000041070000780b000047150000
af170000c6220000af230000d1000000010100002c0100008101000000020000240200003702000099020000ed020000
f90200004a030000130500001e050000b0050000440600004b0600004f060000b9060000e0080000770900008b090000
ce090000800a0000850b00009a0b0000a50b0000f70b00002c0c00005d0c0000710c0000e50c0000600d00006a0d0000
db0d0000ea0d000024100000a3110000d111000047120000601300001a1400003b14000076140000251500002b150000
4615000049150000561500009715000023160000cc160000f01600001617000060170000aa170000ae170000bd170000
f2170000001b0000f41c0000941f00009b1f000093220000ba2200001f230000552300005723000077230000ad230000
ae230000a3240000f424000005250000ca25000054260000ac260000b2260000bb260000e2260000d52b0000cd2c0000
622f0000b32f00007d320000973600003b3700000c3800009b3a0000473b00002b3d000019400000204000001d000000
3b0000006e000000ee00000053010000ae010000b9010000cb010000e1010000f101000099020000b6020000e6020000
0c0300004a0300007a05000047060000950600002907000048070000b1070000ed07000092080000ce080000d0080000
e4080000af0900003d0a00006c0a0000a40a0000db0a0000e50a0000f80a00002d0b00005e0b0000720b0000850b0000
9c0c0000390d0000430d0000d2100000711100005c130000b11300001e15000080150000851500008615000077160000
b01600004b1700009c170000a3170000f8190000491d0000211f0000e41f0000e61f00000d200000d1210000d9210000
e22100009d2200001027000014270000542700005627000076270000ac27000053280000a3280000a4280000e8280000
9129000097290000a0290000c72900001a3b00006d3b0000a43b0000ae3b0000c23b0000f93b00002a3c0000b63c0000
d53d0000813e0000883e000046150000721500006d1600008e170000aa1700004c1a0000ad230000c73d000006000000
56000000b3000000f402000010030000750500007d0600003008000017090000330a00005d0a0000540b0000fb140000
3d170000133b0000203c00000101000081010000f101000099020000b6020000e6020000ed020000f90200000c030000
4a0300004406000047060000290700004807000095080000e408000014090000af0a0000f80a00002d0b0000510b0000
5e0b0000720b0000850b0000900c0000390d0000430d0000d21000007111000031130000b1130000031500001e150000
46150000721500008015000085150000861500006d16000077160000b01600004b170000531700008e1700009c170000
a3170000aa170000f81900004c1a0000491d0000211f00000d200000e22100009d220000ad2300001027000014270000
542700005627000076270000ac27000053280000a3280000a4280000e82800009129000097290000a0290000c7290000
783b0000c23b0000f93b00001d3c00002a3c0000b63c0000c73d0000d53d0000813e0000883e0000060e000072100000
45120000fe130000181400003a1400002a150000a31500001d16000022160000301700005b1700005f17000096170000
ba17000089180000401a0000591a0000f22a0000c92b0000002c0000132c0000ad2d0000172e00004e370000c7390000
ea390000293d0000104100008e41000047000000550000000c020000a7030000da0300001505000086050000fc050000
7c060000ba070000de0700001c080000380800003c0800004e0800004509000047090000fa090000120a0000320a0000
340a00003b0a0000610a0000f40a0000d40b0000ac0c0000dc0f0000391300000d1500004c150000c5150000a1160000
011700004d17000078170000d2170000f617000002180000f4190000f5190000be25000034260000ed290000292a0000
4b2d0000cd2d00005533000064330000ba35000055360000ab380000cb380000ed380000d43900007b3a0000123b0000
d03e0000743f000058400000754000000f0000002d000000460000005a0000000301000083010000f40100009b020000
a2020000ee020000fa0200004c0300007303000085050000450600008106000064090000780b0000870b0000ae0b0000
47150000af170000c6220000af230000d10000002c010000b1010000f1010000400300007a030000130500001e050000
b0050000b9060000cb060000ef0600002d070000480700004c0700005f07000026090000b2090000210a0000800a0000
720b00007c0b0000b50b0000ca0c0000e50c0000870d0000db0d0000ea0d0000160e0000e70f00003510000077100000
a311000047120000601300001a14000045140000191500002b150000501500005c150000a415000023160000dc160000
041700001c1700003517000060170000bb170000dd1700000e18000042180000551800008c1800008e1800005c1a0000
5d1a0000e41a00001d1b0000351b0000fa1c0000d11f0000542000002f2200009d22000059250000fd290000102a0000
452a0000f42a0000ca2b0000062c00000c2c0000152c00003c2c0000562d0000b22d00005530000069300000d7320000
38360000da380000cc390000473b00002b3d0000944100009b410000b00f00003a1600008e2000003c2f000083390000
6a3d0000723d0000dc3d0000443f00007b3f00009340000097130000d61300007b170000181a0000ea2100000c220000
20140000c220000001220000a6290000442f000061320000a339000046410000090d0000580d0000050e000001100000
ba1200008a130000c4130000fd1300003914000053140000b41700004e1f0000801f000014230000b62300005a1f0000
3722000033230000891d0000500d0000d60d000010120000cd1200006d1d0000981d0000c91d0000061f0000891f0000
1d2000000f2700002f0d0000240e000001100000ba1200008a13000097130000c4130000d6130000fd13000039140000
531400009d1500007b170000b4170000181a00004e1f0000801f000002200000ea2100000b2300009d3c0000c93c0000
df3c00000d3d0000b43d00005a1f00005c2000000c22000037220000453e0000ad130000e5140000201e0000b0200000
e821000050220000b424000073260000a7260000c1260000e92e0000732f00000c3700006c3a0000ba3a0000b23c0000
cb3f0000144000007f0d000010120000cd120000061f0000891f0000092000002e2000005b230000460a0000e60a0000
fb0a00005913000025140000451700004c170000fb19000002220000ab290000ca290000bd00000055010000fd020000
15030000360300007e05000048060000b307000035080000b30900006d0a0000ac0a00002e0b00005f0b0000670b0000
730b00008d0b0000a51100003115000061170000221f0000d51f00002620000073210000d22100000622000089220000
322700007027000054280000e9280000922900009829000017000000ee000000b1010000fa0100008f020000ed020000
f5020000d80d00001e200000172700001d2700000b000000a70100002600000092000000c3000000d30000000f010000
a2010000b5010000ea01000040020000e40200003c0300004403000086050000b605000084060000b8090000790b0000
7f0b0000b10b0000ed1a00003c2200008f220000382300003f000000e5010000520300007e05000048060000b3070000
35080000b3090000460a00006d0a0000ac0a0000e60a0000fb0a00002e0b00005f0b0000670b0000730b00008d0b0000
b90c0000ec0d0000a511000059130000251400000a15000022150000451700004c17000061170000fb190000221f0000
2620000073210000d22100000222000006220000a522000078270000b427000054280000e92800009229000098290000
ab290000ca2900001f3b0000753b0000af3b0000c53b0000fa3b00002b3c0000333c0000363d0000663e0000823e0000
893e0000470000005d0000007603000086050000b605000084060000b8090000790b00007f0b0000b10b0000f20c0000
d61f0000612000003c220000aa220000c92200001a0400004b050000a70a0000de0a00005b0e0000b10f00009d130000
f0130000af1500003b16000042160000871700009f170000b41c00008f200000b6200000e8210000ec210000a6290000
172d00003d2f00009330000038310000753100009b3100006a3200000c33000087390000e33e0000453f00007c3f0000
833f0000983f0000994000009f400000eb00000073010000ab01000021030000c0050000bd0600009108000013090000
8f0b0000c90c0000f60c0000010d00000c0d0000380d00003e0d00005b0d0000860d00008b0d00000d0e0000150e0000
0410000005110000bd120000401400004414000054140000381500005b1500007f150000b5170000ba170000611a0000
2a20000040210000e22200001723000090230000be230000c62300000f2700008f270000a8280000d5010000e4020000
c9080000b10b0000ed1a00003c2200008f2200003823000089010000fd02000052030000740400007c040000e4050000
480600006a090000c3090000b20a00008d0b0000e50b0000fa0b00002d0c0000a50d0000b110000072110000df120000
32130000b2130000ea140000ab1700006e1c0000f51c00000f2000003a200000b12000002821000053210000ed210000
5122000079230000b5230000b924000008250000cb2500004426000078260000ad260000b3260000c6260000e5260000
272b0000922c0000782f0000313200004e320000803200000d3800008b3a0000bf3a00007b3b0000b73c00001a400000
21400000e60a0000fb0a00006313000025140000fb190000cd210000022200000c220000ab290000ca2900000a010000
e501000036030000b1050000b3090000810a0000ee0a00002e0b0000730b00008d0b0000a51100003115000061170000
221f00005a1f0000d51f00002620000073210000d2210000062200003722000089220000332300003227000070270000
54280000e92800009229000098290000d8000000b1010000b9010000fa0100008f020000d80d0000891d00001e200000
172700001d270000e501000052030000b1050000b3090000810a0000e60a0000ee0a0000fb0a00002e0b0000730b0000
8d0b0000ed0c0000ec0d0000a5110000631300002514000061170000fb190000221f00005a1f0000d51f000026200000
5c20000073210000cd210000d221000002220000062200000c22000037220000a522000078270000b427000054280000
e92800009229000098290000ab290000ca290000483b0000af3b0000b73b0000c53b0000fa3b0000363d0000453e0000
663e0000823e0000893e0000ee030000460400006c0400003c0500006706000083090000920a0000a70a0000590b0000
8f0e0000d70e0000000f0000270f0000101000006c110000c611000074120000c41200002c1300005813000020140000
72140000a8140000fe15000024160000bd16000031170000441700005c170000be2000006821000001220000f5230000
10240000872400008d2400008b2500005a2600008c290000a6290000712a0000ca2a0000cd2b0000e52b0000012c0000
1b2c0000e52c0000692d0000f12d00000a3400007a3400001f350000853500007036000092360000e43600004f370000
003800008d380000b4380000703900009d390000c8390000a13a00005b3b0000703b0000253c0000313d0000653e0000
7c3e00001e3f0000243f00005e400000c0400000f7400000fe400000134100008f410000190100003101000054030000
c0050000bd06000091080000130900008f0b00009b0c0000310d0000e60d0000250e00000410000005110000bd120000
401400004414000054140000fe1400009e150000a3150000b5170000ba17000092180000611a00000320000022200000
402100000d2300001b2300005a270000a828000076030000c9080000b10b0000e01f0000612000003c22000089010000
6b030000740400007c040000b10500006f060000620700009d080000dd080000270900006a090000b3090000b20a0000
730b0000a60b0000ed0c0000310e0000721100007f1200001413000032130000b213000060140000371b0000fc1c0000
d51f00000f2000005c20000060200000b1200000f820000021210000ed210000372200003b2200005b220000a5220000
03260000132a0000462a0000772a00008c2a00003c2b0000072c00000d2c0000202c00003f2c0000ed2c0000012f0000
2a2f00006c3000000936000039360000493800004d3900007b3b0000b73c0000954100009c41000059040000ab040000
a70a0000de0a0000fa1500009f170000e8210000a6290000242d00009330000000390000e3390000093a000046410000
fa1500009f170000e8210000a6290000e3390000093a000046410000eb000000ab01000000060000bd0600006c090000
850c0000c90c0000380d0000b70d0000491000007f15000015170000651d0000b91d0000c91d0000891f00000f270000
e4020000ca0900003d1d0000380d0000b70d0000491000007f15000015170000b91d0000c91d0000891f00000f270000
2f0d0000df0d00001b0e0000db0e0000050f0000011000005d100000fe110000a7120000d3120000d01300004a140000
5314000089140000c2140000ec150000fa1e0000411f0000c91f000038220000142300003c230000d324000025250000
5c260000922f0000a1320000a436000032390000a33a0000d93c0000ab170000a31f0000b52300007e260000c53a0000
89010000fd02000052030000a1040000480600006a0900008e090000d3090000fb0a00008d0b0000d2110000ab170000
ee1e0000221f0000a31f0000b52300007e26000098360000bc380000c53a0000c53b00008a0e00005813000020140000
44170000a4180000e018000001220000a6290000592e0000313100006b390000a3390000123a0000983f0000eb000000
2101000065010000d2020000e5020000c805000084080000fb090000d60d0000cd120000d2190000611a00006d1d0000
1d20000046200000902300000f270000a2010000aa0200002c060000260000004f00000092000000a201000040020000
aa020000e4020000e802000002030000440300008e0500002c0600004d06000084060000ca0900007f0b00003d1d0000
1227000037270000592800003f000000e5010000520300009a030000f3030000740400001f050000250500007e050000
9305000048060000a60700007d0800001b090000270900006e09000088090000b3090000bb090000870a0000730b0000
8d0b0000be0b0000fa0b0000660c0000810c0000b30c0000310e00007512000014130000471300006014000022150000
fd160000f51c0000b12000008f2100003b22000055220000a5220000a922000046230000792300009d240000cb250000
74260000b3260000c6260000b4270000542800002629000063290000132a00008c2a0000612c00005c2f000030360000
39360000d33700000d38000079380000b93800004d390000bb3a0000503b000021400000f1040000b10500009d080000
b3090000030a00002e0b0000730b0000ed0c00007f120000ba190000e9190000fb190000d51f00005c20000037220000
a52200009b2b000009360000c4380000f6390000fa3b000059040000ab040000a70a0000de0a00008a0e0000fc0e0000
58130000c0130000ea13000020140000e5150000fa150000441700006f1700009f170000a4180000e0180000b41c0000
e821000001220000ef270000a6290000aa290000242d0000592e0000f62f00009330000031310000003900006b390000
99390000a3390000dc390000e3390000093a0000123a0000333f0000983f00009f40000046410000eb00000021010000
65010000ab010000d2020000e5020000c805000000060000bd060000840800006c090000fb090000850c0000c90c0000
380d00003e0d0000860d00008a0d0000b70d0000d60d0000d70d0000e20d0000150e00004910000060100000bb120000
cd120000441400004c1400007f15000015170000d2190000611a0000651d00006d1d0000b91d0000c91d0000891f0000
052000001d2000004620000005230000902300000f27000021270000c52700005e280000a2010000aa020000e4020000
2c060000ca0900003d1d000012270000372700005928000089010000fd02000052030000a1040000f1040000b1050000
480600009d0800006a0900008e090000b3090000d3090000030a0000fb0a00002e0b0000730b00008d0b0000ed0c0000
310e0000d21100007f120000141300003c1400006014000077140000ab170000ba190000e9190000fb190000ee1e0000
221f0000a31f0000d51f00005c20000037220000a522000021230000b52300005f2600007e2600004527000078270000
dd27000067280000e9280000592900005d29000098290000ab2900008c2a00009b2b00000936000098360000bc380000
c43800004d390000f6390000a63a0000c53a0000e93a0000c53b0000fa3b0000893e000020140000e018000001220000
a6290000a3390000123a0000983f0000d60d0000cd120000d2190000611a00006d1d00001d2000004620000090230000
0f270000260000004f00000092000000a2010000b501000048020000aa020000e40200008e0500002c06000084060000
b4090000ca090000920b00003d1d0000da1f000097220000122700003727000059280000e50100005203000074040000
7c040000b10500009d080000b3090000bb0900008d0b0000a60b0000ed0b0000fa0b00002d0c0000ed0c0000310e0000
7f1200001413000060140000ab170000f51c0000a31f0000b12000008f2100003b22000055220000be22000046230000
79230000b523000008250000cb2500003f260000742600007e260000b3260000c6260000b42700005428000026290000
632900008c2a00008032000009360000d33700000d380000793800004d390000863a0000bb3a0000c53a000021400000
2f0d0000240e0000490f00006e0f0000011000001f110000fe110000a7120000ba120000f912000011130000fd130000
39140000531400009d150000b4170000d218000049190000c6190000181a0000022000000b2300009e2a0000d72a0000
c12b0000502e000018310000a43600003a3900004a3900000d3d00003f0000001d0100004f010000e501000052030000
560300009a030000ef0300006d040000740400001f0500007e05000093050000c40500004806000068060000ad070000
7d0800001b0900002709000084090000b3090000bb090000960a0000730b00008d0b0000910b0000fa0b000079120000
381300003c1400007714000022150000a715000025160000fd16000032170000be170000371b0000fc1c00008f210000
a522000021230000cb2500005f260000b4270000542800002629000063290000132a00007f2a0000d22b00000d2c0000
202c0000612c0000e62c00003036000039360000d33700000d38000079380000b5380000c9390000a63a00005f3b0000
9c410000e91900005c200000372200009b2b0000f6390000890100006b0300001a0500001f0500004806000062070000
1b090000270900006a0900008e0900001d0a0000730b0000a60b0000d21100003c1400007714000022150000a7150000
25160000fd16000032170000be170000e9190000371b0000fc1c00005c20000037220000a5220000212300005f260000
b4270000542800002629000063290000062a0000132a0000462a00009b2b0000d22b00000d2c0000202c00006c300000
30360000393600009836000079380000d6380000c9390000f6390000a63a00009c410000b20a0000040b00000c220000
20140000e82100004b240000bf290000a339000099400000584100006a090000a60b00006e0c000032130000341f0000
5a1f000037220000be22000033230000f200000000020000891d0000380d0000d60d00000d0e0000cd12000040140000
6d1d0000d81d0000971f00002527000072140000e51400004a1e0000b42400005a260000da260000dc270000e92e0000
732f0000a13a00001e3f0000dd3f0000384000007f0d0000cd12000040140000971f00001b2300006123000089010000
6b0300006a090000b20a0000040b0000a60b000032130000341f00005a1f00005c2000000c220000372200007b3b0000
ce3b0000453e000063130000041a00004f1a00000a0100006b030000b1050000810a0000400b0000a60b000094150000
8f170000ab170000d80000009e0200006c150000a4000000d30000000f010000d50100004f02000070030000b6050000
8d06000044070000c9080000ab0b0000121500005915000099150000b01700006600000008030000b60500008d060000
44070000c9080000ab0b0000f20c0000b0170000e01f0000bf220000ba230000b1050000810a0000400b0000a60b0000
ed0c0000631300008f170000ab170000041a00004f1a0000be220000b5230000483b00000c3c0000c83d0000b20a0000
040b00006313000025140000041a00004f1a0000ed2100000c220000c02900000a0100006b030000b10500006a090000
810a0000400b0000a60b00006e0c0000490d000072110000a511000032130000b2130000311500009415000061170000
8f170000ab170000341f00005a1f000037220000be220000332300007f270000f2280000c4290000d8000000f2000000
000200009e0200003b0d0000d80d00006c150000891d000026270000890100006b030000b10500006a090000810a0000
b20a0000040b0000400b0000a60b0000ed0c0000ec0d000072110000a51100003213000063130000b213000025140000
611700008f170000ab170000041a00004f1a0000341f00005a1f00000f2000005c200000ed2100000c22000037220000
be220000b52300007f270000f2280000c0290000c4290000483b00007b3b0000ce3b00000c3c0000b73c0000363d0000
c83d0000453e0000a13e0000201400000f190000e8210000bf290000093a00004f3f0000a13f0000380d0000b70d0000
d60d0000491000005a140000671a0000fd2200009f23000025270000a4000000f8000000d50100004f0200008d060000
44070000c90800006f090000a70b0000730c000012150000ed1a00003c220000c322000038230000890100006b030000
a1040000f1040000e40500006a0900008e090000a60b0000030c00003f0c0000a50d0000b1100000d2110000df120000
3c14000077140000ea140000de170000031d00005c200000372200005b2200002123000080230000b924000011250000
5c250000dd250000032600005f260000db260000df260000dd270000922c0000782f000089320000da32000098360000
1f38000049380000a63a000039400000731000000f1300006f240000dc270000872a0000fa2a0000342c0000ae2d0000
182e000048390000ca4000001c410000b34100002b0e0000491000005a1400003c18000098180000671a000066000000
8e010000080300006c0300008d06000044070000c90800006f090000a70b0000e01f0000612000003c220000a1040000
f1040000b1050000f20600006b0700009d08000039090000a60b0000ed0c0000310e0000e80f00003610000078100000
7f1200001413000060140000f1160000ab170000e61a00003e1b0000031d000053210000be220000b5230000dd270000
1c2a0000582a00008c2a0000ff2a0000272b0000d82b0000352c0000392c0000572d0000b32d0000753000004e320000
093600004b3600003c3700004d390000b4410000ee0300006c040000f4050000920a0000dd0b0000530e0000f80f0000
731000002c13000024160000ee170000f41d0000381e0000f72400003e260000a7260000c1260000fa2a0000a22c0000
ae2d0000e42d0000182e0000fd2e0000b62f0000e43600005a3a0000853a00005b3b0000cb3f00001440000031010000
8b0100001002000000060000bd0600006c0900004910000055150000151700003c180000891f00005b230000580d0000
1b0e0000db0e0000050f000016100000321000005d1000008a100000cb10000057120000ba120000d013000039140000
4a14000040150000ec150000681e00001a1f0000411f00000b2300003b2700005d280000aa2a0000fc2a0000432b0000
6f2d0000822d0000c52d0000ca360000513a0000d93c000033020000ca0900007c1e0000b427000054280000642b0000
d62e00007310000024160000ee170000381e0000f7240000a7260000c1260000fa2a0000ae2d0000182e0000fd2e0000
b62f0000cb3f0000144000004910000055150000151700003c180000891f00005b230000e501000052030000a1040000
10060000f2060000b3090000fb0a00008d0b0000e80f00005c1e00007c1e0000221f0000b427000054280000642b0000
b22c0000572d0000d62e0000c53b0000ee030000220400000b05000019050000f40500001c0a00007b0a0000f80f0000
43130000e5140000b0200000d620000020210000b4240000f6290000372b0000012c00001b2c0000a22c00001f2d0000
e92e0000292f00004c2f0000732f000062360000d538000027390000423b0000134100008f410000c805000084080000
fb090000950c0000ef0c00007f0d0000cd120000fa1700005118000092180000d2190000611a00009a030000f3030000
740400001f05000025050000c4050000f9050000580600009a0600000f07000062070000a60700005b090000e3090000
2a0a0000870a00002d0c0000b30c0000f10c0000a50d0000f90f0000df12000047130000ea14000056160000a51a0000
fc1a0000371b00006e1c0000fc1c0000b12000000021000025210000b92400000825000087280000df280000f7290000
462a0000382b00000d2c0000202c0000a72c0000d62c0000092f00002e2f0000782f0000d62f00000a3000006c300000
80320000e3380000503b00009c4100002c0600001d1800005d000000be000000330200008e0500002c0600004d060000
84060000ca0900007f0b0000231500001d180000aa220000b927000059280000f1040000e40500004006000048060000
2e0b0000730b0000b11000002215000021190000fb190000981a0000a5220000e7240000b427000054280000922c0000
ca2c0000a62f0000fa3b0000ee030000220400006c0400000b05000019050000f40500001c0a00007b0a0000920a0000
dd0b0000530e0000d70e0000700f0000850f0000f80f0000671000007310000081110000c01100002c13000043130000
a8140000e5140000241600009e160000ee170000f41d0000381e000093200000b0200000d62000000821000020210000
b4240000f72400008b2500003e260000a7260000c1260000cf2700004c280000fc28000070290000f6290000bd2a0000
fa2a0000372b0000012c00001b2c0000a22c00001f2d0000a22d0000ae2d0000e42d0000182e00002d2e0000e92e0000
fd2e0000112f0000292f0000412f00004c2f0000732f0000b62f00000434000085350000cb35000062360000e4360000
d5380000273900005a3a0000853a0000093b0000423b00005b3b0000243f0000cb3f000014400000ae40000013410000
8f410000310100008b01000010020000c805000000060000bd060000840800006c090000fb090000950c0000ef0c0000
590d00007f0d00001d0e00004910000060100000bb120000cd120000441400004c140000411500005515000015170000
fa1700003c1800005118000092180000d2190000611a0000891f00000d2300005b2300003c2700005e28000033020000
2c060000ca0900001d180000b927000059280000e501000052030000a1040000f1040000e40500001006000040060000
48060000f2060000b3090000fb0a00002e0b0000730b00008d0b0000a50d0000e80f00003610000078100000b1100000
df120000ea1400002215000021190000fb190000981a0000e61a00005c1e00007c1e0000221f0000a5220000b9240000
e724000078270000b4270000b8270000dd2700005428000067280000982800009c280000e928000098290000ab290000
ff2a0000642b0000922c0000b22c0000ca2c0000572d0000b32d0000d62e0000782f0000a62f0000e52f0000c53b0000
fa3b0000893e0000580d00001b0e0000490f00006e0f000016100000581000005d100000cb100000ba120000fd130000
391400004a14000095140000e714000040150000d21800002d190000181a0000771a00000b230000cb240000ea250000
972600003b2700005d2800006f2d00009a2d00008a2f00002f380000de3a00000d3d00004f0100008d0100005f020000
9a030000ef0300006d040000740400001f050000f505000018060000580600009a0600000f07000062070000ad070000
5b0900006e090000960a0000de0b00002d0c0000fd0f0000361000007810000038130000681500002516000056160000
1d170000ef170000e61a0000f51c00000021000079230000fc240000082500004c260000b3260000c626000087280000
df280000462a0000ff2a0000a32c0000d62c0000b32d0000092f0000bb2f0000d62f00000a3000006c30000080320000
933a00005f3b000021400000981a0000e7240000b427000054280000a62f0000e5010000520300001a0500001f050000
58060000f2060000b30900008d0b0000fa0b00002d0c0000590c0000e80f000036100000781000006815000025160000
561600001d170000ef170000981a0000e61a0000f51c000079230000ac240000e7240000fc24000008250000cb250000
b3260000c6260000b42700005428000087280000df280000ff2a0000d62c0000572d0000b32d00006b2f0000a62f0000
bb2f0000d62f0000803200000d38000021400000e5140000b0200000d620000020210000b4240000372b0000012c0000
1b2c0000e92e0000292f00004c2f0000732f0000134100008f4100007f0d0000cd1200005118000092180000d2190000
611a00005d000000be000000e601000033020000570300008e0500002c06000084060000b4090000ca090000920b0000
1d180000b927000059280000740400007c040000e405000048060000770600000f0700006207000027090000730b0000
a50d0000b1100000df120000ea14000022150000fc1a0000371b00006e1c0000fc1c00007c1e0000b120000000210000
25210000a5220000b9240000b42700005428000087280000df280000132a0000462a0000722a0000382b0000642b0000
0d2c0000202c0000922c0000f52c0000d62e0000092f00002e2f0000782f0000d62f00006c300000393600009c410000
800f00000b2400002f240000282e0000833900008e3d0000a13d0000133e00002f3f0000bf4000007141000097130000
d0130000221400001e1a00002e1a0000460a0000a80a0000df0a0000e60a0000fb0a00004c170000a0170000fb190000
ed210000ab290000ca2900002a040000800400004b0e0000810f0000581300009d130000ea1300002014000024140000
2a16000044170000ba1c0000ca1c000001220000d32300000c2400003024000037240000a6290000dc2d0000292e0000
9a300000a730000031310000b5310000613200000c33000087390000333f00004f3f000085400000c440000046410000
774100007f4100004f1a0000b20a0000fb0a00005a0b00004c170000a0170000fb1900004f1a0000ed210000ab290000
ca2900009f170000fd180000e8210000a6290000732e000075310000093a0000983f0000090d0000240e000001100000
5d1000008a1300000a1400004a140000531400004015000073170000411f00005d2000002522000038220000f5220000
bd000000fd020000360300007e05000048060000b3070000ef070000b30900006d0a00002e0b00005f0b0000730b0000
8d0b0000b90c0000490d0000721100005d130000b213000088150000b1160000a4170000221f0000d51f0000ed1f0000
d2210000da21000089220000322700007027000054280000e9280000922900009829000017000000ec000000ac010000
b1010000fa0100008f020000ed0200003b0d000080150000172700001d270000eb0000006501000092010000e5020000
8f030000c3060000ff0600008408000073090000ca0b0000d70c0000010d00000c0d0000500d00008a0d00008b0d0000
d60d0000d70d0000270e0000041000005e100000101200004c140000561400005a140000431500008c15000076160000
ef1a0000c91d0000891f0000f91f00001d200000652000006d2000004022000048220000fd220000052300000f270000
8f270000a8280000941500008f170000ab1700006c1500000b000000e9020000a20100003c03000044070000790b0000
121500005915000099150000b0170000fd02000036030000480600006a0900002e0b00005f0b0000730b00008d0b0000
6e0c0000490d00007211000032130000b2130000221500008815000094150000b1160000541700008f170000a4170000
ab170000221f000089220000322700007027000054280000e92800009229000098290000f2000000fa0100008f020000
e6020000ed0200003b0d00006c15000080150000172700001d270000380d0000b70d0000491000000511000038150000
7b1500007f15000025170000611a0000902300000f2700002600000092000000c3000000f8000000a201000048020000
e4020000e80200003c0300008605000049060000840600006f090000790b0000920b0000b10b0000730c000027150000
5915000099150000b01700008f22000097220000ee0300005e040000190500006d050000830900007b0a0000a70a0000
de0a0000580c0000770e0000270f0000700f0000b50f0000101000006c110000ac110000c0110000741200000f130000
4313000058130000ad130000b5140000e9150000321600000d1700009f170000781b000084200000b0200000ee200000
f4200000cc210000e821000050220000682200009c24000091250000a125000073260000a7260000c12600008c290000
a6290000872a0000bd2a0000692d0000f12d00005b2f0000f0330000043400008b3500009b35000062360000f2360000
0c37000063370000ee3700008d380000b43800000539000048390000e0390000ba3a0000423b0000703b0000a73b0000
b23c0000d63d00007c3e00000a3f0000493f0000cb3f0000fc3f00000440000014400000ae400000ca40000037010000
c1010000c3060000ff0600008408000073090000ca0b00007d0c0000950c0000310d0000e00d00001d0e00002b0e0000
041000005e100000101200004c140000561400005a1400008415000076160000891f0000092000004022000048220000
a7220000152300003d230000422300005b2300005a270000a82800000803000044070000790b0000b0170000c9220000
ba23000089010000fd020000520300001a0500001f050000b105000048060000500600006a0900008e090000810a0000
8d0b0000a60b0000fa0b00002d0c00005e0c0000ed0c0000ec0d0000a5110000d211000063130000251400003c140000
7714000025160000cd160000f116000061170000ab170000be170000f3170000f51c0000be2200002123000079230000
b5230000b9230000a4240000f824000008250000cb2500005f260000ad260000b3260000c6260000e5260000d82b0000
ce2c0000632f0000b72f000080320000983600003c3700000d380000a63a0000483b0000363d00001a40000021400000
2f0d0000df0d00001b0e0000011000005d1000008a13000097130000d01300000a140000221400004a14000053140000
731700001e1a00002e1a0000411f00002522000038220000142300003c2300009d3c0000d93c00001b3d0000333d0000
f73d00003f00000055010000cd010000e5010000520300007e05000048060000b3070000ef070000b3090000460a0000
6d0a0000a80a0000df0a0000e60a0000fb0a00002e0b00005f0b0000730b00008d0b0000721100005d130000b2130000
2215000088150000b11600004c170000a0170000a4170000fb190000221f00000f200000d2210000da210000ed210000
a522000078270000b427000054280000e92800009229000098290000ab290000ca2900001f3b0000713b0000a83b0000
af3b0000c53b0000fa3b00002b3c0000b73c0000d73d0000823e0000893e00008f170000ab1700004f1a0000b5230000
c83d000089010000fd02000052030000480600006a090000b20a0000fb0a00002e0b00005a0b00005f0b0000730b0000
8d0b00007211000032130000b21300002215000088150000b11600004c170000541700008f170000a0170000a4170000
ab170000fb1900004f1a0000221f00000f200000ed210000a5220000b523000078270000b427000054280000e9280000
9229000098290000ab290000ca2900007b3b0000c53b0000fa3b0000263c00002b3c0000b73c0000c83d0000d73d0000
823e0000893e000073100000201400001e16000024160000311700005c170000fa2a0000cd2b0000012c00001b2c0000
ae2d0000182e00004f370000c8390000eb390000313d0000134100008f410000e60d0000491000000511000025170000
3c1800007918000092180000611a0000470000005d0000008e010000fe02000057030000760300008605000049060000
840600006f090000790b0000920b0000b10b0000b0170000c9220000ba2300001a0500001f050000b1050000f2060000
4d0700006207000027090000b3090000220a0000810a0000730b0000ed0c0000ec0d0000e80f00003610000078100000
a5110000631300002514000025160000051700001d1700003617000061170000de170000e61a00001f1b0000371b0000
fc1c0000d51f00005c20000037220000a52200005c250000fe290000132a0000462a0000ff2a0000ce2b0000072c0000
0d2c0000202c00003f2c0000572d0000b32d0000563000006c300000da32000039360000db380000cd390000483b0000
363d0000954100009c4100002f0d0000df0d00001b0e0000db0e0000050f0000210f0000011000005d100000fe110000
a7120000d3120000a4130000d013000005140000291400004a1400005314000089140000c2140000ec1500000c1e0000
271e0000fa1e0000411f00004e1f00005e1f0000c91f000038220000142300003c230000d3240000252500005c260000
f52e0000922f00001d320000a1320000a43600001a370000323900008d390000a7390000653a0000a33a0000d93c0000
ab1700007f1f0000a31f0000b52300007e2600006f3a0000c53a000046150000a01d00006b1e0000380d0000b70d0000
f50d000023100000491000002712000045120000db1200007f15000015170000841d0000b91d0000c91d0000d31d0000
251e0000931e0000fe1e00000d1f0000651f0000691f0000891f0000921f00000f270000f7310000b13600004a3a0000
513e00003f000000e5010000520300009a030000b3030000f303000074040000950400001f050000250500007e050000
9305000048060000a60700007d0800001b090000270900006e09000088090000b3090000bb0900004b0a0000870a0000
ee0a0000370b0000730b00008d0b0000be0b0000fa0b0000660c0000810c0000b30c0000310e0000900e000075120000
14130000471300005013000073130000111400006014000022150000c4150000fd16000054170000f51c0000e51d0000
211e00002b1f00002f1f0000631f0000731f0000b12000008f2100003b22000055220000a5220000a922000046230000
792300009d240000cb25000074260000b3260000c6260000b4270000542800002629000063290000e2290000132a0000
8c2a0000612c0000fd2c0000e42e00005c2f00003036000039360000ef360000d33700000d38000079380000b9380000
143900004d39000071390000c0390000d33900006d3a0000bb3a0000043b0000503b0000eb3e0000d93f000021400000
4c4000001d000000c7000000d5000000f30000001a0100002e010000b9010000f1010000040200003902000099020000
e6020000000300004003000081050000c10500004b060000ba060000b6090000d00900007c0b00009a0b0000b40d0000
f612000027180000001b00008d1d0000071f0000941f0000d81f00002f20000093220000572300001027000035270000
572800000600000037000000f20100000d02000076050000fd050000260000004f000000920000009b000000a2010000
40020000aa020000e4020000e802000002030000440300008e030000a9030000a20400008e0500002c0600004d060000
7c06000084060000b7060000d00600000208000048090000ca090000cc090000d4090000250a0000340a00004e0a0000
f50a0000740b00007f0b0000c90b0000d50b0000de0c00009c1200003d1d0000461d0000581d0000df1d0000ef1e0000
1e1f0000301f00009e1f0000e122000047260000122700003727000059280000ee290000402b00001d300000ad380000
bd380000de380000553a00008e3a0000143b0000bf3b0000e501000052030000740400007c04000095040000b1050000
9d080000b3090000bb090000ee0a0000370b00008d0b0000a60b0000ed0b0000fa0b00002d0c0000ed0c0000310e0000
7f120000141300007b1300001114000060140000ab170000f51c0000f51d0000211e0000341f0000631f0000731f0000
7f1f0000a31f0000b12000008f2100003b22000055220000be2200004623000079230000b523000008250000cb250000
3f260000742600007e260000b3260000c6260000b4270000542800002629000063290000e22900008c2a000014320000
8032000009360000d33700000d38000079380000143900004d39000073390000c03900005b3a00006d3a00006f3a0000
863a0000bb3a0000c53a0000043b0000eb3e0000d93f000021400000d10000000d010000b90100000002000015020000
2402000099020000b405000005060000e0080000b60900009a0b0000b40d0000f61200004615000027180000001b0000
8d1d0000a01d00006b1e0000071f0000941f0000d81f00002f2000009322000057230000102700003527000057280000
eb00000021010000650100006e010000ab010000d2020000e50200005b030000f1030000fa0300006f040000a7040000
c0050000c8050000000600006a060000b6060000bd060000840800008c080000a4080000a8080000f40800006c090000
86090000cb090000fb0900009c0a0000960b0000850c0000c90c0000d20c0000f60c00002a0d0000380d00003e0d0000
860d00008a0d0000b70d0000ce0d0000d60d0000d70d0000e20d0000150e0000200e0000340e0000060f0000750f0000
4910000060100000b8100000c010000083110000e0110000611200007712000083120000b6120000bb120000cd120000
ce120000d4120000f4120000fd1200001913000035130000cd1300003a140000441400004c1400004f14000063140000
751400007f150000ab150000271600001517000034170000c217000090190000d2190000611a0000411d0000651d0000
6d1d0000711d00007d1d0000981d0000b91d0000c91d0000d31d0000d41d0000131e0000151e0000541e0000811e0000
fb1e0000061f0000091f00004b1f0000891f0000921f0000931f0000b21f0000052000001d20000046200000aa210000
052300002a230000902300000e260000672600000f27000021270000c52700005e2800007b2a0000972a0000a72a0000
6a2b0000d02b00000a2c0000282c0000e82c0000bc2e0000db2e0000da3000001036000015360000d53600006a370000
dc37000055380000b73800003339000052390000cb390000ae3a0000653b0000d63c000099410000a2010000aa020000
e40200008e030000fc0500002c060000ea080000ca090000250a0000c90b00003d1d0000641d0000df1d0000f11e0000
1e1f00009e1f0000122700003727000059280000ee290000402b000022360000de380000553a000072140000e5140000
4a1e0000b42400005a260000da260000dc270000e92e0000732f0000633a0000a13a0000603e00001e3f0000673f0000
dd3f0000384000007f0d0000cd120000de13000040140000521f00006c1f0000971f00001b23000061230000690d0000
23100000cc13000069140000421f00006c1f0000971f0000f622000061230000380d0000d60d00000d0e00003a0e0000
23100000cd120000cc130000de13000040140000691400006d1d0000841d0000d81d0000421f0000521f00006c1f0000
971f000025270000d43c0000e73c0000563e00006600000008030000b60500008d06000044070000c90800005a0a0000
620b0000ab0b0000f20c000080130000b0170000351f0000841f0000e01f0000d5210000bf220000ba23000066000000
48010000bd0100001f0200008d060000fb060000a707000009080000120900005a0a0000880a0000d60a0000050b0000
fa1400004c150000a11600003c1700007817000029000000e1000000a501000001020000f102000047150000a4000000
d30000000f010000d50100004f0200002003000070030000b60500008d060000fb06000044070000a707000009080000
c9080000120900005a0a0000880a0000d60a0000050b0000620b0000ab0b0000c00c0000801300001215000059150000
99150000a11600003c17000078170000b01700005c1d0000c01d0000351f0000841f0000f81f0000d52100002e3b0000
513b00009f3b0000cf3b00002e3c0000b13d0000890100006b030000a1040000f10400005d050000e40500006a090000
8e090000ca0a0000400b0000a60b0000030c00003f0c0000a50d0000b1100000d2110000df120000f71300003c140000
77140000ea140000de170000031d0000eb1d00004b1e0000551f0000771f00005c20000024220000372200005b220000
2123000080230000b9240000112500005c250000dd250000032600005f260000db260000df260000dd270000922c0000
782f00003f310000173200002c32000089320000da320000983600001f3800004938000008390000683a0000a63a0000
f73e00006c3f0000de3f0000ff3f00003940000001010000660100002b0200009e02000085080000e708000077090000
a90b0000710c0000600d00006a0d00008d0d0000241000006b14000050150000dc16000042180000031b0000981f0000
44220000c12200000623000036230000622300000a0100006b030000b7040000f1040000b1050000c008000039090000
6a0900007c0a0000810a0000040b0000400b0000a60b00006e0c0000490d0000d00f00002910000072110000a5110000
cd110000321300007b130000b2130000311500009415000061170000771700008f170000ab1700008b1b0000cc1e0000
e91e0000341f00005a1f00007f1f0000b621000037220000be22000033230000e52300004c2400007f270000f2280000
c42900001c2a0000be2a00000f2b0000512b00003f2d0000792d0000cc2d0000012e000011340000f53400004b360000
633600008636000059370000e4370000433b0000ce3b0000b03d000072400000e7400000594100007a410000d8000000
f200000096010000000200009e0200006e03000085080000e708000077090000a90b0000a30c00003b0d0000d80d0000
3c0e0000241000006b1400006c150000dc160000501d0000861d0000891d0000bd1d0000d91d0000981f000069200000
4422000026270000090d0000580d0000050e0000050f0000120f0000740f0000011000000a100000321000000b120000
ba1200008a130000c4130000c9130000fd1300003914000053140000ca140000ee140000b4170000fd1d0000121e0000
2c1e0000681e0000491f00004e1f0000801f0000a71f000014230000b6230000c32400001e2500007f260000632d0000
822d0000ef2d0000092e0000f02e0000822f00001a3200009932000017370000703a0000c63a0000d13c00005a1f0000
c81f00003722000033230000cf240000f32e00008e2f0000891d0000a91d00006b1e0000500d0000ce0d0000d60d0000
2d100000101200002f120000cd120000f41200006d1d0000981d0000c91d0000d31d0000251e00005f1e0000711e0000
9b1e0000061f0000651f0000691f0000891f0000921f00001d2000000f2700007d2d0000c32e0000cd2e0000513e0000
bd00000055010000fd02000015030000360300009f030000db030000f80300001b0400007c040000a4040000be040000
1a0500002c0500007e050000df0500004806000050060000da060000b30700003508000068080000dd08000030090000
4e090000b3090000d70900006d0a0000ac0a00002e0b00005f0b0000670b0000730b00008d0b0000f20b000049110000
58110000a0110000a511000031150000cd1600006117000024190000171e0000ba1e0000d61e0000e51e0000221f0000
d51f00002620000074200000c3200000f82000000f21000073210000d22100000622000089220000d425000032270000
70270000542800006f280000e92800004b29000092290000982900000b2a00004a2b00008d2c0000ce2c0000182d0000
3b2d0000372e0000602e0000012f0000182f0000342f0000452f0000be2f0000ed2f0000283000008f300000d6340000
f1340000fe3500004236000016380000ee3800001c390000d13e000066400000544100001700000042000000ee000000
b1010000e8010000fa0100008f020000ed020000f50200005f03000081050000c10500004b060000ba060000b6090000
d00900007c0b00009a0b0000d40c0000f70c0000d00d0000d80d0000f612000025150000421d0000991d0000d51d0000
071f0000941f00001e200000b2220000172700001d270000c1270000572800000b000000c6000000a701000076050000
fd050000691d000026000000920000009b000000c3000000d30000000f010000a2010000b5010000ea01000040020000
d1020000e40200003c03000044030000a9030000a204000086050000aa050000b2050000b6050000cd050000fc050000
03060000110600005f0600007c0600008406000002080000b8090000fa090000340a00004e0a0000f50a0000790b0000
7f0b0000b10b0000610c0000fd0c0000fa110000ed1a0000d21b0000581d0000641d0000681d0000b41d00005d1e0000
301f0000cd1f00003c2200008f2200003823000094240000d02400007a2a0000772c00007b2c0000b32c0000dd2c0000
532f00008f2f0000143b0000bf3b0000eb0000006e0100007301000092010000ab010000ae02000021030000f1030000
fa0300006f040000a7040000c0050000eb050000f705000030060000bd060000e40600008c0800009108000013090000
73090000db0900009c0a00008f0b0000e00b0000c90c0000f60c0000010d00000c0d0000340d0000380d00003e0d0000
5b0d0000860d00008b0d0000a00d0000a80d00000d0e0000150e0000060f0000750f0000fb0f00000210000004100000
0b10000023100000261000003310000076100000a6100000b51000000011000005110000831100000d12000033120000
bd120000e212000035130000cd130000401400004414000054140000cc140000ef140000381500005b1500007b150000
7f1500002716000025170000b5170000ba170000f117000028190000591a0000611a0000761c00007d1d0000841d0000
851d0000ad1d0000131e0000151e0000691e0000881e0000a41e0000b21e00004b1f0000a81f00002a20000011210000
40210000e222000017230000902300009a230000be230000c6230000c4240000fa240000222500004826000084260000
b0260000ce2600000f2700008f270000a8280000072b0000552b0000992c0000a52c0000642d0000832d0000b12d0000
3b2e00001a2f0000832f0000b92f000033300000f03100000c3200009e3200008f3a0000cb3a0000653b0000d63c0000
1e400000d5010000d1020000e40200000a060000c9080000fa090000b10b0000610c0000ed1a0000d21b0000b41d0000
8f1e0000cd1f00003c2200008f2200003823000094240000d0240000ac2c0000532f00008f2f00000a010000e5010000
360300007c040000a1040000ae040000b1050000cc05000010060000dd08000030090000b3090000810a0000ee0a0000
f30a00002e0b0000730b00008d0b0000a0110000a5110000f5110000311500006117000024190000171e00005c1e0000
d61e0000e51e0000221f00002b1f00005a1f0000c81f0000d51f00002620000074200000c3200000f82000000f210000
73210000d221000006220000372200008922000033230000cf2400003227000070270000542800006f280000e9280000
4b29000092290000982900000b2a00004a2b00007a2c0000b22c0000072d0000272d0000372e0000602e0000f32e0000
012f0000182f0000342f0000452f00008e2f0000be2f0000ed2f0000f13400004236000081360000bd3b000066400000
54410000d8000000b1010000b9010000e8010000fa0100008f0200005f030000b405000005060000e0080000b6090000
9a0b0000fa0c0000d00d0000d80d0000f61200004d1d0000661d0000891d0000991d0000a91d0000d51d00006b1e0000
071f0000941f00001e200000172700001d270000c127000057280000ee030000460400005e0400008c04000019050000
6d050000830900007b0a0000a70a0000de0a0000580c0000770e00008f0e0000270f0000700f0000940f0000b50f0000
101000006c110000ac110000c0110000741200000f1300004313000058130000ad130000b5140000e915000032160000
0d1700009f170000781b0000e41d0000061e00001c1e0000201e000084200000b0200000ee200000f4200000cc210000
e821000050220000682200009c24000091250000a125000073260000a7260000c12600008c290000a6290000872a0000
bd2a0000692d0000f12d0000e32e00005b2f0000f0330000043400003a3400005634000065340000063500000b350000
8b3500009b35000062360000703600007d360000eb360000f23600000c37000063370000ee370000f73700008d380000
96380000b4380000053900004839000070390000bb390000e03900006c3a0000ba3a0000423b0000703b0000a73b0000
4c3c0000523c0000653c0000723c0000b23c0000733d0000a73d0000d63d0000f03d00005a3e00005b3e00007c3e0000
0a3f0000493f0000cb3f0000d43f0000fc3f00000440000014400000ae400000ca40000037010000c1010000c3060000
ff0600008408000073090000aa0a0000e10a0000ca0b00007d0c0000950c0000310d0000e00d00001d0e00002b0e0000
041000005e100000101200004d13000067130000a6130000071400000e1400002a1400004c140000561400005a140000
8415000076160000a21700002d1f00004f1f00005f1f0000611f0000691f0000891f000009200000f521000040220000
48220000a7220000152300003d230000422300005b2300005a270000a8280000b32900000803000044070000620b0000
790b0000b0170000371f0000841f0000c9220000ba23000089010000fd020000520300001a0500001f0500002c050000
b105000048060000500600006a0900008e090000810a0000ca0a0000370b00005f0b00008d0b0000a60b0000fa0b0000
2d0c00005e0c0000ed0c0000ec0d0000a5110000d2110000631300007b13000025140000301400003c14000077140000
25160000cd160000f116000061170000ab170000be170000f3170000f51c0000e61d0000391e0000341f0000551f0000
731f00007f1f0000831f0000be2200002123000079230000b5230000b9230000a4240000f824000008250000cb250000
5f260000ad260000b3260000c6260000e5260000d82b0000ce2c00003b2d0000e52e0000fe2e0000632f0000b72f0000
143200008032000098360000f5360000343700003c3700000d38000008390000683a0000a63a0000483b0000363d0000
eb3e0000d93f0000e03f00001a40000021400000ee400000190100002901000034020000c0050000b606000091080000
cd080000cb090000840a0000b60a00000c0b00009b0c00001c0d0000420d0000730d0000d11000005b11000086110000
95110000a8110000f41200005b1300008d130000b0130000d71300003415000084150000761600006c170000a2170000
261800002d180000141a0000151a0000d11e0000061f0000651f0000921f0000e11f00002e20000032200000d6210000
10220000122200005223000051270000a0280000952900000c020000fc05000012090000f40a0000fa1400004c150000
a11600003c17000078170000f4010000f102000047150000d1000000010100002c010000000200002402000037020000
99020000ed0200004b060000b9060000e008000077090000ce0900009a0b0000710c0000600d00006a0d0000db0d0000
2410000047120000251500002b1500004615000049150000561500009715000016170000ae170000001b0000941f0000
9b1f0000932200005523000057230000eb000000650100007301000092010000d9010000e50200008f030000c0050000
b6060000c3060000ff0600008408000091080000cd08000073090000cb090000840a0000aa0a0000b60a0000e10a0000
0c0b0000ca0b0000d20c0000d70c0000f60c0000010d00000c0d0000210d0000500d00008a0d00008b0d0000c70d0000
ce0d0000d60d0000d70d0000ef0d0000270e0000041000005e100000d11000005b1100008611000095110000a8110000
10120000f41200004d1300005b130000671300008d130000a6130000b0130000d7130000071400000e1400002a140000
4c140000561400005a140000431500008c150000761600006c170000a2170000141a0000151a0000ef1a0000411d0000
7e1d0000941d0000981d0000c91d0000d31d0000d11e0000061f00002d1f00004f1f00005f1f0000611f0000651f0000
691f0000891f0000921f0000f91f0000182000001d200000652000006d200000d6210000f52100001022000012220000
4022000048220000fd220000052300000f2700008f27000099270000a0280000a828000095290000b32900004c3b0000
733b00007f3b0000aa3b0000d63b0000a23c0000b53c0000e03c0000183d00001f3d00003b3d0000d93d00004a3e0000
4c3e0000513e0000863e0000a2010000200300003c030000fc0500004407000012090000f40a0000620b0000790b0000
121500005915000099150000a11600003c17000078170000b0170000641d0000c01d0000371f0000841f0000be3b0000
2e3c0000b13d0000fd02000036030000a1040000bd0400001f05000048060000cf060000c00800001b09000030090000
6a090000d3090000f30a00002e0b00005f0b0000730b00008d0b00006e0c0000490d0000d00f00002910000072110000
b31100009712000032130000b2130000221500008815000094150000c4150000ef150000fb15000059160000b1160000
fd16000018170000541700008f170000a4170000ab170000c6170000cc1e0000de1e0000e51e0000ee1e0000191f0000
221f00002b1f00008922000028260000322700007027000054280000e928000092290000982900000b2a00003f2b0000
4a2b00003f2d0000792d0000cc2d0000012e00001c3000008e30000081310000a2310000e9340000f134000030360000
423600008136000070380000bc3800001b390000d3390000e4390000503a0000bd3b0000733f00006640000054410000
5b410000f200000096010000fa0100008f020000e6020000ed020000000300005f0300004b060000b9060000e0080000
77090000ce0900009a0b0000db0c00003b0d0000f70d000024100000471200006c1500008015000016170000ae170000
441d00004d1d0000861d0000ba1d0000d51d0000dc1d0000941f00009b1f0000c2230000172700001d2700002f0d0000
240e0000190f000001100000ba1200008a13000097130000a4130000c4130000d6130000fd1300000a14000039140000
531400009d150000f61500007b17000093170000b4170000181a0000491f00004e1f0000801f000002200000a8200000
ea210000f12100000b230000053700001d3700005b37000088370000f93700009d3c0000c93c0000df3c00000d3d0000
b43d00005a1f00005c2000000c220000242200003722000003380000453e0000421800008f1d00009e1e0000500d0000
ce0d0000d60d0000d110000010120000161200002f120000cd120000f4120000d2190000591a00006d1d0000981d0000
c91d0000151e00005f1e0000061f0000091f0000891f0000ae1f0000182000001d200000462000009f210000aa210000
9a230000122600000f270000c32e0000ad360000dc370000593800003f000000e501000052030000cd0300008e040000
7e05000048060000b307000035080000b3090000460a00004b0a00006d0a0000ac0a0000e60a0000ee0a0000fb0a0000
2e0b0000370b00005f0b0000670b0000730b00008d0b0000b90c0000ec0d0000780e0000a5110000591300005d130000
25140000301400000a15000022150000bc150000bd15000045170000491700004c1700005417000061170000fb190000
221f00002b1f000026200000bf20000073210000d22100000222000006220000a522000078270000b427000054280000
e92800009229000098290000ab290000b6290000ca290000e22900005a3600007f36000083360000f336000034370000
4a3700004b3700007f370000013800009b380000a23800001f3b0000753b0000af3b0000c53b0000fa3b00002b3c0000
333c0000363d0000663e0000823e0000893e00001d0000006e000000ec00000038010000b9010000f101000099020000
b6020000e6020000ea0200000c0300000e03000095060000c406000029070000480700004a070000d0080000e4080000
db0d0000471200002b150000491d0000e41f00001e200000232000004121000010270000142700005427000056270000
a3280000a42800000600000056000000a3010000be0100007d060000fc060000260000004f000000920000009b000000
c3000000d30000000f010000a2010000b5010000ea01000040020000e40200003c030000440300008e030000ab030000
75040000860500008e050000b2050000b6050000cd0500007c060000840600006a0800006c0800006e0800003c090000
4f090000b4090000b8090000bc090000740b0000760b0000790b00007f0b0000b10b0000c90b0000f30b0000f40b0000
fd0c0000fa110000ed1a0000da1f00006c20000090210000bb2100003c220000472200008f220000b5220000e1220000
38230000d9250000e02500000c2a0000102b00007b2c000000360000023600004e360000d4370000e93700001b380000
22380000e5010000520300008e040000b1050000b3090000810a0000e60a0000ee0a0000fb0a00002e0b0000370b0000
730b00008d0b0000ed0c0000ec0d0000a5110000631300007b130000251400003014000061170000fb190000221f0000
2b1f00005a1f0000d51f0000262000005c20000085200000bf20000073210000cd210000d22100000222000006220000
0c2200002422000037220000a522000078270000b427000054280000e92800009229000098290000ab290000b6290000
ca290000e22900007f36000083360000f5360000343700007f370000ef37000001380000033800009b380000a2380000
483b0000af3b0000b73b0000c53b0000fa3b0000363d0000453e0000663e0000823e0000893e0000d10000002c010000
b1010000b9010000c6010000f101000099020000b6020000b90600000407000029070000d0080000e4080000db0d0000
471200002b15000042180000491d00008f1d00009e1e0000e41f00001e20000023200000412100001027000014270000
5427000056270000a3280000a4280000eb000000210100006e01000073010000ab010000210300005b030000f1030000
fa030000eb04000022050000c0050000c8050000bd060000c3060000450700008c08000091080000a4080000ab080000
ae080000130900001f090000320900008f0b0000960b0000c90c0000d70c0000f60c0000010d00000c0d0000340d0000
380d00003e0d00005b0d0000860d00008b0d0000f50d00000d0e0000150e0000270e0000d40e00004a0f000002100000
041000000b10000005110000dd110000e31100000d120000451200004e1200006512000083120000bb120000bd120000
c11200003a1400003d14000040140000441400005414000056140000911400009214000016150000381500005b150000
7f150000a0150000ab1500001116000013160000c5160000d0160000f6160000f8160000b5170000b7170000ba170000
c2170000b2190000611a0000d31d0000921f0000052000002a200000b3200000402100009c210000a6210000e2220000
10230000172300002a23000090230000be230000c6230000f4250000fb2500000f2700008f27000099270000a0280000
a82800003129000035290000242a0000b12a0000a62b0000dc2b0000de2b0000642d000010360000183600001b360000
3436000044360000c2360000d9360000413700004337000077370000d8370000da3700003a3800004138000085380000
d5010000e40200008e030000fb060000c9080000d30800003c090000b10b0000c90b0000ed1a0000f81f00006c200000
92210000bb2100003c220000472200008f220000382300000c2a0000102b00001e3600004e360000e937000089010000
6b030000b70400006a090000b20a0000ca0a0000040b0000400b0000a60b000032130000341f00005a1f00005c200000
0c22000024220000372200007336000086360000033800007b3b0000ce3b0000453e0000010100009e02000095080000
e7080000900c000042180000501d00008f1d00009e1e0000380d0000ce0d0000d60d00000d0e00002f120000cd120000
f41200003a1400004014000091140000671a00006d1d0000d81d0000251e00005f1e0000971f0000b51f00002a230000
9f230000fb2500001526000025270000c32e0000413800005c380000b1050000810a0000400b0000a60b0000ed0c0000
631300007b1300008f170000ab170000b0180000041a00004f1a0000341f00007f1f0000be220000b5230000f5360000
8237000097370000483b00000c3c0000c83d0000d10000002c01000000020000bd020000b90600003007000046150000
721500006d1600002700000067000000a3010000be010000f40200008e060000fc06000017090000fb140000a4000000
d30000000f010000d50100004f0200002003000070030000a9030000a2040000b2050000b6050000cd0500008d060000
fb0600004407000071080000c9080000d3080000120900001e090000a70b0000ab0b0000040c0000fd0c0000fa110000
121500005915000099150000c3160000ac170000b0170000c7170000f81f000092210000c3220000c5230000de250000
2d2600007b2c0000063600001e360000333600002038000075380000890100006b030000b7040000b10500006a090000
810a0000b20a0000ca0a0000040b0000400b0000a60b0000ed0c0000ec0d000072110000a51100003213000063130000
7b130000b21300002514000030140000611700008f170000ab170000b0180000041a00004f1a0000341f00005a1f0000
7f1f00000f2000005c200000ed210000f82100000c2200002422000037220000be220000b52300007f2700002f280000
f2280000c0290000c42900007336000086360000f5360000343700008237000097370000fc37000003380000a0380000
483b00007b3b0000ce3b00000c3c0000b73c0000363d0000c83d0000453e0000a13e0000d1000000010100002c010000
000200009e020000bd020000b90600003007000095080000e7080000900c0000390d0000430d0000db0d0000d2100000
471200002b15000046150000721500006d16000042180000501d00008f1d00009e1e00002627000061270000af280000
380d0000b70d0000d60d00003a0e000023100000491000004f100000681200005a14000069140000f218000098190000
b5190000671a0000841d0000d81d0000971f0000fd2200009f23000025270000a62a0000ad2b0000912d0000dc360000
7a370000a4000000f800000099010000d50100004f0200002003000070030000a9030000f20400008d060000fb060000
4407000071080000c5080000c9080000d3080000120900001e0900003a0900006f0900007a090000a70b0000ab0b0000
730c0000d10f000012150000c3160000ed1a0000f81f00006c20000092210000bb2100003c22000047220000c3220000
382300001d2a0000102b0000402d0000063600001e360000333600004c360000e9370000eb0000006e01000092010000
ab010000ae020000080400009d0400000006000030060000bd0600008c080000ab080000c2080000ec0800006c090000
73090000850c0000c90c0000380d0000b70d0000d90f000023100000491000004f100000dd1100007b1500007f150000
f1150000e2160000151700002517000098190000591a0000651d0000841d0000b91d0000c91d0000771e0000f21e0000
891f0000ae1f00009a230000122600000f270000482d0000912d0000d12e0000183600002436000059380000d1020000
e4020000f3080000ca090000fa0900003d1d0000521e0000ba2e0000380d0000b70d000023100000491000004f100000
7b1500007f150000f1150000e2160000151700002517000098190000591a0000841d0000b91d0000c91d0000771e0000
891f0000ae1f00009a230000122600000f270000912d0000d12e000059380000eb0000002101000065010000d2020000
e502000008040000f4040000c0050000c8050000d5050000b606000084080000a8080000cb090000fb090000070a0000
d20c0000f60c0000ce0d0000d60d0000e0110000f71100002f120000cd120000f4120000d718000085190000a1190000
b2190000d2190000611a0000411d00006d1d0000981d0000d31d00005f1e0000061f0000921f00001d20000046200000
17210000902300000f270000a62b0000832c0000c32e0000202f00001536000067370000773700001900000044000000
cb000000b5010000ea0100004002000048020000e8020000020300004403000062030000a00300007d04000026050000
7f05000083050000490600004d0600005106000069080000de0800003509000050090000b4090000b8090000760b0000
7f0b0000920b00009d0b0000f40b000027150000ce160000da1f0000f920000097220000b5220000d925000012270000
37270000c4270000552800005928000070280000502900000d2a0000cf2c0000022f0000bf2f0000ff35000047360000
1b380000a2010000aa020000fc0500002c060000360600008c190000641d0000c02c0000260000004f00000092000000
9b000000c3000000a201000040020000aa020000d1020000e4020000e80200000203000044030000ad03000026050000
860500008e05000096050000fc0500002c06000036060000490600004d060000510600007c060000840600006c080000
6e0800007e080000f3080000ca090000fa090000760b00007f0b0000f40b000027150000ce1600008c1900003d1d0000
641d0000521e0000b5220000d92500001227000037270000c427000055280000592800007028000050290000642c0000
c02c0000cf2c0000ba2e0000bf2f0000023600001b380000eb00000021010000650100006e01000092010000ab010000
ae020000d2020000e5020000080400009d040000f4040000c0050000c8050000d50500000006000030060000b6060000
bd060000840800008c080000a8080000ab080000c2080000ec0800006c09000073090000cb090000fb090000070a0000
850c0000c90c0000d20c0000f60c0000380d00003e0d00005b0d0000860d00008a0d0000b70d0000ce0d0000d60d0000
d70d0000e20d0000150e0000200e0000dc0e0000790f0000d90f000023100000491000004f1000005e10000060100000
64100000dd110000e0110000f7110000201200002f12000061120000bb120000bd120000cd120000f41200003d140000
441400004c1400004f14000092140000431500007b1500007f150000f1150000da160000e21600001517000025170000
d71800008519000098190000a1190000b2190000d2190000591a0000611a0000411d0000651d00006d1d0000841d0000
981d0000b91d0000c91d0000d31d00005f1e0000771e0000f21e0000061f0000891f0000921f0000ae1f000005200000
1d2000004620000005210000172100000523000010230000902300009a230000f4250000122600000f27000021270000
3e270000c5270000d42700005e280000602800002b29000069290000a72a0000a62b0000832c0000482d0000912d0000
9f2d0000c32e0000d12e00000e2f0000202f0000153600001836000024360000d536000067370000773700003a380000
593800007e380000a2010000aa020000d1020000e4020000fc0500002c06000036060000f3080000ca090000fa090000
8c1900003d1d0000641d0000521e00001227000037270000c427000055280000592800007028000050290000c02c0000
ba2e0000bf2f0000ce0d0000d60d00002f120000cd120000f4120000d7180000a1190000b2190000d2190000611a0000
6d1d0000981d0000d31d00005f1e0000061f0000921f00001d2000004620000017210000902300000f270000a62b0000
c32e0000202f000077370000260000004f000000920000009b000000c3000000a2010000b5010000ea01000048020000
aa020000d1020000e402000062030000ad0300007d040000860500008e05000096050000fc0500002c06000036060000
7c060000840600006c0800006e0800007e080000de080000f308000035090000b4090000b8090000ca090000fa090000
920b00009d0b00008c1900003d1d0000641d0000521e0000da1f0000f9200000972200001227000037270000c4270000
552800005928000070280000502900000d2a0000642c0000c02c0000ba2e0000022f0000bf2f00000236000047360000
2f0d0000df0d00001b0e00009a0f0000011000005d1000008a13000097130000a4130000d0130000051400000a140000
22140000291400004a1400005314000073170000c6180000dc1800001e1a00002e1a0000411f00004e1f00005e1f0000
2522000038220000142300003c230000053700001a370000313700008b370000903700009d3c0000d93c00001b3d0000
333d0000f73d00003f00000055010000cd010000e501000052030000cd030000470400008d0400008e0400007e050000
48060000b3070000ef070000b3090000460a00004b0a00006d0a0000a80a0000ac0a0000df0a0000e30a0000e60a0000
ee0a0000fb0a00002e0b0000370b00005f0b0000730b00008d0b0000721100005d130000b21300002215000088150000
bd15000033160000b11600004c17000054170000a0170000a4170000fb190000221f00002b1f00000f200000d2210000
da210000ed210000f8210000a522000078270000b427000054280000e92800009229000098290000ab290000b6290000
ca290000e22900005a360000713600007e3600007f360000833600004b370000643700007f370000fc3700009b380000
a23800001f3b0000713b0000a83b0000af3b0000c53b0000fa3b00002b3c0000b73c0000d73d0000823e0000893e0000
8f170000ab1700004f1a00007f1f0000b523000097370000c83d000089010000fd020000520300003d05000048060000
6a090000b20a0000ca0a0000fb0a00002e0b0000370b00005a0b00005f0b0000730b00008d0b00007211000032130000
b21300002215000088150000bd15000033160000b11600004c170000541700008f170000a0170000a4170000ab170000
fb1900004f1a0000221f00002b1f00007f1f00000f200000ed210000f8210000a5220000b523000078270000b4270000
54280000e92800009229000098290000ab290000b6290000ca290000e22900007336000083360000933600004b370000
643700007f37000097370000fc3700009b380000a23800007b3b0000c53b0000fa3b0000263c00002b3c0000b73c0000
c83d0000d73d0000823e0000893e00001d0000006e000000ee000000ae010000b9010000f101000099020000b6020000
e60200000c03000095060000290700004807000092080000ce080000d0080000e40800009c0c0000390d0000430d0000
d2100000801500008515000077160000491d0000e41f0000e61f000010270000142700005427000056270000a3280000
a428000046150000721500006d1600000600000056000000f40200007d06000017090000fb14000001010000f1010000
99020000b6020000e6020000ed0200000c030000290700004807000095080000e408000014090000900c0000390d0000
430d0000d210000003150000461500007215000080150000851500006d16000077160000491d00001027000014270000
5427000056270000a3280000a4280000eb000000650100007301000092010000d9010000e50200008f030000f1030000
fa0300006f040000a7040000b6060000c3060000ff0600008408000091080000a8080000ae080000cd080000d5080000
6c0900007309000092090000b20b0000ca0b00000b0c0000850c0000d20c0000d70c0000010d00000c0d0000340d0000
500d00008a0d00008b0d0000d60d0000d70d0000e20d0000200e0000270e00003a0e0000060f0000750f000002100000
041000000b1000005e10000060100000d1100000d9110000e0110000e31100000d12000010120000161200004b120000
61120000681200004c1400004f14000054140000561400005a140000691400009c140000431500008c15000027160000
76160000ec1600000a170000591a0000ef1a0000c91d0000131e0000151e0000891f0000ae1f0000f91f000018200000
1d200000652000006d200000932100009f210000392200003d22000040220000482200005f22000061220000ae220000
fd22000005230000172300003f2300004a2300009a230000d6250000f8250000082600000a260000122600000f270000
8f27000099270000a0280000a82800003129000035290000a62a0000a72a0000642d0000153600001b36000020360000
9f360000ad360000bf360000d5360000dc36000039370000183800003e3800004e380000503800005938000085380000
a2010000200300003c03000044070000120900001e090000740b0000790b0000f30b0000121500005915000099150000
c3160000ac170000b0170000c7170000e1220000c5230000e02500002d260000333600002238000075380000380d0000
b70d0000f50d000023100000491000004f10000005110000451200004e120000381500007b1500007f15000013160000
d016000015170000251700002817000098190000aa190000b2190000611a0000841d0000b91d0000d31d0000921f0000
902300000f270000a62b0000912d0000c23600007037000077370000260000004f000000920000009b000000c3000000
f800000099010000a201000048020000e4020000e8020000020300003c030000620300008e030000ab03000020050000
860500008e050000490600004d0600007c060000840600006a0800006c0800006e080000c50800001c09000035090000
3c0900004f0900006f0900007a090000740b0000790b0000920b00009d0b0000b10b0000c90b0000f30b0000730c0000
d10f0000271500005915000099150000fe160000ac170000b0170000c71700008f22000097220000e1220000c5230000
e02500002d2600000c2a00000d2a0000402d0000003600000236000031360000473600004e3600002238000075380000
ad130000e5140000201e0000b0200000ee200000e821000050220000b424000073260000a7260000c1260000e92e0000
732f00000c370000f73700006c3a0000ba3a0000b23c00005b3e0000673f0000cb3f0000d43f0000fc3f000014400000
7f0d000010120000cd120000de130000061f0000691f0000891f0000092000002e200000f5210000102200005b230000
420d0000d1100000b013000069140000421f0000611f0000651f0000921f000040220000f62200004223000052230000
500d0000d60d00003a0e0000d110000010120000cd120000b0130000de130000691400006d1d0000981d0000c91d0000
d31d0000061f0000421f0000611f0000651f0000691f0000891f0000921f0000182000001d20000065200000f5210000
10220000402200000f270000b53c0000e73c00004c3e0000513e0000470000005d0000007603000086050000b6050000
84060000b80900004e0a0000610a0000430b0000790b00007f0b0000b10b0000f20c000080130000301f0000371f0000
d61f000061200000d3210000292200003c220000aa220000c9220000470000005500000048010000d00100000c020000
1802000086050000fc0500007c060000a7070000f207000002080000fa090000340a0000610a0000880a0000e70a0000
f40a0000f50a0000f61700004818000067190000f41900002b1a00000f0000002d000000e1000000b2010000f4010000
f6010000a20200004318000026000000920000009b000000c3000000d30000000f010000a2010000b5010000ea010000
40020000d1020000e40200003c0300004403000086050000b6050000fc0500007c06000084060000a7070000f2070000
02080000b8090000fa090000340a00004e0a0000610a0000880a0000e70a0000f40a0000f50a0000430b0000790b0000
7f0b0000b10b0000c00c00008013000067190000f41900002b1a0000ed1a0000581d0000641d0000301f0000371f0000
f01f00004d200000d3210000292200003c2200008f22000038230000143b0000303b0000513b0000b03b0000be3b0000
bf3b00000f3c0000f43d000089010000fd02000052030000740400007c04000063050000e4050000480600006a090000
c3090000b20a0000ca0a0000370b00005f0b00008d0b0000e50b0000fa0b00002d0c0000a50d0000b110000072110000
df12000032130000b2130000f7130000ea140000ab1700006e1c0000f51c0000731f00007f1f00000f2000003a200000
7a200000b1200000ef2000002821000053210000ed210000f82100001c2200005122000079230000b5230000b9240000
08250000cb2500004426000078260000ad260000b3260000c6260000e5260000272b0000922c0000782f00003f310000
14320000313200004e3200005a320000713200008032000073360000fc3700000d3800008b3a0000bf3a00007b3b0000
b73c0000eb3e0000fe3e00006c3f0000d93f0000e03f0000fd3f00001a400000214000000101000066010000dc010000
2402000099020000ed0200008508000095080000d0080000e00800009a0b0000b50b0000900c0000390d0000430d0000
8d0d0000d21000006b140000461500004c1800009b190000f01a0000001b0000941f00009b1f00004122000093220000
cd220000062300004323000055230000572300000a010000e5010000360300008e0400001f050000b105000030090000
a6090000b3090000220a00007c0a0000810a0000e60a0000ee0a0000f30a00002e0b0000730b00008d0b00008e100000
d7100000a5110000cd1100007b13000031150000611700002a1a00007b1b0000e51e0000191f0000221f00002b1f0000
5a1f0000d51f0000262000006f210000732100008a210000d22100000622000024220000372200008922000033230000
eb23000038240000322700007027000054280000e92800009229000098290000fe2900000b2a0000be2a0000222b0000
3f2b00004a2b0000c2300000e73000002c3100005331000011340000f13400003635000042360000633600007f360000
813600008e370000db380000503a0000433b0000af3b0000bd3b0000f33d00006640000079400000e740000054410000
5b41000078410000d800000077010000b1010000b9010000fa0100008f0200005f0300007a0300008508000095080000
d0080000e00800009a0b0000b50b0000a30c0000d80d00003c0e0000d21000006b1400009b1900004d1d0000891d0000
d51d0000dc1d0000941f00009b1f0000e41f00001a2000001e2000004a2000006620000041220000172700001d270000
89010000fd02000052030000a1040000bd040000480600006a0900008e090000d3090000ca0a0000fb0a0000370b0000
5f0b00008d0b0000d2110000ab170000ee1e0000221f00007f1f0000a31f0000b52300007e2600008336000098360000
bc380000083900001b3900006f3a0000c53a0000c53b00000101000099020000ed020000e408000077090000ce090000
710c000046150000441d0000491d0000a01d00006b1e0000380d0000b70d0000f50d00004910000045120000db120000
3a140000751400007f15000015170000ba170000591a0000b91d0000c91d0000151e0000931e0000891f0000aa1f0000
ae1f00002a2300009a230000be2300001226000067260000822600000f270000f731000059380000ae3a0000c93a0000
f1040000b10500009d080000b3090000030a00002e0b0000730b0000ed0c00007f1200007b130000b6180000ba190000
e9190000fb1900002b1f0000d51f00005c200000d22100002422000037220000a52200009b2b0000093600007f370000
c438000073390000f6390000023a0000193a0000fa3b0000d10000000d010000b1010000f1010000b1020000b6020000
b40500003306000029070000421800006c18000038190000080000002b0000004800000057000000f20100000d020000
a502000087050000fd0500007e060000ff090000f7170000260000004f000000920000009b000000c3000000a2010000
40020000aa020000d1020000e4020000e80200000203000044030000ab03000075040000860500008e050000fc050000
2c0600004d0600007c06000084060000b7060000d00600006a0800006c0800006e080000ea0800004f090000ca090000
fa090000060a0000760b00007f0b0000b30b0000e60b0000f40b0000de0c00009c120000831900005a1a0000741a0000
3d1d0000641d0000f11e0000b5220000d9220000a6230000d9250000452600009b260000122700003727000059280000
1d300000003600000236000022360000653700001b3800008c3a0000e23a000089010000fd02000052030000a1040000
bd040000f1040000b1050000480600009d0800006a0900008e090000b3090000d3090000030a0000ca0a0000fb0a0000
2e0b0000370b00005f0b0000730b00008d0b0000ed0c0000310e0000d21100007f120000141300007b13000011140000
3c1400006014000077140000ab170000b6180000ba190000e9190000fb190000ee1e0000221f00002b1f0000551f0000
7f1f0000a31f0000d51f00005c200000d22100002422000037220000a522000021230000b52300005f2600007e260000
4527000078270000dd2700004728000067280000e9280000592900005d29000098290000ab290000b6290000da290000
8c2a00009b2b00000936000083360000983600007f3700009b380000bc380000c4380000083900001b3900004d390000
73390000c0390000f6390000023a0000193a0000683a00006f3a0000a63a0000c53a0000e93a0000023b0000c53b0000
fa3b0000893e0000d1000000010100000d010000b1010000f101000099020000b1020000b6020000ed020000b4050000
3306000029070000e408000077090000ce090000710c0000600d00006a0d0000b40d000024100000f612000046150000
27180000421800006c18000038190000441d0000491d0000a01d00006b1e000014270000282700004227000056270000
64280000a4280000d60d00003a0e0000d1100000f8100000cd1200001c1300006914000013160000b2190000ce190000
d2190000ed190000611a00006d1d0000d31d0000921f0000182000001d20000046200000652000004022000090230000
0f2700008a2a0000a22b0000a62b0000f73000007737000055390000fa390000260000004f000000920000009b000000
c30000007a010000a2010000b501000048020000aa020000d1020000e40200006203000086030000ab03000020050000
860500008e050000fc0500002c0600007c060000840600006a0800006c0800006e08000098080000ea08000035090000
4f090000ab090000b4090000ca090000fa090000060a0000230a0000920b00009d0b0000c10b00008f10000083190000
3d1d0000641d0000df1d0000f11e00001e1f00009e1f0000da1f000097220000122700003727000059280000ff290000
0d2a0000402b0000c33000000036000002360000223600004736000065370000dc380000553a00001f050000c0080000
6a090000a60b0000360c00005e0c00006e0c0000d00f000032130000e61d0000341f00005a1f0000c81f000037220000
be22000033230000a4240000cf240000002500003f2d0000cc2d0000e52e0000f32e0000632f00008e2f000012320000
78320000f200000096010000000200002802000037020000e408000077090000ce090000891d0000a91d00006b1e0000
380d0000ce0d0000d60d00000d0e000023100000761000002f120000cd120000f4120000401400006d1d0000841d0000
d81d0000151e00005f1e0000831e0000ae1e0000971f00002527000099270000bd27000063280000a0280000072b0000
592b0000682b0000b12d0000c32e0000dd2e0000083200000a0100006b03000074040000fd040000b1050000cc050000
6f0600005a070000810a0000400b0000a60b0000f5110000941500008f170000ab170000451900004f2a0000772a0000
c02b00007a2c0000ed2c0000072d0000342d00004c2e00006d2e000064300000b2300000d80000009e020000b4050000
3306000029070000fa0c00006c1500001218000021180000751800003819000027000000a0000000c4000000a7010000
d6020000e902000087050000fd0500007e060000ff090000691d0000a4000000d30000000f010000d50100004f020000
70030000ab03000075040000a3050000b2050000b6050000cd0500000a0600001b060000700600008d060000a5060000
a7060000b1060000120700003c070000440700005c070000c9080000ab0b0000fd0c0000fa1100001215000059150000
99150000b01700001b1900003019000046190000bc1a0000cc1a00001a1b00008f1e0000542a0000782a0000c52b0000
712c00007b2c0000ac2c0000ee2c0000322e00004d2e000015300000663000000a0100006b03000074040000fd040000
1f050000b1050000cc0500006f0600005a070000c00800006a090000810a0000400b0000a60b0000360c00005e0c0000
6e0c0000490d0000d00f00002910000072110000a0110000a5110000f511000032130000b21300003115000094150000
611700008f170000ab1700002419000045190000e61d0000cc1e0000341f00005a1f0000c81f000037220000be220000
33230000a4240000cf240000002500007f270000e1270000f727000082280000c5280000f22800001129000021290000
c42900004f2a0000772a0000c02b00007a2c0000ed2c0000072d0000342d00003f2d0000792d0000cc2d0000012e0000
372e00004c2e0000602e00006d2e0000e52e0000f32e0000632f00008e2f0000d12f0000fe2f000064300000b2300000
1232000078320000ef32000006330000d8000000f2000000960100000002000028020000370200009e020000b4050000
3306000029070000e408000077090000ce090000fa0c00003b0d0000d00d0000d80d000024100000f61200006c150000
12180000211800007518000038190000861d0000891d0000a91d00006b1e0000262700009b270000be27000064280000
a4280000380d0000b70d0000ce0d0000d60d000023100000491000004f100000f41200005a140000f214000013160000
98190000671a00008d1a00009c1a0000841d0000fd2200009f230000b7240000ee2400004d2500002527000099270000
bd27000063280000a0280000912d0000762f0000ad2f0000cb320000a4000000f800000099010000d50100004f020000
7602000086020000ab03000020050000a30500000a0600008d060000a5060000a7060000b10600003c07000044070000
c5080000c9080000fa0800006f0900007a090000e6090000a70b00003b0c00005f0c0000730c0000d10f000012150000
1b190000ed1a0000d21b0000b41d00008f1e0000cd1f00003c220000c322000038230000a5240000d024000002250000
712c0000ac2c0000402d0000322e0000642f00008f2f0000153000007a32000073100000201400001e16000024160000
311700005c17000087240000fa2a0000cd2b0000012c00001b2c0000ae2d0000182e00002f3700004f370000c8390000
eb390000313d0000ea3d000094400000fe4000000b410000134100008f410000e60d000049100000051100002d140000
251700003c1800007918000092180000261a0000441a0000531a0000611a0000470000005d0000008e010000fe020000
57030000760300008605000049060000840600006f0900004e0a0000610a0000cf0a00003c0b0000430b0000600b0000
790b0000920b0000b10b0000b0170000371f0000841f0000c9220000ba2300001a0500001f05000032050000b1050000
f20600004d0700006207000027090000b3090000220a0000810a0000730b0000ed0c0000ec0d0000e80f000036100000
78100000a5110000631300007b130000251400003014000025160000051700001d1700003617000061170000de170000
e61a00001f1b0000371b0000c11c0000df1c0000ef1c0000fc1c00002b1f0000d51f00005c200000d221000024220000
37220000a5220000eb230000882400005c250000fe290000132a0000462a0000ff2a0000ce2b0000072c00000d2c0000
202c00003f2c0000572d0000b32d0000563000006c300000a1300000b4300000be3000002c320000da32000039360000
f536000034370000db380000cd390000483b0000363d00004c40000079400000a0400000ff4000000c4100000d410000
954100009c410000060e000045120000fe1300003a1400002a150000a31500005f17000096170000ba17000089180000
401a0000591a000047000000550000000c02000086050000fc0500007c060000ba0700001c08000038080000fa090000
340a0000610a0000f40a0000ac0c0000391300000d1500004c150000a11600004d17000078170000f617000002180000
f4190000f51900000f0000002d00000003010000f40100009b020000a2020000ee02000047150000d10000002c010000
b1010000f1010000400300007a030000b9060000cb0600002d070000480700007c0b0000b50b0000ca0c0000870d0000
db0d0000160e00004712000045140000191500002b150000501500005c150000a4150000dc160000bb1700000e180000
42180000551800008c1800008e1800005c1a00005d1a0000fd02000036030000740400006305000048060000cf060000
6a090000ca0a00002e0b0000370b00005f0b0000730b00008d0b0000e50b0000f20b00006e0c0000490d000072110000
b3110000971200002d13000032130000b2130000a9140000221500008815000094150000bd1500000116000043160000
59160000b11600004c17000054170000771700008f170000a4170000ab170000d9170000f3190000731a00007e1a0000
221f00007f1f00008922000098250000b6250000c6250000d42500004426000096260000322700007027000054280000
e928000092290000982900001c3000008e30000081310000a231000092350000b2350000c2350000e53600004b370000
593700007d370000163800008b3a0000dd3a0000933b0000033c00002b3c0000b03d0000d13e0000fe3e0000253f0000
843f0000913f0000923f0000f20000003f010000fa0100008f020000ba020000e6020000ed0200000c030000b9060000
cb0600002d070000480700007c0b0000b50b0000db0c00003b0d0000f70d000047120000451400006c15000080150000
dc160000bb1700005c1a00005d1a0000bd1d0000b2220000cd2200002c2300009c230000a3230000bf23000017270000
1d270000380d0000b70d0000f50d0000491000000511000045120000fe1300002d1400003a140000381500007b150000
7f150000251700005f17000096170000ba170000261a0000401a0000441a0000531a0000591a0000611a00002a230000
902300009a230000be2300000f2700000e3d00003e3d0000cf3d00000b3e000026000000920000009b000000c3000000
f80000005c010000a201000048020000c5020000d1020000e4020000e8020000180300003c03000086050000fc050000
490600007c06000084060000ba0700001c080000380800006f090000fa090000340a00004e0a0000610a0000cf0a0000
f40a00003c0b0000430b0000600b0000790b0000920b0000b10b0000730c000039130000271500005915000099150000
a11600004d17000078170000b0170000f4190000f5190000641d0000c01d0000371f0000841f00008f22000097220000
143b0000303b0000983b0000be3b0000083c00000f3c00002c3c0000b13d0000d30e0000e40e0000490f0000bf100000
e010000018110000b4120000cf14000010160000e2170000021e00003b1e00000c2100002b2500005d250000df2a0000
152f0000d930000010310000453100005b31000067310000203200002d320000a7320000db3200007322000037250000
23320000b33200009e1e000036200000f50d0000db10000045120000db120000151e0000931e0000a41e0000ae1e0000
2a200000112100003c2100004021000099270000a0280000592b00001a2f0000eb300000f7310000083200009f030000
c0030000ef0300002b0400007c0400001a0500001c0500003205000033050000a1050000b0060000e00600004d070000
510700005a070000c3090000360c00004c110000b3110000591600008e160000051700007a200000b1200000b7200000
28210000432100007821000000250000ba280000c5280000112900007b2900004f2a00006f2c00002e30000056300000
5a30000064300000893000009b300000b2300000be300000bf30000081310000a2310000123200003132000040320000
5a3200006b32000078320000e3320000ef32000005330000063300009d000000dc0100002802000095060000c4060000
29070000480700004a070000d0080000e4080000d80c0000f70d0000471200001715000019150000121800002b200000
412100009b270000a2270000a3280000a4280000a70000007d060000fc060000fd1f0000a400000020030000ab030000
75040000a30500008d060000a5060000a7060000b1060000b7060000d0060000fb060000020700001007000012070000
5b0700005c07000012090000420c0000de0c00009c120000bc1a0000051c0000f81f0000fc1f00004120000001210000
782200000125000038250000542a00005b2a0000712c00000a2f0000153000001d300000653000006630000079320000
b432000073010000d9010000f1030000fa030000eb04000022050000eb050000e7060000ea0600005507000091080000
cd080000380c00002a0d0000a10d0000d40e00004a0f0000a3100000a9100000b5100000b8100000c0100000d1100000
d4100000e1100000e2100000131100001b1100001c11000034120000b6120000d0140000641500008c15000011160000
13160000521600005d16000076160000e5160000e3170000e51700008d1a0000e11a00001820000019200000b3200000
0d21000045210000192500002c2500004d250000602500006225000099270000a0280000d0280000d4280000e12a0000
e82a0000992c0000162f000036300000393000005e300000da3000000831000013310000153100004232000091320000
a8320000cb320000de320000e0320000fb320000200300000907000012090000420c0000051c0000412000002f210000
7822000001250000382500004030000079320000b4320000740400007c04000083040000cf0600000f0700005a070000
c3090000360c0000b311000097120000591600007a200000b1200000b720000000210000282100004321000078210000
732200000025000037250000ba280000c5280000112900007b2900004f2a0000092f00001c300000643000008e300000
aa300000b230000081310000a2310000123200002332000031320000403200005a3200006b32000078320000b3320000
e3320000ef3200000533000006330000dc01000028020000b90600000407000029070000d0080000e4080000db0c0000
f70d000047120000121800009e1e0000fa1f00002b20000036200000412100009b270000a2270000a3280000a4280000
73010000d9010000080400009d0400000c060000e706000091080000cd080000a809000097100000a3100000d1100000
f81000008c150000f1150000761600001a170000ce190000901e0000aa1e0000ae1e00001820000099270000a0280000
592b0000ae2c000036300000cb300000f730000003320000083200002003000012090000da090000861e0000ee310000
d1100000f81000008c150000f1150000761600001a170000ce190000aa1e0000ae1e00001820000099270000a0280000
592b0000f7300000033200000832000008040000f4040000c3060000d8060000e40600003d07000045070000d70c0000
f50d0000a61000004512000099120000db12000016150000d71800001d190000d71900008d1a0000931e00002a200000
402100004b2100004d25000099270000a0280000342e00002530000033300000f731000046320000cb3200009f000000
de01000076020000a00300007d04000026050000a205000091060000b206000012070000460700004e0700005c070000
d2080000fa080000c40900003b0c00001b15000006170000bc1a00002921000002250000a5270000a1280000bb280000
80290000542a0000702c00005730000066300000323200007a320000e4320000fb06000033070000c1190000f81f0000
4c300000a400000020030000ad030000260500008d0600009d060000a5060000a7060000fb0600001207000033070000
460700004e0700005c070000120900005c090000da0900001b15000006170000c1190000bc1a0000861e0000f81f0000
a5270000a1280000bb28000080290000542a00000d300000153000004c3000005730000066300000ee310000e4320000
73010000d9010000080400009d040000f40400000c060000c3060000d8060000e4060000e70600003d07000045070000
91080000cd080000a8090000d70c0000540d0000a00d0000f50d0000dc0e0000790f000097100000a3100000a6100000
d1100000e2100000f8100000061100000c1100001c11000014120000331200004512000099120000c9120000db120000
cc140000161500003c1500008c150000f115000076160000121700001a170000d71800001d190000ce190000d7190000
8d1a0000e11a0000901e0000931e0000aa1e0000ae1e0000182000002a20000035210000402100004b21000022250000
4d250000992700009a270000d42700008c280000a0280000b2280000e5280000e12a0000592b0000ae2c0000342e0000
db2f0000253000003330000036300000cb300000f73000000131000015310000f731000003320000083200003a320000
463200009e320000cb32000020030000fb0600003307000012090000da090000c1190000861e0000f81f0000a5270000
a1280000bb280000802900004c300000ee310000e4320000f50d000045120000db120000d7180000d71900008d1a0000
931e00002a200000402100004b2100004d25000099270000a0280000f731000046320000cb320000a4000000de010000
7602000020030000ad0300007d0400008d0600009d060000a5060000a7060000fb06000033070000d2080000fa080000
120900005c090000c4090000da0900003b0c0000c1190000861e0000f81f00002921000002250000a5270000a1280000
bb280000802900000d300000153000004c300000ee310000323200007a320000e4320000f1040000a60900003f0c0000
8e100000eb1d0000732200001125000037250000c23000002c310000173200002332000089320000b332000077010000
2b02000095080000e70800009e1e000036200000f50d0000d11000001b11000045120000db120000251e0000931e0000
b51e0000182000009e270000ae280000e82a00005c2b000013310000f73100000f320000a104000002050000cf060000
6b070000971200007e160000582a0000f02b00001c300000753000008e300000b73000008e310000af310000b9060000
30070000db0c00006d1600001518000081180000a5000000250300008e060000fc06000017090000fd1f0000a9030000
a2040000aa060000b7060000d00600000907000019070000540700006c070000de0c00009c1200005016000065160000
7f160000c01a0000261b00002f210000592a0000f52b0000193000001d300000403000005d300000763000008f310000
a1040000f104000002050000cf0600006b070000a60900003f0c00008e100000d7100000b31100009712000059160000
7e160000eb1d00006f210000732200001125000037250000dd2700000b280000cc28000015290000582a0000f02b0000
1c300000753000008e300000b7300000c2300000e73000002c31000053310000813100008e310000a2310000af310000
173200002332000089320000b3320000f632000016330000770100002b020000b90600003007000095080000e7080000
db0c0000f70d0000d2100000471200006d16000015180000811800009e1e00001a200000362000009f270000af280000
f50d0000d1100000f810000045120000d3140000f2180000ce190000901a00001820000021250000542500009e270000
ae280000f73000009c320000d23200007a0100007a020000a9030000f2040000aa060000090700005407000098080000
fe080000ab090000400c00008f10000050160000051c0000412000002f21000078220000122500003825000019300000
403000005d300000c33000008a320000b4320000050f0000590f0000740f00006b100000bf10000025110000b4120000
ca140000cd15000062160000121e0000d9200000542100001e250000e42a00002b2b0000a62d0000d93000001e310000
453100006d310000aa3100001a3200004f32000072320000993200009f030000c0030000f3030000710400007c040000
1a05000032050000a1050000b00600004d0700005a070000da070000fb070000c3090000360c00005c0e00009f100000
d7100000251600002b16000079160000b6160000051700007a2000007b200000282100002c2100006f21000000250000
ba280000c5280000112900007b2900004f2a00006f2c0000563000006430000089300000b2300000be300000d4300000
e7300000393100005331000089310000b63100001232000031320000353200005a3200005b32000078320000e3320000
ef32000005330000063300009d00000074010000da010000dc0100002802000095060000290700004807000092080000
ce080000d0080000e4080000d2100000191500008d15000077160000121800001a2000009b270000a2270000a3280000
a4280000f1030000fa0300006f040000a7040000c3060000e4060000ea060000f60600000b0700004507000073070000
d70c00002a0d0000a00d0000f50d0000f60d0000060f0000750f0000ef0f00006c100000a6100000a9100000b8100000
c0100000db100000e510000026110000331200004512000046120000b6120000cc140000d31400001615000027160000
631600007b160000e21a0000f81a0000381c0000131e0000151e0000ae1e00002a200000302100003c21000040210000
5721000059210000212500002225000099270000a0280000d0280000d4280000512a0000e52a00002c2b00002e2b0000
592b00005e2d0000a72d00003330000039300000423000007d300000da300000eb3000001f3100008b31000008320000
52320000543200009c3200009e320000fb3200007e160000f02b00008e310000af3100006d16000081180000a7000000
250300007d06000017090000fb060000540700005b07000050160000651600007f160000261b0000f81f00005b2a0000
f52b00005d300000653000008f3100001a0500001f05000032050000580600004d0700005a070000a6090000360c0000
8e100000d7100000b2150000251600002b16000056160000791600007e160000b6160000051700006f21000000250000
ba280000c5280000112900007b2900004f2a0000f02b0000d62c00005630000064300000b2300000be300000c2300000
e73000002c31000053310000893100008e3100009e310000af310000b63100001232000078320000e3320000ef320000
0533000006330000770100002802000022030000290700004807000095080000e408000014090000d210000019150000
8d1500006d1600007716000012180000811800001a2000009b270000a2270000a3280000a4280000d1100000f8100000
131100008c150000131600005d160000731600007616000042190000ce1900008d1a0000182000004d25000099270000
a0280000492e0000f730000008310000cb320000a40000007a010000760200002003000024030000ab03000020050000
a3050000590600008d060000a5060000a7060000b1060000fb0600005b07000098080000fa0800001209000016090000
ab0900003b0c0000420c00008f10000057160000651600007f160000261b0000f81f000001250000022500005b2a0000
f52b0000712c0000d72c00001530000065300000c33000008f310000793200007a320000ee030000460400005e040000
6c040000fb0400003c0500006706000083090000920a0000a70a0000590b0000770e00008f0e0000d70e0000000f0000
270f00005d0f0000101000006c110000c611000074120000c41200002c130000581300002014000072140000a8140000
bb150000fe1500001a1600001e16000024160000bd16000031170000441700005c170000a2200000be20000068210000
01220000f523000010240000872400008d2400008b2500005a2600008c290000a6290000712a0000ca2a0000cd2b0000
e52b0000012c00001b2c0000e52c0000322d0000692d0000f12d00000a3400003a340000593400007a34000099340000
033500001f3500004935000085350000693600007036000092360000e4360000f23600002f370000493700004f370000
003800008d38000096380000b438000005390000703900009d390000c8390000eb390000633a0000a13a00005b3b0000
703b0000253c00004c3c0000523c00007f3c00008d3c0000313d0000633d00008f3d0000e93d0000ea3d0000653e0000
6d3e00007c3e00001e3f0000243f00005e400000c0400000f7400000fe4000000b410000134100008f41000019010000
3101000054030000c0050000bd06000091080000130900009c0a0000b60a0000390b00008f0b00009b0c0000310d0000
e60d0000250e00000410000005110000bd1200005b130000a61300000b1400002d140000401400004414000054140000
fe1400009e150000a3150000471700009417000096170000b5170000ba17000092180000441a0000611a00004b1f0000
521f0000032000002220000040210000f2210000042200000d2300001b2300005a270000a8280000b329000076030000
c9080000430b0000b10b0000e01f000061200000d5210000292200003c220000890100006b030000740400007c040000
fd040000b10500006f060000620700009d080000dd080000270900006a090000b3090000b20a0000ca0a0000400b0000
730b0000a60b0000ed0c0000310e0000721100007f12000014130000321300007b130000b21300001114000060140000
371b0000df1c0000fc1c00002b1f0000d51f00000f2000005c2000006020000074200000b1200000d7200000f8200000
21210000d2210000ed210000f82100002422000028220000372200003b2200005b220000a522000003260000132a0000
462a0000772a00008c2a00003c2b0000072c00000d2c0000202c00003f2c0000ed2c0000342d0000012f00002a2f0000
342f00004d2f00006c300000b4300000093600003936000073360000fc370000493800004d39000073390000c0390000
7b3b0000b73c0000ff3f00004c4000000c4100000d410000954100009c410000370100000903000030060000c3060000
450700008c08000073090000aa0a0000630b00007d0c00008d0c00001c0d00004c0d0000690d0000700d000023100000
5b1100007511000083110000961100004512000035130000671300008d130000bd130000cc130000cd1300002a150000
aa160000251700005f1700001e18000030180000791800007d180000891800000c1a00001f1a0000401a0000531a0000
551a0000591a000022200000402100000422000051270000a028000095290000bd010000fb060000fa090000d60a0000
f61700004818000067190000f41900002b1a0000a5010000a202000043180000d1000000010100000d010000b1010000
e8010000f10100009e02000040030000b4050000330600002d07000095080000b60900007c0b0000900c0000390d0000
430d0000b40d0000d2100000f61200000e1800002118000027180000421800004518000052180000551800008c180000
8e180000d31900005c1a00005d1a00004422000036230000eb0000006e0100007301000092010000ab010000ae020000
21030000c005000030060000bd060000c3060000450700008c0800009108000013090000730900009c0a0000aa0a0000
b60a0000390b0000630b00008f0b0000c90c0000d70c0000f60c0000010d00000c0d0000210d0000380d00003e0d0000
5b0d0000860d00008b0d0000c80d0000f50d00000d0e0000150e00000410000023100000051100005b11000075110000
831100009611000045120000bd120000351300005b130000671300008d130000a6130000bd130000cc130000cd130000
0b1400002d14000040140000441400005414000016150000381500005b150000771500007b1500007f150000aa160000
25170000471700005f1700009417000096170000b5170000ba1700000c1a00001f1a0000401a0000441a0000531a0000
551a0000591a0000611a00007d1d0000841d00004b1f0000521f0000122000002a20000040210000f221000004220000
e222000017230000902300009a230000be230000c62300000f2700008f27000099270000a0280000a828000095290000
b3290000653b0000733b00007f3b0000053c00002f3c0000a23c0000c23c0000d43c0000d63c00001c3d00003e3d0000
cd3d0000cf3d00000b3e0000683e0000863e0000d5010000d1020000e4020000fb060000c9080000fa090000d60a0000
430b0000b10b000067190000f41900002b1a0000ed1a0000f81f00004d200000d5210000292200003c2200008f220000
382300009f3b00000f3c0000f43d00000a010000e5010000360300007404000095040000f1040000b1050000cc050000
a6090000b3090000bb090000030a0000810a0000ee0a00002e0b0000370b0000730b00008d0b0000f20b00008e100000
d7100000a0110000a5110000f51100003115000061170000b6180000d5180000e118000024190000ba190000d5190000
f3190000731a00007e1a0000221f00005a1f0000d51f0000262000006f210000732100007e2100008f210000b6210000
d221000006220000372200008922000033230000b6250000d425000096260000322700007027000054280000e9280000
92290000982900000f2b00007a2c0000072d0000372e0000602e0000c2300000e73000002c310000533100002a350000
b23500007d370000d3370000e437000016380000c438000014390000023a0000133a0000dd3a0000033c0000d13e0000
913f0000923f00007a410000d800000077010000b1010000b9010000fa0100008f020000b1020000ba020000b4050000
330600002d07000095080000b60900007c0b0000fa0c0000d00d0000d80d0000d2100000f6120000d31900005c1a0000
5d1a0000891d0000d81f00001a2000001e200000472000006920000044220000b22200009c230000a323000017270000
1d2700002f0d0000240e0000490f0000630f00006e0f0000011000001f110000fe110000a7120000ba120000f9120000
11130000a4130000fd1300000a14000039140000531400009d15000093170000b4170000ce180000d2180000f4180000
49190000c6190000181a0000491f000002200000f12100000b2300009e2a0000d72a0000c12b0000502e00006f2e0000
183100006a310000a4360000883700003a3900004a3900008d390000bd3900000d3a00000d3d00003f0000001d010000
4f010000e501000052030000560300009a030000b3030000ef0300005f0400006d0400007404000095040000fc040000
1f0500007e05000093050000c40500004806000068060000ad0700007d0800001b0900002709000084090000b3090000
bb0900004b0a0000960a00009f0a0000c20a0000ee0a0000370b00003b0b0000730b00008d0b0000910b0000fa0b0000
79120000381300003c1400007714000022150000a7150000c41500001f16000025160000fd1600003217000054170000
98170000be170000371b0000df1c0000fc1c00002b1f0000551f00008f210000a522000021230000cb2500005f260000
b4270000542800002629000063290000e2290000132a00007f2a0000d22b00000d2c0000202c0000612c0000e62c0000
fd2c0000332d000030360000393600006d360000d33700000d38000079380000b53800000639000014390000c9390000
d3390000ec390000683a0000a63a0000043b00005f3b0000eb3e00004c4000000d4100009c410000e91900005c200000
24220000372200009b2b0000f6390000193a0000890100006b0300000c0500001a0500001f0500004806000062070000
1b090000270900006a0900008e0900001d0a0000ca0a0000400b0000730b0000a60b0000d21100003c14000077140000
22150000a7150000c41500001f16000025160000fd160000321700005417000098170000be170000e9190000371b0000
df1c0000fc1c00002b1f0000551f00005c2000002422000037220000a5220000212300005f260000b427000054280000
2629000063290000e2290000062a0000132a0000462a00009b2b0000d22b00000d2c0000202c00006c300000b4300000
30360000393600009836000079380000d63800000839000028390000c9390000d3390000ec390000f6390000193a0000
683a0000a63a0000043b00004c4000000d4100009c4100001d000000c7000000e7000000fb000000b9010000f1010000
990200009a020000e6020000000300004003000081050000310600004b0600008e08000074090000b60900007c0b0000
9a0b00007e0c0000920c0000600d00006a0d000024100000701500002617000023180000551800007a1800008e180000
5d1a0000d81f000093220000102700003527000057280000421800006c180000381900000600000037000000a5020000
76050000ff090000f717000001010000f10100009e020000e602000000030000400300004b0600002d07000077090000
fc0900007c0b0000710c0000600d00006a0d0000241000007015000026170000ff1700000e1800004218000055180000
6c1800007a1800008e180000381900005d1a0000102700003527000057280000eb00000021010000650100006e010000
92010000ab010000ae020000d2020000e5020000f1030000fa030000eb04000022050000c80500000006000030060000
38060000b6060000bd060000840800008c080000ab0800006c090000730900008609000092090000fb090000840a0000
b20b0000620c0000850c0000c90c0000d20c00002a0d0000380d00003e0d0000860d00008a0d0000b70d0000bb0d0000
c70d0000d60d0000d70d0000e20d0000150e00003a0e0000d40e00004a0f000023100000491000004d10000060100000
b8100000c010000095110000d9110000dd1100002712000077120000b6120000bb120000cd120000fa1200001c130000
4d130000071400003d140000441400004c1400005b1400006914000082140000921400007b1500007f15000011160000
131600001517000025170000281700008d190000aa190000ae190000c7190000d2190000151a0000591a0000611a0000
6b1a00009e1a0000651d00006d1d0000841d0000b91d0000c91d0000fe1e0000891f0000052000001d20000046200000
b32000003922000053220000ae2200000523000010230000242300004a230000902300009a2300009b2300009f240000
ec240000f42500006426000076260000b0260000ce2600000f27000021270000c52700005e2800008a2a0000aa2b0000
c22c00005e2f0000ab2f0000da300000183600009f360000b136000070370000733700003a380000b73800003b390000
55390000ab3a0000bd3a00004c3b0000183d00001e400000a2010000aa020000d1020000e40200002c060000ca090000
fa090000060a0000740b0000d50b0000831900005a1a0000741a00003d1d0000e1220000a6230000472600009b260000
122700003727000059280000653700008e3a0000e23a0000ce0d0000d60d0000d1100000f8100000cd120000f4120000
fd120000f218000090190000ce190000d2190000e1190000401a0000441a0000591a0000611a00006d1d000018200000
1d20000046200000902300009a2300000f270000f73000006a370000f03900000b3e0000260000004f00000092000000
9b0000007a010000a2010000b501000048020000aa020000b3020000c5020000e40200008e030000a9030000f2040000
8e0500002c060000350600007c060000840600001c0800009808000048090000ab090000b4090000ca090000040a0000
250a0000340a00004e0a00003c0b0000740b0000920b0000c90b0000d50b00008f100000bb190000f51900005a1a0000
741a00003d1d0000da1f000097220000e1220000a6230000472600009b260000122700003727000059280000ee290000
c3300000ad380000c5380000de3800008e3a0000e23a0000143b0000083c0000731000000f1300006f240000dc270000
872a0000fa2a0000342c0000ae2d0000182e000048390000bb3900001f3e000094400000ca4000001c410000b3410000
2b0e0000491000000e1400005a1400003c18000098180000261a0000471a0000671a0000660000008e01000008030000
6c0300008d06000044070000c90800006f0900005a0a0000cf0a0000410b0000620b0000a70b0000e01f000061200000
d5210000292200003c220000a1040000f104000002050000b1050000f20600006b0700009d08000039090000a60b0000
ed0c0000310e0000e80f000036100000781000007f120000141300007b1300001114000060140000f1160000ab170000
e61a00003e1b0000c11c0000e31c0000031d0000341f00007f1f000053210000be220000b5230000e523000070240000
dd2700001c2a0000582a00008c2a0000ff2a0000272b0000d82b0000352c0000392c0000572d0000b32d000075300000
a1300000b73000004e32000071320000093600004b3600003c3700004d39000073390000c039000072400000a0400000
ee4000001d410000b4410000060e0000f4120000fe1300003a1400002618000098180000141a0000471a0000671a0000
66000000bd0100008d060000fb060000ba07000020080000120900005a0a0000d60a0000ac0c000039130000fa140000
3c170000091800004818000067190000051a00002b1a00002900000003010000a50100009f020000f102000043180000
d10000000d010000000200006e030000b4050000cb06000030070000a90b0000ca0c0000870d0000b40d0000160e0000
f6120000451400004615000097150000ae17000015180000271800004c18000058180000991800009b190000681a0000
0a0100006b030000a10400005d050000b1050000cc0500006a090000810a0000ca0a0000400b0000a60b0000030c0000
6e0c0000490d000072110000a0110000a5110000f51100002d13000032130000b2130000a91400003115000094150000
611700008f170000ab170000c6170000b0180000e51800001019000024190000041a00002a1a0000851a0000341f0000
5a1f00002422000037220000be2200003323000098250000ba250000dd250000282600007f270000f2280000c4290000
7a2c0000072d0000372e0000602e000092350000b6350000e5360000823700008e3700001f38000070380000933b0000
0c3c0000f33d0000f73e0000253f0000733f0000a23f0000d8000000f20000003f010000000200009e020000bd020000
b4050000cb06000030070000a90b0000fa0c00003b0d0000d00d0000d80d0000f6120000451400006c150000ae170000
9b190000681a0000891d00004a200000c12200002c230000a0230000c223000026270000380d0000b70d0000ce0d0000
d60d000049100000f4120000fe1300000e1400003a1400005a140000141a0000261a0000471a0000671a0000fd220000
2a2300009f230000252700000e3d00001f3d0000103e0000a4000000f80000005c010000d50100004f020000c9020000
200300008d060000fb06000044070000ba07000020080000c9080000120900006f0900005a0a0000cf0a0000d60a0000
410b0000620b0000a70b0000730c000039130000121500003c17000067190000051a00002b1a0000ed1a0000f81f0000
4d200000d5210000292200003c220000c3220000382300002e3b0000983b00009f3b00000d3c00002e3c0000f43d0000
090d0000240e0000d30e0000490f0000540f0000011000000a100000581000005d10000082100000181100000b120000
8a130000051400000a1400004a14000053140000401500001016000073170000bf180000f91800002d190000ea190000
111a0000411f00005d2000002522000038220000f5220000df2a0000032b00009f2b0000632d00009a2d0000bd2d0000
ef2d00001f2e0000682e0000103100006731000085370000f73900001a3a0000163d0000bd000000fd02000036030000
9f030000db030000020400007c040000ed0400001a0500002c0500007e0500004806000050060000b3070000d7070000
e6070000ef0700002508000068080000dd080000300900004e090000b30900006d0a00002e0b00005f0b0000730b0000
8d0b0000f20b0000b90c0000490d00004c0e0000e30f00002910000099100000721100005d130000b213000088150000
15160000af160000b1160000cd160000a4170000b7180000fe18000040190000be1900007e1a0000cc1e0000221f0000
d51f0000ed1f000074200000f8200000d2210000da21000089220000b6250000d4250000322700007027000054280000
6f280000e92800004b29000092290000982900000b2a0000ce2c00003b2d0000522d0000792d0000dd2d0000012e0000
472e0000742e0000012f0000342f0000be2f0000ed2f0000ce3000002d3100004e330000b2350000fe35000042360000
16380000ee380000033a0000d13e0000923f0000664000001700000042000000ec0000007001000093010000ac010000
b1010000e8010000fa0100008f020000af020000ed0200005f03000081050000310600004b0600008e08000074090000
b60900007c0b00009a0b00003b0d000024100000251500007c15000080150000261700005d1a0000861d0000b2220000
9c230000172700001d270000c127000057280000eb0000006501000092010000e50200008f030000f1030000fa030000
eb04000022050000c0050000f7050000b6060000c3060000e7060000f6060000ff060000350700008408000073090000
cb090000260a0000840a0000ca0b0000d20c0000d70c0000f60c0000010d00000c0d0000340d0000500d00008a0d0000
8b0d0000c70d0000ce0d0000cf0d0000d60d0000d70d0000270e0000d40e00004a0f0000ef0f0000fb0f000002100000
041000000b1000002d10000039100000591000005e10000083100000a3100000e21000001c110000951100000d120000
10120000f4120000f51200004d130000071400004c140000561400005a140000f2140000431500008c15000011160000
1316000073160000761600002e19000042190000c2190000da190000ef190000151a0000891a0000e11a0000e91a0000
ef1a0000131b0000411d0000981d0000c91d0000d31d00009b1e0000061f0000891f0000921f0000f91f00001d200000
652000006d200000b3200000232100004022000048220000fd22000005230000b7240000512500000f2700008f270000
a8280000f9290000e12a0000042b00003a2b0000a02b00000a2c0000282c0000a52c00005e2d0000642d00007d2d0000
9b2d0000be2d0000492e00002c2f0000762f0000363000004e30000015310000cf320000df380000fc3900004c3b0000
183d000099410000941500008f170000ab17000045190000c02b00004c2e00006d2e00006c1500007518000038190000
0b000000c6000000d6020000e902000076050000ff090000a20100003c030000fc0500005f0600003c07000044070000
790b0000121500005915000099150000b01700001b19000030190000461900001a1b0000641d00007a2a0000c52b0000
dd2c0000322e00004d2e0000fd02000036030000f10400001a0500002c050000400600004806000050060000c0080000
6a0900002e0b0000370b00005f0b0000730b00008d0b0000f20b00006e0c0000490d0000d00f00002910000072110000
32130000b213000022150000881500009415000015160000af160000b1160000cd160000541700008f170000a4170000
ab170000a7180000fe180000211900004019000045190000f31900007e1a0000cc1e0000221f000089220000b6250000
d42500003227000070270000542800006f280000e92800004b2900009229000098290000c02b0000ca2c0000ce2c0000
3b2d00003f2d0000792d0000cc2d0000012e0000472e00004c2e00005c2e00006d2e0000742e0000be2f0000ed2f0000
b23500007d37000016380000033c0000d13e0000923f0000f200000096010000fa0100008f020000ba020000d3020000
e6020000ed0200004b0600002d07000077090000fc0900007c0b00003b0d000024100000251500006c1500007c150000
801500002617000075180000381900005d1a0000861d0000b22200009c230000172700001d270000c127000057280000
380d0000b70d000023100000491000004f1000000011000005110000381500007b1500007f15000025170000f2180000
281900003e19000098190000401a0000441a0000591a0000611a0000841d0000902300009a2300000f270000912d0000
3b2e0000452e00000b3e000026000000920000009b000000c3000000f800000099010000a201000048020000c5020000
d1020000d5020000e4020000e80200003c030000a9030000f204000086050000aa050000fc0500004106000049060000
5f0600007c060000840600001c080000c50800006f0900007a090000fa090000fe090000340a00004e0a00003c0b0000
790b0000920b0000b10b0000610c0000730c0000d10f0000271500005915000099150000b01700002219000030190000
46190000f51900001a1b0000641d00008f22000097220000942400007a2a0000c52b0000772c0000cb2c0000dd2c0000
402d00004d2e0000532f0000143b0000083c0000ee030000220400006c04000050050000f4050000920a0000dd0b0000
530e0000f80f0000731000002c130000241600004a160000ee170000f41d0000381e0000f72400003e260000a7260000
c1260000fa2a0000a22c00001f2d0000ae2d0000e42d0000182e0000fd2e0000b62f000069360000e43600005a3a0000
853a00005b3b00005d3c00006e3c0000df3d0000e83e00008b3f0000cb3f0000d43f0000144000009440000031010000
8b0100001002000000060000bd0600006c0900009c0a0000cc0a0000ff0a000049100000551500001517000080170000
3c180000261a0000691f0000891f00005b230000580d00001b0e0000db0e0000050f0000120f00001610000032100000
5d1000008a100000cb10000057120000ba120000c4130000d013000005140000391400004a14000040150000ec150000
73170000681e00001a1f0000411f0000491f00000b23000025240000472400003b2700005d280000af290000aa2a0000
fc2a0000432b00006f2d0000822d0000c52d0000092e00004e310000ca3600001a370000513a0000d93c00009c400000
e44000005c41000033020000ca0900000b0b00007c1e0000b427000054280000e2290000642b0000d62e000047410000
73100000241600004a160000ee170000381e0000f7240000a7260000c1260000fa2a0000ae2d0000182e0000fd2e0000
b62f0000df3d00008b3f0000cb3f0000d43f00001440000094400000491000005515000015170000801700003c180000
261a0000691f0000891f00005b230000e501000052030000a1040000ae04000010060000f2060000b3090000ee0a0000
fb0a0000370b00008d0b0000e80f00005c1e00007c1e0000221f0000b427000054280000e2290000642b0000b22c0000
272d0000572d0000d62e0000a130000083360000c53b000047410000c80500008c080000960b00008d0c0000ef0c0000
060e0000351300007d130000fe1300003a140000c2170000381f0000651f0000811f0000921f0000ca22000052230000
b72300000101010101010101010101010101010101010101010101010101010101010101010101010101010101010101
010101010101010101010101010101010101010101010101010101010101010101010101010101010101010101010101
010101010101010101010101010101010101010101010101010101010101010101010101010101010101010101010101
010101010101010101010101010101010101010102010101010101010201010102010101010101010101010101010101
010101010101010101010101010101010101010101010101010101010101010101010101010101010101010101010101
010101010101010101010101010101010102010101020101020101010101010101010101010101010101010101010101
010101010101010101010101010101010101010101010101010101010101010101010101010101010101010101010101
010101010101010101010101010101010101010101010101010101010101010101010101010101010101010101010101
010101010101010101010101010101010101010101010101010101010101010101010101010101010101010101010101
010101010101010101010101010101010101010101010101010101010101010101010101010101010101010101010101
010101010101010101010101010101010102010102010101010201010101010101010101010101020201010101020101
010101010101010101010101010101010101010101010101010101010101010102020201010101010101010101010101
010101010101010101010101010101010101010101010101010101010101010102010102010102010101010101010101
010101010101010101010101010101010101010101010101010101010101010101010101010101010202010101010201
010101010101010101010101010101010101010101010101010101010101010101010101010101010101010101010101
010101010101010101010101010101010101010101010101010101010101010101010101010101010101010101010101
010101010101010101010101010101010101010101010101010101010101010101010101010101010101010101010101
010101010101010101010101010101010101010102010101010102020101010101010101010101010101010101010101
010101010101010101010101010101010101010101010101010101010101010101010101010101010101010101010101
010101010101010101010101010101010102010202010101010101010101010101010101010101010101010101010101
010101010101010101010101010101010101010101010101010101010101010101010101010101010101010101010101
010101010101010101010101010101010101010101010101010101010101010101010101010101010101010101010101
010101010101010101010101010101010101010101010101010101010101010101020201010101010101010102010101
010101010101010101010101010101010101010101010101010101010101010101010101010101010101010101010101
010101010101010101010101010101010101010101010101010101010202010101010201010101010101010101010101
010101010101010101010101010101010101010101010101010101010101010101010101010101010101010101010101
010101010101010101010101010101010101010101010101010101010101010101010101010101010101010101010101
010101010101010101010101010101010101010101010101010101010101010101010101010101010101010101010101
010101010101010101010101010101010101010101010101010101010102020201010101010101010101010101010101
010101010101010101010202020101010101010101010101010101010101010101010101010101010101010101010101
010101010101010101010101010101010101010101010101010101010101010101010101010101010101010101010101
010102020202020202020202020202010101010101010101010101010101010101010101010201010101010101010101
010101010101010101010101010101010101010101010101010101020202020202020202020202020202020202010201
010101010201010101010101010101010101010101010101010201010101010101010101010101010101010101010101
010101010101010101010101010101010101010101010101010101010101010101010101010101010101010101010101
010101010101010101010101010101010101010101010101010101010101010101010101010101010101010101010101
010101010101010101010101010101010101010101010101010101010101010101010101010101010101010101010101
010101010101010101010101010101010101010101010101010101010101010101010101010101010101010101010101
010101010101010101010101010101010101010101010101010101020101010101010101010101010101010101010101
010101010101010101010101010101010101010101010101010101010101010101010101010101010101010101010101
010101010101010102010101010101010101010101010101010101010101010101010101010101010101010101010101
010101010101010101010101010101010101010101010101010101010101010101010101010101010101010101010101
010101010101010101010101010101010101010101010101010101010101010101010101010101010101010101010101
010101010101010101010101010101010101020101010101010101010101010101010101010101010101010101010101
010101010101010101010101010101010101010101010101010101010101010101010101010101010101010101010101
010201010102010102010101010101010101010101010101010101010101010101010101010101010101010101010101
010101010101010101010101010101010101010101010101010101010101010101010101010101010101010101010101
010101010101010101010101010101010101010101010101010101010101010101010101010101010101010101010101
010101010101010101010101010101010101010101010101010101010101010101010101010101010101010101010101
010101010101010101010101010101010101010101010101010101010101010101010101010101010101010101010101
010101010101010101010101010101010101010101010101010101010101010101010101010101010101010101010101
010101010101010101010101010202010101010201010101010101010101010101010101010101010101010101010101
010101010101020202010101010101010101010101010101010101010101010101010101010101010101010101010101
010101010101010101010101010101010101010101010101010101010101010101010101010101010101010101010101
010101010101010101010101010101010101010101010101010101010101010101010101010101010101010101010101
010101010101010101010101010101010101010101010101010101010101010101010101010101010101010101010101
010101010101010101010101010101010101010101010101010101010101010101010101010101010101010101010101
010101010101010101020102020101010101010101010101010101010101010101010101010101010101010101010101
010101010101010101010101010101010101010101010101010101010101010101010101010101010101010101010101
010101010101010101010101010101010101010101010101010101010101010101010101010101010101010101010101
010101010101010101010101010101010101010101010101010101010101010101010101010101010101010101010101
010101010101010101010101010101010101010101010101010101010101010101010101010101010101010101010101
010101010101010101010101010101010101010101010101010101010101010101010101010101010101010101010101
010101010101010101010101010101010101010101010101010101010101010101010101010101020102010101010101
010101010101010101010101020101010101010101010101010101010101010101010101010101010101010101010101
010101010101010101010101010101010101010101010101010101010101010101010101010101010101010101010101
010101010101010101010101010101010101010101010101010101010101010101010101010101010101010101010101
010101010101010101010101010101010101010101010101010101010101010101010101010101010101010101010101
010101010101010101010101010101010101010101010101010101010101010101010101010101010101010102010202
010101010101010101010101010101010101010101010101010101010101010101010101010101010101010101010101
010101010101010101010101010101010101010101010101010101010101010101010101010101010101010101010101
010101010101010101010101010101010101010101010101010101010101010101010101010101010101010101010101
010101010101010101010101010101010101010101010101010101010101010101010101010101010101010101010101
010101010102020202020202020202020202020202020201010202010102010101010101010101010101010101010201
010101010101010101010101010101010101010101010101010101010101010101010101010101010101010101010101
010101010101010101010101010101010101010101010102020101010101010101010101010101010101020101010101
020101010102010102010101020202010101020201010202020101010101010101020101010201010101010201020101
010101010101020101010101010102020101010101010101010101010101010201010101010101010101010101020101
010102010101010201010101010101020102010101010101010101010101010101010102010101010101010101010102
010101010101010101010101010101010101010101010101010101010101010101010101010101010101010101010101
010101010101010101010101020202010101010101010101010102020101010102010101010201010101010101010101
010101020201010201010101010101010101010101010202010101010102010101020101020201010101010101010101
010101010101010101010101020101010101010101010101010101010101010101010101010101010101010101010101
020101010101010101010101010101010101010101010101010101010101010101010101010101010101010101010101
020101010101010201010101010101010101020202020202020202020202020202010102020202020101020101010102
010201010102020201010101010102020102020201010101010101020101010102010101010101020101020101020101
010101010101010102020102010101010101010101010101010101010101010101010101010101010101010101010101
020101010101010101020101010101010101010101010101010101010101010101010101010101010101010101010101
010101010101010101010101010101010101010101010101010101010101010101010101010101010101010101010101
010101010101010101010101010101010101010101010101010101010101010101010101010101010101010101010101
010101010101010101010101010101010101010101010101010101010101010101010101010101010101010101010101
010101010101010101010101010101010101010101010101010101010101010101010101010101010101010102010101
010101010101010101010102010101010101010102010101010101010101010101010101010101010101010101010101
010101010101010101010101010101010101020101010101010101010101010101010101010101010101010101010101
010101010101010101010101010101010101010101010101010101010101010101010101010101010101010101020101
010101010101010101010101010101010101010101010101010101010101010101010101010101010101010101010101
010101010101010101010101010101010101010101010101010101010101010101010101010101010101010101010101
010101010101010101020201020101010101010101010101010101010101010101010101010101010101010101010101
010101010101010101010101010101010101010101010101010101010101010101010101010101010101010101010101
010101010101010101010101010101020101020101020101010101010101010101010101010101010101010101010101
010101010101010101010101010101010101010102010101010101010101020101010101010201010101010101010101
010101010101010101010101010101010101010101010101010101020101010101010101010101010101010101010101
010101010101010101010101010101010101010101010101010101010101010101010101010101010101010201010101
010101010101010101010101010101010101010101010101010202010101010201010102010101010101010201010101
010101010102010101010101010101010101010101010101010101010101010101010101010101010101010101010101
010101010101010101010101010101010101010101010101010101010101010101010101010101010101010101010101
010101010101010101010101010101010101010101010101010101010101010101010101010101010101010101010101
010101010101010101010101010101010101010101010101010101010101010101010101010101010101010101010101
010101010101010101010101010101010101010101010101010101010101010101020101010101010101010102020101
010101010101010101010101010101010101010101010101010101010101010101010101020101020101010102010102
020101010101020101010101010101010201010101010101010101010101010201010101010101010101010101010101
010101010101010101010101010101010101010101010101010101010101010101010101010101010101020101010101
010101010101010101020101010101010101010101010101010101010101010101010101010101010101010101010101
010101010101010101010101010101010101010101010101010101010102010101010101010101010202010101010101
010101010101010101010101010101010101010101010101010101010101010101010101010101010101010101010101
010101010101010101010101010101010101010101010101010101010101010101010101010101010101010101010101
010101010101010101010101010101010101010101010101010101010101010101010101010101010101010101010101
010101010101010101010101010101010101010101010101010101010101010201010101010101010101010101010101
010101010101010101010101010101010101010101010101010101010101010101010101010101010101010101010101
010101010101010101010101010101010101010101010101010101010101010101010101010101010101010101010101
010101010102010101010101010101010101010101010101010101010101010101010101010101010101010101010101
010101010101010101010101010101010101010101010101010101010101010101010101010101010101010202010201
010101010101010101010101010101010101010101010101010101010101010101010101010101010101010101010101
010101010101010101010101010101010101010101010101010101010101010101010101010101010101010101010101
010101010101010101010101010101010201010101010101010101010101010201010101010101010101020101010101
010101010101010101010101010101010101010101010101010101010101010101010101010101010101010101010101
010101010101010101010101010101010101010101010101010101010101010101010101010101010101010101010101
010101010101010101010201010102020101010101010101010101010102010101010101010101010101010101020101
010101010101010101010101010101010101010102010101010101020202020202020202020202020202020202020402
020202020202020202020202020202020202020202020202020202020204020202020202020202020202020202020202
020202020202020202020202020402020202020202020202020202020202010102020101010102010101010101010101
010101010101010101010101010101010101010101020202010101010101010101010101010101010101010101010101
010101010101010101010101010101010101010101010101010101010101010101010201010101010201010101010101
010101020101010101010101010101010101010101010101010101010101010101010101010101010101010101010101
010101010101010101010101010101010101010201010101010101020102010201010101020101010101010101010101
010201010101010101020101010101010101010101010101010101010101010201010102010101020101010101010101
010101010101010101010101010101010101010101010101010101010201010101020102010101020101010101010102
010101010101010101010101020101010101010102010101010101010101010101010101010101010101010201010102
010201010101010101010101010101010101010101010101010101010101010101010101010101010101010101010101
010101010101010101010101010101010101010101010101010101010101010101010101010101010101010101010101
010101010101010101010201010101010101010101010101010201010101010101010201010101010101010101010101
010101010101010101010101010101010101010101010101010101010101010101010101010101010101010101010101
010101010101010101020101010201010102010102010102010101010101010101010201010101010201010101010101
010101010101010101010101010102010102010102010101010101010101010101010101010101010101010101010101
010201010101010101010101010101010201010101010102010101010101010101010101010101010101010101010101
010101010101010101010101010101010101010101010101010101010101010101010101010101010101010101010101
010101010101010101010101010101010101010101010101010101010101010101010101010101010101010101010101
010101010101010101010101010101010101010101010201010101010101010101010102020101010101010101010101
010101010101010101010101010101010101010101010101010101010101010101010101010101010101010101010101
010101010101010101010101010101010101020101010102010201010101020102010101010101010101010102010201
010101010101010101010101010101010101010101010101020101010201020101010101010101010101010101010101
010101010101010101010101010201010101010101010101010102020101010101010101010101010101010101010101
010101010101010101010101010101010101010101010101010202010101010201010101010101010101010101010101
010101010101010101010101010101010101010101010101010101010101010101010101010101010101010101010101
010101010102010201010101010102010101010201010101010101020101010101010101010201010101010101010201
010101010101010101010101010101010101010101010101010101010101010101010101010101010101010101010101
010101010101010101010201020102010101010101010101010101010101010101010101010101010101010101010101
010201010101010101010201020102010101010101010101010201010101010101010101010101020101010102010101
010101010101010101010101010101010101010201020101010101010201010101010202020101010101010101010101
020101010101020101010101010101010102010101010101010101010101010101010101010101010101010101010101
010101010101010101010101010101010101010101010101010101010101010101010101010101010101010101010101
010101010101010101010101010101010101010101010101010101010101010101010101010101010101010101010101
010101010101010101010101010101010101010101010101010101010101010101010101010101010101010101010101
010101010101010101010101010101010101010101010101010101010101010101010101010101010101010101010101
010101010101010101010101010101010101010102010101010101010101010101020201010101010101010101010101
010101010101010101010101010101010101010101010101010101010101010101010101010101010101010101010101
010101010101010101010101010101010101010101010101010101010101010101010101010101010101010101010101
010101010101010101010101010101010101010201020201010101010101010101010101010101010101010101010101
010101010101010101010101010101010101010101010101010101010101010101010101010101010101010101020101
010101010101010101010101010101010101010101010101010101010101010101010101010101010101010101010101
010101010101010101010101010101010101010101010201010101010101010101010101010101010101010101010101
010101010101010101010101010101010101010101010101010101010101010101010101010101010101010101010101
010101010101010101010101010101010101010101010101010101010101010101010101010101010101010101010101
010101010101010101010101010101010101010101010101010101010101010101010101010101010101010101010101
010101010101010101010101010101010101010101010101010101010101010101010101010101010101010102010101
010101010101010101020101010101010101020101010101010101010101010101010101010101010101010101010101
010202010101010101020101020101010101010202010101010101020101010101010101010101010101010101010101
010101010201010101010101010101010101010101010101010101010101010101010101010101010101010101010101
010101010101010201010101010101010101010101010101010101010102010101010101010101010101010101010101
010101010101010101010101010101010101010101010101010101010101010101010101010101010201010101010101
010101010102010101010102010101010101010101010101010101010101010101010101010101010101010101010101
010101010101010101010101010101010101010101010101010101010101010101010101010101010102020101010102
010101010101010101010101010101010101010101010101010101010101010101010101010101010101010102010101
010101010102010101010101010102010101010101010101010101010101010101010101010101010101010101010101
010101020101010101010101010101010101010101010101010101010101010101010101010101010101010101010101
010101010101010101010101010101010101010201010101010101010101010101010101010101010101010101010102
010102010102010101010102010101010101010201010101010101010201010101010101010101010101010101010101
010101010101010101010101010101010101010101010101010101010101010101010101010101010101010101010101
010101010101010101010101010101010101010101010101010101010101010101010101010101010101010101010101
010101010101010101010101010101010101010101010101010101010101010101010101010101010101010101010101
010101010101010101010101010101010101010101010101010101010101010101010101010101010101010101010101
010101010101010101010101010101010101010101010101010101010101010101010101010101010102020102010101
010101010101010101010101010101010101010101010101010101010101010101010101010101010101010101010101
010101010101010101010101010101010101010101010101010101010101010101010101010101010101010101010101
010102010101010101010101010101010101010101010101010101010101010101010101010101010101010101010101
010101010101010101010101010101010101010101010101010101010101010102010101010101010101010101010101
010101010101010101010101010101010101010101010101010101010101010101010101010101010201010101010101
010101010102020101010101010101010101010101010101010101010101010101010101010101010101010101010101
010101010101010101010101010101010101020102010101010101010101010101010101010101010101010201010101
010101010101010101010101010101010101010101010101010101010101010101010101010101010101010101010101
010101010101010101010101010101010101010101010101010101010101010101010101010101010101010101010101
010101010101010101010101010101010101010101010101010101010101010101010101010101010101010101010101
010101010101010101010101010101010101010101010101010101010101010101010101010101010101010101010101
010101010101010101010101010101010101010201020101020101010101010101010101010101010101010101010101
010101010101010101010101010101010101010101010101010101010101010101010101010101010101010101010101
010101010101010101010101010101010101010101010101010101010101010101010101010101010101010101010101
010101010101010101010101010101010101010101010101010101010101010101010101010101010101010101010101
010101010101010101010101010101010101010101010101010101010101010101010101010101010101010101010101
010101010101010101010101010101010101010101010101010101010101010101010101010101010101010101010101
010101010101010101010101010101010101010101010101010101010101010101010101010101010101010101010101
010101010101010101010101010101010101010101010101010101010101010101010101010101010101010101010101
010101010101010101010101010101010101010101010101010101010101010101010101010101010101010101010101
010101010101010101010101010101010101010101010101010101010101010101020101010201010201010101010101
010101010101010101010101010101010101010101010101010101010101010101010101020201010101020101010101
010101010101010101010101010101010101010101010101010101010101010101010101010101010101010101010101
010101010101010101010101010101010101010101010101010101010101010101010101010101010101010101010101
010101010101010101010101010101010101010101010101010101010101010101010101010101010101010101010101
010101010101010101010101010101010101010101010101010101010101010101010202020101010101010101010101
010101010101010101010101010101010101010101010101010101010101010101010101010101010101010101010101
010101010101010101010101010101010101010101010101010101010101010101010101010101010101010101010101
010101010101010101010101010101010101010101010101010101010101010101010101010101010101010101010101
010101010101010101010101010101010101010101010101010101010101010101010101010101010101010101010101
010101010101010101010101010101010101010101010101010101010101010101010101010101010101010101010101
010101010101010101010101010101010101010101010101010101010101010101010101010101010101010101010101
010101010101010101010101010101010101010101010101010101010101010101010101010101010102010202010101
010101010101010101010101010101010101010101010101010101010101010101010101010101010101010101020201
010101010101010102010101010101010101010101010101010101010101010101010101010101010101010101010101
010101010101010101010101010101010101010101010101010101010101010101010101010101010202010101010201
010101010101010101010101010101010101010101010101010101010101010101010101010101010101010101010101
010101010101010101010101010101010101010101010101010101010101010101010101010101010101010101010101
010101010101010101010101010101010101010101010101010101010101010101010101010101010101010101010101
010101010101010101010101010101010101010101010101010101010101010101010101010101010102020201010101
010101010101010101010101010101010101010101010202020101010101010101010101010101010101010101010101
010101010101010101010101010101010101010101010101010101010101010101010101010101010101010101010101
010101010101010101010101010101010101010101010101020201010101010101010201010101010101010101010101
010101010101010101010101010101010101010101010101010101010101010101010101010101010101010101010101
010101010101010101010101010101010101010101010101010101010101010101010101010101010101010101010101
010101010101010101010101010101010101010101010101010101010101010101010101010101010101010101010101
010101010101010101010101010101010101010101010101010101010101010101010101010101010101010101010101
010101010101010101010101010101010101010101010101010101010101010101010101010101010101010101010101
010101010101010101010101010101010101010101010101010101010101010101010101010101010101010101010101
010101010101010101010101010101010101010101010101010101010101010101010101010101010101010101010101
010101010101010101010101010101010101010101010101010101010101010101010101010101010101010101010101
010101010101010101010101010101010101010101010101010101010101010101010101010101010101010101010101
010101010101010101010101010101010101010102010101010101010101010102020101010101010101010101010101
010101010101010101010101010101010101010101010101010101010101010101010101010101010101010101010101
020202010101010101010101010101010101010101010101010101010101010101010101010101010101010101010101
010101010101010101010101010101020101010102010101010101010102010101010101010101010101010101010101
010101010101010101010101010101010101010101010101010101010101010101010101010101010101010101010101
010101010101010101010101010201010101010101010101010101020101010101010102010101010101010101010101
010101010101010101010101010101010101010101010101010201010201010201010201010101010101010201010102
010101010201010102010102020101020101020101010101010101010201010101010202020101020101020101010101
010101010101010101020101010101010101010101010101010101010101010101010101010101010101010101010101
020102010201010101010101010101010101010101010101010101010101010101010101010101010101010101010101
010101010101010101010101010101010101010101010101010101010101010101010101010101010101010101010101
010101010101010101010101010101010101010101010101010101010101010101010101010101010101010101020102
010201010101010101010101010101010101010101010101010101010101010101010101010101010101010101010101
010101020101020101020101020101020101010101010101010101010101010101010201010101010101010102020101
010201010101010101020201010102020201010202010102020101020101010101010101010102010101010101010101
010101010101010101010101010101010101010101010101010101010101010101010101010101010101010101010101
010101010101010101010101010101010101010101010101010101010101010101010101010101010101010101010101
010101010101010101010101010101010101010101010101010101010101010101010101010101010101010101010101
010101010101010101010101010101010101010101010101010101010101010101010101010101010101010101010101
010101010101010101010101010101010101010101010101010101010101010101010101010101010101010101010101
010101010101010101010101010101010101010101010101010101010101010101010101010101010101010101010101
010101010101010101010101010101010101010101010101010101010101010101010101010101010101010101010101
010101010101010101010101010101010101010101010101010101010101010101010101010101010101010101010101
010101010101010101010101010101010101010101010101010101010101010101010101010101010201010101010101
010201010101010101010101010101010101010101010101010101010101010101010101010101010101010101010101
010101010101010101010101010101010101010101010101010101020201010101010101010101010101010101020201
010101010101010101010202010102010101010101010101010101010101010101010201010101010101010101010101
010101010101010101010101010101010101010101010101010101010101010101010101010101010101010101020101
010101010101010101010102010101010101010201010101010101010101010101010101010101010101010101010101
010101010101010101010102020101010102010101010101010101010101010101010101010101010101010101010101
010101010101010101010101010101010101010101010101010101010101010101010101010101010101010101010101
010101010101010101010101010101010101010101010101010101010101010101010101010101010101010101010101
010101010101010101010101010101010101010101010101010101010101010101010101010101010101010101010101
010101010101010101010101010101010101010101010101010101010101010101010101010101010101010101010101
010101010101010101010101010101010101010101010101010101010101010101010101010101010101020202010101
010101010101020101010102010101010101010102010101010101010101010101010101010101010101010101010101
010101010101010101010101010101010101010101010101010101010101010101010101010101010101010101010101
010101010101010101010101010101010101010101010101010101010101010101010101010101010101010101010101
010101010101010101010101010101010101010101010101010101010101010101010101010101010101010101010101
010101010101010101010101010101010101010101010101010102010101010101010102010101010101010101010101
010101010101010101010101010101010101010101010101010101010101010101010101010101010101010101010101
010101010101010101010101010101010101010102020101010202010101010101010101010102010101010101010101
010202010101010101010101010101010101010102010101010101010101010101010101010101010101010101010101
010101010101010101010101010101010101010101010101010101010101010101010101010101010101010101010101
010101010101010101010101010101010101010101010101010101010101010101010101010101010101010101010101
010101010101010101010101010101010101010101010101010101010101010101010101010101010101010101010101
010201010101010101010101010202010101010101010101010101010101010101010101010101010101010101010101
010101010101010101010101010101010101010101010101010101010101010101010101010101010101010101010101
010101010101010101010101010101010101010101010101010101010101010101010101010101010101010101010101
010101010101010101010101010101010101010101010101010101010101010101010101010101010101010101010101
010101010101010101010101010101010101010101010101010101010101010101010101010101010101010101010101
010101010101010101010101010101010101010101010101010101010101010101010101010101010101010101010101
010101010101010101010101010101010101010101010101010101010101010101010101010101010101010101010101
010101010101010101010101010101010101010101010101010101010101010101010101010101010101010101010101
010101010101010101010101010101010101010101010101010101010101010101010101010101010101010101010101
010101010101010101010101010101010101010101010101010101010101010101010101010101010101010101010101
010101010101010101010101010101010101010101010101010101010101010101010101010101010101010101010101
010101010101010101010101010101010101010101010101010101010101010101010101010101010101010101010101
010101010101010101010101010101010101010101010101010101010101010101010101010101010101010101010101
010101010101010101010101010101010101010101010101010101010101010101010101010101020101010101010101
010101010101010101010101010101010101010101010101010101010101010101010101010101010101010101010101
010101010101010101010101010101010101010101010101010101010101010101010101010101010101010101010101
010101010101010101010101010101010101010101010101010101010101010101010101010101010101010101010101
010101010101010101010101010101010101010101010101010101010101010101010101010101010101010101010101
010101010101010101010101010101010101010101010101010101010101010101010101010101010101010101010101
010101010101010101010101010101010101010101010101010101010101010101010101010101010101010101010101
010101010101010101010101010101010101010101010101010101010101010101010101010101010101010101010101
010101010101010101010101010101010101010101010101010101010101010101010101010101010101010101010101
010101010101010101010101010101010101010101010101010101010101010101010101010101010101010101010101
010101010101010101010101010101010101010101010101010101010101010101010101010101010101010101010101
010101010101010101010101010101010101010101010101010101010101010101010101010101010101010101010101
010101010101010101010101010101010101010101010101010201010101010101010101010102010101010102010101
010101010101010101010101010101010101010101010101010101010101010101010101010101010101010101010101
010101010101010101010101010101010101010101010101010101010101010101010101010101010101010101010101
010101010101010101010101010101010101010101010101010101010101010101010101010101010101010101010101
010101010101010101010101010101010101010101010101010101010101010101010101010101010101010101010101
010101010101010101010101010101010101010101010101010101010101010101010101010101010101010101010101
010101010101010101010101010101010101010101010101010101010101010101010101010101010101010101010101
010101010101010101010101010101010101010101010101010101010101010101010101010101010101010101010101
010101010101010101010101010101010101010101010101010101010101010101010101010101010101010101010101
010101010101010101010101010101010101010101010101010101010101010101010101010101010101010101010101
010101010101010101010101010101010101010101010101010101010101010101010101010101010101010101010101
010101010101010101010101010101010101010101010101010101010101010101010101010101010101020101010101
010101010101010101010101010101010101010101010101010101010101010101010101010101010101010101010101
010101010101010101010101010101010101010101010101010201010101020101020101010101010101010101010101
010101010101010101010101010101010101010101010101010101010101010101010101010101010101010101010101
010101010101010101010101010101010101010101010101010101010101010101010101010101010101010101010101
010101010101010101010101010101010101010101010101010101010101010101010101010101010101010101010101
010101010101010101010101010101010101010101010101010101010101010101010101010101010101010101010101
010101010101010101010101010101010101010101010101010101010101010101010101010101010101010101010101
010101010101010101010101010101010101010101010101010101010101010101010101010101010101010101010101
010101010101010101010101010101010101010101010101010101010101010101010101010101010101010101010101
010101010101010101010101010101010101010101010101010101010101010101010101010101010101010101010101
010101010101010101010101010101010101010101010101010101010101010101010101010101010101010101010101
010101010101010101010101010101010101010101010101010101010101010101010101010101010101010101010101
010101010101010101010101010101010101010101010101010101010101010101010101010101010101010101010101
010101010101010101010101010101010101010101010101010101010101010101010101010101010101010101010101
010101010101010101010101010101010101010101010101010101010101010101010101010101010101010101010101
010101010101010101010101010101010101010101010101010101010101010101010101010101010101010101010101
010102010101010101010101010101010101010101010101010101010101010101010101010101010101010101010101
010101010101010101010101010101010101010101010101010101010101010101010101010101010101010101010101
010101010101010101010101010101010101010101010101010101010101010101010101010101010101010101010101
010101010101010101010101010101010101010101010101010101010101010101010101010101010101010101010101
010101010101010101010101010101010101010101010101010101010101010101010101010101010101010101010101
010101010101010101010101010101010101010101010101010101010101010101010101010101010101010101010101
010101010101010101010101010101010101010101010101010101010101010101010101010101010101010101010101
010101010101010101010101010101010101010101010101010101010101010101010101010101010101010101010101
010101010101010102010101010101010101010101010101010101010101010101010101010101010101010101010101
010101010101010101010101010101010101010101010101010101010101010101010101010101010101010101010101
010101010101010101010101010101010101010101010101010101010101010101010101010101010101010101010101
010101010101010101010101010101010101010101010101010101010101010101010101010101010101010101010101
010101010101010101010101010101010101010101010101010101010101010101010101010101010101010101010101
010101010101010101010101010101010101010101010101010101010101010101010101010101010101010101010101
010101010101010101010101010101010101010101010101010101010101010101010101010101010101010101010101
010101010101010101010101010101010101010101010101010101010101010101010101010101010101010101010101
010101010101010101010101010101010101010101010101010101010101010101010101010101010101010101010101
010101010101010101010101010101010101010101010101010101010101010101010101010101010101010101010101
010101010101010101010101010101010101010101010101010101010101010101010101010101010101010101010101
010101010101010101010101010101010101010101010101010101010101010101010101010101010101010101010101
010101010101010101010101010101010101010101010101010101010101010101010101010101010101010101010101
010101010101010101010101010101010101010101010101010101010101010101010101010101010101010101010101
010101010101010101010101010101010101010101010101010101010101010101010101010101010101010101010101
010101010101010101010101010101010101010101010101010101010101010101010101010101010101010101010101
010101010101010101010101010101010101010101010101010101010101010101010101010101010101010101010101
010101010101010101010101010101010101010101010101010101010101010101010101010101010101010101010101
010101010101010101010101010101010101010101010101010101010101010101010101010101010101010101010101
010101010101010101010101010101010101010101010101010101010101010101010101010101010101010101010101
010101010101010101010101010201010101020101010201010101010101010101010101010101010101010101010101
010101010101010101010101010101010101010101010101010101010101010101010101010101010101010101010101
010101010101010101010101010101010101010101010101010101010101010101010101010101010101010101010101
010101010101010101010101010101010101010101010101010101010101010101010101010101010101010101010101
010101010101010101010101010101010101010101010101010101010101010101010101010101010101010101010101
010101010101010101010101010101010101010101010101010101010101010101010101010101010101010101010101
010101010101010101010101010101010101010101010101010101010101010101010101010101010101010101010101
010101010101010101010101010101010101010101010101010101010101010101010101010101010101010101010101
010101010101010101010101010101010101010101010101010101010101010101010101010101010101010101010101
010101010101010101010101010101010101010101010101010101010101010101010101010101010101010101010101
010101010101010101010101010101010101010101010101010101010101010101010101010101010101010101010101
010101010101010101010101010101010101010101010101010101010101010101010101010101010101010101010101
010101010101010102010101010101010101010101010101010101010101010101010101010101010101010101010101
010101010101010101010101010101010101010101010101010101010101010101010101010101010101010101010101
010101010101010101010101010101010101010101010101010101010101010101010101010101010101010101010101
010101010101010101010101010101010101010101010101010101010101010101010101010101010101010101010101
010101010101010101010101010101010101010101010101010101010101010101010101010101010101010101010101
010101010101010101010101010101010101010101010101010101010101010101010101010101010101010101010101
010101010101010101010101010101010101010101010101010101010101010101010101010101010101010101010101
010101010101010101010101010101010101010101010101010101010101010101010101010101010101010101010101
010101010101010101010101010101010101010101010101010101010101010101010101010101010101010101010101
010101010101010101010101010101010101010101010101010101010101010101010101010101010101010101010101
010101010101010101010101010101010101010101010101010101010101010101010101010101010101010101010101
010101010101010101010101010101010101010101010101010101010101010101010101010101010101010101010101
010101010101010101010102010101010101010102010101010101010101010101010201010101010101010101010101
010101010101010101010101010101010101010101010101010101010101010101010101010101010101010101010101
010101010101010101010101010101010101010101010101010101010101010101010101010101010101010101010101
010101010101010101010101010101010101010101010101010101010101010101010101010101010101010101010101
010101010101010101010101010101010101010101010101010101010101010101010101010101010101010101010101
010101010101010101010101010101010101010101010101010101010101010101010101010101010101010101010101
010101010101010101010101010101010101010101010101010101010101010101010101010101010101010101010101
010101010101010101010101010101010101010101010101010101010101010101010101010101010101010101010101
010101010101010101010101010101010101010101010101010101010101010101010101010101010101010101010101
010101010101010101010101010101010101010101010101010101010101010101010101010101010101010101010101
010101010101010101010101010101010101010101010101010101010101010101010101010101010101010101010101
010101010101010101010101010101010101010101010101010101010101010101010101010101010101010101010101
010101010101010101010101010101010101010101010101010101010101010101010101010101010101010101010101
010101010101010101010101010101010101010101010101010101010101010101010101010101010101010101010101
010101010101010101010101010101010101010101010101010101010101010101010101010101010101010101010101
010101010101010101010101010101010101010101010101010101010101010101010101010101010101010101010101
010101010101010101010101010101010101010101010101010101010101010101010101010101010101010101010101
010101010101010101010101010101010101010101010101010101010101010101010101010101010101010101010101
010102010101010101010101010101010101010101010101010101010101010101010101010101010201010101010101
010101010101010101010101010101010101010101010101010101010101010101010101010101010101010101010101
010101010101010101010101010101010101010101020101010101010101010101010101010101010101010101010101
010101010101010101010101010101010101010101010101010101010101010101010101010101010101010101010101
010101010101010101010101010101010101010101010101010101010101010101010101010201010101010201010101
010101010101010101010101010101010101010101010101010101010101010101010101010101010101010101010101
010101010101010101010101010101010101010101010101010101010101010101010101010101010101010101010101
010101010101010101010101010101010101010101010101010101010101010101010101010101010101010101010101
010101010101010101010101010101010101010101010101010101010101010101010101010101010101010101010101
010101010101010101010101010101010101010101010101010101010101010101010101010101010101010101010101
010101010101010101010101010101010101010101010101010101010101010101010101010101010101010101010101
010102010101010101010101010101010101010101020101010101010101010101010101010101010101010101010101
010101010101010101010101010101010201010101010101010101010101010101010101010101010101010101010101
010101010101010101010101010101010101010101010101010101010101010101010101010101010101010101010101
010101010101010101010101010101010101010101010101010101010101010101010101010101010101010101010101
010101010101010101010101010101010101010101010101010101010101010101010101010101010101010101010101
010101010101010101010101010101010101010101010101010101010101010101010101010101010101010101010101
010101010101010101010101010101010101010101010101010101010101010101010101010101010101010101010101
010101010101010101010101010101010101010101010101010101010101010101010101010101010101010101010101
010101010101010101010101010101010101010101010101010101010101010102010101010101010101010101010101
010101010101010101010101010101010101010101010101010101010101010101010101010101010101010101010101
010101010101010101010101010101010101010101010101010101010101010101010101010201010101010101010101
010101010101010101010101010101010101010101010101010102010101010101010101010101010101010101010101
010101010101010101010101010101010101010101010101010101010101010101010101010101010101010101010101
010101010101010101010101010101010101010101010101010101010101010101010101010101010101010101020101
010101010101010101010101010101010101010101010101010101010101010101010101010101010101010101010101
010101010101010101010101010101010101010101010101010101010101010101010101010101010101010101010101
010101010101010101010101010101010101010101010101010101010101010101010101010101010101010101010101
010101010101010101010101010101010101010101010101010101010101010101010101010101010101010101010101
010101010101010101010101010101010101010101010101010101010101010101010101010101010101010101010101
010101010101010101010101010101010101010101010101010101010101010101010101010101010101010101010101
010101010101010101010101010101010101010101010101010102010101010201010101010101010201010101010101
010101010101010101010101010101010101010101010101010101020101010101010101010101010101010101010101
010101010101010101010101010101010101010101010101010101010101010101010101010101010101010101010101
010101010101010101010101010101010101010101010101010101010101010101010101010201010201010101010101
010101010101010101010101010101010101010101010101010101010101010101010101010101010101010101010101
010101010101010101010101010101010101010101010101010101010101010101010101010101010101010101010101
010101010101010101010101010101010101010101010101010101010101010101010101010101010101010101010101
010101010101010101010101010101010101010101010101010101010101010101010101010101010101010101010101
010101010101010101010101010101010101010101010101010101010101010101010101010101010101010101010101
010101010101010101010101010101010101010101010101010101010101010101010101010101010101010101010101
010101010101010101010101010101010101010101010101010101010101010101010101010101010101010101010101
010101010101010101010101010101010101010101010101010101010101010101010101010101010101010101010101
010101010101010101010101010101010101010101010101010101010101010101010101010101010102010101010101
010101010101010101010101010101010101010101010101010101010101010101010101010101010101010101010101
010101010101010101010101010101010101010101010101010101010101010101010101010101010101020101010101
010101010101010101010101010101010101010101010101010101010101010101010101010101010101010101010101
010101010101010101010101010101010101010101010101010101010101010101010101010101010101010101010101
010101010101010101010101010101010201010101010102010101010101010101010101010101010101010101010101
010101010101010101010101010101010101010101010101010101010101010101010101010101010101010101010101
010101010101010101010101010101010101010101010101010101010101010101010101010101020101010101010101
010101010101010101010101010101010101010101010101010101010101010101010101010101010101010101010101
010101010101010101010101010101010101010101010101010101010101010101010101010101010101010101010101
010101010101010101010101010101010101010101010101010101010101010101010101010101010101010101010101
010101010101010101010101010101010101010101010101010101010101010101010101010101010101010101010101
010101010101020102010101010102010101010101010101010101010101010101010101010101010101010101010101
010101010101010101010101010101010101010101010101010101010101010101010101010101010101010101010101
010101010101010101010101010101010101010101010101010101010101010101010101010101010101010101010101
010101010101010101010101010101010101010201010101010101010101010102010101010101010201010101010101
010101010101010101010101010101010101010101010101010101010101010101010101010101010101010101010101
010101010101010101010101010101010101010101010101010101010101010101010101010101010101010101010101
010101010101010101010101010101010101010101010101010101010101010101010102020101010101010101010101
020101010101010101010101010101010101010101010101010101010101010101010101010101010101010101010101
010101010101010101010101010101010101010101010101010101010102010101010101010101010201010101010101
010101010201010101010101010101010101010101010101010101010101010101010101010101010101010101010101
010101010101010101010102010102010101010101010102010101010101010101010101010101010101010101010101
010101010101010201010202010101010101010101010101010101010101010101010101010101010101010101010101
010101010101010101010201010101010101020101010101010201010101010101010101010101010101010101010101
010101010101010101010101010101010101010101010101010101010101010101010101010101010101010101010101
010101010101010101010101010101010101010101010101010101010101010101010101010101010101010101010101
010101010201010101010101010101010101010101010101020101010101010101010101010101010101010101010101
010101010101010101010101010101010101010101010101010101010101010101010101010101010101010101010101
010101010101010101010101010101010101010101010101010101010101010101010101010101010101010101010101
010101010102010101010201020101010101010101010101010101010101010101010101010101010101010101010101
010101010101010101010101010101010101010101010101010101010101010101010101010101010101010101010101
010101010101010101010101010101010101010101010101010101010101010101010101010101010101010101010101
010101010101010101010101010101010201010101010101010101010102020101010101010101010101010101010101
010101010101010101010101010101010101010101010101010101010101010101010101010101010101010101010101
010101010101010101010101010101010101010101010101010101010101010101010101010101010101010101010101
010101010101010101010101010101010101010101010101010101010101010101010101010101010101010101010101
010101010101010101010101010101010101010101010101010101010101010101010101010101010101010102010101
010101010101010101010101010101010101010101010101010101010101010101010101010101010101010101010101
010101010101010101010101010101010101010101010101010101010101010101010101010101010101010101010101
010101010101010101010101010101010101010101010201020101010101010101010101010101010101010101010101
010101010101010101010101010101010101010201010101010101010101010101010101010101010101010101010101
010101010101010101010101010101010101010101010101010101010101010101010101010101010101010101010101
010101010101010101010101010101010101010101010101010101010101010101010101010101010101010101010101
010101020101010101010101020101010102010101010101010101010101010101010101010101010101010101010101
010101010101010101010101010101010101010101010101010101010101010101010101010101010101010101010101
010101010101010101010101010101010101010101010101010101010101010101010101010101020101010101010101
010101010101010101010101010101010101010101010101010101010101010101010101010101010101010101010101
010101010101010101010101010101020201020101010101010101010101010101010101010101010101010101010101
010101010101010101010101010101010101010101010101010101010101010101010101010101010101010101010101
010101010101020101010101010101010101010101010101010101010101010101010101010101010101010101010101
010101010101010101010101010101010101010101010101010101010101010101010101010101010101010101010101
010101010101010101010101010101010101010101010101010101010101010101010101010101010101010101010101
010101010101010101010101010101010101010101010101010101010101010101010101010101010101010101010101
010101010101010101010101010101010101010101010101010101010101010101010101010101010101010101010101
010101010101020101010101010101010101010101010101010101010101010101010101010101010101010101010101
010101010101010101010101010101010101010101010101010101010101010101010101010101010101010101010101
010101010101010101010101010101010101010101010101010101010101010101010101010101010101010101010101
010101010201010201010101010101010101010101010101010101010101010102010201010101010101010101010101
010101010101010101010101010101010101010101010101010101010101010101010101010101010101010101010101
010101010101010101010101010101010101010101010101010101010101010101010101010101010101010101010101
010101010101010101010101010101010101010101010101010101010101010101010101010101010102010201020101
010101010101010101010101010101010101010101010101010101010101010101010101010101010101010101010101
010101010101010101010101010101010101010101010101010101010101010101010101010101010101010101010101
010101010101010101010101010101010101010101010101010101010101010101010101010101010101010101010101
010101010101010101010201010101010101010101010201010201010101010101010101010101010101010101010101
010101010101010101010101010101020201010101010101010101010101010101020101010101010101010101010101
010201010101010101010101010101010101010101010101010101010101010101010101010101010101010101010101
010101010101010101010101010101010101010101010101020101010101010101020101020101010101010101010101
010101010101010101010101010101010101010101010101010101010101010101010101010101010101010101010101
010101010101010101010101010101010101010101010101010101010101010101010101010101010101010101010101
010101010101010101010101010101010101010101010101010101010101010101010101010101010101010101010101
010101010101010101010101010101010101010101010101010101010101010101010101010101010101010101010101
010101010101010101010101010101010101010101010101010101010101010101010101010101010101010101010101
010101010101010101010101010101010101010101010101010101010102010101010101010102010101010101010101
010101010101010101010101010101010101010101010101010101010101010101010101010101010101010101010101
010101010101010101010101010101010101010101010101010101010101010101010101010101010101010101020101
010101010101010101010101010101010101010101010101010101010101010101010101010101010101010101010101
010101010101010101010101010101010101010101010101010101010101010101010101010101010101010101010101
010101010101010101010101010101010101010101010101010101010101010101010101010101010101010101010101
010101010101010101010101010101010101010101010101010101010101010101010101010101010101010101010101
010101010101010101010101010101010102010101010101010101010101010101010101010101010101010101010101
010101010101010101010101010101010101010101010201010101010101020101010101010101010101020101020101
010101010101010101010101010101010101010101010101010101010101010101010101010101010101010101010101
010101010101010101010101010101010101010101010101010101010101010101010101010101010101010101010101
010101010101010101010101010101010101010101010101010101010101010101010101010101010101010101010101
010101010101010101010101010101010101010101010101010101010101010101020102020101010101010101010101
010101010101010101010101010101010101010101010101010101010101010101010101010101010101010101010101
010101010101010101010101010101010101010101010101010101010101010101010101010101010101010101010101
010101010101010101010101010101010101010101010101010101010101010101010101010101010101010101010101
010101010101010101010101010101010101010101010101010101010101010101010101010101010101010101010101
010101010101010101010101010101010101010101010101010101010101010101010101010101010101010101010101
010101010101010101010101010101010101010101010101010101010101010101010101010101010101010101010101
010101010101010101010101010101010102010101010101010101010201010101010101010101010201010101010101
010101010101010101010101010101010101010101010101010101010101010101010101010101010101010101010101
010101010101010101010101010101010101010101010101010101010101010101010101010101010101010101010101
010101010101010101010101010101010101010101010101010101010101010101010101010101010101010101010101
020101010101010101010101010101010101010101010101010101010102010101010101010101010101010101010101
010101010101010101010101010101010101010101010101010101010101010101010101010101010101010101010101
010101010101010101010101010101010101010101010101010101010101010101010101010101010101010101010101
010101010101010101010101010101010101010101010101010101010101010101010101010101010101010101010101
010101010101010101010101010101010101010101010101010101010101010101010101010101010101010101010101
010101010101010101010101010101010101010101010101010101010101010101010101010101010101010101010101
010101010101010101010101010101010101010101010101010101010101010101010101010101010101010101010101
010101010101010101010101010101010101010101010101010101010101010101010101010101010101010101010101
010101010101010101010101010101010101010101010101010101010101010101010101010101010101010101010101
010101010101010101010101010101010101010101010101010101010101010101010101010101010101010101010101
010101010101010101010101010101010101010101010101010101010101010101010101010101010101010101010101
010101010101010101010101010101010101010101010101010101010101010101010101010101010101010101010101
010101010101010101010101010101010101010101010101010101010101010101010101010101010101010101010101
010101010101010101010101010101010101010101010101010101010101010101010101010101010101010101010101
010101010101010101010101010101010101010102010101010101010101010101010101010101010101010101010101
010101010101010101010101010101010101010101010101010101010101010101010101010101010101010101010101
010101010101010101010101010101010101010101010101010101010101010101010101010101010101010101010101
010101010101010101010101010101010101010101010101010101010101010101010101010101010101010101010101
010101010101010101010101010101010101010101010101010101010101010101010101010101010101010101010101
010101010101010101010101010101010101010101010101010101010101010101010101010101010101010101010101
010101010101010101010101010101010101010101010101010101010101010101010101010101010101010101010101
010101010101010101010101010101010101010101010101010101010101010101010101010101010101010101010101
010101010101010101010101010101010101010101010101010101010101010101020101010101020101010101010101
010101010101010101010101010101010101010101010101010101010101010101010101010101010101010101010101
010101010101010101010101010101010101010101010101010101010101010101010101010101010101010101010101
010101010101010101010101010101010101010101010101010101010101010101010201010101010101010101020101
010101010101010101020101010101010101010101010101010101010101010101010101010101010101010101010101
010101010101010101010101010101010101010101010101010101010101010101010101010101010101010101010101
010101010101010101010101010101010101010101010101010101010101010101010101010101010101010101010101
010101010101010101010101010101010101010101010101010101010101010101010101010101010101010101010101
010101010101010101010101010101010101010101010101010101010101010101010101010101010101010101010101
010101010101010101010101010101010101010101010101020101010101010101010101010101010101010101010101
010101010101010101010101010101010101010101010101010101010101010101010101010101010101010101010101
010101010101010101010101010101010101010101010101010101010101010101010101010101010101010101010101
010101010101010101010101010101010101010101010101010101010101010101010101010101010101010101010101
010101010101010101010101010101010101010101010101010101010101010101010101010101010101010101010101
010101010101010101010101010101010101010101010101010101010101010101010101010101010101010101010101
010201010101010101010101010101010101010101010101010101010101010101010101010101010101010101010101
010101010101010101010101020101010201010101010101010101010101010101010101010101010101010101010101
010101010101010101010101010101010101010101010101010101010101010101010101010101010101010101010101
010101010101010101010101010101010101010101010101010101010101010101010101010101010101010101010101
010101010101010101010101010101010101010101010101020101010101010101010101010101010101010101010101
010101010101010101010101010101010101010101010101010101010101010101010101010101010101010101010101
010101010101010101010101010101010101010101010101010101010101010201010101010101010101010101010101
010101010101010101010101010101010101010101010101010101010101010101010101010101010101010101010101
010101010101010101010101010101010101010101010101010101010101010101010101010101010101010101010101
010101010101010101010101010101010101010101010101010101010101010101010101010101010101010101010101
020101010101010101010101010101010101010101010101010101010101010101010101010101010101010101010101
010101010101010101010101010101010101010101010101010101010101010101010101010101010101010101010101
010101010101010101010101010101010101010101010101010101010101010101010101010101010101010101010101
010101010101010101010101010101010101010101010101010101010101010101010101010101010101010101010101
010101010101010101010101010101010101010101010101010101010101010101020102010101010101010101010101
010101010101010101010101010101010101010101010102010101010101010101010101010101010101010101010101
010101010101010101010101010101010101010101010101010101010101010101010101010101010101010101010101
010101010101010101010101010101010101010101010101010101010101010101010101010101010101010101010101
010101010102010101010101010101020102010101010101010101010101010101010101010101010101010101010101
010101010101010101010101010101010101010101010101010101010101010101010101010101010101010101010101
010101010101010101010101010101010101010101010101010101010101010101010101010101010101020101010101
010101010101010101010101010101010101010101010101010101010101010101010101010101010101010101010101
010101010101010101010101010101010101010101010101010101010101010101010101010101010101010202010201
010101010101010101010101010101010101010101010101010101010101010101010101010101010101010101010101
010101010101010101010101020101010101010101010101010101010101010101010101010101010101010101010101
010101010101010101010101010101010101010101010101010101010101010101010101010101010101010101010101
010101010101010101010101010101010101010101010101010101010101010101010101010101010101010101010101
010101010101010101010101010101010101010101010101010101010101010101010101010101010101010101010101
010101010101010101010101010101010101010101010101010101010101010101010101010101010101010101010101
010101010101010101010101010101010101010101010101010101010101010101010101010101010101010101010101
010101010101010101010101010101010101010101010101010101010101010101010101010101010101010101010101
010101010101010101010101010101010101010101010101010101010101010101010101010101010101010101010101
010101010101010101010101010101010101010101010101010101010101010201010101010101010101010101010101
010101010102010101010101010201010101010101010101010101010101010101010101010101010101010101010101
010101010101010101010101010101010101010101020101010101010101010101010101010101010101010102010101
010101010102010101010101010101010101010101010101010101010101010101010101010101010101010101010101
010101010101010101010101010101020201010101010101020101010101010101020101010101010101010101010102
010101010101020101010101010101010101010101010101010101010101010101010101010101010101010101020101
010201010101010101020101010101010101010101010101010101010101010101010101010101010101010101010101
010101010101010101010101010101010101010101010101010101010101010101010101010101010101010101010101
010101010101010101010101010101010101010101010101010101010101010101010101010101010101010101010101
010101010101010101010101010101010101010102020101010101010101010101010101010101010101010101010101
010101010101010101010101010101010101010101010101010101010101010101010101010101010101010101010101
010101010101010101010101010101010101010102020101020101010102010101010101020101010101010102010101
010101010101010101010101010101010101010101010101010101010101010101010101010101010101010101010101
010101010101010101010101010101010101010101010101010101010101010101010101010101010101010101010101
010101010101010101010101010101010101010101010101010101010101010101010101010101010101010101010101
010101010101010101010101010101010101010101010101010101010101010101010101010101010101010101010101
010101010101010101010101010101010101010101010101010101010101010101010101010101010101010101010101
010101010101010101010101010101010101010101010101010101010101010101010101010101010101010101010101
010101010101010101010101010101010101010101010101010101010101010101010101010101010101010101010101
010101010101010101010101010101010101010101010101010101010101010102010101010101010101010101010101
010101010101010101010101010101010101010101010101010101010101010101010101010101010101010101010101
010101010101010101010101010101010101010101010101010101010101010101010101010101010101010201020101
020101010101010101010101010101010102010101010101010101010101020201010101010101010101010101010101
010101010101010101010101010101010101010101010101010101010101010101010101010101010101010101010101
010101010101010101010101010101010101010101010101010101010101010101010101010101010101010101010101
010101010101010101010101010101010101010101010101010101010101010101010101010101010101010101010101
010101010101010101010101010101010101010101010101010101010101010101010101010101010101010101010101
010101010101010101010101010101010101010101010101
