4b52433130310000bf41000000140000000400006b800000000000000000000000000000060000000000000013000000
000000001b0000000000000025000000000000004f0000000000000051000000000000005d000000000000006a000000
0000000081000000000000009d00000000000000a300000000000000ca00000000000000dc0000000000000006010000
00000000090100000000000027010000000000002b0100000000000031010000000000003d010000000000005b010000
00000000660100000000000075010000000000009901000000000000ee01000000000000f1010000000000000c020000
000000001e0200000000000023020000000000002f020000000000003b020000000000005d020000000000005e020000
000000005f02000000000000610200000000000067020000000000007002000000000000790200000000000081020000
000000009102000000000000b902000000000000e802000000000000f102000000000000300300000000000049030000
0000000085030000000000008a03000000000000b703000000000000bf03000000000000ca03000000000000e0030000
00000000190400000000000029040000000000003904000000000000400400000000000045040000000000004b040000
000000005604000000000000570400000000000058040000000000005a040000000000005d0400000000000063040000
000000006e040000000000007c040000000000007e040000000000008b04000000000000a604000000000000b2040000
00000000bb04000000000000c804000000000000d804000000000000dd04000000000000e304000000000000f9040000
00000000fa040000000000000105000000000000070500000000000023050000000000003e0500000000000047050000
000000006f050000000000007e050000000000008f050000000000009205000000000000a405000000000000ec050000
00000000030600000000000013060000000000001e060000000000003406000000000000350600000000000045060000
000000008e060000000000009b06000000000000a206000000000000a406000000000000a706000000000000ae060000
00000000be06000000000000d406000000000000e006000000000000eb06000000000000f90600000000000015070000
000000005e070000000000006007000000000000760700000000000083070000000000008e070000000000009d070000
00000000a007000000000000b207000000000000b707000000000000b807000000000000b907000000000000c1070000
00000000da07000000000000df07000000000000e707000000000000f20700000000000013080000000000001e080000
0000000029080000000000002b080000000000003b0800000000000072080000000000008908000000000000d7080000
00000000f708000000000000fd08000000000000380900000000000055090000000000005f0900000000000069090000
000000009a09000000000000bd09000000000000e709000000000000ef09000000000000260a000000000000440a0000
00000000520a0000000000005e0a000000000000600a000000000000660a000000000000850a0000000000008a0a0000
000000009d0a000000000000bb0a000000000000c70a000000000000c90a000000000000d70a0000000000000d0b0000
00000000200b000000000000720b000000000000940b0000000000009a0b000000000000d30b000000000000e10b0000
00000000e70b000000000000f50b000000000000220c000000000000410c000000000000770c0000000000007c0c0000
00000000a90c000000000000b20c000000000000bf0c000000000000c20c000000000000c50c000000000000cb0c0000
00000000d20c000000000000db0c000000000000ea0c000000000000f30c000000000000f60c000000000000f90c0000
00000000050d000000000000140d000000000000230d0000000000003d0d000000000000460d0000000000004f0d0000
000000007b0d000000000000880d0000000000008e0d0000000000009a0d000000000000c40d000000000000cb0d0000
00000000d40d000000000000e30d0000000000000d0e0000000000001b0e0000000000002c0e0000000000004b0e0000
000000004e0e000000000000530e0000000000005a0e000000000000630e000000000000780e000000000000860e0000
00000000970e000000000000d90e000000000000dc0e000000000000f00e000000000000050f0000000000002d0f0000
000000005c0f000000000000650f000000000000a40f000000000000c30f00000000000005100000000000000a100000
000000003d1000000000000044100000000000004d10000000000000611000000000000094100000000000009f100000
00000000ae10000000000000cf100000000000001d1100000000000020110000000000003d110000000000004f110000
0000000054110000000000005f110000000000006a110000000000008a110000000000008b110000000000008c110000
000000008e1100000000000094110000000000009e11000000000000a811000000000000b011000000000000c0110000
00000000e3110000000000000d1200000000000015120000000000004c1200000000000065120000000000009c120000
00000000a112000000000000d212000000000000da12000000000000e512000000000000fc1200000000000037130000
0000000091130000000000009f13000000000000a513000000000000e613000000000000431400000000000066140000
000000006c14000000000000ae1400000000000015150000000000003e15000000000000041600000000000024160000
000000004a160000000000005c160000000000006d160000000000009c16000000000000ae16000000000000c0160000
00000000c616000000000000f61600000000000047170000000000006817000000000000c317000000000000e6170000
000000004518000000000000531800000000000059180000000000009518000000000000f51800000000000019190000
000000001f190000000000005e19000000000000151a000000000000321a0000000000009c1a000000000000c61a0000
00000000641b000000000000a61b000000000000b21b000000000000211c000000000000631c0000000000006f1c0000
00000000731c000000000000a01c000000000000501d000000000000701d000000000000e81d000000000000181e0000
00000000341e000000000000561e0000000000005c1e000000000000861e000000000000a91e000000000000d11e0000
00000000511f000000000000571f000000000000691f0000000000006f1f0000000000008d1f000000000000931f0000
00000000b31f000000000000cb1f00000000000007200000000000001f20000000000000232000000000000049200000
000000006120000000000000d720000000000000f32000000000000009210000000000004b2100000000000061210000
0000000065210000000000009121000000000000ff210000000000001f220000000000006b220000000000008d220000
000000009122000000000000bf22000000000000e12200000000000005230000000000009623000000000000c2230000
00000000d423000000000000e6230000000000004224000000000000a624000000000000b6240000000000001b250000
000000008d25000000000000322600000000000074260000000000008026000000000000002700000000000010270000
000000002027000000000000282700000000000055270000000000005d270000000000008127000000000000a7270000
00000000e327000000000000fb2700000000000013280000000000008f28000000000000c528000000000000db280000
00000000f1280000000000005d290000000000008d29000000000000bd29000000000000cd29000000000000462a0000
00000000742a0000000000008a2a0000000000008c2a000000000000a62a000000000000bc2a000000000000182b0000
000000002e2b0000000000006c2b000000000000762b000000000000b62b000000000000fe2b0000000000001a2c0000
00000000262c000000000000322c0000000000006a2c000000000000da2c000000000000062d0000000000000e2d0000
000000005c2d0000000000009c2d000000000000aa2d000000000000ad2d000000000000cf2d000000000000262e0000
00000000e02e000000000000262f000000000000322f000000000000a02f000000000000c42f000000000000e82f0000
00000000f32f0000000000004230000000000000fc3000000000000042310000000000004e31000000000000bc310000
00000000103200000000000034320000000000003a32000000000000703200000000000094320000000000009a320000
000000009c32000000000000b2320000000000001033000000000000203300000000000056330000000000006c330000
000000009033000000000000b433000000000000c033000000000000c233000000000000d93300000000000038340000
000000004e34000000000000f9340000000000003a350000000000004535000000000000b135000000000000db350000
00000000053600000000000013360000000000007e3600000000000035370000000000007b3700000000000087370000
000000000338000000000000303800000000000037380000000000003a380000000000005b3800000000000072380000
000000007a380000000000008d3800000000000096380000000000009f38000000000000b738000000000000ce380000
00000000e53800000000000015390000000000001c390000000000001f390000000000003d3900000000000045390000
000000005c39000000000000813900000000000086390000000000008939000000000000a439000000000000a7390000
00000000af39000000000000cd39000000000000db39000000000000ec39000000000000ef39000000000000043a0000
000000000b3a000000000000143a000000000000333a000000000000383a0000000000003b3a000000000000443a0000
00000000473a000000000000563a0000000000005d3a000000000000663a000000000000733a000000000000793a0000
00000000973a000000000000a33a000000000000a53a000000000000b83a000000000000d73a000000000000dc3a0000
00000000ea3a000000000000f03a000000000000fb3a000000000000003b000000000000013b000000000000093b0000
00000000183b0000000000001b3b0000000000001c3b000000000000273b000000000000403b000000000000453b0000
00000000573b0000000000005f3b000000000000853b000000000000963b000000000000983b000000000000af3b0000
00000000bf3b000000000000c73b000000000000f03b000000000000f43b0000000000000a3c000000000000133c0000
000000002c3c0000000000005e3c000000000000663c0000000000007f3c000000000000a53c000000000000ac3c0000
00000000af3c000000000000cf3c000000000000d73c000000000000df3c000000000000e33c000000000000f93c0000
000000000a3d000000000000143d000000000000253d0000000000002e3d0000000000004c3d000000000000583d0000
00000000763d000000000000913d0000000000009c3d000000000000ba3d000000000000d23d000000000000de3d0000
00000000ea3d000000000000093e000000000000203e0000000000002b3e0000000000002c3e000000000000393e0000
00000000543e000000000000563e0000000000005f3e000000000000643e000000000000833e000000000000883e0000
00000000983e000000000000a63e000000000000ac3e000000000000bc3e000000000000d63e000000000000da3e0000
00000000dc3e000000000000ef3e000000000000003f000000000000103f000000000000113f000000000000223f0000
00000000233f0000000000002b3f000000000000423f000000000000453f000000000000723f000000000000793f0000
000000007c3f000000000000973f000000000000a73f000000000000b03f000000000000b93f000000000000ce3f0000
00000000fb3f0000000000000240000000000000054000000000000020400000000000004a400000000000005c400000
000000005f400000000000007a400000000000008c400000000000008f4000000000000090400000000000009b400000
00000000ca40000000000000d240000000000000ed40000000000000f84000000000000025410000000000002c410000
000000002f410000000000004d410000000000006041000000000000694100000000000072410000000000008a410000
00000000b741000000000000be41000000000000c141000000000000df41000000000000f6410000000000001a420000
00000000294200000000000069420000000000007142000000000000c542000000000000d24200000000000019430000
0000000088430000000000009a43000000000000a243000000000000f943000000000000004400000000000009440000
0000000018440000000000004144000000000000604400000000000065440000000000009b44000000000000c8440000
00000000eb4400000000000015450000000000001d45000000000000544500000000000065450000000000006f450000
000000007f45000000000000b845000000000000d6450000000000000746000000000000554600000000000075460000
0000000090460000000000009246000000000000b846000000000000d846000000000000e84600000000000001470000
000000004d470000000000005a47000000000000be47000000000000e447000000000000e94700000000000023480000
000000005e480000000000007548000000000000f6480000000000000b4900000000000038490000000000003f490000
0000000042490000000000006049000000000000ae49000000000000cc49000000000000d149000000000000024a0000
00000000424a0000000000005c4a000000000000da4a000000000000ef4a000000000000064b0000000000003f4b0000
00000000564b000000000000ad4b000000000000c44b000000000000004c000000000000184c0000000000006d4c0000
00000000ab4c000000000000c94c000000000000e64c000000000000354d0000000000003c4d000000000000454d0000
000000005c4d000000000000944d000000000000a24d000000000000a84d000000000000b84d000000000000ee4d0000
00000000f84d000000000000164e000000000000204e000000000000524e000000000000624e0000000000006a4e0000
000000007e4e000000000000b94e000000000000d24e000000000000134f0000000000005c4f0000000000007a4f0000
00000000834f000000000000884f000000000000944f000000000000b94f000000000000c94f000000000000f14f0000
000000001f5000000000000033500000000000004a5000000000000050500000000000007250000000000000c2500000
00000000e2500000000000003251000000000000525100000000000065510000000000006e5100000000000077510000
000000008f51000000000000a751000000000000bf51000000000000c751000000000000035200000000000050520000
000000006f52000000000000bf52000000000000df52000000000000e7520000000000004a530000000000005a530000
00000000ad53000000000000c453000000000000f15300000000000003540000000000004c54000000000000cb540000
00000000e054000000000000e954000000000000455500000000000064550000000000006955000000000000a9550000
00000000dd55000000000000ea55000000000000f055000000000000fc550000000000002a5600000000000078560000
0000000098560000000000009e56000000000000d8560000000000000157000000000000055700000000000047570000
0000000082570000000000009b57000000000000c75700000000000047580000000000005e580000000000006f580000
0000000078580000000000008c58000000000000c458000000000000e258000000000000235900000000000076590000
000000009859000000000000195a0000000000002e5a000000000000695a000000000000805a000000000000ad5a0000
00000000b45a000000000000b75a000000000000d55a000000000000325b000000000000565b0000000000005c5b0000
000000009a5b000000000000255c0000000000003d5c000000000000855c000000000000a25c000000000000fc5c0000
000000000a5d000000000000105d000000000000515d000000000000775d000000000000895d0000000000009a5d0000
00000000c95d000000000000285e000000000000365e0000000000003c5e000000000000785e000000000000945e0000
00000000b65e000000000000bc5e000000000000e65e000000000000ec5e000000000000fe5e000000000000045f0000
00000000225f0000000000005e5f000000000000765f0000000000007a5f000000000000a05f000000000000ec5f0000
000000000e60000000000000126000000000000040600000000000006c600000000000007e60000000000000e2600000
00000000f260000000000000026100000000000012610000000000001a61000000000000476100000000000083610000
000000009b61000000000000d161000000000000e76100000000000015620000000000002b620000000000002d620000
00000000476200000000000085620000000000008f62000000000000ab62000000000000b7620000000000000b630000
000000002f6300000000000035630000000000006b630000000000008f63000000000000956300000000000097630000
00000000ad630000000000000b640000000000001b64000000000000516400000000000067640000000000008c640000
0000000091640000000000009464000000000000af64000000000000b264000000000000ba64000000000000d8640000
000000002c65000000000000506500000000000056650000000000008c65000000000000b065000000000000b6650000
00000000b865000000000000ce650000000000002e660000000000003e660000000000007a6600000000000092660000
000000001267000000000000276700000000000030670000000000009267000000000000cb67000000000000e6670000
0000000001680000000000004968000000000000d168000000000000e668000000000000ef6800000000000048690000
000000005369000000000000586900000000000059690000000000006169000000000000706900000000000073690000
0000000074690000000000007f6900000000000098690000000000009d69000000000000af69000000000000b7690000
00000000c369000000000000e769000000000000f369000000000000f5690000000000000b6a000000000000476a0000
00000000576a0000000000007f6a000000000000ae6a000000000000b76a000000000000f66a000000000000ff6a0000
000000001a6b000000000000236b000000000000506b000000000000a56b000000000000c76b000000000000cd6b0000
00000000066c0000000000002c6c000000000000336c000000000000366c000000000000566c000000000000b06c0000
00000000d46c000000000000da6c0000000000001a6d0000000000005c6d000000000000776d000000000000006e0000
00000000186e000000000000306e0000000000003c6e000000000000486e000000000000676e0000000000007f6e0000
00000000976e0000000000009f6e000000000000da6e000000000000346f000000000000586f000000000000a96f0000
00000000ca6f000000000000e46f000000000000e86f000000000000ea6f000000000000fd6f00000000000039700000
00000000517000000000000055700000000000007b70000000000000d370000000000000e2700000000000000c710000
000000001e710000000000009671000000000000c971000000000000d271000000000000237200000000000056720000
000000005f720000000000006272000000000000837200000000000007730000000000001f7300000000000070730000
000000009173000000000000a273000000000000b273000000000000b373000000000000c473000000000000d4730000
00000000d573000000000000d673000000000000de73000000000000f573000000000000f87300000000000009740000
000000001174000000000000317400000000000051740000000000005b740000000000005d740000000000006f740000
00000000af74000000000000c27400000000000029750000000000005b75000000000000617500000000000099750000
00000000af75000000000000c575000000000000cf7500000000000009760000000000006e760000000000009b760000
00000000a076000000000000d97600000000000006770000000000000d7700000000000010770000000000002b770000
000000008877000000000000ab77000000000000b177000000000000ef770000000000003a7800000000000058780000
00000000d978000000000000ee78000000000000fe780000000000000779000000000000107900000000000025790000
00000000377900000000000049790000000000004f790000000000007979000000000000bb79000000000000d6790000
00000000127a0000000000002a7a000000000000577a0000000000005e7a000000000000617a0000000000007c7a0000
00000000dc7a000000000000007b000000000000067b000000000000417b000000000000cf7b000000000000e77b0000
00000000307c0000000000004d7c000000000000bb7c000000000000eb7c000000000000f47c000000000000477d0000
00000000777d000000000000807d000000000000837d000000000000a57d0000000000001c7e000000000000337e0000
00000000877e000000000000a97e000000000000dc7e000000000000e47e000000000000e87e000000000000127f0000
00000000497f0000000000005f7f000000000000637f0000000000008d7f000000000000c37f000000000000dd7f0000
0000000057800000000000006b80000000000000d11000008c150000761600001820000099270000a02800001f050000
58060000a6090000360c00008e100000561600007e16000000250000f02b0000d62c0000c23000008e31000078320000
2a04000031050000b62000009a300000bd300000a13100006a32000004330000c306000045070000d70c0000f50d0000
45120000161500002a2000004021000099270000a02800009f030000f80300007c040000a40400001a050000a1050000
b0060000da060000f40600004d0700005a0700006f070000c3090000360c0000f10f000049110000d614000005170000
151c0000171e00002821000055210000002500001f250000ba2800007b2900004f2a0000532a0000302b0000862b0000
6f2c0000602d000028300000563000006430000079300000c73100003132000050320000783200009a320000e3320000
fb060000f81f0000a4000000200300008d060000fb0600001207000046070000120900001b150000bc1a0000f81f0000
a5270000a128000074040000cf0600000f0700005a070000971200000021000073220000372500004f2a0000092f0000
1c30000064300000b33200002a040000310500005b0e00008a0f00002a1600007920000098200000b62000000d280000
9a300000bd30000038310000523100005d31000077310000a1310000b5310000d931000059320000633200006a320000
043300001933000073010000d9010000c30600004507000091080000cd080000d70c0000540d0000a00d0000f50d0000
d1100000e210000006110000141200003312000045120000161500003c1500008c15000076160000e11a000018200000
2a20000040210000992700009a270000a0280000b228000020030000fb06000012090000f81f0000a5270000a1280000
740400001f05000058060000cf0600000f0700005a070000a6090000360c00008e1000001911000097120000d6140000
561600007e1600000021000073220000002500001f25000037250000e127000090280000c5280000e128000011290000
4f2a0000eb2a0000f02b0000d62c0000092f0000df2f00001c30000064300000c2300000113100008e31000078320000
9a320000b3320000ef320000d30e0000490f0000bf100000e010000018110000b4120000cf14000010160000e2170000
0c2100002b2500005d250000df2a0000152f0000d930000010310000a7320000db3200009f030000020400007c040000
ed0400001a050000a1050000ed050000b00600004d0700005a070000d7070000c3090000360c00003a0c000099100000
b3100000191100001516000005170000e7170000281d0000282100000025000015250000422500005e250000ba280000
7b2900004f2a0000eb2a00006f2c00009b2c00005630000064300000ce3000001131000031320000783200008d320000
bf320000dc320000e33200007322000037250000b3320000f10400001a0500004d0700005a070000a60900003f0c0000
8e100000191100001516000005170000e7170000281d0000732200001125000037250000422500005e250000ba280000
7b2900004f2a0000eb2a00005630000064300000c23000001131000089320000b3320000bf320000dc320000e3320000
b6200000a13100006a32000004330000f50d0000451200002a2000004021000099270000a0280000a4000000de010000
76020000200300008d060000fb060000d2080000fa08000012090000f81f0000a5270000a12800007c040000a1040000
cf0600006b070000c3090000360c000097120000d61400007e160000151c0000171e0000282100005521000000250000
1f250000ba2800007b290000582a0000302b0000862b0000f02b00001c300000753000008e310000c731000031320000
50320000783200009a320000e3320000fb0e00000b24000081240000ec2d000098390000623d00008e3d0000e83d0000
183f0000bf400000f64000002f0d0000240e000001100000ba120000a41300000a14000039140000531400009d150000
93170000b4170000491f000002200000f12100000b2300003f0000001d0100004f010000e50100005203000056030000
7e050000c405000048060000ad070000b30900004b0a00009f0a0000c20a0000ee0a0000370b00003b0b0000730b0000
8d0b0000910b00003c14000022150000a71500005417000098170000be170000371b0000df1c0000fc1c00002b1f0000
551f0000a522000021230000b427000054280000e2290000ee0300005e0400006c040000fb04000019050000f4050000
67060000830900001c0a00007b0a0000920a0000530e0000d70e0000560f0000700f0000f80f000086100000b9110000
c011000074120000131300002c13000043130000871300009d13000072140000e51400001e1600002416000031170000
b020000020210000d82300001f2400003f2400006b240000b42400005a260000cf270000f6290000712a00009a2a0000
bd2a0000c42a0000fe2a0000372b0000cd2b0000012c00001b2c00001f2c00004c2c0000a22c0000e52c0000322d0000
c12d0000e42d0000212e0000292f0000732f0000fc330000043400005634000069360000eb36000008370000b4380000
d5380000053900004c390000c8390000eb390000633a0000a13a0000423b00005b3b0000993c0000673f000078400000
96400000cc4000000b41000020410000724100008f410000a64100005c2000002422000037220000890100006b030000
480600006a090000ca0a0000400b0000730b0000a60b00003c14000022150000a71500005417000098170000be170000
371b0000df1c0000fc1c00002b1f0000551f00005c2000002422000037220000a522000021230000b427000054280000
e22900000f130000ad130000b0200000d620000020210000e8210000872a0000372b0000012c00001b2c0000292f0000
4c2f0000f737000048390000bb390000b23c00000b4100008f41000085130000bc130000c91300001e1a0000501a0000
600a0000f30a00005a0b00002f13000065130000ca130000f3190000081a0000351a0000511a0000cd2100008d290000
1d000000e7000000fb000000b9010000f1010000990200009a020000e6020000600d0000701500005518000010270000
290100008b0100007703000030060000b60600008c0800006c09000073090000b20b00007d0c00008d0c0000130d0000
690d00000a0e00002c0e0000231000004d100000b8100000951100003d1400005b14000069140000251700001e180000
2d1800003d18000079180000891800009c180000591a00006b1a00005e20000039220000f62200002a1a000042180000
06000000a502000037030000fa090000740b0000f61700008a1800005a1a0000f30a00005a0b00002d130000ca130000
041a00002a1a0000351a0000511a00008d29000001010000f10100009e020000e6020000600d00007015000042180000
5518000010270000420d0000d1100000f4120000261800005118000089180000d2190000591a000055000000be000000
370300008e050000350600007c0600001c08000098080000740b0000c90b00008e0c0000021800001f1800008a180000
5a1a00008a2200005904000062050000a70a0000590b00004b0e0000ba0f000058130000ad130000e313000024140000
5c1700009f170000b5180000cc180000fd18000012190000ad1c0000e9200000cc210000ec210000012200008c290000
d7290000dc2d0000002e0000732e00008d3000002b31000043310000bf34000000390000013a00000b3a0000fd3e0000
1b3f0000513f0000903f0000a53f0000f73f0000e2400000eb0000006e01000092010000ab010000ae020000e5020000
30060000b60600008c0800006c09000073090000b20b0000850c0000d20c00002a0d0000380d00003e0d0000860d0000
8a0d0000bb0d0000c70d0000d60d0000d70d00003a0e0000231000004d100000b8100000951100003d1400005b140000
691400007b1500007f15000025170000591a00006b1a0000841d00001d20000039220000ae2200001023000024230000
4a2300009a2300009b2300000f27000021270000a2010000d1020000e4020000fa090000740b00005a1a0000e1220000
a6230000122700000a010000e501000036030000f10400001a050000b10500004006000048060000c00800006a090000
b30900007c0a0000370b0000730b00008d0b0000f20b0000590c00006e0c0000080e0000d00f00007b13000011140000
3c140000601400008f140000221500009415000015160000ab1700002119000045190000f3190000121a00007e1a0000
9a1a00003722000089220000f822000033230000ac240000f0240000b6250000d4250000fe250000a8260000fd260000
70270000b827000067280000e9280000c02b0000ca2c00003f2d00004c2e00006b2f0000af2f0000b235000016380000
44380000433b0000033c0000223d000015400000090d0000580d0000050e000001100000ba12000085130000a4130000
bc130000c91300000a140000391400005314000093170000b41700001e1a0000501a0000491f0000f121000014230000
b6230000973c0000c13c0000d13c00001b3d0000cc3d0000bd000000fd020000360300007e050000c405000048060000
ad070000b30900004b0a0000600a00009f0a0000c20a0000ee0a0000f30a0000370b00003b0b00005a0b0000730b0000
8d0b0000910b0000ab0c0000f10c0000080e00002f13000065130000ca1300003c1400005417000098170000be170000
f3190000081a0000351a0000511a0000df1c0000fc1c00002b1f0000551f0000d51f0000cd21000089220000d6220000
71230000b923000032270000542800008d290000e2290000243b0000683b00008b3b0000b73b0000bd3b0000033c0000
073c0000263c0000d23c0000d13d0000ff3d00007d3e00002a1a0000242200003722000033230000f33d0000fd020000
36030000480600006a090000ca0a0000f30a0000400b00005a0b0000730b0000a60b00006e0c0000080e00002d130000
ca1300003c1400005417000098170000be170000041a00002a1a0000351a0000511a0000df1c0000fc1c00002b1f0000
551f00002422000037220000be2200003323000071230000b923000032270000542800008d290000e2290000933b0000
bd3b00000c3c0000263c0000d23c0000d13d0000f33d0000ff3d00007d3e00005c170000e0180000012200008c290000
5f2e000052310000123a0000903f0000ce0d0000d60d0000d1100000f4120000d2190000591a0000182000001d200000
462000009a2300000f270000260000004f0000009b0000007a010000a2010000b501000048020000b3020000c5020000
e40200008e0300008e050000350600007c0600001c08000098080000740b0000c90b00005a1a0000e1220000a6230000
122700000a0100006b030000f10400001a050000b10500005a070000a6090000b3090000030a00001d0a00007c0a0000
370b00008d0b0000a60b00008e100000191100007b13000011140000601400009415000015160000ab17000079190000
ba190000eb190000f3190000121a0000731a00002f1b0000f51c0000d51f0000602000003b22000089220000f8220000
962600003227000054280000062a00004f2a0000eb2a0000a42b0000b42b0000022c0000572c000064300000c2300000
11310000ad340000c4380000d6380000f8390000dd3a0000433b0000033c0000223d0000904100000a01000089010000
6b030000b10500006a090000810a0000ca0a0000400b0000a60b0000941500008f170000ab1700005c20000024220000
37220000f4220000731000000f1300006f240000dc270000872a0000fa2a0000342c0000ae2d0000182e000048390000
bb390000963c000094400000ca4000001c410000b3410000941500008f170000ab1700005c2000002422000037220000
f42200002d13000063130000041a00002a1a00004f1a0000d8000000010100009e0200005f0d00006c15000042180000
120d0000060e00002b0e000049100000f41200003a1400005a140000261800003c18000098180000671a00008e020000
881800002a1a00004f1a00005f0d00006c150000421800002c060000fa0900008c0c0000f61700001d18000088180000
ad130000201400005c1700000f190000e8210000bf2900005f2e0000093a0000193f00004f3f0000a13f0000250d0000
380d0000b70d0000ce0d0000d60d000049100000f41200003a1400005a140000671a0000fd2200002a2300009f230000
252700008f2300000e270000040e0000731a0000981a0000f4220000e72400009626000032270000b427000054280000
a62f00002e380000dd3a00000c3d0000b10500006a090000810a0000ca0a0000400b0000a60b00006e0c0000ed0c0000
040e00002d130000631300008f170000ab170000041a00002a1a00004f1a00002422000037220000be22000033230000
b5230000483b0000933b00000c3c0000d03c0000c83d0000f33d0000040e00008f170000ab1700002a1a00004f1a0000
242200003722000033230000b5230000d03c0000c83d0000f33d000064010000a2010000aa020000d1020000e4020000
2c060000fa0900008f2300000e27000094150000ab17000045190000e91900005c20000037220000f42200009b2b0000
c02b00004c2e00000f310000f63900000c3d0000b10500006a090000a60b00006e0c0000ed0c0000040e000032130000
7b130000ab170000341f00005a1f00007f1f000037220000be22000033230000b52300007c0a0000b20a0000040b0000
771700000c220000d1000000f200000000020000ae0d000046150000891d0000660000000b0100008e010000bd010000
080300006c030000b20500008d060000fb06000044070000c9080000120900006f090000a70b0000fa14000095150000
ac170000e01f0000612000003c220000f922000050270000f0010000060000000b000000a3010000f00100008e020000
e902000013270000280100000c02000033020000fc050000ca09000051230000a4000000d3000000f8000000d5010000
4f02000020030000b20500008d060000fb06000044070000c9080000120900006f090000a70b0000730c0000fd0c0000
850d0000140e00001215000059150000ac170000ed1a0000f81f00003c220000c322000038230000c52300008e270000
0a010000890100006b030000b10500006a0900007c0a0000b20a0000040b0000a60b0000321300007b13000094150000
77170000ab170000341f00005a1f00007f1f00005c2000000c22000037220000f4220000433b00007b3b0000ce3b0000
0c3d0000b03d0000453e0000a2010000e4020000fc050000ca090000c80c00003d1d0000641d0000c81d00000e270000
0a010000890100006b030000b10500006a090000810a0000ca0a0000400b0000a60b00006e0c0000ed0c0000490d0000
ec0d0000040e000072110000a5110000321300007b130000b2130000301400003115000094150000611700008f170000
ab170000341f00005a1f00007f1f00000f2000005c200000f82100002422000037220000be220000f422000033230000
b52300007f270000f2280000c42900007c0a0000b20a0000040b00002d13000063130000ae130000251400005d170000
77170000041a00002a1a00004f1a0000ed2100000c220000c0290000d1000000d8000000f20000000101000000020000
9e020000390d00003b0d00005f0d0000ae0d0000d80d0000db0d0000461500006c15000042180000891d000026270000
f00100008e02000013270000280100000c02000033020000fc0500002c060000ca090000fa0900008c0c0000090e0000
f61700001d18000088180000f92200005123000033270000b927000055280000592800000a010000890100006b030000
b10500006a0900007c0a0000810a0000b20a0000ca0a0000040b0000400b0000a60b00006e0c0000ed0c0000490d0000
ec0d0000040e000072110000a51100002d13000032130000631300007b130000ae130000b21300002514000030140000
31150000941500005d17000061170000771700008f170000ab170000041a00002a1a00004f1a0000341f00005a1f0000
7f1f00000f2000005c200000ed210000f82100000c2200002422000037220000be220000f422000033230000b5230000
7f270000f2280000c0290000c4290000433b0000483b00007b3b0000933b0000ce3b00000c3c0000b33c0000b73c0000
d03c00000c3d0000363d0000413d0000b03d0000c83d0000f33d0000453e0000a13e000064010000a2010000aa020000
d1020000e4020000fc0500002c060000ca090000fa090000c80c0000850d0000140e00003d1d0000641d0000c81d0000
042300008f2300000e2700001227000037270000c4270000552800005928000072140000e51400004a1e0000b4240000
5a260000da260000dc270000e92e0000732f0000633a0000a13a0000963c00001e3f0000673f0000dd3f000038400000
120d0000690d00007f0d000023100000cd1200004014000069140000971f0000f62200001b2300006123000066000000
bd01000008030000b60500008d060000fb06000044070000c9080000120900007a090000ab0b00006f0c0000f20c0000
090e0000fa140000b0170000e01f000047220000bf22000034230000ba2300005027000051230000bd01000008030000
fb06000044070000790b0000c90b00008c0c0000090e0000b0170000472200008a220000c92200003423000051230000
ba230000502700000a010000890100006b030000a1040000f1040000b1050000cc050000e40500006a0900008e090000
a6090000a60b0000030c00003f0c00001b0d0000900d0000a50d0000361000008e100000b1100000d2110000f5110000
df1200003c140000601400007314000077140000ea140000f514000094150000ab170000c6170000de170000031d0000
5c200000372200005b22000073220000f4220000f82200002123000080230000b5240000b92400001125000037250000
5c250000dd25000003260000282600005f2600006a260000db260000df260000dd2700007a2c0000922c0000742f0000
782f0000c23000000f31000089320000b3320000da32000098360000c93600001f3800004938000070380000a63a0000
b13a00009a3c000039400000040e0000ab170000a31f0000c81f00003722000033230000b5230000cf2400007e260000
8e2f000098320000c53a0000d03c0000040e0000ab1700005a1f00007f1f00003722000033230000b523000077170000
0c220000ae0d000046150000891d0000060000000b000000a7010000f00100008e020000f40200001327000028010000
3703000076030000c908000012090000740b0000b10b0000fa14000095150000ac17000088180000e01f000061200000
3c220000f922000050270000a2010000d5010000e402000020030000c908000012090000740b0000b10b0000c80c0000
850d0000140e000059150000ac170000ed1a00003c2200008f220000e1220000382300008f230000c52300000e270000
8e2700009415000077170000ab1700005a1f00007f1f00005c2000000c22000037220000f42200000c3d0000b03d0000
453e0000ad130000201400005c170000e82100004b240000bf290000002e0000a339000099400000e240000058410000
250d0000380d0000d60d00000d0e00003a0e000023100000cd12000040140000691400006d1d0000841d0000d81d0000
971f000025270000a4000000d3000000f80000000f01000099010000d50100004f0200002003000070030000b6050000
8d060000fb06000044070000c9080000120900007a090000ab0b0000850d0000121500005915000099150000b0170000
ed1a0000f81f00006c20000047220000042300008e270000a1040000f1040000b1050000cf060000f20600006b070000
9d080000c0080000390900006a090000a60b00006e0c0000ed0c00001b0d0000040e0000080e0000310e0000d00f0000
e80f00003610000074100000781000007f12000097120000df120000141300001f1300003c140000601400007e160000
f1160000ab170000d11a0000e61a00003e1b0000031d000053210000b621000037220000be22000033230000b5230000
dd2700001c2a0000582a0000882a00008c2a0000ff2a00000a2b00000f2b0000272b0000d82b0000f02b0000352c0000
392c00003f2d0000572d0000af2d0000b32d00001c300000753000008e3100004e32000098320000093600004b360000
3c370000e43700002e3800004d390000583900009a3c0000b4410000c81d00000e27000064010000a2010000e4020000
3c0300008e030000fb06000044070000790b0000c90b0000850d0000121500005915000099150000b0170000ed1a0000
c81d0000f81f00006c20000047220000042300000e2700008e270000040e00007c1e0000191f0000f422000032270000
b4270000542800003f2b0000642b0000d62e0000c9360000503a0000d03c0000fb0e00000b24000081240000ec2d0000
98390000623d00008e3d0000e83d0000183f0000bf400000f64000002f0d0000240e000001100000ba120000a4130000
0a14000039140000531400009d15000093170000b4170000491f000002200000f12100000b2300005c20000024220000
372200000f130000ad130000b0200000d620000020210000e8210000872a0000372b0000012c00001b2c0000292f0000
4c2f0000f737000048390000bb390000b23c00000b4100008f41000085130000bc130000c91300001e1a0000501a0000
2a1a000042180000420d0000d1100000f4120000261800005118000089180000d2190000591a0000090d0000580d0000
050e000001100000ba12000085130000a4130000bc130000c91300000a140000391400005314000093170000b4170000
1e1a0000501a0000491f0000f121000014230000b6230000973c0000c13c0000d13c00001b3d0000cc3d00002a1a0000
242200003722000033230000f33d00005c170000e0180000012200008c2900005f2e000052310000123a0000903f0000
ce0d0000d60d0000d1100000f4120000d2190000591a0000182000001d200000462000009a2300000f2700003f000000
e5010000520300007e05000048060000b307000035080000b30900004b0a0000ee0a0000370b0000730b00008d0b0000
b90c0000ec0d0000a51100005d130000301400000a1500002215000049170000541700002b1f00002620000073210000
06220000a522000078270000b427000054280000e9280000b6290000e2290000600a0000a80a0000f30a00005a0b0000
5c0b00005d170000f3190000cd210000022200008d2900008f2900001d000000ec000000b9010000f101000099020000
e6020000ea020000db0d00001e200000102700001427000006000000a301000055000000be0000000b010000e6010000
37030000390300008e050000b20500007c060000b4090000740b0000760b0000c90b0000472200008a22000034230000
bd00000055010000fd02000015030000360300007e05000048060000b307000035080000b30900004b0a0000600a0000
a80a0000ee0a0000f30a0000370b00005a0b00005c0b0000730b00008d0b0000a51100005d1300003014000031150000
49170000541700005d170000f31900002b1f0000d51f00002620000073210000cd210000022200000622000089220000
322700007027000054280000e92800008d2900008f290000b6290000e2290000243b0000713b0000b73b0000bd3b0000
033c0000263c0000283c0000413d0000663e00007d3e00007f3e0000260000004f0000009b000000d3000000a2010000
b501000040020000e40200008e0300008e050000b20500007c060000b4090000740b0000760b0000c90b0000fd0c0000
ed1a0000da1f00006c20000047220000b5220000e1220000ee030000220400006c04000050050000f4050000920a0000
a70a0000590b0000dd0b0000770e0000d70e0000270f0000b50f0000f80f0000731000006011000081110000b9110000
ad1200002c1300005813000020140000b5140000bb150000fe150000241600003f1600004a160000441700005c170000
d6170000ee17000093200000be2000000821000001220000f724000091250000c32500003e260000a7260000c1260000
8c290000a6290000c42a0000fa2a0000a22c00001f2d0000ae2d0000112f0000412f0000b62f0000d5330000fc330000
8b350000bf35000069360000f23600002f37000049370000003800009638000090390000853a00005b3b0000703b0000
253c0000313d0000653e00007c3e0000e83e0000493f0000803f00008b3f0000d43f0000144000009440000096400000
3701000009030000c8050000c3060000450700008c080000960b00008d0c0000ef0c00000a0d0000590d0000060e0000
0a0e00000210000045120000bb1200003a1400003d140000561400002a150000b7170000c2170000921f000022200000
40210000ca2200001523000052230000b7230000bb23000051270000a0280000bd010000fb060000c90b000047220000
8a220000342300000a010000e501000036030000740400007c040000b1050000cc0500006a090000b3090000bb090000
ca0a0000730b0000a60b0000ed0b0000f20b0000360c00006e0c0000490d000072110000f51100002d130000ae130000
60140000f5140000fc1c0000b12000008f210000b6210000f8210000372200003b22000055220000be220000f8220000
332300004623000071230000b524000000250000d42500003f26000074260000a8260000aa260000d1260000fd260000
0f2b00007a2c0000742f000078320000d3370000e437000016380000863a0000bb3a0000933b0000b33c000015400000
17400000e501000052030000b1050000b3090000ee0a0000370b0000730b00008d0b0000ed0c0000ec0d0000a5110000
7b130000301400002b1f0000d51f0000262000005c20000073210000d2210000062200002422000037220000a5220000
78270000b427000054280000e9280000b6290000e22900007c0a0000e60a0000f30a00005d170000f31900002a1a0000
cd210000022200008d2900008f290000d1000000b1010000b9010000f101000099020000db0d0000421800001e200000
10270000142700000a010000e501000036030000b1050000b30900007c0a0000e60a0000ee0a0000f30a0000370b0000
730b00008d0b0000a51100007b13000030140000311500005d170000f31900002a1a00002b1f0000d51f000026200000
73210000cd210000d2210000022200000622000024220000372200008922000033230000322700007027000054280000
e92800008d2900008f290000b6290000e2290000433b0000af3b0000b73b0000bd3b0000033c0000413d0000f33d0000
663e00007d3e00007f3e00002a040000310500008a0e0000fc0e00005813000087130000ad130000c0130000e3130000
9f170000ba1c0000ec1c0000b6200000cc210000ea2300000c24000082240000842400008c290000ed2d00009a300000
bd3000002b310000a13100006a320000043300006b39000099390000193f00001b3f000063400000c4400000fb400000
064100004f410000eb000000210100006e010000ab0100005b030000c8050000c3060000450700008c080000960b0000
d70c0000010d0000340d0000380d00003e0d0000860d00008b0d0000f50d0000270e00000210000045120000bb120000
3a1400003d14000056140000161500005b1500007f150000a0150000ab150000b7170000c2170000d31d0000921f0000
052000002a20000040210000102300002a2300000f27000099270000a0280000e40200008e030000fb060000c90b0000
ed1a0000f81f00006c20000047220000740400007c0400004806000077060000cf0600000f0700005a07000030090000
6a090000ca0a00008d0b00006e0c0000490d00007211000097120000df1200001f1300002d130000ae13000022150000
94150000ab170000d11a0000fc1a00002f1b00006e1c0000f51c0000b12000000021000025210000f821000073220000
89220000372500000b2a00004f2a0000722a0000882a0000382b0000022c0000042c00002b2c0000572c0000f52c0000
092f00002e2f00001c30000064300000b33200004236000058390000933b0000b33c00009041000092410000ee030000
5e0400006c040000fb0400006706000083090000920a0000741200002c130000721400001e1600002416000031170000
5a260000712a0000cd2b0000012c00001b2c0000e52c0000322d000069360000b438000005390000c8390000eb390000
633a0000a13a00005b3b00000b4100008f410000721400001e16000024160000311700005a260000cd2b0000012c0000
1b2c0000c8390000eb390000633a0000a13a00000b4100008f410000300600008c080000730900007d0c00008d0c0000
690d000023100000251700001e1800007918000089180000591a0000fa090000f6170000690d00002310000025170000
7918000089180000591a0000df0d0000050e0000d30e0000490f00005d100000bf100000b4120000ba120000f9120000
05140000391400004a140000811400008e14000010160000c6190000111a0000991a000002200000f5220000eb240000
f225000063260000b52700005d280000aa2f0000d9300000383800003a390000aa3a0000163d0000731a000096260000
3227000054280000dd3a0000f1040000a6090000b3090000030a0000370b00008d0b00008e100000ba190000f3190000
731a0000d51f000089220000962600003227000054280000c2300000c4380000dd3a0000033c0000ee03000019050000
830900007b0a0000580c00008f0e0000741200000f13000043130000e41d0000201e0000b0200000502200009c240000
73260000a7260000c1260000872a0000e32e00005b2f0000eb360000b43800004839000070390000bb3900006c3a0000
ba3a0000423b0000d43f000014400000190100002901000034020000c0050000b6060000cb090000f412000026180000
061f0000921f00002e200000522300000c020000fc05000047000000550000000c020000fe0200003903000086050000
fc050000490600007c060000fa090000760b0000f617000033270000552800001d01000047010000830200009f030000
ef0300007c0400001a0500001c050000a1050000c4050000b00600004d0700005a070000a607000084090000c3090000
e30900007e0a0000360c00005b0c000079120000df1200001f1300005013000005170000d11a00006e1c0000fc1c0000
3a200000b1200000282100005122000071230000a12400000025000078260000aa260000d1260000ba2800007b290000
4f2a0000882a00006f2c0000602f000056300000643000003132000078320000e3320000b538000058390000bf3a0000
453b000017400000fd02000036030000a104000048060000cf060000d3090000f30a0000730b000097120000ee1e0000
191f00002b1f000032270000542800003f2b00001c300000bc380000503a0000bd3b0000ee0300005e0400006c040000
fb0400001905000067060000830900007b0a0000920a0000580c00008f0e0000d70e0000000f0000700f0000ac110000
b911000074120000c41200000f1300002c1300004313000072140000af140000e91500001e160000241600000d170000
31170000e41d0000201e0000b020000068210000502200009c240000842500005a26000073260000a7260000c1260000
cf270000f32700007f2800001e290000712a0000872a0000c42a0000cd2b0000012c00001b2c0000e52c0000322d0000
e32e00005b2f0000ce2f0000fa2f0000f0330000fc3300001f3500007d35000069360000eb360000b438000005390000
48390000703900009d390000bb390000c8390000e0390000eb390000633a00006c3a0000a13a0000ba3a0000423b0000
5b3b00003c3f0000d43f000014400000964000000b4100008f410000190100002901000034020000c005000030060000
b60600008c08000073090000cb0900007d0c00008d0c0000690d0000e00d00000a0e0000231000005e100000bd120000
f41200003d1400004f140000251700001e180000261800007918000089180000591a0000061f0000921f000003200000
2e200000fa22000052230000ba270000602800000c020000fc050000fa090000f61700003327000055280000fd020000
36030000a1040000f104000048060000cf060000a6090000b3090000d3090000030a0000f30a0000370b0000730b0000
8d0b0000900d0000361000008e10000097120000df1200001f13000073140000ba190000f3190000731a0000d11a0000
ee1e0000191f00002b1f0000d51f0000892200006a26000096260000322700004527000070270000dd27000054280000
67280000e9280000592900005d2900008f290000b6290000882a00003f2b00001c300000c2300000bc380000c4380000
58390000503a0000b13a0000dd3a0000e93a0000bd3b0000033c00007f3e00000f130000201e0000b020000050220000
73260000a7260000c1260000872a000048390000bb3900006c3a0000ba3a0000d43f000014400000f412000026180000
061f0000921f00002e2000005223000047000000550000000c02000086050000fc0500007c060000b8090000fa090000
9d0b0000f6170000d61f00008c2200003327000055280000fd02000036030000740400007c04000048060000cf060000
c3090000730b0000e50b0000f20b0000360c000097120000df1200001f130000731a0000d11a00006e1c0000fc1c0000
3a200000b120000028210000512200007123000000250000d4250000442600007826000096260000aa260000d1260000
3227000054280000ba2800007b290000882a00001c3000003132000078320000e332000016380000583900008b3a0000
bf3a0000dd3a000017400000df0d0000050e0000050f0000740f00005d100000bf1000005f120000b4120000ba120000
d312000018130000c9130000391400004a140000121e0000801e0000fa1e0000491f000002200000f5220000b5270000
5d280000962a0000a32a0000652b0000da2e0000d9300000d33600003239000051390000d13c00009f030000f3030000
710400007c0400001a050000a1050000180600006c060000b00600004d0700005a070000ad0700006e09000088090000
c30900009f0a0000360c0000810c0000ab0c0000900d000036100000751200002f130000731400002516000005170000
1d17000036170000c91a00001f1b00002f1b0000f51c000028210000002500006a260000ba2800007b2900004f2a0000
742a0000ce2b0000042c00002b2c00006f2c0000ea2c000056300000643000003132000078320000e3320000b9380000
cd390000b13a0000683b000092410000191f000032270000542800003f2b0000503a00001a0500001f0500004d070000
5a07000030090000a6090000b3090000220a00008d0b0000900d0000361000008e100000731400002516000005170000
1d170000361700001f1b00002f1b0000f51c0000191f0000d51f0000892200006a2600003227000054280000ba280000
7b290000fe2900000b2a00004f2a00003f2b0000ce2b0000042c00002b2c00005630000064300000c2300000e3320000
42360000db380000cd390000503a0000b13a000092410000890100006b0300006a090000ca0a0000400b0000a60b0000
5c2000002422000037220000731000000f1300006f240000dc270000872a0000fa2a0000342c0000ae2d000048390000
bb390000944000001c410000b34100002d130000041a00002a1a0000010100009e02000042180000060e0000f4120000
3a1400002618000098180000671a0000ad1300005c1700000f190000bf2900005f2e0000193f0000a13f0000380d0000
ce0d0000d60d0000f41200003a140000671a00002a2300009f230000252700006a090000ca0a0000400b0000a60b0000
6e0c00002d130000041a00002a1a00002422000037220000be22000033230000933b00000c3c0000f33d0000b1050000
a60b0000ed0c00007b130000ab170000341f00007f1f0000be220000b52300007c0a0000040b000077170000d1000000
0002000046150000660000000b010000bd0100006c030000b20500008d060000fb06000012090000a70b0000fa140000
95150000ac170000a4000000d30000004f02000020030000b20500008d060000fb06000012090000a70b0000fd0c0000
59150000ac170000f81f0000c3220000c52300000a0100006b030000b10500007c0a0000040b0000a60b00007b130000
9415000077170000ab170000341f00007f1f0000433b0000ce3b0000b03d0000890100006b030000b10500006a090000
ca0a0000400b0000a60b0000ed0c0000ec0d000072110000a51100007b13000030140000ab170000341f00007f1f0000
0f2000005c200000f82100002422000037220000be220000b52300007f270000f2280000c42900007c0a0000040b0000
2d130000ae1300005d17000077170000041a00002a1a0000c0290000d100000001010000000200009e020000390d0000
db0d00004615000042180000262700000a0100006b030000b10500006a0900007c0a0000ca0a0000040b0000400b0000
a60b00006e0c0000490d000072110000a51100002d1300007b130000ae1300003014000031150000941500005d170000
77170000ab170000041a00002a1a0000341f00007f1f0000f82100002422000037220000be220000332300007f270000
f2280000c0290000c4290000433b0000933b0000ce3b00000c3c0000b33c0000413d0000b03d0000f33d0000a13e0000
72140000e51400004a1e0000b42400005a260000da260000dc270000732f0000633a0000a13a0000673f0000dd3f0000
38400000690d00002310000069140000971f0000f62200006123000066000000bd0100008d060000fb06000012090000
7a090000ab0b00006f0c0000fa14000047220000bf220000342300000a0100006b030000a1040000f1040000b1050000
cc050000a6090000a60b0000030c00003f0c0000900d0000361000008e100000f51100006014000073140000f5140000
94150000ab170000c6170000031d000073220000f822000080230000b52400001125000037250000dd25000028260000
6a260000db260000df260000dd2700007a2c0000742f0000c230000089320000b33200001f38000070380000b13a0000
39400000ad1300005c1700004b240000bf290000002e0000e240000058410000380d0000d60d00003a0e000023100000
69140000841d0000d81d0000971f000025270000a4000000f8000000990100004f02000020030000700300008d060000
fb060000120900007a090000ab0b0000ed1a0000f81f00006c20000047220000a1040000f1040000cf0600006b070000
c0080000390900006a090000a60b00006e0c0000080e0000d00f00007410000097120000df1200001f1300003c140000
7e160000d11a00003e1b0000031d0000b621000037220000be22000033230000dd2700001c2a0000582a0000882a0000
0a2b00000f2b0000f02b0000352c0000392c00003f2d0000af2d00001c300000753000008e3100004b360000e4370000
58390000b44100004b0e000058130000ad1300009f170000b5180000fd180000cc2100008c290000dc2d0000002e0000
732e00002b310000013a0000903f0000eb0000006e01000092010000ab010000ae020000300600008c08000073090000
380d0000231000007b1500007f15000025170000591a0000841d00009a2300000f270000090d0000240e0000d30e0000
490f0000011000000a100000581000005d10000082100000181100000b120000051400004a1400005314000040150000
101600002d190000ea190000111a00005d20000038220000f5220000df2a0000032b00009f2b0000632d00009a2d0000
bd2d000010310000f7390000163d0000d1020000e4020000fa09000094150000ab17000045190000c02b00004c2e0000
ad1300009f170000fd1800008c290000002e0000732e0000903f0000380d0000231000007b1500007f15000025170000
591a0000841d00009a2300000f270000f10400004006000048060000c00800006a090000370b00008d0b00006e0c0000
d00f00002215000094150000ab1700002119000045190000f319000089220000c02b0000ca2c00003f2d00004c2e0000
033c00001a040000bc040000a70a0000590b00005c170000c2200000012200008c290000172d00005f2e0000442f0000
8d3000001a3900004f410000eb000000e5020000c0050000b6060000cb090000d20c0000f60c0000ce0d0000d60d0000
f4120000411d0000981d0000d31d0000061f0000921f00001d2000000f270000bd000000470100008d010000fd020000
36030000830300009f030000ef0300007c0400001a0500001c0500007e050000f50500004806000050060000a6070000
68080000dd080000300900004e0900006e090000b30900001f0a00007e0a0000730b00008d0b0000be0b0000f20b0000
fd0f00005013000060140000f5140000cd1600002f1b0000f51c0000d51f000060200000b1200000f820000021210000
3b22000089220000f8220000b5240000d425000032270000542800006f2800004b290000fb2900000b2a00003c2b0000
042c00002b2c0000a32c0000ce2c0000012f00002a2f0000742f0000be2f0000fe3500004236000016380000d8380000
453b000092410000a2010000fc050000641d0000260000009b000000c3000000a201000040020000d1020000e4020000
e802000086050000fc050000490600007c060000fa090000760b000027150000641d0000b522000012270000c4270000
552800000a010000e501000036030000a1040000b1050000cc05000010060000b3090000f30a0000730b0000f5110000
5c1e00002b1f0000c81f00003722000033230000cf2400007a2c0000b22c00008e2f0000bd3b00001a040000bc040000
a70a0000590b00004b0e0000810f000058130000ad130000e3130000241400005c1700009f170000b5180000fd180000
ad1c00008f200000c2200000cc210000ec21000001220000432800008c290000d7290000172d0000dc2d0000002e0000
292e00005f2e0000732e00003d2f0000442f00008d3000002b3100001a390000013a0000fe3a00001b3f0000903f0000
b74000004f410000eb0000006e01000092010000ab010000ae020000e5020000c005000030060000b60600008c080000
73090000cb090000d20c0000f60c0000380d00003e0d00005b0d0000860d00008a0d0000ce0d0000d60d0000d70d0000
200e0000231000005e100000bd120000f41200003d1400004f140000431500007b1500007f15000025170000591a0000
411d0000841d0000981d0000d31d0000061f0000921f00001d200000102300009a2300000f270000212700003e270000
60280000a2010000d1020000e4020000fc050000fa090000641d000012270000c4270000552800000a010000e5010000
36030000a1040000f1040000b1050000cc050000100600004006000048060000c00800006a090000b3090000f30a0000
370b0000730b00008d0b00006e0c0000080e0000d00f000074100000f51100003c14000060140000f514000022150000
94150000ab1700002119000045190000f31900005c1e00002b1f0000c81f00003722000089220000f822000033230000
b5240000cf24000070270000b8270000dd27000067280000982800009c280000e92800008f290000b62900000a2b0000
c02b00007a2c0000b22c0000ca2c00003f2d0000af2d00004c2e0000742f00008e2f0000e52f0000bd3b0000033c0000
7f3e0000090d0000580d0000050e0000050f0000740f0000011000000a100000321000000b120000ba120000c9130000
3914000053140000ca140000ee140000b4170000121e0000681e0000491f0000a71f000014230000b6230000c3240000
1e2500007f260000632d0000822d0000822f000099320000c63a0000d13c0000bd000000fd020000360300009f030000
f3030000710400007c0400001a0500007e050000c4050000f90500004806000050060000ad07000068080000dd080000
300900004e090000b30900009f0a0000730b00008d0b0000910b0000e20b0000f20b0000ab0c0000f10c0000080e0000
f90f0000741000002f1300003c14000025160000cd160000be170000f3170000fc1c0000d51f0000f820000089220000
d622000071230000b9230000f8240000d425000041260000aa260000d126000032270000542800006f2800004b290000
0b2a00000a2b0000a72c0000ce2c0000af2d0000012f0000b72f0000be2f0000fe3500004236000016380000883a0000
683b000017400000c81f00003722000033230000cf2400008e2f0000fd020000360300001a0500001f05000048060000
50060000c00800006a090000730b0000a60b0000f20b0000360c00005e0c00006e0c0000080e0000d00f000074100000
3c14000025160000cd160000be170000f3170000fc1c0000c81f000037220000be2200003323000071230000b9230000
a4240000cf240000f824000000250000d4250000aa260000d126000032270000542800006f2800004b2900000a2b0000
ce2c00003f2d0000af2d0000632f00008e2f0000b72f0000be2f00007832000016380000174000005c170000c2200000
012200008c2900005f2e0000442f00004f410000ce0d0000d60d0000f4120000981d0000d31d0000061f0000921f0000
1d2000000f270000260000009b000000c3000000a2010000b5010000ea01000048020000d1020000e402000062030000
86050000fc0500007c060000b8090000fa0900009d0b0000641d000012270000c4270000552800000a0100006b030000
740400007c040000b1050000cc0500006f0600005a070000dd08000030090000b30900008d0b0000a60b0000f5110000
60140000f514000094150000ab170000451900002f1b0000f51c0000d51f000060200000b1200000f820000021210000
3b22000089220000f8220000b524000032270000542800006f2800004b2900000b2a00004f2a0000772a00003c2b0000
c02b0000042c00002b2c00007a2c0000ed2c00004c2e0000012f00002a2f0000742f0000be2f00006430000042360000
92410000b00f0000e4150000e8200000ec2d0000db390000723d0000a63d0000593e0000443f0000f63f0000aa400000
2f0d0000df0d00001b0e0000011000005d100000a413000005140000291400004a140000531400004e1f00005e1f0000
38220000142300003c2300003f00000055010000cd010000e5010000520300007e05000048060000b3070000ef070000
b30900004b0a0000ac0a0000e30a0000ee0a0000370b0000730b00008d0b0000721100002215000088150000b1160000
54170000a41700002b1f00000f200000f8210000a522000078270000b427000054280000e9280000b6290000e2290000
ee030000460400008c04000019050000f40500001c0a00007b0a0000a70a0000de0a0000530e0000270f0000700f0000
850f0000f80f00006710000060110000c6110000ad1200004313000058130000ad130000af140000e514000032160000
9e1600009f170000781b0000b02000002021000087210000cc210000e8210000d823000010240000342400003f240000
b4240000842500008c290000a6290000f6290000ca2a00001f2b0000372b0000012c00001b2c0000a22c0000a22d0000
e42d00002d2e0000292f0000732f0000d53300000a340000333500007d350000703600007d360000eb36000063370000
f737000096380000d538000090390000423b0000703b0000a73b0000b23c0000d63d00007c3e00003c3f0000673f0000
78400000c04000000b41000072410000744100008f410000ab1700007f1f0000b523000089010000fd02000052030000
480600006a090000ca0a0000370b00005f0b0000730b00008d0b0000721100002215000088150000b116000054170000
a4170000ab1700002b1f00007f1f00000f200000f8210000a5220000b523000078270000b427000054280000e9280000
b6290000e22900002014000072140000241600005c170000ee170000381e0000f72400005a260000a7260000c1260000
fd2e0000b62f00002f370000633a0000a13a0000313d0000d43f00001440000085130000d61300006b170000111a0000
0d220000600a0000f30a00005a0b000059130000ae130000a0170000f3190000cd210000cf2100008d2900008f290000
1d000000ee000000ae010000b9010000f101000099020000e6020000390d000080150000102700001427000029010000
8b01000077030000b606000091080000cd0800006c090000b20b00009b0c00000a0d0000420d0000250e000002100000
60100000d11000004f140000541400006914000041150000841500007616000089180000591a0000e11f00005e200000
62200000392200003d220000f6220000fa22000051270000a0280000771700004615000006000000f402000037030000
12090000740b0000fa14000095150000ac170000f30a00005a0b00002d130000ae1300004c17000077170000a0170000
f31900008d2900008f29000001010000f101000099020000e6020000ed020000390d0000461500008015000010270000
14270000690d000023100000451200002a1500005515000015170000921f00005223000055000000be00000037030000
8e0500004d0600007c0600007a090000740b00009d0b0000c90b00006f0c00002315000095150000ac1700008a220000
8c2200005904000062050000a70a0000590b00005b0e0000b10f000087130000f0130000e51500002a1600005c170000
6f170000ad1c000079200000e9200000eb20000001220000192200008c290000ed2d00008d3000003831000052310000
b5310000593200000433000000390000dc390000fd3e0000453f0000903f0000f73f0000f93f0000b7400000e2400000
eb00000073010000d9010000e5020000b606000091080000cd0800006c090000b20b0000850c0000d20c0000010d0000
340d00008a0d00008b0d0000d60d0000d70d0000e20d0000200e00003a0e00000210000060100000d11000004f140000
54140000691400008c15000076160000591a0000ef1a0000182000001d200000392200003d220000ae22000017230000
3f2300004a2300009a2300000f27000099270000a0280000a20100002003000012090000740b000059150000ac170000
e1220000c52300000a010000e5010000360300001a0500001f050000b105000058060000a6090000b30900007c0a0000
730b0000f20b0000360c0000590c0000900d0000361000008e100000a51100007b130000301400007314000031150000
6815000025160000561600007e1600001d1700005d170000ef170000fc1c0000372200003323000071230000ac240000
fc24000000250000d42500006a260000a8260000aa260000d1260000fd260000f02b0000d62c00006b2f0000bb2f0000
c23000008e3100007832000016380000b13a0000433b0000413d00001540000017400000090d0000240e000001100000
5d10000085130000a4130000d613000005140000291400004a14000053140000401500006b170000111a00004e1f0000
5e1f00005d2000000d22000038220000f5220000973c0000df3c0000163d00003a3d0000493e0000bd000000fd020000
360300007e05000048060000b3070000ef070000b30900004b0a0000600a0000ac0a0000e30a0000ee0a0000f30a0000
370b00005a0b0000730b00008d0b0000b90c0000490d00007211000059130000ae13000088150000b116000054170000
a0170000a4170000f31900002b1f0000d51f0000ed1f0000cd210000cf210000f8210000892200003227000070270000
54280000e92800008d2900008f290000b6290000e2290000243b0000753b0000ac3b0000b73b0000bd3b0000033c0000
263c0000b33c0000d73d00007d3e00007f3e00009415000077170000ab1700007f1f0000b03d0000fd02000036030000
480600006a090000ca0a0000f30a0000370b00005a0b00005f0b0000730b00008d0b00006e0c0000490d000072110000
2d130000ae130000221500008815000094150000b11600004c1700005417000077170000a0170000a4170000ab170000
f31900002b1f00007f1f0000f821000089220000322700007027000054280000e92800008d2900008f290000b6290000
e2290000933b0000bd3b0000033c0000263c00002b3c0000b33c0000b03d0000d73d00007d3e00007f3e0000ad130000
fa1500009f1700008c290000002e0000a1310000e33900004f410000380d0000f50d000023100000451200007f150000
15170000841d0000b91d0000d31d0000921f00000f270000260000004f0000009b000000f800000099010000a2010000
48020000e4020000e802000002030000620300008e0300008e0500004d0600007c0600007a090000740b00009d0b0000
c90b000059150000ac170000e1220000c52300000a0100006b0300001a0500001f050000b1050000480600005a070000
c00800001b090000300900006a0900001d0a00007c0a00008d0b0000a60b00006e0c0000080e0000d00f000074100000
a51100007b130000301400003c140000221500003115000094150000a715000025160000fd160000321700005d170000
ab170000be170000c61700002f1b0000f51c00008922000028260000062a00000b2a00004f2a00000a2b0000d22b0000
022c0000042c00002b2c0000572c00003f2d0000af2d000064300000303600004236000070380000d6380000c9390000
433b0000413d0000904100009241000073010000d901000008040000520400009d040000aa0400000c060000e7060000
91080000cd080000a8090000a30a0000da0a00002a0d0000a10d00002c0f00003e0f00004e0f000097100000a3100000
b8100000c0100000d1100000d4100000e2100000ec100000f8100000fa100000fb10000034120000b6120000ef120000
9b130000ee130000641500008c150000f1150000f915000076160000e51600001a170000851700009b170000c9180000
e3180000e71800003419000060190000ce190000cf190000e11a0000fc1b0000fd1b00000f1c0000b21c0000901e0000
aa1e0000ae1e00001820000019200000e0210000e121000099270000a02800009e290000592b0000ae2c0000232d0000
3f2e00006a2e00003630000091300000cb300000da300000f4300000f7300000f9300000fb3000005f310000be310000
0332000008320000c1340000f73800007f390000ad390000e2390000063a0000073a0000454100002003000012090000
da0900004f0b0000de190000051c00000c1c0000861e00004120000014220000c1310000ee31000017390000143a0000
dc020000c7090000d8190000ec1a0000111b00003c1d0000010100008101000099020000ed020000f90200004a030000
a004000044060000e4080000770900008b090000ce090000d2090000f80a0000850b0000710c0000390d00008d0d0000
a30d0000b80d00004a1000007111000098110000d1110000dd120000e3120000e812000046150000aa170000e4180000
a3190000c8190000db190000dc190000371a0000d21a0000f01a0000001b0000141b0000161b00002b1c00006d1c0000
7c1c0000db1c0000f41c0000441d0000491d0000a01d00006b1e0000ed1e0000211f0000a21f00000d20000038200000
77230000ad2300007b260000e6330000973600009e370000bb380000ed390000c23a0000c23b0000013e00009f000000
de01000076020000a0030000b1030000060400007d04000093040000f304000026050000a205000091060000b2060000
c2060000d7060000e3060000120700003b07000043070000460700004e0700005c070000d2080000fa080000c4090000
3f0a0000e90a0000150b00003b0c0000d60c0000f20d0000810e0000a51000004212000095120000d912000053130000
15140000151500001b150000c2150000061700003f1700004f170000a2180000d6180000de1800001c190000d6190000
8b1a0000bc1a0000931c0000921e000029200000292100003f2100004a210000fc210000022500004c25000096270000
a52700009f280000a1280000bb280000802900009b290000d2290000542a0000702c0000fb2c0000332e0000572e0000
243000003130000057300000663000002e310000f631000032320000453200007a320000c9320000e432000012390000
5e3900009e390000d1390000103a0000f63a0000dd3e0000933f00004d40000015000000ca000000e90000001f010000
60010000b30100003f02000046020000cd020000e0020000e702000001030000430300007b050000c60500004c060000
81080000b0090000f60900007e0b0000870b0000d10d0000ca120000d01900005e1a00006b1d0000d91f00001b200000
44200000962200008b2300000b2700001127000036270000582800000700000038000000a0010000a802000077050000
2a060000080000002b000000480000004a0000005700000078000000d00000000c010000b0010000ef010000f2010000
0d020000a5020000b0020000b40200007e030000a8030000ef0400008705000089050000af050000b3050000fd050000
320600007e06000028070000780700009b0800004609000049090000b1090000ff090000010a0000170a0000350a0000
400a00002c0b0000710b0000750b0000b90b0000d60b0000e20c00007a120000f7170000411800006b18000037190000
b8190000e4190000f6190000d01f0000512000002c2200009a220000d122000039260000ef290000992b000007360000
ac380000c2380000d0380000f1390000803a0000153b0000f73b0000a4000000de0100007602000020030000ad030000
d60300007d04000093040000f80400008d0600009d060000a5060000a7060000b7060000d0060000fb06000002070000
12070000330700003607000037070000d2080000fa080000120900005c090000c4090000da090000570a0000e90a0000
150b00004f0b00003b0c0000de0c0000f20d0000421200009c120000d91200006b13000015140000b4180000d6180000
de18000054190000c1190000c3190000d6190000de1900008b1a0000bc1a0000051c00000c1c0000931c0000861e0000
921e0000f81f0000fc1f00002920000041200000292100003f2100004a210000c2210000c6210000fc21000014220000
022500004c25000096270000a52700009f280000a1280000bb280000802900009b290000d22900000d30000015300000
1d3000004c3000004f3000005030000081300000c1310000ee310000f631000032320000453200007a320000c9320000
e4320000b8340000e93800001239000017390000653900009e390000fe390000003a0000103a0000143a0000f63a0000
dd3e0000933f0000240000004e00000091000000d20000000e010000a1010000b3010000b40100003f02000046020000
a9020000b2020000c1020000dc0200008d050000b50500002b060000340600008106000018080000b0090000c7090000
870b0000d10d0000ca120000d0190000d81900005e1a0000ec1a0000111b00003c1d00006b1d0000d91f00001b200000
44200000962200008b2300000b2700001127000036270000582800001d0000003b000000c7000000e7000000ec000000
fb0000001b010000220100004d0100006a010000b9010000e1010000f1010000990200009a020000d7020000e6020000
ea02000000030000400300004a0300004b03000096030000eb030000090400006904000073040000f60400001e050000
7a0500008105000092050000c2050000c905000031060000470600004b06000064060000ab070000b2070000c7070000
d30700002c080000340800007c080000880800008e0800001a090000260900007409000080090000af090000b6090000
ba090000000a00008e0a0000720b00007c0b0000850b0000860b00009a0b0000f70b00007e0c0000920c0000b70c0000
000d00000b0d00002b0d00003d0d00005e0d0000600d00006a0d0000b20d0000ba0d0000bd0d0000db0d0000ea0d0000
210e0000470f0000680f0000ff0f000003100000241000004c1000009b100000f2100000f41000001d110000a3110000
fc1100007812000089120000a5120000b8120000d0120000d5120000f3120000f71200000613000037130000fa130000
361400003b1400005014000076140000081500001e1500006e150000701500009a150000a515000023160000fc160000
261700002e170000b1170000bc170000231800002a1800003318000055180000741800007a1800008e180000d0180000
d4180000181900003919000047190000c4190000d3190000d4190000161a00005d1a0000641a0000801a0000351b0000
fa1c00006e1d0000c41e0000d81f0000ff1f00001e2000002420000047200000722100007d2100008e21000093220000
9d220000072300001f23000095230000b2250000ca2500005426000010270000142700003527000076270000ac270000
5328000057280000e82800002529000060290000102a00007e2a00009c2a0000d42a0000bc2b0000d12b00000c2c0000
152c0000602c0000e22c00002f2e00004e2e0000d03000001631000037330000dc34000029350000ae3500002f360000
38360000a2360000d23700000c38000078380000b1380000383900003f390000c53900009b3a0000573b0000083d0000
9b4100000600000037000000b3000000a3010000a5020000ab0200007e03000075050000760500002d060000eb070000
23080000650800004b090000ff090000170a0000b90b0000f7170000411800006b18000037190000bc190000e4190000
e81f0000512000002c220000ef290000992b00004c330000fb350000d0380000f1390000f10400005a050000a6090000
3f0c00008e10000019110000ed1200008b1b0000991b0000fa1b00001c1c0000eb1d0000732200005c24000011250000
37250000eb2a00008a2b0000c2300000113100002c31000068310000bc310000ce310000da310000e931000017320000
2332000089320000b3320000f5380000ab390000703c00001a3e0000f43e0000ec3f0000954000003a41000077010000
2b02000095080000e7080000af0a0000030b0000a20d0000f310000035120000f21300003818000061180000a4190000
201a00003b1a00009e1e00003620000009220000a20b00006d0c0000070e0000dd12000031130000ff1300003b140000
d01a00003d1b0000af1c0000e21c0000021d0000331f0000591f00002f220000bd220000322300000101000081010000
9e0200006703000095080000e7080000af0a0000030b0000a20b0000900c0000600d00008d0d0000a30d0000bf0d0000
f310000035120000dd12000031130000f2130000ff1300003b14000042180000a4190000201a00003b1a0000d91a0000
031b0000181b0000af1c0000e21c0000021d0000501d00008f1d00009e1e0000331f0000591f00005420000009220000
2f2200001f2300007e230000783b0000cd3b0000ff3c00000f3d0000053e0000443e0000a5000000250300008e060000
b8060000fc0600002f07000017090000580a0000540b0000d90c00005e1300006c160000141800007f180000021a0000
4a1a0000fd1f0000c72100008500000008010000c901000069030000af05000083070000eb070000300800005b0a0000
7f0a0000d70a00003e0b0000a40b000006150000921500003d1700008d170000a917000025000000d6000000a6010000
9c020000de0200006a150000270000006700000084000000d00000002b010000a3010000be010000ff010000bc020000
f402000010030000af0500008e060000b8060000fc0600002f07000083070000eb0700003008000017090000580a0000
5b0a00007f0a0000d70a00003e0b0000540b0000a40b0000e20c00005e130000fb14000045150000711500006c160000
3d1700008d170000a9170000021a00004a1a0000e81f0000c7210000b9220000aa2300002d3b0000463b0000a03b0000
0a3c0000203c0000c63d00007a0100007a020000a9030000be030000f20400005b050000aa060000b7060000db060000
09070000190700003a0700005407000098080000fe080000ab090000ba0a0000210b0000400c0000de0c0000f20d0000
8f100000d0100000f71000004d110000421200006b13000015140000d1140000501600006516000070160000ab180000
f11800000d1900005619000076190000cc1900008f1a0000c01a0000261b0000051c00009f1c0000e71c000015200000
412000002f210000dd2100001422000078220000122500002025000038250000532500009d270000ad280000ba290000
193000002930000040300000533000005d30000087300000ba300000c3300000f630000086310000563200008a320000
9b320000b4320000d132000026340000bc340000d0340000fa380000043a0000f53e00004a3f00009f3f0000f13f0000
a3000000d2000000f600000049010000d40100004d0200004e020000c80200008c06000041070000a80700001f080000
c808000064090000a30b0000720c0000360d0000b50d0000d10d00004710000057140000111500005815000075150000
a8160000651a0000ec1a000031220000c2220000fb220000372300009d23000023270000660000000b010000bd010000
6c030000d0030000c8040000c904000007050000b20500008d060000fb060000ba070000bf070000de07000020080000
5a0800005b08000012090000570a0000590a00005a0a0000820a0000d50a0000d60a0000410b00004f0b0000a70b0000
ac0c0000020e0000dc0f00007110000087120000f11200000413000039130000fc13000038140000fa14000095150000
b91600003b1700003c17000090170000ac1700000918000025180000481800009718000067190000051a0000131a0000
2b1a0000461a0000661a000082210000c2210000e62300006d240000d9270000392a00003a2a0000852a0000ef2a0000
1b2b0000e02b00002f2c0000322c00004b2d0000ac2d0000cd2d0000162e00002f33000070330000713300008a330000
b333000076340000973400002e3500005d3600007a360000463700003d3900002c3b00009e3b00001b3c000070400000
c54000001a4100006c410000b04100002900000065000000d90000000301000083010000a50100009f020000f1020000
05030000680300008c06000041070000a80700001f080000c808000064090000a30b0000bb0c0000ad0d0000b30d0000
280e000047100000571400006d150000a81600000818000039180000431800006a1800007b18000096180000651a0000
dd1f0000562000003122000068040000c8050000f00500008c0800008c0a0000960b0000d90b00008d0c0000ef0c0000
1c0d0000060e00000a0e0000330e0000520e0000d60e0000250f0000550f0000f70f00000f1000003a10000043100000
72100000851000005b1100006a110000b8110000331200002b130000351300007d1300008d130000e8130000fe130000
01140000131400003a1400003d14000062140000fc15000022160000c2170000ea170000d81a0000e81a0000421b0000
641b00009a1b0000ce1b0000851c0000ac1c0000b11c0000c31c0000e51c0000071d0000f31d0000371e0000381f0000
651f0000811f0000921f0000ca22000052230000b7230000f62400003d260000a6260000b9260000c22a0000f22a0000
f32a00006f2b00009e2c0000682d00008c2d0000ad2d0000c02d0000e32d0000f02d0000172e0000202e0000ac2e0000
fc2e0000b52f0000fb33000052340000e3360000bb370000233a0000463a0000593a0000843a0000553b0000f53c0000
ca3f000013400000c90b00004e0c0000301b0000e31b0000dd1c0000f61c0000231f00008a220000932400008e2b0000
912e0000b22e0000e02e0000522f00000802000030020000c70900005918000062180000d8190000b9010000e1010000
990200004a030000a0040000050600000f060000cb060000ef060000e4080000af090000f80a0000850b0000ca0c0000
870d0000c60d0000e70f00003510000052100000e6100000ee100000941100005d150000661500001b170000e4180000
321900003519000062190000a3190000371a0000e01a0000e41a0000001b0000161b00001c1b0000c91b0000db1b0000
db1c0000f41c0000491d0000661d0000ca1d00005b1e00007b1e0000211f00008a1f00007723000010270000ac270000
53280000612b0000b12c0000562d0000942d0000402e0000812e0000d52e0000c23b0000013e00008900000027010000
8701000018020000160300007503000098030000dc030000ec030000200400007704000009050000170500001b050000
2d050000f205000054060000b50600008007000089070000f4070000fe070000020800001c080000360800004e080000
5509000068090000190a0000620a0000790a0000830a0000c80a0000f50a0000420b0000680b0000b00b0000100c0000
f30f00003b13000066140000da140000911600000218000087180000f51900003f1a0000581a0000401f0000ee1f0000
5a20000075200000ad200000d4200000fc2000001e210000db2100002222000035220000f2220000b22400006a250000
712700007b280000ea2800001929000099290000f1290000292a0000322b0000ff2b0000102c0000a02c0000d22c0000
1d2d00003c2d0000e72e0000052f0000272f0000352f00004a2f0000712f0000ca2f0000ee2f00002133000064330000
6035000060360000d2380000ef380000243900003f3b0000d23e0000584000000e4100008d4100001e0000003c000000
db00000000010000ba010000e2010000f60100009b020000a1020000f60200004c0300007b050000c60500004c060000
81080000b0090000f60900007e0b0000870b0000930c0000e40c0000660d00007c0d0000ca1200001f150000f8170000
461800004f180000671800008f180000d01900005e1a00009f2200001e270000ae2700005828000013000000b8000000
8c020000770500002a06000018180000080000002f0000005700000078000000b7000000cc00000062010000ef010000
41020000560200007e020000b4020000cf020000e202000045030000a8030000ef0400008a0500008f050000a8050000
ab050000e2050000140600003e06000046060000600600007e060000280700007807000083080000de090000f8090000
350a0000400a00002c0b0000710b0000800b0000ce0b0000530c0000ac1000001d1500001f190000f61900006d1a0000
931a0000c41a0000982200009a2200008d23000095240000e52400000d270000a9270000522800006c2a0000762c0000
902c0000c82c0000de2c0000542f0000a42f0000153b0000f73b0000a8000000d5000000e7000000fa00000002010000
4c0100004d0100005e01000082010000240200004b020000530200005d020000cb0200002203000096030000eb030000
090400006904000073040000f60400001e050000c3050000c9050000e0050000f1050000160600005706000088060000
99060000040700000e0700002d0700005f070000a5070000aa070000ab070000bc070000220800008e080000b1080000
e0080000140900005a09000063090000e20900000a0a00008e0a0000970b0000da0b00002c0c0000920c0000b10c0000
e60c0000ff0c0000240d00003f0d0000550d00005e0d0000870d00008d0d0000a30d0000b10d0000bd0d0000cd0d0000
d50d0000160e0000170e0000470f0000680f0000fc0f00001410000035100000561000005b10000077100000bc100000
c9100000f21000003e11000052110000871100008f110000b7120000dd120000f312000037130000fa13000036140000
45140000461400004e1400006814000093140000dc1400003d1500005d1500006615000023160000551600001b170000
c3170000eb1700000e1800005518000070180000d0180000d41800002b19000050190000691900006c1900006e190000
7b190000161a0000631a0000751a0000a31a0000e41a0000f11a0000fa1a0000001b0000351b00006c1c0000f41c0000
fa1c00007c1d0000621e0000941f0000fa1f00004f200000ff20000018210000cf220000002300000723000029230000
5723000077230000a2230000c7230000c9240000fb24000005250000e72500004b26000092260000b2260000bb260000
2227000038270000902700005a28000086280000b6280000dc280000452a0000f42a0000b02b00008e2c00009f2c0000
d52c00006d2d0000982d0000b22d0000c62e0000082f0000212f0000882f0000ba2f0000d52f00000930000069300000
7d320000cc330000a0340000af3400002a380000923a0000d93a0000573b0000083d0000204000009300000041020000
560200007e020000c30200009e050000140600003a06000094060000ad0600001a080000de090000ce0b0000530c0000
571900006d1a0000931a0000c41a0000982200008d23000095240000e52400000d270000a9270000522800006c2c0000
c42c0000542f0000a42f000055000000be00000048010000370300003903000084030000a7030000b703000077040000
78040000fe0400008e050000a7050000a9050000d80500005e060000730600007c060000a7070000f4070000fe070000
1c0800004a0800004e080000320a0000340a00003b0a00006e0a0000880a00002f0b0000310b0000490b0000740b0000
760b0000bf0b0000c90b00004e0c00005011000066140000da1400000218000087180000f51900003f1a0000581a0000
301b0000e31b0000dd1c0000f61c0000231f0000401f0000ee1f00005a20000075200000ad200000d4200000fc200000
1e210000db21000022220000352200008a220000f222000093240000b2240000712700007b280000ea28000019290000
99290000292a00002d2a0000672a00006b2a0000322b00008e2b0000ff2b0000102c0000752c0000862c0000dc2c0000
f12c0000012d0000082d00002f2d0000352d0000912e0000b22e0000e02e0000e72e0000052f0000272f0000352f0000
4a2f0000522f0000712f0000ca2f0000ee2f00006033000064330000ae33000055360000123b0000584000000e410000
8d4100000f000000310000005a000000b5000000e1000000ba010000e201000008020000300200009002000094020000
9b020000a70200004c0300008d050000b50500002b060000340600008106000018080000b0090000c7090000870b0000
e70c0000660d00007c0d0000ca120000041800001a1800001b180000461800004f180000591800006218000067180000
8f180000d0190000d81900005e1a00001e270000ae270000582800009f030000b0030000c0030000f3030000f8030000
3104000037040000710400007c0400008504000092040000a4040000030500001a05000032050000a1050000b0060000
da060000f40600004d0700005a0700006f070000da070000fb070000c3090000360c00004e0e00005c0e0000040f0000
580f0000730f00007b0f0000f10f00006a1000009f100000be100000d71000002411000049110000b2120000c8140000
d6140000c1150000cc150000251600002b1600002d1600006116000079160000b616000005170000151c0000111e0000
171e00007a2000007b200000d8200000da200000282100002c21000052210000552100006f210000ce23000006240000
2a2400003a240000002500001d2500001f250000ba280000c5280000112900007b2900004f2a0000532a0000e32a0000
2a2b0000302b0000862b00006f2c0000fa2c0000602d0000a52d0000df2d0000232e0000283000005630000064300000
79300000893000008f300000a3300000b2300000b8300000be300000d4300000d8300000e73000001d31000039310000
44310000533100006c31000089310000a9310000b6310000c7310000e631000012320000193200001b32000031320000
353200004d320000503200005a3200005b320000703200007332000078320000973200009a320000e3320000ef320000
053300000633000095330000a23300001b3400009c34000041350000e4350000113900007b390000d0390000f13a0000
353c00004a3c00005e3c0000633c0000673c0000843c00008c3c00008c3d0000983d0000ef3d0000113e0000153e0000
d83e0000273f0000573f00004a4000007f400000bd400000294100006e410000734100009d00000074010000da010000
dc0100002802000095060000ba060000cc06000029070000320700004807000092080000ce080000d0080000e4080000
3d0a0000a40a0000db0a0000e50a0000f80a0000d40c0000e00c0000290d0000790d00007b0d0000f40d0000b9100000
d2100000f51000002312000025120000441200003f1300006d13000095130000ce130000d81300001714000019150000
8d150000771600004b1700009c1700001218000013180000371800004d1800004e180000601800009c1900009d190000
a3190000f8190000f91900001c1a00002c1a0000301a0000371a00001a200000e22100009b270000a2270000a3280000
a4280000a0290000c7290000a7000000250300007d0600002a070000170900005d0a0000540b00006c16000016180000
7f180000061a00004a1a0000a40000007a010000760200002003000024030000ab030000b5030000f504000020050000
2a050000a3050000590600008d060000a5060000a7060000b1060000e5060000fb06000012070000370700003e070000
460700005b07000098080000fa0800001209000016090000ab090000570a0000ba0a0000150b00004f0b0000530b0000
3b0c0000420c00008f100000aa100000d0100000f7100000111100001b1500008b15000012160000571600005c160000
6516000072160000751600007f1600004f1700009a170000a6180000fb1800001e1900004119000054190000cc190000
8b1a0000911a0000bc1a0000261b0000931c0000e71c0000f81f000015200000c2210000dd2100000125000002250000
4c2500004e25000096270000a52700009f280000a12800009b290000d22900005b2a0000f52b0000712c0000d72c0000
ff2c0000392d0000352e0000482e00005b2e0000712e00001530000034300000503000006530000081300000c3300000
f6300000063100003a310000703100008f310000793200007a320000c9320000cc320000b8340000fa380000043a0000
dd3e0000fa3e0000933f0000a33f00004b400000ef400000bc000000460100008c010000fc0200003503000082030000
7a05000047060000a5070000b1070000ed0700006d090000af0900006c0a0000860a0000cd0a00002d0b0000470b0000
5e0b0000720b0000850b0000bd0b0000b80c0000070d0000480d0000220e0000ff0f00005a100000711100005c130000
88130000b11300000814000046140000511400005e1400003e15000087150000b016000071170000a31700002e1b0000
db1c0000f41c0000211f00003e1f0000431f0000d41f0000ec1f0000582000005f200000d1210000d921000020220000
27220000332200003a22000088220000f0220000f7220000312700006f27000053280000e82800009129000097290000
36000000380300007505000030080000330a0000300b0000750b000006150000921500003d1700008d170000a9170000
0a00000091020000de0200006a1500002400000091000000c2000000f600000067010000a10100003f02000046020000
c1020000d4020000dc020000dd020000e70200003b030000850500004506000081060000180800008608000064090000
fd090000780b0000870b0000ae0b0000720c0000360d0000b50d00004710000002110000261500003615000058150000
791500007d1500009815000023170000af1700005e1a0000691a00008e220000962200008b230000922300000b270000
112700001d0000003b0000006e000000d5000000ee000000f30000002e0100004001000053010000ae010000b9010000
cb010000e1010000f10100000402000099020000b6020000bf020000e60200000c0300004a0300007a05000047060000
95060000ba060000cc060000290700003207000048070000a5070000b1070000ed07000092080000ce080000d0080000
e40800006d090000af0900003d0a00006c0a0000860a0000a40a0000cd0a0000db0a0000e50a0000f80a00002d0b0000
470b00005e0b0000720b0000850b0000bd0b00007f0c00009c0c0000b10c0000000d0000140d00002b0d0000390d0000
430d0000640d0000b10d0000b40d0000c10d0000d90d0000dc0d0000170e00002f0e0000ff0f00005a100000b9100000
d2100000f5100000711100002312000025120000441200003f1300005c1300006d1300008813000095130000b1130000
ce130000d8130000081400001714000046140000511400005e1400001e1500002e150000801500008515000086150000
77160000b01600004b170000711700009c170000a31700009c1900009d190000a3190000f8190000f91900001c1a0000
2c1a0000301a0000371a0000001b0000161b0000db1c0000f41c0000491d0000731d0000751d00008b1d00008d1d0000
211f00003e1f0000431f0000e41f0000e61f00000d200000492000004b200000d1210000d9210000e221000020220000
27220000332200003a2200009d2200009e22000011230000392300004423000077230000102700001427000054270000
5627000076270000ac27000053280000a3280000a4280000e82800009129000097290000a0290000c72900001a3b0000
4f3b00006d3b0000963b0000a43b0000ae3b0000c23b0000f93b0000133c00002a3c00009b3c0000b63c0000d73c0000
e13c0000193d0000283d0000d53d0000f53d0000f93d0000013e0000813e0000883e00000600000056000000b3000000
f2010000b7020000f402000010030000750500007d0600002a0700003008000017090000330a00005d0a0000300b0000
540b0000750b0000fb14000045150000711500006c1600003d1700008d170000a9170000061a00004a1a0000d1220000
aa230000133b0000fc3b0000203c0000c63d000047000000550000002a0100000c0200003903000078030000a7030000
da0300000d050000150500001b05000086050000fc0500007c060000b7060000ba070000de0700001c08000038080000
3c0800004a0800004e0800004509000047090000fa090000120a00001e0a0000320a0000340a00003b0a0000610a0000
7d0a0000850a0000f40a0000310b0000450b0000760b0000b30b0000d40b0000ac0c0000020e0000dc0f000071100000
42120000391300006b130000fc13000015140000381400000d150000291500004c150000a2150000c51500001c160000
21160000a1160000011700002f1700004d1700005a1700005e1700007817000095170000b9170000d2170000f6170000
02180000871800008a180000f4190000f51900003f1a0000411a0000581a00005a1a0000be25000034260000ed290000
012a0000292a00002d2a0000ef2a0000c82b0000ff2b0000032c0000102c0000472c00004b2d0000ac2d0000cd2d0000
162e0000553300006033000064330000ae330000ba35000055360000643600004d370000ab380000cb380000d7380000
ed38000029390000c6390000d4390000e93900007b3a0000123b0000443b0000263d0000d03e0000743f000058400000
754000000e4100001e4100008d410000914100000f0000002d000000460000005a000000dd0000000301000083010000
f4010000940200009b020000a2020000a3020000ee020000fa0200004c03000073030000850500004506000081060000
180800008608000064090000fd090000780b0000870b0000ae0b00009d0c0000ad0d0000da0d0000e30d000047100000
02110000471500006f15000023170000af170000fc17000004180000391800006718000069180000771800008f180000
9a1800005e1a0000691a0000c6220000af23000059040000ab040000a70a0000de0a0000410f00009d130000f0130000
fa150000871700009f170000cc180000e8180000b41c0000e8210000ec210000a6290000242d00006b2e000093300000
60310000c23400000039000087390000b1390000e3390000093a00000b3a000046410000eb000000ab01000000060000
bd0600006c090000850c0000c90c0000010d00000c0d0000380d00003e0d0000860d00008b0d0000b70d0000bb0d0000
c50d000004100000491000004d100000e410000093110000e11200005b1500007f1500001517000031190000d51a0000
df1a00001b1b0000651d0000b91d0000c91d0000891f00000f270000e4020000ca090000d9190000ed1a0000121b0000
3d1d000089010000fd02000052030000a1040000480600006a0900008e090000d3090000fb0a00008d0b0000a50d0000
7211000099110000d2110000df120000e9120000ab170000e5180000c9190000dd190000381a00002c1c00006e1c0000
7d1c0000dc1c0000f51c0000ee1e0000221f0000a31f00000f2000003a20000079230000b52300007e260000e7330000
983600009f370000bc380000ee390000c53a0000c53b0000023e000019000000cb000000ea0000002001000061010000
b50100004002000048020000ce020000e1020000e802000002030000440300007f050000c70500004d06000082080000
b4090000f70900007f0b0000920b0000d30d0000cb120000d11900005f1a00006c1d0000da1f00001c20000045200000
972200008c2300000c270000122700003727000059280000260000004f00000092000000d30000000f010000a2010000
b50100004002000048020000aa020000b3020000c2020000e40200008e050000b60500002c0600003506000084060000
19080000b4090000ca090000920b0000d30d0000cb120000d1190000d91900005f1a0000ed1a0000121b00003d1d0000
6c1d0000da1f00001c20000045200000972200008c2300000c2700001227000037270000592800003f0000001d010000
4f010000e501000052030000560300009a030000ef0300000a0400006d04000074040000f70400001f0500007e050000
93050000c40500004806000068060000ad070000b3070000c8070000d40700002d080000350800007d0800001b090000
2709000084090000b3090000bb090000960a0000730b00008d0b0000910b0000fa0b0000b90c00002d0d0000ec0d0000
230e0000480f00006c0f0000001000009c1000001e110000a5110000fd110000791200008d120000a6120000b9120000
d6120000f81200000d13000038130000fb130000371400003c14000052140000771400000a150000221500009c150000
a715000025160000fd16000032170000b3170000be170000d1180000d51800001919000048190000c5190000d5190000
171a0000811a0000371b0000fc1c0000c51e00000120000026200000732100007e2100008f210000a522000009230000
21230000b3250000cb2500005f26000078270000b427000054280000e92800002629000063290000132a00007f2a0000
9d2a0000d52a0000bd2b0000d22b00000d2c0000202c0000612c0000e62c0000302e00004f2e0000d130000017310000
38330000dd3400002a350000af3500003036000039360000a3360000d33700000d38000079380000b538000039390000
46390000c9390000a63a00005f3b0000093d00009c410000b20a0000040b0000f3130000211a00003c1a00000c220000
6a090000a60b00006e0c0000080e0000df12000032130000001400003c140000d11a00003e1b0000b01c0000e31c0000
031d0000341f00005a1f000037220000be22000033230000f2000000000200008c0d0000af0d000058180000891d0000
890100006b0300006a090000b20a0000040b0000a60b0000a50d0000df12000032130000f3130000001400003c140000
211a00003c1a0000b01c0000e31c0000031d0000341f00005a1f00005c2000000c220000372200002123000080230000
7b3b0000ce3b0000003d0000103d0000063e0000453e000027000000d7000000a70100009d020000e90200006b150000
a4000000d3000000f80000004a010000d50100004f020000c90200008d06000044070000a907000020080000c9080000
6f090000a70b0000730c0000370d0000b60d0000d30d00004810000058140000121500005915000076150000a9160000
661a0000ed1a00003c220000c3220000fc220000382300009e23000024270000660000008e010000080300006c030000
8d06000044070000a907000020080000c90800006f090000a70b0000bc0c0000290e00004810000058140000a9160000
091800003a1800007c18000097180000661a0000e01f0000612000003c220000ee0300006c040000f4050000920a0000
dd0b0000530e0000d70e0000270f0000560f0000f80f0000101000004510000073100000861000006c110000b9110000
2c130000ea130000fe15000024160000ee170000651b00009b1b0000cf1b0000861c0000ad1c0000f41d0000381e0000
f72400003e260000a7260000c1260000c42a0000fa2a0000fe2a0000712b0000a22c0000692d00008e2d0000ae2d0000
c12d0000e42d0000f12d0000182e0000212e0000ad2e0000fd2e0000b62f0000fc33000053340000e4360000bc370000
243a0000473a00005a3a0000853a00005b3b0000f73c0000cb3f000014400000310100008b0100001002000000060000
bd0600006c090000310d0000990d0000a70d000004100000491000004d100000e410000093110000e112000055150000
151700002f1800003c1800003d1800005c18000031190000891f00005b23000033020000ca09000063180000d9190000
e501000052030000a104000010060000f2060000b3090000fb0a00008d0b0000e80f00003610000053100000ef100000
681500001d170000e51800003619000063190000381a0000e61a0000ca1b0000dc1b0000dc1c0000f51c00005c1e0000
7c1e0000221f000079230000b427000054280000642b0000b22c0000572d0000952d0000412e0000822e0000d62e0000
c53b0000023e000040000000e6010000570300007f050000c70500004d06000082080000b4090000f70900007f0b0000
920b0000940c0000eb0c00007d0d0000cb12000023150000f91700005018000090180000d11900005f1a0000aa220000
b9270000592800004f0100008d0100005f0200009a030000ef0300000a0400006d04000074040000f70400001f050000
c4050000e1050000f505000018060000580600009a0600000f07000062070000a6070000ad070000b20800005b090000
6e090000e30900000b0a0000960a0000de0b00002d0c0000b30c0000f10c0000570d0000a50d0000190e0000480f0000
6c0f0000fd0f00001510000036100000571000005c10000078100000ca1000003f1100005611000090110000b9120000
df12000038130000fb130000371400004814000094140000e31400003f1500006815000025160000561600001d170000
ef170000d1180000d51800002c190000511900006d1900007c190000171a0000761a0000a51a0000e61a0000fc1a0000
371b00006e1c0000f51c0000fc1c0000631e000000210000192100000923000079230000ca240000fc24000008250000
e82500004c26000093260000b3260000c62600003a2700005c28000087280000df280000462a0000ff2a0000b12b0000
8f2c0000a32c0000d62c00006e2d0000992d0000b32d0000c72e0000092f0000222f0000892f0000bb2f0000d62f0000
0a3000006c30000080320000cd330000a1340000b03400002b380000933a0000da3a00005f3b0000093d000021400000
5d000000be000000e601000033020000570300008e050000b60500002c060000350600008406000019080000b4090000
ca090000920b0000f20c00007d0d0000cb120000051800001d1800001f180000501800006318000090180000d1190000
d91900005f1a0000b927000059280000460a0000a80a0000df0a0000e60a0000fb0a0000471300007113000096130000
cf130000d91300001e1400004c170000a0170000fb190000fd1900001d1a00002d1a0000311a0000381a0000ed210000
ab290000ca290000bd000000470100008d010000fd02000036030000830300007e05000048060000a6070000b3070000
ef0700006e090000b30900006d0a0000870a0000ce0a00002e0b0000480b00005f0b0000730b00008d0b0000be0b0000
b90c0000080d0000490d0000230e0000001000005c100000721100005d13000089130000b21300000914000048140000
52140000601400003f15000088150000b116000072170000a41700002f1b0000dc1c0000f51c0000221f00003f1f0000
441f0000d51f0000ed1f00005920000060200000d2210000da2100002122000028220000342200003b22000089220000
f1220000f8220000322700007027000054280000e9280000922900009829000017000000e0000000ec00000002010000
ac010000b1010000fa0100008f020000a6020000ed020000030d00003b0d0000630d0000650d0000b20d0000d50d0000
80150000441800004518000057180000172700001d2700000b00000092020000e90200006b1500002600000092000000
c3000000f800000068010000a20100004002000048020000c2020000d5020000e4020000e80200003c03000086050000
490600008406000019080000870800006f090000fe090000790b0000920b0000b10b0000730c0000370d0000b60d0000
48100000031100002715000037150000591500007a1500007e1500009915000024170000b01700005f1a00006a1a0000
8f220000972200008c230000932300000c270000122700003f00000055010000cd010000e5010000520300007e050000
48060000a6070000b3070000ef0700006e090000b3090000460a00006d0a0000870a0000a80a0000ce0a0000df0a0000
e60a0000fb0a00002e0b0000480b00005f0b0000730b00008d0b0000be0b0000810c0000b30c00002d0d0000de0d0000
190e0000310e0000001000005c10000072110000471300005d130000711300008913000096130000b2130000cf130000
d9130000091400001e1400004814000052140000601400002215000088150000b11600004c17000072170000a0170000
a4170000fb190000fd1900001d1a00002d1a0000311a0000381a0000dc1c0000f51c0000221f00003f1f0000441f0000
0f200000d2210000da210000ed2100002122000028220000342200003b220000a5220000a9220000132300003b230000
462300007923000078270000b427000054280000e92800009229000098290000ab290000ca2900001f3b0000503b0000
713b0000973b0000a83b0000af3b0000c53b0000fa3b0000143c00002b3c00009c3c0000b73c0000d83c0000e23c0000
1a3d00002f3d0000d73d0000f63d0000fa3d0000023e0000823e0000893e0000470000005d0000008e010000fe020000
570300007603000086050000490600008406000019080000870800006f090000fe090000790b0000920b0000b10b0000
9e0c0000e40d0000481000000311000024170000b0170000fd170000051800003a18000078180000901800009b180000
5f1a00006a1a0000c9220000ba2300000a010000890100006b030000b7040000b10500006a0900007c0a0000810a0000
b20a0000ca0a0000040b0000400b0000a60b00001b0d0000900d0000a50d000036100000df120000321300007b130000
e4130000e6130000f3130000f713000000140000111400003c1400006014000094150000771700008f170000ab170000
eb180000121a0000211a00003c1a0000b01c0000c11c0000e31c0000031d0000341f0000441f0000551f00005a1f0000
771f00007f1f00005c2000000c2200002422000037220000f4220000f822000021230000802300006336000073360000
86360000223700002837000059370000863700008c3700009537000003380000433b00007b3b0000ce3b00009a3c0000
f03c0000003d00000c3d0000103d0000223d0000b03d0000063e0000453e0000d8000000010100009e02000085080000
95080000e7080000900c0000a30c0000020d0000150d00005f0d0000600d0000650d0000880d00008d0d0000be0d0000
bf0d0000c20d0000f3100000f610000032120000351200006c150000dc16000042180000a4190000d91a0000dc1a0000
031b0000181b0000501d00008f1d0000bd1d00009e1e00008e020000ff1a0000151b0000481d000064010000a2010000
aa020000d1020000e4020000fc0500002c060000ea080000f3080000ca090000fa090000c80c0000850d00009d0d0000
c40d00005915000030190000a5190000a7190000d9190000de1a0000ed1a0000121b00001a1b0000d21b0000d91b0000
751c00007e1c00003d1d0000641d00007a1d0000ac1d0000b41d0000c81d0000521e0000f11e00008f2300000e270000
892e0000ba2e0000ea3300001436000022360000b83600006d370000543800002700000067000000d0000000f0000000
2b0100003d010000a3010000a7010000be010000ff010000bc020000e9020000f40200000d0300008e060000b8060000
c9060000fc0600002f07000049070000ca08000017090000ab0d0000fb14000045150000711500006c1600009a190000
721d0000881d0000e51f0000482000001327000055270000060000000b000000560000006d000000d40000002d010000
a7010000f0010000f2010000030200008e020000b5020000b7020000be020000f40200007d060000940600002a070000
31070000ca08000017090000ab0d0000fb14000045150000711500006c1600009a190000ff1a0000151b0000481d0000
721d0000881d0000e51f0000482000001327000055270000a4000000d3000000f80000000f0100004a0100005c010000
99010000d50100004f020000c90200002003000070030000a9030000f2040000b2050000b60500008d060000fb060000
44070000a7070000a9070000b6070000ba070000cb070000d107000009080000200800002a080000710800009e080000
c5080000c9080000d3080000120900001e0900003a0900006f0900007a090000a70b0000ab0b0000730c0000ae0c0000
c00c0000fd0c0000230d0000370d0000850d0000b60d0000c40d0000cb0d0000d30d00000c0e0000140e0000370e0000
d10f000022100000481000004e100000e8110000ee110000561200006612000084120000cb120000f1120000fb120000
381400003f140000581400006614000012150000591500007615000099150000a1160000a9160000ac160000c3160000
f2160000ac170000b0170000f1180000671900008a1900008f190000961900009e190000ab190000b4190000661a0000
ed1a00005c1d00006c1d00007a1d0000811d0000931d0000c01d0000d71d0000d01e0000961f0000f81f00004d200000
6c2000007f21000092210000bb2100003c22000047220000c3220000fc2200000423000027230000382300009e230000
c5230000242700008e2700001d2a0000a52a0000b62a0000102b0000ac2b0000dd2b0000402d0000902d00003c330000
423300005333000070340000e03400002b350000063600000a3600001e360000333600004c360000a8360000c7360000
da3600003d3700006937000079370000e93700003338000084380000890100006b030000b70400006a090000b20a0000
ca0a0000040b0000400b0000a60b0000a50d0000df12000032130000f3130000f7130000001400003c140000eb180000
211a00003c1a0000b01c0000e31c0000031d0000341f0000551f00005a1f0000771f00005c2000000c22000024220000
3722000021230000802300007336000086360000283700008c37000095370000033800007b3b0000ce3b0000003d0000
103d0000063e0000453e0000010100009e02000095080000e7080000900c0000600d00008d0d0000bf0d0000f3100000
3512000042180000a4190000d91a0000031b0000181b0000501d00008f1d00009e1e00002700000067000000d0000000
2b010000a3010000be010000ff010000bc020000f40200008e060000b8060000fc0600002f07000017090000fb140000
45150000711500006c160000a4000000d3000000f80000004a01000099010000d50100004f020000c902000020030000
70030000a9030000f20400008d060000fb06000044070000a7070000a9070000cb07000009080000200800002a080000
71080000c5080000c9080000d3080000120900001e0900003a0900006f0900007a090000a70b0000ab0b0000730c0000
c00c0000370d0000b60d0000d30d0000370e0000d10f000022100000481000004e100000ee1100006612000058140000
66140000121500005915000076150000a1160000a9160000ac160000c3160000f11800008a19000096190000ab190000
b4190000661a0000ed1a00005c1d0000811d0000c01d0000d71d0000961f0000f81f00006c20000092210000bb210000
3c22000047220000c3220000fc220000382300009e230000242700001d2a0000a52a0000102b0000ac2b0000402d0000
902d00003c3300005333000070340000063600001e360000333600004c360000da36000079370000e9370000eb000000
6e01000092010000ab010000ae020000080400009d0400000006000030060000bd0600008c080000ab080000c2080000
ec0800006c09000073090000850c0000c90c0000010d00000c0d0000340d0000380d00003e0d0000860d00008b0d0000
a00d0000a80d0000b70d0000bb0d0000c50d00002c0f00004e0f0000d90f000002100000041000000b10000023100000
26100000491000004d1000004f10000051100000e410000083110000931100009c110000dd1100000d12000033120000
3b12000040120000e1120000e21200005b1500007b1500007f150000f1150000e21600001517000025170000e3180000
31190000941900009819000099190000a6190000591a0000d51a0000df1a00001b1b0000c81b00002f1c0000761c0000
7f1c0000651d00007d1d0000841d0000851d0000ad1d0000b91d0000c91d0000771e0000f21e0000891f0000ae1f0000
9a230000122600000f270000482d0000642d0000912d0000932d0000802e0000d12e0000eb3300001836000024360000
ba3600006e37000059380000d1020000e4020000f3080000ca090000fa090000a7190000d9190000ed1a0000121b0000
d21b0000d91b00003d1d0000b41d0000521e0000892e0000ba2e00001900000044000000cb000000ea00000020010000
61010000b5010000ea0100004002000048020000ce020000e1020000e8020000020300004403000062030000a0030000
060400007d040000f3040000260500007f05000083050000bf050000c7050000d4050000490600004d06000051060000
b50600006908000082080000a7080000de0800003509000050090000b4090000b8090000c9090000f7090000050a0000
760b00007f0b0000920b00009d0b0000f40b0000d00c0000f50c0000cb0d0000d30d0000df110000f31100002d120000
cb120000f112000027150000ce160000d618000084190000a0190000b0190000d11900005f1a0000401d00006c1d0000
971d0000d01d00005e1e0000051f00008f1f0000da1f00001c20000045200000f92000001621000097220000b5220000
8c230000d92500000c2700001227000037270000c4270000552800005928000070280000502900000d2a0000a52b0000
822c0000cf2c0000c22e0000022f00001f2f0000bf2f0000ff350000133600004736000066370000753700001b380000
260000004f000000920000009b000000c3000000d30000000f010000a2010000b5010000ea0100004002000048020000
aa020000b3020000c2020000d1020000e402000062030000ad0300007d040000f8040000860500008e05000096050000
b2050000b6050000cd050000fc050000030600002c0600003506000036060000390600007c0600008406000002080000
19080000270800006c0800006e0800007e080000de080000f308000035090000b4090000b8090000ca090000fa090000
920b00009d0b0000fd0c0000cb0d0000d30d0000fa1100002d120000cb120000f1120000d6180000881900008c190000
8e190000a0190000a7190000b0190000d1190000d91900005f1a0000ed1a0000121b0000d21b0000d91b00003d1d0000
581d0000641d0000681d00006c1d0000971d0000b41d0000d01d0000521e00005e1e0000051f00008f1f0000da1f0000
1c20000045200000f920000016210000972200008c2300000c2700001227000037270000c42700005528000059280000
70280000502900000d2a0000a52b0000642c00007b2c0000c02c0000c32c0000892e0000ba2e0000c22e0000022f0000
1f2f0000bf2f0000503300000236000047360000753700003f00000055010000cd010000e501000052030000cd030000
470400008d0400008e0400007e05000048060000a6070000b3070000ef0700006e090000b3090000460a00004b0a0000
6d0a0000870a0000a80a0000ac0a0000ce0a0000df0a0000e30a0000e60a0000ee0a0000fb0a00002e0b0000370b0000
480b00005f0b0000730b00008d0b0000be0b0000810c0000b30c00002d0d0000de0d0000190e0000310e00007e0e0000
980f0000001000005c1000007211000047130000501300005d13000071130000731300008913000096130000a2130000
b2130000cf130000d91300000314000009140000111400001e1400002814000048140000521400006014000022150000
88150000bd15000033160000b11600004c1700005417000072170000a0170000a4170000af180000c5180000db180000
dd180000fb190000fd1900001d1a00002d1a0000311a0000381a0000dc1c0000f51c0000221f00002b1f00002f1f0000
3f1f0000441f00004d1f00005d1f0000631f0000731f00000f200000d2210000da210000ed210000f821000021220000
28220000342200003b220000a5220000a9220000132300003b230000462300007923000078270000b427000054280000
e92800009229000098290000ab290000b6290000ca290000e22900005a360000713600007e3600007f36000083360000
ef360000fb36000004370000193700001e3700002d3700004b370000643700007f370000813700008a3700008f370000
9137000093370000fc3700009b380000a23800001f3b0000503b0000713b0000973b0000a83b0000af3b0000c53b0000
fa3b0000143c00002b3c00009c3c0000b73c0000d83c0000e23c00001a3d00002f3d0000d73d0000f63d0000fa3d0000
023e0000823e0000893e00001d0000006e000000d5000000ee000000f30000002e01000040010000ae010000b9010000
f10100000402000099020000b6020000bf020000e60200000c03000095060000ba060000cc0600002907000032070000
4807000092080000ce080000d0080000e40800009c0c0000000d0000140d0000390d0000430d0000640d0000b10d0000
b40d0000c10d0000d90d0000b9100000d2100000f51000002312000025120000441200002e1500008015000085150000
771600009c1900009d190000a3190000001b0000161b0000491d0000731d0000751d00008b1d00008d1d0000e41f0000
e61f0000492000004b20000010270000142700005427000056270000a3280000a42800000600000056000000f2010000
b7020000f40200007d0600002a07000017090000fb14000045150000711500006c160000260000004f00000092000000
9b000000c3000000f80000006801000099010000a20100004002000048020000c2020000d5020000e4020000e8020000
020300003c030000620300008e030000ab030000f504000020050000860500008e050000490600004d0600007c060000
84060000b70600000208000019080000270800006a0800006c0800006e08000087080000a9080000c50800001c090000
350900003c0900004f0900006f0900007a090000cc090000fe090000080a0000740b0000790b0000920b00009d0b0000
b10b0000c90b0000f30b0000730c0000de0c0000370d0000b60d0000f20d0000d10f000022100000481000004e100000
03110000e4110000421200004c1200002715000037150000591500007a1500007e1500009915000012160000cf160000
fe160000141700002417000027170000ac170000b0170000c7170000861900008819000096190000a9190000b0190000
b61900005f1a00006a1a0000461d0000581d0000811d0000b81d0000d01d0000df1d00008f1f00009e1f00008f220000
97220000e12200008c23000093230000c5230000e02500002d2600000c270000122700000c2a00000d2a0000a52b0000
a72b0000402d0000902d00005033000000360000023600001636000031360000473600004e360000c036000068370000
6f370000753700007b3700002238000075380000280100000c02000033020000fc050000ca090000f40a00000b0b0000
960d00002c1800005b1800006318000030190000d9190000361a00003d1a000051230000790b0000c90b00008c0c0000
090e0000d71a0000301b0000411b0000dd1c0000e41c0000f61c0000061d0000231f0000371f00008a220000c9220000
51230000dc000000f401000008020000890d0000b00d000056180000591800009c1d000064010000a2010000e4020000
3c0300008e030000fc050000ca090000f40a00000b0b0000790b0000c90b0000c80c0000850d00009d0d0000c40d0000
5915000030190000d9190000361a00003d1a0000de1a0000ed1a0000121b00001a1b0000dd1c0000e41c0000f61c0000
061d00003d1d0000641d0000c81d0000231f0000371f00000423000074230000872300000e2700004b3b0000be3b0000
d53b0000f33c0000113d0000003e0000073e0000503e00000c00000013000000da000000f50100008c02000093020000
a00200006618000093000000a7000000d4000000df0000004b0100002302000041020000430200005202000056020000
c3020000ca0200007d060000940600001a080000210800007a0b0000ce0b0000910c00005d0d0000ab0d0000bc0d0000
0d180000541800006f1800005b1a00006d1a0000ff1a000098220000ce220000ff220000562300008d230000a1230000
0d27000016270000060000000b000000560000006d000000df00000069010000a3010000f00100008e02000092020000
a5020000b5020000e90200003d030000930300007d060000940600001a080000210800007a0b0000ce0b0000af0c0000
5d0d00000f0e00006b150000031800000a1800003218000041180000541800006f1800008b1800009e1800005b1a0000
6d1a0000481d0000cd1d00001327000089010000fd02000052030000a1040000bd040000480600006a0900008e090000
d3090000ca0a0000fb0a0000370b00005f0b00008d0b0000a50d00007211000099110000d2110000df120000e9120000
f7130000ab170000e5180000ee180000c9190000dd190000381a00002c1c00006e1c00007d1c0000dc1c0000f51c0000
ee1e0000221f0000731f00007f1f0000a31f00000f2000003a200000f82100001c22000079230000b52300007e260000
e73300008336000098360000933700009f370000bc380000083900001b390000b4390000ee3900000e3a0000173a0000
6f3a0000c53a0000c53b0000023e00000101000099020000ed020000e408000077090000ce090000710c0000390d0000
8d0d0000b80d00004a100000e312000046150000a3190000db190000d21a0000f01a0000001b0000141b0000161b0000
441d0000491d0000a01d00006b1e0000080000002b0000004800000057000000d00000000c010000b0010000ef010000
f20100000d020000a5020000b0020000b402000087050000b3050000fd050000320600007e06000028070000ff090000
f7170000411800006b18000037190000260000004f000000920000009b000000c3000000d30000000f0100007a010000
a2010000b50100004002000048020000aa020000b3020000c2020000d1020000e40200006203000086030000ab030000
f504000020050000860500008e050000b6050000fc0500002c060000350600007c06000084060000a7070000c0070000
f2070000020800001908000026080000270800006a0800006c0800006e08000098080000ea080000350900004f090000
ab090000b4090000ca090000fa090000060a0000230a0000920b00009d0b0000c10b0000c00c0000d30d0000370e0000
8f100000d0100000f710000090120000cb1200001a130000661400001216000067190000701900008319000088190000
b0190000bf190000cc190000d1190000d9190000e2190000ec1900005f1a0000ed1a0000121b00003d1d0000581d0000
641d00006c1d0000d01d0000df1d0000f11e00001e1f00008f1f00009e1f0000da1f0000f01f0000152000001c200000
452000004d200000642000003f220000972200008c2300000c270000122700003727000059280000ff2900000d2a0000
892a0000402b0000a12b0000a52b0000c3300000f6300000303300004f33000050330000a73400000036000002360000
22360000473600006537000075370000dc38000053390000f9390000553a00001f050000c00800006a090000a60b0000
360c00005e0c00006e0c0000080e0000d00f0000741000003e120000df12000032130000001400003c140000d11a0000
3e1b00007b1b0000971b0000c61b0000ea1b0000151c0000b01c0000e31c0000031d0000e61d0000341f00005a1f0000
c81f000037220000be22000033230000a4240000cf240000002500000a2b0000862b0000962b00003f2d0000af2d0000
cc2d0000192e00007e2e0000982e0000a52e0000b52e0000e52e0000f32e0000632f00008e2f0000c7310000e6310000
1232000078320000f200000096010000000200002802000037020000e408000077090000ce0900008c0d0000a90d0000
af0d00004a100000e31200003f180000581800006018000065180000a3190000db190000891d0000a91d00006b1e0000
27000000a0000000c4000000d7000000a70100009d020000d6020000e902000087050000b3050000fd05000032060000
7e06000028070000ff090000f80c00006b15000010180000201800007318000037190000691d0000a4000000d3000000
f80000004a01000099010000d50100004f0200007602000086020000c9020000ab030000f504000020050000a3050000
b2050000d90500000a0600001b0600003d0600008d060000a5060000a7060000b106000012070000370700003c070000
44070000a907000020080000c5080000c9080000fa0800006f0900007a090000e6090000a70b00003b0c00005f0c0000
730c0000fd0c0000370d0000b60d0000cb0d0000d30d0000d10f000022100000481000004e10000059110000f1120000
58140000f014000012150000591500007615000012160000a91600001b190000301900003b190000541900005a190000
7219000096190000661a00008b1a00009b1a0000bc1a0000cc1a0000ed1a00001a1b0000d21b0000811d0000b41d0000
8f1e0000cd1f00003c220000c3220000fc220000382300009e230000a5240000b6240000d0240000ed24000002250000
4c2500002427000096270000bc270000622800009f280000712c0000872c0000ac2c0000c72c0000402d0000902d0000
322e0000422e0000642f0000752f00008f2f0000ac2f000015300000503000007a320000c9320000470000005d000000
8e010000fe020000570300007603000086050000490600008406000019080000870800006f090000fe0900004e0a0000
610a0000cf0a00003c0b0000430b0000600b0000790b0000920b0000b10b00009e0c0000e40d00004810000003110000
741300002b14000024170000b0170000fd170000051800003a18000078180000901800009b180000001a0000091a0000
241a0000421a0000481a0000521a00005f1a00006a1a0000371f0000841f0000c9220000ba2300004700000055000000
2a0100000c020000390300007803000086050000fc0500007c060000b7060000ba0700001c08000038080000fa090000
340a0000610a0000850a0000f40a0000310b0000450b0000760b0000b30b0000ac0c0000020e00004212000039130000
fc130000381400000d150000291500004c150000a2150000a11600004d1700005e1700007817000095170000b9170000
f617000002180000871800008a180000f4190000f51900003f1a0000411a0000581a00005a1a00000f0000002d000000
dd00000003010000f4010000940200009b020000a2020000a3020000ee020000ad0d0000da0d0000471500006f150000
671800006918000026000000920000009b000000c3000000f80000005c01000068010000a20100004002000048020000
c2020000c5020000d1020000d5020000e4020000e8020000180300003c03000086050000fc050000490600007c060000
84060000b7060000ba070000190800001c08000038080000870800006f090000fa090000fe090000340a00004e0a0000
610a0000850a0000cf0a0000f40a0000310b00003c0b0000430b0000450b0000600b0000760b0000790b0000920b0000
b10b0000b30b0000730c0000de0c0000370d0000b60d0000f20d00004810000003110000421200003913000074130000
fc1300002b140000381400002715000037150000591500007a1500007e15000099150000a1160000241700004d170000
5e1700007817000095170000b0170000b9170000f4190000f5190000001a0000091a0000241a00003f1a0000411a0000
421a0000481a0000521a0000581a00005a1a00005f1a00006a1a0000641d0000c01d0000371f0000841f00008f220000
97220000b5220000d9220000272300008c2300009323000097230000a6230000bd2300000c27000012270000143b0000
303b00004d3b0000983b0000be3b0000fd3b0000083c00000f3c0000113c00002c3c00000a3d00003c3d0000b13d0000
ce3d0000093e00000c3e0000f1040000e4050000a60900003f0c0000401000008e100000b11000001911000028110000
ed120000de1700008b1b0000991b0000fa1b0000011c00001c1c0000eb1d00007322000011250000372500005c250000
da2a0000eb2a00008a2b0000922c0000892d0000c2300000de3000000f31000011310000213100002c3100003f310000
683100006e310000bc310000ce310000da310000e0310000e931000017320000233200002c32000089320000b3320000
da32000066010000770100002b0200008508000095080000e7080000270d00009f0d0000a20d0000f3100000f6100000
321200003512000050150000dc16000034180000351800003818000061180000a41900009e1e00003620000023020000
5e180000d5010000200300000a060000c908000012090000da09000063150000e416000033190000de190000de1a0000
051c00000c1c00000e1c0000861e00008f1e0000412000008e270000ac2c00003e2e000032300000f2300000fa300000
c1310000ee31000007320000a5000000d6010000250300008e060000b8060000c9060000fc0600002f07000049070000
ca08000017090000c60c0000d90c0000750d0000131500006c160000141800004b1800007f1800009a190000fd1f0000
93270000680100007a0100007a020000a9030000f2040000e5050000aa060000b7060000c6060000db060000e1060000
09070000190700003a070000540700008708000098080000fe080000ab090000400c0000cc0c0000de0c00004f0d0000
9d0d0000f20d00008f100000b6100000d0100000f7100000fe10000003110000471100004d1100000f12000042120000
c1140000d11400003715000063150000501600006516000070160000e4160000df170000f11800002719000056190000
6a19000076190000cc1900008f1a0000c01a0000de1a0000f71a0000261b0000051c0000371c00001520000041200000
2f2100004c210000782200001225000020250000312500003825000053250000612500009d270000ad280000932c0000
3a2e000019300000293000002f30000040300000533000005d300000c3300000e2300000f63000001431000086310000
fa310000473200008a3200009b320000ad320000b4320000d1320000df320000fa32000093000000a7000000d6010000
23020000250300007d060000940600002a07000031070000ca08000017090000cd0c0000750d00006c1600000d180000
0f180000161800004b1800005e1800007f1800009a1900009327000073010000d9010000080400009d0400000c060000
e706000091080000cd080000a80900002a0d0000a10d00002c0f00004e0f000097100000a3100000b8100000c0100000
d1100000d4100000e2100000ec100000f8100000fa100000fb10000034120000b6120000ef120000641500008c150000
f115000076160000e51600001a170000e31800003419000060190000ce190000cf190000e11a0000fc1b0000fd1b0000
0f1c0000901e0000aa1e0000ae1e0000182000001920000099270000a0280000592b0000ae2c00003f2e000036300000
cb300000da300000f4300000f7300000f9300000fb300000be31000003320000083200002003000012090000da090000
de190000051c00000c1c0000861e000041200000c1310000ee3100009f000000de01000076020000a003000006040000
7d040000f304000026050000a205000091060000b2060000c2060000d7060000e3060000120700003b07000043070000
460700004e0700005c070000d2080000fa080000c40900003b0c0000d60c0000f20d0000a51000004212000095120000
d9120000151500001b15000006170000d61800001c190000d61900008b1a0000bc1a0000921e00002920000029210000
3f2100004a210000022500004c25000096270000a52700009f280000a1280000bb28000080290000542a0000702c0000
332e000024300000313000005730000066300000f631000032320000453200007a320000c9320000e4320000a4000000
de0100007602000020030000ad0300007d040000f80400008d0600009d060000a5060000a7060000b7060000d0060000
fb0600000207000012070000330700003607000037070000d2080000fa080000120900005c090000c4090000da090000
3b0c0000de0c0000f20d0000421200009c120000d9120000d618000054190000c1190000c3190000d6190000de190000
8b1a0000bc1a0000051c00000c1c0000861e0000921e0000f81f0000fc1f00002920000041200000292100003f210000
4a210000022500004c25000096270000a52700009f280000a1280000bb280000802900000d300000153000001d300000
4c3000004f30000050300000c1310000ee310000f631000032320000453200007a320000c9320000e4320000f1040000
a60900003f0c00008e10000019110000ed1200008b1b0000991b0000fa1b00001c1c0000eb1d00007322000011250000
37250000eb2a00008a2b0000c2300000113100002c31000068310000bc310000ce310000da310000e931000017320000
2332000089320000b3320000770100002b02000095080000e7080000a20d0000f3100000351200003818000061180000
a41900009e1e000036200000a5000000250300008e060000b8060000fc0600002f07000017090000d90c00006c160000
141800007f180000fd1f00007a0100007a020000a9030000f2040000aa060000b7060000db0600000907000019070000
3a0700005407000098080000fe080000ab090000400c0000de0c0000f20d00008f100000d0100000f71000004d110000
42120000d1140000501600006516000070160000f11800005619000076190000cc1900008f1a0000c01a0000261b0000
051c000015200000412000002f21000078220000122500002025000038250000532500009d270000ad28000019300000
2930000040300000533000005d300000c3300000f6300000863100008a3200009b320000b4320000d13200009f030000
c0030000f3030000f803000031040000710400007c040000a4040000030500001a05000032050000a1050000b0060000
da060000f40600004d0700005a0700006f070000da070000fb070000c3090000360c00005c0e0000040f0000580f0000
730f0000f10f00006a1000009f100000be100000d71000002411000049110000b2120000c8140000d6140000cc150000
251600002b1600006116000079160000b616000005170000151c0000111e0000171e00007a2000007b200000d8200000
da200000282100002c21000052210000552100006f210000002500001d2500001f250000ba280000c528000011290000
7b2900004f2a0000532a0000e32a00002a2b0000302b0000862b00006f2c0000602d0000a52d00002830000056300000
6430000079300000893000008f300000a3300000b2300000b8300000be300000d4300000d8300000e73000001d310000
3931000044310000533100006c31000089310000a9310000b6310000c7310000e631000012320000193200001b320000
31320000353200004d320000503200005a3200005b320000703200007332000078320000973200009a320000e3320000
ef32000005330000063300009d00000074010000da010000dc0100002802000095060000ba060000cc06000029070000
320700004807000092080000ce080000d0080000e4080000d40c0000e00c0000290d0000790d00007b0d0000f40d0000
b9100000d2100000f5100000231200002512000044120000191500008d15000077160000121800001318000037180000
4d1800004e180000601800009c1900009d190000a31900001a2000009b270000a2270000a3280000a4280000a7000000
250300007d0600002a070000170900006c160000161800007f180000a40000007a010000760200002003000024030000
ab030000f504000020050000a3050000590600008d060000a5060000a7060000b1060000e5060000fb06000012070000
370700003e070000460700005b07000098080000fa0800001209000016090000ab0900003b0c0000420c00008f100000
aa100000d0100000f7100000111100001b1500008b15000012160000571600005c160000651600007216000075160000
7f1600001e1900004119000054190000cc1900008b1a0000911a0000bc1a0000261b0000f81f00001520000001250000
022500004c2500004e25000096270000a52700009f280000a12800005b2a0000f52b0000712c0000d72c0000352e0000
482e000015300000343000005030000065300000c3300000f6300000063100008f310000793200007a320000c9320000
cc320000660000000b0100008e010000bd010000080300006c030000b20500008d060000fb06000044070000a9070000
ba07000020080000c9080000120900006f0900005a0a0000820a0000cf0a0000d60a0000410b0000620b0000a70b0000
ac0c0000bc0c0000110d00006f0d0000020e0000290e000048100000f11200003913000068130000fc1300000c140000
3814000058140000fa14000095150000a91600003c17000090170000ac17000009180000251800003a18000048180000
7c1800009718000067190000051a0000131a0000241a00002b1a0000461a0000541a0000661a0000e01f000061200000
d5210000292200003c220000f92200005027000029000000d900000003010000a50100009f020000f1020000040d0000
620d0000ad0d0000b30d00006d150000431800006a1800001b2700000e0000009302000066180000060000000b000000
37000000c6000000df00000069010000a3010000f00100008e02000092020000a5020000ab020000d6020000e9020000
3f030000760500002d060000ff090000910c00005d0d0000bc0d00006b150000f7170000221800003218000041180000
541800006b180000731800008d18000037190000922200009423000013270000a4000000d3000000f80000004a010000
5c010000d50100004f020000c902000020030000b20500008d060000fb06000044070000a9070000ba07000020080000
c9080000120900006f0900005a0a0000820a0000cf0a0000d60a0000410b0000620b0000a70b0000730c0000fd0c0000
230d0000370d0000850d0000b60d0000cb0d0000d30d0000140e000048100000f11200003913000068130000fc130000
0c1400003814000058140000121500005915000076150000a91600003c17000090170000ac17000067190000051a0000
131a0000241a00002b1a0000461a0000541a0000661a0000ed1a00007a1d0000f81f00004d200000d521000029220000
3c220000c3220000fc22000027230000382300009e230000c5230000242700008e2700002e3b0000493b0000983b0000
9f3b00000d3c00002e3c00009f3c0000d53c00000a3d00001d3d0000c93d0000f43d00000f3e0000853e00003f000000
1d0100004f010000e501000052030000560300009a030000b3030000ef0300000a0400005f0400006d04000074040000
95040000f7040000fc0400001f0500007e05000093050000c40500004806000068060000ad070000b3070000c8070000
d40700002d080000350800007d0800001b0900002709000084090000b3090000bb0900004b0a0000960a00009f0a0000
c20a0000ee0a0000370b00003b0b0000730b00008d0b0000910b0000fa0b0000b90c00002d0d0000ec0d0000230e0000
960e0000480f0000610f00006c0f0000001000009c1000001e110000a5110000fd110000791200008d120000a6120000
b9120000d6120000f81200000d130000381300005d130000a2130000fb1300000914000030140000371400003c140000
52140000771400000a150000221500009c150000a7150000c41500001f16000025160000fd1600003217000049170000
541700009217000098170000b3170000be170000a5180000cd180000d1180000d5180000e1180000f318000019190000
48190000c5190000d5190000171a0000811a0000371b0000df1c0000fc1c0000c51e00002b1f0000471f0000551f0000
0120000026200000732100007e2100008f210000f021000006220000a52200000923000021230000b3250000cb250000
5f26000078270000b427000054280000e92800002629000063290000b6290000e2290000132a00007f2a00009d2a0000
d52a0000bd2b0000d22b00000d2c0000202c0000612c0000e62c0000fd2c0000332d0000302e00004f2e00005a2e0000
6e2e0000d130000017310000353100006931000038330000dd3400002a350000af35000030360000393600006d360000
a336000087370000d33700000d38000079380000b538000006390000143900003939000046390000793900008c390000
a8390000b9390000c9390000d3390000ec3900000c3a0000133a0000683a0000a63a0000043b00005f3b0000093d0000
eb3e00009d3f00004c4000000d4100009c4100001d000000c7000000e7000000ec000000fb000000220100006a010000
b9010000f1010000990200009a020000d7020000e6020000ea020000000300004003000081050000c905000031060000
4b060000880800008e08000074090000b6090000000a00007c0b00009a0b00007e0c0000920c0000000d00000b0d0000
3d0d00005e0d0000600d00006a0d0000b20d0000ba0d0000bd0d0000db0d000003100000241000004c100000f2100000
f4100000d0120000f31200006e1500007015000026170000231800002a1800003318000055180000741800007a180000
8e18000039190000d31900005d1a0000641a00006e1d0000d81f00001e20000047200000932200009523000010270000
1427000035270000572800000600000037000000a3010000a5020000ab020000760500002d060000ff090000f7170000
411800006b18000037190000260000004f000000920000009b000000d30000000f0100007a010000a2010000b5010000
4002000048020000aa020000b3020000c2020000c5020000e40200008e030000a9030000f20400008e050000b2050000
b60500002c060000350600007c06000084060000190800001c080000980800009e08000048090000ab090000b4090000
ca090000040a0000250a0000340a00004e0a0000310b00003c0b0000740b0000760b0000920b0000c90b0000d50b0000
fd0c0000cb0d0000d30d00008f100000d0100000f710000084120000cb120000f1120000fb120000f11800008f190000
bb190000cc190000d1190000d9190000e0190000ee190000f5190000001a00003f1a0000421a0000581a00005a1a0000
5f1a0000741a0000ed1a0000121b00003d1d00006c1d0000da1f0000152000001c200000452000006c20000047220000
97220000b5220000e12200008c23000097230000a6230000472600009b2600000c270000122700003727000059280000
ee2900009c2b0000c3300000f63000000a36000069370000ad380000c5380000de380000ef390000fb3900008e3a0000
e23a0000143b0000fd3b0000083c0000093e0000660000008e010000080300006c0300008d06000044070000a9070000
20080000c90800006f0900005a0a0000cf0a0000410b0000620b0000a70b0000bc0c0000290e00004810000068130000
0c14000058140000a9160000091800003a1800007c18000097180000051a0000241a0000461a0000541a0000661a0000
e01f000061200000d5210000292200003c220000660000000b010000bd0100006c030000b20500008d060000fb060000
ba07000020080000120900005a0a0000820a0000d60a0000410b0000a70b0000ac0c0000020e0000f112000039130000
fc13000038140000fa140000951500003c17000090170000ac1700000918000025180000481800009718000067190000
051a0000131a00002b1a0000461a0000661a000029000000d900000003010000a50100009f020000f1020000ad0d0000
b30d00006d150000431800006a180000a4000000d3000000f80000004a0100005c010000d50100004f020000c9020000
20030000b20500008d060000fb06000044070000a9070000ba07000020080000c9080000120900006f0900005a0a0000
820a0000cf0a0000d60a0000410b0000620b0000a70b0000730c0000fd0c0000370d0000b60d0000cb0d0000d30d0000
48100000f11200003913000068130000fc1300000c1400003814000058140000121500005915000076150000a9160000
3c17000090170000ac17000067190000051a0000131a0000241a00002b1a0000461a0000541a0000661a0000ed1a0000
f81f00004d200000d5210000292200003c220000c3220000fc22000027230000382300009e230000c523000024270000
2e3b0000493b0000983b00009f3b00000d3c00002e3c00000a3d00001d3d0000c93d0000f43d00000f3e0000bd000000
470100008d010000fd02000036030000830300009f030000db030000ef03000002040000230400007c040000ed040000
0e0500001a0500001c0500002c0500007e050000f50500004806000050060000a6070000b3070000d7070000e6070000
ef0700002508000068080000dd080000300900004e0900006e090000b30900001f0a00006d0a00007e0a0000870a0000
ce0a00002e0b0000480b00005f0b0000730b00008d0b0000be0b0000f20b0000b90c0000080d0000490d0000230e0000
4c0e0000d20e0000480f0000530f0000e30f0000fd0f0000001000000910000029100000571000005c10000081100000
99100000171100007211000009120000501300005d13000089130000b213000003140000091400004814000052140000
60140000f51400003f150000881500000f16000015160000af160000b1160000cd16000072170000a4170000b7180000
be180000f8180000fe1800002c19000040190000be190000e8190000101a00007e1a00002f1b0000dc1c0000f51c0000
cc1e0000221f00003f1f0000441f0000d51f0000ed1f0000592000006020000074200000b1200000d7200000f8200000
21210000d2210000da2100002122000028220000342200003b22000089220000f1220000f8220000b5240000b6250000
d42500003227000070270000542800006f280000e92800004b2900009229000098290000fb2900000b2a0000dd2a0000
022b00003c2b00009e2b0000042c00002b2c0000a32c0000ce2c0000202d00003b2d0000522d0000622d0000792d0000
992d0000bc2d0000dd2d0000ee2d0000012e00001e2e0000472e0000672e0000742e0000ea2e0000012f00002a2f0000
342f00004d2f0000742f0000be2f0000ed2f0000ce3000000e3100002d310000663100004e330000b2350000fe350000
42360000653600008437000016380000d8380000ee3800002a390000f5390000033a0000183a0000453b0000143d0000
d13e0000923f00006640000018410000924100001700000042000000e0000000ec000000020100007001000093010000
ac010000b1010000e8010000fa0100008f020000a6020000af020000ed0200005f03000081050000c905000031060000
4b060000880800008e08000074090000b6090000000a00007c0b00009a0b0000980c0000ff0c0000030d0000330d0000
3b0d0000630d0000650d0000820d0000b20d0000c00d0000cd0d0000d50d000003100000241000004c100000f2100000
f4100000d0120000f3120000251500007c1500008015000026170000fb170000361800003e1800004418000045180000
52180000571800006d1800009518000039190000d31900005d1a0000641a0000861d0000b22200009c23000017270000
1d270000c1270000572800000b000000c600000092020000d6020000e9020000760500002d060000ff0900006b150000
22180000731800003719000026000000920000009b000000c3000000f80000006801000099010000a201000040020000
48020000c2020000c5020000d1020000d5020000e4020000e80200003c030000a9030000f204000086050000aa050000
e5050000fc05000041060000490600005f0600007c06000084060000190800001c08000087080000c50800006f090000
7a090000fa090000fe090000340a00004e0a0000310b00003c0b0000760b0000790b0000920b0000b10b0000610c0000
730c0000370d0000b60d0000d10f000022100000481000004e100000b6100000fe100000031100002715000037150000
591500007a1500007e1500009915000024170000b0170000f11800002219000027190000301900003d19000046190000
96190000f5190000001a00003f1a0000421a0000581a00005f1a00006a1a00009d1a00001a1b0000641d0000811d0000
8f22000097220000b52200008c230000932300009723000094240000e82400000c27000012270000c427000055280000
7a2a0000c52b0000772c0000932c0000cb2c0000dd2c0000402d0000902d00003a2e0000442e00004d2e0000532f0000
a72f0000143b0000fd3b0000083c0000093e0000ee030000220400006c04000050050000f4050000920a0000dd0b0000
530e0000d70e0000270f0000340f0000560f0000f80f0000101000004510000073100000861000006c110000b9110000
2c130000ea130000fe150000241600004a160000ee170000651b00009b1b0000cf1b0000861c0000ad1c0000f41d0000
381e00002724000059240000f72400003e260000a7260000c1260000c42a0000fa2a0000fe2a0000712b0000a22c0000
1f2d0000692d00008e2d0000ae2d0000c12d0000e42d0000f12d0000152e0000182e0000212e0000ad2e0000fd2e0000
b62f0000fc3300003a3400005334000069360000e436000024370000bc370000243a0000473a00005a3a0000853a0000
5b3b00005d3c00006e3c0000f73c0000873d0000953d0000df3d0000193e0000e83e00008b3f0000cb3f0000d43f0000
144000009440000096400000d84000003e410000310100008b0100001002000000060000bd0600006c0900009c0a0000
cc0a0000ff0a0000310d0000990d0000a70d000004100000491000004d100000e410000093110000e1120000a6130000
ed130000f91300005515000015170000801700002f1800003c1800003d1800005c180000311900001b1a0000261a0000
271a00003a1a0000691f0000891f00005b23000033020000ca0900000b0b000063180000d91900003d1a0000e5010000
52030000a1040000ae04000010060000f2060000b3090000ee0a0000fb0a0000370b00008d0b0000e80f000036100000
53100000ef100000681500001d1700008c170000e5180000e91800003619000063190000381a0000e61a0000ca1b0000
dc1b0000c11c0000dc1c0000f51c00005c1e00007c1e0000221f0000731f000079230000b427000054280000e2290000
642b0000b22c0000272d0000572d0000952d0000412e00006c2e0000822e0000d62e0000a130000064310000c6340000
8336000093370000c53b0000023e000047410000c80500008c080000960b00008d0c0000ef0c00001c0d0000060e0000
0a0e0000330e00003a1000005b11000033120000351300007d1300008d130000fe13000001140000131400003a140000
3d14000062140000c2170000d81a0000e81a0000421b0000b11c0000c31c0000e51c0000071d0000381f0000651f0000
811f0000921f0000ca22000052230000b7230000c90b0000301b0000dd1c0000f61c0000231f00008a22000008020000
59180000b90100009902000005060000cb060000e4080000ca0c0000870d0000c60d0000e6100000941100005d150000
32190000a3190000e01a0000001b0000161b00001c1b0000491d0000661d0000ca1d00008a1f000010270000eb000000
210100006e010000ab0100005b030000c805000000060000bd0600008c0800006c0900009c0a0000cc0a0000ff0a0000
960b0000850c0000c90c0000010d00000c0d0000210d0000380d00003e0d0000860d00008b0d0000940d0000a00d0000
b70d0000bb0d0000c50d0000041000003a100000491000004d100000e41000005b1100009311000033120000e1120000
351300007d1300008d130000a6130000ed130000f9130000fe13000001140000131400003a1400003d14000062140000
5b1500007f150000ab1500001517000080170000c2170000311900001b1a0000261a0000271a00003a1a0000d51a0000
df1a00001b1b0000b11c0000c31c0000e51c0000071d0000651d0000b91d0000c91d0000d31d0000381f0000651f0000
691f0000811f0000891f0000921f0000102300002a2300002b2300007c2300000f270000653b0000953b0000c93b0000
a23c0000fa3c0000063d00000e3d0000123d0000243d0000b93d0000043e0000513e0000e40200008e030000ca090000
0b0b0000c90b0000d91900003d1a0000ed1a0000121b0000dd1c0000f61c00003d1d0000231f000087230000d53b0000
073e00007c0400006a090000ca0a0000a60b0000ed0b0000360c00006e0c0000080e0000ba110000df1200002d130000
32130000f7130000001400003c14000003160000d11a00003e1b00009c1b0000151c0000871c0000ae1c0000b01c0000
e31c0000031d0000f51d0000341f00005a1f000037220000be22000033230000002500003f260000a8260000fd260000
d12a0000762b0000862b0000c7310000e63100001232000078320000fd33000054340000e5360000bd370000253a0000
483a00005b3a0000863a0000933b0000043d0000cc3f000015400000f20000003f010000000200001502000028020000
05060000cb060000e40800008c0d00009b0d0000af0d0000e61000009411000031180000581800005d18000060180000
32190000a3190000891d00008a1f00006923000040000000e6010000570300007f050000c70500004d06000082080000
b4090000f70900004c0a0000ef0a00003c0b00007f0b0000920b0000940c0000eb0c00007d0d0000cb1200004c130000
79130000dc1300002315000055170000f91700005018000090180000d1190000fe190000321a0000421a00005f1a0000
301f0000aa220000b927000059280000e7290000890000002701000087010000180200001603000075030000b5060000
80070000f4070000020800001c0800003608000068090000620a0000830a0000c80a0000f50a0000420b0000680b0000
b00b0000661400000218000087180000f51900003f1a0000581a0000401f0000ee1f00005a200000db21000022220000
35220000f222000071270000ea280000992900001e000000db00000000010000ba010000f60100009b020000a1020000
f6020000660d000046180000671800001e270000130000008c020000080000002f00000057000000cc00000062010000
ef0100004102000056020000b4020000cf020000e2020000450300008f0500007e0600002807000083080000f8090000
800b0000ce0b00006d1a0000982200008d2300000d2700001900000080000000cb000000ea0000002001000061010000
b5010000d20100004002000048020000c5020000ce020000e1020000e802000002030000440300007f050000c7050000
4d060000b506000080070000f4070000020800001c080000360800008208000068090000b4090000f70900004c0a0000
620a0000830a0000c80a0000ef0a0000f50a00003c0b0000420b0000680b00007f0b0000920b0000b00b0000840c0000
d00c0000d30d0000370e0000cb1200004c13000079130000dc130000661400000f15000055170000d1190000f5190000
fe190000321a00003f1a0000421a0000581a00005f1a0000581d00006c1d0000301f0000401f0000da1f00001c200000
45200000db210000222200003522000097220000ad220000492300008c230000972300000c2700001227000037270000
8627000059280000ea28000099290000e7290000253b00004a3b0000913b0000b83b0000bf3b0000083c00000e3c0000
343c0000e53c0000fb3d0000093e00008a3e00002700000050000000a0000000d7000000a70100009d020000e9020000
930300008f0500007e0600002807000083080000f8090000800b0000ce0b0000a10c00006b150000fe17000010180000
9e1800006d1a0000e62200004f0100008d0100005f0200009a030000bc030000ef0300000a040000230400006d040000
7404000083040000f70400001f05000051050000c4050000e1050000f505000018060000580600009a0600000f070000
62070000a6070000ad070000b20800005b0900006e090000e30900000b0a0000960a00009f0a0000ce0a00001d0b0000
de0b00002d0c0000b30c0000f10c0000570d0000a50d0000190e0000700e0000480f00006c0f0000c80f0000fd0f0000
1510000036100000571000005c10000078100000ca1000003f1100005611000090110000b9120000df12000038130000
501300007f130000c3130000f7130000fb13000003140000371400004814000094140000e31400003f15000068150000
b2150000251600004b160000561600001d170000721700008c170000ef170000aa180000be180000d1180000d5180000
da1800000a1900002c190000511900006d1900007c190000171a0000761a0000a51a0000e61a0000fc1a0000371b0000
6e1c00009b1c0000c11c0000cf1c0000df1c0000f51c0000fc1c0000631e0000471f0000731f00000021000019210000
0923000079230000ca240000fc24000008250000e82500004c26000093260000b3260000c62600003a2700005c280000
87280000df280000ae290000462a0000ff2a0000b12b00008f2c0000a32c0000d62c0000202d00006e2d0000992d0000
b32d0000672e0000c72e0000092f0000222f0000892f0000bb2f0000d62f00000a3000006c30000085300000aa300000
b43000004d3100009e31000014320000803200001c330000cd330000213400002d34000050340000a1340000b0340000
bb340000cb340000cd3400006d360000873700002b380000933a0000da3a00005f3b0000093d0000e93e0000383f0000
653f00008c3f00009b3f0000d93f000021400000a0400000a8000000d5000000e7000000fa000000020100004c010000
5e010000240200004b02000053020000cb02000022030000c905000088060000040700002d070000aa070000bc070000
220800008e080000e008000014090000970b0000920c0000ff0c0000240d00003f0d00005e0d0000870d00008d0d0000
b10d0000bd0d0000cd0d0000d50d0000160e0000bc100000f210000087110000f3120000451400004e14000068140000
5d150000c31700000e1800005518000070180000691900006e190000631a0000f11a0000001b00007c1d0000941f0000
fa1f00004f200000cf220000002300002923000057230000a2230000c72300002227000090270000b628000093000000
4102000056020000c3020000940600001a080000ce0b00006d1a0000982200008d2300000d270000a4000000d3000000
f80000004a0100005c010000d50100004f0200006402000076020000c9020000ad0300007d040000f80400001d060000
8d0600009d060000a5060000a706000012070000370700004407000072070000a7070000a9070000ba07000020080000
b3080000c9080000fa0800005c0900006f090000e40900000c0a0000cf0a0000a70b0000ee0b00002e0c00003b0c0000
730c0000c00c0000370d0000b60d0000d30d0000370e0000481000004311000039130000fc1300003814000058140000
66140000a1140000121500005915000076150000a9160000d6180000521900005419000081190000241a0000661a0000
7b1a00008b1a0000aa1a0000bc1a0000ed1a0000451b0000f61c00000a1d00003c220000c3220000fc22000027230000
38230000872300009e23000002250000182500004c250000e92500004d26000094260000b42600000227000024270000
48270000962700006a2800009f280000472a0000b22b00000d30000015300000503000007c3000007a32000090320000
c9320000d1330000a2340000b53400002c380000943a0000db3a0000983b00000a3d0000224000005d000000be000000
e601000033020000570300008e050000b60500002c060000350600008406000019080000b4090000ca0900004e0a0000
6e0a0000ef0a00000b0b00003c0b0000920b0000f20c00007d0d0000cb12000080130000dc130000051800001d180000
1f180000501800006318000090180000d1190000d9190000001a00000b1a00000d1a0000321a00003d1a0000421a0000
5f1a0000b927000059280000e729000055000000be000000480100003703000039030000840300008e0500007c060000
a7070000f40700001c080000340a00006e0a0000880a00002f0b0000310b0000490b0000740b0000760b0000bf0b0000
c90b0000661400000218000087180000f51900003f1a0000581a0000301b0000dd1c0000f61c0000231f0000401f0000
ee1f00005a200000db21000022220000352200008a220000f222000071270000ea280000992900000f00000031000000
e1000000ba0100000802000090020000940200009b020000a7020000660d00004618000059180000671800001e270000
260000004f000000920000009b000000d30000000f010000a2010000b5010000d20100004002000048020000aa020000
b3020000c2020000c5020000e40200008e0300008e050000b60500002c060000350600007c06000084060000a7070000
f4070000190800001c080000b4090000ca090000340a00004e0a00006e0a0000880a0000ef0a00000b0b00002f0b0000
310b00003c0b0000490b0000740b0000760b0000920b0000bf0b0000c90b0000c00c0000d30d0000370e0000cb120000
80130000dc13000066140000d1190000d9190000f5190000001a00000b1a00000d1a0000321a00003d1a00003f1a0000
421a0000581a00005f1a0000ed1a0000121b0000dd1c0000f61c00003d1d00006c1d0000231f0000401f0000da1f0000
1c20000045200000db210000222200003522000097220000b5220000e1220000e522000049230000872300008c230000
972300000c27000012270000372700008627000059280000ea28000099290000e7290000143b0000323b0000513b0000
b83b0000d53b0000fb3b0000fd3b0000083c0000153c0000e53c0000fb3d0000073e0000093e00008a3e0000bd000000
470100008d010000fd0200003603000083030000d1030000000400000a0400003f040000c5040000cc04000008050000
3d0500007e05000048060000a6070000b3070000c8070000ca070000d7070000e4070000ef070000560800005f080000
6e090000b30900004b0a0000600a00006d0a0000870a0000ce0a0000ee0a0000f30a00002e0b0000370b0000480b0000
5a0b00005f0b0000730b00008d0b0000be0b0000b90c0000080d0000490d0000230e0000960e0000da0e0000610f0000
6c0f0000e50f0000001000005c10000089100000991000001711000072110000ea1100005d1200008d1200000d130000
5d1300008413000089130000a2130000b213000009140000481400005214000060140000a9140000bc1400003f150000
8815000003160000b1160000c21600005417000072170000a417000079190000f31900002f1b00007d1b0000dc1c0000
f51c0000e51e0000221f00002b1f00003f1f0000441f0000d51f0000ed1f0000592000006020000085200000dd200000
88210000cd210000d2210000da2100002122000028220000342200003b22000089220000f1220000f8220000ec230000
23240000712400008e24000085250000982500003227000070270000d227000054280000e92800008d29000092290000
98290000e2290000352a00003e2a00009d2a0000a22a0000dd2a0000f82a0000242b00004a2b0000b42b0000e62b0000
232c00003e2c0000542d0000c42d0000ce3000000e3100002d31000066310000383300003b3300006c33000075330000
8b3300009f330000b43300007f340000ad340000cc340000f13400000135000034350000573500007e35000092350000
5e3600008136000093360000d1360000fc3600007d370000ef3700008e3800004639000079390000b9390000243b0000
b73b0000bd3b0000033c0000263c0000953c00007d3e0000253f000064400000b3400000e04000000741000016410000
54410000a94100001700000061000000e0000000ec000000020100002201000070010000ac010000b1010000c6010000
fa0100008f020000a6020000ba020000ed0200005c030000c905000088060000040700002d070000aa070000bc070000
220800008e080000e008000014090000970b0000b60c0000c20c0000030d0000180d00003b0d0000630d0000650d0000
740d0000b20d0000d50d00001f0e0000390e0000bc100000f210000087110000f3120000451400004e14000068140000
0315000080150000ac150000c3170000071800002a1800003618000044180000451800004a1800005718000071180000
94180000691900006e190000631a00004d1d0000d51d0000941f00002c230000172700001d27000068270000b6280000
0b0000006d00000092020000e902000093030000940600001a080000ce0b00006b1500000a1800009e1800006d1a0000
260000004f000000920000009b000000c3000000f80000005c01000068010000a20100004002000048020000c2020000
d5020000e4020000e80200003c030000620300008e03000092030000ad0300007d040000f8040000860500008e050000
9605000049060000780600007c06000084060000ba070000d50700000208000019080000270800002e08000036080000
6c0800006e0800007e0800008708000028090000350900006f090000fe090000cf0a0000740b0000790b0000920b0000
9d0b0000b10b0000c90b0000cd0b00000a0c0000730c0000370d0000b60d000048100000a0100000031100002b110000
39130000fc130000381400000f1500002715000037150000591500007a1500007e15000099150000aa15000024170000
b0170000c1170000d61800001a1900004d19000088190000b0190000241a00005f1a00006a1a0000861a0000451b0000
0a1d0000581d0000d01d00008f1f00008f22000097220000e1220000272300008c23000093230000b4250000cc250000
0c2700001227000086270000ea2800000d2a0000232a0000802a0000d62a0000a52b0000be2b00000e2c00005c2c0000
642c0000f62c0000312e0000542e0000d53000002431000050330000b0350000023600003a3600004736000075370000
0e380000983b00000a3d00009d41000008040000f4040000c3060000d8060000e40600003d07000045070000d70c0000
f50d0000830e0000a61000004512000099120000db12000054130000181400001615000040170000a3180000d7180000
df1800001d190000d71900008d1a0000931e00002a200000402100004b210000fd2100004d25000099270000a0280000
9e290000342e0000582e000025300000333000002f310000f731000046320000cb32000062390000a0390000113a0000
953f0000fb06000033070000c1190000f81f0000c22100004c300000fe390000a1010000a90200002b060000d1000000
0d010000b1010000f1010000b1020000b6020000f0040000b0050000b405000033060000290700009c080000b2090000
020a00002d0b0000720b0000e50c00007c120000421800006c18000038190000b9190000e6190000f8190000d11f0000
542000002f2200009d2200009a2b000008360000c3380000f3390000f93b0000f50d000045120000db12000018140000
d7180000df180000d71900008d1a0000931e00002a200000402100004b210000fd2100004d25000099270000a0280000
9e290000f731000046320000cb320000a0390000113a0000953f0000421800006c18000038190000e619000054200000
2f2200009a2b0000f3390000a104000002050000cf0600006b070000971200007e160000e2230000582a0000f02b0000
1c300000753000008e300000b73000008e310000af31000060390000823c000071400000ed400000b906000030070000
db0c0000601300006d1600001518000081180000031a00004c1a0000090100006a030000b0050000800a00003f0b0000
a50b0000931500008e170000aa170000d10000002c01000000020000bd020000b0050000b906000030070000800a0000
3f0b0000a50b0000e50c00006013000046150000721500006d1600008e170000aa170000031a00004c1a0000ba220000
ad230000473b00000b3c0000c73d0000f50d0000d1100000f81000004512000018140000d3140000f21800000e190000
ce190000901a000018200000e021000021250000542500009e270000ae280000bb290000f73000009c320000d2320000
063a00004c3f0000a03f0000060e000072100000f412000007130000fe1300003a1400002618000098180000141a0000
471a0000671a00006e240000da270000862a0000f22a0000302c0000332c0000ad2d0000172e000040390000c7400000
1b410000b1410000290100008b01000077030000ed030000210400000a05000018050000f3050000b60600006c090000
1b0a00007a0a0000840a0000cc0a0000440b0000b20b0000f40f00003d13000069140000dd14000089180000401a0000
591a0000421f00005e200000ae200000d52000001f2100002622000039220000f6220000b3240000f2290000332b0000
002c0000132c0000a12c00001e2d0000e82e0000282f00004b2f0000722f000061360000d438000026390000413b0000
104100008e410000370300005e0600002f0b0000740b0000672a0000dc2c00002f2d0000900200002b0600001a180000
66010000f1010000b6020000d3020000e6020000f0040000e30500003f060000470600002907000085080000fc090000
2d0b0000720b0000ae1000001e15000020190000f81900006f1a0000951a00009d22000091230000e624000010270000
ac27000053280000912c0000c92c0000a52f0000f93b00006f1a0000951a000091230000e624000010270000ac270000
53280000a52f000069140000dd14000089180000401a0000591a0000421f00005e200000ae200000d52000001f210000
2622000039220000f6220000b3240000332b0000002c0000132c0000e82e0000282f00004b2f0000722f000010410000
8e410000050f0000590f0000740f00007c0f00006b100000bf10000025110000b4120000ca140000cd15000062160000
121e0000d920000054210000072400002b2400001e250000e42a00002b2b0000a62d0000242e0000d93000001e310000
453100006d310000aa3100001a3200004f32000072320000993200007d3900008d3d00009a3d0000123e0000293f0000
be400000704100007e160000f02b00008e310000af310000ed4000006d160000811800004c1a0000d1100000f8100000
131100008c150000131600005d16000073160000761600009b170000fc18000042190000ce1900008d1a000018200000
e02100004d25000099270000a02800009e290000492e0000722e0000f73000000831000072310000cb320000063a0000
953f0000931500008e170000aa17000046150000721500006d1600008e170000aa1700004c1a0000ad230000c73d0000
060e00007210000045120000fe130000181400003a1400002a150000a31500001d16000022160000301700005b170000
5f17000096170000ba17000089180000401a0000591a0000f22a0000c92b0000002c0000132c0000ad2d0000172e0000
4e370000c7390000ea390000293d0000104100008e4100008a0e0000581300002014000044170000a4180000e0180000
01220000a6290000592e0000313100006b390000a3390000123a0000983f0000eb0000002101000065010000d2020000
e5020000c805000084080000fb090000d60d0000cd120000d2190000611a00006d1d00001d2000004620000090230000
0f270000a2010000aa0200002c060000f1040000b10500009d080000b3090000030a00002e0b0000730b0000ed0c0000
7f120000ba190000e9190000fb190000d51f00005c20000037220000a52200009b2b000009360000c4380000f6390000
fa3b000020140000e018000001220000a6290000a3390000123a0000983f0000d60d0000cd120000d2190000611a0000
6d1d00001d20000046200000902300000f2700002f0d0000240e0000490f00006e0f0000011000001f110000fe110000
a7120000ba120000f912000011130000fd13000039140000531400009d150000b4170000d218000049190000c6190000
181a0000022000000b2300009e2a0000d72a0000c12b0000502e000018310000a43600003a3900004a3900000d3d0000
e91900005c200000372200009b2b0000f639000063130000041a00004f1a00000a0100006b030000b1050000810a0000
400b0000a60b0000941500008f170000ab170000d80000009e0200006c150000b1050000810a0000400b0000a60b0000
ed0c0000631300008f170000ab170000041a00004f1a0000be220000b5230000483b00000c3c0000c83d000020140000
0f190000e8210000bf290000093a00004f3f0000a13f0000380d0000b70d0000d60d0000491000005a140000671a0000
fd2200009f23000025270000731000000f1300006f240000dc270000872a0000fa2a0000342c0000ae2d0000182e0000
48390000ca4000001c410000b34100002b0e0000491000005a1400003c18000098180000671a0000ee03000022040000
0b05000019050000f40500001c0a00007b0a0000f80f000043130000e5140000b0200000d620000020210000b4240000
f6290000372b0000012c00001b2c0000a22c00001f2d0000e92e0000292f00004c2f0000732f000062360000d5380000
27390000423b0000134100008f410000c805000084080000fb090000950c0000ef0c00007f0d0000cd120000fa170000
5118000092180000d2190000611a00002c0600001d180000f1040000e405000040060000480600002e0b0000730b0000
b11000002215000021190000fb190000981a0000a5220000e7240000b427000054280000922c0000ca2c0000a62f0000
fa3b0000580d00001b0e0000490f00006e0f000016100000581000005d100000cb100000ba120000fd13000039140000
4a14000095140000e714000040150000d21800002d190000181a0000771a00000b230000cb240000ea25000097260000
3b2700005d2800006f2d00009a2d00008a2f00002f380000de3a00000d3d0000981a0000e7240000b427000054280000
a62f0000e5140000b0200000d620000020210000b4240000372b0000012c00001b2c0000e92e0000292f00004c2f0000
732f0000134100008f4100007f0d0000cd1200005118000092180000d2190000611a0000800f00000b2400002f240000
282e0000833900008e3d0000a13d0000133e00002f3f0000bf4000007141000097130000d0130000221400001e1a0000
2e1a00004f1a00009f170000fd180000e8210000a6290000732e000075310000093a0000983f0000090d0000240e0000
011000005d1000008a1300000a1400004a140000531400004015000073170000411f00005d2000002522000038220000
f5220000941500008f170000ab1700006c150000380d0000b70d00004910000005110000381500007b1500007f150000
25170000611a0000902300000f2700002f0d0000df0d00001b0e0000011000005d1000008a13000097130000d0130000
0a140000221400004a14000053140000731700001e1a00002e1a0000411f00002522000038220000142300003c230000
9d3c0000d93c00001b3d0000333d0000f73d00008f170000ab1700004f1a0000b5230000c83d00007310000020140000
1e16000024160000311700005c170000fa2a0000cd2b0000012c00001b2c0000ae2d0000182e00004f370000c8390000
eb390000313d0000134100008f410000e60d00004910000005110000251700003c1800007918000092180000611a0000
b10500006a090000810a0000ca0a0000400b0000a60b00006e0c0000ed0c0000040e00002d1300003213000063130000
7b1300008f170000ab170000b0180000041a00002a1a00004f1a0000341f00005a1f00007f1f00002422000037220000
be22000033230000b5230000e5360000f5360000823700008e37000097370000483b0000933b00000c3c0000d03c0000
c83d0000f33d0000d1000000f20000002c0100003f01000000020000bd020000b9060000cb06000030070000ae0d0000
46150000721500006d1600009b190000741d0000891d00004a200000f0010000b502000064010000a2010000aa020000
d1020000e4020000fc0500002c06000036060000ca090000fa090000060a0000c80c0000831900008c1900003d1d0000
641d0000c81d00008f2300000e270000c02c0000143600006537000072370000040e00008f170000ab1700002a1a0000
4f1a00005a1f00007f1f0000242200003722000033230000b52300008e37000097370000d03c0000c83d0000f33d0000
ae0d000046150000721500006d1600009b190000741d0000891d00004a200000250d0000380d0000b70d0000ce0d0000
d60d00000d0e00003a0e000023100000491000004f1000005812000068120000cd120000f4120000fd1200003a140000
401400005a14000069140000f21800009019000098190000b5190000671a00006d1d0000841d0000d81d0000971f0000
fd2200002a2300009f23000025270000a62a0000b82a0000ad2b0000912d0000a9360000cb360000dc3600006a370000
7a370000c81d00008f2300000e27000072370000b1050000810a0000400b0000a60b0000ed0c0000631300007b130000
8f170000ab170000b0180000041a00004f1a0000341f00007f1f0000be220000b5230000f53600008237000097370000
483b00000c3c0000c83d0000d10000002c01000000020000bd020000b90600003007000046150000721500006d160000
380d0000b70d0000d60d00003a0e000023100000491000004f100000681200005a14000069140000f218000098190000
b5190000671a0000841d0000d81d0000971f0000fd2200009f23000025270000a62a0000ad2b0000912d0000dc360000
7a370000eb0000002101000065010000d2020000e502000008040000f4040000c0050000c8050000d5050000b6060000
84080000a8080000cb090000fb090000070a0000d20c0000f60c0000ce0d0000d60d0000e0110000f71100002f120000
cd120000f4120000d718000085190000a1190000b2190000d2190000611a0000411d00006d1d0000981d0000d31d0000
5f1e0000061f0000921f00001d2000004620000017210000902300000f270000a62b0000832c0000c32e0000202f0000
153600006737000077370000a2010000aa020000fc0500002c060000360600008c190000641d0000c02c0000ce0d0000
d60d00002f120000cd120000f4120000d7180000a1190000b2190000d2190000611a00006d1d0000981d0000d31d0000
5f1e0000061f0000921f00001d2000004620000017210000902300000f270000a62b0000c32e0000202f000077370000
2f0d0000df0d00001b0e00009a0f0000011000005d1000008a13000097130000a4130000d0130000051400000a140000
22140000291400004a1400005314000073170000c6180000dc1800001e1a00002e1a0000411f00004e1f00005e1f0000
2522000038220000142300003c230000053700001a370000313700008b370000903700009d3c0000d93c00001b3d0000
333d0000f73d00008f170000ab1700004f1a00007f1f0000b523000097370000c83d000046150000721500006d160000
380d0000b70d0000f50d000023100000491000004f10000005110000451200004e120000381500007b1500007f150000
13160000d016000015170000251700002817000098190000aa190000b2190000611a0000841d0000b91d0000d31d0000
921f0000902300000f270000a62b0000912d0000c236000070370000773700002c060000fa0900008c0c0000f6170000
1d18000088180000f41900000b1a00002801000037030000760300002f0b0000430b0000740b0000b10b000088180000
dc00000090020000a20200006818000064010000a2010000aa020000d1020000e40200002c060000fa0900002f0b0000
430b0000740b0000b10b0000c80c0000f41900000b1a00008f220000e12200008f2300000e2700004b3b0000fb3b0000
0f3c00000a3e0000040e0000731a0000981a0000f4220000e72400009626000032270000b42700005428000092290000
e2290000a62f00002e380000dd3a00000c3d0000913f0000a83f00005f0d0000ae0d0000be0d00005c1a00006f1a0000
0123000091230000a32300001027000017270000941500008f170000ab1700005c2000002422000037220000f4220000
022c0000072c00003f2c0000572c00000f310000c93600000c4100002341000090410000954100005f0d0000110e0000
6c15000034180000421800008c180000a01800005c1a00006f1a0000f1040000b10500009d080000b3090000030a0000
2e0b0000730b0000ed0c00007f1200007b130000b6180000ba190000e9190000fb1900002b1f0000d51f00005c200000
d22100002422000037220000a52200009b2b0000093600007f370000c438000073390000f6390000023a0000193a0000
fa3b0000d10000000d010000b1010000f1010000b1020000b6020000b40500003306000029070000421800006c180000
38190000d60d00003a0e0000d1100000f8100000cd1200001c1300006914000013160000b2190000ce190000d2190000
ed190000611a00006d1d0000d31d0000921f0000182000001d200000462000006520000040220000902300000f270000
8a2a0000a22b0000a62b0000f73000007737000055390000fa3900000a0100006b03000074040000fd040000b1050000
cc0500006f0600005a070000810a0000400b0000a60b0000f5110000941500008f170000ab170000451900004f2a0000
772a0000c02b00007a2c0000ed2c0000072d0000342d00004c2e00006d2e000064300000b2300000d80000009e020000
b40500003306000029070000fa0c00006c15000012180000211800007518000038190000380d0000b70d0000ce0d0000
d60d000023100000491000004f100000f41200005a140000f21400001316000098190000671a00008d1a00009c1a0000
841d0000fd2200009f230000b7240000ee2400004d2500002527000099270000bd27000063280000a0280000912d0000
762f0000ad2f0000cb32000073100000201400001e16000024160000311700005c17000087240000fa2a0000cd2b0000
012c00001b2c0000ae2d0000182e00002f3700004f370000c8390000eb390000313d0000ea3d000094400000fe400000
0b410000134100008f410000e60d000049100000051100002d140000251700003c1800007918000092180000261a0000
441a0000531a0000611a0000060e000045120000fe1300003a1400002a150000a31500005f17000096170000ba170000
89180000401a0000591a0000380d0000b70d0000f50d0000491000000511000045120000fe1300002d1400003a140000
381500007b1500007f150000251700005f17000096170000ba170000261a0000401a0000441a0000531a0000591a0000
611a00002a230000902300009a230000be2300000f2700000e3d00003e3d0000cf3d00000b3e0000a104000002050000
cf060000f20600006b070000e80f0000971200007e16000053210000582a0000272b0000f02b0000572d00001c300000
753000008e300000a1300000b73000008e310000af3100004e3200007132000098320000b9060000cb06000030070000
ca0c0000db0c0000770d00006d160000151800004c180000811800009b1900000d180000fb060000330700003c070000
44070000121500001b190000c1190000f81f00008e270000322e0000323000004c300000ca320000500d0000f50d0000
d1100000f810000000110000051100001012000045120000c3140000d314000038150000f218000028190000ce190000
901a0000182000002125000033250000542500009e270000ae2800003b2e0000e3300000f73000009c320000af320000
d23200008e270000ca3200007e16000053210000272b0000f02b00008e310000af3100004e3200007132000098320000
770d00006d1600004c180000811800009b19000008040000f4040000c3060000d8060000e40600003d07000045070000
d70c0000f50d0000a61000004512000099120000db12000016150000d71800001d190000d71900008d1a0000931e0000
2a200000402100004b2100004d25000099270000a0280000342e00002530000033300000f731000046320000cb320000
fb06000033070000c1190000f81f00004c300000f50d000045120000db120000d7180000d71900008d1a0000931e0000
2a200000402100004b2100004d25000099270000a0280000f731000046320000cb320000a104000002050000cf060000
6b070000971200007e160000582a0000f02b00001c300000753000008e300000b73000008e310000af310000b9060000
30070000db0c00006d1600001518000081180000f50d0000d1100000f810000045120000d3140000f2180000ce190000
901a00001820000021250000542500009e270000ae280000f73000009c320000d2320000050f0000590f0000740f0000
6b100000bf10000025110000b4120000ca140000cd15000062160000121e0000d9200000542100001e250000e42a0000
2b2b0000a62d0000d93000001e310000453100006d310000aa3100001a3200004f32000072320000993200007e160000
f02b00008e310000af3100006d16000081180000d1100000f8100000131100008c150000131600005d16000073160000
7616000042190000ce1900008d1a0000182000004d25000099270000a0280000492e0000f730000008310000cb320000
731000000f1300006f240000dc270000872a0000fa2a0000342c0000ae2d0000182e000048390000bb390000963c0000
1f3e000094400000ca4000001c410000b3410000120d0000060e00002b0e000049100000f4120000fe1300000e140000
3a1400005a140000261800003c18000098180000141a0000261a0000471a0000671a000088180000941500008f170000
ab17000045190000e91900005c2000002422000037220000f42200009b2b0000c02b00004c2e00006d2e00000f310000
f6390000193a00000c3d0000681800005f0d0000be0d00006c15000034180000421800006c1800007518000038190000
250d0000380d0000b70d0000ce0d0000d60d000049100000f4120000fe1300000e1400003a1400005a140000141a0000
261a0000471a0000671a0000fd2200002a2300009f23000025270000a03c00000e3d00001f3d0000103e00008f230000
0e2700000a3e00002f0d0000240e0000490f0000630f00006e0f0000011000001f110000fe110000a7120000ba120000
f912000011130000a4130000fd1300000a14000039140000531400009d15000093170000b4170000ce180000d2180000
f418000049190000c6190000181a0000491f000002200000f12100000b2300009e2a0000d72a0000c12b0000502e0000
6f2e0000183100006a310000a4360000883700003a3900004a3900008d390000bd3900000d3a00000d3d0000e9190000
5c20000024220000372200009b2b0000f6390000193a0000421800006c18000038190000ce0d0000d60d0000d1100000
f8100000cd120000f4120000fd120000f218000090190000ce190000d2190000e1190000401a0000441a0000591a0000
611a00006d1d0000182000001d20000046200000902300009a2300000f270000f73000006a370000f03900000b3e0000
731000000f1300006f240000dc270000872a0000fa2a0000342c0000ae2d0000182e000048390000bb3900001f3e0000
94400000ca4000001c410000b34100002b0e0000491000000e1400005a1400003c18000098180000261a0000471a0000
671a0000060e0000f4120000fe1300003a1400002618000098180000141a0000471a0000671a0000380d0000b70d0000
ce0d0000d60d000049100000f4120000fe1300000e1400003a1400005a140000141a0000261a0000471a0000671a0000
fd2200002a2300009f230000252700000e3d00001f3d0000103e0000090d0000240e0000d30e0000490f0000540f0000
011000000a100000581000005d10000082100000181100000b1200008a130000051400000a1400004a14000053140000
401500001016000073170000bf180000f91800002d190000ea190000111a0000411f00005d2000002522000038220000
f5220000df2a0000032b00009f2b0000632d00009a2d0000bd2d0000ef2d00001f2e0000682e00001031000067310000
85370000f73900001a3a0000163d0000941500008f170000ab17000045190000c02b00004c2e00006d2e00006c150000
7518000038190000380d0000b70d000023100000491000004f1000000011000005110000381500007b1500007f150000
25170000f2180000281900003e19000098190000401a0000441a0000591a0000611a0000841d0000902300009a230000
0f270000912d00003b2e0000452e00000b3e0000ee030000220400000b05000019050000f40500001c0a00007b0a0000
530e0000f80f000043130000e5140000b0200000d620000020210000d82300003f240000b4240000f6290000372b0000
012c00001b2c0000a22c00001f2d0000e42d0000e92e0000292f00004c2f0000732f000062360000eb360000d5380000
27390000423b00005d3c0000833c0000163e0000673f0000784000000b41000013410000724100008f410000c8050000
84080000fb090000950c0000ef0c00007f0d0000cd1200004d1300007d130000de130000fa1700005118000092180000
d2190000ff190000331a0000441a0000611a00002c0600001d1800000b1a0000f1040000e40500004006000048060000
2e0b0000730b0000b11000002215000054170000a718000021190000fb190000981a00002b1f0000a5220000e7240000
b427000054280000e2290000922c0000ca2c00005c2e0000a62f00003f3100007f370000fa3b0000a83f000029010000
8b01000077030000b60600006c090000840a0000cc0a0000440b0000b20b00006914000089180000401a0000591a0000
421f00005e2000002622000039220000f6220000370300002f0b0000740b00009002000066010000f1010000b6020000
d3020000e60200002907000085080000fc0900006f1a00009123000010270000eb0000002101000065010000d2020000
e5020000c8050000b6060000840800006c090000fb090000840a0000cc0a0000440b0000b20b0000850c0000d20c0000
d60d00003a0e0000cd1200004d1300007d130000de13000069140000d2190000ff190000331a0000401a0000441a0000
591a0000611a00006d1d0000421f00001d200000462000002622000039220000ae2200004a230000902300009a230000
0f2700004c3b0000953b0000103c0000e73c0000fc3d00000b3e0000a2010000aa0200002c0600002f0b0000740b0000
0b1a0000e1220000fb3b00000a0100006b0300000c0500001a050000b10500005a0700001d0a00007c0a0000810a0000
400b0000a60b00007b130000941500008f170000ab170000062a00004f2a0000022c0000572c000064300000b2300000
63360000d638000028390000433b00002341000090410000d80000009e0200002907000085080000fc090000a30c0000
6c150000ff17000012180000a01800006f1a0000580d00001b0e0000490f00006e0f0000ca0f00001610000058100000
5d100000cb100000ba120000c4130000fd13000005140000391400004a14000095140000e71400004015000073170000
bf180000d21800000b1900002d190000181a0000771a0000491f00000b230000cb240000ea250000972600003b270000
5d280000af2900006f2d00009a2d0000682e00008a2f00004e310000883700002f380000de3a00000d3d0000393f0000
693f00009c3f0000981a0000e7240000b427000054280000e2290000a62f0000a83f00006f1a00009123000010270000
380d0000b70d0000d60d00003a0e000049100000fe1300003a1400005a14000069140000a3140000d7180000261a0000
671a00007c1a00008d1a0000fd2200002a2300009f2300004d250000eb25000098260000252700004927000099270000
6b280000a0280000cb32000030380000df3a00000e3d0000e5140000b0200000d6200000202100003f240000b4240000
372b0000012c00001b2c0000e92e0000292f00004c2f0000732f0000163e0000673f00000b4100001341000072410000
8f4100007f0d0000cd120000de1300005118000092180000d2190000331a0000441a0000611a00006914000089180000
401a0000591a0000421f00005e2000002622000039220000f6220000d60d00003a0e0000cd120000de13000069140000
d2190000331a0000401a0000441a0000591a0000611a00006d1d0000421f00001d200000462000002622000039220000
4a230000902300009a2300000f270000e73c0000fc3d00000b3e0000090d0000240e0000db0e0000630f00006e0f0000
011000005d1000008a100000181100005f12000011130000851300008a130000a41300000a1400004a14000053140000
4015000073170000411f00005d2000002522000038220000f52200002524000072240000d32700009e2a0000a32a0000
df2a0000fc2a0000242c0000402c0000c52d00001031000067310000d3360000fd3600004a390000bd390000973c0000
b4400000e440000017410000aa410000941500008f170000ab170000022c0000572c000023410000904100006c150000
a01800006f1a0000380d0000b70d000049100000051100002d110000fe1300003a140000381500007b1500007f150000
ab15000025170000c2170000d71800004e190000b2190000261a0000611a0000d31d0000921f00002a23000090230000
0f270000d82a0000a62b0000c22b0000552e000026310000773700000e3d0000f50d0000d1100000f810000045120000
18140000d3140000f21800000e190000ce190000901a000018200000e021000021250000542500009e270000ae280000
bb290000f73000009c320000d2320000063a00004c3f0000a03f0000a9030000be030000f2040000aa060000b7060000
db06000009070000190700003a07000054070000de0c00004d1100006b130000501600006516000070160000ab180000
5619000076190000c01a0000261b00009f1c0000e71c00002f210000193000002930000040300000533000005d300000
87300000ba300000863100005632000026340000bc340000d0340000a3000000d200000049010000d40100004e020000
c80200008c06000041070000a80700001f080000c8080000111500005815000075150000a8160000d10000002c010000
00020000bd020000a0040000b0050000b9060000cb060000ef060000300700006a070000800a00003f0b0000a50b0000
ca0c0000e50c0000870d0000b40d0000c60d00002f0e0000e70f000035100000521000009411000097110000c8110000
601300005e14000046150000721500006d1600008e170000aa170000151800002e1800004c1800005818000072180000
e4180000621900006f1900007f1900009b190000031a00004c1a0000e41a00003c1b0000011d000050210000ba220000
ad230000572a0000bf2a0000262b0000b72b0000562d0000942d0000743000004b3200000c340000b3340000473b0000
0b3c0000c73d00006f1a0000951a000091230000e624000010270000ac27000053280000a52f0000a8000000d5000000
fa0000004c0100005e0100002402000053020000cb02000022030000960300000904000073040000f60400001e050000
c3050000e0050000570600008806000099060000040700000e0700002d0700005f070000a5070000aa070000bc070000
22080000b1080000e0080000140900005a090000e20900000a0a00002c0c0000b10c0000e60c00008d0d0000a30d0000
3e11000052110000871100008f110000dd120000551600000e1800005518000070180000d41800005019000069190000
6c1900006e1900007b190000a31a0000f11a0000fa1a0000351b00006c1c0000fa1c00007c1d0000621e0000fa1f0000
4f200000ff20000018210000052500009027000086280000b6280000dc280000452a0000b02b00008e2c0000d52c0000
c62e0000082f0000212f0000d52f000009300000693000007d320000cc330000a0340000af3400009300000041020000
c30200009e050000140600003a06000094060000ad0600001a08000057190000c41a00006c2c0000c42c000066010000
f1010000b6020000d3020000e602000073040000f0040000e30500003f06000047060000040700000e07000029070000
2d0700005f07000085080000fc0900002d0b0000720b00008d0d0000a30d0000ae100000871100008f110000dd120000
1e1500000e1800005518000070180000d418000020190000691900006c1900006e1900007b190000f81900006f1a0000
951a0000f11a0000fa1a0000351b00006c1c0000fa1c00007c1d0000621e0000fa1f00004f200000ff20000018210000
9d22000091230000e62400001027000090270000ac2700005328000086280000b6280000dc280000452a0000b02b0000
912c0000c92c0000c62e0000082f0000212f0000a52f0000d52f000069300000af340000f93b0000f103000008040000
290400006f0400007f040000f4040000c3060000d8060000e4060000ea0600000b0700003d07000045070000d70c0000
2a0d0000a00d0000f50d0000f60d0000830e00004a0f0000790f00008f0f0000a6100000a9100000b8100000c3100000
db100000e5100000fd100000691100008d110000b511000033120000451200004612000099120000db12000054130000
9b130000e813000018140000191400001615000027160000291600005b1600007b16000040170000a3180000c1180000
d3180000d7180000d8180000df1800001d190000611900006b190000d71900008d1a0000e21a0000f81a0000381c0000
b81c0000c81c0000931e0000961e00002a200000302100003c210000402100004b2100004d210000fd2100004d250000
99270000a0280000d0280000d42800009e290000342e0000582e00002530000033300000393000004230000099300000
a6300000df300000eb300000fd3000002f310000833100008b310000b4310000f7310000fb3100004632000048320000
5e320000cb320000fb32000009330000363400004b3400005f340000c4340000c934000062390000a0390000113a0000
953f0000fb060000330700005407000050160000651600007016000076190000c1190000261b0000e71c0000f81f0000
c22100004c3000005d300000ba30000086310000d0340000fe390000a1010000a90200002b0600004107000011150000
5815000075150000a8160000d10000000d010000b1010000f1010000b1020000b6020000f004000013050000b0050000
b405000033060000cb060000ef060000290700002d070000480700004c0700005f0700009c080000b2090000020a0000
2d0b0000720b0000ca0c0000e50c0000870d0000c60d0000db0d0000ea0d0000e70f0000351000005210000094110000
a3110000a9110000ae1100007c1200001915000032150000501500005c1500007815000014160000ab160000d3160000
dc160000041700001c17000029170000dd1700000e18000042180000551800006c180000701800003819000062190000
6e190000741900007b190000b9190000e6190000f8190000e41a00001d1b0000351b0000fa1c0000d11f000054200000
2f2200009d22000059250000452a00009a2b0000b02b0000562d0000942d00005530000069300000d7320000f2330000
a9340000af34000008360000c3380000f3390000f93b0000201400000f190000e8210000bf290000093a00004f3f0000
a13f0000380d0000b70d0000d60d0000491000005a140000671a0000fd2200009f23000025270000a4000000d3000000
4a010000d50100004f020000c90200008d06000044070000a907000020080000c9080000121500005915000076150000
a9160000a1040000b1050000f20600006b070000810a0000400b0000a60b0000ed0c0000310e0000e80f000036100000
53100000c911000063130000601400008f170000ab170000e51800006319000080190000041a00004f1a0000e61a0000
3e1b0000031d000053210000be220000b5230000582a0000c02a0000272b0000b82b0000572d0000952d000075300000
4e3200000d340000b4340000483b00000c3c0000c83d0000580d00001b0e0000490f00006e0f00001610000058100000
5d100000cb100000ba120000fd130000391400004a14000095140000e714000040150000d21800002d190000181a0000
771a00000b230000cb240000ea250000972600003b2700005d2800006f2d00009a2d00008a2f00002f380000de3a0000
0d3d0000981a0000e7240000b427000054280000a62f00009a0300000a04000074040000f70400001f050000c4050000
e1050000580600009a0600000f07000062070000a6070000b20800005b090000e30900000b0a00002d0c0000b30c0000
f10c0000a50d00003f1100005611000090110000df12000056160000d5180000511900006d1900007c190000a51a0000
fc1a0000371b00006e1c0000fc1c0000631e000000210000192100000825000087280000df280000462a0000b12b0000
8f2c0000d62c0000c72e0000092f0000222f0000d62f00000a3000006c30000080320000cd330000a1340000b0340000
74040000f1040000e405000040060000480600000f070000620700002e0b0000730b0000a50d0000b110000090110000
df12000022150000d5180000211900006d1900007c190000fb190000981a0000fc1a0000371b00006e1c0000fc1c0000
631e00000021000019210000a5220000e7240000b42700005428000087280000df280000462a0000b12b0000922c0000
ca2c0000c72e0000092f0000222f0000a62f0000d62f00006c300000b0340000fa3b00002a040000800400008a0e0000
920f0000581300009d130000ea13000020140000241400002a16000044170000a4180000c2180000d9180000e0180000
ba1c0000ca1c000001220000a6290000592e00009a300000a730000031310000b5310000613200000c33000037340000
4c34000063340000c5340000ca3400006b390000a3390000123a0000983f0000eb0000002101000065010000d2020000
e5020000c8050000c3060000ff06000084080000fb090000d70c0000010d00001d0d0000500d00008a0d00008b0d0000
c80d0000d60d0000d70d00005c1100008511000096110000a711000010120000cd120000351500008c15000076160000
68190000d2190000611a0000ef1a00006d1d00007b1d0000f91f00001d200000462000004e200000902300000f270000
8f270000a8280000a2010000aa0200002c06000044070000121500005915000076150000a9160000f10400001a050000
b1050000f20600004d070000620700009d080000b3090000030a00002e0b0000730b0000ed0c0000ec0d0000e80f0000
3610000053100000a5110000af1100007f12000015160000d4160000051700001d1700002a170000de17000063190000
751900007c190000ba190000e9190000fb190000e61a00001f1b0000371b0000fc1c0000d51f00005c20000037220000
a52200005c250000462a00009b2b0000b12b0000572d0000952d0000563000006c300000da320000f3330000aa340000
b034000009360000c4380000f6390000fa3b0000040e0000731a0000981a0000f4220000e72400009626000032270000
b42700005428000092290000e2290000a62f00002e380000dd3a00000c3d0000913f0000a83f00005f0d0000ae0d0000
be0d00005c1a00006f1a00000123000091230000a3230000102700001727000093000000a7000000d40000004b010000
230200004102000052020000c3020000ca0200007d060000940600001a080000210800000d180000541800006f180000
64010000a2010000aa020000d1020000e40200002c060000fb060000440700005b07000072070000fa0900002f0b0000
430b0000740b0000b10b0000c80c0000850d0000140e0000121500005915000076150000a9160000671900007a190000
81190000f41900000b1a0000de1a0000ed1a0000321b0000451b0000f81c00000a1d00007a1d0000f81f00004d200000
8f220000e12200008f2300000e2700008e270000472a00005b2a0000b22b0000b92b000032300000653000007c300000
fa3000000732000000340000ae340000b53400004b3b0000fb3b00000f3c00000a3e0000380d0000b70d0000ce0d0000
d60d000023100000491000004f100000f41200005a140000f21400001316000098190000671a00008d1a00009c1a0000
841d0000fd2200009f230000b7240000ee2400004d2500002527000099270000bd27000063280000a0280000912d0000
762f0000ad2f0000cb320000a4000000d30000004a010000d50100004f020000c9020000ab030000f5040000a3050000
b2050000d90500000a0600001b0600003d0600008d060000a5060000a7060000b106000012070000370700003c070000
44070000a907000020080000c9080000fd0c000059110000121500005915000076150000a91600001b19000030190000
3b190000541900005a19000072190000bc1a0000cc1a00001a1b00008f1e0000712c0000872c0000ac2c0000c72c0000
322e0000422e00001530000050300000f10400001a05000032050000b1050000f20600004d070000620700009d080000
b3090000030a00002e0b0000730b0000ed0c0000ec0d0000e80f00003610000053100000a5110000af1100007f120000
7b1300003014000015160000d4160000051700001d1700002a170000de170000b6180000011900006319000075190000
7c190000ba190000e9190000fb190000e61a00001f1b0000371b0000c11c0000df1c0000ef1c0000fc1c00002b1f0000
d51f00005c200000d22100002422000037220000a52200005c250000462a00009b2b0000b12b0000572d0000952d0000
563000006c300000a1300000b4300000be3000002c320000da320000f333000066340000aa340000b0340000c6340000
cd340000d3340000093600007f370000c438000073390000f6390000023a0000193a0000fa3b0000d10000000d010000
b1010000f1010000b1020000b6020000b405000033060000cb060000290700002d07000048070000ca0c0000870d0000
c60d0000db0d000094110000a91100001915000032150000501500005c15000078150000ab160000dc1600000e180000
42180000551800006c18000070180000381900006e190000500d0000f50d0000d1100000f81000000011000005110000
1012000045120000c3140000d314000038150000f218000028190000ce190000901a0000182000002125000033250000
542500009e270000ae2800003b2e0000e3300000f73000009c320000af320000d23200008e270000ca320000a9030000
f2040000aa060000b7060000c6060000db060000e106000009070000190700003a07000054070000cc0c0000de0c0000
9d0d0000471100004d110000501600006516000070160000561900006a19000076190000c01a0000f71a0000261b0000
371c00002f2100004c21000019300000293000002f30000040300000533000005d30000086310000fa31000047320000
fa320000fb06000009070000330700003c07000044070000540700009d0d000012150000501600006516000070160000
1b1900006a19000076190000c1190000f71a0000261b0000371c0000f81f00002f2100004c2100008e270000322e0000
32300000403000004c3000005d30000086310000fa31000047320000ca320000fa320000f50d0000d1100000f8100000
45120000d3140000f2180000ce190000901a00001820000021250000542500009e270000ae280000f73000009c320000
d2320000a9030000f2040000aa060000b7060000db06000009070000190700003a07000054070000de0c00004d110000
5016000065160000701600005619000076190000c01a0000261b00002f21000019300000293000004030000053300000
5d30000086310000f1030000080400006f040000f4040000c3060000d8060000e4060000ea0600000b0700003d070000
45070000d70c00002a0d0000a00d0000f50d0000f60d00004a0f0000790f0000a6100000a9100000b8100000c3100000
db100000e5100000fd100000691100008d110000b511000033120000451200004612000099120000db12000016150000
271600005b1600007b160000d3180000d71800001d190000611900006b190000d71900008d1a0000e21a0000f81a0000
381c0000931e0000961e00002a200000302100003c210000402100004b2100004d2100004d25000099270000a0280000
d0280000d4280000342e000025300000333000003930000042300000df300000eb300000fd300000833100008b310000
f7310000fb3100004632000048320000cb320000fb320000fb0600003307000054070000501600006516000070160000
76190000c1190000261b0000f81f00004c3000005d30000086310000a104000002050000b1050000cf060000f2060000
6b0700006a090000810a0000ca0a0000400b0000a60b00006e0c0000ed0c00001b0d0000040e0000080e0000310e0000
e80f00003610000053100000ba110000c911000097120000df120000001300002d13000032130000631300007b130000
00140000111400003c140000601400007e1600008f170000ab170000b0180000e5180000f71800005c19000063190000
80190000041a00002a1a00004f1a0000d11a0000e61a00003e1b0000b01c0000c11c0000e31c0000031d0000341f0000
5a1f00007f1f0000532100002422000037220000be22000033230000b5230000582a0000c02a0000d12a0000272b0000
b82b0000f02b0000572d0000952d00001c300000753000008e300000a1300000b73000008e310000af3100004e320000
7132000098320000da330000fd3300000d340000543400005a340000a4340000b4340000c0340000c6340000cf340000
e5360000f5360000823700008e37000097370000483b0000933b00000c3c0000d03c0000c83d0000f33d0000d1000000
f20000002c0100003f01000000020000bd020000b9060000cb06000030070000ca0c0000db0c0000020d00001e0d0000
770d0000870d00008c0d0000ae0d0000af0d0000b40d0000c60d0000c90d000094110000971100004615000072150000
6d160000151800002e180000311800004c1800005818000072180000811800006f1900009b190000741d0000891d0000
4a200000f0010000b50200000d180000541800006f18000064010000a2010000aa020000d1020000e4020000fc050000
2c06000036060000fb060000330700003c07000044070000ca090000fa090000060a0000c80c0000850d0000c40d0000
121500005915000076150000a91600001b190000301900003b190000671900007019000072190000831900008c190000
c1190000d9190000e2190000de1a0000ed1a0000121b00001a1b00003d1d0000641d00007a1d0000c81d0000f81f0000
4d2000008f2300000e2700008e270000c02c0000322e0000422e0000323000004c300000fa300000ca320000ea330000
a7340000143600006537000072370000a104000002050000b1050000f20600006b070000810a0000400b0000a60b0000
ed0c0000310e0000e80f00003610000053100000c9110000631300007b13000011140000601400008f170000ab170000
b0180000e5180000f71800006319000080190000041a00004f1a0000e61a00003e1b0000c11c0000e31c0000031d0000
341f00007f1f000053210000be220000b5230000582a0000c02a0000272b0000b82b0000572d0000952d000075300000
a1300000b73000004e320000713200000d3400005a340000b4340000c6340000cf340000f53600008237000097370000
483b00000c3c0000c83d0000d10000002c01000000020000bd020000b9060000cb06000030070000ca0c0000870d0000
b40d0000c60d0000941100009711000046150000721500006d160000151800002e1800004c1800005818000072180000
6f1900009b190000eb0000002101000065010000d2020000e5020000fa03000008040000eb040000f4040000c0050000
c8050000d5050000b6060000c3060000e7060000f6060000ff0600003507000084080000a8080000cb090000fb090000
070a0000d20c0000d70c0000f60c0000010d00001d0d0000340d0000500d00008a0d00008b0d0000c70d0000c80d0000
ce0d0000cf0d0000d60d0000d70d00004c0f00004e0f0000ef0f000002100000111000002d1000003910000055100000
a3100000e2100000fb1000005c1100006f1100008511000095110000961100009d110000a2110000a7110000e0110000
f7110000101200002f120000cd120000f4120000f5120000351500008c150000131600007316000076160000d7180000
f01800002619000042190000601900006519000068190000711900008519000093190000a1190000b2190000c2190000
d2190000da190000e3190000611a0000891a0000e11a0000e91a0000ef1a0000131b0000411d00006d1d00007b1d0000
981d0000d31d00005f1e00009b1e0000061f0000921f0000f91f00001d200000462000004e2000001721000090230000
512500000f2700008f270000a8280000a62b0000832c00005e2d00006a2d00007d2d0000972d0000392e0000492e0000
c32e0000202f0000363000004e300000fb300000cf320000ec330000a8340000153600006737000077370000a2010000
aa020000fc0500002c060000360600003c07000044070000121500005915000076150000a91600001b19000030190000
3b190000721900008c1900001a1b0000641d0000c02c0000322e0000422e0000580d00001b0e0000490f00006e0f0000
ca0f000016100000581000005d100000cb100000ba120000c4130000fd13000005140000391400004a14000095140000
e71400004015000073170000bf180000d21800000b1900002d190000181a0000771a0000491f00000b230000cb240000
ea250000972600003b2700005d280000af2900006f2d00009a2d0000682e00008a2f00004e310000883700002f380000
de3a00000d3d0000393f0000693f00009c3f0000981a0000e7240000b427000054280000e2290000a62f0000a83f0000
6f1a00009123000010270000380d0000b70d0000d60d00003a0e000049100000fe1300003a1400005a14000069140000
a3140000d7180000261a0000671a00007c1a00008d1a0000fd2200002a2300009f2300004d250000eb25000098260000
2527000049270000992700006b280000a0280000cb32000030380000df3a00000e3d00009a030000bc0300000a040000
7404000083040000f70400001f050000c4050000e1050000580600009a0600000f07000062070000a6070000b2080000
5b090000e30900000b0a00002d0c0000b30c0000f10c0000a50d0000700e00003f1100005611000090110000df120000
501300007f130000f7130000b215000056160000aa180000d5180000da180000511900006d1900007c190000a51a0000
fc1a0000371b00006e1c00009b1c0000cf1c0000df1c0000fc1c0000631e000000210000192100000825000087280000
df280000462a0000b12b00008f2c0000d62c0000c72e0000092f0000222f0000d62f00000a3000006c30000085300000
aa300000b43000009e31000014320000803200001c330000cd330000213400002d34000050340000a1340000b0340000
bb340000cb340000cd340000a8000000d5000000fa0000004c0100005e0100002402000053020000cb02000022030000
88060000040700002d070000aa070000bc07000022080000e0080000140900008d0d0000871100000e18000055180000
70180000691900006e190000f11a00007c1d0000fa1f00004f20000090270000b62800009300000041020000c3020000
940600001a080000a4000000d30000004a010000d50100004f020000c9020000ad030000f80400008d0600009d060000
a5060000a706000012070000370700004407000072070000a7070000a907000020080000b3080000c90800005c090000
e40900000c0a00002e0c0000c00c000043110000121500005915000076150000a9160000521900005419000081190000
aa1a0000bc1a0000451b00000a1d000018250000472a0000b22b00000d30000015300000503000007c30000090320000
d1330000a2340000b53400007404000083040000f1040000e405000040060000480600000f070000620700002e0b0000
730b0000a50d0000b110000090110000df120000f71300002215000054170000a7180000d5180000da18000021190000
6d1900007c190000fb190000981a0000fc1a0000371b00006e1c0000cf1c0000df1c0000fc1c0000631e00002b1f0000
0021000019210000a5220000e7240000b42700005428000087280000df280000e2290000462a0000b12b0000922c0000
ca2c00005c2e0000c72e0000092f0000222f0000a62f0000d62f00006c300000aa300000b43000003f3100001c330000
50340000b0340000cb340000cd3400007f370000fa3b0000a83f000066010000f1010000b6020000d3020000e6020000
04070000290700002d07000085080000fc0900008d0d0000871100000e1800005518000070180000691900006e190000
6f1a0000f11a00007c1d0000fa1f00004f200000912300001027000090270000b6280000eb0000002101000065010000
d2020000e5020000080400009d040000c8050000b6060000c3060000d8060000e7060000ff0600006607000084080000
6c090000fb090000840a0000cc0a0000440b0000b20b0000850c0000d20c0000d70c0000010d00001d0d0000210d0000
500d00008a0d00008b0d0000c80d0000d60d0000d70d0000200e00003a0e00003b0e00002c0f00004e0f0000a3100000
e2100000fb1000005b1100005c110000661100008511000096110000a7110000c3110000cf1100000512000010120000
99120000cd120000e1120000021300004d1300007d130000de1300004f140000691400006a140000c314000035150000
8c150000f11500007616000087160000e31800005e19000060190000681900007e190000d2190000ff190000331a0000
401a0000441a0000591a0000611a0000d51a0000e11a0000ef1a00003a1b0000ff1c00006d1d00007b1d0000b21e0000
421f0000f91f00001d200000462000004e2000002622000039220000ae2200004a230000902300009a23000033250000
0f2700008f270000a82800005c2a0000c12a0000d32a0000552b0000ba2b0000f22b0000253000003630000070300000
fb300000973100000c320000af320000dd3300000734000013340000a6340000b23400004c3b0000953b0000103c0000
e73c0000fc3d00000b3e0000a2010000aa0200002c06000044070000720700002f0b0000740b00001215000059150000
76150000a9160000811900000b1a0000451b00000a1d0000e1220000472a0000b22b00007c300000b5340000fb3b0000
f50d000045120000db12000018140000d7180000df180000d71900008d1a0000931e00002a200000402100004b210000
fd2100004d25000099270000a02800009e290000f731000046320000cb320000a0390000113a0000953f0000a4000000
20030000ad030000d6030000f80400008d0600009d060000a5060000a7060000b7060000d0060000fb06000002070000
12070000330700003607000037070000120900005c090000da090000570a00004f0b0000de0c00009c1200006b130000
b418000054190000c1190000c3190000de190000bc1a0000051c00000c1c0000931c0000861e0000f81f0000fc1f0000
41200000c2210000c6210000142200000d300000153000001d3000004c3000004f3000005030000081300000c1310000
ee310000b8340000e93800001739000065390000fe390000003a0000143a0000240000004e00000091000000d2000000
0e010000a1010000b40100003f020000a9020000b2020000c1020000dc0200008d050000b50500002b06000034060000
8106000018080000c7090000d8190000ec1a0000111b00003c1d0000d1000000010100000d01000081010000b1010000
f10100009e020000b1020000b602000067030000f004000013050000b0050000b405000033060000290700002d070000
5f0700009c080000770900008b090000b2090000fc090000020a0000140a00002d0b0000720b0000a20b0000710c0000
e50c0000390d0000b40d0000b80d00002f0e00004a1000007111000098110000d11100007c120000f612000009130000
5e14000014160000ff1700000e180000271800004218000045180000551800006c1800006e1800007018000038190000
3a1900006e1900007b190000b9190000c8190000e6190000e7190000f8190000351b0000fa1c0000d11f00000d200000
54200000552000002f220000302200009d220000052a0000452a00008b2a00009a2b0000a32b0000b02b000069300000
e6330000af3400000836000097360000c3380000cd38000042390000f3390000f4390000f93b000069140000dd140000
89180000401a0000591a0000421f00005e200000ae200000d52000001f2100002622000039220000f6220000b3240000
332b0000002c0000132c0000e82e0000282f00004b2f0000722f0000104100008e41000055000000be00000048010000
370300003903000084030000a7030000b703000078040000fe0400008e050000a7050000a9050000d80500005e060000
730600007c060000a70700004a080000320a0000340a00003b0a00006e0a0000880a00002f0b0000310b0000490b0000
740b0000760b0000bf0b0000c90b00004e0c000050110000301b0000e31b0000dd1c0000f61c0000231f00008a220000
932400002d2a0000672a00006b2a00008e2b0000752c0000862c0000dc2c0000f12c0000012d0000082d00002f2d0000
352d0000912e0000b22e0000e02e0000522f000060330000ae33000055360000123b00000f000000310000005a000000
b5000000e100000008020000300200009002000094020000a70200008d050000b50500002b0600003406000081060000
18080000c7090000e70c0000041800001a1800001b1800005918000062180000d819000066010000b9010000e1010000
f101000099020000b6020000d3020000e60200004a030000f004000013050000e30500003f06000047060000cb060000
ef0600002907000085080000af090000fc0900002d0b0000720b0000850b00009a0b0000cb0b0000f70b0000500c0000
ca0c0000870d00008d0d0000a30d0000c60d0000e70f00003510000052100000ae10000094110000dd1200006b140000
df1400001e150000141600002019000062190000f8190000641a00006f1a0000701a0000801a0000951a0000961a0000
e41a0000932200009d220000e3220000062300009123000095230000a8230000ab240000b8240000e6240000ef240000
b2250000ca25000010270000142700002a27000076270000ac270000ad2700005328000066280000e8280000912c0000
c92c0000562d0000942d00006a2f0000772f0000a52f0000ae2f0000ae3500000c380000f93b0000a104000002050000
1f0500002905000058060000cf0600006b070000a6090000360c00008e10000019110000b311000097120000b2150000
ef1500001816000056160000591600007e16000085160000151c0000e22300007d24000000250000582a0000eb2a0000
862b0000f02b0000f42b0000d62c0000382d00001c300000753000008e300000b7300000c2300000113100002c310000
68310000813100008e310000953100009e310000a2310000af310000b2310000c7310000e63100001232000078320000
5d340000f538000060390000823c0000883c0000eb3d0000d83e00007140000095400000ed4000000241000029410000
770100002802000022030000b90600003007000095080000e408000014090000af0a0000f80a0000510b0000db0c0000
f70d0000f310000047120000601300001a1400006d1600006f1600001518000038180000601800008118000082180000
a3190000031a0000201a0000371a00004c1a00004d1a0000090100006a030000b005000044060000800a00003f0b0000
850b0000a50b00006d0c0000070e0000a311000031130000ff1300003b140000211500003015000093150000a6150000
53170000601700008e17000097170000aa170000bd1700002e1b0000db1c0000f41c0000211f000088220000d1000000
010100002c010000810100000002000099020000bd020000ed020000f90200004a030000b005000044060000b9060000
3007000095080000e408000014090000800a0000af0a0000f80a00003f0b0000510b0000850b0000a50b0000900c0000
e50c0000600d0000bf0d0000db0d0000ea0d0000f3100000a3110000471200003113000060130000ff1300001a140000
3b140000031500002b150000461500004915000072150000741500006d1600006f16000053170000601700008e170000
97170000aa170000bd170000a3190000031a0000201a0000371a00004c1a00004d1a0000001b0000161b0000db1c0000
f41c0000491d0000211f0000ba2200001f23000077230000ad230000ae230000473b0000783b0000c23b00000b3c0000
1d3c00000f3d00002b3d0000c73d0000d03d0000013e000020140000e018000001220000a6290000a3390000123a0000
983f0000d60d0000cd120000d2190000611a00006d1d00001d20000046200000902300000f270000260000004f000000
92000000d30000000f010000a2010000b501000040020000aa020000b3020000c2020000e40200008e050000b6050000
2c060000350600008406000019080000ca090000d9190000ed1a0000121b00003d1d0000890100006b030000f1040000
1a050000b1050000620700009d0800006a0900008e090000b3090000030a00001d0a00002e0b0000730b0000a60b0000
ed0c0000310e00007211000099110000d21100007f1200001413000060140000151600007c190000ba190000c9190000
e9190000eb190000fb190000371b0000fc1c0000d51f00000f2000005c20000060200000372200003b220000a5220000
062a0000462a00008c2a00009b2b0000a42b0000b12b00006c300000e7330000b03400000936000098360000c4380000
d63800004d390000f6390000f8390000fa3b0000e5140000b0200000d620000020210000b4240000372b0000012c0000
1b2c0000e92e0000292f00004c2f0000732f0000134100008f4100007f0d0000cd1200005118000092180000d2190000
611a00005d000000be000000330200008e050000b60500002c060000350600008406000019080000ca090000f20c0000
051800001d1800001f18000063180000d9190000e501000052030000f10400001a050000e40500004006000048060000
f2060000b30900002e0b0000730b00008d0b0000fa0b0000590c0000a50d0000e80f00003610000053100000b1100000
df120000ea14000022150000151600002119000063190000fb190000811a0000981a00009a1a0000e61a0000a5220000
ac240000b9240000e7240000f0240000b3250000cb25000078270000b4270000b82700005428000067280000e9280000
922c0000ca2c0000572d0000952d00006b2f0000782f0000a62f0000af2f0000af3500000d380000fa3b0000b20a0000
fb0a00005a0b00006313000025140000041a0000211a0000381a00004f1a0000511a00000a0100006b030000b1050000
480600006a090000810a0000400b00008d0b0000a60b00006e0c0000080e0000a511000032130000001400003c140000
221500003115000094150000a715000054170000611700008f17000098170000ab170000be1700002f1b0000dc1c0000
f51c0000221f000089220000d8000000f2000000fa0100009e020000e6020000af0d0000d80d00006c15000070150000
5718000089010000fd02000052030000b1050000480600006a090000810a0000b20a0000fb0a0000400b00005a0b0000
8d0b0000a60b0000ed0c0000ec0d0000a5110000321300006313000000140000251400003c1400005417000061170000
8f17000098170000ab170000be170000041a0000211a0000381a00004f1a0000511a0000dc1c0000f51c0000221f0000
be2200002123000079230000b5230000b9230000483b00007b3b0000c53b00000c3c0000263c0000103d0000363d0000
c83d0000d13d0000023e0000040e00008f170000ab1700002a1a00004f1a00005a1f00007f1f00002422000037220000
33230000b52300008e37000097370000d03c0000c83d0000f33d0000ae0d000046150000721500006d1600009b190000
741d0000891d00004a200000060000000b000000560000006d000000d40000002d010000f0010000f201000003020000
8e020000b5020000b7020000be0200007d060000940600002a07000031070000ff1a0000151b0000481d000064010000
a2010000aa020000d1020000e40200003c0300008e030000fc0500002c06000036060000280900003c090000ca090000
fa090000060a0000740b0000790b0000b10b0000c90b0000c80c0000850d0000c40d0000140e0000831900008c190000
af190000b61900005a1a00006a1a00003d1d0000641d00007a1d0000c81d0000cc1d0000df1d00008c1f00009e1f0000
8f220000e1220000042300008f23000093230000a62300000e270000122700000c2a0000232a0000a72b0000ae2b0000
c02c0000ea330000143600003a3600004e360000ce3600006537000072370000743700007b370000ce0d0000d60d0000
2f120000cd120000f4120000d7180000a1190000b2190000d2190000611a00006d1d0000981d0000d31d00005f1e0000
061f0000921f00001d2000004620000017210000902300000f270000a62b0000c32e0000202f00007737000026000000
4f000000920000009b000000c3000000d30000000f010000a2010000b501000040020000aa020000b3020000c2020000
d1020000e4020000ad030000f8040000860500008e05000096050000b2050000b6050000cd050000fc05000003060000
2c0600003506000036060000390600007c060000840600000208000019080000270800006c0800006e0800007e080000
f3080000ca090000fa090000fd0c0000fa110000881900008c1900008e190000a7190000d9190000ed1a0000121b0000
d21b0000d91b00003d1d0000581d0000641d0000681d0000b41d0000521e0000642c00007b2c0000c02c0000c32c0000
892e0000ba2e0000503300000236000089010000fd020000520300003d050000b1050000480600006a090000810a0000
b20a0000ca0a0000fb0a0000370b0000400b00005a0b00005f0b00008d0b0000a60b0000ed0c0000ec0d0000a5110000
32130000631300007b1300000014000025140000301400003c14000054170000611700008f17000098170000ab170000
be170000b018000004190000041a0000211a0000381a00004f1a0000511a0000dc1c0000f51c0000221f0000341f0000
551f0000731f00007f1f0000831f0000be2200002123000079230000b5230000b9230000733600008336000093360000
f536000034370000823700008c370000933700009737000099370000483b00007b3b0000c53b00000c3c0000263c0000
103d0000363d0000c83d0000d13d0000023e0000d1000000010100002c0100000002000099020000bd020000ed020000
b90600003007000095080000e408000014090000900c0000600d0000bf0d0000db0d0000f31000004712000003150000
2b150000461500004915000072150000741500006d1600006f160000a3190000001b0000161b0000491d00007e160000
53210000272b0000f02b00008e310000af3100004e3200007132000098320000770d00006d1600004c18000081180000
9b19000093000000a7000000230200007d060000940600002a07000031070000cd0c00000d1800000f18000016180000
5e180000d501000020030000fb060000330700003c07000044070000c9080000120900002e0c0000420c00009d0d0000
121500001b190000c11900008a1a0000911a0000de1a0000f81f000001250000182500004e250000552500008e270000
92270000a5270000a1280000b1280000322e0000323000004c300000fa30000079320000903200009d320000ca320000
cc320000d3320000f50d000045120000db120000d7180000d71900008d1a0000931e00002a200000402100004b210000
4d25000099270000a0280000f731000046320000cb320000a400000020030000ad030000f80400008d0600009d060000
a5060000a7060000b7060000d0060000fb0600000207000012070000330700003607000037070000120900005c090000
da090000de0c00009c12000054190000c1190000c3190000de190000bc1a0000051c00000c1c0000861e0000f81f0000
fc1f0000412000000d300000153000001d3000004c3000004f30000050300000c1310000ee310000a104000002050000
1f05000058060000cf0600006b070000a6090000360c00008e10000019110000b311000097120000b2150000ef150000
1816000056160000591600007e16000085160000151c000000250000582a0000eb2a0000862b0000f02b0000f42b0000
d62c00001c300000753000008e300000b7300000c2300000113100002c31000068310000813100008e31000095310000
9e310000a2310000af310000b2310000c7310000e63100001232000078320000770100002802000022030000b9060000
3007000095080000e408000014090000db0c0000f70d0000f3100000471200006d1600006f1600001518000038180000
601800008118000082180000a31900002801000037030000760300002c060000fa0900002f0b0000430b0000740b0000
b10b00008c0c0000090e0000f61700001d1800002c180000881800008a1800009b180000f41900000b1a0000411a0000
481a00005a1a00006a1a0000dc00000090020000a2020000b00d0000681800006918000064010000a2010000aa020000
d1020000e40200002c060000fa0900002f0b0000430b0000740b0000b10b0000c80c0000850d0000c40d0000f4190000
0b1a0000411a0000481a00005a1a00006a1a00008f220000e1220000042300008f23000093230000a62300000e270000
122700004b3b0000fb3b00000f3c0000113d00000a3e00000c3e0000890100006b030000f10400000c0500001a050000
b1050000620700009d0800006a0900008e090000b3090000030a00001d0a0000ca0a00002e0b0000400b0000730b0000
a60b0000ed0c0000310e00007211000099110000d21100007f120000141300007b130000111400006014000015160000
b6180000fa1800007c190000ba190000c9190000e9190000eb190000fb190000371b0000df1c0000fc1c00002b1f0000
d51f00000f2000005c20000060200000d2210000f82100002422000028220000372200003b220000a5220000062a0000
462a00008c2a00009b2b0000a42b0000b12b00006c300000b4300000e7330000b0340000cd3400000936000098360000
7f370000c4380000d638000008390000283900004d39000073390000c0390000f6390000f8390000023a00000e3a0000
193a00001b3a0000fa3b0000d1000000010100000d010000b1010000f10100009e020000b1020000b6020000b4050000
33060000290700002d07000077090000fc090000710c0000390d0000b40d0000b80d00004a100000f6120000ff170000
0e180000271800004218000045180000551800006c1800006e18000070180000381900003a1900006e1900000a010000
6b03000074040000f1040000fd040000b1050000cc05000040060000480600006f0600005a070000c00800006a090000
810a0000370b0000400b00008d0b0000a60b00006e0c0000080e0000d00f000074100000a0110000a5110000f5110000
32130000001400003c140000221500003115000094150000a715000054170000611700008f17000098170000ab170000
be170000a7180000d5180000f51800002119000024190000451900004c19000079190000f31900002f1b0000dc1c0000
f51c0000221f0000892200004f2a0000772a00000a2b0000b42b0000c02b0000c42b00007a2c0000ca2c0000ed2c0000
072d0000342d00003f2d0000af2d0000cc2d0000192e0000372e00004c2e0000532e00005c2e0000602e00006d2e0000
702e000064300000b2300000ad340000cc3400007d370000033c0000d8000000f200000096010000fa0100009e020000
ba020000d3020000e6020000b405000033060000290700002d07000077090000fc090000fa0c0000af0d0000d00d0000
d80d00004a100000f61200006c1500007015000012180000211800003f18000057180000711800007518000076180000
381900003a1900006e190000e5140000b0200000d6200000202100003f240000b4240000372b0000012c00001b2c0000
e92e0000292f00004c2f0000732f0000163e0000673f00000b41000013410000724100008f4100007f0d0000cd120000
de1300005118000092180000d2190000331a0000441a0000611a00006914000089180000401a0000591a0000421f0000
5e2000002622000039220000f6220000d60d00003a0e0000cd120000de13000069140000d2190000331a0000401a0000
441a0000591a0000611a00006d1d0000421f00001d2000004620000026220000392200004a230000902300009a230000
0f270000e73c0000fc3d00000b3e00005d000000be000000330200008e050000b60500002c0600003506000084060000
19080000ca0900004e0a00006e0a00000b0b0000f20c000080130000051800001d1800001f18000063180000d9190000
001a00000b1a00000d1a00003d1a000055000000be000000480100003703000039030000840300008e0500007c060000
a7070000340a00006e0a0000880a00002f0b0000310b0000490b0000740b0000760b0000bf0b0000c90b0000301b0000
dd1c0000f61c0000231f00008a2200000f00000031000000e1000000080200009002000094020000a702000059180000
260000004f000000920000009b000000d30000000f010000a2010000b501000040020000aa020000b3020000c2020000
e40200008e0300008e050000b60500002c060000350600007c06000084060000a707000019080000ca090000340a0000
4e0a00006e0a0000880a00000b0b00002f0b0000310b0000490b0000740b0000760b0000bf0b0000c90b0000c00c0000
80130000d9190000001a00000b1a00000d1a00003d1a0000ed1a0000121b0000dd1c0000f61c00003d1d0000231f0000
b5220000e1220000e522000087230000143b0000323b0000513b0000d53b0000fb3b0000fd3b0000153c0000073e0000
e501000052030000f10400001a0500006e050000e40500004006000048060000f2060000b3090000ee0a00002e0b0000
370b0000730b00008d0b0000fa0b0000590c0000a50d0000e80f00003610000053100000b1100000df120000f7130000
ea140000221500001516000054170000a7180000161900002119000063190000fb190000811a0000981a00009a1a0000
e61a0000c11c00002b1f0000a5220000ac240000b9240000e7240000f0240000b3250000cb25000078270000b4270000
b82700005428000067280000e9280000b6290000e2290000e6290000922c0000ca2c0000572d0000952d00005c2e0000
6b2f0000782f0000a62f0000af2f0000a13000003f310000c6340000af3500007f3700000d380000fa3b0000eb3e0000
0b3f00006c3f00009d3f0000a83f0000aa3f000066010000b9010000f101000099020000b6020000d3020000e6020000
cb0600002907000085080000fc0900009a0b0000cb0b0000ca0c0000870d00008d0d0000c60d0000941100006b140000
641a00006f1a0000701a000093220000e3220000062300009123000095230000a823000010270000142700002a270000
0a0100006b0300007c0400000c0500001a050000b105000048060000770600005a070000300900006a0900001d0a0000
7c0a0000810a0000ca0a0000400b00008d0b0000a60b00006e0c0000080e0000a5110000ba110000cd1100002d130000
321300007b130000001400003c140000221500003115000094150000a715000054170000611700008f17000098170000
ab170000be1700002f1b0000dc1c0000f51c0000221f000089220000f623000076240000e5270000062a00000b2a0000
4f2a0000722a0000be2a0000d12a0000022c0000042c00002b2c00004d2c0000572c00005b2c0000f52c000064300000
b2300000fd33000011340000543400004236000063360000e5360000d638000028390000433b0000933b000066400000
86400000e74000001841000023410000254100009041000092410000bc410000d8000000f20000003f010000fa010000
9e020000e60200005f03000090030000cb0600002907000085080000fc0900009a0b0000cb0b0000a30c0000af0d0000
d80d00003c0e0000941100006b1400006c15000070150000ff17000012180000311800005718000095180000a0180000
a1180000641a00006f1a0000701a0000421800006c18000038190000e6190000542000002f2200009a2b0000f3390000
1d0000003b000000c7000000ec000000220100006a010000b9010000e1010000f101000099020000d7020000e6020000
ea02000000030000400300004a030000960300000904000073040000f60400001e0500007a0500008105000092050000
c9050000470600004b060000b2070000c7070000d30700002c080000340800007c080000880800001a09000026090000
af090000b6090000ba090000000a0000720b00007c0b0000850b00009a0b0000f70b0000b70c0000db0d0000ea0d0000
9b100000a311000089120000d0120000d5120000081500001e150000fc160000d418000018190000d3190000d4190000
641a0000801a00006e1d0000c41e0000d81f00001e2000002420000047200000722100007d2100008e21000093220000
9d22000095230000b2250000ca25000010270000142700003527000076270000ac2700005328000057280000e8280000
2529000060290000102a0000602c00002f2e0000d030000037330000dc34000029350000ae3500002f36000038360000
d23700000c380000783800000600000037000000b3000000a3010000ab02000075050000760500002d060000eb070000
23080000650800004b090000bc190000e81f00004c330000fb350000d10000000d010000b1010000b9010000e1010000
f101000099020000b1020000b60200004a03000073040000f0040000b0050000b405000033060000290700009c080000
af090000b2090000b6090000ba090000020a00002d0b0000720b0000850b00009a0b0000f70b0000e50c0000db0d0000
ea0d0000a31100007c120000d0120000d5120000421800006c180000d418000038190000b9190000d3190000d4190000
e6190000f8190000641a0000801a00006e1d0000c41e0000d11f0000d81f00001e200000242000004720000054200000
722100007d2100008e2100002f220000932200009d22000095230000b2250000ca250000102700001427000035270000
76270000ac2700005328000057280000e828000025290000602900009a2b0000dc34000029350000ae35000008360000
d23700000c38000078380000c3380000f3390000f93b0000060e000072100000f412000007130000fe1300003a140000
2618000098180000141a0000471a0000671a00006e240000da270000862a0000f22a0000302c0000332c0000ad2d0000
172e000040390000c74000001b410000b1410000660000000b010000bd0100006c030000d0030000c904000007050000
b20500008d060000fb060000bf0700005b08000012090000570a0000590a00005a0a0000820a0000d50a0000d60a0000
410b00004f0b0000a70b000087120000fa14000095150000b91600003b1700003c17000090170000ac170000c2210000
392a0000e02b00002f330000713300008a330000b333000076340000973400005d3600007a360000463700002c3b0000
9e3b00001b3c00002900000065000000d9000000a50100009f020000f1020000050300008c06000041070000a8070000
1f080000c8080000bb0c00006d150000a8160000081800007b180000dd1f0000d1000000010100002c01000081010000
000200009e020000bd02000067030000a0040000b0050000b906000030070000770900008b090000800a00003f0b0000
a20b0000a50b0000a90b0000020c0000710c0000e50c0000390d0000b80d0000db0d0000ea0d00004a10000071110000
98110000a3110000d1110000601300005d140000b714000046150000721500006d1600008e170000aa17000042180000
e4180000c8190000031a00004c1a0000681a0000841a00000d200000542000002f2200004422000058220000ba220000
c1220000fe22000036230000a0230000ad23000086250000b9250000dc25000002260000262700007d270000f1280000
e63300007f350000b5350000973600001e38000048380000473b00000b3c0000c73d0000290100008b01000077030000
ed030000210400000a05000018050000f3050000b606000091080000cd0800006c0900001b0a00007a0a0000840a0000
a30a0000cc0a0000da0a0000440b0000b20b00009b0c00000a0d0000420d0000250e0000760e0000260f00005c0f0000
690f0000f40f0000021000006010000065100000d11000005f110000c5110000ab1200003d130000571300005b130000
8b130000ac130000b01300000b1400004f1400005414000069140000ad140000dd1400004115000084150000d4150000
31160000761600009d160000741700009b1700009e170000a217000089180000401a0000591a0000761b0000421f0000
451f0000e11f00005e2000006220000083200000ae200000d5200000db2000001f21000086210000cb210000d6210000
e0210000262200002a220000392200003d220000f6220000fa220000b32400008325000051270000a02800008b290000
952900009e290000f2290000c82a00001d2b0000332b0000002c0000132c0000a12c00001e2d0000a02d0000e82e0000
282f00004b2f0000722f0000d433000009340000303400005834000091340000ff34000032350000553500007c350000
61360000f13600000b37000062370000ed3700008c380000d438000026390000413b00006c3b0000a33b0000b13c0000
d43d00007b3e0000104100008e410000370300005e060000120900002f0b00004f0b0000740b0000fa14000095150000
b91600003b1700003c17000090170000ac170000672a0000e02b0000dc2c00002f2d0000763400009734000046370000
1b3c000090020000f1020000050300002b060000410700006d150000a81600001a1800007b1800000101000066010000
81010000f101000099020000b6020000d3020000e6020000ed020000f90200004a030000f004000013050000e3050000
3f06000044060000470600004b0600004f0600002907000085080000770900008b090000fc0900002d0b0000720b0000
850b00009a0b0000f70b0000710c0000390d0000b80d00004a100000ae100000081100000d1100007111000098110000
d11100001e1500002515000039150000461500007c1500008015000086150000971500001416000098160000ae160000
b0160000cc160000f016000026170000aa170000ae170000201900003f190000c8190000f8190000641a00006f1a0000
801a0000951a00000d200000932200009d2200009123000095230000ad230000e6240000b2250000ca25000010270000
1427000076270000ac27000053280000e8280000d52b0000912c0000c92c0000cd2c0000462e0000a52f000002310000
e6330000ae350000973600003b3700000c380000f93b00002f0d0000240e0000490f00006e0f0000011000001f110000
fe110000a7120000ba120000f912000011130000fd13000039140000531400009d150000b4170000d218000049190000
c6190000181a0000022000000b2300009e2a0000d72a0000c12b0000502e000018310000a43600003a3900004a390000
0d3d0000e91900005c200000372200009b2b0000f63900003f000000e5010000520300009a0300000a04000074040000
f70400001f0500007e0500009305000048060000b3070000c8070000d40700002d080000350800007d0800001b090000
27090000b3090000bb090000730b00008d0b0000fa0b0000b90c0000ec0d00009c100000a51100008d120000d6120000
0a15000022150000fd160000d518000019190000d5190000811a0000c51e000026200000732100007e2100008f210000
a5220000b3250000cb25000078270000b427000054280000e92800002629000063290000132a0000612c0000302e0000
d130000038330000dd3400002a350000af3500003036000039360000d33700000d38000079380000e501000052030000
74040000f1040000b10500009d080000b3090000bb090000030a00002e0b0000730b00008d0b0000fa0b0000ed0c0000
ec0d0000a51100007f120000d6120000d5180000ba190000d5190000e9190000fb190000811a0000c51e0000d51f0000
262000005c200000732100007e2100008f21000037220000a5220000b3250000cb25000078270000b427000054280000
e928000026290000632900009b2b0000dd3400002a350000af35000009360000d33700000d38000079380000c4380000
f6390000fa3b0000731000000f1300006f240000dc270000872a0000fa2a0000342c0000ae2d0000182e000048390000
ca4000001c410000b34100002b0e0000491000005a1400003c18000098180000671a000066000000080300008d060000
44070000a907000020080000c9080000bc0c0000a9160000091800007c180000e01f0000890100006b030000a1040000
b10500006a0900008e090000810a0000400b0000a60b0000030c0000ed0c0000ec0d00007211000099110000a5110000
d211000063130000b81400008f170000ab170000e5180000c9190000041a00004f1a0000851a00000f2000005c200000
372200005b220000be220000b523000087250000ba250000dd250000032600007f270000f2280000e733000080350000
b6350000983600001f38000049380000483b00000c3c0000c83d0000ee030000220400000b05000019050000f4050000
1c0a00007b0a0000a70a0000de0a0000770e0000270f00005d0f0000700f0000f80f00006710000060110000c6110000
ad1200004313000058130000ad130000af140000e5140000d5150000321600009e1600009f170000781b000084200000
b0200000d6200000dc2000002021000087210000cc210000e8210000b4240000842500008c290000a6290000f6290000
ca2a00001f2b0000372b0000012c00001b2c0000a22c00001f2d0000a22d0000e92e0000292f00004c2f0000732f0000
d53300000a3400003134000059340000923400000035000033350000563500007d35000062360000f23600000c370000
63370000ee3700008d380000d538000027390000423b0000703b0000a73b0000b23c0000d63d00007c3e000013410000
8f41000037010000c1010000c8050000c3060000ff06000084080000fb090000950c0000ef0c0000200d0000720d0000
7f0d0000ee0d00005c1100008511000096110000a711000010120000cd1200008415000076160000fa17000030180000
49180000511800009218000068190000d2190000611a0000092000005a270000a8280000080300002c06000044070000
a91600001d1800007c18000089010000fd02000052030000f10400001a050000e4050000400600004806000050060000
6a0900008e0900002e0b0000730b00008d0b0000fa0b0000b11000000e1100007211000099110000d211000022150000
881500001516000099160000af160000b1160000cd160000f1160000ab1700002119000040190000c9190000fb190000
811a0000981a00000f200000a5220000b5230000e7240000b3250000cb25000078270000b427000054280000e9280000
d82b0000922c0000ca2c0000ce2c0000472e0000a62f000003310000e7330000af350000983600003c3700000d380000
fa3b0000250d0000380d0000b70d0000ce0d0000d60d00000d0e00003a0e000023100000491000004f10000058120000
68120000cd120000f4120000fd1200003a140000401400005a14000069140000f21800009019000098190000b5190000
671a00006d1d0000841d0000d81d0000971f0000fd2200002a2300009f23000025270000a62a0000b82a0000ad2b0000
912d0000a9360000cb360000dc3600006a3700007a370000c81d00008f2300000e27000072370000a4000000d3000000
f80000004a0100005c010000d50100004f020000c902000020030000a9030000f20400008d060000fb06000044070000
a7070000a9070000b6070000ba070000cb070000d107000009080000200800002a08000071080000c9080000d3080000
120900001e090000ae0c0000c00c0000850d0000c40d0000e8110000ee110000121500005915000076150000a1160000
a9160000ac160000c3160000671900008a1900009e190000ab190000ed1a00005c1d00007a1d0000931d0000c01d0000
d01e0000f81f00004d2000007f210000922100008e2700003c330000423300005333000070340000e03400002b350000
063600001e360000333600008438000064010000a2010000d5010000aa020000d1020000e402000020030000fc050000
2c06000036060000fb06000044070000c9080000d3080000120900001e090000ca090000fa090000060a0000c80c0000
850d0000c40d0000121500005915000076150000a1160000a9160000ac160000c316000067190000831900008c190000
9e190000ab190000ed1a00003d1d0000641d00007a1d0000931d0000c01d0000c81d0000d01e0000f81f00004d200000
7f210000922100008f2300000e2700008e270000c02c000070340000e03400002b350000143600001e36000033360000
653700007237000084380000380d0000b70d0000d60d00003a0e000023100000491000004f100000681200005a140000
69140000f218000098190000b5190000671a0000841d0000d81d0000971f0000fd2200009f23000025270000a62a0000
ad2b0000912d0000dc3600007a370000a4000000d30000004a010000d50100004f020000c902000020030000a9030000
f20400008d060000fb06000044070000a7070000a9070000cb07000009080000200800002a08000071080000c9080000
d3080000120900001e090000c00c0000ee110000121500005915000076150000a1160000a9160000ac160000c3160000
8a190000ab1900005c1d0000c01d0000f81f0000922100003c3300005333000070340000063600001e36000033360000
eb000000210100006501000073010000d9010000d2020000e5020000f1030000080400006f040000f4040000c0050000
c8050000d5050000b6060000c3060000ff0600008408000091080000a8080000ae080000cd080000d5080000cb090000
fb090000070a0000d20c0000d70c0000f60c0000010d00001d0d0000210d0000500d00008a0d00008b0d0000c70d0000
c80d0000ce0d0000d60d0000d70d0000ef0d00004a0f0000790f0000d11000005b1100005c1100006411000085110000
8611000095110000961100009e110000a7110000a8110000e0110000e3110000f7110000071200001012000016120000
2b1200002f12000053120000cd120000f4120000351500008c150000271600007616000097160000ec160000d3180000
d71800006819000085190000951900009f190000a1190000b2190000d2190000611a0000ef1a0000411d00006d1d0000
7b1d00007e1d0000941d0000981d0000d31d00005f1e0000c81e0000d11e0000061f0000921f0000f91f000018200000
1d200000462000004e2000001721000080210000932100009f210000902300000f2700008f27000099270000a0280000
a82800003129000035290000a62b0000832c0000c32e0000202f0000db330000ed3300006f340000e13400002c350000
153600001b36000020360000ad36000039370000673700007737000085380000a2010000aa02000020030000fc050000
2c0600003606000044070000120900001e090000121500005915000076150000a1160000a9160000ac160000c3160000
8c190000ab190000641d0000c01d0000c02c00007034000033360000941500008f170000ab1700005c20000024220000
37220000f4220000022c0000072c00003f2c0000572c00000f310000c93600000c410000234100009041000095410000
5f0d0000110e00006c15000034180000421800008c180000a01800005c1a00006f1a0000060000000b00000056000000
6d000000df000000f00100008e02000092020000a5020000b50200007d060000940600001a08000021080000af0c0000
031800000a180000541800006f180000481d000064010000a2010000aa020000d1020000e40200003c0300008e030000
2c060000fa0900002f0b0000430b0000740b0000790b0000b10b0000c90b0000f30b00000a0c0000c80c0000850d0000
c40d0000f41900000b1a00005a1a00006a1a00007f1a0000861a00007a1d0000c81d00008f220000e122000004230000
8f23000093230000a6230000b4250000bb250000cc250000e02500000e270000122700007327000086270000ea280000
ec280000ea33000081350000b0350000b7350000143600000e38000022380000543800004b3b0000fb3b00000f3c0000
0a3e0000d60d00003a0e0000d1100000f8100000cd1200001c1300006914000013160000b2190000ce190000d2190000
ed190000611a00006d1d0000d31d0000921f0000182000001d200000462000006520000040220000902300000f270000
8a2a0000a22b0000a62b0000f73000007737000055390000fa390000260000004f000000920000009b000000c3000000
d30000000f010000a2010000b501000040020000aa020000b3020000c2020000d1020000e4020000ab030000f5040000
860500008e050000b6050000fc0500002c060000350600007c06000084060000a7070000c0070000f207000002080000
1908000026080000270800006a0800006c0800006e080000ea0800004f090000ca090000fa090000060a0000c00c0000
9012000067190000701900008319000088190000bf190000d9190000e2190000ed1a0000121b00003d1d0000581d0000
641d0000f11e0000f01f00004d200000303300004f33000050330000a734000000360000023600002236000065370000
0a0100006b03000074040000fd040000b1050000cc050000480600006f0600005a0700006a090000810a0000ca0a0000
370b0000400b00005f0b00008d0b0000a60b00006e0c0000080e0000a5110000ba110000f5110000511200002d130000
32130000001400003c140000221500003115000094150000a7150000bd150000011600001b16000095160000c0160000
4c1700005417000061170000771700008f17000098170000ab170000be1700004519000079190000f31900002f1b0000
dc1c0000f51c0000221f00007f1f0000892200004f2a0000772a0000d12a0000b42b0000c02b0000e82b00007a2c0000
ed2c0000072d0000342d00004c2e00006d2e000064300000b2300000fd330000543400006d3400007d3400008a340000
9a340000ad340000cc340000e53600004b370000593700007d370000933b0000033c00002b3c0000b03d0000d8000000
f20000003f010000fa0100009e020000ba020000e60200000c030000b405000033060000cb060000290700002d070000
48070000fa0c0000af0d0000d80d0000f00d000094110000a91100006c15000070150000ab160000dc16000012180000
21180000311800005718000071180000751800007e180000381900006e190000bd1d0000eb0000006e01000092010000
ab010000ae020000fa03000008040000eb040000f4040000000600003006000038060000bd060000c3060000d8060000
e40600003d070000450700008c080000ab0800006c0900007309000092090000850c0000c90c0000d70c0000010d0000
0c0d0000210d0000380d00003e0d0000860d00008b0d0000b70d0000bb0d0000c50d0000c80d0000f50d00004c0f0000
4e0f00000410000023100000491000004d100000a6100000e4100000fc1000005b110000611100007511000083110000
93110000961100009b1100009c110000d9110000dd110000271200004512000099120000b0120000db120000e1120000
02130000161500005b150000771500007b1500007f15000013160000aa160000151700002517000028170000d7180000
f01800001d190000311900003c1900005e1900005f190000731900008d19000094190000aa190000ae190000cb190000
d7190000591a00008d1a0000d51a0000df1a00001b1b0000651d00007d1d0000841d0000b91d0000c91d0000931e0000
fe1e0000891f0000122000002a200000402100004b2100009a2300004d2500000f27000099270000a0280000aa2b0000
c22c0000342e0000432e00002530000033300000fc300000f731000046320000cb320000d6330000e9330000eb330000
a6340000183600009f360000b13600007037000073370000d1020000e4020000fb06000033070000ca090000fa090000
060a0000671900007019000083190000c1190000d9190000e2190000ed1a0000121b00003d1d0000f81f00004d200000
4c300000a734000065370000a104000002050000cf0600006b0700006a090000ca0a0000400b0000a60b00006e0c0000
080e0000ba11000097120000df120000001300002d13000032130000001400003c1400007e160000b0180000e5180000
f71800005c19000080190000041a00002a1a0000d11a00003e1b0000b01c0000e31c0000031d0000341f00005a1f0000
2422000037220000be22000033230000582a0000d12a0000b82b0000f02b00001c300000753000008e300000b7300000
8e310000af310000fd33000054340000a4340000b4340000c0340000cf340000e5360000823700008e370000933b0000
0c3c0000f33d0000f20000003f01000000020000bd020000b9060000cb06000030070000db0c00008c0d0000af0d0000
c90d000094110000971100006d16000015180000311800005818000072180000811800006f1900009b190000891d0000
4a200000090d0000240e0000db0e0000630f00006e0f0000011000005d1000008a100000181100005f12000011130000
851300008a130000a41300000a1400004a140000531400004015000073170000411f00005d2000002522000038220000
f52200002524000072240000d32700009e2a0000a32a0000df2a0000fc2a0000242c0000402c0000c52d000010310000
67310000d3360000fd3600004a390000bd390000973c0000b4400000e440000017410000aa410000941500008f170000
ab170000022c0000572c000023410000904100006c150000a01800006f1a0000380d0000b70d00004910000005110000
2d110000fe1300003a140000381500007b1500007f150000ab15000025170000c2170000d71800004e190000b2190000
261a0000611a0000d31d0000921f00002a230000902300000f270000d82a0000a62b0000c22b0000552e000026310000
773700000e3d0000bd000000470100008d010000fd0200003603000083030000d1030000000400003f040000cc040000
080500003d0500007e05000048060000a6070000ca070000e40700005f0800006e090000b30900004b0a0000600a0000
6d0a0000870a0000ce0a0000ee0a0000f30a00002e0b0000370b0000480b00005a0b00005f0b0000730b00008d0b0000
be0b0000e50f0000ea11000060140000bc1400005417000079190000f31900002f1b00007d1b0000dc1c0000f51c0000
221f00002b1f0000441f0000d51f00006020000085200000dd20000088210000cd210000d2210000282200003b220000
89220000f82200008525000032270000542800008d29000092290000e2290000352a0000242b0000b42b0000542d0000
3b330000753300008b3300009f330000b4330000ad340000cc3400000135000034350000573500007e3500005e360000
81360000933600007d370000ef3700008e380000243b0000b73b0000bd3b0000033c0000263c00007d3e000017000000
61000000e000000002010000b1010000c6010000fa0100008f020000a6020000ba020000ed0200008806000004070000
2d070000aa070000bc07000022080000e008000014090000b60c0000c20c0000650d0000740d00008711000003150000
07180000451800004a1800005718000071180000691900006e1900004d1d00001727000068270000b62800000b000000
6d00000092020000940600001a0800000a180000260000004f000000920000009b000000c300000068010000a2010000
40020000c2020000d5020000e4020000e80200003c0300008e030000ad030000f8040000860500008e05000096050000
7c06000084060000d50700000208000019080000270800002e080000360800006c0800006e0800007e08000087080000
28090000fe090000740b0000790b0000b10b0000c90b00000a0c0000a01000000f1500001a190000881900006a1a0000
861a0000581d00008f220000e122000093230000b4250000cc2500001227000086270000ea280000232a0000642c0000
312e0000d530000050330000b0350000023600003a3600000e380000eb00000021010000650100006e010000ab010000
d2020000e50200005b030000080400009d040000c0050000c8050000d5050000b6060000bd060000840800008c080000
ab0800006c090000fb090000840a0000cc0a0000440b00008f0b0000960b0000b20b0000fe0b0000850c0000c90c0000
d20c0000f60c0000260d0000380d00003e0d00004d0d0000860d00008a0d0000c50d0000c70d0000cf0d0000d60d0000
d70d00000d0e00003a0e00002c0f00004e0f0000bb100000c51000006711000076110000831100009311000095110000
9c110000a2110000a7110000dd110000f711000058120000cd120000f51200004d1300007d130000de1300003a140000
401400004c1400006214000069140000b2140000be140000351500007f150000ab150000f1150000ba170000c2170000
cf170000e31800002619000094190000d2190000ff190000331a0000401a0000441a0000591a0000611a0000621a0000
831a00006d1d00007d1d0000d31d0000421f0000921f0000b21f00001d200000462000002622000039220000ae220000
e2220000052300002a2300002b2300004a230000902300009a230000a7230000be230000882500009a250000bc250000
e12500000e2600002a2600000f270000212700007b270000f0280000b82a0000832c0000392e0000e1300000eb330000
8235000094350000b835000018360000cb3600002338000055380000723800004c3b0000953b0000103c0000e73c0000
fc3d00000b3e0000a2010000aa020000e40200008e0300002c0600002f0b0000740b0000b10b0000c90b00000a0c0000
0b1a00006a1a0000861a00008f220000e122000093230000b4250000cc2500001227000086270000ea280000b0350000
0e380000fb3b00000a0100006b0300000c0500001a050000b10500005a070000b30900001d0a00007c0a0000810a0000
ee0a0000370b0000400b00008d0b0000a60b00007b13000060140000bc140000941500008f170000ab17000079190000
f31900002f1b00007d1b0000dc1c0000f51c0000221f0000441f0000d51f00006020000085200000dd20000088210000
cd210000d2210000282200003b22000089220000f82200008525000032270000542800008d29000092290000e2290000
062a00004f2a0000242b0000b42b0000022c0000572c000064300000b2300000ad340000cc3400000135000034350000
573500007e350000633600007d370000ef3700008e380000d638000028390000433b0000b73b0000033c00007d3e0000
2341000090410000d8000000b1010000c6010000fa0100009e020000ba02000004070000290700002d07000085080000
fc090000a30c0000650d0000740d0000871100006c150000ff17000012180000451800004a1800005718000071180000
a0180000691900006e1900006f1a00001727000068270000b628000073010000d901000008040000520400009d040000
aa0400000c060000e706000091080000cd080000a8090000a30a0000da0a00002a0d0000a10d00002c0f00003e0f0000
4e0f000097100000a3100000b8100000c0100000d1100000d4100000e2100000ec100000f8100000fa100000fb100000
34120000b6120000ef1200009b130000ee130000641500008c150000f1150000f915000076160000e51600001a170000
851700009b170000c9180000e3180000e71800003419000060190000ce190000cf190000e11a0000fc1b0000fd1b0000
0f1c0000b21c0000901e0000aa1e0000ae1e00001820000019200000e0210000e121000099270000a02800009e290000
592b0000ae2c0000232d00003f2e00006a2e00003630000091300000cb300000da300000f4300000f7300000f9300000
fb3000005f310000be3100000332000008320000c1340000f73800007f390000ad390000e2390000063a0000073a0000
454100002003000012090000da0900004f0b0000de190000051c00000c1c0000861e00004120000014220000c1310000
ee31000017390000143a0000dc020000c7090000d8190000ec1a0000111b00003c1d0000010100008101000099020000
ed020000f90200004a030000a004000044060000e4080000770900008b090000ce090000d2090000f80a0000850b0000
710c0000390d00008d0d0000a30d0000b80d00004a1000007111000098110000d1110000dd120000e3120000e8120000
46150000aa170000e4180000a3190000c8190000db190000dc190000371a0000d21a0000f01a0000001b0000141b0000
161b00002b1c00006d1c00007c1c0000db1c0000f41c0000441d0000491d0000a01d00006b1e0000ed1e0000211f0000
a21f00000d2000003820000077230000ad2300007b260000e6330000973600009e370000bb380000ed390000c23a0000
c23b0000013e0000f10400005a050000a60900003f0c00008e10000019110000ed1200008b1b0000991b0000fa1b0000
1c1c0000eb1d0000732200005c2400001125000037250000eb2a00008a2b0000c2300000113100002c31000068310000
bc310000ce310000da310000e9310000173200002332000089320000b3320000f5380000ab390000703c00001a3e0000
f43e0000ec3f0000954000003a410000770100002b02000095080000e7080000af0a0000030b0000a20d0000f3100000
35120000f21300003818000061180000a4190000201a00003b1a00009e1e00003620000009220000a20b00006d0c0000
070e0000dd12000031130000ff1300003b140000d01a00003d1b0000af1c0000e21c0000021d0000331f0000591f0000
2f220000bd2200003223000001010000810100009e0200006703000095080000e7080000af0a0000030b0000a20b0000
900c0000600d00008d0d0000a30d0000bf0d0000f310000035120000dd12000031130000f2130000ff1300003b140000
42180000a4190000201a00003b1a0000d91a0000031b0000181b0000af1c0000e21c0000021d0000501d00008f1d0000
9e1e0000331f0000591f000054200000092200002f2200001f2300007e230000783b0000cd3b0000ff3c00000f3d0000
053e0000443e000068040000c8050000f00500008c0800008c0a0000960b0000d90b00008d0c0000ef0c00001c0d0000
060e00000a0e0000330e0000520e0000d60e0000250f0000550f0000f70f00000f1000003a1000004310000072100000
851000005b1100006a110000b8110000331200002b130000351300007d1300008d130000e8130000fe13000001140000
131400003a1400003d14000062140000fc15000022160000c2170000ea170000d81a0000e81a0000421b0000641b0000
9a1b0000ce1b0000851c0000ac1c0000b11c0000c31c0000e51c0000071d0000f31d0000371e0000381f0000651f0000
811f0000921f0000ca22000052230000b7230000f62400003d260000a6260000b9260000c22a0000f22a0000f32a0000
6f2b00009e2c0000682d00008c2d0000ad2d0000c02d0000e32d0000f02d0000172e0000202e0000ac2e0000fc2e0000
b52f0000fb33000052340000e3360000bb370000233a0000463a0000593a0000843a0000553b0000f53c0000ca3f0000
13400000c90b00004e0c0000301b0000e31b0000dd1c0000f61c0000231f00008a220000932400008e2b0000912e0000
b22e0000e02e0000522f00000802000030020000c70900005918000062180000d8190000b9010000e101000099020000
4a030000a0040000050600000f060000cb060000ef060000e4080000af090000f80a0000850b0000ca0c0000870d0000
c60d0000e70f00003510000052100000e6100000ee100000941100005d150000661500001b170000e418000032190000
3519000062190000a3190000371a0000e01a0000e41a0000001b0000161b00001c1b0000c91b0000db1b0000db1c0000
f41c0000491d0000661d0000ca1d00005b1e00007b1e0000211f00008a1f00007723000010270000ac27000053280000
612b0000b12c0000562d0000942d0000402e0000812e0000d52e0000c23b0000013e000059040000ab040000a70a0000
de0a0000410f00009d130000f0130000fa150000871700009f170000cc180000e8180000b41c0000e8210000ec210000
a6290000242d00006b2e00009330000060310000c23400000039000087390000b1390000e3390000093a00000b3a0000
46410000eb000000ab01000000060000bd0600006c090000850c0000c90c0000010d00000c0d0000380d00003e0d0000
860d00008b0d0000b70d0000bb0d0000c50d000004100000491000004d100000e410000093110000e11200005b150000
7f1500001517000031190000d51a0000df1a00001b1b0000651d0000b91d0000c91d0000891f00000f270000e4020000
ca090000d9190000ed1a0000121b00003d1d000089010000fd02000052030000a1040000480600006a0900008e090000
d3090000fb0a00008d0b0000a50d00007211000099110000d2110000df120000e9120000ab170000e5180000c9190000
dd190000381a00002c1c00006e1c00007d1c0000dc1c0000f51c0000ee1e0000221f0000a31f00000f2000003a200000
79230000b52300007e260000e7330000983600009f370000bc380000ee390000c53a0000c53b0000023e0000b20a0000
040b0000f3130000211a00003c1a00000c2200006a090000a60b00006e0c0000080e0000df1200003213000000140000
3c140000d11a00003e1b0000b01c0000e31c0000031d0000341f00005a1f000037220000be22000033230000f2000000
000200008c0d0000af0d000058180000891d0000890100006b0300006a090000b20a0000040b0000a60b0000a50d0000
df12000032130000f3130000001400003c140000211a00003c1a0000b01c0000e31c0000031d0000341f00005a1f0000
5c2000000c2200003722000021230000802300007b3b0000ce3b0000003d0000103d0000063e0000453e0000ee030000
6c040000f4050000920a0000dd0b0000530e0000d70e0000270f0000560f0000f80f0000101000004510000073100000
861000006c110000b91100002c130000ea130000fe15000024160000ee170000651b00009b1b0000cf1b0000861c0000
ad1c0000f41d0000381e0000f72400003e260000a7260000c1260000c42a0000fa2a0000fe2a0000712b0000a22c0000
692d00008e2d0000ae2d0000c12d0000e42d0000f12d0000182e0000212e0000ad2e0000fd2e0000b62f0000fc330000
53340000e4360000bc370000243a0000473a00005a3a0000853a00005b3b0000f73c0000cb3f00001440000031010000
8b0100001002000000060000bd0600006c090000310d0000990d0000a70d000004100000491000004d100000e4100000
93110000e112000055150000151700002f1800003c1800003d1800005c18000031190000891f00005b23000033020000
ca09000063180000d9190000e501000052030000a104000010060000f2060000b3090000fb0a00008d0b0000e80f0000
3610000053100000ef100000681500001d170000e51800003619000063190000381a0000e61a0000ca1b0000dc1b0000
dc1c0000f51c00005c1e00007c1e0000221f000079230000b427000054280000642b0000b22c0000572d0000952d0000
412e0000822e0000d62e0000c53b0000023e00000a010000890100006b030000b7040000b10500006a0900007c0a0000
810a0000b20a0000ca0a0000040b0000400b0000a60b00001b0d0000900d0000a50d000036100000df12000032130000
7b130000e4130000e6130000f3130000f713000000140000111400003c1400006014000094150000771700008f170000
ab170000eb180000121a0000211a00003c1a0000b01c0000c11c0000e31c0000031d0000341f0000441f0000551f0000
5a1f0000771f00007f1f00005c2000000c2200002422000037220000f4220000f8220000212300008023000063360000
7336000086360000223700002837000059370000863700008c3700009537000003380000433b00007b3b0000ce3b0000
9a3c0000f03c0000003d00000c3d0000103d0000223d0000b03d0000063e0000453e0000d8000000010100009e020000
8508000095080000e7080000900c0000a30c0000020d0000150d00005f0d0000600d0000650d0000880d00008d0d0000
be0d0000bf0d0000c20d0000f3100000f610000032120000351200006c150000dc16000042180000a4190000d91a0000
dc1a0000031b0000181b0000501d00008f1d0000bd1d00009e1e00008e020000ff1a0000151b0000481d000064010000
a2010000aa020000d1020000e4020000fc0500002c060000ea080000f3080000ca090000fa090000c80c0000850d0000
9d0d0000c40d00005915000030190000a5190000a7190000d9190000de1a0000ed1a0000121b00001a1b0000d21b0000
d91b0000751c00007e1c00003d1d0000641d00007a1d0000ac1d0000b41d0000c81d0000521e0000f11e00008f230000
0e270000892e0000ba2e0000ea3300001436000022360000b83600006d37000054380000890100006b030000b7040000
6a090000b20a0000ca0a0000040b0000400b0000a60b0000a50d0000df12000032130000f3130000f713000000140000
3c140000eb180000211a00003c1a0000b01c0000e31c0000031d0000341f0000551f00005a1f0000771f00005c200000
0c220000242200003722000021230000802300007336000086360000283700008c37000095370000033800007b3b0000
ce3b0000003d0000103d0000063e0000453e0000010100009e02000095080000e7080000900c0000600d00008d0d0000
bf0d0000f31000003512000042180000a4190000d91a0000031b0000181b0000501d00008f1d00009e1e0000eb000000
6e01000092010000ab010000ae020000080400009d0400000006000030060000bd0600008c080000ab080000c2080000
ec0800006c09000073090000850c0000c90c0000010d00000c0d0000340d0000380d00003e0d0000860d00008b0d0000
a00d0000a80d0000b70d0000bb0d0000c50d00002c0f00004e0f0000d90f000002100000041000000b10000023100000
26100000491000004d1000004f10000051100000e410000083110000931100009c110000dd1100000d12000033120000
3b12000040120000e1120000e21200005b1500007b1500007f150000f1150000e21600001517000025170000e3180000
31190000941900009819000099190000a6190000591a0000d51a0000df1a00001b1b0000c81b00002f1c0000761c0000
7f1c0000651d00007d1d0000841d0000851d0000ad1d0000b91d0000c91d0000771e0000f21e0000891f0000ae1f0000
9a230000122600000f270000482d0000642d0000912d0000932d0000802e0000d12e0000eb3300001836000024360000
ba3600006e37000059380000d1020000e4020000f3080000ca090000fa090000a7190000d9190000ed1a0000121b0000
d21b0000d91b00003d1d0000b41d0000521e0000892e0000ba2e0000280100000c02000033020000fc050000ca090000
f40a00000b0b0000960d00002c1800005b1800006318000030190000d9190000361a00003d1a000051230000790b0000
c90b00008c0c0000090e0000d71a0000301b0000411b0000dd1c0000e41c0000f61c0000061d0000231f0000371f0000
8a220000c922000051230000dc000000f401000008020000890d0000b00d000056180000591800009c1d000064010000
a2010000e40200003c0300008e030000fc050000ca090000f40a00000b0b0000790b0000c90b0000c80c0000850d0000
9d0d0000c40d00005915000030190000d9190000361a00003d1a0000de1a0000ed1a0000121b00001a1b0000dd1c0000
e41c0000f61c0000061d00003d1d0000641d0000c81d0000231f0000371f00000423000074230000872300000e270000
4b3b0000be3b0000d53b0000f33c0000113d0000003e0000073e0000503e000089010000fd02000052030000a1040000
bd040000480600006a0900008e090000d3090000ca0a0000fb0a0000370b00005f0b00008d0b0000a50d000072110000
99110000d2110000df120000e9120000f7130000ab170000e5180000ee180000c9190000dd190000381a00002c1c0000
6e1c00007d1c0000dc1c0000f51c0000ee1e0000221f0000731f00007f1f0000a31f00000f2000003a200000f8210000
1c22000079230000b52300007e260000e73300008336000098360000933700009f370000bc380000083900001b390000
b4390000ee3900000e3a0000173a00006f3a0000c53a0000c53b0000023e00000101000099020000ed020000e4080000
77090000ce090000710c0000390d00008d0d0000b80d00004a100000e312000046150000a3190000db190000d21a0000
f01a0000001b0000141b0000161b0000441d0000491d0000a01d00006b1e00001f050000c00800006a090000a60b0000
360c00005e0c00006e0c0000080e0000d00f0000741000003e120000df12000032130000001400003c140000d11a0000
3e1b00007b1b0000971b0000c61b0000ea1b0000151c0000b01c0000e31c0000031d0000e61d0000341f00005a1f0000
c81f000037220000be22000033230000a4240000cf240000002500000a2b0000862b0000962b00003f2d0000af2d0000
cc2d0000192e00007e2e0000982e0000a52e0000b52e0000e52e0000f32e0000632f00008e2f0000c7310000e6310000
1232000078320000f200000096010000000200002802000037020000e408000077090000ce0900008c0d0000a90d0000
af0d00004a100000e31200003f180000581800006018000065180000a3190000db190000891d0000a91d00006b1e0000
f1040000e4050000a60900003f0c0000401000008e100000b11000001911000028110000ed120000de1700008b1b0000
991b0000fa1b0000011c00001c1c0000eb1d00007322000011250000372500005c250000da2a0000eb2a00008a2b0000
922c0000892d0000c2300000de3000000f31000011310000213100002c3100003f310000683100006e310000bc310000
ce310000da310000e0310000e931000017320000233200002c32000089320000b3320000da3200006601000077010000
2b0200008508000095080000e7080000270d00009f0d0000a20d0000f3100000f6100000321200003512000050150000
dc16000034180000351800003818000061180000a41900009e1e000036200000230200005e180000d501000020030000
0a060000c908000012090000da09000063150000e416000033190000de190000de1a0000051c00000c1c00000e1c0000
861e00008f1e0000412000008e270000ac2c00003e2e000032300000f2300000fa300000c1310000ee31000007320000
73010000d9010000080400009d0400000c060000e706000091080000cd080000a80900002a0d0000a10d00002c0f0000
4e0f000097100000a3100000b8100000c0100000d1100000d4100000e2100000ec100000f8100000fa100000fb100000
34120000b6120000ef120000641500008c150000f115000076160000e51600001a170000e31800003419000060190000
ce190000cf190000e11a0000fc1b0000fd1b00000f1c0000901e0000aa1e0000ae1e0000182000001920000099270000
a0280000592b0000ae2c00003f2e000036300000cb300000da300000f4300000f7300000f9300000fb300000be310000
03320000083200002003000012090000da090000de190000051c00000c1c0000861e000041200000c1310000ee310000
f1040000a60900003f0c00008e10000019110000ed1200008b1b0000991b0000fa1b00001c1c0000eb1d000073220000
1125000037250000eb2a00008a2b0000c2300000113100002c31000068310000bc310000ce310000da310000e9310000
173200002332000089320000b3320000770100002b02000095080000e7080000a20d0000f31000003512000038180000
61180000a41900009e1e000036200000ee030000220400006c04000050050000f4050000920a0000dd0b0000530e0000
d70e0000270f0000340f0000560f0000f80f0000101000004510000073100000861000006c110000b91100002c130000
ea130000fe150000241600004a160000ee170000651b00009b1b0000cf1b0000861c0000ad1c0000f41d0000381e0000
2724000059240000f72400003e260000a7260000c1260000c42a0000fa2a0000fe2a0000712b0000a22c00001f2d0000
692d00008e2d0000ae2d0000c12d0000e42d0000f12d0000152e0000182e0000212e0000ad2e0000fd2e0000b62f0000
fc3300003a3400005334000069360000e436000024370000bc370000243a0000473a00005a3a0000853a00005b3b0000
5d3c00006e3c0000f73c0000873d0000953d0000df3d0000193e0000e83e00008b3f0000cb3f0000d43f000014400000
9440000096400000d84000003e410000310100008b0100001002000000060000bd0600006c0900009c0a0000cc0a0000
ff0a0000310d0000990d0000a70d000004100000491000004d100000e410000093110000e1120000a6130000ed130000
f91300005515000015170000801700002f1800003c1800003d1800005c180000311900001b1a0000261a0000271a0000
3a1a0000691f0000891f00005b23000033020000ca0900000b0b000063180000d91900003d1a0000e501000052030000
a1040000ae04000010060000f2060000b3090000ee0a0000fb0a0000370b00008d0b0000e80f00003610000053100000
ef100000681500001d1700008c170000e5180000e91800003619000063190000381a0000e61a0000ca1b0000dc1b0000
c11c0000dc1c0000f51c00005c1e00007c1e0000221f0000731f000079230000b427000054280000e2290000642b0000
b22c0000272d0000572d0000952d0000412e00006c2e0000822e0000d62e0000a130000064310000c634000083360000
93370000c53b0000023e000047410000c80500008c080000960b00008d0c0000ef0c00001c0d0000060e00000a0e0000
330e00003a1000005b11000033120000351300007d1300008d130000fe13000001140000131400003a1400003d140000
62140000c2170000d81a0000e81a0000421b0000b11c0000c31c0000e51c0000071d0000381f0000651f0000811f0000
921f0000ca22000052230000b7230000c90b0000301b0000dd1c0000f61c0000231f00008a2200000802000059180000
b90100009902000005060000cb060000e4080000ca0c0000870d0000c60d0000e6100000941100005d15000032190000
a3190000e01a0000001b0000161b00001c1b0000491d0000661d0000ca1d00008a1f000010270000eb00000021010000
6e010000ab0100005b030000c805000000060000bd0600008c0800006c0900009c0a0000cc0a0000ff0a0000960b0000
850c0000c90c0000010d00000c0d0000210d0000380d00003e0d0000860d00008b0d0000940d0000a00d0000b70d0000
bb0d0000c50d0000041000003a100000491000004d100000e41000005b1100009311000033120000e112000035130000
7d1300008d130000a6130000ed130000f9130000fe13000001140000131400003a1400003d140000621400005b150000
7f150000ab1500001517000080170000c2170000311900001b1a0000261a0000271a00003a1a0000d51a0000df1a0000
1b1b0000b11c0000c31c0000e51c0000071d0000651d0000b91d0000c91d0000d31d0000381f0000651f0000691f0000
811f0000891f0000921f0000102300002a2300002b2300007c2300000f270000653b0000953b0000c93b0000a23c0000
fa3c0000063d00000e3d0000123d0000243d0000b93d0000043e0000513e0000e40200008e030000ca0900000b0b0000
c90b0000d91900003d1a0000ed1a0000121b0000dd1c0000f61c00003d1d0000231f000087230000d53b0000073e0000
7c0400006a090000ca0a0000a60b0000ed0b0000360c00006e0c0000080e0000ba110000df1200002d13000032130000
f7130000001400003c14000003160000d11a00003e1b00009c1b0000151c0000871c0000ae1c0000b01c0000e31c0000
031d0000f51d0000341f00005a1f000037220000be22000033230000002500003f260000a8260000fd260000d12a0000
762b0000862b0000c7310000e63100001232000078320000fd33000054340000e5360000bd370000253a0000483a0000
5b3a0000863a0000933b0000043d0000cc3f000015400000f20000003f01000000020000150200002802000005060000
cb060000e40800008c0d00009b0d0000af0d0000e61000009411000031180000581800005d1800006018000032190000
a3190000891d00008a1f000069230000050f0000590f0000740f00007c0f00006b100000bf10000025110000b4120000
ca140000cd15000062160000121e0000d920000054210000072400002b2400001e250000e42a00002b2b0000a62d0000
242e0000d93000001e310000453100006d310000aa3100001a3200004f32000072320000993200007d3900008d3d0000
9a3d0000123e0000293f0000be400000704100007e160000f02b00008e310000af310000ed4000006d16000081180000
4c1a0000d1100000f8100000131100008c150000131600005d16000073160000761600009b170000fc18000042190000
ce1900008d1a000018200000e02100004d25000099270000a02800009e290000492e0000722e0000f730000008310000
72310000cb320000063a0000953f0000931500008e170000aa17000046150000721500006d1600008e170000aa170000
4c1a0000ad230000c73d0000060e00007210000045120000fe130000181400003a1400002a150000a31500001d160000
22160000301700005b1700005f17000096170000ba17000089180000401a0000591a0000f22a0000c92b0000002c0000
132c0000ad2d0000172e00004e370000c7390000ea390000293d0000104100008e4100009f030000b0030000c0030000
f8030000310400007c04000092040000a4040000030500001a05000032050000a1050000b0060000da060000f4060000
4d0700005a0700006f070000c3090000360c00004e0e0000f10f000049110000d6140000c115000005170000151c0000
171e00007a200000da2000002821000055210000ce2300003a240000002500001f250000ba2800007b2900004f2a0000
532a0000302b0000862b00006f2c0000fa2c0000602d0000df2d00002830000056300000643000007930000089300000
8f300000a3300000b2300000b8300000be300000c7310000e6310000123200001b32000031320000503200005a320000
73320000783200009a320000e3320000053300001b34000011390000d0390000f13a0000353c00005e3c0000673c0000
843c00008c3c0000153e0000d83e0000573f00004a4000007f40000029410000734100009d000000dc01000028020000
95060000ba060000cc060000290700003207000048070000d0080000e40800003d0a0000e50a0000f80a0000d40c0000
e00c00007b0d0000251200003f1300006d130000d8130000191500004b17000012180000131800004e18000060180000
9d190000a3190000f8190000f9190000301a0000371a0000a2270000a3280000c7290000a70000007d0600002a070000
5d0a000016180000061a0000a400000020030000ab030000b5030000f5040000a30500008d060000a5060000a7060000
b1060000e5060000fb06000012070000370700003e070000460700005b07000012090000570a00004f0b0000420c0000
aa1000001b1500004f170000a61800001e19000054190000911a0000bc1a0000931c0000f81f0000c221000001250000
4e250000a5270000a1280000d22900005b2a0000712c0000ff2c0000352e00005b2e0000153000003430000050300000
65300000813000003a31000079320000cc320000b8340000fa3e0000a33f00004b400000bc000000460100008c010000
fc02000035030000820300007a05000047060000a50700006d090000af0900006c0a0000860a0000cd0a00002d0b0000
470b00005e0b0000720b0000850b0000bd0b00005e1400002e1b0000db1c0000f41c0000211f0000431f0000d41f0000
5f200000d1210000272200003a22000088220000f7220000312700005328000091290000360000003803000075050000
330a0000300b0000750b00000a000000910200002400000091000000c200000067010000a10100003f020000c1020000
d4020000dc020000e70200003b03000085050000810600001808000086080000fd090000780b0000ae0b0000691a0000
8e22000092230000112700001d0000003b0000006e000000d5000000f30000002e01000040010000b9010000e1010000
f10100000402000099020000b6020000bf020000e60200000c0300004a0300007a0500004706000095060000ba060000
cc060000290700003207000048070000a5070000d0080000e40800006d090000af0900003d0a00006c0a0000860a0000
cd0a0000e50a0000f80a00002d0b0000470b00005e0b0000720b0000850b0000bd0b00007f0c0000b10c0000b40d0000
2f0e0000251200003f1300006d130000d81300005e1400001e1500004b1700009d190000a3190000f8190000f9190000
301a0000371a0000001b0000161b0000db1c0000f41c0000491d0000751d00008d1d0000211f0000431f0000e41f0000
4b200000d1210000272200003a2200009d2200009e22000044230000772300001027000054270000ac27000053280000
a328000091290000c72900001a3b00004f3b0000963b0000ae3b0000c23b0000f93b0000133c00002a3c0000e13c0000
f93d0000013e0000813e00000600000056000000b3000000f2010000b7020000750500007d0600002a070000330a0000
5d0a0000300b0000750b0000061a0000d1220000133b0000fc3b000047000000550000002a0100000c02000039030000
78030000a7030000da0300000d0500001b05000086050000fc0500007c060000b70600004a0800004509000047090000
fa090000120a00001e0a0000320a0000340a00003b0a0000610a00007d0a0000850a0000f40a0000310b0000450b0000
760b0000b30b0000d40b00006b130000f61700008a180000f4190000411a00005a1a000034260000ed290000012a0000
2d2a0000032c0000472c000060330000ae3300005536000064360000ab380000cb380000d7380000ed38000029390000
7b3a0000123b0000443b0000d03e0000754000001e410000914100000f0000002d000000460000005a000000dd000000
f401000094020000a2020000a30200007303000085050000810600001808000086080000fd090000780b0000ae0b0000
9d0c0000fc17000004180000691800009a180000691a0000c622000073010000d9010000fa0300000804000019040000
eb040000f404000044050000eb050000c3060000d8060000e4060000e70600003d0700004507000091080000cd080000
a30a0000da0a0000380c0000d70c0000540d0000a00d0000f50d0000830e00004c0f00004e0f0000bf0f0000a3100000
a6100000b5100000c6100000c8100000d1100000e2100000fb10000001110000061100001b1100001412000033120000
4512000099120000db12000054130000be130000e813000018140000cc140000d8140000161500003c1500008c150000
131600004116000076160000401700006d1700009b170000e5170000a3180000bc180000d7180000df180000f0180000
061900001d1900002a19000060190000d71900008d1a00008e1a0000e11a0000b21c0000931e0000182000002a200000
402100004b210000e0210000fd2100001925000022250000342500004d2500005625000060250000992700009a270000
a0280000b22800009e2900009f290000e82a0000992c0000162d0000342e00003d2e0000582e0000652e000025300000
333000003630000091300000e4300000fb300000133100002f3100004a310000f731000046320000913200009e320000
b0320000cb320000d4320000de320000c134000062390000a0390000113a0000da3e00002b3f0000593f0000823f0000
953f0000963f00009840000020030000fb06000033070000120900004f0b0000420c0000c1190000911a0000f81f0000
c2210000012500004e250000a5270000a1280000d22900004c30000079320000cc320000fe390000fa3e0000a33f0000
a1010000a9020000dc0200002b060000ae0b0000691a00008e2200009223000011270000d1000000010100000d010000
81010000b1010000f101000099020000b1020000b6020000ed020000f90200004a03000073040000f0040000b0050000
b4050000330600004406000029070000950800009c080000b2090000020a0000af0a00002d0b0000720b0000850b0000
9a0b0000b50b0000e40b0000f70b0000900c0000e50c0000600d0000b40d0000bf0d00002f0e0000f31000007c120000
31130000ff1300003b1400005e140000641400009d14000046150000aa170000421800006c180000d418000038190000
b9190000e6190000f8190000201a0000641a00006c1a0000791a0000801a00009b1f0000d11f0000542000002f220000
932200009d220000cd220000022300001f2300005523000095230000a4230000ad230000b2250000ca250000ec250000
4326000099260000ac260000e22600001427000028270000432700007627000065280000e82800009a2b0000ae350000
083600000c38000031380000c3380000f33900008a3a0000e03a0000783b0000f93b00000f3d0000194000007c040000
92040000a104000002050000cf0600006b070000c3090000360c000097120000d61400007e160000151c0000171e0000
7a200000da2000002821000055210000e22300003a240000002500001f250000ba2800007b290000582a0000302b0000
862b0000f02b00001c300000753000008e300000b73000008e310000af310000c7310000e6310000123200001b320000
31320000503200005a32000073320000783200009a320000e3320000053300001139000060390000f13a0000673c0000
823c0000153e0000d83e0000573f000071400000ed4000002941000073410000dc01000028020000b906000030070000
d0080000e4080000e50a0000f80a0000db0c00007b0d00002512000060130000d81300006d160000151800004e180000
60180000811800009d190000a3190000031a0000301a0000371a00004c1a0000a2270000a3280000c729000009010000
6a030000b0050000af090000800a00003f0b0000850b0000a50b00005e140000931500008e170000aa1700002e1b0000
db1c0000f41c0000211f0000431f0000d41f00005f200000d1210000272200003a22000088220000f722000031270000
5328000091290000d10000002c010000b9010000e10100000002000099020000bd0200004a030000b0050000b9060000
30070000d0080000e4080000af090000800a0000e50a0000f80a00003f0b0000850b0000a50b0000e50c0000b40d0000
2f0e00002512000060130000d81300005e14000046150000721500006d1600008e170000aa1700009d190000a3190000
031a0000301a0000371a00004c1a0000001b0000161b0000db1c0000f41c0000491d0000751d00008d1d0000211f0000
431f0000e41f00004b200000d1210000272200003a220000ba2200004423000077230000ad2300001027000054270000
ac27000053280000a328000091290000c7290000473b0000ae3b0000c23b00000b3c0000e13c0000c73d0000f93d0000
013e0000813e0000290100008b01000077030000ed03000021040000680400000a05000018050000f305000030060000
63060000b60600008c0800006c090000730900007f0900001b0a00007a0a0000840a00008c0a0000cc0a0000440b0000
b20b00007d0c00008d0c0000130d0000690d00000a0e00002c0e00008e0e0000d50e0000640f00006f0f0000f40f0000
231000004d10000084100000b810000095110000b8110000be11000073120000121300002b130000351300003d130000
67130000861300008c1300009b130000cc130000011400000f1400003d1400005b1400006914000071140000dd140000
22160000251700002d1700001e1800002d1800003d18000079180000891800009c1800000c1a0000151a0000271a0000
401a0000491a0000531a0000591a00006b1a0000421f00005e200000ae200000d52000001f2100002622000039220000
f6220000f4230000262400007424000086240000b324000052260000c9270000f2290000702a0000982a0000bc2a0000
c22a0000fd2a0000332b0000cc2b0000002c0000132c0000142c00004b2c0000a12c0000e12c00001e2d0000bf2d0000
e82e0000282f00004b2f0000722f0000fb330000023400005234000061360000e3360000fe360000b0380000d4380000
263900004b3900006f390000be390000c4390000993a0000413b0000553b0000983c00001d3f000055400000a6400000
d4400000fd40000010410000114100008e410000a0410000370300005e060000fa090000120a00002f0b0000740b0000
f61700008a180000f4190000411a00005a1a0000ed290000672a0000032c0000472c0000dc2c00002f2d0000cb380000
754000001e4100009141000090020000a2020000730300002b060000ae0b00001a180000691800009a180000691a0000
010100006601000081010000f10100009e020000b6020000d3020000e60200006703000073040000f0040000e3050000
330600003f060000470600006e060000290700002d0700005f0700008508000095080000fc090000af0a00002d0b0000
720b0000a20b0000900c0000600d0000bf0d0000ae100000f3100000f61000002711000031130000ff1300003b140000
1e15000070150000a5150000bc1700000e1800002118000035180000421800005518000070180000761800008c180000
d4180000201900003a1900004b1900006e1900007b190000f8190000201a00005c1a00006f1a0000951a0000351b0000
fa1c0000542000002f2200009d2200001f23000091230000e624000010270000ac27000053280000452a0000762a0000
d92a0000b02b0000c32b0000062c00003c2c0000912c0000c92c0000ec2c0000522e0000a52f00006930000020310000
af340000783b0000f93b00000f3d000094410000800f00000b2400002f240000282e0000833900008e3d0000a13d0000
133e00002f3f0000bf4000007141000097130000d0130000221400001e1a00002e1a00004f1a00009f170000fd180000
e8210000a6290000732e000075310000093a0000983f0000090d0000240e0000011000005d1000008a1300000a140000
4a140000531400004015000073170000411f00005d2000002522000038220000f5220000941500008f170000ab170000
6c150000380d0000b70d00004910000005110000381500007b1500007f15000025170000611a0000902300000f270000
2f0d0000df0d00001b0e0000011000005d1000008a13000097130000d01300000a140000221400004a14000053140000
731700001e1a00002e1a0000411f00002522000038220000142300003c2300009d3c0000d93c00001b3d0000333d0000
f73d00008f170000ab1700004f1a0000b5230000c83d000073100000201400001e16000024160000311700005c170000
fa2a0000cd2b0000012c00001b2c0000ae2d0000182e00004f370000c8390000eb390000313d0000134100008f410000
e60d00004910000005110000251700003c1800007918000092180000611a0000460a0000e60a0000fb0a000047130000
71130000d91300004c170000fb190000fd190000311a0000381a0000ca290000bd000000470100008d010000fd020000
36030000830300007e05000048060000a60700006e090000b30900006d0a0000870a0000ce0a00002e0b0000480b0000
5f0b0000730b00008d0b0000be0b0000601400002f1b0000dc1c0000f51c0000221f0000441f0000d51f000060200000
d2210000282200003b22000089220000f822000032270000542800009229000017000000e000000002010000b1010000
fa0100008f020000a6020000ed020000650d00004518000057180000172700000b000000920200002600000092000000
c300000068010000a201000040020000c2020000d5020000e4020000e80200003c030000860500008406000019080000
87080000fe090000790b0000b10b00006a1a00008f22000093230000122700003f000000e5010000520300007e050000
48060000a60700006e090000b3090000460a00006d0a0000870a0000ce0a0000e60a0000fb0a00002e0b0000480b0000
5f0b0000730b00008d0b0000be0b0000810c0000b30c0000310e00004713000071130000d91300006014000022150000
4c170000fb190000fd190000311a0000381a0000dc1c0000f51c0000221f0000441f0000d2210000282200003b220000
a5220000a92200004623000079230000b42700005428000092290000ca2900001f3b0000503b0000973b0000af3b0000
c53b0000fa3b0000143c00002b3c0000e23c0000fa3d0000023e0000823e0000470000005d0000007603000086050000
840600001908000087080000fe090000790b0000b10b00009e0c0000fd170000051800009b1800006a1a0000c9220000
1a0400004b050000a70a0000de0a00008a0e0000c20f000058130000c0130000ea130000201400004216000044170000
6f1700009f170000a4180000bd180000e018000009190000b41c0000e821000001220000a6290000aa290000172d0000
592e0000662e000093300000313100004b310000c23400006b390000a3390000123a0000e33e0000333f00005d3f0000
833f0000983f00009a3f000099400000eb0000002101000065010000ab010000d2020000e5020000c0050000c8050000
bd06000084080000fb0900008f0b0000c90c0000f60c0000260d0000380d00003e0d0000860d00008a0d0000c50d0000
cf0d0000d60d0000d70d00000d0e0000bb10000093110000cd120000f5120000401400004c140000621400007f150000
ba170000d2190000611a0000621a00006d1d00001d20000046200000e2220000052300002b23000090230000a7230000
be2300000f27000021270000a2010000aa020000e40200002c060000b10b00006a1a00008f2200009323000012270000
89010000fd0200005203000074040000f1040000b1050000480600009d0800006a090000b3090000030a0000b20a0000
2e0b0000730b00008d0b0000e50b0000fa0b0000ed0c0000310e00007f12000032130000001400003c14000060140000
9e140000ab170000d5180000ba190000e9190000fb190000211a00007a1a0000811a0000d51f00005c20000037220000
a522000021230000b5230000b3250000cb250000ed250000442600009a260000ad260000e52600004527000078270000
67280000e92800009b2b0000af350000093600000d38000032380000c4380000f63900008b3a0000e13a00007b3b0000
fa3b0000103d00001a400000e60a0000fb0a000063130000d9130000041a0000311a0000381a00004f1a0000ca290000
0a0100006b030000b1050000b3090000810a0000400b00008d0b0000a60b000060140000941500008f170000ab170000
2f1b0000dc1c0000f51c0000221f0000441f0000d51f000060200000d2210000282200003b22000089220000f8220000
322700005428000092290000d8000000b1010000fa0100009e020000650d00006c150000451800005718000017270000
e501000052030000b1050000b3090000810a0000e60a0000fb0a0000400b00008d0b0000a60b0000ed0c0000310e0000
63130000d9130000601400008f170000ab170000041a0000311a0000381a00004f1a0000dc1c0000f51c0000221f0000
441f0000d2210000282200003b220000be2200004623000079230000b5230000b42700005428000092290000ca290000
483b0000af3b0000c53b00000c3c0000e23c0000c83d0000fa3d0000023e0000823e0000ee030000220400006c040000
0b05000019050000f405000067060000830900001c0a00007b0a0000920a00008f0e0000d70e0000650f0000700f0000
f80f000086100000b9110000c011000074120000131300002c13000043130000871300009d13000072140000e5140000
2416000031170000b0200000d620000020210000f5230000272400007524000087240000b42400005a260000cf270000
f6290000712a00009a2a0000bd2a0000c42a0000fe2a0000372b0000cd2b0000012c00001b2c00001f2c00004c2c0000
a22c0000e52c00001f2d0000c12d0000e92e0000292f00004c2f0000732f0000fc330000043400005334000062360000
e4360000ff360000b4380000d5380000273900004c39000070390000bf390000c8390000a13a0000423b00005b3b0000
993c00001e3f00005e400000ae400000d8400000fe40000013410000154100008f410000a64100001901000031010000
54030000c0050000c8050000bd06000084080000fb0900008f0b0000950c0000ef0c0000170d00007f0d00001d0e0000
330e0000bb10000093110000cd120000f5120000401400004c14000062140000a3150000ba170000fa17000029180000
2f180000511800009218000093180000d2190000611a0000621a00001b230000760300002c060000b10b00001d180000
9b1800006a1a0000890100006b03000074040000f1040000e405000040060000480600006f060000620700006a090000
b20a00002e0b0000730b0000a60b0000b11000002811000032130000001400003c14000022150000a7150000be170000
d5180000211900004c1900007c190000fb190000211a0000981a0000371b0000fc1c00005c20000037220000a5220000
21230000e7240000b427000054280000462a0000772a0000da2a0000b12b0000c42b0000072c00003f2c0000922c0000
ca2c0000ed2c0000532e0000a62f00006c30000021310000b03400007b3b0000fa3b0000103d0000954100002f0d0000
df0d00001b0e00009a0f0000011000005d1000008a13000097130000a4130000d0130000051400000a14000022140000
291400004a1400005314000073170000c6180000dc1800001e1a00002e1a0000411f00004e1f00005e1f000025220000
38220000142300003c230000053700001a370000313700008b370000903700009d3c0000d93c00001b3d0000333d0000
f73d00008f170000ab1700004f1a00007f1f0000b523000097370000c83d000046150000721500006d160000380d0000
b70d0000f50d000023100000491000004f10000005110000451200004e120000381500007b1500007f15000013160000
d016000015170000251700002817000098190000aa190000b2190000611a0000841d0000b91d0000d31d0000921f0000
902300000f270000a62b0000912d0000c236000070370000773700003f000000e501000052030000cd0300008e040000
7e05000048060000a60700006e090000b3090000460a00004b0a00006d0a0000870a0000ce0a0000e60a0000ee0a0000
fb0a00002e0b0000370b0000480b00005f0b0000730b00008d0b0000be0b0000810c0000b30c0000310e00007e0e0000
47130000501300007113000073130000d9130000111400006014000022150000bd1500004c17000054170000af180000
dd180000fb190000fd190000311a0000381a0000dc1c0000f51c0000221f00002b1f00002f1f0000441f0000631f0000
731f0000d2210000282200003b220000a5220000a92200004623000079230000b42700005428000092290000ca290000
e22900005a3600007f36000083360000ef360000fb3600001e3700004b3700007f370000813700009137000093370000
a23800001f3b0000503b0000973b0000af3b0000c53b0000fa3b0000143c00002b3c0000e23c0000fa3d0000023e0000
823e00001d0000006e000000d5000000f30000002e01000040010000b9010000f10100000402000099020000b6020000
bf020000e60200000c03000095060000ba060000cc060000290700003207000048070000d0080000e4080000b40d0000
251200009d190000a3190000001b0000161b0000491d0000751d00008d1d0000e41f00004b2000001027000054270000
a32800000600000056000000f2010000b70200007d0600002a070000260000004f000000920000009b000000c3000000
68010000a201000040020000c2020000d5020000e4020000e80200003c0300008e030000ab030000f504000086050000
8e0500007c06000084060000b70600000208000019080000270800006a0800006c0800006e08000087080000a9080000
3c0900004f090000cc090000fe090000080a0000740b0000790b0000b10b0000c90b0000f30b0000de0c0000e4110000
8619000088190000b61900006a1a0000461d0000581d0000df1d00009e1f00008f220000e122000093230000e0250000
122700000c2a0000a72b0000503300000036000002360000163600004e360000683700007b37000022380000e5010000
520300008e040000b1050000b3090000810a0000e60a0000ee0a0000fb0a0000370b0000400b00008d0b0000a60b0000
ed0c0000310e0000631300007b130000d913000011140000601400008f170000ab170000b0180000dd180000041a0000
311a0000381a00004f1a0000dc1c0000f51c0000221f0000341f0000441f0000631f0000731f00007f1f0000d2210000
282200003b220000be2200004623000079230000b5230000b42700005428000092290000ca290000e22900007f360000
83360000f53600001e37000082370000913700009337000097370000a2380000483b0000af3b0000c53b00000c3c0000
e23c0000c83d0000fa3d0000023e0000823e0000d10000002c010000b90100000002000099020000bd020000b9060000
30070000d0080000e4080000b40d00002512000046150000721500006d1600009d190000a3190000001b0000161b0000
491d0000751d00008d1d0000e41f00004b2000001027000054270000a3280000eb00000021010000650100006e010000
ab010000d2020000e50200005b030000fa03000008040000eb040000f4040000c0050000c8050000d5050000b6060000
bd060000840800008c080000a4080000a8080000ab08000032090000cb090000fb090000070a00008f0b0000960b0000
c90c0000d20c0000f60c0000260d00002a0d0000380d00003e0d0000860d00008a0d0000c50d0000ce0d0000cf0d0000
d60d0000d70d00000d0e0000200e0000340e00004c0f00004e0f0000b8100000bb10000083110000931100009c110000
dd110000e0110000f711000002120000041200002f120000611200006d12000083120000cd120000ce120000f4120000
f5120000fe1200003a140000401400004c1400004f1400006214000063140000911400007f150000ab15000013160000
f8160000ba170000c2170000d7180000f0180000851900009219000094190000a1190000b2190000b3190000d2190000
611a0000621a0000411d00006d1d0000711d00007d1d0000981d0000d31d0000d41d00005f1e0000061f0000921f0000
931f00001d2000004620000017210000e2220000052300002a2300002b23000090230000a7230000be230000fb250000
0f27000021270000242a0000a72a0000b92a0000a62b0000af2b0000dc2b0000832c0000c32e0000202f0000eb330000
10360000153600001836000044360000aa360000d5360000e136000043370000673700006c3700007737000078370000
41380000a2010000aa020000e40200008e030000fc0500002c060000360600003c090000b10b0000c90b00008c190000
b61900006a1a0000641d0000df1d00009e1f00008f22000093230000122700000c2a0000a72b0000c02c00004e360000
7b37000073100000201400001e16000024160000311700005c17000087240000fa2a0000cd2b0000012c00001b2c0000
ae2d0000182e00002f3700004f370000c8390000eb390000313d0000ea3d000094400000fe4000000b41000013410000
8f410000e60d000049100000051100002d140000251700003c1800007918000092180000261a0000441a0000531a0000
611a0000060e000045120000fe1300003a1400002a150000a31500005f17000096170000ba17000089180000401a0000
591a0000380d0000b70d0000f50d0000491000000511000045120000fe1300002d1400003a140000381500007b150000
7f150000251700005f17000096170000ba170000261a0000401a0000441a0000531a0000591a0000611a00002a230000
902300009a230000be2300000f2700000e3d00003e3d0000cf3d00000b3e0000470000005d0000007603000086050000
840600001908000087080000fe0900004e0a0000610a0000430b0000790b0000b10b00009e0c000074130000fd170000
051800009b180000001a0000091a0000481a00006a1a0000371f0000c922000047000000550000002a0100000c020000
390300007803000086050000fc0500007c060000b7060000fa090000340a0000610a0000850a0000f40a0000310b0000
450b0000760b0000b30b0000f61700008a180000f4190000411a00005a1a00000f0000002d000000dd000000f4010000
94020000a2020000a30200006918000026000000920000009b000000c300000068010000a201000040020000c2020000
d1020000d5020000e4020000e80200003c03000086050000fc0500007c06000084060000b70600001908000087080000
fa090000fe090000340a00004e0a0000610a0000850a0000f40a0000310b0000430b0000450b0000760b0000790b0000
b10b0000b30b0000de0c000074130000f4190000001a0000091a0000411a0000481a00005a1a00006a1a0000641d0000
371f00008f220000b5220000d922000093230000a623000012270000143b0000303b00004d3b0000be3b0000fd3b0000
0f3c0000113c00000c3e000089010000fd0200005203000074040000f104000063050000b1050000480600009d080000
6a090000b3090000030a0000b20a0000ca0a00002e0b0000370b00005f0b0000730b00008d0b0000e50b0000fa0b0000
ed0c0000310e00007f120000321300007b13000000140000111400003c140000601400009e140000ab170000b6180000
d518000013190000ba190000e9190000fb190000211a00007a1a0000811a00002b1f0000551f00007f1f0000d51f0000
5c200000d22100002422000037220000a522000021230000b5230000b3250000cb250000ed250000442600009a260000
ad260000e5260000452700007827000067280000e9280000b6290000da2900009b2b0000af3500000936000073360000
7f3700008c3700000d38000032380000c438000073390000f6390000023a0000193a00008b3a0000e13a00007b3b0000
fa3b0000103d0000eb3e0000fe3e0000603f00009d3f0000a63f0000e03f00001a400000d1000000010100000d010000
b1010000f101000099020000b1020000b6020000ed020000b40500003306000029070000950800009a0b0000b50b0000
900c0000600d0000b40d0000bf0d0000f31000006414000046150000421800006c18000038190000641a00006c1a0000
9b1f000093220000cd220000022300005523000095230000a423000014270000282700000a0100006b03000074040000
fd0400001f050000b1050000cc0500006f0600005a07000030090000a6090000b3090000220a0000810a0000400b0000
8d0b0000a60b00008e10000019110000f51100006b12000060140000941500008f170000ab170000451900002f1b0000
dc1c0000f51c0000191f0000221f0000441f0000d51f000060200000d2210000282200003b22000089220000f8220000
eb2300007324000032270000e12700005428000092290000fe2900000b2a00004f2a0000772a0000a42a0000eb2a0000
3f2b0000c02b0000042c00002b2c0000412c00004f2c00007a2c0000ed2c0000072d0000342d00004c2e00006d2e0000
64300000b2300000c2300000113100002c3100006831000042360000df360000db380000503a00006640000079400000
db40000018410000214100005b41000092410000b8410000d800000077010000b1010000fa0100009e0200005f030000
7a030000b40500003306000029070000950800009a0b0000b50b0000fa0c0000650d0000350e0000f310000064140000
6c150000121800002118000038180000451800005718000075180000951800009d18000038190000641a00006c1a0000
dc1d00009b1f000017270000050f0000590f0000740f00006b100000bf10000025110000b4120000ca140000cd150000
62160000121e0000d9200000542100001e250000e42a00002b2b0000a62d0000d93000001e310000453100006d310000
aa3100001a3200004f32000072320000993200007e160000f02b00008e310000af3100006d16000081180000d1100000
f8100000131100008c150000131600005d160000731600007616000042190000ce1900008d1a0000182000004d250000
99270000a0280000492e0000f730000008310000cb3200009f030000c0030000f8030000310400007c040000a4040000
030500001a05000032050000a1050000b0060000da060000f40600004d0700005a0700006f070000c3090000360c0000
f10f000049110000d614000005170000151c0000171e00007a200000da2000002821000055210000002500001f250000
ba2800007b2900004f2a0000532a0000302b0000862b00006f2c0000602d000028300000563000006430000079300000
893000008f300000a3300000b2300000b8300000be300000c7310000e6310000123200001b3200003132000050320000
5a32000073320000783200009a320000e3320000053300009d000000dc0100002802000095060000ba060000cc060000
290700003207000048070000d0080000e4080000d40c0000e00c00007b0d000025120000191500001218000013180000
4e180000601800009d190000a3190000a2270000a3280000a70000007d0600002a07000016180000a400000020030000
ab030000f5040000a30500008d060000a5060000a7060000b1060000e5060000fb06000012070000370700003e070000
460700005b07000012090000420c0000aa1000001b1500001e19000054190000911a0000bc1a0000f81f000001250000
4e250000a5270000a12800005b2a0000712c0000352e00001530000034300000503000006530000079320000cc320000
73010000d9010000fa03000008040000eb040000f4040000eb050000c3060000d8060000e4060000e70600003d070000
4507000091080000cd080000380c0000d70c0000540d0000a00d0000f50d00004c0f00004e0f0000a3100000a6100000
b5100000c6100000c8100000d1100000e2100000fb10000001110000061100001b110000141200003312000045120000
99120000db120000cc140000d8140000161500003c1500008c1500001316000076160000e5170000d7180000f0180000
1d1900002a19000060190000d71900008d1a00008e1a0000e11a0000931e0000182000002a200000402100004b210000
1925000022250000342500004d2500005625000060250000992700009a270000a0280000b2280000e82a0000992c0000
342e00003d2e0000253000003330000036300000e4300000fb30000013310000f731000046320000913200009e320000
b0320000cb320000d4320000de32000020030000fb0600003307000012090000420c0000c1190000911a0000f81f0000
012500004e250000a5270000a12800004c30000079320000cc3200007c040000a104000002050000cf0600006b070000
c3090000360c000097120000d61400007e160000151c0000171e00007a200000da200000282100005521000000250000
1f250000ba2800007b290000582a0000302b0000862b0000f02b00001c300000753000008e300000b73000008e310000
af310000c7310000e6310000123200001b32000031320000503200005a32000073320000783200009a320000e3320000
05330000dc01000028020000b906000030070000d0080000e4080000db0c00007b0d0000251200006d16000015180000
4e18000060180000811800009d190000a3190000a2270000a3280000ee030000220400005e0400006c040000fb040000
0b05000019050000f405000067060000830900001c0a00007b0a0000920a0000530e00008f0e0000d70e0000560f0000
650f0000700f0000f80f000086100000b9110000c011000074120000131300002c13000043130000871300009d130000
72140000e51400001e1600002416000031170000b0200000d620000020210000d8230000f52300001f24000027240000
3f2400006b2400007524000087240000b42400005a260000cf270000f6290000712a00009a2a0000bd2a0000c42a0000
fe2a0000372b0000cd2b0000012c00001b2c00001f2c00004c2c0000a22c0000e52c00001f2d0000322d0000c12d0000
e42d0000212e0000e92e0000292f00004c2f0000732f0000fc3300000434000053340000563400006236000069360000
e4360000eb360000ff36000008370000b4380000d538000005390000273900004c39000070390000bf390000c8390000
eb390000633a0000a13a0000423b00005b3b0000523c00005d3c00007f3c0000833c0000993c0000923d0000953d0000
ea3d0000163e00001e3e00001e3f0000673f00005e4000007840000096400000ae400000cc400000d8400000fe400000
0b410000134100001541000020410000724100008f410000a6410000190100003101000054030000c0050000c8050000
bd06000084080000fb0900009c0a0000b60a0000390b00008f0b0000950c0000ef0c0000170d00007f0d00001d0e0000
330e0000bb10000093110000cd120000f51200004d1300007d130000a0130000de130000071400001314000040140000
4c14000062140000a315000096170000ba170000fa170000291800002f180000511800009218000093180000d2190000
ff1900001b1a0000231a0000331a0000441a0000451a0000611a0000621a0000521f00001b230000760300002c060000
430b0000b10b00001d1800009b1800000b1a0000481a00006a1a0000890100006b03000074040000f1040000fd040000
e405000040060000480600006f060000620700006a090000b20a0000ca0a00002e0b0000400b0000730b0000a60b0000
b11000002811000032130000001400003c14000022150000a71500005417000098170000be170000a7180000d5180000
f5180000211900004c1900007c190000fb190000211a0000981a0000371b0000df1c0000fc1c00002b1f0000551f0000
5c2000002422000037220000a522000021230000e7240000b427000054280000e2290000462a0000772a0000da2a0000
b12b0000c42b0000072c00003f2c0000922c0000ca2c0000ed2c0000342d0000532e00005c2e0000702e0000a62f0000
6c300000b4300000213100003f3100006e310000b0340000cd340000733600007f3700008c3700007b3b0000fa3b0000
103d0000a83f00000c41000095410000290100008b0100007703000030060000b60600008c0800006c09000073090000
840a0000cc0a0000440b0000b20b00007d0c00008d0c0000130d0000690d00000a0e00002c0e0000231000004d100000
b81000009511000035130000671300008c130000cc130000011400000f1400003d1400005b1400006914000025170000
1e1800002d1800003d18000079180000891800009c1800000c1a0000151a0000271a0000401a0000491a0000531a0000
591a00006b1a0000421f00005e2000002622000039220000f622000037030000fa0900002f0b0000740b0000f6170000
8a180000f4190000411a00005a1a000090020000a2020000691800000101000066010000f10100009e020000b6020000
d3020000e602000033060000290700002d0700008508000095080000fc090000900c0000600d0000bf0d0000f3100000
f6100000701500000e1800002118000035180000421800005518000070180000761800008c1800003a1900006e190000
5c1a00006f1a00009123000010270000eb00000021010000650100006e01000092010000ab010000ae020000d2020000
e5020000c0050000c805000030060000b6060000bd060000840800008c0800006c09000073090000fb090000840a0000
9c0a0000b60a0000cc0a0000390b0000440b00008f0b0000b20b0000850c0000c90c0000d20c0000f60c0000260d0000
2a0d0000380d00003e0d0000860d00008a0d0000bb0d0000c50d0000c70d0000cf0d0000d60d0000d70d00000d0e0000
3a0e0000231000004d100000b8100000bb1000009311000095110000cd120000f5120000351300004d13000067130000
7d1300008c130000a0130000cc130000de13000001140000071400000f140000131400003d140000401400004c140000
5b14000062140000691400007b1500007f1500002517000096170000ba170000d2190000ff1900000c1a0000151a0000
1b1a0000231a0000271a0000331a0000401a0000441a0000451a0000491a0000531a0000591a0000611a0000621a0000
6b1a00006d1d0000841d0000421f0000521f00001d200000462000002622000039220000ae220000e222000005230000
10230000242300002b2300004a230000902300009a2300009b230000a7230000be2300000f270000212700004c3b0000
653b00007f3b0000953b0000053c0000103c0000a13c0000d43c0000e73c0000123d0000183d0000203d0000243d0000
cf3d0000fc3d00000b3e00000e3e0000a2010000aa020000d1020000e40200002c060000fa0900002f0b0000430b0000
740b0000b10b0000f41900000b1a0000411a0000481a00005a1a00006a1a00008f220000e122000093230000a6230000
12270000fb3b00000f3c00000c3e00000a0100006b030000f10400000c0500001a050000b10500005a070000a6090000
b3090000030a00001d0a00007c0a0000810a0000370b0000400b00008d0b0000a60b00008e100000191100007b130000
111400006014000094150000151600008f170000ab170000b6180000fa18000079190000ba190000eb190000f3190000
121a0000731a00002f1b0000dc1c0000f51c0000221f0000441f0000d51f000060200000d2210000282200003b220000
89220000f822000096260000322700005428000092290000062a00004f2a0000eb2a0000a42b0000b42b0000022c0000
572c000064300000b2300000c2300000113100002c31000068310000ad340000cc340000633600007d37000086370000
c4380000d638000028390000f8390000023a00001b3a0000dd3a0000433b0000033c0000223d0000913f000023410000
90410000d800000077010000b1010000fa0100009e020000b1020000ba02000033060000290700002d07000085080000
95080000fc090000a30c0000650d0000c20d0000f3100000f61000006c150000ff170000121800003818000045180000
571800006e18000071180000a01800003a1900006e1900005c1a00006f1a0000a323000017270000731000000f130000
6f240000dc270000872a0000fa2a0000342c0000ae2d0000182e000048390000bb390000963c00001f3e000094400000
ca4000001c410000b3410000120d0000060e00002b0e000049100000f4120000fe1300000e1400003a1400005a140000
261800003c18000098180000141a0000261a0000471a0000671a000088180000941500008f170000ab17000045190000
e91900005c2000002422000037220000f42200009b2b0000c02b00004c2e00006d2e00000f310000f6390000193a0000
0c3d0000120d0000060e00002b0e000049100000f4120000fe1300000e1400003a1400005a140000261800003c180000
98180000141a0000261a0000471a0000671a000088180000681800005f0d0000be0d00006c1500003418000042180000
6c1800007518000038190000250d0000380d0000b70d0000ce0d0000d60d000049100000f4120000fe1300000e140000
3a1400005a140000141a0000261a0000471a0000671a0000fd2200002a2300009f23000025270000a03c00000e3d0000
1f3d0000103e00008f2300000e2700000a3e0000941500008f170000ab17000045190000e91900005c20000024220000
37220000f42200009b2b0000c02b00004c2e00006d2e00000f310000f6390000193a00000c3d00005f0d0000be0d0000
6c15000034180000421800006c180000751800003819000066000000bd010000080300008d060000fb06000044070000
a9070000ba07000020080000c9080000120900005a0a0000d60a0000620b0000ac0c0000bc0c00006f0d000039130000
68130000fa140000a91600003c17000009180000481800007c18000067190000051a00002b1a0000541a0000e01f0000
d521000050270000660000000b0100008e010000bd010000080300006c030000b20500008d060000fb06000044070000
c9080000120900006f0900005a0a0000820a0000cf0a0000d60a0000410b0000620b0000a70b0000fa14000095150000
3c17000090170000ac170000e01f000061200000d5210000292200003c220000f92200005027000029000000d9000000
03010000a50100009f020000f1020000620d00006d150000431800001b2700000e00000093020000060000000b000000
37000000c600000069010000a3010000f00100008e020000ab020000d6020000e90200003f030000760500002d060000
ff090000922200009423000013270000a4000000d3000000f80000004a0100005c010000d50100004f020000c9020000
20030000b20500008d060000fb06000044070000a9070000ba07000020080000c9080000120900006f0900005a0a0000
820a0000cf0a0000d60a0000410b0000620b0000a70b0000730c0000fd0c0000850d0000140e00003913000068130000
121500005915000076150000a91600003c17000090170000ac17000067190000051a00002b1a0000541a0000ed1a0000
7a1d0000f81f00004d200000d5210000292200003c220000c322000038230000c52300008e2700002e3b0000493b0000
983b00009f3b00000d3c00002e3c0000d53c0000c93d0000f43d0000853e0000060000000b00000037000000c6000000
df000000f00100008e02000092020000a50200003f030000760500002d060000ff090000910c0000f717000022180000
541800008d180000922200000a010000890100006b030000a10400005d050000b1050000cc0500006a0900008e090000
810a0000ca0a0000400b0000a60b0000030c00006e0c0000ed0c0000490d0000ec0d0000040e00007211000099110000
a0110000a5110000d2110000f51100002d13000032130000631300007b130000b213000030140000a9140000b8140000
3115000094150000611700008f170000ab170000c6170000b0180000e51800001019000024190000c9190000041a0000
2a1a00004f1a0000851a0000341f00005a1f00007f1f00000f2000005c200000f821000024220000372200005b220000
be220000f422000033230000b52300008725000098250000ba250000dd25000003260000282600007f270000f2280000
c42900007a2c0000072d0000372e0000602e0000de300000e73300008035000092350000b635000098360000c9360000
e5360000f5360000823700008e370000973700001f3800004938000070380000083900000e3a0000483b0000933b0000
0c3c0000d03c0000c83d0000f33d0000f73e0000253f0000543f0000733f0000a23f0000ff3f0000d1000000d8000000
f2000000010100002c0100003f010000000200009e020000bd020000b4050000b9060000cb0600003007000077090000
a90b0000710c0000fa0c0000270d0000390d00003b0d00005f0d0000ae0d0000b80d0000d00d0000d80d0000db0d0000
110e00004a100000f6120000451400005d140000461500006c150000721500006d160000ae170000421800009b190000
681a0000741d0000891d00004a20000044220000c1220000fe2200002c23000036230000a0230000c223000026270000
f00100008e020000b502000092220000942300001327000064010000a2010000aa020000d1020000e4020000fc050000
2c06000036060000ca090000fa090000060a0000740b0000b10b0000d50b0000610c0000c80c0000850d0000c40d0000
140e0000831900008c1900005a1a00006a1a0000741a00009d1a00003d1d0000641d0000c81d00008f220000e1220000
042300008f23000093230000a623000094240000e8240000472600009b2600000e2700001227000037270000c4270000
5528000059280000c02c0000532f0000a72f0000143600006537000072370000333800008e3a0000e23a00004b3b0000
113d00001d400000bd010000080300002c060000fb06000044070000fa090000d60a0000620b00008c0c00006f0d0000
a9160000f61700001d180000481800007c1800008818000067190000f41900000b1a00002b1a0000541a000050270000
280100003703000076030000c9080000120900002f0b0000430b0000740b0000b10b0000fa140000951500003c170000
90170000ac17000088180000e01f000061200000d5210000292200003c220000f922000050270000dc000000a5010000
90020000a2020000f1020000620d00006d15000043180000681800001b27000064010000a2010000d5010000aa020000
d1020000e4020000200300002c060000fb06000044070000c908000012090000fa090000d60a00002f0b0000430b0000
620b0000740b0000b10b0000c80c0000850d0000140e0000121500005915000076150000a91600003c17000090170000
ac17000067190000f41900000b1a00002b1a0000541a0000ed1a00007a1d0000f81f00004d200000d521000029220000
3c2200008f220000e1220000382300008f230000c52300000e2700008e2700004b3b00009f3b0000fb3b00000f3c0000
2e3c0000d53c0000c93d0000f43d00000a3e0000853e0000a1040000f104000002050000b1050000cf060000f2060000
6b0700009d080000c0080000390900006a090000a60b00006e0c0000ed0c00001b0d0000040e0000080e0000310e0000
d00f0000e80f00003610000074100000781000007f12000097120000df120000141300001f130000321300007b130000
00140000111400003c140000601400007e160000f1160000ab170000d11a0000e61a00003e1b0000b01c0000c11c0000
e31c0000031d0000341f00005a1f00007f1f000053210000b621000037220000be22000033230000b5230000e5230000
70240000dd2700001c2a0000582a0000882a00008c2a0000ff2a00000a2b00000f2b0000272b0000d82b0000f02b0000
352c0000392c00003f2d0000572d0000af2d0000b32d0000cc2d0000192e00001c300000753000008e300000a1300000
b73000008e310000af3100004e3200007132000098320000093600004b3600003c370000e43700002e3800004d390000
5839000073390000c03900009a3c000072400000a0400000cf400000ee4000001d4100007a410000b4410000d1000000
f20000000d01000096010000000200006e030000b4050000b9060000cb0600003007000077090000a90b0000ca0c0000
db0c0000020d0000150d0000770d0000870d00008c0d0000ae0d0000af0d0000b40d0000160e00002e0e00004a100000
f6120000451400005d14000046150000971500006d160000ae17000015180000271800003f1800004c18000058180000
81180000991800009b190000681a0000891d0000692000004422000001230000f00100003f0300000d18000054180000
8d18000064010000a2010000e40200003c0300008e030000fc0500005f060000fb060000330700003c07000044070000
ca090000250a0000790b0000c90b0000c80c0000850d0000c40d0000121500005915000099150000b01700001b190000
3019000046190000c1190000d9190000ee190000de1a0000ed1a0000121b00001a1b00003d1d0000641d0000c81d0000
f81f00006c20000047220000042300000e2700008e270000ee2900007a2a00009c2b0000c52b0000dd2c0000322e0000
4d2e0000323000004c30000014310000ca320000de380000fb3900004b3b0000113d0000984100002f0d0000240e0000
490f0000630f00006e0f0000011000001f110000fe110000a7120000ba120000f912000011130000a4130000fd130000
0a14000039140000531400009d15000093170000b4170000ce180000d2180000f418000049190000c6190000181a0000
491f000002200000f12100000b2300009e2a0000d72a0000c12b0000502e00006f2e0000183100006a310000a4360000
883700003a3900004a3900008d390000bd3900000d3a00000d3d0000e91900005c20000024220000372200009b2b0000
f6390000193a0000421800006c18000038190000ce0d0000d60d0000d1100000f8100000cd120000f4120000fd120000
f218000090190000ce190000d2190000e1190000401a0000441a0000591a0000611a00006d1d0000182000001d200000
46200000902300009a2300000f270000f73000006a370000f03900000b3e00003f000000e5010000520300009a030000
b30300000a0400007404000095040000f70400001f0500007e0500009305000048060000b3070000c8070000d4070000
2d080000350800007d0800001b09000027090000b3090000bb0900004b0a0000ee0a0000370b0000730b00008d0b0000
fa0b0000b90c0000ec0d0000960e00009c100000a51100008d120000d61200005d130000301400000a15000022150000
c4150000fd1600004917000054170000a5180000d5180000e118000019190000d5190000811a0000c51e00002b1f0000
26200000732100007e2100008f21000006220000a5220000b3250000cb25000078270000b427000054280000e9280000
2629000063290000b6290000e2290000132a0000612c0000fd2c0000302e00005a2e0000d13000003531000038330000
dd3400002a350000af3500003036000039360000d33700000d380000793800001439000079390000a8390000d3390000
133a0000043b0000eb3e00009d3f00004c4000001d000000c7000000ec000000220100006a010000b9010000f1010000
99020000d7020000e6020000ea020000000300004003000081050000c90500004b06000088080000b6090000000a0000
7c0b00009a0b0000db0d0000d0120000d3190000641a00006e1d0000d81f00001e200000472000009322000095230000
102700001427000035270000572800000600000037000000a3010000ab020000760500002d060000260000004f000000
920000009b000000d30000000f010000a2010000b501000040020000aa020000b3020000c2020000e40200008e030000
a9030000f20400008e050000b2050000b60500002c060000350600007c06000084060000190800009e08000048090000
b4090000ca090000040a0000250a0000340a00004e0a0000310b0000740b0000760b0000c90b0000d50b0000fd0c0000
84120000bb190000d9190000ee190000001a0000ed1a0000121b00003d1d0000da1f00006c20000047220000b5220000
e122000047260000ee2900009c2b00000a360000ad380000c5380000de380000fb3900008e3a0000143b0000fd3b0000
e5010000520300007404000095040000f1040000b10500009d080000b3090000bb090000030a0000ee0a00002e0b0000
370b0000730b00008d0b0000fa0b0000ed0c0000ec0d0000a51100007f120000d61200007b13000030140000b6180000
d5180000e1180000ba190000d5190000e9190000fb190000811a0000c51e00002b1f0000d51f0000262000005c200000
732100007e2100008f210000d2210000062200002422000037220000a5220000b3250000cb25000078270000b4270000
54280000e92800002629000063290000b6290000e22900009b2b0000dd3400002a350000af350000093600007f370000
d33700000d38000079380000c43800001439000073390000a8390000f6390000023a0000133a0000193a0000043b0000
fa3b0000eb3e00009d3f0000d10000000d010000b1010000b9010000f101000099020000b1020000b6020000b4050000
3306000029070000b60900009a0b0000db0d0000d0120000421800006c18000038190000d3190000641a00006e1d0000
d81f00001e20000047200000932200009523000010270000142700003527000057280000eb000000210100006e010000
ab0100005b030000f1030000080400006f040000f4040000c8050000000600006a060000bd060000c3060000d8060000
e40600003d070000450700008c0800006c090000860900009c0a0000960b0000850c0000c90c0000d70c0000010d0000
0c0d0000340d0000380d00003e0d0000860d00008b0d0000b70d0000bb0d0000c50d0000f50d0000270e00004a0f0000
790f00000210000004100000491000004d100000a6100000e41000002211000093110000ff1100004512000077120000
99120000aa120000bb120000db120000e1120000fa1200002113000035130000011400003a1400003d14000056140000
75140000161500005b1500007f150000a0150000ab150000271600001517000034170000b7170000c2170000d3180000
d71800001d190000311900004a190000c7190000d71900001b1a00008d1a0000d51a0000df1a00001b1b0000651d0000
b91d0000c91d0000d31d0000931e0000891f0000921f0000052000002a200000402100004b210000102300002a230000
4d250000672600000f27000099270000a02800007b2a00009f2a0000db2a0000c62b0000d02b00000a2c0000282c0000
e82c0000342e0000512e000025300000333000001b310000f731000046320000cb320000a5360000b73800003b390000
5a390000cb390000ae3a0000653b0000123d000099410000e40200008e030000fb06000033070000ca090000250a0000
c90b0000c1190000d9190000ee190000ed1a0000121b00003d1d0000f81f00006c20000047220000ee2900009c2b0000
4c300000de380000fb390000731000000f1300006f240000dc270000872a0000fa2a0000342c0000ae2d0000182e0000
48390000bb3900001f3e000094400000ca4000001c410000b34100002b0e0000491000000e1400005a1400003c180000
98180000261a0000471a0000671a0000060e0000f4120000fe1300003a1400002618000098180000141a0000471a0000
671a0000380d0000b70d0000ce0d0000d60d000049100000f4120000fe1300000e1400003a1400005a140000141a0000
261a0000471a0000671a0000fd2200002a2300009f230000252700000e3d00001f3d0000103e00006600000008030000
8d06000044070000a907000020080000c90800005a0a0000620b0000bc0c000068130000a9160000091800007c180000
051a0000541a0000e01f0000d5210000660000000b010000bd0100006c030000b20500008d060000fb06000012090000
5a0a0000820a0000d60a0000410b0000a70b0000fa140000951500003c17000090170000ac17000029000000d9000000
a50100009f020000f10200006d150000a4000000d30000004a010000d50100004f020000c902000020030000b2050000
8d060000fb06000044070000a907000020080000c9080000120900005a0a0000820a0000d60a0000410b0000620b0000
a70b0000fd0c000068130000121500005915000076150000a91600003c17000090170000ac170000051a0000541a0000
f81f0000d5210000c3220000c52300002e3b0000493b00009f3b00000d3c00002e3c0000c93d0000890100006b030000
a10400005d050000b10500006a0900008e090000810a0000ca0a0000400b0000a60b0000030c0000ed0c0000ec0d0000
7211000099110000a5110000d2110000631300007b13000030140000b81400008f170000ab170000b0180000e5180000
10190000c9190000041a00004f1a0000851a0000341f00007f1f00000f2000005c200000f82100002422000037220000
5b220000be220000b523000087250000ba250000dd250000032600007f270000f2280000c4290000e733000080350000
b635000098360000f536000082370000973700001f38000049380000083900000e3a0000483b00000c3c0000c83d0000
f73e0000543f0000a23f0000ff3f0000d1000000010100002c010000000200009e020000bd020000b906000030070000
77090000a90b0000710c0000390d0000b80d0000db0d00004a1000005d14000046150000721500006d16000042180000
681a000044220000c1220000fe22000036230000a023000026270000a1040000f104000002050000cf0600006b070000
c0080000390900006a090000a60b00006e0c0000080e0000d00f00007410000097120000df1200001f13000032130000
001400003c1400007e160000d11a00003e1b0000b01c0000e31c0000031d0000341f00005a1f0000b621000037220000
be22000033230000e523000070240000dd2700001c2a0000582a0000882a00000a2b00000f2b0000f02b0000352c0000
392c00003f2d0000af2d0000cc2d0000192e00001c300000753000008e300000b73000008e310000af3100004b360000
e43700005839000072400000cf4000001d4100007a410000b4410000f200000096010000000200006e030000b9060000
3007000077090000a90b0000db0c00008c0d0000af0d00002e0e00004a1000005d1400006d160000151800003f180000
581800008118000099180000681a0000891d00006920000044220000090d0000240e0000d30e0000490f0000540f0000
011000000a100000581000005d10000082100000181100000b1200008a130000051400000a1400004a14000053140000
401500001016000073170000bf180000f91800002d190000ea190000111a0000411f00005d2000002522000038220000
f5220000df2a0000032b00009f2b0000632d00009a2d0000bd2d0000ef2d00001f2e0000682e00001031000067310000
85370000f73900001a3a0000163d0000941500008f170000ab17000045190000c02b00004c2e00006d2e00006c150000
7518000038190000380d0000b70d000023100000491000004f1000000011000005110000381500007b1500007f150000
25170000f2180000281900003e19000098190000401a0000441a0000591a0000611a0000841d0000902300009a230000
0f270000912d00003b2e0000452e00000b3e0000bd000000470100008d010000fd02000036030000830300009f030000
db030000ef030000230400007c0400000e0500001a0500001c0500002c0500007e050000f50500004806000050060000
a607000068080000dd080000300900004e0900006e090000b30900001f0a00006d0a00007e0a0000870a0000ce0a0000
2e0b0000480b00005f0b0000730b00008d0b0000be0b0000f20b0000fd0f00005013000060140000f5140000cd160000
2f1b0000dc1c0000f51c0000221f0000441f0000d51f00006020000074200000b1200000d7200000f820000021210000
d2210000282200003b22000089220000f8220000b5240000d425000032270000542800006f2800004b29000092290000
fb2900000b2a00003c2b0000042c00002b2c0000a32c0000ce2c0000202d00003b2d0000ea2e0000012f00002a2f0000
342f00004d2f0000742f0000be2f0000ed2f0000fe350000423600006536000016380000d8380000ee3800002a390000
453b0000d13e00006640000018410000924100001700000042000000e000000002010000b1010000e8010000fa010000
8f020000a6020000ed0200005f03000081050000c90500004b06000088080000b6090000000a00007c0b00009a0b0000
980c0000ff0c0000650d0000820d0000d012000025150000fb17000045180000521800005718000095180000d3190000
641a0000b222000017270000c1270000572800000b000000c600000092020000760500002d0600002218000026000000
920000009b000000c300000068010000a201000040020000c2020000d1020000d5020000e4020000e80200003c030000
a9030000f204000086050000aa050000e5050000fc05000041060000490600005f0600007c0600008406000019080000
87080000fa090000fe090000340a00004e0a0000310b0000760b0000790b0000b10b0000610c0000b610000027150000
22190000001a00006a1a00009d1a0000641d00008f220000b52200009323000094240000e824000012270000c4270000
552800007a2a0000772c0000932c0000cb2c0000dd2c0000532f0000a72f0000143b0000fd3b0000eb00000021010000
650100006e01000092010000ab010000ae020000d2020000e5020000f1030000080400006f040000f4040000c0050000
c8050000d5050000f705000030060000b6060000bd060000840800008c080000a808000073090000cb090000fb090000
070a00009c0a00008f0b0000e00b0000c90c0000d20c0000f60c0000260d0000380d00003e0d00005b0d0000860d0000
8a0d0000c50d0000ce0d0000cf0d0000d60d0000d70d00000d0e0000200e00004a0f0000790f0000fb0f000017100000
23100000591000005e10000076100000bb100000ce10000093110000e0110000f71100002f120000bd120000cd120000
f4120000f512000035130000011400003d140000401400004c1400004f1400006214000098140000f714000043150000
7b1500007f1500002716000025170000ba170000f1170000d3180000d71800002e19000085190000a1190000b2190000
d21900001b1a0000591a0000611a0000621a0000781a0000411d00006d1d0000841d0000981d0000d31d00005f1e0000
061f0000921f00001d2000004620000017210000e222000005230000102300002b230000902300009a230000a7230000
be230000cc240000fa240000ee250000482600009c260000b0260000ce2600000f270000212700003e27000060280000
072b0000a62b0000832c0000a52c0000702d00009b2d0000b12d0000c32e0000202f00008b2f0000b92f000015360000
6737000077370000343800008f3a0000e33a0000653b0000123d00001e400000a2010000aa020000d1020000e4020000
fc0500002c06000036060000fa090000b10b0000610c00008c1900006a1a00009d1a0000641d00008f22000093230000
94240000e824000012270000c427000055280000c02c0000532f0000a72f00000a0100006b030000740400007c040000
fd040000b1050000cc0500006f0600005a070000dd08000030090000b3090000810a0000400b00008d0b0000a60b0000
f511000060140000f5140000941500008f170000ab170000451900002f1b0000dc1c0000f51c0000221f0000441f0000
d51f00006020000074200000b1200000d7200000f820000021210000d2210000282200003b22000089220000f8220000
b524000032270000542800006f2800004b290000922900000b2a00004f2a0000772a00003c2b0000c02b0000042c0000
2b2c00007a2c0000ed2c0000072d0000342d00004c2e00006d2e0000ea2e0000012f00002a2f0000342f00004d2f0000
742f0000be2f0000ed2f000064300000b230000042360000664000001841000092410000d8000000b1010000e8010000
fa0100009e0200005f030000b40500003306000029070000b60900009a0b0000fa0c0000650d0000820d0000d0120000
6c1500001218000021180000451800005218000057180000751800009518000038190000d3190000641a000017270000
c127000057280000ee03000022040000460400008c0400000b05000019050000f40500001c0a00007b0a0000a70a0000
de0a0000530e0000770e0000270f00005d0f0000700f0000850f0000f80f00006710000060110000c6110000ad120000
4313000058130000ad130000af140000e5140000d5150000321600009e1600009f170000781b000084200000b0200000
d6200000dc2000002021000087210000cc210000e8210000d823000010240000342400003f240000b424000084250000
8c290000a6290000f6290000ca2a00001f2b0000372b0000012c00001b2c0000a22c00001f2d0000a22d0000e42d0000
2d2e0000e92e0000292f00004c2f0000732f0000d53300000a3400003134000059340000923400000035000033350000
563500007d35000062360000703600007d360000eb360000f23600000c37000063370000ee370000f73700008d380000
96380000d53800002739000090390000423b0000703b0000a73b00004c3c00005d3c0000653c0000833c0000b23c0000
8f3d0000ad3d0000d63d0000f03d0000143e0000163e00007c3e00003c3f0000673f000078400000c04000000b410000
1341000072410000744100008f41000037010000c1010000c8050000c3060000ff06000084080000fb090000aa0a0000
e10a0000950c0000ef0c0000200d0000720d00007f0d0000ee0d00005c1100008511000096110000a711000010120000
cd1200004d1300007d1300009a130000d3130000de130000321400008415000076160000a2170000fa17000030180000
49180000511800009218000068190000d2190000ff1900001f1a00002f1a0000331a0000441a0000611a000009200000
f52100005a270000a8280000b3290000080300002c06000044070000620b0000a91600001d1800007c1800000b1a0000
541a000089010000fd02000052030000f10400001a0500002c050000e40500004006000048060000500600006a090000
8e090000ca0a00002e0b0000370b00005f0b0000730b00008d0b0000fa0b0000b11000000e1100007211000099110000
d211000022150000881500001516000099160000af160000b1160000cd160000f116000054170000a4170000ab170000
a7180000fe1800002119000040190000c9190000fb190000811a0000981a00002b1f00007f1f00000f200000f8210000
a5220000b5230000e7240000b3250000cb25000078270000b427000054280000e9280000b6290000e2290000d82b0000
922c0000ca2c0000ce2c00003b2d0000472e00005c2e0000742e0000a62f0000033100003f3100007a310000e7330000
af350000983600003c3700007f3700000d380000083900000e3a0000fa3b0000eb3e00009d3f0000a83f0000ee400000
290100008b01000077030000b606000091080000cd0800006c090000840a0000cc0a0000440b0000b20b00009b0c0000
0a0d0000420d0000250e00000210000060100000d11000005b1300008b130000b01300000b1400004f14000054140000
6914000041150000841500007616000074170000a217000089180000401a0000591a0000421f0000451f0000e11f0000
5e20000062200000d6210000262200002a220000392200003d220000f6220000fa22000051270000a028000095290000
37030000120900002f0b0000740b0000fa140000951500003c17000090170000ac17000090020000f10200006d150000
0101000066010000f101000099020000b6020000d3020000e6020000ed0200004b060000290700008508000077090000
fc0900009a0b0000710c0000390d0000b80d00004a100000081100002515000039150000461500007c15000080150000
9715000026170000ae170000641a00006f1a00009322000091230000952300001027000014270000eb00000021010000
6501000073010000d9010000d2020000e5020000c8050000b6060000c3060000ff0600008408000091080000cd080000
6c090000fb090000840a0000aa0a0000cc0a0000e10a0000440b0000b20b0000850c0000d20c0000d70c0000010d0000
1d0d0000340d0000500d00008a0d00008b0d0000c80d0000d60d0000d70d0000e20d0000200e00003a0e000002100000
60100000d11000005c1100008511000096110000a711000010120000cd1200004d1300005b1300007d1300008b130000
9a130000b0130000d3130000de1300000b140000321400004f1400005414000069140000351500008c15000076160000
74170000a217000068190000d2190000ff1900001f1a00002f1a0000331a0000401a0000441a0000591a0000611a0000
ef1a00006d1d00007b1d0000421f0000451f0000f91f0000182000001d200000462000004e200000d6210000f5210000
262200002a220000392200003d220000ae220000172300003f2300004a230000902300009a2300000f2700008f270000
99270000a0280000a828000095290000b32900004c3b0000733b0000953b0000aa3b0000103c00009e3c0000b53c0000
dc3c0000e73c00001c3d0000433d0000d93d0000f83d0000fc3d00000b3e0000863e0000a2010000aa02000020030000
2c06000044070000120900002f0b0000620b0000740b0000121500005915000076150000a91600003c17000090170000
ac1700000b1a0000541a0000e1220000c5230000fb3b00002e3c0000c93d00000a0100006b0300000c0500001a050000
1f050000b1050000480600005a070000c00800001b090000300900006a0900001d0a00007c0a0000810a0000400b0000
8d0b0000a60b00006e0c0000080e0000d00f000074100000a5110000321300007b13000000140000301400003c140000
221500003115000094150000a7150000c41500001f16000025160000fd16000032170000541700005d17000061170000
8f17000098170000ab170000be170000c61700002f1b0000dc1c0000f51c0000221f00008922000028260000062a0000
0b2a00004f2a00000a2b0000d22b0000022c0000042c00002b2c0000572c00003f2d0000af2d0000cc2d0000192e0000
64300000b23000003036000042360000633600005037000070380000d638000028390000c9390000d3390000ec390000
433b0000413d0000733f00006640000018410000234100009041000092410000d8000000f200000096010000fa010000
9e020000e6020000000300005f0300004b060000290700008508000077090000fc0900009a0b0000a30c0000af0d0000
d80d0000e90d00004a100000081100006c1500007015000026170000ae170000ff170000121800003f18000057180000
7a18000095180000a0180000641a00006f1a0000c2230000f1030000290400006f0400007f040000ea0600000b070000
d80e0000280f0000360f0000a9100000c6100000c8100000db100000dd100000eb100000ed100000ff15000004160000
2716000029160000691600007b160000fe1b0000ff1b0000131c000095200000302100003c2100003d210000d0280000
d4280000393000004230000099300000a6300000e4300000eb300000ed300000f3300000f53000004a31000062310000
853100008b310000ac310000b4310000db3100005e3200005f320000fb320000093300005407000050160000081c0000
482100005d300000ba300000bf3100006c3200004107000011150000f61a0000361c000013050000cb060000ef060000
2d070000480700004c0700005f070000ca0c0000510d0000e70f0000e6100000ee1000007b1100001112000019150000
50150000dc16000004170000dd1700000e180000e01a0000f91a00000a1b00007c1b0000c91b0000391c00003e1c0000
721c0000241d000036210000462100004425000059250000452a0000562d0000812e000055300000693000003b320000
43320000c1320000d7320000a3030000ba030000f003000079040000820400002105000023050000a9060000ab060000
e90600000c07000020070000210700005307000056070000590e0000a810000011110000ad150000b115000051160000
531600005c160000f11b0000f21b0000b2200000b42000003121000044210000cf280000d1280000d2280000d8280000
18300000383000004330000048300000493000005c3000005f30000083300000a9300000ac3000000631000036310000
70310000993100009d310000d23100004132000068320000f9320000fc3200000733000017330000ab00000071010000
720200001c030000230300008206000001070000140700008f080000f60800000e090000150900000211000036150000
b81a0000fb1f0000282000003e2100008a27000091270000a5280000b028000094000000d30100008f060000c7080000
95000000a900000062010000db0100002202000025020000ac0300007a040000e205000089060000920600009c060000
9f060000310700006d0700009507000083080000cf080000df080000e10800005d090000c10900002b0c00002f0c0000
ac1000000f1800004b1800009a190000262100004e2100000325000013250000482a0000252b0000902c00000c300000
0f300000773000002f320000493200007b3200008b320000a9030000be0300007904000082040000aa060000e5060000
090700000c070000200700002107000054070000aa10000011110000501600005c160000f11b0000f21b0000081c0000
78200000b2200000b42000002f210000312100004421000048210000cf280000d1280000d2280000d828000019300000
34300000403000004330000048300000493000005d30000087300000a9300000ac300000ba300000063100003a310000
70310000bf310000d2310000413200005632000058320000683200006c320000f9320000fc3200000733000017330000
a300000067010000d4010000dd010000720200008c06000001070000140700004107000086080000c8080000d1080000
f6080000021100001115000036150000b81a0000f61a0000361c0000fb1f0000282000003e2100008a27000091270000
a5280000b0280000a80000007401000024020000220300002603000096030000f2030000fd0300007304000098040000
1e05000024050000570600008806000099060000c0060000c8060000d5060000dc060000040700000e0700002d070000
2e0700005f07000060070000d90700004408000092080000e008000014090000180900005a0900002c0c0000ce0c0000
dc0c0000240d0000530d0000760d0000780d0000d90e0000030f0000141000009e100000bc100000c9100000f5100000
081100000d11000023110000451100001312000021120000221200009a120000c6120000bf140000c414000039150000
ea150000ee1500004d160000551600006e1600006f1600008016000084160000981600000e1800001718000037180000
5f1800008018000082180000a2190000171c0000fa1f00002b200000af200000ff200000322100004121000042210000
7721000005250000232500002d250000902700009427000086280000ab280000b6280000c7280000dc2800000d290000
452a00005f2a0000e22a0000822b0000ec2b0000f32b0000d52c00006d2d0000082f0000d52f00000930000022300000
2a300000693000006a300000d3300000023100001c3100007d3100009031000094310000c9310000373200003f320000
7d3200009f320000a9320000f132000093000000d60100009e05000094060000ad060000310700006d070000f9070000
ca0800000f1800004b1800009a1900002a2100004e210000482a0000252b00006c2c0000773000003332000049320000
010101010101010101010101010101010101010101010101010101010101010101010101010101010101010101010101
010101010101010101010101010101010101010101010101010101010101010101010101010101010101010101010101
010101010101010101010101010101010101010101010101010101010101010201010101010101010101010101010101
010101010101010101020102010101010101010101010101010101010101010101010101010101010101010101010101
010101010101010101010101010101010101010101010101010101010101010101010101010101010101010101010101
010101010101010101010101010101010101010101010101010101010101010101010101010101010101010101010101
010101010101010101010101010101010101010101010101010101010101010101010101010101010101010101010101
010101010101010101010101010101010101010101010101010101010101010101010101010101010101010101010101
010101010101010101010101010101010101010101010101010201010101010101010101010101010101010101010101
010101010101010101010101010101010101010101010101020201010101010101010101010101010101010101010101
010101010101010101020101020101010101010101010101010101010101010101010101010101010101010101010101
010101010101010101010101010101010101010101010101010101010101010101010101010101010101010101010101
010101010101010101010101010101010101010101010201020101010101010101010101010101010101010101010101
010101010101010101010101010101010101010101010101010101010101010101010101010101010101010101010101
010101010101020101010101010101010101010101020101010201010101010101010101010101010101010101010101
010101010101010101010102010101010101010102010201010101010101010101010101010101010101010101010101
010101010101010101010101010101010101010101010101010101010101010101010101010101010101010101010101
010101010101010101010101010101010101010101010101010101010101010101010101010101010101010101010101
010101010101010101010101010101010101010101010101010101010101010101010101010101010101010101010101
010101010101010101010101010101010101010101010101010101010101010101010101010101010101010101010101
010101010101010101010101010101010101010101010101010101010101010101010101010101010101010101010101
010101010101010101010101010101010101010101010101010101010101010101010101010101010101010101010101
010101010101010101020201010202020201020101010101010101010101010101010101010101010101010101010101
010101010101010101010101010101010101010101010101010101010101010201010201010101010101010101010101
010101010101020101010101010101010101010101010101010101010101010101010101010101010101010101010101
010101010101010101010101010101010101010101010101010101010101010101010101010101010101010101010101
010101010101010101010101010101010101010101010101010101010101010101010101010101010101010101010101
010101010101010101010101010101010101010101010101010101010101010101010101010101010101010101010101
010101010101010101010202010101020101010101020201010101010101010201010101010101020101010101010101
010101010101010101010101010101010101010101010101010101010101010101010101010101010101010101010101
010101010101010202010101010101020101010101020201010101010101010101010101010201010101010101010101
010102010101010101010101010101010101010101010101010101010102010102010101010102010101010101020201
010101020201020202010102010201010101010101010101010101010101010101010101010101010101010101010101
010101010101010101010101010101010101010101010101010101010101010101010101010101010101010101010101
010101010101010101010101010101010101010101010101010101010101010101010101010101010101010101010101
010101010101010101010101010101010101010101010101010101010101010101010101010101010101010101010101
010101010101010101010101010101010101010101010101010101010101010101010101010101010101010102020101
010101010101010101010101010101010101010101010101010101010101010101010101010101010101010101010101
010101010101010101010101010101010101010101010101010101010101010101010101010101010101010101010101
010101010101010101010101010101010101010101010101010101010101010101010101010101010101010102010101
010101010101010101010101010101010101010101010101010101010101010101010101010101010101010101010101
010101010101010101010101010101010101010101010101010101010101010101010101010101010101010101010101
010101010101010101010101010101010101010101010101010101010101010101010101010101010101010101010101
010101010101010101010101010101010101010101010101010101010101010101010101010101010101010101010101
010101010101010101010101010101010101010101010101010101010101010101010101010101010101010101010101
010101010101010101010101010101010101010101010101010101010101010101010101010101010101010101010101
010101010101010101010101020101010101010101010101010101010101010101010101010101010101010101010101
010101010101010101010101010101010101010101010101010101010101010101010101010101010101010101010101
010101010101010101010101010101010101010101010101010102010101010201010101010101010101010101010101
010101010101010101010102010101010101010101010101010101010101010101010101010101010101010101010101
010101010101010101010101010201010101010101010101010101010101010101010101010101010101010101010101
010101010101010101010101010101010101010101010101010101010101010101010101010101010101010101010101
010101010101010101010101010101010101010101010101010101010101010101010101010101010101010101010101
010101010101010101010101010101010101010101010101010101010101010101010101010101010101010101010101
010101010101010101010101010101010101010101010101010101010101010101010101010101010101010101010101
010101010101010101010101010101010101010101010101010101010101010101010101010101010101010101010101
010101010101010101010101010101010101010101010101010101010101010101010101010101010101010101010101
010101010101010101010101010101010101010101010101010101010101010101010101010101010101010101010101
010101010101010101010101010101010101010101010101010101010101010101010101010101010101010101010101
010101010101010101010101010101010201010101010201010101010101010102010101010101010101010101010101
010101010101010101010101010101010101010101010101010101010102010101010101010101010101010101010101
010101010101010101010101010101010101010101010101010101010101010101010101010101010101010101010101
010101010101010101010101010101010101010101010101010102010101020101010101010101010101010101010101
010101010101010101010101010101010101010101010101010101010101010101010101010101010101010101010101
010101010101010101010101010101010101010101010101010101010101010101010101010101010101010101010101
010101010101010101010101010101010101010101010101010101010101010101010101010101010101010101010101
010101010101010101010101010101010101010101010101010101010101010101010101010101010101010101010101
010101010101010101010101010101010101010101010101010101010101010101010101010101010201010101010101
010101010101010101010101010101010101010101010101010101010101010101010101010101010101010101010101
010101010101010101010101010101010101010101010101010101010101010101010101010101010101010101010101
010101010101010101020101010101010101010101010101010101010101010101010101010101010101010101010101
010101010101010201010101010101010101010101010101010101010101010101010101010101010101010101010101
020101010101010101010101010101010101010101010101010101010101010101010101010101010101010101010101
010101010101010101010101010101010101010101010101010101010101010101010101010101010101010101010101
010101010101010101010101010101010101010101010101010101010101010101010101010101010101010101010101
010101010101010101010101010101010101010101010101010101010101010101010101010101010101010101010101
010101010101010101010101010101010101010101010101010101010101010101010101010101010101010101010101
010101010101010101010101010101010101010101010101010101010101010101010101010101010101010101010101
010101010101010101010101010101010101010101010101010101010101010101010101010101010101010101010101
010101010101010101010101010101010101010101010101010101010101010101010101010101010101010101010101
010101010101010101010101010101010101010101010101010102010101010101010101010101010101010101020101
010101010101010101010101010101010101010101010101010101010101010101010101010101010201010101010101
010101010101010101010101010101010101010101010101010101010101010101010101010101010101010101010101
010101010101010101010101010101010101010101010101010101010101010101010101010101010101010101010101
010101010101010101010101010101010101010101010101010101010101010101010101010101010101010101010101
010101010101010101010101010101010101010101010101010101010101010101010101010101010101010101010101
010101010101010101010101010101010101010101010101010101010101010101010101010101010101010101010101
010101010101010101010101010101010101010101010101010101010101010101010101010101010101010101010101
010101010101010101010101010101010101010101010101010101010101010101010101010101010101010101010101
010101010101010101010101010101010101010101010101010101010101010101010101010101010101010101010101
010101010101010102010101010101010101010101010101010101010101010101010101010101010101010101010101
010101010101010101010101010101010101010201010101010101010101010101010101010101010101010101010101
010101010101010101010101010101010101010101010101010101010101010101010101010101010101010101010101
010101010101010101010101010101010101010101010101010101010101010101010101010101010101010101010101
010101010101010101010101010101010101010101010101010101010101010101010101010101010101010101010101
010101010101010101010101010101010101010101010101010101010101010101010101010101010101010101010101
010101010101010101010101010101010101010101010101010101010101010101010101010101010101010101010101
010101010101010101010101010101010101010101010101010101010101010101010101010101010101010101010101
010101010101010101010101010101010101010101010101010101010101010101010101010101010101010101010101
010101010101010101010101010101010101010201010101010101010101010101010101010101010101010101010101
010101010101010101010101010101010101010101010101010101010101010101010101010101010101010101010101
010101010101010101010101010101010101010101010101010101010101010101010101010201010101010201010101
010101010101010101010101010101010101010101010101010101010101010101010101010101010101010101010101
010101010101010101010101010101010101010101010101010101010101010101010101010101010101010101010101
010101010101010101010101010101010101010101010101010101010101010101010101010101010101010101010101
010101010101010101010101010101010101010101010101010101010101010101010101010101010101010101010101
010101010101010101010101010101010101010101010101010101010101010101010101010101010101010101010101
010101010101010101010101010101010101010101010101010101010101010101010101010101010101010101010101
010101010101010101010101010101010101010101010101010101010101010101010101010101010101010101010101
010101010101010101010101010101010101010101010101010101010101010101010101010101010101010101010101
010101010101010101010101010101010101010101010101010101010101010101010101010101010101010101010101
010101010101010101010101010101010101010101010101010101010101010101010101010101010101010101010101
010101010101010101010101010101010101010101010101010101010101010101010101010101010101010101010101
010101010101010101010101010101010101010101010101010101010101010101010101010101010101010101010101
010101010101010101010101010101010101010101010101010101010101010101010101010101010101010101010101
010101010101010101010101010101010101010101010101010101010101010101010101010101010101010101010101
010101010101010101010101010101010101010101010101010101010101010101010101010101010101010101010101
010101010101010101010101010101010101010101010101010101010101010101010101010101010101010101010101
010101010101010101010101010101010101010101010101010101010101010101010101010101010101010101010101
010101010101010101010101010101010101010101010101010101010101010101010101010101010101010101010101
010101010101010101010101010101010101010101010101010101010101010101010101010101010101010101010101
010101010101010101010101010101010101010101010101010101010101010101010101010101010101010101010101
010101010101010101010101010101010101010101010101010102010201010101010101010101010101010101010101
010101010101010101010101010101010101010101010101010101010101010101010101010101010101010101010101
010101010101010101010101010101010101010101010101010101010101010101010101010101010101010101010101
010101010101010101010101010101010101010101010101010101010101010101010101010101010101010101010101
010101010101010101010101010101010101010101010101010101010101010101010101010101010102010101010101
010101010101010101010101010101010101010101010101010101010101010101010101010101010101010101010101
010101010101010101010101010101010101010101010101010101010101010101010101010101010101010101010101
010101010101010101010101010101010101010101010101010101010101010101010101010101010101010101010101
010101010101010101010101010101010101010101010101010101010101010101010101010101010101010101010101
010101010101010101010101010101010101010101010101010101010101010101010101010101010101010101010101
010101010101010101010101010101010101010101010101010101010101010101010101010101010101010101010101
010101010101010101010101010101010101010101010101010101010101010101010101010101010101010101010101
010101010101010101010101010101010101010101010101010101010101010101010101010101010101010101010101
010101010101010101010101010101010101010101010101010101010101010101010101010101010101010101010101
010101010101010101010101010101010101010101010101010101010101010101010101010101010101010101010101
010101010101010101010101010101010101010101010101010101010101010101010101010101010101010101010101
010101010101010101010101010101010101010101010101010101010101010101010101010101010101010101010101
010101010101010101010101010101010101010101010101010101010101010101010101010101010101010101010101
010101010101010101010101010101010101010101010101010101010101010101010101010101010101010101010101
010101010101010101010101010101010101010101010101010101010101010101010101010101010101010101010101
010101010101010101010101010101010101010101010101010101010101010101010101010101010101010101010101
010101010101010101010101010101010101010101010101010101010101010101010101010101010101010101010101
010101010101010101010101010101010101010101010101010101010101010101010101010101010101010101010101
010101010101010101010101010101010101010101010101010101010101010101010101010101010101010101010101
010101010101010101010101010101010101010101010101010101010101010101010101010101010101010101010101
010101010101010101010101010101010101010101010101010101010101010101010101010101010101010101010101
010101010101010101010101010101010101010101010101010101010101010101010101010101010101010101010101
010101010101010101010101010101010101010101010101010101010101010101010101010101010101010101010101
010101010101010101010101010101010101010101010101010101010101010101010101010101010101010101010101
010101010101010101010101010101010101010101010101010101010101010101010101010101010101010101010101
010101010101010101010101010101010101010101010101010101010101010101010101010101010101010101010101
010101010101010101010101010101010101010101010101010101010101010101010101010101010101010101010101
010101010101010101010101010101010101010101010101010101010101010101010101010101010101010101010101
010101010101010101010101010101010101010101010101010101010101010101010101010101010101010101010101
010101010101010101010101010101010101010101010101010101010101010101010101010101010101010101010101
010101010101010101010101010101010101010101010101010101010101010101010101010101010101010101010101
010101010101010101010101010101010101010101010101010101010101010101010101010101010101010101010101
010101010101010101010101010101010101010101010101010101010101010101010101010101010101010101010101
010101010101010101010101010101010101010101010101010101010101010101010101010101010101010101010101
010101010101010101010101010101010101010101010101010101010101010101010101010101010101010101010101
010101010101010101010101010101010101010101010101010101010101010101010101010101010101010101010101
010101010101010101010101010101010101010101010101010101010101010201010101010101010101010101010101
010101010101010101010101010101010101010101010101010101010101010101010101010101010101010101010101
010101010101010101010101010101010101010101010101010101010101010101010101010101010101010101010101
010101010101010101010101010101010101010101010101010101010101010101010101010101010101010101010101
010101010101010101010101010101010101010101010101010101010101010101010101010101010101010101010101
010101010101010101010101010101010101010101010101020101010101010101010101010101010101010101010101
010101010101010101010101010101010101010101010101010101010101010101010101010101010101010101010101
010101010101010101010101010101010101010101010101010101010101010101010101010101010101010101010101
010101010101010101010101010101010101010101010101010101010101010101010101010101010101010101010101
010101010101010101010101010101010101010101010101010101010101010101010101010101010101010101010101
010101010101010101010101010101010101010101010101010101010101010101010101010101010101010101010101
010101010101010101010101010101010101010101010101010101010101010101010101010101010101010101010101
010101010101010101010101010101010101010101010101010101010101010101010101010101010101010101010101
010101010101010101010101010101010101010101010101010101010101010101010101010101010101010101010101
010101010101010101010101010101010101010101010101010101010101010101010101010101010101010101010101
010101010101010101010101010101010201010101010101010101010101010101010101010101010101010101010101
010101010101010101010101010101010101010101010101010101010101010101010101010101010101010101010101
010101010101010101010101010101010101010101010101010101010101010101010101010101010101010101010101
010101010101010101010101010101010101010101010101010101010101010101010101010101010101010101010101
010101010101010101010101010101010101010101010101010101010101010101010101010101010101010101010101
010101010101010101010101010101010101010101010101010101010101010101010101010101010101010101010101
010101010101010101010101010101010101010101010101010101010101010101010101010101010101010101010101
010101010101010101010101010101010101010101010101010101010101010101010101010101010101010101010101
010101010101010101010101010101010101010101010101010101010101010101010101010202020101010102020102
010102010102020201010101010101010102010102020202010101010101010101020202010101020101010101010101
010101010101010101010102020101010101020101010101010101010101010201010101010101010102010101020101
010101010101010101020101010101010101010101010101010102020101010101010101010101010101010101010101
010101010101010101010101010101010101010101010101010101010101010101010101010101010101010101010101
010101010101010101010101010101010101010101010201010101010201010101020201010101010101010201010101
010101010101010101010101010101010101010101010101010101010101010101010101010101010101010101010101
010101010101010101010101010101010101010101010101010101010101010101010101010101010101010101010101
010101010101010101010101010101010101010101010101010101010101010101010101010101010101010101010101
010101010101010101010101010101010101010101010101010101010101010101010101010101010101010101010101
010101010101010101010101010101010101010101010101010101010101010101010101010101010101010101010101
010101010101010101010101010101010101010101010101010101010101010101010101010101010101010101010101
010101020101010101010101010101010101010101010101010101010101010101010101010101010101010101010101
010101010101010101010101010101010101010101010101010101010101010101010101010101010101010101010101
010101010101010101010101010101010101010101010101010101010101010101010101010101010101010101010101
010101010101010101010101010101010101010101010101010101010101010101010101010101020101010101010101
010101010101010101010101010101010101010101010101010101010101010101010101010101010101010101010101
010101010101010101010101010101010101010101010101010101010101010101010101010101010101010101010101
010101010101010101010101010101010101010101010101010101010101010101010101010101010101010101010101
010101010101010101010101010101010101010101010101010101010101020101010101010101010101010101010101
010101010101010101010101010101010101010101010101010101010101010101010101010101010101010101010101
010101010101010101010101010101010101010101010101010101010101010101010101010101010101010101010101
010101010101010101010101010101010101010101010101010101010101010101010101010101010101010101010101
010101010101010101010101010101010101010101010201010101010101010101010101010101010101010101010101
010101010101010101010101010101010101010101010101010101010101010101010101010101010101010101010101
010101010101010101010101010101010101010101010101010101010101010101010101010101010101010101010101
010101010101010101010101010101010101010101010101010101010101010101010101010101010101010101010101
010101010101010101010101010101010101010101010101010101010101010101010101010101010101010102010101
010101010101010101010101010101010101010101010101010101010101010101010101010101010101010101010101
010101010101010101010101010101010101010101010101010101010101010101010101010101010101010101010101
010101010101010101010101010101010101010101010101010101010101010101010101010101010101010101010101
010101010101010101010101010101010101010101010101010101010101010101010101010101010101010101010101
010101010101010101010101010101010101010101010102010101010101010101010101010101010101010101010101
010101010101010101010101010101010101010101010101010101010101010101010101010101010101010101010101
010101010101010101010101010101010101010101010101010101010101010101010101010101010101010101010101
010101010101010101010101010101010101010101010101010101010101010101010101010101010101010101010101
010101010101010101010101010101010101010101010101010101010101010101010101010101010101010101010101
020101010101010101010101020101020101010101010101010101010101010201010101010101010101010101010101
010101010101010101010101010101010101010101010101010101010101010101010101010101010101010101010101
010101010101010101010101010101010101010101010101010101010101010101010101010101010101010101010101
010101010101010101010101010101010101010101010101010101010101010101010101010101010101010101010101
010101010101010101010101010101010101010101010101010101010101010101010101010101010101010101010101
020102010101010201010201010101010101010101010101010101010101010101010102010101010101010101010101
010101010101010201010101010101010101010101010102010201010101010101010101010101010101010101010101
010101010101010101010101010101010101010101010101010101010101010101010101010101010101010101010101
010101010101010101010101010101010101010101010101010101010101010101010101010101010101010101010101
010101010101010101010101010101010101010101010101010101010101010101010101010101010101010101010101
010101010101010101010101010101010101010101010101010101010101010101010101010101010101010101010101
010101010101010101010101010101010101010101010101010101010101010101010101010101010101010101010101
010101010101010101010101010101010101010101010101010101010101010101010101010202010101010101010101
010101010101010101010101010101010101010101010101010101010101010101010101010101010101010101010101
010101010101010101010101010101010101010101010101010101010101010101010101010101010101010101010101
010101010101010101010101010101010101010101010101010101010101010101010101010101010101010101010101
010101010101010101010101010101010101010101010101010101010101010101010101010101010101010101010101
010101010101010101010101010101010101010101010101010101010101010101010101010101010101010101010101
010101010101010101010101010101010101010101010101010101010101010101010101010101010101010101010101
010101010101010101010101010101010101010101010101010101010101010101010101010101010101010101010101
010101010101010101010101010202020202010202020202010101020101010101010101010101010101010102020201
010101010101010101010102010101020202020202020202020202020202020202020202020202020202020202020202
020202020202020202020202020202020202020202020202020202020202020202020202020201020102020202020102
020202020101010101010101010101010101010101010101010101010101010101010101010101010101010101010101
010101010101010101010101010101010101010101010101010101010101010101010101010101010101010101010101
010101010101010101010101010101010101010101010101010101010101010101010101010101010101010101010101
010101010101010101010101010101010101010101010101010101010101010101010101010101010101010101010101
010101010101010101010101010101010101010101010101010101010101010101010101010101010101010101010101
010101010101010101010101010101010101010101010101010101010101010101010102010101010101020101010201
010101010202010101020101010101010201020102010101010101010101010101010101010101010101010201020102
010101010101010101010101010201010201010101010101010101010101010101010101010102010101010101010101
010101010101010101010101010101010101010101010101010101010101010101010101010101010101010101010101
010101010101010101010101010101010101010101010101010101010201010101010102010101010102020101020101
010102010101020101010201020101010101010101010101010101010101010101010102010101020102010101010101
020101010201010101010102010101010101010101010101010101010101010101010101010101010101010101010101
010101010101010101010101010101010101010101010101010101010101010101010101010101010101010101010101
010101010101010101010101010101010101010101010101010101010101010101010101010101010101010101010101
010101010101010101010101010101010101010101010101010101010101010101010101010101010101010101010101
010101010101010101010101010101010101010101010101010101010101010101010101010101010101010101010101
010101010101010101010101010101010101010101010101010101010101010101010101010101010101010101010101
010201010101010101010102010201010202020101020201010101010101010101020101010101010101010101010101
010101010102010102010102010102010102010101010101010101010101010101010101010101010101010101010102
010101010101010101010101010101010101010101010101010101010101010101010101010101010101010101010101
010101010101010101010101010101010101010101010101010101010101010101010101010101010101010101010101
010101010101010101010101010101010101010101010101010101010101010101010101010101010101010101010101
010101010101010101010101010101010101010101010101010101010101010101010101010101010101010101010101
010101010101010101010101010101010101010101010101010101010101010101010101010101010101010101010101
010101010101010101010101010101010101010101010101010101010101010101010101010101010101010101010101
010101010101010101010101010101010101010101010101010101010101010101010101010101010101010101010101
010101010101010101010101010101010101010101010101010101010101010101010101010101010101010101010101
010101010101010101010101010101010101010101010101010101010101010101010101010101010101010101010101
010101010101010101010101010101010101010101010101010101010101010101010101010101010101010101010101
010101010101010101010101010101010101010101010101010101010101010101010101010101010101010101010101
010101010101010101010101010101010101010101010101010101010101010101010101010101010101010101010101
010101010101010101010101010101010101010101010101010101010101010101010101010101010101010101010101
010101010101010101010101010101010101010101010101010101010101010101010101010101010101010101010101
010101010101010101010101010101010101010101010101010101010101010101010101010101010101010101010101
010101010101010101010101010101010101010101010101010101010101010101010101010101010101010101010101
010101010101010101010101010101010101010101010101010101010101010101010101010101010101010101010101
010101010101010101010101010101010101010101010101010101010101010101010101010101010101010101010101
010101010101010101010101010101010101010101010101010101010101010101010101010101010101010101010101
010101010101010101010102010101010101010101010101010101010101010101010101010101010101010101010101
010101010101010101010101010101010101010101010101010101010101010101010101010101010101010101010101
010101010101010101010101010101010101010101010101010101010101010101010101010101010101010101010101
010101010101010101010101010101010101010101010101010101010101010101010101010101010101010101010101
010101010101010101010101010101010101010102010101010102010101010101010101020101010101010101010101
010102010101010101010101010101010101010101010101010101010101010101010101010101010101010101010101
010101010101010101010101010101010101010101010101010101010101010101010101010101010101010101010101
010101010101010101010101010101010101010101010101010101010101010101010101010101010101010101010101
010101010101010101010101010101010101010101010101010101010101010101010101010101010101010101010101
010101010101010101010101010101010101010101010101010101010101010101010101010101010101010101010101
010101010101010101010101010101010101010101010101010101010101010101010101010101010101010101010101
010101010101010101010101010101010101010101010101010101010101010101010101010101010101010101010101
010101010101010101010101010101010101010101020101010101010101010101010101010101010101010101010101
010101010101010101010101010101010101010101010101010101010101010101010101010101010101010101010101
010101010101010101010101010101010101010101010101010101010101010101010101010101010101010101010101
010101010101010101010101010101010101010101010101010101010101010101010101010101010101010101010101
010101010101010101010101010101010101010101010101010101010101010101010101010101010101010101010101
010101010101010101010101010101010101010101010101010101010101010101010101010101010101010101010101
010101010101010101010101010101010101010101010101010101010101010101010101010101010101010101010101
010101010101010101010101010101010101010101010101010101010101010101010101010101010101010101010101
010101010101010101010101010101010101010101010101010101010101010101010101010101010101010101010101
010101010101010101010101010101010101010101010101010101010101010101010101010101010101010101010101
010101010101010101010101010101010101010101010101010101010101010101010101010101010101010101010101
010101010101010101010101010101010101010101010101010101010101010101010101010101010101010101010101
010101010101010101010101010101010101010101010101010101010101010101010101010101010101010101010101
010101010101010101010101010101010101010101010101010101010101010101010101010101010101010101010101
010101010101010101010101010101010101010101010101010101010101010101010101010101010101010101010101
010101010101010101010101010101010101010101010101010101010201010101010101010101010101010101010101
010101010101010101010101010101010101010101010101010101010101010101010101010101010101010101010101
010101010101010101010101010101010101010101010101010101010101010101010101010101010101010101010101
010101010101010101010101010101010101010101010101010101010101010101010101010101010101010101010101
010101010101010101010101010101010101010101010101010101010101010101010101010101010101010101010101
010101010101010101010101010101010101010101010101010101010101010101010101010101010101010101010101
010101010101010101010101010101010101010101010101010101010101010101010101010101010101010101010101
010101010101010101010101010101010101010101010101010101010101010101010101010101020201010201010101
010101010101010101010101010101010101010101010101010101010101010101010101010101010101010101010101
010101010101010101010101010101010101010101010101010101010101010101010101010101010101010101010101
010101010101010101010101010101010101010101010101010101010101010101010101010101010101010101010101
010101010101010101010101010101010101010101010101010101010101010101010101010101010101010101010101
010101010101010101010101010101010101010101010101010101010101010101010101010101010101010101010101
010101010101010101010101010101010101010101010101010101010101010101010101010101010101010101010101
010101020101010101010101010101010102010101010101010101010101010101010101010101010101010101010101
010101010101010101010101010101010101010101010101010101010101010101010101010101010101010101010101
010101010101010101010101010101010101010101010101010101010101010101010101010101010101010101010101
010101010101010101010101010101010101010101010101010101010101010101010101010101010101010101010101
010101010101010101010101010101010101010101010101010101010101010101010101010101010101010101010101
010101010101010101010101010101010101010101010101010101010101010101010101010101010101010101010101
010101010101010101010101010101010101010101010101010101010101010101010101010101010101010101010101
010101010101010101010101010101010101010101010101010101010101010101010101010101010101010101010101
010101010101010101010101010101010101010101010101010101010101010101010101010101010101010101010101
010101010101010101010101010101010101010101010101010101010101010101010101010101010101010101010101
010101010101010101010101010101010101010101010101010101010101010202020102020202020202010102020201
010101010101010101010101010101010101010101010101010101010101010101010101010101010101020202020202
020202020202020202020202020101020201020101010101010101010101010101010101010101010101010101010101
010101010101010101010101010101010101010101010101010101010101010101010101010102020101010101010102
010101010101010101020101010201010101010101020101010101010101010101010101010101010101010101010101
010101010102020101020101010101010101010101010101010101010101010101010101010101010101010101010101
010101010101010101010101010101010101010101010101010101010102010201010201010101010101010101010101
010101010101010101010101010101010101010101010101010101010101010101010101010101010101010101010101
010101010101010101010101010101010101010101010101010101010101010101010101010101010101010101010101
010101010101010101010101010101010101010101010101010101010101010101010101010101010101010101010101
010101010101010101010101010101010101010101010101010101010101010101010101010101010101010101010101
010101010101010101010101010101010101010101010101010101010101010101010101010101010101010101010101
010101010101010101010101010101010101010101010101010101010101010101010101010101010101010101010101
010101010101010101010101010101010101010101010101010101010101010101010101010101010101010101010101
010101010101010101010101010101010101010101010101010101010101010101010101010101010101010101010101
010101010101010101010101010101010101010101010101010101010101010101010101010101010101010101010101
010101010101010101010101010101010101010101010101010101010101010101010101010101010102010101010101
010101010101010101010101010101010101010101010101010101010101010101010101010101010101010101010101
010102010101010101010101010101010101010101010101010101010101010101010101010101010101010101010101
010101010101010101010101010101010101010101010101010101010101010101010101010101010101010101010101
010101010101010101010101010101010101010101010101010101010101010101010101010101010101010101010101
010101010101010101010101010101010101010101010101010101010101010101010101010101010101010101010101
010101010101010101010101010101010101010101010101010101010101010101010101010101010101010101010101
010101010101010101010101010101010101010101010101010101010101010101010101010101020101010101010101
010101010101010101010101010101010101010101010101010101010101010101010101010101010101010101010101
010101010101010101010101010101010101010101010101010101010101010101010101010101010101010101010101
010101010101010101010101010101010101010101010101010101010101010101010101010101010101010101010101
010101010101010101010101010101010101010101010101010101010101010101010101010101010101010101010101
010101010101010101010101010101010101010101010101010101010101010101010101010101010101010101010101
010101010101010101010101010101010101010101010101010101010101010101010101010101010101010101010101
010101010101010101010101010101010101010101010101010101010101010101010101010101010101010101010101
010101010101010101010101010101010101010101010101010101010101010101010101010101010101010101010101
010101010101010101010101010101010101010101010101010101010101010101010101010101010101010101010101
010101010101010101010101010101010101010101010101010101010101010101010101010101010101010101010101
010101010101010101010101010101010101010101010101010101010101010101010101010101010101010102010101
010101010101010101010101010101010101010101010101010101010101010101010101010101010101010101010101
010101010101010101010101010101010101010101020101010101010101010101010101010101010101010101010101
010101010101010101010101010101010101010101010101010101010101010101010101010101010101010101010101
010101010101010101010101010101010101010101010101010101010101010101010101010101010101010101010101
010101010101010101010101010101010101010101010101010101010101010101010101010101010101010101010101
010101010101010101010101010101010101010101010101010101010101010101010101010101010101010101010101
010101010101010101010101010101010101010102010101010201010201010101010201010101010101010102010101
010201020101010101010101010101010101010101010101010101010101010101010101010101010101010101010101
010101010101010101010201010101010101010101010101010101010101010101010101010101010101010101010101
010101010101010101010101010101010101010101020101010101010101010101010101010101010101010101010101
010101010101010101010101010101010101010101010101010101010101010101010101010101010101010101010101
010101010101010101010101010101010101010101010101010101010101010101010101010101010101010101010101
010101010101010101010101010101010101010101010101010101010101010101010101020202010101010101010101
010101020201010201010101010101010201010101010101010101010101010101010101010101010101010101010101
010101010101010101010101010101010101010101010101010101010101010101010101010101010101010101010101
010101010101010101010101010101010101010101010101010101010101010101010101010101010101010101010101
010101010201010101010101010101010101010101010101010101010101010101010101010101010101010101010101
010101010101010101010101010101010101010101010101010101010101010101010101010101010101010101010101
010101010101010101010101010101010101010101010101010101010101010101010101010101010101010101010101
010101010101010101010101010101010101010101010101010101010101010101010101010101010101010101010101
010101010101010101010101010101010101010101010101010101010101010101010101010101010101010101010101
010101010101010101010101010101010101010101010101010101010101010101010101010101010101010101010101
010101010101010101010101010101010101010101010101010101010101010101010101010101010101010101010101
010101010101010101010101010101010101010101010101010101010101010101010101010101010101010101010101
010101010101010101010101010101010101010101010101010101010101010101010101010101010101010101010101
010101010101010101010101010101010101010101010101010101010101010101010101010101010101010101010101
010101010101010101010101010101010101010101010101010101010101010101010101010101010101010101010101
010101010101010101010101010101010101010101010101010101010101010101010101010101010101010101010101
010101010101010101010101010101010101010101010101010101010101010101010101010101010101010101010101
010101010101010101010101010101010101010101010101010101010101010101010101010101010101010101010101
010101010101010101010101010101010101010101010101010101010101010101010101010101010101010101010101
010101010101010101010101010101010101010101010101010101010101010101010101010101010101010101010101
010101010101010101010101010101010101010101010101010101010101010101010101020101020101020101010101
020101010101010201020101010101020101010101010101010102010101010101010101010101010101010101010101
010101010101010101010101010101010101010101010101010101010101010101010101010101010101010101010101
010101010101010101010101010101010101010101010101010101010101010101010101010101010101010101010101
010101010101010101010101010101010101010101010101010101010101010101010101010102010102010101010101
020101010102010101020101010201020101010101010101020101010101010101010101010101010101010101010102
010101010101010102010101010101010101010101020101010201010101010101010101010101010201010101010101
010101010101010101010101020101010102010101010102010101010101010101010101010101010102010101020102
010101010101010101010101010101010101010101010101010101010101010101010101010101010101010101010201
020102010101020102010101010102010101010101010101010201010101010101010201010101010101010101010101
010101010101010101010101010101010101010101010101010101010101010101010101010101010101010101010101
010101010101010201010101010102010201010101010201010101010101010101020101010101010101010101010101
010101010101010101010101010101010101010101010101010101010101010101010101010101010101010101010101
010101020101010101020101010102010201010101010101010201010101010101010101010102010101010101010101
010101010101010101020101010201020101010101010101010101010102010101010101010101010101010101010101
010101010101010201020101010102010101010101010201010101010101010201010101010101010101010101010101
010101010101010101010101010101010101010101010101010101010101020201010201010101010101010101010101
010202010101010101010101010102010101010101010201010202010101010101020101010102010101010101010101
010101010101010101010101010101010101010101010101010101010101010101010101010101010101010101010101
010101010101010101010101010101010101010101010101010101010101010101010101010101010101010101010101
010101010101010101010101010101010201020101010101010201010101010101020101010102010101010101010101
020101010101010101020101010101010101010101010101010101010101010102010201020101010101010101010101
010101010101010101010101010101010101010101010101010101010101010101010101010101010101020101010101
020101010101020101010101010101010101010101010101010101010101010101010101010101010101010101010101
010101010101010101010101010101010101010101010101010101010101010101010201010101010102010101010101
010101010102010101020101010101010101010101010101010101020101010102010101010101010101010101010101
010201010101010101010202020202020202020202020202020202020202020202020202020202040202020202020202
020201010101010101010101010101010101010101010101010101010101010101010101020101010101010101020101
010201020101010101020101010101010101010101010101010101020101010201010101010101010101010101010101
010101010101010101020101020101020101010101010101010101010101010101010101010101010101010101010101
020101010201020101010101010201010101010101010101010102010101010101010101010102010101020101010101
010101010101010101010101010101010101010101010201010101010102010201010101010101010101010101010101
010101010101010101010101010101010101010101010101010101010101010101010101010101010101010101010101
010101010101010101010101010101010101010101010101010101010101010101010101010101010101010101010101
010101010101010102010101010101010101010101020101010101010101010102010101010101010101010101010101
010101010101010101010101010101010101010101010101010101010101010101010101010101010101010101010101
010101010102010101010101010201010101020102010101020101010101010101020101010101010101010101010201
010101010101010101010101010101010101010102010101010201010201010101010101010101010101010101010101
010101010101010101010101010201010102010201010101010101010101010101010102010101020101010101010101
010101010101010101010201020101010101010101010101010101010101010101010102010101010101020101020101
010101010101010101010101010101010101010101010101010101010101010101010101010101010101010101010101
010101010101010101010101010101010101010101010101010101010101010101010101010101010101010101010101
010101010101010101010101010101010101010101010101010101010101010101010101010101010101010101010101
010101010101010101010101010101010101010101010101010101010101010101010101010101010101010101010101
010101010101010101010101010101010101010101010101010101010101010101010101010101010101010101010101
010101010101010101010101010101010101010101010101010101010101010101010101010101010101010101010101
010101010101010101010101010101010101010101010101010101010101010101010101010101010101010101010101
010101010101010101010101010101010101010101010101010101010101010101010101010101010101010101010101
010101010101010101010101010101010101010101010101010101010101010101010101010101010101010101010101
010101010101010101010101010101010101010101010101010101010101010101010101010101010101010101010101
010101010101010101010101010101010101010101010101010101010101010101010101010101010101010101010101
010101010101010101010101010101010101010101010101010101010101010101010101010101010101010101010101
010101010101010101010101010101010101010101010101010101010101010101010101010101010101010101010101
010101010101010101010101010101010101010101010101010101010101010101010101010101010101010101010101
010101010101010101010101010101010101010101010101010101010101010101010101010101010101010101010102
010101010101010101010101010101010101010101010101010101010101010101010101010101010101010101010101
010101020101010101010101010101010101010101010101010101010101010101010101020101010101010101010101
010101010101010101010101010101010101010101010101010101010101010101010101010101010101010101010101
010101010201010101010101010101010101010101010101010101010101010101010101010101010101010101010101
010101010101010101010101010101010101010101010101010101010101010101010101010101010101010101010101
010101010102010101010101010101010101010101010101010101010101010101010101010101010101010101010101
010101010101010102020101020101010101010101010101010101010101010101010101010101010101010101010101
010101010102010101010201010201010202020101010101010101010202020202010101010101020101010101020101
010101010101010102010102020101010101010102020101010101010101010101010101010101010101010101010101
010101010101010101010101010101010101010101010102010101010101010101010101010101010101010101010101
010101010101010101010102010101010101010102010101010101010102010101010101010101010101010101010101
010101010101010101010101010101010101010101010101010101010101010101010101010101010101010101010101
010101010101010101010101010101010101010101010101010201020102010101010101010101010101010101010101
010101010101010101010101010101010101010101010101010101010101010101010101010101010101010101010101
010101010101010101010101010101010101010101010101010101010101010101010101010101010101010101010101
010101010101010101010101020201010201010101010102010201010102020201010101010101010202010301010101
010102020101010101010101010101010101010101010101010101010101010101010101010101010101010101010101
010101010101010101010101010101010101010101010101010101010101010101010101010101010101010101010101
010101010101010101010101010101010101010101010101010101010101010101010101010101010101010101010101
020101010101010101010102010201010101010101010101010101010101010101010101010101010101010101010101
010101010101010101010101010101010101010101010101010102010101010101010101010101010101010101010101
010101010101010101010101010101010101010101010101010101010101010101010101010101010101010101010101
010101010101010101010101010101010101010101010101010101010101010101010101010101010101010101010101
010101010101010101010101010101010101010101010101010101010101010101010101010101010101010101010101
010101010101010101010101010101010101010101010101010101010101010101010101010101010101010101010101
010101010101010101010101010101020101010101010101010101010101010101010101010101010101010101010101
010101010101010101010101010101010101010101010101010101010101010101010101010101010101010101010101
010101010101010101010101010101010101010101010101010101010101010101010101010101010101010101010101
010101010101010101010101010101010101010101010101010101010101010101010101010101010101010101010101
010101010101010101010101010101010101010101010101010101010101010101010101010101010101010101010101
010101010101010101010101010101010101010101010101010101010101010101010101010101010101010101010101
010101010101010101010101010101010101010101010101010102020101010101010101010201010101010101010101
010101010101010101010101010101010101010101010101010101010101010101010101010101010101010101010101
010101010101010101010101010101010102010101010101010101010101010101010101020101010101010101010201
010101010101010101010101010101010101010101010101010101010101010101010101010101010101010101010101
010101010101010101010101010101010101010101010101010101010101010101010101010101010101010101010101
010101010101010101010101010101010101010101010101010101010101010101010101010101010101010101010101
010101010101010101010101010101010101010101010101010101010101010101010101010101010101010101010101
010101010101010101010101010101010101010101010101010101010101010101010101010101010101010101010101
010101010101010101010101010101010101010101010101010101010101010101010101010101010101010101010101
010101010101010101010101010101010101010101010101010101010101010101010101010101010101010101010101
010101010101010101010101010101010101010101010101010101010101010101010101010101010101010101010101
010101010101010101010101010101010101010101010101010101010101010101010101010101010101010101010101
010101010101010101010101010101010101010101010101010101010101010101010101010101010101010101010101
010101010101010101010101010101010101010101010101010101010101010101010101010101010101010101010101
010101010101010101010101010101010101010101010101010101010101010101010101010101010101010101010101
010101010101010101010101010101010101010101010101010101010101010101010101010101010101010101010101
010101010101010101010101010101010101010101010101010101010101010101010101010101010101010101010101
010101010101010101010101010101010101010101010101010101010101010101010101010101010101010101010101
010101010101010101010101010101010101010101010101010101010101010101010101010101010101010101010101
010101010101010101010101010101010101010101010101010101010101010101010101010101010101010101010101
010101010101010101010101010101010101010101010101010101010101010101010101010101010101010101010101
010101010101010101010101010101010101010101010101010101010101010101010101010101010101010101010101
010101010101010101010101010101010101010101010101010101010101010101010101010101010101010101010101
010101010101010101010101010101010101010101010101010101010101010101010101010101010101010101010101
010101010101010101010101010101010101010101010101010101010101010101010101010101010101010101010101
010101010101010101010101010101010101010101010101010101010101010101010101010101010101010101010101
010101010101010101010101010101010101010101010101010101010101010101010101010101010101010101010101
010101010101010101010101010101010101010101010101010101010101010101010101010101010101010101010101
010101010101010101010101010101010101010101010101010101010101010101010101010101010101010101010101
010101010101010101010101010101010101010101010101010101010101010101010101010101010101010101010101
010101010101010101010101010101010101010101010101020101010101010101010101010101010101010101010101
010101010101010101010101010101010101010101010101010101010101010101010101010101010101010101010101
010101010101010101010101010101010101010101010101010101010101010101010101010101010101010101010101
010101010101010101010101010101010101010101010101010101010101010101010101010101010101010101010101
010101010101010101010101010101010101010101010101010101010101010101010101010101010101010101010101
010101010101010101010101010101010101010101010101010101010101010101010101010101010101010101010101
010101010101010101010101010101010101010101010101010101010101010101010101010101010101010101010101
010101010101010101010101010101010101010101010101010101010101010101010101010101010101010101010101
010101010101010101010101010101010101010101010101010101010101010101010101010101010101010101010101
010101010101010101010101010101010101010101010101010101010101010101010101010101010101010101010101
010101010101010101010101010101010101010101010101010101010101010101010101010101010101010101010101
010101010101010101010101010101010101010101010101010101010101010101010101010101010101010101010101
010101010101010101010101010101010101010101010101010101010101010101010101010101010101010101010101
010101010101010101010101010101010101010101010101010101010101010101010101010101010101010101010101
010101010101010101010101010101010101010101010101010101010101010101010101010101010101010101010101
010101010101010101010101010101010101010101010101010101010101010101010101010101010101010101010101
010101010101010101010101010101010101010101010101010101010101010101010101010101010101010101010101
010101010101010101010101010101010101010101010101010101010101010101010101010101010101010101010101
010101010101010101010101010101010101010101010101010101010101010101010101010101010101010101010101
010101010101010101010101010101010101010101010101010101010101010101010101010101010101010101010101
010101010101010101010101010101010101010101010101010101010101010101010101010101010101010101010101
010101010101010101010101010101010101010101010101010101010101010101010101010101010101010101010101
010101010101010101010101010101010101010101010101010101010101010101010101010101010101010101010101
010101010101010101010101010101010101010101010101010101010101010101010101010101010101010101010101
010101010101010101010101010101010101010101010101010101010101010101010101010101010101010101010101
010101010101010101010101010101010101010101010101010101010101010101010101010101010101010101010101
010101010101010101010101010101010101010101010101010101010101010101010101010101010101010101010101
010101010101010101010101010101010101010101010101010101010101010101010101010101010101010101010101
010101010101010101010101010101010101010101010101010101010101010101010101010101010101010101010101
010101010101010101010101010101010101010101010101010101010101010101010101010101010101010101010101
010101010101010101010101010101010101010101010101020101010101010101010101010102010102010201020101
010101010101010101010101010101010101010102010101010101010101010201010101010101010101010101010101
010101010101010101010101010101010101010101010101010101010101010101010101010101010101010101010101
010101010101010101010101010101010101010101010101010101010101010101010101010101010101010101010101
010101010101010101010101010101010101010101010101010101010101010101010101010101010101010101010101
010101010101010101010101010101010101010101010101010101010101010101010101010101010101010101010101
010101010101010101010101010101010101010101010101010101010101010101010101010101010101010101010101
010101010101010101010101010101010101010101010101010101010101010101010101010101010101010101010101
010101010101010101010101010101010101010101010101010101010101010101010101010101010101010101010101
010101010101010101010101010101010101010101010101010102010101010201010201010101010101010101010101
010101010101010101010102020101010101010101010101010101010101010101010101010101010101010101020102
010101010101010101010101010101010101010101010101010101010101010101010101010101010101010101010101
010101010101010101010101010101010101010101010101010101010101010101010101010101010101010101010101
010101010101010101010101010101010101010101010101010101010101010101010101010101010101010101010101
010101010101010101010101010101010101010101010101010101010101010101010101010101010101010101010101
010101010101010101010101010101010101010101010101010101010101010101010101010101010101010101010101
010101010101010101010101010101010101010101010101010101010101010101010101010101010101010101010101
010101010101010101010101010101010101010101010101010101010101010101010101010101010101010101010101
010101010101010101010101010101010101010101010101010101010101010101010101010101010101010101010101
010101010101010101010101010101010101010101010101010101010201010101010101010101010101010102010102
010101010101010101010101010101010101010101010101010101010101010101020101010101010102010102010101
010101010101010101010101010101010101010101010101010101010101010101010101010101010101010101010101
010101010101010101010101010101010101010101010101010101010101010101010101010101010101010101010101
010101010101010101010101010101010101010101010101010101010101010101010101010101010101010101010101
010101010101010101010101010101010201010101010101010101010101010101010101010101010101010101010101
010101010101010101010101010101020201010101010101010101010101010101010101010101010101010101010101
010201020101010101010101010101010101010101010101010101010101010101020101020101010101010101010101
010101010101010101010101010101010101010101010101010101010101010101010101010101010101010101010101
010101010101010101010101010101010101010101010101010101010101010101010101010101010101010101010101
010101010101010101010101010101010101010101010101010101010101010101010101010101010101010101010101
010101010101010101010101010101010101010101010101010101010101010101010101010101010101010101010101
010101010101010101010101010101010101010101010101010101010101010101010101010101010101010101010101
010101010101010101010101010101010101010101010101010101010101010101010101010101010101010101010101
010101010101010101010101010101010101010101010101010101010101010101010101010101010101010101010101
010101010101010101010101010101010101010101010101010101010101010101010101010101010101010101010101
010101010101010101010101010101010101010101010101010101010101010101010101010101020201010101010101
010101020201010101010101010101010101010101020101010101010101010101010101010101010101010101010101
010101010101010101010101010101010101010101010101010101010201010201010101010102010101020101010101
010101020101010201010101020101010101010101010101010101010102010101010101010101010101010101010101
010101010101010101010101010101010101010101010101010101010101010101010101010101010101010101010101
010101010101010101010101010101010101010101010101010101010101010101010101010101010101010101010101
010101010101010101010101010101010101010101010101010101010101010101010101010101010101010101010101
010102010101010101010101020101010101010101010102010101010101010101010101010101010101010101010101
010101010101010101010101010101010101010101010101010101010101010101010101010101010101010101010101
010101010101010101010101010101010101010101010101010101010101010101010101010101010101010101010101
010101010101010101010101010101010101010101010101010101010101010101010101010101010101010101010101
010101010101010101010101010101010101010101010101010101010101010101010101010101010101010101010101
010101010101010101010101010101010101010101010101010101010101010101010101010101010101010101010101
010101010101010101010101010101010101010101010101010101010101010101010101010101010101010101010101
010101010101010101010101010101010101010101010101010101010101010101010101010101010101010101010101
010101010101010101010101010101010101010101010101010101010101010101010101010101010101010101010101
010101010101010101010101010101010101010101010101010101010101010101010101010101010101010101010101
010101010101010101010101010101010101010101010101010101010101010101010101010101010101010101010102
010101010101010101010201010201020101010101010101010101010101010102010101010101010101010101010101
010101010101010101010101010101010101010101010101010101010101010101010101010101010101010101010101
010101010101010101010101010102010101010101010101010101010101010101010101010101010101010101010101
010101010101010101010101010101010101010101010202010101010101010101010101010101010101010101010101
010101010101010101010101010101010101010101010101010101010101010202010101020101010101010101010101
010101010101010101010101010101010101010101010101010101010201010101010102010201010101010101010101
010101010101010101010101010101010101010101010101010101010101010101010101010101010101010101010101
010101010101010101010101010101010101010101010101010101010101010101010101010101010101010101010101
010101010101010101010101010101010101010101010102010101010201010201010101010101010101010101010101
010101010101010101010101010101010101010101010101010101010101010101010102010101010101010101010101
010101010101010101010101010101010101010101010101010101010101010101010101010101010101010101010101
010101010101010101010101010101010101010101010102020101010202010101010101010101010101010101010102
020101010201010101010101010101010101010101020101010101010101010101010101010101010101010101010101
010101010101010101010101010101010101010101010101010101010101010101010101010101010101010101010101
010101010101010101010101010101010101010101010101010101010101010101010101010101010101010101010101
010101010101010101010101010101010102020201020202020202020101020202010101010101010101010101010101
010101010101010101010101010101010101010101010101010101010101010101010101010101010101010101020202
020202020202020202020202020202020101020201020101010101010101010101010101010101010101010101010101
020101010101010101010101010101010101010101010101010101010101010101010101010101010101010101010101
010101010101010101010101010101010101010102010201010101010101010101010101010101010102010101010102
010101010201010201020202010101020201020101020102010101010101010201010102010101010101010102010201
010101010201010102010201010101010101010101010101010201010101010101010101010101020102010202020201
010101010102010102010101010101010101010101010202010101010101010101010101010101010202010101010101
010101010101010101010101010101010101010101010101010101010101010101010101010101010101010101010101
010101010101010101010101010101010101010101010101010101010101010101010101010101010101010101010101
010202020202010201010201010101010202010101010101010101010101010203010101010101020201010101010101
010101010101010101010101010101010101010101010101010101010101010101010101010101010101010101010101
010101010101010101010101010101010101010101010101010101010101010101010101010101010101010101010101
010101010101010101010102010102010101010101010101010101010101010101010101010101010101010101010101
010101010101010101010101010101010101010101010101010101010101010101010101010101010101010101010101
010101010101010101010101010101010101010101010101010101010101010101010101010101010101010101010101
010101010101010101010101010101010101010101010101010101010101010101010101010101010101010101010101
010101010101010101010101010101010101020101010101010101010101010101010101010101010101010101010101
010101010101010101010101010101010101010101010101010101010101010101010101010101010101010101010101
010101010101010101010202010101010101010201010101010101010101010101010101010101010101010101010101
010101010101010101010101010101010101010101010101010101010101010101010101010101010101010101010101
010101010101010101010101010101010101010101010101010101010101010101010101010101010101010101010101
010101010101010101010101010101010101020101010101010101010101010101020101010101010101020101010101
010101010101010101010101010101010101010101010101010101010101010101010101010102010101010101010101
010101010101010101010101010101010101010101010101010101010101010101010101010101010101010101010101
010101010101010101010101010101010101010101010101010101010101010101010101010101010101010101010101
010101010101010101010101010101010101010101010101010101010101010101010101010101010101010101010101
010101010101010101010101010101010101010101010101010101010101010101010101010101010101010101010101
010101010101010101010101010101010101010101010101010101010101010101010101010101010101010101010101
020101010201010101010101020101010101010101010101010101010101010101010101010101010101010102020101
020101010101010101010101010101010101010101010101010101010101010101010101010101010101010101010102
010101010101010201010101010102010101010101010101010101010101010101010101010101010101010101010101
010102020101010101010101010101010101010101010101010101010101010101010101010101010101010101010101
010101010101010101010101010101010101010101010101010101010101010101010101010101010101010101010101
010101010101010101010101010101010101010101010101010101010101010101010101010101010101010101010101
010101010101010101010101010101010101010101010101010101010101010101010101010101010101010101010101
010101010101010101010101010101010101010101010101010101010101010101010101010101010102010201010201
010101010101010101010101010101010101010101010101010101010101010101010101010101010101010101010101
010101010101010101010101010101010101010101010101010101010101010101010101010101010101010101010101
010101010101010101010101010101010101010101010101010101010101010101010101010101010101010101010101
010101010101010101020101010101010101010101020201010101010101010101010101010101010101010101010101
010101010101010101010101010101010102010101010101010101010101020101010101010101010101010101010101
010201010101010101010101010101010101010101010101010101010101010101010101010101010101010101010101
010101010101010101010201010101010101010101010101010101010201010101010101010101020101010101010101
010101010101010101010101010101010101010101010101010101010101010101010101010101010101010101010101
010101010101010101010101010101010101010101010101010101010101010101010101010101010101010101010101
010101010101010101010101010101010101010101010101010101010101010101010101010101010101010101010101
010101010101010101010101010101010101010101010101010201020101010101010101010101010101010101010101
010101010101010101010101010101010101010101010101010101020101010101010101010101010101010101010101
010101010101010101010101010101010101010101010101010101010101010101010101010101010101010101010101
010101010101010101010101010101010101010101010101010101010201010101010101010101010101010101010101
010101010101010101010101010101010101010101010101010101010101010101010101010101010101010101010101
010101010101010101010101010101010101010101010101010101010101010101010101010101010101010101010101
010101010101010101010101010101010101010101010101010101010101010101010101010101010101010101010101
010101010101010101010101010101010101010101010101010101010101010101010101010101010101010101010101
010101010101010101010101010101010102020102010101010101010101010101010101010101010101010101010101
010101010101010101010101010101010101010101010101010101010101010101010101010101010101010101010101
010101010101010101010101010101010101010101010101010101010101010101020101010101010101010201020101
010101010101010101010101010101010101010101010101010101010101010101010101010101010101010101010101
010101010101010101010102010101010101010101010101010101010101010101010101010101010101010101010201
010101010101010101010101010101010101010101010101010101010101010101010101010101010101010101010101
010101010101010101010101010101010101010101010101010101010101010101010101010101010101010101010101
010101010101010101010101010102010101010101010101010101010101010101010101010101010101010101010101
010101010101010101010101010101010101010101010101010101010101010101010101010101010101010101010101
010101010101010101010101010101020102010102010101010101010101010101010102020101010101010101020101
010101010101010101010101010101010101010101010101010101010101010101010101010101010101010101010101
010101010101010101010101010101010101010101010101010101010101010101010101010101010101010101010101
010101010101010101010101010101010101010101010101010101010101010101010101010101010101010101010101
01010101010101010101010101010101010101010101010101010101010101010101010101010101010101
