4b52433130310000bf41000000400000bf010000a23900000000000000000000000000000d0000000000000051000000
000000007100000000000000b100000000000000c5000000000000001f0100000000000036010000000000006b010000
000000007d01000000000000df01000000000000e501000000000000e801000000000000eb01000000000000fd010000
000000003002000000000000420200000000000062020000000000008202000000000000940200000000000097020000
0000000098020000000000009e02000000000000b002000000000000bb020000000000001d030000000000002f030000
0000000035030000000000007203000000000000a103000000000000a603000000000000ae03000000000000db030000
00000000fb03000000000000060400000000000043040000000000005504000000000000bd04000000000000d2040000
00000000d604000000000000f704000000000000f804000000000000fe04000000000000130500000000000018050000
0000000021050000000000008905000000000000aa05000000000000b005000000000000ec0500000000000005060000
000000002a060000000000006606000000000000b206000000000000e506000000000000ee060000000000004e070000
0000000050070000000000006b07000000000000ae07000000000000bb0700000000000035080000000000005c080000
00000000c208000000000000d60800000000000050090000000000007709000000000000dd09000000000000f1090000
000000001e0a000000000000270a0000000000002a0a000000000000330a0000000000004e0a000000000000710a0000
00000000740a0000000000007d0a000000000000850a000000000000a60a000000000000d30a000000000000090b0000
000000001b0b000000000000850b0000000000008e0b000000000000910b000000000000940b000000000000a60b0000
00000000dc0b000000000000ee0b000000000000100c000000000000330c000000000000450c000000000000480c0000
000000004b0c0000000000004c0c000000000000520c000000000000640c000000000000700c000000000000d30c0000
00000000e50c000000000000eb0c000000000000310d000000000000610d000000000000690d000000000000710d0000
00000000a10d000000000000c20d000000000000e30d000000000000ee0d0000000000002c0e000000000000aa0e0000
00000000c50e000000000000ce0e000000000000360f0000000000003f0f000000000000570f000000000000b90f0000
0000000023100000000000002c100000000000003e100000000000008f100000000000009510000000000000b0100000
00000000ee1000000000000009110000000000003f110000000000005111000000000000a111000000000000b3110000
00000000041200000000000034120000000000009712000000000000a012000000000000b212000000000000b8120000
00000000d31200000000000024130000000000006a1300000000000079130000000000008813000000000000a2130000
00000000a513000000000000ab13000000000000b413000000000000bd13000000000000d413000000000000d9130000
00000000da13000000000000db13000000000000dd13000000000000e013000000000000e813000000000000f6130000
00000000f913000000000000fc1300000000000011140000000000002a140000000000002f140000000000003e140000
0000000049140000000000005414000000000000691400000000000078140000000000008714000000000000c3140000
00000000c614000000000000d814000000000000ef14000000000000f4140000000000000c150000000000000d150000
000000000e15000000000000121500000000000018150000000000001e15000000000000261500000000000048150000
0000000068150000000000006e150000000000009a15000000000000b315000000000000b815000000000000d6150000
00000000e115000000000000ec1500000000000016160000000000004016000000000000691600000000000072160000
00000000b316000000000000c116000000000000c416000000000000c716000000000000df1600000000000024170000
000000003317000000000000541700000000000074170000000000008e17000000000000ca17000000000000d0170000
0000000004180000000000001c180000000000001e18000000000000221800000000000034180000000000008f180000
00000000a118000000000000b618000000000000e018000000000000e918000000000000f21800000000000004190000
0000000038190000000000003b1900000000000041190000000000004719000000000000591900000000000074190000
000000008e190000000000009d19000000000000bb19000000000000c919000000000000eb190000000000000b1a0000
00000000661a000000000000691a0000000000006c1a000000000000721a000000000000841a0000000000009f1a0000
00000000b91a000000000000ce1a000000000000fa1a0000000000001f1b000000000000281b0000000000002b1b0000
000000004b1b0000000000004e1b000000000000561b000000000000761b000000000000c81b000000000000ec1b0000
00000000f21b000000000000321c000000000000561c0000000000005c1c0000000000005e1c000000000000721c0000
00000000ba1c000000000000c71c000000000000071d0000000000001b1d000000000000a61d000000000000c11d0000
00000000ca1d000000000000241e000000000000711e0000000000008c1e000000000000a71e000000000000eb1e0000
00000000751f000000000000901f000000000000991f000000000000f31f000000000000112000000000000017200000
0000000029200000000000002b2000000000000031200000000000004720000000000000652000000000000089200000
000000008f20000000000000b320000000000000bf20000000000000c120000000000000c320000000000000cf200000
0000000010210000000000001c21000000000000322100000000000048210000000000009c21000000000000ae210000
00000000b421000000000000f52100000000000007220000000000002b2200000000000037220000000000006d220000
00000000ae22000000000000b422000000000000c022000000000000f622000000000000192300000000000025230000
000000004623000000000000522300000000000072230000000000009123000000000000b423000000000000c0230000
00000000cc230000000000000e240000000000001a2400000000000026240000000000002a2400000000000040240000
0000000083240000000000009b24000000000000ba24000000000000d92400000000000039250000000000005d250000
000000008125000000000000d625000000000000f72500000000000039260000000000004f26000000000000ae260000
00000000ce26000000000000112700000000000029270000000000008827000000000000b027000000000000b8270000
00000000bb27000000000000c427000000000000dc27000000000000ff27000000000000272800000000000056280000
000000006828000000000000cb28000000000000d328000000000000d628000000000000d928000000000000eb280000
000000001b290000000000002d2900000000000050290000000000007329000000000000df29000000000000f7290000
00000000002a000000000000672a000000000000ca2a000000000000d32a000000000000e52a000000000000312b0000
00000000492b000000000000792b0000000000008b2b000000000000d72b000000000000fc2b0000000000004e2c0000
00000000722c000000000000fd2c000000000000062d000000000000092d0000000000000f2d0000000000002a2d0000
00000000772d000000000000922d000000000000b22d000000000000f22d000000000000162e000000000000192e0000
000000001f2e000000000000212e0000000000002a2e000000000000452e000000000000592e000000000000e32e0000
00000000fe2e000000000000072f000000000000612f000000000000a92f000000000000b12f000000000000be2f0000
000000000230000000000000223000000000000062300000000000007630000000000000d030000000000000e7300000
000000001c310000000000002e310000000000009031000000000000963100000000000099310000000000009c310000
00000000ae31000000000000e131000000000000f3310000000000001332000000000000333200000000000045320000
00000000483200000000000049320000000000004f3200000000000061320000000000006c32000000000000ce320000
00000000e032000000000000e6320000000000002333000000000000523300000000000057330000000000005f330000
000000008c33000000000000ac33000000000000b733000000000000f43300000000000006340000000000006e340000
0000000083340000000000008734000000000000a834000000000000a934000000000000af34000000000000c4340000
00000000c934000000000000d2340000000000003a350000000000005b3500000000000061350000000000009d350000
00000000b635000000000000db350000000000001736000000000000633600000000000096360000000000009f360000
00000000ff3600000000000001370000000000001c370000000000005f370000000000006c37000000000000e6370000
000000000d3800000000000073380000000000008738000000000000013900000000000028390000000000008e390000
00000000a23900000000000026000000c3000000b5010000860300008605000003060000610a0000090b0000c10b0000
681d0000391f0000303b0000d33b0000eb00000092010000ab010000d2020000e50200005b0300008f030000c0050000
0006000073090000cb090000fb090000b60a0000ff0a00000c0b0000440b0000960b0000b20b0000ca0b0000f60c0000
cf0d0000d70d0000f5120000671300000f1400005b140000ff190000231a0000ef1a00003a1b0000d31b0000d61c0000
ff1c0000411d0000651d0000981d0000b51d0000d41d0000e01d0000061f00002d1f0000381f0000611f00006a1f0000
6e1f0000791f0000931f00009f1f00001d200000652000001022000040220000ae220000242300002127000025270000
bd27000063280000ce2900007f3b0000c93b0000d63b0000103c0000203d0000333e00004c3e0000543e0000a73e0000
580d0000f20e0000740f0000ba120000bc130000c413000053140000ee140000b4170000d2180000fd1d0000191e0000
4d1e00004e1f0000801f0000f12100007422000014230000b6230000c32400003b250000ca260000e6260000d3270000
f02e0000822f000025320000b732000013370000c13c0000e13f00002f400000bd000000fd0200009a030000bc030000
d103000074040000c5040000f70400001f050000630500007e050000c4050000480600009a0600005b090000b3090000
220a00004b0a0000600a00006d0a0000c20a00005f0b0000910b0000e50b00001c0c0000470c0000f10c00007b0e0000
651300007f130000be170000ea1d0000f11d00004e1e00003c1f0000831f0000d51f0000d2210000d6220000b9230000
eb2300000a2500007b25000044260000e7260000f5260000e1270000fe2900000a300000853000001632000082320000
fe340000713500005e360000f7360000db3800008b3a0000243b00008b3b0000fe3e0000e23f00003d40000079400000
1700000061000000a8000000fa0000003c010000b1010000fb0100001d0200002d020000ed0200007a03000088060000
c806000007080000e9080000b50b0000491500009c1f0000cd22000066230000eb00000092010000ab010000e5020000
210300005b0300008f030000fa0300009d040000a7040000f4040000c005000000060000ff0600006607000013090000
3d0900006c0900007309000092090000db090000b60a0000ff0a0000960b0000b20b0000ca0b0000850c0000f60c0000
3e0d0000d70d0000340e00003b0e00004c0f000026100000d91100006912000067130000db1300005b14000063140000
6a1400007f15000015170000ba170000891b0000651d0000851d0000b91d0000e01d0000151e0000231e0000881e0000
b31e0000eb1e0000381f0000531f00009f1f0000aa1f0000f91f00001d2000006520000040220000ae22000024230000
be23000082260000212700007b270000a6270000e3270000a9280000f0280000172a00005c2a0000b52a00004f2b0000
5e2b0000432c000070300000f03100000d320000f73400004f3600009f360000dd360000c93a00007f3b0000c93b0000
e43c0000ba410000cd0e0000620f00006d0f0000a60f0000101300007b1400000b1e0000012400005b26000027280000
a7290000902a00009738000049390000bc390000643a0000a23a00006f3d0000913d0000903e0000bd3e0000363f0000
cb400000e2030000ff0300003504000064040000dd040000c30700009b0900001a0b0000660e0000950e0000270f0000
430f0000351100008c120000e6120000fe150000541b0000741b0000781b00009b1b0000ad1b0000621c0000861c0000
981c0000131d0000341e0000592400008b260000712b00003333000092330000c2330000203400008b360000b7370000
0d3900003639000078390000b3390000243a00003a3a0000473a0000743a0000d23a0000e53b0000443c0000533c0000
783c0000843d0000193e0000403e0000ba3f00003e41000014010000590100006b020000bb05000016070000b7070000
9a0a0000b80a00001f0b0000e21200005c180000311900003a1a0000d41a0000bf1c0000ff1c0000791f000084230000
8a01000053030000e003000027040000490400009a04000053050000d30600006b090000b30a0000cb0a0000380b0000
8e0b0000fb0b00000e0d0000a60d00009c0e0000b60e0000230f0000240f0000350f00003c0f0000740f0000780f0000
06100000e91000006211000074110000c211000098120000af120000ba120000e012000018130000201300004a130000
9f130000f4130000f8130000b4170000d2180000e21800000b190000771a0000d31a00004e1c00006a1c0000b61c0000
fd1c00004d1e0000741f0000801f00000220000010200000f1210000f92100007a230000b62300000224000017240000
182400005a240000d525000097260000ca260000e62600003b270000d32700005d280000af290000912a0000962a0000
ce2a00007c2b00002030000096300000f030000061310000d733000006340000383400007436000029370000ae370000
173800005139000059390000de3a00007c3b0000013d0000ec3e00009c3f0000e13f00002f400000b2400000ce400000
d040000037410000dc2700004628000058290000e83a0000013b0000c63e00004127000063280000ce29000062020000
1b060000270b0000fd0200007404000063050000480600005f0b0000e50b0000011600006e1c0000891c00003a200000
1c2200006124000044260000742b0000273a00008b3a0000fe3e00003f4100006c0400000b0500001905000050050000
1c0a0000dd0b0000270f0000430f0000e6120000fe150000741b0000781b00009b1b0000ad1b0000621c0000861c0000
131d0000f41d0000341e0000d8230000592400003e2600008b260000dc2700004628000058290000f6290000712b0000
d53800002739000036390000b3390000243a00003a3a0000473a00005a3a0000743a0000853a0000d23a0000e83a0000
013b00006e3c0000833c0000843d0000193e0000403e0000c63e0000e83e0000ba3f0000784000003e41000010020000
7703000000060000ff0a0000440b0000b20b0000e21200005c180000311900003a1a0000d41a0000bf1c0000ff1c0000
791f0000842300004127000063280000ce290000df0d0000d30e0000740f0000bc0f00005d100000ba12000018130000
291400008114000002200000f12100001724000063260000b5270000cd27000006280000312800005d280000be280000
7c290000af290000cb290000e3290000962a0000e732000010330000a338000051390000aa3a0000973e0000533f0000
ce4000001d01000083020000f80300003c040000c3040000d9040000e0040000c40500001e070000c6070000e3090000
c20a0000260b00002a0b00008f120000011600005e1c00006e1c0000891c00009b1c00003a2000001c22000061240000
742b000046300000af300000363300009b3300008e360000273a0000f13b00003f410000af070000fb0800007b090000
780c0000bd0c0000930d0000391000004b13000069130000f5130000b11a0000071b0000421b0000d31b00009d1c0000
d61c0000e51c0000071d0000e6090000a81a0000a51c000054020000ed020000b50b0000f01a0000431b0000081d0000
cd220000fb090000960b0000930d000039100000f5130000fa170000ff190000071b0000421b0000d31b0000d61c0000
e51c0000071d0000381f0000ca2200004127000063280000ce290000fb0000005702000017070000b807000000090000
be0c0000b21a0000c21a0000f01a0000431b0000081d000007040000ea040000ba05000031090000a7090000990a0000
8e0b0000ee0c00000e0d0000920d0000df0d0000ed0d0000580e00007a0e00009c0e0000b60e0000ce0e0000d30e0000
290f00002b0f0000a70f0000bc0f0000bd0f000006100000381000005d1000009210000062110000a6110000af120000
ee120000641300007c1300009f130000ec13000029140000311400007c14000081140000b9140000ec150000e71a0000
381b0000661b00006d1b0000881b0000ae1b0000fb1b0000be1c0000c21c0000e01c0000fd1c00001e1d00001a1f0000
2c1f00005d2000002522000038220000a6220000db23000047240000722400008d2500001d260000632600006b260000
3b270000d32700005d280000af290000142a0000432b0000242c0000402c0000c630000034310000bd310000dd310000
d7330000383400008735000043360000f6360000c437000065380000513a0000aa3a0000b23a0000623b0000f93c0000
373f0000533f0000553f0000bc3f000067400000174100005c410000aa4100001f050000b3090000220a00001d170000
1f1b00007b1b0000b51b0000ef1c0000161d0000d51f0000d2210000eb2300008e260000fe290000db380000d53a0000
c43f000079400000b10100007a030000b50b00005c150000081d000085230000eb00000092010000e50200008f030000
9d040000f4040000c0050000ff060000660700003d09000073090000b60a0000b20b0000ca0b0000f60c00008b0d0000
a80d0000d70d0000ef0d00002a0f000039100000a8110000e212000067130000f51300005b140000ba14000066160000
e3180000e91a0000ef1a0000271b00003a1b0000891b0000bf1c0000fe1c0000ff1c00001f1d00002e1d0000f91f0000
1d2000006520000040220000ae2200002423000088230000472500009625000022260000e3270000172a00005c2a0000
432c000070300000c4320000903500004f3600006a3800007f3b0000023d0000ba410000e3000000f900000051010000
9a01000077020000bb05000016070000af070000b7070000fb0800007b0900009a0a0000b80a00001f0b0000b50c0000
fe0c00008b0d0000a80d000039100000e21200004b13000069130000f51300005b150000311900003a1a0000bd1a0000
e91a0000ef1a00001b1b00003a1b0000d31b00009d1c0000bf1c0000d61c0000e51c0000ff1c0000071d0000b51d0000
791f00007c230000633b0000813b0000ea3b0000023d0000043e0000333e000025270000bd27000063280000ce290000
a73e00004f020000860200001b060000e6090000270b0000cc1a0000a51c0000f23b0000ab010000d2020000e5020000
5b03000000060000fb090000ff0a0000440b0000960b0000b20b00008b0d0000a80d000039100000e2120000f5130000
5b15000031190000ff1900003a1a0000e91a0000ef1a00001b1b00003a1b0000d31b0000bf1c0000d61c0000e51c0000
ff1c0000071d0000651d0000b51d0000381f0000791f0000ae2200007c23000025270000bd27000063280000ce290000
c93b0000103c0000023d0000043e0000333e0000a73e000002040000cf040000180600006e0900009e090000f3090000
1d0b0000810c00006d0e000038110000731300001d170000c91a00001f1b0000501b0000571b00007b1b0000b51b0000
ef1b0000a41c0000a81c0000ef1c0000161d00008e260000b9310000d5310000c533000029340000ba370000d53a0000
e83b0000c43f0000f30000005a0100004a0200006c0200007c02000017070000b8070000000900005c150000081d0000
85230000eb00000092010000ab010000210300005b0300009d040000f4040000c00500001309000073090000b60a0000
8f0b0000960b0000fe0b0000430c0000f60c00003e0d00008b0d0000a80d0000340e00002a0f00003910000075110000
cb110000e212000067130000f5130000631400005b1500007f150000ba170000e3180000e91a0000461b0000891b0000
061c00001a1c0000531c0000bf1c0000071d00000b1d00001220000042200000e22200007c230000be2300000c250000
e1250000e9260000e3270000cf2a00007d2b00008c2b0000cc310000843200000f340000b3370000233800007f3b0000
023d00003f4000005c0000000f02000075030000ff05000083060000f70900004d0a0000fe0a0000420b0000950b0000
b00b0000f9170000fe190000361f0000c82200004027000062280000cd2900007d0000005f020000830300009c030000
c6030000050400009b040000b1040000c5040000cc040000e8040000f704000008050000b9050000180600007d070000
910700000e0800005f080000760800002d090000a3090000e30900000b0a0000530a0000980a00001d0b0000480b0000
8a0b0000910b0000be0b00001c0c0000ea0c0000de0d0000570e0000790e0000d20e0000bb0f00005c10000091100000
62130000781300002814000080140000eb150000aa18000051190000a51a00009b1c0000f11d0000f61e0000161f0000
281f00003c1f0000592000002122000034220000a2220000d6220000da23000046240000712400007b25000062260000
3a27000045270000d2270000e1270000202800005c28000067280000ff28000073290000ae290000da290000122a0000
352a0000422b0000232c00003e2c0000c530000033310000293300004a3300007533000082330000ab330000b4330000
a1340000bb340000fe34000071350000ce350000f63500003f360000f43600004d3a0000a93a0000613b0000523f0000
65400000164100005a410000a94100004000000089000000620200007f0500001b06000080070000e6090000f7090000
4c0a0000620a0000270b0000950b0000f9170000fe190000a81a0000a51c0000361f0000c82200004027000062280000
cd2900001f000000fc010000a1020000292700001a00000082000000e20000003301000076010000f9010000fb010000
1d0200004b02000053020000a6020000cb0200005e030000bf06000081070000070800002208000094080000990b0000
d90d00005c140000071800004418000094180000631a00005e1d0000db1d00009a1f00001d2300002227000028270000
84270000f42800002c0000002b0000008a000000b00100007903000085070000b40b000040000000890000000f020000
62020000750300007f050000ff0500001b06000080070000e60900004c0a0000620a0000fe0a0000270b0000420b0000
b00b0000a81a0000a51c00004027000062280000cd2900001e000000fc01000054020000a10200002927000016000000
60000000a6000000b0010000ec0200007903000087060000b40b0000cc2200007d000000860100005f0200004f030000
830300009c030000c6030000df0300002604000048040000990400009b040000b1040000c5040000cc040000f7040000
080500005205000018060000d20600007d070000910700000e0800005f0800007608000067090000e30900000b0a0000
530a0000b10a0000c70a00001d0b0000340b0000480b00008a0b0000910b0000be0b0000f90b00001c0c0000730f0000
94120000b91200001713000049130000b3170000aa180000d11800000a19000051190000761a0000a51a00009b1c0000
f11d00004c1e0000f61e00003c1f00007c1f000001200000f0210000d6220000b2230000162400007b250000d1250000
93260000c9260000e42600003a27000045270000d2270000e1270000202800005c28000067280000ff28000073290000
ae290000da290000352a0000952a00001f30000095300000293300004a3300007533000082330000ab330000b4330000
a1340000bb340000fe34000071350000ce350000f6350000723600001338000050390000da3a00007a3b0000ea3e0000
9b3f0000df3f00002e400000cd4000001a00000082000000ff000000fb0100001d0200004b0200005302000097020000
a6020000cb020000bf06000081070000070800002208000094080000990b0000970c0000da0c00003d0d00002d0e0000
5c1400004815000007180000631a00005e1d00009a1f0000b12200005d230000a2230000222700002827000084270000
f42800002b0000008a000000ec02000085070000b40b0000cc22000019000000800000008d000000ac000000ea000000
91010000aa010000b5010000e8020000180300001d0300005a03000086030000a00300009c040000cd040000f3040000
bf05000086060000a20600007e07000080070000920700009b070000f20700003808000060080000790800000f090000
72090000b50a00008b0b0000950b0000b30b0000c10b0000fd0b0000260c0000410c0000f50c0000661300007e150000
b9170000f01f0000d9220000de220000bd2300000b2500007c250000df250000e8260000e22700003f2a000012300000
833200002a3300007633000072350000213800007e3b00003e40000098000000aa010000ce020000e10200005a030000
ff05000083060000f70900004d0a0000fe0a0000420b0000950b0000b00b0000fe190000611d0000361f0000ad220000
24270000bc27000062280000cd290000263b0000c83b00000e3c0000a63e00001900000080000000cb000000aa010000
4f02000086020000ce020000e10200005a0300007f050000ff0500001b06000080070000e6090000f70900004c0a0000
620a0000fe0a0000270b0000420b0000950b0000b00b0000fe190000cc1a0000a51c0000611d0000361f0000ad220000
24270000bc27000062280000cd290000253b0000c83b0000f23b00000e3c0000a63e000019000000800000008d000000
ac000000ea00000091010000b5010000e1020000e802000018030000860300008b030000a00300009c040000cd040000
f3040000bf05000086060000a2060000fe060000650700007e07000080070000920700009b070000f207000038080000
60080000790800003b09000072090000b50a0000b00b0000b30b0000c10b0000c60b0000260c0000f50c000066130000
f01f0000f51f00001c200000642000003f220000ad220000d92200007c250000e2270000162a00003f2a00005a2a0000
422c0000123000006f3000002a33000076330000723500004d3600007e3b0000b9410000e2030000ff03000035040000
64040000dd040000c30700009b0900001a0b0000660e0000950e0000cc0e0000270f0000430f0000600f00006b0f0000
a50f0000351100008c120000e61200000c1300007a140000fe150000541b0000741b0000781b00009b1b0000ad1b0000
621c0000861c0000981c0000131d0000091e0000341e00000024000059240000572600008b26000025280000a3290000
8f2a0000712b00003333000092330000c2330000203400008b360000b7370000933800000d3900003639000045390000
78390000b3390000b8390000243a00003a3a0000473a0000603a0000743a00009e3a0000d23a0000e53b0000443c0000
533c0000783c00006e3d0000843d0000903d0000193e0000403e00008e3e0000bc3e0000353f0000ba3f0000c9400000
3e41000014010000590100006b020000bb05000016070000af070000b7070000fb0800007b0900009a0a0000b80a0000
1f0b0000780c0000bd0c00006b0d0000930d00002a0e00002510000039100000e2120000f21200004b13000069130000
d2130000f51300000d1400004d14000059140000281800005c180000311900001a1a00003a1a0000b11a0000d41a0000
071b0000421b0000d31b00009d1c0000bf1c0000d61c0000e51c0000ff1c0000071d0000511f0000791f00001a230000
8423000059270000a7280000b2290000620200001b060000e6090000270b0000a81a0000a51c00004027000062280000
cd2900001d01000083020000f8030000020400003c040000c3040000cf040000d9040000e0040000c405000018060000
1e070000c60700006e0900009e090000e3090000f3090000c20a00001d0b0000260b00002a0b0000810c0000de0d0000
6d0e0000d20e0000730f0000bb0f00005c100000381100008f120000b912000017130000731300002814000080140000
011600001d170000c91a00001f1b0000501b0000571b00007b1b0000b51b0000ef1b00005e1c00006e1c0000891c0000
9b1c0000a41c0000a81c0000ef1c0000161d0000012000003a200000f02100001c220000162400006124000062260000
8e260000b1270000cb27000005280000302800005c280000bd28000078290000ae290000c9290000df290000952a0000
742b000046300000af300000b9310000d5310000e63200000f330000363300009b330000c5330000293400008e360000
ba370000a138000050390000273a0000a93a0000d53a0000e83b0000f13b0000963e0000523f0000c43f0000cd400000
3f4100005402000029270000f3000000fb0000005a0100004a020000570200006c0200007c02000017070000b8070000
00090000be0c00003d0d0000d90d00002d0e00005c1400005c150000b21a0000c21a0000f01a0000431b0000081d0000
1d23000085230000202700005c270000a1270000aa280000e3000000f9000000510100009a01000077020000bb050000
16070000af070000b7070000fb0800007b0900009a0a0000b80a00001f0b0000b50c0000fe0c00003c0d00008b0d0000
a80d0000cc0d0000d40d00001e0e00002510000039100000e2120000f21200004b13000069130000d2130000f5130000
0d1400004d140000591400005b150000311900001a1a00003a1a0000bd1a0000e91a0000ef1a00001b1b00003a1b0000
d31b00009d1c0000bf1c0000d61c0000e51c0000ff1c0000071d0000821d0000b51d0000511f0000791f00000e230000
7c23000097270000a7280000b2290000633b0000813b0000ea3b0000db3c0000023d00001e3d0000043e0000333e0000
993e00004f020000860200001b060000e6090000270b0000cc1a0000a51c000024270000bc27000062280000cd290000
f23b0000a63e0000bd0000001d0100005f020000fd020000150300009a030000bc030000d1030000f80300003c040000
6d04000074040000c5040000cc040000f70400001f0500005105000063050000640500007e050000c405000018060000
480600009a060000c6070000350800005b090000b3090000e30900000b0a0000220a00004b0a0000600a00006d0a0000
c20a00001d0b00005f0b0000670b0000910b0000de0b0000e50b00001c0c0000250c0000730f00008f120000b9120000
171300001d170000b3170000aa180000d11800000a19000051190000761a0000a51a00001f1b00007b1b0000b51b0000
9b1c0000ef1c0000161d0000f11d00004c1e00003c1f00007c1f0000d51f000001200000d2210000f0210000d6220000
b2230000eb23000016240000722500007b250000442600004c2600008e26000093260000c9260000e42600003a270000
45270000d2270000e1270000202800005c28000067280000ff28000073290000ae290000da290000fe290000952a0000
0a30000085300000363300009b330000a1340000bb340000fe3400006835000071350000ce350000f63500005e360000
db380000503900008b3a0000933a0000d53a0000da3a0000243b0000e93e0000fe3e0000ff3e00009b3f0000c43f0000
df3f00002e40000079400000cd4000001700000061000000a8000000fb000000b1010000fb0100001d0200004b020000
53020000cb020000ed020000f50200007a03000088060000b80700000708000022080000970b0000b50b0000b70b0000
be0c00003d0d00002d0e00005c140000481500005c150000631a0000081d00009a1f0000af220000cd220000cf220000
5d23000085230000a2230000222700002827000084270000f42800009c000000f90000005d010000ab01000049020000
c6020000d2020000e50200005b030000e6030000fb030000c60400000006000085060000be060000de060000b7070000
bb0700001d080000ba080000fb0900004f0a0000ff0a0000440b0000930b0000960b0000b20b00001e0c0000b50c0000
df0c0000050d0000320d00003c0d00003e0d0000f30d00001e0e0000340e0000020f00002a0f00004b0f000005100000
401100004e11000075110000cb1100004312000099130000491400004d1400006314000097140000d21400005b150000
a2160000e3180000ff190000601a0000621a0000831a0000891b0000071d0000651d0000c11d0000381f0000c21f0000
12200000ae220000b6220000282300007c23000098230000a72300002725000074250000ad250000bc250000fa250000
cd2600001f27000021270000252700007b270000bd270000d527000063280000f0280000ce290000cf2a00002c300000
a3320000ce3300000f3400006a350000a8350000b835000040380000273b0000c93b0000103c0000a93c0000a73e0000
3140000026000000c3000000e802000018030000cd0400008605000038080000610a0000b30b0000260c00007e150000
b9170000d9220000bd2300007c250000e8260000e227000072350000303b00003e400000bd0000005f020000fd020000
830300009a030000bc030000d103000002040000740400009b040000b1040000c5040000cc040000080500001f050000
25050000630500007e05000018060000480600009a060000ef0700000e080000560800005f0800005b0900006e090000
9e090000b3090000e3090000220a00002a0a00004b0a0000600a00006d0a00001d0b0000480b00005f0b0000be0b0000
e50b0000810c0000de0d00006d0e0000d20e0000bb0f00005c10000038110000731300002814000080140000eb150000
01160000a51a00006e1c0000891c00009b1c0000f61e0000161f0000d51f0000ed1f00003a20000059200000d2210000
da2100001c2200002122000034220000d9230000eb230000ec2300004624000061240000712400004426000062260000
3a27000045270000d2270000e1270000202800005c28000067280000ff28000073290000ae290000da290000f7290000
fe290000352a00003e2a0000422b0000742b0000232c00003e2c00000a300000853000004a3300006c33000075330000
ab330000b4330000c533000029340000ce350000f63500005e360000db380000e3380000273a00004d3a00008b3a0000
a93a0000243b0000fe3e0000523f000064400000794000007a400000164100003f4100005a410000a941000017000000
61000000a8000000f30000005a010000ac010000b10100004b02000053020000a6020000ed0200005c0300007a030000
7c03000088060000b80700000708000022080000970b0000b50b0000b70b0000d90d00005c1400000718000044180000
94180000631a0000f01a0000431b0000081d00005e1d0000db1d00009a1f0000cd2200001d2300002227000028270000
84270000f42800009c000000e3000000510100007b010000ab01000049020000d2020000e50200005b03000063030000
e6030000fb030000c60400000006000085060000ae070000af070000ce070000dc070000060800005808000099080000
fb0900004f0a0000ff0a0000440b0000960b00009e0b0000b20b0000c10c0000050d0000320d0000d40d0000d70d0000
ef0d0000380e0000020f00002a0f00004b0f0000051000009d100000d310000021110000a8110000ef11000067120000
99130000591400005b14000067140000ba140000e3180000681900007e190000ff190000ef1a00003a1b0000891b0000
ff1c0000591d0000651d0000d11d0000e01d0000eb1e0000381f0000901f00009f1f0000162000004e200000ae220000
0e23000024230000962500001f27000021270000252700007b270000bd270000d527000063280000f0280000ce290000
372a0000ac2a0000e72a00004f2b0000ba2b0000272c0000d23000001a3100003f3300006e330000b2340000f7340000
90350000db360000273b0000c93b0000103c0000a93c0000a73e0000ac41000026000000c3000000b501000086030000
cd04000086050000f207000060080000610a0000c10b0000f01f00001c200000642000003f220000e22700003f2a0000
422c000076330000303b0000b9410000e0030000270400009a04000000050000d306000063070000820e0000740f0000
7c0f00006b10000098120000cd15000062160000d2180000191e0000e120000074220000cb2300003b250000d3270000
ea270000102800008b280000e0280000502a0000a62d0000242e0000da2f0000f12f0000203000006d30000096300000
b5300000aa31000025320000b73200001d33000061390000423c00007d3c00009a3d0000583e0000b03e0000ed3f0000
5c40000074040000830400000f0700007120000000210000092f0000312f0000aa300000693c0000e4010000b2090000
ed0a000051180000d2190000331a0000ae2000001c2100003e240000362b0000252f000069410000740f00007c0f0000
6b100000cd15000062160000d2180000191e0000e1200000742200003b250000d3270000ea270000102800008b280000
e0280000a62d0000242e0000da2f0000f12f0000aa31000025320000b73200001d3300009a3d0000583e0000b03e0000
ed3f00008b010000c101000034020000ed030000210400008b040000180500006c050000f3050000ff0600006c090000
cb090000cc0a0000dd0a0000e10a00000c0b0000570c0000f40f000051180000d2190000331a0000ae2000001c210000
c32100003e24000098240000362b0000a12c00001e2d0000252f0000572f00007c360000a63b0000093f000069410000
04070000fa1f0000c4210000d71800002a200000e220000040210000fd2100007522000040250000bc320000ee3f0000
b1010000c601000004070000b2090000ed0a0000d11f0000c4210000b63b0000080400006f040000a7040000c3060000
d80600000b0700004507000073070000d70c0000830e000099120000541300001615000040170000d71800002a200000
77200000e22000003021000040210000fd21000075220000cc23000040250000512a000025300000423000007d300000
57320000bc32000062390000ee3f0000844000000704000051040000ea04000043050000a7090000370c0000580e0000
d30e0000e40e000092100000e0100000ec1500001716000082160000e91d00008a2000000c2100007a24000009250000
d3270000ea270000102800008b280000e0280000f12b0000152f0000382f0000da2f0000f12f0000c630000034310000
5b31000092310000b131000015320000813200001d330000f63800004f3c00006b3c0000693d0000e73d0000b03e0000
d93e0000f54000009c030000bd030000c20300009b040000c5040000cc040000d2040000db040000f704000001050000
6605000024060000a1060000260700006407000098070000470c0000491b0000521b0000bf1b0000f71b0000ea1d0000
ee2300000a250000e1270000f92700001128000090280000e1280000602a0000ba2c00002a2d00007b2e00009d2e0000
df2f000000300000113000006e30000086300000b1300000b6300000d731000016320000823200001e3300007e330000
373c0000713c0000753c00007b3c0000803c0000c73e0000023f00005f4000007c000000820200005503000016060000
7b070000e2090000520a0000290b00003a0b0000900b0000ba0b0000c81a0000a71c00002e1f0000a8220000b7270000
65280000e52900005e0000003402000054030000cb030000de030000680400006b040000bf040000fa04000012050000
180500006c050000bd050000da050000300600006306000066060000850600001d0800004f08000099080000cb090000
3c0a0000440a00004f0a0000bb0a00000c0b0000390b00008f0b0000ca0b00004f0c0000570c0000960c0000f30c0000
800d00006e0e0000730e00006f0f0000cb0f000054110000ce120000451300004e13000081130000df130000e8140000
061800001e1800006418000093180000da190000011a00000c1a00003e1a0000451a0000621a0000761b0000e51b0000
e31d00002d1f0000a7220000dd230000f4230000622400006a240000982400009b240000c5240000b6270000ce270000
da270000fd2700006b2800009328000096280000e4290000312a0000682a0000702a0000922b00001e2c0000482c0000
882c0000e12c0000e42c0000312d0000932e0000e22e0000572f00005a2f0000842f0000e22f00000430000065330000
2b34000058360000ed360000193b0000843b0000093f00006a3f000055400000594000001f4100002f410000a5410000
1f0500002905000058060000b215000056160000d62c0000382d00009e310000883c0000440600002115000053170000
bf000000890500006f0a0000be000000a7030000b7030000770400008e050000a7050000a90500003506000072060000
6e0a00001f1800000d1a0000f7230000732a0000752c0000f02c0000012d00007e4000009a030000bc030000d5030000
7404000083040000c5040000d2040000f70400001f050000290500006605000024060000580600009a0600000f070000
5b090000470c0000b215000056160000521b0000f71b0000ea1d000071200000002100000a250000e1270000f9270000
1128000090280000e1280000ba2c0000d62c00002a2d0000382d0000092f0000312f0000df2f0000003000000a300000
85300000aa3000009e310000d731000016320000823200001e330000e8380000383c0000693c0000713c0000753c0000
883c0000c73e0000023f00003e000000e40100007d0500001606000044060000b20900004a0a0000ed0a0000ba0b0000
2115000053170000c81a0000a71c00002e1f0000a8220000b727000065280000e529000068040000c8050000f0050000
300600006306000013090000500b0000ef0c0000520e0000f70f00007d130000fe14000055150000ba15000022160000
4916000015170000431700004717000080170000ed1700001e1800000c1a0000f4230000f3240000702a00009e2c0000
e12c0000e32d0000b22f0000483700001c3c00008a3f0000554000005f000000c00000003502000098030000c9030000
ce030000770400001b0500006f0500008305000099050000350600007206000086060000a0070000cc090000470a0000
500a0000650a0000700a00000d0b00005a0c00001f1800000d1a0000f7230000a7240000732a0000672c0000f02c0000
662f0000853300005b360000203b00000c3f00007e400000a10000002d020000780200008a0600001b0700002e070000
e9080000fc080000410a0000070b0000170b000017180000071a0000be1a0000951c0000a7270000b7280000d4290000
2203000014090000510b0000ad00000096060000660a00002e00000031000000b5000000a7020000800300008d050000
bb0b0000a80000002d02000078020000220300008806000004070000e9080000fc080000140900005e0a0000070b0000
170b0000510b0000fa1f0000c4210000a7270000b7280000d42900002000000021000000690000007a00000009020000
a702000080030000900600007c070000bb0b0000cc0b0000d32200006f010000d90100007702000021030000a2030000
b9030000e8030000030400002c04000032040000a7040000ba040000eb040000ee0400004405000047050000a8060000
ec060000ff060000350700004507000073070000d80700008d080000cd080000fb08000013090000db0900008d0a0000
da0a0000160b0000500b0000380c00003c0c00000a0f0000a1100000a7100000061100002e110000161500003c150000
401700006d170000b3180000e6180000f018000011190000c2190000921a0000f81a0000a81b0000381c0000c81c0000
2a1d0000881e0000f91f0000c3210000cc2300001a2400000e250000192500004b250000522500009e270000a6270000
e72700003a280000a9280000ae280000c32800007d290000bb290000d3290000512a0000ed2a0000173000003b300000
4e3000007d300000823000009d300000d630000027310000f03100008632000091320000c8320000d0320000ec320000
8e33000018390000ff390000f33a0000da3e0000de3e0000a43f0000b43f000084400000e5400000a4000000de010000
ad030000d6030000f8040000670500008d0600009d060000d20800005c090000570a0000e90a0000480c00001a250000
0d30000092320000e9380000033f0000240000004e000000b30100008d050000bb0b0000e4220000170000001d000000
3b000000420000006e000000b4000000fb0000001b010000ae010000cb01000000020000150200009e020000a6020000
670300007f0300009e0300007b040000a3040000c0040000130500007a0500007d05000081050000c205000005060000
95060000ed070000670800009a0800004c090000fc090000140a00003d0a00006c0a0000bc0a00009f0b0000a20b0000
a50b0000ba0b0000c30b0000ec0b0000060c0000160c0000a40c00007e130000ff1700008d1d0000a01f00003a220000
b3220000ba220000e7220000442300006a2300007e250000d725000036260000ef26000000270000e4270000052a0000
74350000fd35000019380000cd3800007d3a00001a3b0000853b0000404000001a0000006300000079000000fb010000
4b020000530200005d02000070020000a6020000bb0200007f030000160600008a0600001b0700002e0700007b070000
e9080000fc080000e2090000410a0000520a0000070b0000170b0000290b00003a0b0000900b0000ba0b0000071a0000
a31a0000b61a0000951c0000a71c00004e1d00002e1f0000d222000028270000432700006927000065280000b7280000
d4290000e52900001d3b0000d13b0000e23b0000f43b0000063c0000a83e0000ed020000f90200004406000014090000
510b000003150000531700001d3c00002b0000004a0000006f0000008905000096060000660a00006f0a0000313b0000
1700000061000000b4000000b1010000c60100004b0200005d020000a6020000ed020000f90200007f0300007d050000
16060000440600008806000004070000e9080000fc08000014090000b20900004a0a00005e0a0000ed0a0000070b0000
170b0000510b0000ba0b00000315000053170000b61a0000a71c00004e1d00002e1f0000d11f0000c421000028270000
432700006927000065280000b7280000d4290000e5290000233b0000b63b0000d13b0000e23b00001d3c0000a83e0000
73010000d90100000804000052040000eb040000220500002f050000440500005507000091080000cd080000a8090000
a30a0000da0a0000380c0000971000008c150000f11500005216000076160000871600009b1700007b24000019250000
f22b00005e300000bb300000cb3000009731000091320000f7380000da3e0000054100009f000000de010000a3030000
a4030000bf030000c3030000a8040000f80400006705000091060000a4060000a9060000ab0600004607000074070000
99070000d20800003f0a0000e90a0000480c00001b1500004f170000ef2300001a250000612a00001430000018300000
7e30000088300000923200007f330000033f000087400000150000008c0000009e000000b3010000e702000091030000
900600007c070000bb0b0000cc0b0000e42200001d0000003b0000006e0000009d000000fb0000001b010000b9010000
e10100009a020000e60200004b030000900300009e0300007b040000a3040000c0040000130500007a050000a0050000
c2050000470600007606000095060000ae060000320700006e0700001e080000500800009a080000af0900003d0a0000
6c0a0000bc0a0000860b0000cb0b0000500c0000a40c00007e1300001e15000070150000a5150000bc1700000b180000
13180000a1180000701a0000e3220000ab240000e4270000412a0000522a0000692a0000492c00005a2c00006e2c0000
f42c00006a2f000078300000663300001a3b0000853b0000bb410000e00300000704000027040000510400009a040000
ea0400000005000043050000d306000063070000a7090000370c0000580e0000820e0000d30e0000e40e0000010f0000
240f0000290f00002d0f0000380f00004d0f0000570f0000740f00007c0f0000be0f0000411000006b10000092100000
e0100000f01000002011000098120000d7140000cd150000ec150000171600006216000082160000d21800005e1b0000
691b0000cb1b0000021c0000e91d0000001e0000191e00008a200000e12000000c21000074220000cb23000019240000
7a24000009250000262500003b250000d0270000d3270000ea2700000728000010280000122800008b280000c9280000
e028000012290000502a0000ec2a0000f12b00008a2d0000a62d00000e2e0000242e0000832e0000a62e0000152f0000
382f0000da2f0000f12f0000203000006d30000096300000b5300000c630000019310000343100005b31000065310000
6b31000092310000aa310000b1310000e1310000153200001e3200002532000081320000a2320000b7320000f3320000
123300001d330000e5350000f638000061390000423c00004f3c00006b3c00007d3c0000693d0000743d00007a3d0000
853d00008a3d00009a3d0000e73d0000583e0000b03e0000b33e0000d93e0000583f0000ed3f00005c400000ac400000
f540000074040000830400001f05000029050000580600000f070000b2150000561600007120000000210000e1270000
f92700001128000090280000e1280000d62c0000382d0000092f0000312f0000df2f000000300000aa3000009e310000
1e330000693c0000883c0000c73e0000e401000044060000b2090000ed0a00002115000053170000b727000065280000
e52900008b010000c101000034020000ed03000021040000680400008b040000180500006c050000c8050000f0050000
f30500003006000063060000ff060000130900006c090000cb090000cc0a0000dd0a0000e10a00000c0b0000500b0000
570c0000ef0c0000800d0000520e0000d50e00006f0f0000cb0f0000f40f0000f70f00004d10000084100000ce120000
7d130000df130000e8140000fe14000055150000ba150000221600004916000015170000431700004717000080170000
ed1700001e1800003d18000051180000d21900000c1a0000271a0000331a0000ae2000001c210000c3210000f4230000
262400003e24000098240000c5240000f32400005b270000ba270000c92700002128000029280000602800007d280000
a92800001d290000a9290000b4290000d3290000e8290000702a0000fd2a0000362b00009e2c0000a12c0000e12c0000
1e2d0000bf2d0000e32d0000252f0000572f0000842f0000b22f0000cc2f0000f83500007c3600004837000099380000
a63b00001c3c0000923e0000093f00006a3f00008a3f000055400000d440000069410000220300000407000014090000
510b0000fa1f0000c4210000a7270000b7280000d4290000b1010000c6010000ed020000f90200004406000004070000
14090000b2090000ed0a0000510b00000315000053170000d11f0000c421000028270000432700006927000065280000
b7280000d4290000e5290000b63b00001d3c0000a83e000073010000d901000008040000520400006f040000a7040000
eb040000220500002f05000044050000c3060000d80600000b07000045070000550700007307000091080000cd080000
a8090000a30a0000da0a0000380c0000d70c0000540d0000830e00000a0f00004e0f0000bf0f00009710000006110000
2e110000141200009912000054130000be130000d8140000161500003c1500008c150000f11500005216000076160000
87160000401700006d1700009b170000d71800002a20000077200000e22000003021000040210000fd21000075220000
cc2300001a2400007b2400001925000034250000402500009a270000d6270000d72700000c28000013280000b2280000
ce280000d5280000d9280000132900009f290000512a0000ed2a0000f22b000025300000423000005e3000007d300000
bb300000cb30000027310000973100005732000091320000b0320000bc320000f8320000fe32000018330000e6350000
f738000062390000da3e0000593f0000ee3f000084400000e5400000054100005e000000320100008f0100001c020000
3402000054030000cb030000fe0300003d04000042040000680400006b040000c1040000fa0400001205000018050000
550500006c05000030060000630600006606000085060000be060000e20700000608000070090000cb0900003c0a0000
440a00004f0a0000940a00009d0a0000d00a0000010b00000c0b0000390b00008f0b0000ca0b0000180c00004f0c0000
570c0000d50e0000de0f00004d100000841000006c130000fc1500001e1800003d1800000c1a0000271a00000f1b0000
b61b0000761c0000da1c0000341d0000e31d0000451e00002d1f00006a1f00009f1f0000a72200005c230000f4230000
26240000982400009b240000dd2400006b250000c4260000ee260000b6270000ce270000da270000fd2700006b280000
9328000096280000e4290000682a0000702a0000fd2a0000e12c0000e42c0000312d00004d2d0000bf2d0000e22e0000
572f00005a2f00009c2f0000e22f0000043000009d33000061350000583600006b360000193b00005d3b0000ef3e0000
093f0000c63f0000d73f00002a40000055400000d44000005515000022160000491600001517000080170000ed170000
f3240000b22f00008a3f0000be00000035020000a7030000b70300001b0500006f0500008e050000a7050000a9050000
cc0900006e0a00000d0b00005a0c0000a7240000752c0000012d0000662f00000c3f00008b01000010020000ed030000
21040000680400006b040000120500004f050000f30500000006000030060000630600006c090000cc0a0000ff0a0000
ca0b0000dc0b00004f0c0000d50e0000f40f00004d1000008410000055150000fc150000221600004916000015170000
80170000ed1700001e1800003d1800000c1a0000271a00000f1b0000b61b0000761c0000da1c0000341d0000e31d0000
451e00002d1f00006a1f00009f1f0000a72200005c230000f4230000262400009b240000dd240000f324000035260000
c4260000ee260000b6270000ce270000da270000fd2700006b2800009328000096280000e4290000702a0000fd2a0000
a12c0000e12c00001e2d0000bf2d0000e22e00005a2f00009c2f0000b22f0000e22f0000043000007c3a0000e73e0000
8a3f0000c63f0000d73f00002a40000055400000d440000031000000b5000000090200008d050000cc0b0000d3220000
b9010000e101000000020000150200007b0400001305000005060000af090000a50b0000cb0b0000ec0b0000500c0000
8d1d0000a01f00003a220000ba220000e3220000442300006a230000ab24000036260000ef26000000270000e4270000
6a2f00007d3a0000404000001d0000003b0000006e0000009d000000f300000040010000b9010000e101000004020000
2102000029020000e6020000900300009e0300007b040000ce040000ec040000130500007a050000a005000047060000
7606000095060000ae060000cc0600000b080000e50800006d090000af0900003d0a00006c0a0000cd0a0000bd0b0000
cb0b0000280c0000390c0000500c00007f0c00006d1300001e1500008d1d0000a01f00003a2200009e220000e3220000
442300006a230000ab240000142500006c250000ef26000000270000e4270000692a00006e2c0000f42c00006a2f0000
8c320000623500001a3b0000963b000040400000d30e0000e40e0000e0100000ec15000017160000821600008a200000
0c2100007a240000d3270000ea270000102800008b280000e0280000f12b0000152f0000382f0000da2f0000f12f0000
5b31000092310000b13100001d330000693d0000e73d0000b03e0000f54000009a030000bc030000d503000074040000
830400009b040000cc040000db040000010500001f05000029050000580600009a0600000f0700002607000064070000
5b090000b215000056160000491b0000bf1b00007120000000210000ee230000e1270000f92700001128000090280000
e1280000602a0000d62c0000382d00007b2e00009d2e0000092f0000312f0000df2f0000003000000a3000006e300000
85300000aa300000b1300000b63000009e3100001e330000e8380000383c0000693c00007b3c0000803c0000883c0000
c73e00005f4000003e000000e401000082020000550300007d05000044060000b2090000e20900004a0a0000ed0a0000
290b00003a0b0000900b00002115000053170000b727000065280000e529000034020000540300006b040000fa040000
12050000180500006c050000c8050000f005000066060000cb090000fb090000130a00000c0b0000390b00008f0b0000
570c0000ef0c0000800d0000520e00006f0f0000cb0f0000f70f0000ce1200007d130000df130000e8140000fa170000
511800006418000093180000d2190000da190000ff190000331a00003e1a0000451a0000621a0000761b0000e51b0000
ae2000001c210000d72300003e240000622400006a24000098240000c5240000b6270000ce270000da270000fd270000
6b2800009328000096280000e4290000f5290000682a0000362b0000922b00001e2c0000482c00009e2c0000e42c0000
312d0000e32d0000932e0000252f0000572f0000842f0000e22f000004300000cc380000093f00006a3f000076400000
1f4100002f41000069410000a5410000a80000002203000088060000040700001b0700002e070000140900005e0a0000
510b000017180000071a0000be1a0000951c0000fa1f0000c4210000a7270000b7280000d42900007301000021030000
0804000052040000a7040000eb040000f404000060050000ff0600003507000045070000730700009108000013090000
a8090000a30a0000500b0000430c00000a0f000097100000061100002e110000161500003c150000401700006d170000
b3180000d7180000e6180000f018000011190000c2190000921a0000f81a0000a81b0000381c0000c81c00002a1d0000
f91f00002a200000e220000040210000c3210000fd21000075220000cc2300001a2400000c250000402500004b250000
522500009e270000a6270000e72700003a280000a9280000ae280000c32800007d290000bb290000d3290000512a0000
ed2a00004e3000007d300000cb3000002731000084320000bc320000c8320000d0320000ec320000f7380000ff390000
f33a0000fb3e0000a43f0000b43f0000ee3f000084400000e54000001700000061000000b4000000b1010000c6010000
fb0100005302000070020000bb020000ed020000f90200007d0500004406000088060000040700001b0700002e070000
14090000b2090000e20900004a0a00005e0a0000ed0a0000290b00003a0b0000510b0000900b00000315000053170000
071a0000a31a0000951c0000d11f0000c4210000d222000028270000432700006927000065280000b7280000d4290000
e5290000233b0000b63b0000f43b0000063c00001d3c0000a83e0000d901000021030000a2030000b9030000e7030000
0b0400009e040000a7040000ba040000eb04000044050000a8060000c7060000e2060000e8060000ff06000016070000
35070000450700006807000073070000cd08000013090000db090000da0a0000500b0000380c0000d30c0000540d0000
5d0e0000630e00004e0f0000bf0f0000ab1000004a110000141200003e130000be130000d81400001615000064150000
e51600004017000085170000b3180000c2190000bd1a00008c1b00001e1c0000941c0000231e0000881e0000b31e0000
f91f0000c3210000cc230000cf2300004d2400005424000019250000342500009e270000a6270000e72700003a280000
a9280000ae280000c32800007d290000bb290000d3290000512a0000552a00005e2b0000882b00001730000030300000
373000004e300000723000007d300000823000003b310000d0310000f03100000d32000091320000b0320000ec320000
1c34000018390000ff390000f33a0000da3e0000593f00006a4000008440000041410000524100008c150000f1150000
76160000871600009b1700007b240000f22b00009731000005410000a4000000ad030000d6030000a80400008d060000
9d06000046070000740700005c090000570a00001b1500004f170000ef230000612a00000d3000007e300000e9380000
87400000240000004e000000e7020000910300008d050000cc0b00009e020000e602000067030000900300007b040000
130500004706000076060000fc090000140a0000a20b0000cb0b00001e15000070150000a5150000bc170000ff170000
a1180000701a0000e4270000052a0000692a0000492c00005a2c0000f42c0000cd380000bb410000d901000021030000
080400009d040000a7040000ba040000eb04000044050000c3060000d8060000ff06000066070000cd08000013090000
db090000da0a0000500b0000380c0000d70c0000540d0000830e00004e0f0000bf0f0000141200009912000054130000
be130000d8140000641500008c150000f11500007616000087160000e5160000851700009b1700008c1b00001e1c0000
231e0000881e0000b31e0000f91f0000c3210000e82300004d240000542400007b24000019250000342500009e270000
a6270000e72700003a280000a9280000ae280000c32800007d290000bb290000d32900005c2a00005e2b0000882b0000
f22b0000253000007030000097310000d0310000f03100000d32000091320000b0320000ec3200001839000062390000
f33a0000da3e0000593f000062400000054100004141000052410000170000001d0000003b000000420000006e000000
b4000000f300000040010000fb01000000020000150200009e020000ea0200006003000067030000940300009e030000
7b040000ce040000ec040000130500007a0500007d050000810500000506000095060000cc0600003408000062080000
67080000330900004c0900006d090000fc090000140a00003d0a00006c0a0000cd0a0000900b00009b0b0000a20b0000
a50b0000cf0b0000ec0b00007f0c00006d1300000815000070150000a5150000bc170000ff170000a1180000701a0000
ba220000d222000036260000e4270000052a00001f2a00002f2a0000492c00005a2c000078330000fd35000045360000
cd3800007d3a00001a3b0000963b0000bb410000890e0000800f0000e8200000d2230000ee270000282e0000f52f0000
6a390000433c00007e3c0000a13d0000593e0000b53e0000f63f00005d4000001301000053030000ba050000990a0000
380b00008e0b00005d10000040150000731700005e1f0000382200003c230000b52700005d280000e3290000990e0000
aa0e0000ef0e00006d0f0000c90f00001d10000010130000b6130000e6140000e92100000124000068240000bd240000
cc270000902a00001c2c0000752d0000fc2d00007c2f00001037000049390000bb3c0000683f0000cb40000014410000
a3410000e5010000b3090000ee0a0000b0200000202100003f240000372b0000292f000072410000800f0000e8200000
ee270000282e0000f52f0000a13d0000593e0000b53e0000f63f00005d10000040150000731700005e1f000038220000
3c230000b52700005d280000e3290000ee030000220400008c040000190500006d050000f4050000de0a0000580c0000
f80f0000b020000020210000cc2100003f2400009c240000372b0000a22c00001f2d0000292f00005b2f00007d360000
a73b00000a3f0000724100006413000022140000fc1900000d220000a8290000cd210000b90100005e20000039220000
221400000d220000a8290000c8050000cd080000ca0b0000ef0c0000e11f00005e20000039220000a7220000c10e0000
b90f00009113000021140000651700000819000097200000fc230000a72900006232000084390000503f0000993f0000
e3400000e920000001220000f73f00001d200000392200004a230000580d00006e0f0000ba120000c4130000e7140000
121e0000022000005d200000ea210000382200005c2200003c230000cb24000007260000c3260000fe260000cd270000
8a2f00004d380000c93c000029400000ba050000990a0000380b00008e0b0000ee0c0000df0d00005d10000064130000
2214000073170000fc1900005e1f00005d2000000d22000038220000a62200003b2700005d280000a8290000e3290000
623b0000043c0000333d0000493e0000913e0000b3090000ee0a0000d51f0000cd210000b73b0000df0d00005d100000
22140000731700005e1f00005d2000000d220000382200003b2700005d280000a8290000e3290000333d0000493e0000
913e00008a0e0000581300004417000079200000e920000001220000d3230000593200006b390000f73f000085400000
eb00000021010000d9010000e50200008f030000c8050000cd080000ca0b00001d200000392200004a230000240e0000
6e0f0000ba12000011130000c4130000531400009d150000b4170000121e00000220000054210000ea210000cd270000
9e2a00002b2b00001d2c0000582c00004f3200004a390000c93c0000a4410000580400004a0500008e20000081240000
ee2700003c2f0000f52f0000ff380000513c00006d3c00006a3d0000e83d0000b53e0000e23e0000f64000006b090000
8e0b0000770c0000580d0000ba1200004a130000c41300009d15000093170000b41700002c1f0000a6220000b5270000
5d280000e3290000cc030000e20300006c040000c2040000fb040000190500006d050000dc0500006706000053080000
450a0000bf0a0000580c00006f0e0000740e0000700f0000cc0f00005511000046130000e9140000781b0000e71b0000
e41d0000de230000f5230000632400006b2400009c240000c7240000cf270000dc270000fe27000097280000322a0000
712a0000932b00001f2c00004c2c00008a2c0000e52c0000322d0000952e0000e32e00005b2f0000862f0000e42f0000
05300000693300002c34000059360000ee3600001e3b0000883b00000a3f00006b3f00005e4000006040000020410000
33410000a64100004806000022150000541700003f000000e50100007e0500001806000048060000b30900004b0a0000
ee0a0000be0b00002215000054170000c91a0000a81c00002f1f0000a9220000b827000067280000e6290000ee030000
6c040000f405000067060000590b0000530e0000f80f0000bb150000241600004a16000044170000ee170000f5230000
f7240000712a0000a22c0000e52c0000e42d0000b62f000049370000253c00008b3f00005e400000b30a0000fc0a0000
501a0000ea210000a82900005e0000003b010000500100003402000054030000580300003006000085060000c7060000
ae070000cb0900008f0b0000930b0000ca0b00006a1400001e1800009c1800006b1a0000391b0000fe1c0000a7220000
23230000b62700006b2800005a0b0000e6020000be000000840300008e050000bf0b0000600a0000080b00001b0b0000
5a0b0000cd210000d82900001d000000b9010000040200004a020000e60200002a2700008b0100000903000054030000
450700006c0900008f0b0000c2170000b7230000bb0300002d04000033040000bc0400004b0500004d050000950a0000
de0a00001a0b0000590b0000441700006f170000b518000012190000ab1b0000ca1c0000cc210000d32300001d240000
41280000bf290000d7290000843000009e300000903300001a390000013a0000fc3a0000e33e0000e53e0000a53f0000
b83f000085400000e64000009c000000e3000000ab01000049020000ae020000e50200008f0300003006000085060000
c7060000ae070000cb0900008f0b0000930b0000ca0b0000c10c0000d30c0000d70d00003b0e00006a1400006b1a0000
ef1a0000fe1c0000411d0000b6220000e2220000882300009b2300002127000025270000492700006b28000026000000
4f000000b50100008e050000bf0b0000e52200003f000000bd0000001d010000cd0100006b030000830300009f030000
7c040000a4040000c30400001a0500007e050000c4050000ef070000680800004e0900001d0a0000460a00006d0a0000
c00a0000a60b0000be0b0000ed0b0000070c00001a0c00007f1300003b220000be220000462300007f250000d8250000
3f260000f326000001270000e5270000062a000075350000fe3500001a380000d6380000863a00001f3b0000893b0000
414000008a010000530300006b090000b30a0000fc0a00008e0b0000ba1200004a130000c413000093170000b4170000
501a00002c1f000002200000ea210000b62300003b2700005d280000a8290000e32900007c3b0000c63b0000c93c0000
cc3d0000913e0000fd020000480600005a0b000054170000263c0000bd0000005f020000fd020000830300007e050000
1806000048060000b30900004b0a0000600a0000ee0a0000080b00001b0b00005a0b0000be0b000054170000a81c0000
2f1f0000d51f0000cd2100004527000067280000d8290000e6290000243b0000b73b0000d23b0000e63b0000263c0000
a93e000059040000310500004b050000a70a0000de0a00009f17000082240000bd30000000390000e33e000006410000
eb000000ab010000450700006c0900008f0b0000850c0000161500007f150000ab150000c2170000e22200003f000000
1d010000e5010000560300009f0300007c040000a4040000c30400001a0500007e050000a1050000c405000048060000
77060000b00600006f07000054080000b3090000460a00006d0a0000c00a0000910b0000590c00007f13000022150000
a7150000be170000ac240000e5270000422a0000532a0000722a00004d2c00005b2c00006f2c0000f52c00006b2f0000
793000006a3300001f3b0000893b0000bc410000580400004a050000890e00002f0f0000800f0000c10f0000601b0000
8e200000e8200000d22300001c24000081240000ee27000015280000102e0000282e0000a82e00003c2f0000f52f0000
e9350000ff3800006a390000433c0000513c00006d3c00007e3c00006a3d0000753d00007b3d0000863d00008b3d0000
a13d0000e83d0000593e0000b53e0000b73e0000e23e00005c3f0000f63f00005d400000ad400000f640000013010000
53030000ba0500006b090000990a0000380b00008e0b0000770c0000580d0000a60d00001c0e0000381000005d100000
ba120000e01200004a130000c4130000f8130000061400004b14000061140000401500009d1500007317000093170000
b4170000e71a0000c21c00002c1f00004a1f00005e1f000038220000a62200000c2300003c23000079270000b5270000
5d280000ee280000b7290000e3290000e501000048060000b3090000ee0a00002215000054170000b827000067280000
e6290000ee030000220400006c0400008c040000190500006d050000f405000067060000de0a0000590b0000580c0000
530e0000d70e0000700f0000cc0f0000f80f000086100000e9140000bb150000241600004a16000044170000ee170000
b020000020210000cc210000f5230000272400003f2400009c240000c7240000f7240000cf270000222800002a280000
7f2800001e290000aa290000d7290000712a0000fe2a0000372b0000a22c0000e52c00001f2d0000c12d0000e42d0000
292f00005b2f0000862f0000b62f0000ce2f0000f93500007d360000493700009a380000a73b0000253c0000933e0000
0a3f00006b3f00008b3f00005e400000d840000072410000b30a0000fc0a000064130000da130000eb13000022140000
fc190000221a0000501a0000b51c0000ea2100000d220000a8290000ac2900005a0b0000cd210000d8290000b9010000
e60200002a2700008b0100000903000054030000c805000045070000cd0800006c0900008f0b0000ca0b0000ef0c0000
330e0000621400006a140000c2170000e11f00005e20000039220000a722000023230000b7230000642700007a270000
b2280000ef2800008a01000053030000ba0500006b090000990a0000b30a0000fc0a0000380b00008e0b0000ee0c0000
920d0000df0d0000320e0000381000005d100000ba120000e01200004a13000064130000c4130000da130000eb130000
f813000006140000221400004b140000611400007317000093170000b4170000fc190000221a0000501a0000d31a0000
b51c0000c21c00002c1f00004a1f00005e1f0000022000005d200000ea2100000d22000038220000a622000022230000
b62300003b270000792700005d280000ee280000a8290000ac290000b7290000e3290000623b00007c3b0000c63b0000
043c0000c93c0000e33c0000f83c0000053d0000173d0000333d0000cc3d0000493e0000913e0000943e0000fd020000
48060000b3090000ee0a00005a0b000054170000d51f0000cd2100004527000067280000d8290000e6290000b73b0000
263c0000a93e000059040000310500004b050000a70a0000de0a00008a0e0000c20f000058130000c013000044170000
6f1700009f17000079200000e920000001220000d32300001d240000822400000d28000016280000aa290000bd300000
5932000019330000ea350000003900006b390000e33e00005d3f0000f73f000085400000e640000006410000eb000000
21010000ab010000d9010000e50200008f030000c805000045070000cd0800006c0900008f0b0000ca0b0000850c0000
3e0d0000d70d00003b0e0000621400006a140000161500007f150000ab150000c21700001d20000039220000e2220000
2b2300004a23000021270000872700009a270000b2280000ef280000990e0000aa0e0000cd0e0000a60f00001d100000
7c100000211400007b140000d815000065170000431e0000242400005b260000c2260000cc270000fb2a0000752d0000
b72d0000fc2d000053370000a23a0000323d0000363f0000d53f000028400000ab400000cc030000ff0300003e040000
430400006c040000c2040000fb04000019050000560500006d05000067060000e3070000450a0000950a0000190c0000
580c0000d70e0000e00f00008610000070130000fe150000b71b0000351d0000e41d0000461e0000f523000027240000
9c240000df2400006f250000c5260000f2260000cf270000dc270000fe27000097280000712a0000fe2a0000e52c0000
322d00004f2d0000c12d0000e32e00005b2f00009e2f0000e42f0000053000009e33000065350000593600006c360000
1e3b00005e3b0000f03e00000a3f0000c73f0000d83f00002b4000005e400000d8400000241600004a160000ee170000
f7240000b62f00008b3f0000ee030000220400006c0400001905000050050000f405000067060000dd0b0000580c0000
d70e0000f80f000086100000fe150000241600004a160000ee170000b71b0000351d0000e41d0000461e0000f5230000
272400009c240000df240000f72400003e260000c5260000f2260000cf270000dc270000fe27000097280000712a0000
fe2a0000a22c0000e52c00001f2d0000c12d0000e32e00005b2f00009e2f0000b62f0000e42f000005300000853a0000
e83e00008b3f0000c73f0000d83f00002b4000005e400000d84000005e00000034020000540300003006000085060000
bb0700008d080000cb0900008f0b00009e0b0000ca0b00009f0c0000b40c0000330e0000621400001e1800000b1d0000
931f0000a7220000ab220000652300007b230000b62700006b280000c2170000b7230000be0000008e050000cd0b0000
d72200003402000054030000c8050000cb0900008f0b0000960b0000ef0c0000330e000062140000c21700000b1d0000
931f0000ca220000652300007b230000b7230000b62700006b2800001301000053030000e5030000f70300009a040000
ea040000ba050000f3060000a10800006b090000930a0000cb0a00008e0b0000fb0b0000370c0000770c0000ee0c0000
0e0d00004b0d0000240e0000320e0000db0e0000070f0000230f00002b0f0000460f00006e0f0000ec0f000006100000
5d1000008a100000741100008012000011130000441300007c1300009e130000a513000053140000611400009f140000
b0140000bd140000cb1400004015000010160000b4170000991a0000fd1c0000121e0000a71f0000382200000c230000
3c2300007a230000b6230000eb240000092500002f2500008c25000099250000d5250000f32500007f260000c3260000
c7260000d2260000fe260000b5270000cd270000d02700005d2800009e2a0000fc2a00005b2d0000c52d0000aa2f0000
81320000ab32000086350000933500000d36000017380000393800004a390000c63a00005c3b0000943b0000aa3c0000
294000002c400000e50100007c0400001a050000b3090000a60b0000ed0b0000590c00003b220000be22000046230000
ac2400003f260000f326000001270000e52700006b2f0000863a000041400000df0d0000db0e00005d10000022140000
53140000891400001016000073170000e217000038220000142300003c2300005d2500005c260000c3260000fe260000
cd270000db320000a33a0000333d0000294000003f000000e50100009f0300007c040000cf040000ed0400001a050000
7e050000a10500004806000077060000b00600006e090000b3090000460a00006d0a0000ce0a0000be0b0000290c0000
3a0c0000590c0000810c000071130000221500003b220000a922000046230000ac2400001525000070250000f3260000
01270000e5270000722a00006f2c0000f52c00006b2f00008d320000663500001f3b0000973b0000414000008e200000
81240000ee2700003c2f0000f52f00006a3d0000e83d0000b53e0000f6400000580d0000ba120000c41300009d150000
93170000b4170000b52700005d280000e32900003f000000e501000083020000560300007e05000048060000b3090000
e30900004b0a0000ee0a00002a0b00003b0b0000910b00002215000054170000b827000067280000e6290000ee030000
6c040000fb040000190500006d050000f4050000670600001c0a0000580c0000530e0000700f0000cc0f0000f80f0000
e9140000781b0000e71b0000b020000020210000d82300003f240000632400006b2400009c240000c7240000cf270000
dc270000fe27000097280000f6290000712a0000372b0000932b00001f2c00004c2c0000a22c0000e52c0000322d0000
e42d0000952e0000292f00005b2f0000862f0000e42f000005300000d53800000a3f00006b3f00007840000020410000
3341000072410000a6410000501a0000ea210000a8290000600a00005a0b0000081a0000991c0000cd210000d8290000
1d000000b9010000570200009a020000e60200002a2700008b01000077030000300600006c090000b20b0000ca0b0000
6a1400001e1800009c1800006b1a0000391b0000fe1c00005e20000039220000a722000023230000b62700006b280000
5904000062050000a70a0000590b0000441700006f170000b518000012190000ab1b0000ca1c0000e9200000cc210000
01220000d32300001d24000041280000bf290000d729000000390000013a0000fc3a0000fd3e0000a53f0000b83f0000
f73f000085400000e6400000eb000000ab010000ae020000e50200008f030000300600006c090000b20b0000ca0b0000
850c0000d70d00003b0e00006a1400006b1a0000ef1a0000fe1c00001d20000039220000ae2200004a23000088230000
9b2300002127000025270000492700006b280000ba120000c413000093170000b4170000501a000002200000ea210000
b62300003b2700005d280000a8290000e3290000c93c0000cc3d0000913e0000bd000000fd0200007e05000048060000
b3090000e30900004b0a0000600a0000ee0a00002a0b00003b0b00005a0b0000910b000054170000081a0000a51a0000
991c0000d51f0000cd210000d62200004527000067280000d8290000e6290000243b0000b73b0000f53b0000073c0000
263c0000a93e0000c10e0000890f0000a10f000091130000b6130000e92100001424000044240000a729000076310000
84390000303f0000b140000050410000bb030000bc0400004b050000de0a0000590b00005e0e0000640e0000c20f0000
46130000c01300004417000087170000b5180000981c0000cc210000d3230000d52300004e2400005724000041280000
bf290000d7290000843000003c3100001e3400001a390000013a0000fc3a0000e33e00005d3f00006b40000085400000
42410000534100009c000000f90000005d0100006f010000ab01000049020000ae020000e5020000630300008f030000
3006000085060000bb0700008d080000cb0900008f0b00009e0b0000ca0b00003e0d0000621400005b150000461b0000
0b1d0000411d0000d41d0000931f0000e22200002b2300002127000025270000492700006b280000130100008a010000
e5030000f70300009a040000ea040000ba050000e805000063070000310900006b0900008f090000930a0000cb0a0000
8e0b0000770c00000e0d0000580d00001c0e0000db0e0000070f0000230f00002b0f0000460f00006e0f000006100000
b210000029110000a6110000c1110000ce110000d611000060120000ba120000441300007c1300009e130000a5130000
4b1400005314000089140000e7140000331500009d15000010160000b4170000ea190000381b0000fd1c0000121e0000
801e00005d20000038220000a62200001423000022230000cb2400005c260000b5270000cd270000d02700005d280000
142a0000502a0000b42a0000c52a0000d22a0000e02a0000652b00009f2b00001d2c0000212c00002c2c0000582c0000
962c0000da2e00008a2f00006d300000223100000534000012340000433600009c360000d4360000f7390000a33a0000
5c3b0000943b0000aa3c0000a4410000a74100009f17000082240000064100007f150000ab150000c217000026000000
4f000000e8020000920300008e050000cd0b00006b0300007c0400001a05000048060000770600001d0a0000a60b0000
22150000a7150000be170000e5270000062a0000722a00004d2c00005b2c0000f52c0000d6380000bc410000bc040000
4b050000de0a0000590b00008a0e0000c20f000058130000c0130000871700009f170000cc210000ea2300004e240000
572400008224000041280000bf290000d72900001a3900006b390000fc3a0000e33e00005d3f00006340000006410000
4241000053410000eb00000021010000ab010000e50200005b030000c8050000cb0900008f0b0000960b00003e0d0000
621400005b1500007f150000ab150000c2170000461b00000b1d0000411d0000d41d0000931f0000e22200002b230000
2127000025270000492700006b280000df0d0000db0e00005d1000008a10000022140000401500009d15000010160000
f516000073170000b4170000b6230000cd270000fc2a0000d92b00001d2c0000582c0000c52d000040370000333d0000
a44100003f000000bd0000006b0300009f0300007c040000cf040000ed0400001a0500007e0500003508000063080000
68080000340900004e0900006e0900001d0a0000460a00006d0a0000ce0a0000910b0000a60b0000ed0b0000810c0000
711300000a150000a7150000be170000be220000d62200003f260000e5270000062a0000202a0000332a00004d2c0000
5b2c000079330000fe35000046360000d6380000863a00001f3b0000973b0000bc410000990e0000aa0e0000ef0e0000
620f00006d0f0000c90f00001d10000010130000b6130000e6140000fa1d0000a7200000e92100000124000068240000
bd240000cc270000902a00001c2c0000752d0000fc2d0000ed2e00007c2f000010370000f837000049390000bc390000
bb3c0000533d00005d3d0000783d0000913d00001d3e0000683f0000cb40000014410000a3410000b0200000d6200000
202100003f240000372b0000292f00004c2f0000163e00007241000051180000d2190000331a0000d30e0000e40e0000
490f0000581000005d100000e0100000401500001016000073170000bf180000dc180000151900002d1900002e1a0000
991a00005e1f00000c21000025220000382200003c230000eb240000b52700005d280000e32900009a2d0000682e0000
152f0000aa2f00005b31000090370000f73d0000a93f00005e2000002622000039220000d2190000331a00001d200000
4620000026220000392200004a230000fc3d0000240e0000630f00006e0f0000ba12000011130000c41300000a140000
531400009d15000093170000b4170000121e000002200000a8200000d920000054210000ea210000f121000069240000
cd2700009e2a00002b2b00001d2c0000582c00004f32000072320000f93700004a390000bd390000c93c000024410000
a4410000cc030000e2030000170400004c0400006c040000c2040000fb04000005050000190500006d050000dc050000
6706000053080000450a0000bf0a0000580c00006f0e0000740e0000700f0000cc0f00005511000046130000e9140000
781b0000961b0000e71b0000e41d0000ff1d0000de230000f5230000632400006b240000752400009c240000c7240000
cf270000dc270000fe27000097280000322a0000712a0000932b00001f2c00004c2c00008a2c0000e52c0000142d0000
322d0000952e0000b42e0000e32e0000f22e00005b2f0000862f0000e42f00000530000069330000b13300002c340000
5936000078360000ee3600001e3b0000883b0000393c0000463c0000593c0000723c00007f3c0000813c0000793d0000
1b3e00001e3e0000c83e00000a3f00006b3f00005e40000060400000154100002041000033410000a64100005e000000
3402000054030000bd05000030060000850600001d08000099080000cb0900004f0a00000c0b0000390b00008f0b0000
ca0b0000960c0000f30c0000800d0000ce1200004e13000081130000df130000061800001e1800006418000093180000
da190000011a00000c1a00003e1a0000451a0000621a00002d1f0000a7220000b62700006b280000e4290000be000000
8e050000350600006e0a00001f1800000d1a00003f000000e50100009f030000c0030000cd030000020400007c040000
ed0400001a0500006e0500007e050000a1050000ed050000180600003c0600004806000077060000b0060000b3090000
460a00004b0a00006d0a0000ee0a0000480b0000be0b0000590c0000620e0000b3100000221500001516000054170000
ac180000af1800001619000059190000fd1900009a1a0000c91a0000a81c00002f1f0000a9220000f6230000ac240000
f0240000b827000067280000e6290000722a00006f2c00009b2c0000c62c0000f52c00006b2f0000af2f000089300000
41310000bd3400005a360000813700001f3b0000143c00000b3f0000aa3f0000864000005e0000003b01000050010000
3402000054030000580300003006000085060000c7060000ae070000cb0900004f0a0000a00a0000c40a00000c0b0000
390b00003d0b00008f0b0000930b0000ca0b00006a1400001e1800009c1800000c1a0000491a00006b1a0000391b0000
e11c0000fe1c00002d1f0000571f0000a722000023230000b62700006b280000e4290000be000000840300008e050000
6e0a0000490b0000bf0b000031000000a70200001d0000006e0000009d0000007c010000b9010000040200004a020000
bf020000c7020000e60200009003000095060000320700001e0800009a080000cb0b0000701a0000e3220000a8230000
2a2700009c000000e3000000160100007b010000ab01000049020000ae020000c6020000e50200008f030000bd050000
3006000085060000c7060000ae0700001d08000099080000cb0900004f0a0000a00a0000c40a00000c0b0000390b0000
3d0b00008f0b0000930b0000ca0b0000c10c0000d30c0000d70d00003b0e0000ce1200004e13000081130000df130000
6a140000da190000011a00000c1a00003e1a0000451a0000491a0000621a00006b1a0000ef1a0000131b0000e11c0000
fe1c0000411d0000711d00002d1f0000571f0000b6220000e2220000882300009b230000a72300002127000025270000
492700006b280000e4290000273b0000693b00008d3b0000d63b0000053c0000093c0000e83c0000083e00000e3e0000
ab3e0000260000004f000000b5010000b30200008e050000350600006e0a0000490b0000bf0b00000d1a0000e5220000
323b0000153c00003f0000001d010000e5010000560300009f030000c0030000cd0300004d0400007c040000a4040000
c304000003050000060500001a0500006e0500007e050000a1050000c40500004806000077060000b00600006f070000
54080000b3090000460a00004b0a00006d0a0000c00a0000c20a0000ee0a00003b0b0000910b0000590c00007f130000
22150000a71500005417000098170000be170000f623000076240000ac240000e5270000422a0000532a0000722a0000
4d2c00005b2c00006f2c0000f52c00006b2f00007930000089300000b83000006a330000b23300005a36000079360000
1f3b0000893b00000b3f00008640000025410000bc4100001d0000006e0000009d000000fb000000b90100009a020000
e60200009003000095060000320700001e0800009a080000cb0b0000a40c0000701500000b18000013180000a1180000
701a0000e32200001301000053030000e5030000f70300000704000030040000410400009a04000053050000ba050000
e8050000f3060000c10800006b090000930a0000990a0000380b00008e0b0000fb0b0000770c0000580d0000a60d0000
1c0e0000460e0000610e00009c0e0000b10e0000db0e0000010f0000050f0000120f0000460f0000710f0000a80f0000
cd0f0000d40f0000ec0f0000191000003210000038100000541000005d1000008a100000b2100000cc100000ba120000
e01200004a1300007c130000c4130000f813000006140000121400004b1400006114000096140000eb14000040150000
9d150000101600007317000093170000b4170000ae180000c3180000c4180000d2180000e2180000f41800000c190000
151900004919000064190000fc190000191a0000821a0000991a0000e71a0000c21c0000441e0000681e00002c1f0000
4a1f00005e1f000038220000a62200000c2300003c23000025240000c0240000eb240000b7250000d5250000ff250000
c3260000fe26000079270000b5270000cd2700005d280000ee280000b7290000e3290000fc2a0000c12b0000962c0000
432d00005b2d0000722d0000822d0000962d0000c52d0000d72d0000092e0000502e00006f2e00007f2f0000aa2f0000
a2300000403100004f310000c7340000b33500006a360000803700008937000017380000453800005c3b0000043c0000
233d0000ec3e00003a3f00006d3f00009e3f0000a93f0000d63f000029400000e4400000e5010000f10400001a050000
6e0500004006000048060000b3090000ee0a0000590c0000221500001516000054170000a71800001619000021190000
9a1a0000ac240000f0240000b827000067280000e6290000ca2c00005c2e00006b2f0000af2f00000b3f0000aa3f0000
b9010000d3020000e6020000fc090000cb0b0000701a0000e3220000a82300002a270000eb0000002101000092010000
ab010000d9010000ae020000e50200008f03000008040000a7040000eb040000f4040000c8050000300600003d070000
45070000c2080000cd0800006c09000073090000cc0a0000390b00008f0b0000b20b0000ca0b00000b0c0000380c0000
850c00003e0d0000bb0d0000d70d00003b0e00000a0f0000d90f00004d1000007d130000131400005b14000062140000
6a140000a4140000161500007b1500007f150000ab15000025170000c2170000d7180000e6180000f01800001d190000
4e1900000c1a0000271a00006b1a0000871a00008e1a00001d20000039220000ae220000e2220000242300002b230000
4a2300009b2300001925000056250000b8250000d625000000260000ff26000021270000872700009a270000e7270000
b2280000ef280000c22b0000482d0000342e0000552e000091320000d4320000b43500001838000046380000953b0000
053c0000243d000043400000ee030000220400006c040000fb0400000b050000190500006d050000f405000067060000
1c0a0000580c0000530e0000700f0000cc0f0000f80f0000e9140000781b0000961b0000e71b0000e41d0000ff1d0000
b0200000d620000020210000d8230000f52300003f240000632400006b240000752400009c240000c7240000cf270000
dc270000fe27000097280000f6290000712a0000372b0000932b00001f2c00004c2c0000a22c0000e52c00001f2d0000
322d0000e42d0000952e0000b42e0000e32e0000f22e0000292f00004c2f00005b2f0000862f0000e42f000005300000
d5380000273900005d3c0000723c00007f3c0000833c0000793d0000163e00001b3e00001e3e0000c83e00000a3f0000
6b3f00005e4000007840000015410000204100003341000072410000a64100003402000054030000c8050000cb090000
fb0900000c0b0000390b00008f0b0000ef0c0000800d0000ce1200007d130000df130000fa1700005118000064180000
93180000d2190000da190000ff190000331a00003e1a0000451a0000621a0000b62700006b280000e42900008b010000
77030000300600006c090000cc0a0000440b0000b20b0000ca0b00006a1400001e1800009c1800000c1a0000491a0000
6b1a0000391b0000e11c0000fe1c00002d1f0000571f00005e2000002622000039220000a722000023230000b6270000
6b280000e4290000eb00000021010000ab010000ae020000d2020000e50200008f030000c8050000300600006c090000
cb090000fb090000cc0a00000c0b0000390b0000440b00008f0b0000b20b0000ca0b0000850c0000d70d00003b0e0000
ce1200007d130000df1300006a140000d2190000da190000ff1900000c1a0000331a00003e1a0000451a0000491a0000
621a00006b1a0000ef1a0000131b0000e11c0000fe1c0000411d0000711d00002d1f0000571f00001d20000046200000
2622000039220000ae220000e22200004a230000882300009b230000a72300002127000025270000492700006b280000
e4290000953b0000d63b0000053c0000103c0000e83c0000fc3d0000083e00000e3e0000ab3e0000130100008a010000
e5030000f703000041040000610400009a040000ea04000000050000ba050000e805000063070000310900006b090000
8f090000930a0000990a0000cb0a00008e0b0000770c00000e0d0000580d00001c0e0000610e0000720e0000bd0e0000
db0e0000070f0000230f00002b0f0000460f00005a0f00005b0f00006e0f0000ca0f000006100000b210000029110000
a6110000c1110000ce110000d611000060120000ba120000441300004a1300007c1300009e1300009f130000a5130000
c4130000061400004b1400005314000089140000e7140000331500009d150000101600006817000093170000b4170000
f9180000ea190000381b0000e01c0000fd1c00000c1e0000121e0000801e00002c1f00004e1f0000561f00005d200000
2522000038220000a62200001423000022230000db230000042400002024000051240000692400006c240000cb240000
5c260000b5270000cd270000d02700005d280000e3290000142a0000502a0000b42a0000c52a0000d22a0000e02a0000
652b00009f2b00001d2c0000212c00002c2c0000582c0000962c0000da2e00008a2f00006d300000b530000022310000
403100006f310000053400001234000057340000433600006a3600009c360000d4360000ec3600000937000009390000
f73900001a3a0000653a0000a33a00005c3b0000943b0000aa3c0000693f000067400000b5400000e840000019410000
2441000051410000a4410000a74100006b0300007c0400000c0500001a05000048060000770600001d0a0000400b0000
a60b000022150000a71500005417000098170000be170000f623000076240000e5270000062a0000722a00004d2c0000
5b2c0000f52c0000d6380000283900008640000025410000bc4100009e020000e602000090030000fc090000cb0b0000
70150000ff170000a1180000701a0000eb0000002101000073010000ab010000ae020000d2020000e50200005b030000
08040000a7040000eb040000f4040000c805000030060000450700007307000091080000320900006c090000a8090000
cb090000fb090000070a0000cc0a0000390b00008f0b0000960b0000850c00003e0d0000bb0d00000a0f00004d100000
97100000061100002e1100007d1300001314000062140000161500003c1500005b150000771500007f150000ab150000
aa160000c2170000d7180000e6180000f01800008219000085190000b31900000c1a0000271a0000621a0000671a0000
7c1a0000461b00000b1d0000411d0000d41d0000931f0000e22200002b2300009f230000a72300009826000021270000
2527000049270000e72700006b280000242a0000512a0000ed2a0000af2b0000b62b0000592c00007d300000cb300000
27310000b6340000443600006737000078370000df3a0000953b0000053c0000243d0000be410000e003000027040000
9a04000000050000d306000063070000740f00006b10000098120000cd15000062160000d2180000191e000074220000
3b250000d3270000102800008b280000e0280000502a0000a62d0000da2f0000203000006d30000096300000b5300000
aa31000025320000b73200001d33000074040000830400000f07000000210000092f0000aa300000740f00006b100000
cd15000062160000d2180000191e0000742200003b250000d3270000102800008b280000e0280000a62d0000da2f0000
aa31000025320000b73200001d33000004070000fa1f0000d71800002a200000402100007522000040250000bc320000
080400006f040000a7040000c3060000d80600000b0700004507000073070000d70c00009912000016150000d7180000
2a20000030210000402100007522000040250000512a000025300000423000007d300000bc32000007040000ea040000
a7090000370c0000580e0000d30e0000e40e000092100000e0100000ec1500001716000082160000e91d00000c210000
09250000d3270000102800008b280000e0280000f12b0000152f0000da2f0000c6300000343100005b31000092310000
b131000015320000813200001d3300009c030000bd0300009b040000c5040000cc040000db040000f704000001050000
24060000a1060000260700006407000098070000470c0000521b0000bf1b0000f71b0000ea1d00000a250000e1270000
1128000090280000e1280000602a0000ba2c00007b2e0000df2f0000113000006e30000086300000b1300000b6300000
d731000016320000823200001e3300001f05000058060000b215000056160000d62c00009e3100009a030000bc030000
7404000083040000c5040000f70400001f05000024060000580600009a0600000f0700005b090000470c0000b2150000
56160000521b0000f71b0000ea1d0000002100000a250000e12700001128000090280000e1280000ba2c0000d62c0000
092f0000df2f00000a30000085300000aa3000009e310000d731000016320000823200001e330000a10000002d020000
780200008a0600001b0700002e070000e9080000fc08000017180000be1a0000a7270000b72800002203000014090000
ad00000096060000a80000002d02000078020000220300008806000004070000e9080000fc08000014090000fa1f0000
a7270000b72800006f010000d90100007702000021030000a2030000e803000003040000a7040000eb040000ee040000
a8060000ec060000ff060000350700004507000073070000d80700008d080000cd080000fb08000013090000db090000
380c00003c0c00000a0f0000a1100000a7100000061100002e110000161500003c150000e6180000f0180000c2190000
921a0000f81a0000381c00002a1d0000881e0000f91f00000e250000192500004b250000522500009e270000a6270000
e7270000a9280000ae280000c32800007d290000512a0000ed2a0000173000003b3000004e3000007d300000d6300000
27310000f03100008632000091320000c8320000d0320000ec320000a4000000de010000ad030000f80400008d060000
9d060000d20800005c090000480c00001a2500000d3000009232000073010000d901000008040000eb04000022050000
5507000091080000cd080000a8090000380c0000971000008c150000f115000052160000761600008716000019250000
f22b00005e300000cb30000097310000913200009f000000de010000a3030000a4030000a8040000f804000091060000
a4060000a9060000ab060000460700007407000099070000d2080000480c00001b1500001a250000612a000014300000
183000007e30000092320000e003000007040000270400009a040000ea04000000050000d306000063070000a7090000
370c0000580e0000d30e0000e40e0000010f0000240f0000290f0000380f00004d0f0000570f0000740f000041100000
6b10000092100000e0100000f01000002011000098120000d7140000cd150000ec150000171600006216000082160000
d2180000691b0000cb1b0000021c0000e91d0000001e0000191e00000c2100007422000009250000262500003b250000
d0270000d327000007280000102800008b280000c9280000e028000012290000502a0000ec2a0000f12b00008a2d0000
a62d0000832e0000152f0000da2f0000203000006d30000096300000b5300000c630000019310000343100005b310000
653100006b31000092310000aa310000b1310000e1310000153200001e3200002532000081320000a2320000b7320000
f3320000123300001d33000074040000830400001f050000580600000f070000b21500005616000000210000e1270000
1128000090280000e1280000d62c0000092f0000df2f0000aa3000009e3100001e330000220300000407000014090000
fa1f0000a7270000b728000073010000d9010000080400006f040000a7040000eb04000022050000c3060000d8060000
0b07000045070000550700007307000091080000cd080000a8090000380c0000d70c0000540d00000a0f00004e0f0000
97100000061100002e1100001412000099120000d8140000161500003c1500008c150000f11500005216000076160000
87160000d71800002a2000003021000040210000752200001925000034250000402500009a270000d6270000d7270000
b2280000ce280000d5280000d928000013290000512a0000ed2a0000f22b000025300000423000005e3000007d300000
cb300000273100009731000091320000b0320000bc320000f8320000fe320000d30e0000e40e0000e0100000ec150000
17160000821600000c210000d3270000102800008b280000e0280000f12b0000152f0000da2f00005b31000092310000
b13100001d3300009a030000bc03000074040000830400009b040000cc040000db040000010500001f05000058060000
9a0600000f07000026070000640700005b090000b215000056160000bf1b000000210000e12700001128000090280000
e1280000602a0000d62c00007b2e0000092f0000df2f00000a3000006e30000085300000aa300000b1300000b6300000
9e3100001e330000a80000002203000088060000040700001b0700002e0700001409000017180000be1a0000fa1f0000
a7270000b7280000730100002103000008040000a7040000eb040000f4040000ff060000350700004507000073070000
9108000013090000a8090000430c00000a0f000097100000061100002e110000161500003c150000d7180000e6180000
f0180000c2190000921a0000f81a0000381c00002a1d0000f91f00002a20000040210000752200000c25000040250000
4b250000522500009e270000a6270000e7270000a9280000ae280000c32800007d290000512a0000ed2a00004e300000
7d300000cb3000002731000084320000bc320000c8320000d0320000ec320000d901000021030000a2030000e7030000
0b0400009e040000a7040000eb040000a8060000c7060000e2060000e8060000ff060000160700003507000045070000
6807000073070000cd08000013090000db090000380c0000d30c0000540d00004e0f0000ab1000004a11000014120000
d81400001615000064150000e5160000c2190000bd1a00008c1b00001e1c0000231e0000881e0000b31e0000f91f0000
19250000342500009e270000a6270000e7270000a9280000ae280000c32800007d290000512a0000552a00005e2b0000
882b00001730000030300000373000004e300000723000007d300000d0310000f03100000d32000091320000b0320000
ec3200008c150000f11500007616000087160000f22b000097310000a4000000ad030000a80400008d0600009d060000
46070000740700005c0900001b150000612a00000d3000007e300000d901000021030000080400009d040000a7040000
eb040000c3060000d8060000ff06000066070000cd08000013090000db090000380c0000d70c0000540d00004e0f0000
1412000099120000d8140000641500008c150000f11500007616000087160000e51600008c1b00001e1c0000231e0000
881e0000b31e0000f91f000019250000342500009e270000a6270000e7270000a9280000ae280000c32800007d290000
5c2a00005e2b0000882b0000f22b0000253000007030000097310000d0310000f03100000d32000091320000b0320000
ec320000ee030000220400008c040000190500006d050000f4050000de0a0000580c0000530e0000f80f0000e41d0000
84200000b0200000d620000020210000cc2100003f2400009c240000372b0000a22c00001f2d0000e42d0000e32e0000
292f00004c2f00005b2f00007d360000ee370000a73b00005d3c0000653c0000723c0000163e00000a3f000072410000
8b010000c101000034020000ff0600006c090000cb090000cc0a0000e10a00000c0b000051180000d2190000331a0000
d30e0000db0e0000e40e00005d1000008a100000e01000004015000073170000d2180000121e0000801e00005e1f0000
0c210000b7210000382200003c230000252400003224000051240000b52700005d280000e3290000fc2a0000132b0000
652b0000c52d0000da2e0000152f00005b310000e5370000e4400000514100007b410000c8050000cd080000ca0b0000
ef0c00007d1300002d1f0000e11f00005e200000d62100002622000039220000a7220000580d00006e0f0000ca0f0000
ba120000c4130000e7140000121e0000441e00005e1f0000022000005d200000a8200000f1200000ea210000f1210000
25220000382200005c2200003c230000cb24000007260000c3260000fe260000cd2700008a2f0000f93700004d380000
c93c0000693f0000d63f00000040000029400000eb00000021010000d9010000e50200008f030000c8050000ff060000
cd0800006c090000cb090000cc0a0000e10a00000c0b0000ca0b0000850c00007d130000d2190000331a0000411d0000
2d1f0000f91f00001d20000046200000d621000026220000392200004a230000953b0000aa3b0000d63b0000fc3d0000
ee030000220400006c040000fb0400003c050000f405000067060000590b0000530e0000f80f0000bb15000024160000
4a16000044170000ee170000381e0000f5230000f7240000712a0000a22c0000e52c00001f2d0000322d0000e42d0000
fd2e0000b62f00009236000049370000253c00005d3c00007f3c00008d3c0000df3d00008b3f00005e400000c8050000
3006000013090000ef0c00007d130000fe140000551500001517000047170000801700001e1800000c1a00005f000000
c000000035020000830500003506000086060000cc090000500a0000700a00000d0b00001f1800000d1a00003f000000
e50100009a0300009f030000b3030000c00300000204000071040000a1040000ae040000f1040000f70400007e050000
93050000a1050000ed050000100600001806000040060000480600006c060000b00600007d08000041090000b3090000
4b0a0000ee0a0000be0b0000620e0000b31000002215000054170000a718000021190000c91a0000a81c0000171e0000
5c1e0000851e00002f1f0000a9220000dc230000f823000052240000b827000067280000e6290000152a0000742a0000
662b0000612c00006f2c00009b2c0000b22c0000ca2c0000ea2c0000fd2c0000272d00005c2e0000df2e000089300000
41310000533600006c40000081400000614100008b0100000903000054030000450700006c090000cc0a0000390b0000
630b00008f0b0000c2170000811f0000b72300006a0000007e00000084030000910600007e070000540a0000690a0000
490b0000bf0b0000cd0b00003d1f0000d7220000200000002100000009020000a70200001d0000009d000000c7000000
7c010000b9010000040200004a020000d3020000e602000064030000880300008105000005060000950600009a080000
fc0900009f0b0000c30b0000661d0000e11d0000a01f00002a2700003f000000bd0000001d010000cd0100006b030000
830300009f030000cd030000db0300004d0400007c040000a4040000c30400000c0500001a050000570500006a050000
7e050000c4050000ef070000680800004e0900001d0a0000460a00004b0a00006d0a0000c00a0000c20a0000e30a0000
400b0000480b0000a60b0000be0b0000ed0b0000070c00001a0c00007f130000f51d0000511e0000341f0000631f0000
3b220000be220000462300007f250000d82500003f260000f326000001270000e5270000062a000075350000fe350000
5a360000793600001a380000d6380000ee380000283900005b3a0000863a00001f3b0000893b0000f13e0000063f0000
e63f000041400000170000001d000000420000006e000000fb000000ae01000000020000150200009e020000a6020000
8105000005060000950600009a080000fc0900009f0b0000c30b0000a40c0000ff1700008d1d0000a01f0000b3220000
e72200006a230000eb00000021010000ab010000ae02000021030000c80500003006000045070000130900006c090000
cc0a0000390b0000630b00008f0b0000850c00007d130000161500007f150000ab150000151700004717000080170000
c21700000c1a0000b91d0000811f0000e2220000953b0000053c00002f3c0000b93d000019000000440000008d000000
9f000000ac000000b5010000b3020000e802000092030000830500003506000086060000910600007e070000cc090000
500a0000540a0000690a0000700a00000d0b0000490b0000bf0b0000cd0b00000d1a0000461d00003d1f0000e5220000
283b0000293b0000d73b0000153c0000ee030000220400006c0400008c040000fb040000190500003c0500006d050000
f405000067060000de0a0000590b0000580c0000530e0000d70e0000560f0000700f0000cc0f0000f80f000086100000
e9140000bb150000241600004a16000044170000ee170000e41d0000ff1d0000381e000084200000b0200000d6200000
20210000cc210000f5230000272400003f2400009c240000c7240000f7240000cf270000f3270000222800002a280000
342800007f2800001e290000aa290000d7290000712a0000fe2a0000372b0000a22c0000e52c00001f2d0000322d0000
c12d0000e42d0000212e0000e32e0000f22e0000fd2e0000292f00004c2f00005b2f0000862f0000b62f0000ce2f0000
fa2f0000f93500007d3600009236000049370000ee3700009a380000a7380000a73b0000253c00005d3c0000653c0000
723c00007f3c00008d3c0000793d0000953d0000df3d0000163e0000933e0000be3e0000bf3e00000a3f00006b3f0000
8b3f00005e400000d8400000724100008b010000c101000034020000c805000030060000ff060000130900006c090000
cb090000cc0a0000e10a00000c0b0000ef0c0000800d00004d100000ce1200007d130000df130000fe14000055150000
1517000047170000801700001e1800003d18000051180000d21900000c1a0000271a0000331a00005b270000ba270000
60280000a9280000b4290000e82900008b0100000903000054030000c805000045070000cd0800006c090000cc0a0000
390b0000630b00008f0b0000ca0b0000ef0c0000330e00007d13000013140000621400006a140000c21700002d1f0000
571f0000811f0000e11f00005e200000d62100002622000039220000a722000023230000b7230000642700007a270000
b2280000ef280000b8290000dc290000eb00000021010000ab010000d9010000ae020000e5020000210300008f030000
c805000030060000ff06000045070000cd080000130900006c090000cb090000cc0a0000e10a00000c0b0000390b0000
630b00008f0b0000ca0b0000850c00003e0d0000bb0d0000d70d00003b0e00004d100000ce1200007d130000df130000
13140000621400006a140000161500007f150000ab150000151700004717000080170000c2170000d21900000c1a0000
271a0000331a0000411d0000711d0000b91d00002d1f0000571f0000811f0000f91f00001d20000046200000d6210000
2622000039220000e22200002b2300004a230000212700003e270000872700009a270000a627000060280000a9280000
b2280000ef280000b4290000b8290000dc290000e8290000953b0000aa3b0000d63b0000053c00002f3c0000e83c0000
243d0000b93d0000fc3d00009a3e00009b3e0000580d00006e0f0000740f0000ca0f00006b100000ba120000c4130000
e71400009d150000cd150000ec150000101600003d1600006216000093170000b4170000ca17000015190000991a0000
cb240000eb24000029260000b52700005d280000e3290000a62d00008a2f0000aa2f0000aa31000071380000693f0000
7e3f0000a93f00003f000000e501000083020000560300009a0300009f030000b3030000c0030000f803000031040000
9b040000a1040000ae040000f10400001c05000054050000700500007e05000093050000a10500001006000040060000
48060000b0060000f40600007d080000b3090000e30900004b0a0000ee0a00002a0b00003b0b0000910b0000fc0b0000
5b0c0000f10f0000221500001516000054170000a718000016190000211900009a1a00005c1e0000a1240000f0240000
e5250000b827000067280000e6290000612c00006f2c0000b22c0000ca2c0000fd2c0000272d0000602d00005c2e0000
602f0000af2f000089300000a330000027380000ed3e00000d3f0000aa3f00001d0000009d000000c7000000b9010000
570200009a020000d3020000e6020000810500000506000095060000cc060000fc0900009b0b0000cf0b0000e00c0000
701a0000661d0000b7220000db220000a82300002a270000eb00000092010000ab010000d9010000ae020000d2020000
e50200008f030000080400006f040000a7040000eb0400002205000030060000c3060000d8060000c2080000cd080000
6c09000073090000fb0900008f0b0000b20b0000ca0b0000e00b00000b0c0000380c0000620c0000850c0000d70c0000
540d0000d70d00003b0e00000a0f00004e0f0000d90f000014120000991200005b1400006a140000a4140000d8140000
f1150000d7180000621a0000671a00006b1a00007c1a0000ef1a0000fe1c0000981d0000061f0000ca1f00001d200000
392200003d220000ae220000e2220000242300003f2300004a230000882300009b2300009f230000a72300009f240000
d82400001925000034250000d6250000002600004826000098260000cf260000d3260000f72600000327000021270000
2527000049270000d6270000d72700006b280000482d00005e2f0000972f00002530000091320000b032000018380000
463800008f3a0000df3a00003240000033400000df0d0000db0e00009a0f00005d1000008a1000002214000029140000
401500009d15000010160000f51600007317000093170000b4170000801f0000b623000025240000692400008a240000
cd270000fc2a0000d92b00001d2c0000582c0000c52d00003137000040370000333d0000e4400000f940000024410000
a44100003f000000bd0000006b0300009f030000cd030000db0300007c040000cf040000ed0400000c0500001a050000
7e050000350800006308000068080000340900004e0900006e0900001d0a0000460a00004b0a00006d0a0000ce0a0000
400b0000910b0000a60b0000ed0b0000810c00007e0e000071130000731300000a150000a71500004917000098170000
be170000f51d0000341f00003c1f0000be220000d6220000df230000f2230000762400003f260000e5270000062a0000
202a0000332a00004d2c00005b2c000079330000fe350000463600005a360000fb360000d6380000ee38000028390000
5b3a0000863a00001f3b0000973b0000684000008840000025410000bc410000170000001d000000420000006e000000
f300000040010000fb01000000020000150200009e020000ea0200006003000094030000810500000506000095060000
cc060000fc0900009b0b0000cf0b000070150000ff170000a1180000701a0000eb0000002101000073010000ab010000
e50200005b0300008f030000080400006f040000a7040000eb04000022050000c0050000c8050000d505000000060000
6a06000045070000730700009108000032090000a8090000cb090000260a00008f0b0000960b0000ca0b0000f60c0000
3e0d0000340e00000a0f00004e0f000097100000061100002e110000f71100006d120000621400006314000016150000
3c1500005b1500007b1500007f150000a0150000ab150000f115000025170000b7170000c2170000d71800004e190000
461b00000b1d0000411d0000651d0000d41d0000d81d0000e01d00001b1f0000931f0000971f00009f1f0000e2220000
2b230000212700002527000049270000d6270000d72700006b280000f9290000242a0000512a00007b2a0000b92a0000
ed2a0000482b0000c22b0000292c00002d2c0000512c00005d2c0000832c0000e82c0000552e00007d300000cb300000
2731000044360000e1360000df380000523a0000ad410000ae410000ba050000990a0000380b00008e0b0000ee0c0000
df0d00007a0e00009a0f00005d100000641300007c130000221400002914000073170000ae180000fc1900002c1f0000
5e1f00005d200000c82000000d2200002522000038220000a62200003b270000282800005d280000a8290000af290000
e3290000f636000031370000803700000438000098380000623b0000043c0000333d0000493e0000913e0000b3090000
ee0a0000d51f000085200000cd210000d2210000ef370000b73b0000b1010000c601000004070000d71800001d200000
65200000b821000039220000402200004a230000182b0000e6370000df0d00009a0f00005d1000002214000029140000
731700005e1f00005d200000c82000000d22000025220000382200003b270000282800005d280000a8290000af290000
e3290000313700000438000098380000333d0000493e0000913e0000eb00000021010000d9010000e50200008f030000
080400006f040000a7040000c0050000c8050000d5050000ff060000cd080000d5080000b20b0000ca0b00000b0c0000
f60c0000f7110000d7180000f91f00001d2000006520000093210000b82100003922000040220000ae2200004a230000
d6250000182b0000832c000020360000e6370000183800008a0100005303000049040000b50400006b090000b30a0000
cb0a0000fc0a0000380b00008e0b0000ba1200004a130000c413000093170000b417000003190000501a00002c1f0000
801f000002200000a8200000ea210000f1210000b62300003b270000282800005d280000a8290000af290000e3290000
743600008436000098370000f9370000983800007c3b0000c63b0000c93c0000cc3d0000913e00007d0000005f020000
83030000cf030000b8040000de040000180600007d070000e3090000480a0000530a0000080b00001b0b00001d0b0000
2a0b00003b0b0000480b0000910b0000be0b0000b1180000081a0000a51a0000551b0000991c00009b1c0000a81c0000
2f1f00003c1f0000d6220000452700003528000067280000d8290000da290000e62900005c360000873600008c360000
83370000b8370000a8380000213b0000d23b0000e63b0000f53b0000073c0000a93e00001a00000063000000fb010000
4b0200005302000070020000a6020000bb0200008a0600001b0700002e070000e9080000fc080000b61a00004e1d0000
2827000069270000b72800009c000000e3000000510100007b010000ab01000049020000ae020000d2020000e5020000
5b030000630300008f030000a2030000e803000003040000a7040000eb040000ee040000000600003006000038060000
85060000c7060000ae070000af0700006f08000099080000b0080000b6080000f40800003209000036090000cb090000
fb0900008f0b0000930b0000960b00009e0b0000b20b0000ca0b00000b0c0000c10c0000d30c0000d70d00003b0e0000
0a0f000044110000e11100005b1400006a140000a4140000e6180000f01800008d190000b71900006b1a0000ef1a0000
3a1b00004f1c0000fe1c0000ff1c0000411d0000651d0000e01d0000541e00009f1f0000ae220000b6220000e2220000
24230000882300009b230000d625000000260000212700002527000049270000bd270000e7270000632800006b280000
782800004d290000192a0000242a0000812b0000ab2b0000c22c0000bc2e0000c72f0000d2330000043600001d360000
44360000483600007c370000af3700001838000046380000fd0200003d050000480600005a0b00005f0b000054170000
93360000263c0000ed02000014090000031500002b0000006f00000096060000260000004f000000c3000000b5010000
86030000ad030000f8040000860500008e050000960500007e08000042090000bf0b0000c10b0000e5220000252a0000
642c000054360000bd0000005f020000fd02000083030000d1030000b8040000de0400003d0500007e05000018060000
48060000b30900004b0a0000600a00006d0a0000ee0a0000080b00001b0b00001d0b0000480b00005a0b00005f0b0000
be0b000054170000a81c00002f1f0000d51f000085200000cd210000d2210000452700003528000067280000d8290000
da290000e62900005e360000873600008c36000093360000ef370000a8380000243b0000b73b0000d23b0000e63b0000
263c0000a93e00001700000061000000b1010000c60100004b020000a6020000ed0200008806000004070000e9080000
fc0800001409000003150000b61a00004e1d00002827000069270000b7280000eb00000092010000ab01000021030000
5b03000008040000eb0400002205000045070000c2080000130900001f090000320900006c090000730900008f0b0000
960b0000850c0000d90f0000161500007f150000ab150000f1150000c5160000ba170000c2170000cf170000e2220000
be2300002a260000242a0000482d000034360000443600007238000019000000800000008d0000009f000000ac000000
b5010000e80200008603000092030000a3030000a4030000a8040000f804000086060000910600007e07000080070000
9407000070080000720800007708000042090000b30b0000bf0b0000c10b0000cd0b00000c0c0000d9220000e5220000
e6250000252a00002c3300000536000054360000283800008a0100005303000049040000b5040000ba0500006b090000
990a0000b30a0000cb0a0000fc0a0000380b00008e0b0000ee0c0000920d0000df0d0000320e00007a0e00001a0f0000
390f00009a0f0000381000005d100000ba120000e01200004a130000641300007c130000c4130000da130000eb130000
ec130000f8130000061400001214000022140000291400004b140000611400007317000093170000b4170000ae180000
c718000003190000fc190000221a0000501a0000d31a00006a1b0000b51c0000b61c0000c21c00002c1f00004a1f0000
561f00005e1f0000801f0000022000005d200000a8200000c8200000ea210000f12100000d2200002522000038220000
a622000022230000b62300003b27000079270000282800002b2800005d280000ee280000a8290000ac290000af290000
b7290000e32900007436000084360000f63600001f3700002537000031370000803700008d37000098370000c0370000
f937000004380000983800009c380000623b00007c3b0000c63b0000043c0000c93c0000e33c0000f83c0000053d0000
173d0000333d0000cc3d0000493e0000913e0000943e0000fd0200003d05000048060000b3090000ee0a00005a0b0000
5f0b000054170000d51f000085200000cd210000d2210000452700003528000067280000d8290000da290000e6290000
93360000ef370000a8380000b73b0000263c0000a93e0000b1010000c6010000ed020000040700001409000003150000
2827000069270000b7280000eb0000002101000092010000ab010000d9010000e5020000210300005b0300008f030000
080400006f040000a7040000eb04000022050000c0050000c8050000d5050000ff06000045070000c2080000cd080000
d5080000130900001f090000320900006c090000730900008f0b0000960b0000b20b0000ca0b00000b0c0000850c0000
f60c00003e0d0000d70d0000340e00003b0e00000a0f00004e0f0000d90f0000f71100006d1200005b14000062140000
631400006a140000a4140000161500007f150000ab150000f1150000c5160000ba170000c2170000cf170000d7180000
f91f00001d2000006520000093210000b82100003922000040220000ae220000e2220000242300002b2300004a230000
be230000d6250000002600002a260000212700007b270000872700009a270000a6270000d6270000d7270000a9280000
b2280000ef280000f02800000c290000362900003a29000041290000242a0000b92a0000182b0000832c0000482d0000
dc350000203600003436000044360000e1360000e6370000183800004638000072380000883800009c000000f9000000
5d0100006f010000ab01000049020000ae020000d2020000e50200005b030000630300008f030000a2030000e7030000
0b0400009e040000a7040000eb04000000060000300600003806000085060000be060000b7070000bb070000d2070000
6f0800008d080000ac080000f408000032090000cb090000fb0900008f0b0000930b0000960b00009e0b0000b20b0000
ca0b0000000c00000b0c0000b50c0000df0c00003e0d0000340e00004e0f0000e5110000eb1100006d12000062140000
631400005b1500008d190000621a0000461b00008c1b0000071d00000b1d0000231d0000411d0000651d0000d41d0000
231e0000541e0000931f0000b31f0000ae220000b6220000e22200002b2300007c230000a7230000d6250000da250000
172600001e260000212700002527000049270000bd270000e7270000632800006b280000782800004d290000242a0000
b92a0000c22c0000bc2e0000c72f000043330000043600001936000044360000e1360000183800001c3800005e380000
663800007f150000ab150000f1150000ba170000c2170000cf170000be2300002a26000072380000260000004f000000
c3000000e802000092030000ad030000a8040000860500008e050000960500007e080000b30b0000cd0b00000c0c0000
d9220000e6250000642c000028380000eb00000021010000ab010000d2020000e50200005b030000080400009d040000
a7040000eb040000c0050000c8050000d5050000f408000032090000cb090000fb0900008f0b0000960b0000fe0b0000
f60c00003e0d0000340e00004e0f0000f71100006d12000062140000631400005b1500007f150000ab150000f1150000
ba170000c2170000cf170000621a0000461b00008c1b0000071d00000b1d0000231d0000411d0000d41d0000231e0000
541e0000931f0000b31f0000e22200002b2300007c230000a7230000be230000e1250000172600001e2600002a260000
212700002527000049270000bd270000e7270000632800006b280000782800004d290000242a0000b92a0000832c0000
bc2e0000c72f000044360000e1360000233800005e3800006638000072380000ba120000c413000093170000b4170000
03190000501a0000801f000002200000a8200000ea210000f1210000b62300003b270000282800005d280000a8290000
af290000e329000098370000f937000098380000c93c0000cc3d0000913e0000bd000000fd020000d10300003d050000
7e05000048060000b3090000e30900004b0a0000600a00006d0a0000ee0a00002a0b00003b0b00005a0b00005f0b0000
910b000054170000b1180000081a0000a51a0000551b0000991c00009b1c00003c1f0000d51f000085200000cd210000
d2210000d6220000452700003528000067280000d8290000da290000e62900005e3600009336000083370000b8370000
ef370000a8380000243b0000b73b0000f53b0000073c0000263c0000a93e00001700000061000000b1010000c6010000
fb0100005302000070020000bb020000ed02000088060000040700001b0700002e070000140900000315000028270000
69270000b7280000eb00000092010000ab010000ae020000e50200008f03000008040000a7040000eb040000f4040000
000600003006000038060000c20800003d0900006c09000073090000b20b0000ca0b00000b0c0000850c0000d70d0000
3b0e00000a0f0000d90f00005b1400006a140000a4140000d7180000e6180000f01800008d190000b71900006b1a0000
ef1a00003a1b00004f1c0000fe1c0000ff1c0000651d0000e01d00009f1f00001d20000065200000b821000039220000
40220000ae220000242300004a230000882300009b230000d625000000260000212700002527000049270000bd270000
e7270000632800006b280000782800004d290000172a0000182b0000812b0000ab2b0000c22c0000482d0000c72f0000
4f3600007c370000af370000e63700001838000046380000990e0000aa0e0000cd0e0000510f0000990f0000a60f0000
1d1000007c100000211400007b140000d8150000651700000b1e0000431e0000242400005b260000c2260000cc270000
fb2a0000752d0000b72d0000fc2d00001c2e00003037000053370000643a0000a23a0000323d0000533d00006f3d0000
893d0000a93d00005e3e0000363f0000d53f000028400000ab400000cc030000ff0300003e040000430400006c040000
c2040000fb04000019050000560500006d05000067060000e3070000450a0000950a0000190c0000580c0000480e0000
7d0e0000d70e0000560f0000e00f00008610000070130000fe150000b71b0000351d0000e41d0000ee1d00002f1e0000
461e0000501e0000f5230000272400009c240000df2400006f250000c5260000f2260000cf270000dc270000fe270000
97280000712a0000fe2a0000e52c0000322d00004f2d0000c12d0000d92d0000212e0000e32e0000f92e00005b2f0000
9e2f0000e42f0000053000009e330000fb34000065350000593600006c360000fa3600001e3b00005e3b0000393c0000
453c00005f3c00006f3c0000723c00007f3c0000953d0000423e00005f3e0000c83e0000f03e00000a3f0000c73f0000
d83f0000e53f00002b4000005e400000d84000005e000000320100008f0100001c020000340200005403000030060000
85060000be0600000608000070090000cb0900004f0a00009d0a0000d00a0000010b00000c0b0000390b00008f0b0000
ca0b00004d1000001e1800003d1800000c1a0000271a00000f1b0000761c0000da1c00002d1f00006a1f00009f1f0000
a72200005c230000b62700006b280000e42900001301000053030000e0030000e5030000f70300001504000030040000
b5040000ea040000ba050000d0050000e8050000f3060000310900006b090000990a0000cb0a0000fc0a0000380b0000
8e0b0000770c0000580d0000a60d00001c0e0000610e0000720e00009c0e0000b10e0000d00e0000070f0000160f0000
170f0000490f00004d0f00006e0f0000ca0f0000ec0f00001910000038100000581000005d1000007f100000b2100000
cc10000091110000f61100006c120000ba120000e0120000441300004a130000c4130000d1130000f813000006140000
4b14000061140000e7140000401500009d150000ec1500007317000093170000b4170000bf1800002d190000e71a0000
881b0000c21c0000121e0000271e0000641e0000801e0000e61e00002c1f00004a1f0000561f00005e1f0000c91f0000
38220000a62200000c2300003c230000db2300000324000028240000482400005124000069240000cb240000d3240000
79270000b5270000cd2700005d280000ee280000b7290000e3290000142a0000ab2a0000002b00004e2b0000652b0000
1d2c0000582c00007e2c0000962c0000122d00005b2d0000722d00009a2d0000ba2d0000682e0000c82e0000da2e0000
f52e00008a2f0000922f0000a2300000403100004f31000051340000f23400004336000084360000e0360000ec360000
1b370000943b0000c63b0000da3c0000693f000067400000b8400000dc400000244100005141000055410000a4410000
241600004a160000ee170000381e0000f7240000fd2e0000b62f0000df3d00008b3f0000551500001517000080170000
be000000350200008e050000cc0900006e0a00000d0b0000e50100007c040000a1040000ae0400001006000048060000
77060000b3090000ee0a00002215000054170000171e00005c1e0000851e0000f623000052240000b827000067280000
e6290000722a0000662b0000b22c0000f52c0000272d0000df2e00008640000061410000ee030000220400006c040000
fb04000019050000500500006d050000f405000067060000dd0b0000580c0000530e0000d70e0000560f0000f80f0000
86100000fe150000241600004a160000ee170000b71b0000351d0000e41d0000f41d00002f1e0000381e0000461e0000
501e0000f5230000272400009c240000df240000f72400003e260000c5260000f2260000cf270000dc270000fe270000
97280000712a0000fe2a0000a22c0000e52c00001f2d0000322d0000c12d0000e42d0000212e0000e32e0000f92e0000
fd2e00005b2f00009e2f0000b62f0000e42f0000053000005a3a0000853a00005d3c00006e3c0000723c00007f3c0000
953d0000df3d0000423e00005f3e0000c83e0000e83e00000a3f00008b3f0000c73f0000d83f0000e53f00002b400000
5e400000d84000008b0100001002000000060000300600006c090000cc0a0000ff0a0000ca0b00004d10000055150000
15170000801700001e1800003d1800000c1a0000271a00000f1b0000761c0000da1c00002d1f00006a1f00009f1f0000
a72200005c230000b62700006b280000e4290000580d0000050f0000120f0000740f0000321000006b100000ba120000
c41300009d150000cd150000f6150000621600007b17000093170000b4170000121e0000681e0000801e0000801f0000
51240000b52700005d280000e3290000652b0000822d0000a62d0000092e0000da2e0000aa3100005b370000b43d0000
514100003f000000e501000083020000560300009f030000c0030000cd030000f8030000310400007c040000a4040000
b3040000b60400001a0500006e0500007e050000a10500004806000077060000b0060000f406000016080000b3090000
e3090000460a00004b0a00006d0a0000ee0a0000fd0a00002a0b00003b0b0000910b0000590c0000f10f000022150000
54170000171e0000581e0000851e00003c1f0000f623000052240000ac240000b827000067280000e6290000722a0000
662b00006f2c0000f52c0000602d0000c02e0000df2e00006b2f000089300000a3300000ad3300005a36000085360000
1f3b0000c73b00000b3f000086400000614100005e00000034020000540300003006000085060000bb0700008d080000
cb0900004f0a00000c0b0000390b00008f0b00009e0b0000ca0b00009f0c0000b40c0000330e00005113000075130000
13140000621400001e1800000c1a00000b1d00002d1f0000311f00006e1f0000751f0000931f0000a7220000ab220000
652300007b230000b62700006b280000e4290000c2170000811f0000b7230000be0000008e0500006e0a0000cd0b0000
3d1f0000d72200003100000009020000b9010000e60200009003000005060000cb0b0000661d0000e11d0000a01f0000
2a2700003402000054030000c8050000cb0900000c0b0000390b00008f0b0000960b0000ef0c0000330e00007d130000
1314000062140000c21700000b1d0000381f00006e1f0000751f0000811f0000931f0000ca220000652300007b230000
b7230000b62700006b280000e42900001d0000006e0000009d000000b9010000570200009a020000e602000090030000
95060000cc0600000b080000e5080000cb0b0000e00c0000521d00005a1d0000e11d0000a01f0000e32200002a270000
1301000053030000e5030000f703000030040000410400009a040000ea04000053050000ba050000f3060000a1080000
6b090000930a0000990a0000cb0a0000380b00008e0b0000fb0b0000370c0000770c0000ee0c00000e0d00004b0d0000
240e0000320e0000720e0000920e0000bd0e0000db0e0000070f0000230f00002b0f0000460f0000630f00006e0f0000
a90f0000c50f0000ec0f0000061000005d1000008a100000741100008012000011130000441300004a1300007c130000
9e1300009f130000a5130000b91300000a1400001214000053140000611400009f140000b0140000bd140000cb140000
401500001016000073170000b417000015190000991a0000fd1c0000e91d0000031e0000041e0000121e00002c1e0000
441e0000471e00004a1f00005e1f0000741f0000801f0000a71f0000382200000c2300003c2300007a230000b6230000
25240000eb240000092500002f2500008c25000099250000d5250000f32500007f260000c3260000c7260000d2260000
fe260000b5270000cd270000d02700005d280000e32900009e2a0000fc2a00005b2d0000c52d0000aa2f0000a2300000
153200002232000081320000ab3200000435000086350000933500000d3600006a360000ec3600000937000017380000
393800004a39000074390000bd390000703a0000c63a00005c3b0000943b0000aa3c0000ec3e00003d3f0000613f0000
a93f0000d63f0000da3f0000294000002c400000e4400000e50100007c0400001a0500006e050000b3090000ee0a0000
a60b0000ed0b0000590c0000f51d0000511e0000341f0000631f00003b220000be22000046230000ac2400003f260000
f326000001270000e52700006b2f00005b3a0000863a00000b3f0000e63f000041400000b90100000002000015020000
05060000cb0b00008d1d0000a01f0000e32200006a230000eb00000021010000ab010000d9010000ae020000e5020000
8f030000080400009d040000a7040000eb040000c80500000006000030060000c3060000d8060000cd080000ec080000
6c090000cb090000cc0a00000c0b0000b20b0000ca0b00000b0c0000380c0000850c0000d70c0000540d0000d70d0000
3b0e00004e0f00001412000099120000ce1200007d130000df1300006a140000d8140000f11500006b1a0000ef1a0000
8c1b0000fe1c0000411d0000651d0000711d0000941d0000d81d0000e01d0000231e0000d11e0000f21e00001b1f0000
2d1f0000571f0000971f00009f1f0000b71f0000be1f00001d20000039220000ae2200004a230000882300009b230000
1925000034250000b1250000d625000013260000ff260000212700002527000049270000e72700006b280000482b0000
2530000091320000b0320000ac35000024360000183800005a380000523a0000953b0000d63b0000e83c000043400000
9c000000f90000005d0100006f010000ab01000049020000ae020000e5020000630300008f0300003006000085060000
be060000bb070000060800008d08000070090000cb0900004f0a00009d0a0000d00a0000010b00000c0b0000390b0000
8f0b00009e0b0000ca0b00007a0c0000df0c00003e0d0000bb0d00004d10000051130000751300001314000062140000
5b1500000c1a0000271a0000461b0000761c0000da1c00000b1d0000411d0000591d0000ad1d0000d41d0000e01d0000
2d1f0000311f00006a1f00006e1f0000751f0000931f00009f1f0000e22200002b230000212700002527000049270000
6b280000e4290000273b0000663b0000993b0000cb3b0000d63b0000053c0000243d0000373e0000543e0000ab3e0000
7f150000ab1500001517000080170000c2170000b91d0000811f0000b93d0000260000004f000000e802000092030000
8e050000cc0900006e0a00000d0b0000cd0b0000461d00003d1f0000323b0000d73b0000eb00000021010000ab010000
ae020000e50200005b0300008f030000c805000000060000300600006c090000cb090000cc0a0000ff0a00000c0b0000
390b00008f0b0000960b0000ca0b0000850c00003e0d0000bb0d00004d1000007d13000013140000621400005b150000
7f150000ab1500001517000080170000c21700000c1a0000271a0000461b0000761c0000da1c00000b1d0000411d0000
651d0000ad1d0000b91d0000d41d0000e01d00002d1f0000381f00006a1f00006e1f0000751f0000811f0000931f0000
9f1f0000e22200002b2300002127000025270000492700006b280000e4290000953b0000c93b0000d63b0000053c0000
243d0000b93d0000373e0000543e0000ab3e0000df0d0000db0e00009a0f00005d100000221400002914000053140000
891400001016000073170000e21700000c1e00003b1e0000441e00004e1f00005e1f000038220000142300003c230000
5d2500005c260000c3260000fe260000cd2700002d320000db32000031370000653a0000a33a0000333d0000d63f0000
294000003f000000e50100009f030000c0030000cd0300007c040000cf040000ed0400001a0500006e0500007e050000
a10500004806000077060000b00600006e090000b3090000460a00004b0a00006d0a0000ce0a0000ee0a0000be0b0000
290c00003a0c0000590c0000810c00007e0e000071130000731300002215000054170000ec1d0000ef1d0000511e0000
2f1f0000631f00003b220000a922000046230000f6230000ac2400001525000070250000f326000001270000e5270000
722a00006f2c0000f52c00006b2f000089300000183200008d320000fc340000663500005a360000fb3600001f3b0000
973b00000b3f0000e63f000041400000864000001d0000006e0000009d000000f300000040010000b901000004020000
2102000029020000e60200009003000095060000cc0600000b080000e5080000cb0b00008d1d0000a01f0000e3220000
6a230000eb00000021010000ab010000d9010000e50200005b0300008f030000080400009d040000a7040000eb040000
c0050000c8050000d50500000c0600004507000073070000cd080000320900006c090000cb090000cc0a00000c0b0000
8f0b0000960b0000ca0b0000850c0000f60c00003e0d0000d70d0000340e00003b0e00004e0f0000f71100006d120000
ce1200007d130000df13000062140000631400006a140000161500007f150000ab150000f1150000c21700008c1b0000
411d0000711d0000981d0000d41d0000231e0000901e0000b71e0000e71e0000061f00002d1f0000571f0000931f0000
ca1f00001d20000039220000e22200002b2300004a230000d824000021270000872700009a270000e7270000b2280000
ef280000242a0000512a0000b92a0000532b00005a2b0000592c0000832c0000ae2c0000972f00007d30000011320000
f334000044360000e1360000953b0000d63b0000e83c0000be410000cd0e0000510f00006d0f0000c90f00007c100000
e6140000fa1d000024240000bd24000027280000a7290000fb2a0000b72d00001c2e0000ed2e00007c2f000097380000
783d0000893d0000903e0000bd3e0000683f0000ab400000e2030000ff030000170400003e040000dd040000dc050000
e30700001a0b0000480e00006f0e0000270f0000340f0000e00f00004510000055110000fe150000541b0000651b0000
781b0000961b0000b71b0000cf1b0000e71b0000981c0000351d00002f1e000063240000df240000932b00008a2c0000
142d00004f2d00008e2d0000d92d0000152e0000952e0000ad2e0000b42e0000f92e00009e2f00009e3300002c340000
8b360000b7370000e53b0000463c00005f3c0000783c0000873d00001b3e0000423e0000c73f00003341000050010000
8f0100006b02000016070000ae07000070090000a00a0000d00a00001f0b00003a10000064180000da1900003e1a0000
e81a0000c31c00000b1d0000751f00007b2300001301000053030000f703000030040000410400009a04000053050000
ba050000f3060000930a0000990a0000380b00008e0b0000fb0b0000300d0000920d00009e0e0000b70e0000d00e0000
db0e0000290f00002b0f0000380f0000390f0000ec0f00000610000013100000381000005d1000007f1000008a100000
f01000006d110000a6110000ce1100007c130000a5130000eb130000ec13000033150000401500001016000068170000
73170000e218000015190000991a0000e71a0000cb1b00004e1c0000c21c0000fd1c0000441e00005e1f0000741f0000
382200003c2300007a2300000424000025240000282400005a240000eb240000d5250000c3260000fe260000b5270000
cd2700005d280000e3290000c52a0000fc2a0000002b00007c2b00005b2d00006c2d0000ba2d0000c52d0000832e0000
aa2f0000a230000065310000123400003b3400006a36000025370000ae370000173800005c3b0000f83c0000ec3e0000
a93f0000d63f000029400000b8400000e4400000e840000037410000dc270000fe27000097280000e42f000005300000
c83e0000b62700006b280000e429000084020000e40900002b0b0000e50100001a0500006e050000b3090000ee0a0000
590c0000681500001d1700008c1700007d1b0000ec1b000064240000ac240000942b00009a2e00006b2f00000b3f0000
434100006c040000fb040000190500006d05000067060000580c0000270f0000340f000045100000fe150000651b0000
781b0000961b0000b71b0000cf1b0000e71b0000351d0000e41d00002f1e0000f5230000632400009c240000df240000
dc270000fe27000097280000712a0000932b0000e52c0000322d00008e2d0000152e0000952e0000ad2e0000b42e0000
e32e0000f92e00005b2f00009e2f0000e42f000005300000723c00007f3c0000873d00001b3e0000423e0000c83e0000
0a3f0000c73f00005e400000334100003402000054030000cb0900000c0b0000390b00008f0b00003a10000064180000
da1900003e1a0000e81a0000c31c00000b1d0000751f00007b230000b62700006b280000e4290000580d0000db0e0000
6e0f0000ca0f00005d1000008a100000ba120000c4130000e7140000401500007317000025240000cb2400003b270000
d327000010280000282800005d2800008b280000e0280000a8290000af290000e3290000fc2a0000c52d00008a2f0000
da2f00001d33000098380000913e0000693f0000e44000008d0100005f020000000400003f040000cc040000db040000
de0400001806000026070000e40700006e090000ce0a00001b0b00001d0b0000e50f0000681500001d1700008c170000
7d1b0000bf1b0000ec1b0000a81c000064240000942b0000542d00007b2e00009a2e0000b13000009f3300008c360000
e63b000043410000bd050000bb070000fb080000b40c0000f30c0000a70d0000e11200005113000081130000f9130000
b11a00000f1b0000391b0000761c00009d1c0000da1c0000e11c0000fe1c00001d060000ca1a0000a91c000058020000
b9010000cb0b00005d150000471b00000c1d0000e322000030060000ca0b0000a70d0000e1120000f91300001e180000
0c1a00000f1b0000391b0000761c0000da1c0000e11c0000fe1c00002d1f0000a7220000b62700006b280000e4290000
020100004b0200001b070000bc070000fc080000c20c00005d150000b61a0000be1a0000471b00000c1d0000e5030000
ea040000e8050000310900006b090000cb0a00008e0b0000770c0000300d00004b0d0000580d0000a60d0000610e0000
720e00009e0e0000b70e0000230f0000240f00006e0f0000710f0000a90f0000ca0f0000cd0f00000610000013100000
41100000b21000006d11000074110000ba120000e0120000441300004a130000a5130000b9130000c4130000f8130000
b0140000e7140000eb1400009d15000093170000b4170000d31a0000381b0000691b00006a1b0000881b0000ae1b0000
021c0000b51c0000b61c0000e01c0000fd1c00001e1d0000121e0000801e00002c1f0000a6220000db23000051240000
69240000c0240000cb240000992500001d260000b5270000cd2700005d280000e3290000142a0000652b00001d2c0000
582c0000962c00006c2d00008a2d0000da2e00007f2f00008a2f000040310000e13100003b3400009335000043360000
ec360000c037000065380000943b0000053d00003d3f0000693f00006d3f0000bc3f0000674000002441000051410000
a44100007c0400004806000077060000221500000316000054170000fc1a0000b81b00006e1c0000cf1c0000361d0000
f6230000e4240000722a0000f52c0000a32f0000c83f000086400000e602000090030000cb0b0000f11a00000c1d0000
89230000eb00000021010000ab0100005b030000a7040000eb040000c80500004507000073070000320900006c090000
cc0a00008f0b0000960b0000850c00003e0d00004d0d00008b0d0000940d00002c0f00003a10000076110000e1120000
7d130000f913000062140000be140000161500005b1500007f150000ab150000c2170000e6180000d51a0000f81a0000
461b00008c1b0000381c0000c31c0000071d00000b1d0000231d00002a1d0000e22200002b2300007c2300004b250000
9a2500001e260000e7270000242a0000512a0000592c00007d300000c8320000943500004436000066380000953b0000
063d0000be410000e3000000f9000000160100005d01000077020000bd05000016070000ae070000bb070000fb080000
70090000a00a0000d00a00001f0b00007a0c0000c10c00008b0d0000940d00003a100000e11200005113000081130000
f91300005b150000da1900003e1a0000bd1a0000d51a0000ef1a0000131b0000461b0000761c00009d1c0000c31c0000
da1c0000e11c0000fe1c00000b1d0000ad1d0000751f000088230000693b0000993b0000ea3b0000063d0000083e0000
373e000025270000492700006b280000e4290000ab3e00004f020000640200001d060000e40900002b0b0000aa1a0000
a91c0000f63b0000ab010000ae020000e50200008f03000030060000cb0900000c0b0000390b00008f0b0000ca0b0000
8b0d0000940d00003a100000e1120000f91300005b150000da1900000c1a00003e1a0000d51a0000ef1a0000131b0000
461b0000761c0000c31c0000da1c0000e11c0000fe1c00000b1d0000411d0000ad1d00002d1f0000751f0000e2220000
8823000025270000492700006b280000e4290000d63b0000053c0000063d0000083e0000373e0000ab3e00000a040000
c5040000c4050000e105000024060000e30900002a0b0000f10c0000700e0000561100007f13000003160000a51a0000
fc1a0000521b0000551b0000b81b0000f71b00006e1c0000991c00009b1c0000cf1c0000361d0000e42400008f2c0000
ba2c0000a32f0000d73100002d340000b8370000f53b0000c83f0000fa0000005e010000530200007002000078020000
1b070000bc070000fc080000f11a00000c1d000089230000eb00000021010000d9010000e50200008f030000a7040000
eb040000c8050000cd0800006c090000cc0a0000b20b0000ca0b00000b0c0000380c0000850c00008b0d0000940d0000
d70d00003b0e00002c0f00003a100000a7110000cf110000e11200007d130000f91300006a1400003515000064150000
e5160000e6180000d51a0000ef1a00003a1b00008c1b00001e1c00004f1c0000c31c0000fe1c0000ff1c00001d200000
39220000ae2200004a2300008823000019250000d6250000ff260000e7270000d32a0000812b0000882b0000d0310000
9132000013340000af37000018380000953b0000063d0000434000005c00000032020000500300002f06000083060000
c90900004d0a00000a0b0000350b00008b0b0000c60b00001c1800000a1a0000291f0000a3220000b22700006a280000
e02900007d00000083020000560300009c030000c6030000e4030000a4040000b3040000c3040000cf040000e8040000
ed04000006050000e7050000180600003c0600007d070000910700001608000054080000760800002d09000067090000
e3090000530a0000c70a00002a0b00003b0b00008a0b0000910b0000be0b0000290c0000760c0000570d0000600e0000
710e00006c0f0000c80f0000b0100000b91200004113000049130000c3130000e31400009c15000092170000b3170000
ac18000059190000c91a0000a81c0000ef1d0000111e0000581e00007f1e0000281f00002f1f0000a2220000a9220000
da2300005024000067240000ca24000070250000b1270000b8270000cb270000e5270000232800005c28000067280000
842800001f290000df290000e6290000122a0000422a0000632b0000192c0000542c0000952c0000c62c0000c02e0000
d92e0000892f0000d32f00003e310000293300006a33000082330000ad330000b2330000bd340000fc34000066350000
fa3500003f360000e9360000903b0000653f000065400000224100004d410000a24100007e000000c000000084020000
830500001d0600002f0600007e070000e4090000540a0000700a00002b0b0000c60b00001c1800000a1a0000ca1a0000
a91c0000291f0000a3220000b22700006a280000e02900001f00000007020000980200002b2700001a00000082000000
f10000003e0100006d010000f901000004020000210200004a020000570200009a020000c70200005e030000ca060000
810700000b0800001e0800008b080000990b00003f0d0000681400006e1500000b1800009f1800006e1a00005a1d0000
d21d0000911f000029230000202700002a27000088270000f5280000300000002f0000008e000000e20200008c030000
86070000c70b00007e000000c0000000320200008402000050030000830500001d0600007e070000c9090000e4090000
540a0000700a00000a0b00002b0b0000350b00008b0b0000ca1a0000a91c0000b22700006a280000e029000021000000
0702000058020000980200002b2700001c0000006c00000099000000b8010000e20200008c03000093060000c70b0000
df2200007d00000012010000830200004f030000560300009c030000c6030000f60300002f0400004004000099040000
a4040000b3040000c3040000cf040000ed0400000605000052050000b9050000180600003c060000f10600007d070000
91070000160800005408000076080000e3090000530a0000900a0000980a00002a0b0000340b00003b0b00008a0b0000
910b0000be0b0000f90b0000290c0000da0e0000eb0f00005c10000089100000781300003f1500000f16000072170000
ac1800001419000059190000971a0000c91a0000a81c0000ef1d0000421e0000581e00002f1f00005d1f000034220000
a92200003b23000023240000ea24000070250000d1250000bf260000fa260000b1270000b8270000cb270000e5270000
232800005c28000067280000842800001f290000df290000e6290000422a0000f82a0000c62c00005a2d0000c42d0000
c02e0000a92f0000d32f0000a0300000293300006a33000082330000ad330000b2330000bd340000fc34000066350000
fa3500006736000013380000593b0000ea3e0000a73f0000d23f000027400000e04000001a00000082000000e5000000
04020000210200004a02000057020000970200009a020000c7020000ca060000810700000b0800001e0800008b080000
990b0000a20c0000d10c0000d50d0000390e0000681400000b1800006e1a00005a1d00008b1d0000911f0000b1220000
6823000099230000202700002a27000088270000f52800002f0000008e000000b801000086070000c70b0000df220000
19000000800000008d0000009f000000ea00000020010000b5010000d2010000d8010000e1020000e80200008b030000
92030000a4030000a6040000d0040000e9040000c705000091060000a40600007e070000800700009407000099070000
f4070000360800006408000077080000cc08000068090000c80a0000b00b0000bf0b0000c60b0000cd0b0000090c0000
2a0c0000340c0000840c0000791300000f1500001c20000035220000ad220000e5220000492300001725000080250000
d2250000fb260000e6270000432a0000143000008f3200002c3300007a3300007635000014380000913b000042400000
98000000aa010000ad020000e10200008b0300002f06000083060000c90900004d0a00000a0b0000350b00008b0b0000
c60b00000a1a0000401d0000291f0000de22000024270000482700006a280000e0290000263b0000d43b0000013c0000
aa3e000019000000440000008d000000aa0100004f02000064020000ad020000e10200008b030000830500001d060000
2f0600007e070000c9090000e4090000540a0000700a00000a0b00002b0b0000350b00008b0b0000c60b00000a1a0000
aa1a0000a91c0000401d0000291f0000de22000024270000482700006a280000e0290000293b0000d43b0000f63b0000
013c0000aa3e000019000000800000008d0000009f000000ea00000020010000aa010000b5010000d2010000e8020000
5a03000092030000a4030000a6040000d0040000e9040000c705000091060000a406000043070000710700007e070000
800700009407000099070000f40700003608000064080000770800002e09000068090000c80a00008b0b0000950b0000
bf0b0000cd0b00002a0c0000840c0000791300000f150000151500007e150000aa150000c1170000de220000e5220000
80250000e6270000222a0000432a00004d2a0000552c0000143000007b3000002c3300007a3300007635000040360000
913b0000bd410000e2030000ff030000170400003e040000dd040000dc050000e30700001a0b0000480e00006f0e0000
cc0e0000270f0000340f0000500f00006b0f0000c70f0000e00f0000451000007b10000055110000e2140000fe150000
541b0000651b0000781b0000961b0000b71b0000cf1b0000e71b0000981c0000351d0000f91d00002f1e000022240000
63240000bc240000df24000025280000a3290000f72a0000932b00008a2c0000142d00004f2d00008e2d0000b62d0000
d92d0000152e00001b2e0000952e0000ad2e0000b42e0000ec2e0000f92e00007b2f00009e2f00009e3300002c340000
8b360000b737000093380000e53b0000463c00005f3c0000783c0000773d0000873d0000883d00001b3e0000423e0000
8e3e0000bc3e0000643f0000c73f0000a840000033410000500100008f0100006b020000bd05000016070000ae070000
bb070000fb08000070090000a00a0000d00a00001f0b0000b40c0000f30c00007e0d0000a70d00001a0e00003a100000
4b100000cc120000e11200005113000081130000dd130000f91300000414000049140000671400003b18000064180000
da190000251a00003e1a0000b11a0000e81a00000f1b0000391b0000761c00009d1c0000c31c0000da1c0000e11c0000
fe1c00000b1d0000481f0000751f00000a2300007b23000059270000a7280000b2290000840200001d060000e4090000
2b0b0000ca1a0000a91c0000b22700006a280000e02900008d0100005f020000000400000a0400003f040000c5040000
cc040000db040000de040000c4050000e1050000180600002406000026070000e40700006e090000e3090000ce0a0000
1b0b00001d0b00002a0b0000f10c0000570d0000700e0000da0e00006c0f0000c80f0000e50f00005c10000089100000
56110000b91200007f130000c3130000e31400003f15000068150000031600001d170000721700008c170000a51a0000
fc1a0000521b0000551b00007d1b0000b81b0000bf1b0000ec1b0000f71b00006e1c0000991c00009b1c0000a81c0000
cf1c0000361d00002324000064240000ca240000e42400003a270000d22700000f280000262800005c2800008a280000
de280000a4290000ae290000df290000f82a0000942b00008f2c0000ba2c0000542d0000c42d00007b2e00009a2e0000
892f0000a32f0000d92f0000b1300000d73100001b3300009f3300002d3400008c360000b837000094380000e63b0000
f53b00008f3e0000653f0000c83f0000e040000043410000580200002b270000fa000000020100005e0100004b020000
5302000070020000780200001b070000bc070000fc080000c20c00003f0d0000d50d0000390e0000681400005d150000
b61a0000be1a0000f11a0000471b00000c1d00002923000089230000222700006727000098270000b5280000e3000000
f9000000160100005d01000077020000bd05000016070000ae070000bb070000fb08000070090000a00a0000d00a0000
1f0b00007a0c0000c10c00003c0d00008b0d0000940d0000b90d0000d40d0000380e00003a1000004b100000cc120000
e11200005113000081130000dd130000f91300000414000049140000671400005b150000da190000251a00003e1a0000
bd1a0000d51a0000ef1a0000131b0000461b0000761c00009d1c0000c31c0000da1c0000e11c0000fe1c00000b1d0000
6f1d0000ad1d0000481f0000751f0000282300008823000097270000a7280000b2290000693b0000993b0000ea3b0000
e63c0000063d0000153d0000083e0000373e0000993e00004f020000640200001d060000e40900002b0b0000aa1a0000
a91c000024270000482700006a280000e0290000f63b0000aa3e00003f0000008d010000cd010000e501000083020000
9f030000c0030000cd030000000400003f0400007c040000c3040000cf040000ed0400001a0500001c05000057050000
6e050000700500007e050000a1050000180600003c0600004806000077060000b0060000e4070000ef0700006e090000
b3090000e3090000460a00004b0a00006d0a0000ce0a0000e30a0000ee0a00002a0b0000be0b00001a0c0000290c0000
590c00005b0c0000da0e0000e50f00005c10000089100000221500003f150000031600000f1600005417000072170000
ac1800001419000059190000971a0000c91a0000fc1a0000b81b00006e1c0000a81c0000cf1c0000361d0000ef1d0000
421e00002f1f00005d1f000034220000a92200003b230000f623000023240000a1240000ac240000e4240000ea240000
702500007f250000bf260000fa260000b1270000b8270000cb270000e5270000232800005c2800006728000084280000
1f290000df290000e6290000722a0000f82a00006f2c0000c62c0000f52c0000542d0000c42d0000602f00006b2f0000
a32f0000a92f0000d32f0000893000009f330000bd340000fc3400006635000075350000fa3500005a3600001f3b0000
f13e00000b3f00000d3f0000a73f0000c83f0000d23f00002740000086400000e04000001d0000006e0000009d000000
02010000ae010000b901000004020000210200004a02000057020000c7020000e60200009003000095060000bc070000
0b0800001e0800009f0b0000cb0b0000cf0b0000c20c0000d50d0000390e0000681400006e1a0000f11a00000c1d0000
8b1d0000911f0000b7220000e3220000e7220000682300008923000099230000202700002a27000088270000f5280000
9c000000e300000051010000ab01000049020000ae020000c6020000e50200008f030000e80300000b040000c6040000
3006000085060000c7060000e2060000ae070000af0700001d080000b6080000cb0900004f0a00000c0b0000390b0000
8f0b0000930b0000ca0b00001e0c0000c10c0000d30c0000050d00000f0d0000520d0000d40d0000d70d0000380e0000
3b0e0000090f00002c0f0000450f000007100000441100004a110000a7110000cf11000012120000a313000059140000
671400006a140000a2140000c914000035150000e61800000c1a0000601a00006b1a0000871a0000ef1a00008c1b0000
fe1c0000411d0000941d0000d11e00002d1f0000be1f0000b6220000e22200000e23000088230000982300009b230000
3225000074250000b1250000b8250000f1250000cd2600001f27000021270000252700004927000087270000d5270000
6b280000ef280000e4290000d32a000030300000ae320000d2330000133400006a350000ac350000b435000037380000
273b0000d63b0000053c0000ab3c0000ab3e000031400000260000004f000000b5010000d2010000d00400008e050000
f40700006e0a0000bf0b00002a0c00001c20000035220000e52200004923000080250000fb260000e627000076350000
323b0000424000003f000000e501000083020000560300009f030000c0030000cd0300000a040000710400007c040000
a4040000b3040000c3040000cf040000060500001a0500006e0500007e050000a1050000c4050000e105000018060000
480600006c06000077060000b006000016080000350800005408000063080000b3090000e3090000460a00004b0a0000
6d0a0000ee0a00002a0b00003b0b0000910b0000590c0000f10c0000570d0000700e00006c0f0000c80f000056110000
b91200007f130000c3130000e31400000a15000022150000681500009c1500001d17000049170000541700008c170000
92170000b3170000c91a00007d1b0000ec1b0000a81c0000111e0000581e00007f1e0000df230000f6230000f8230000
502400006424000067240000ac240000ca240000b1270000b8270000cb270000e5270000232800005c28000067280000
842800001f290000df290000e6290000332a0000422a0000722a0000742a0000632b0000942b0000192c0000542c0000
6f2c00008f2c0000ea2c0000f52c00009a2e0000c02e0000d92e00006b2f0000892f0000d32f0000893000006a330000
79330000ad330000b23300002d340000fa3500005a3600001f3b00000b3f0000653f00006c4000008640000088400000
22410000434100004d410000a24100001d0000006e0000009d000000fa0000005e010000b90100004a02000057020000
9a020000e6020000ea02000064030000900300009403000095060000bc0700000b0800001e0800009f0b0000cb0b0000
cf0b00003f0d0000681400005d1500006e1500000b1800009f1800006e1a0000471b00000c1d00005a1d0000d21d0000
911f0000e322000029230000202700002a27000088270000f52800009c000000f90000005d0100006f010000ab010000
49020000ae020000e5020000630300008f030000e80300000b040000c60400003006000085060000b7070000bb070000
d2070000d807000006080000580800008d080000cb0900004f0a00000c0b0000390b00008f0b00009e0b0000ca0b0000
b50c0000050d00000f0d00003c0d00003e0d00004d0d00001e0e0000090f00002c0f0000450f000007100000a1100000
041100002c11000076110000eb1100005e120000a3130000491400004d14000062140000be1400003a1500005b150000
77150000aa160000e6180000821900000c1a0000461b00008c1b00000b1d0000411d0000591d0000d11d0000d41d0000
e71e00002d1f0000901f0000931f0000e2220000282300002b2300009a2500001f270000212700002527000049270000
87270000d52700006b280000ef280000e4290000372a0000b72a0000de2a0000532b0000b62b0000272c0000d6300000
25310000433300006e330000b6340000f334000094350000d2360000273b0000d63b0000053c0000ab3c0000ab3e0000
ac410000260000004f000000e802000092030000d00400008e05000036080000640800006e0a0000cd0b00000f150000
7e150000aa150000c1170000e6270000432a0000552c00007a330000323b0000bd410000010201010201020101010101
010101010102010101010101010101010101010101010101010101010101010101010101010101010101010101010101
010101010101010101020202010101010101010101010101010101010101010101010101010101010101010101010101
010101010101010101010101010101010101010101010101010101010101010101010101010101010101010101010101
010101010101010101010101010101010101010101010101010101010101010102010101020101010102020101010101
010101010101010101010102010101010101010101010101010101010101010101010101010101010101010101010101
010101010102020101010101010101010101010101010201010101010101010101010102020202020202020202020202
020202020202010102020101010101010101010101010101010101010101010101010101010101010101010101010101
010101010101010101010101010101010101010101010101010101010101010101010101010101010101010101010101
010101010101010101010101010101010102010101010101010101010101010102010101010101010101010101010101
010101010101010101010101010101010101010101010101010101010101010101010101020201020101010101010101
010101010101010101010101010101010101010101010101010101010101010101010101010101010102020101010101
010101010101010101020101010101010101010101010101010101010101010101010101010101010101010101010101
010101010101010101010101010101010101010101010101010101010101010101010101010101010101010101010101
010101010101010101010101010101010101010101010101010101010101010101010101010101010101010101010101
010101010101010101010101010101010101010101010101010101010101010101010101010101020101010101010101
010201010101010101010101010101010101010101010101010101010101010101010101010101010101010101010101
010101010101010101010101010101010101010101010101010101010101010101010101010101010101010101010101
010101010101010101010101010101010101010101010101010101010101010101010202010101010101010101020101
010101010101010101010101010101010101010101010101010101010101010101010101010101010101010101010101
010101010101020202010101010101010101010101010101010101010101010101010101010101010101010101010101
010101010101020202010101010101010101010101010101010101010101010101010101010101010101010101010101
010101010101010101010101010101010101010101010101010101010101010101010101010101010201010101010101
010101010101010201010201010101010101010101010101010101010101010101010101010101010101010101010101
010101010101010101010101010101010101010101010101010101010101010101010101010101010101010101010101
010101010101010101010101010101010101010101010101010101010101010101010101010101010101010101010101
010101010101010101010101010101010101010101010102020101010101010101010101010101010102020101010101
010101010101010101010101010101010101010101010101010101010101010101010101010101020102010101010101
010102020101010101010101010101010101010101010101010101010101010101010101010101010101010101010101
010101010101010101010101010101010101010101010101010101010101010101010101010101010101010101010101
010101010101010101010101010101010101010101010101010202010101010101010101010101010101010101010101
010101010101010101010101010101010102010201010101010101010101010101010101010101010101010101020101
010201010102010101010101010101010202020202020202020202020202020202010202020102020102020201020201
010102010202020102020102010101010202010101010202020201020101010101010101010101010101020102010101
010101010101010101010101010101010101010101010101020201010101010101020101010101010101020202020202
020202020202020202020202020202020202020202020202020202020202020202020202020202020202020202020202
020202020202020202020202020202020101020202020101010101010101010101010101010101010101010101010101
010101010101010101010101010101010101010101010101010101010101010101010101010101010101010101010101
010101010101010101010101010101010101010101010101010101010101010101010101010101010101010101010101
010101010101010101010101010101010101010101010101010101010101010101010201010101010101010202020101
010102010101010102010101010102020202020202020202020202020202020202020202020202020202020202020202
020202020202020202020202020202020202020202020202020202020202020202010202020202020201020202020101
010101010101010101010101010101010101010101010101010101010101010101010101010101010101010101010101
010101010101010101010101010101010101010101010101010101010101010101010101010101010101010101010101
010101010101010101010101010101010101010101010101010101010101010101010101010102010101010201010101
010101010101010101010101010101010202020202020202020202020202020202020202020202020202020202020102
020202020202020202020202020202020202020202020202020202020202020202020202020202020202020202020102
010202010202020202020202020202020102020101010102020202020202020201020202020201020101010101010101
010101010101010101010101010101010101010101010101010101010101010101010101010101010101010101010101
010101010101010101010101010101010101010101010101010101010101010101010101010101010101010101010101
010101010101010101010101010101010101010101010101010101010101010101010201010101020101010101010101
010101010101010101010102020202020202020202020202020202020202020202020202020202020201020202020202
020202020202020202020202020202020202020202020202020202020202020202020202010201020201020202020202
020202020202020202020201020201010101020202020202020202020102020102020201010101010101010101010101
010101010101010101010101010101010101010101010101010101010101010101010101010101010101010101010101
010101010101010101010101010101010101010101010101010101010101010101010101010101010101010101010101
010101010101010101010101010101010101010101010101010101010101010101010101010101010101010101010101
010101010101010101010101010101010101010101010101010101010101010101010101010101010101010101010101
010101010101010101010101010101010101010101010101010101010101010101010101010101010101010101010101
010101010101010101010101010101010101010101010101010101010101010101010101010101010101010101010101
010101010101010101010101010101010101010101010101010101010101010101010101010101010101010101010101
010101010101010101010101010101010101010101010101010101010101010101010101010101010101010101010101
010101010101010101010101010101010101010101010101010101010101010101010101010101010101010101010101
010101010101010101010101010101010101010101010101010101010101010101010101010101010101010101010101
010101010101010101010101010101010101010101010101010101010101010101010101010101010101010101010101
010101010101010101010101010101010101010101010101010101010101010101010101010101010101010101010101
010101010101010101010101010101010101010101010101010101010101010101010101010101010101010101010101
010101010101010101010101010102010201010102010101010101010101010101010101010101010101010101010101
010101010101010101010101010101010101010101010101010101010101010101010101010101010101010101010101
010101010101010101010101010101010101010101010101010101010101010101010101010101010101010101010101
010101010101010101010101010101010101010101010101010101010101010101010101010101010101010101010101
010101010101010101010101010101010101010101010101010101010101010101010101010101010101010101010101
010101010101010101010101010101010101010101010101010101010101010101010101010101010101010101010101
010101010101010101010101010101010101010101010101010101010101010101010101010101010101010101010101
010101010101010101010101010101010101010101010101010101010101010101010101010101010101010101010101
010101010101010101010101010101010101010101010101020101010101010101010101020101010101010101010101
010101010101010101010101010101010101010101010101010101010101010101010101010101010101010101010101
010101010101010101010101010101010101010101010101010102020102010201020101010101010101010101010202
010101010101010101010101010101010101010101010201010101010101010101010101010102010101010101010101
010101010101010101010101010101010101010101010101010101010101010101010101010101010101010101010101
010101010101010101010101010101010101010101010101010101010101010101010101010101010101010101010101
010101010101010101010101010101010101010101010101010101010101010101010101010101010101010101010101
010101010101010101010101010101010101010101010101010101010102010101010101010101010101010101010101
010101010101010101010101010101010101010101010101010101010101010101010101010101010101010101010101
010101010101010101010101010101010101010101010101010101010101010101010101010101010101010101010101
010101010101010101010101010101010101010101010101010101010101010101010101010101010101010101010101
010101010101010101010101010101010101010101010101010101010101010101010101010101010101010101010101
010101010101010101010101010101010101010101010101010101010101010101010101010101010101010101010101
010101010101010101010101010101010101010101010101010101010101010101010101010101010101010101010101
010101010101010101010101010101010101010101010101010101010101010101010101010101010101010101010101
010101010101010101010201010101010101010101020101010101010101010101010101010101010101010101010101
010101010101010101010101010101010101010101010101010101010101010101010101010101010101010101010101
010101010101010101010101010101010101010101010101010101010101010101010101010101010101010101010101
010101010101010101010101010101010101010101010101010101010101010101010101010101010101010101010101
010101010101010101010101010101010101010101010101010101010101010101010101010101010101010101010101
010101010101010101010101010101010101010101010101010101010101010101010101010101010101010101010101
010101010101010101010101010101010101010101010101010101010101010101010101010101010101010101010101
010101010101010101010101010101010101010101010101010101010101010101010101010101010101010101010102
010201020101010101010101010101010101010101010101010101010101010101010101010101010101010101010101
010101010101010101010101010101010101010101010101010101010101010101010101010101010101010101010101
010101010101010101010101010101010101010101010101010101010101010101010101010101010101010101010101
010101010101010101010101010101010101010101010101010101010101010101010101010101010101010101010101
010101010101010101010101010101010101010101010101010101010101010101010101010101010101010101010101
010101010101010101010101010101010101010101010101010101010101010101010101010101010101010101010101
010101010101010101010101010101010101010101010101010101010101010101010101010101010101010101010102
010201010101010101010102010101010101010101010101010101010101010101010101010101010101010101010101
010101010101010101010101010101010101010101010101010101010101010101010101010101010101010101010101
010101010101010101010101010101010101020101010101010201010101010101010101010101010101010101010101
010101010101010101010101010101010101010101010101010101010101010101010101010101010101010101010101
010101010101010101010101010101010101010101010101010101010101010101010101010101010101010101010101
010101010101010101010101010201010201010201020102010101010101010101010101010102010101010201020101
010102010101020101010101010101010101010101010101010101010101010101010101010101010101010101010101
010101010101010101010101010101010101010101010101010101010101010101010101010101010101010101010101
010101010101010101010101010101010101010101010101010101010101010101010101010101010101010101010101
010101010101010101010101010102010102010101010101010101010101010101010101010101010101010101010101
010101010101010101010101010201010101010101010201010101010101010101010101010101010101010101010101
010101010101010101010101010101010101010101010101010101010101010101010101010101010101010101010101
010101010101010101010101010101010101010101010101010101010101010101010101010101010101010101010101
010101010101010101010101010101010101010101010101010101010101010101010101010102010101010102010101
010101010101010101010101020101010101010101010101010102010101010101010101010101010101010101010101
010101010101010102020101020101010101010101010201010101010201010101010101010201010101010101010101
010101010101010101010101010101010201010101010101010101010101010101010101010101010101010101010101
010101020101010101010101010101010101010101010101010101010101010101010101010101010101010201010101
010101010101010101010101010101010101010101010101010101010101010101010201020102010102010101010101
010101010101020101010101010101010101010101010101010101010101010101010101010101010101010101010101
010101010101010102010101010101010101010101010101010101010101010101010101010101010101020102010101
010101010102010101010101010101010101010101010201010201010201020101020101010101010101010101020101
010101010102020102010101010201010101010101010101010101010101010101010101010102010101010101010101
010101010101010101010101010101010101010201010101010101010101010101010101010101010101010101010101
010101010101010101010101010101010101010101010101010101010101010101010101010101010101010101010201
010101010101010101010101010101010101010101010101010101010101010201010101010101010101010201020101
010101010101010102010102010201010101010101010101010101010101010101020101010101010101010101010101
010101010101010101010101010101010101010101010101010101010101010101010101010101010101010101010101
010101010101010101010101010101010101010101010101010101010101010101010101010101010101010101010101
010101010101010101010102010101010101010101010101010101010101010101010102010101010101010101010101
010101010101010101010101010101010101010101010101010101010101010101010101010101010101010101010101
010101010101010101010101010101010101010101010101010101020101010101010101010101010101010101010101
010101010101010101010101010101010101010101010101010101010101010101010101010101010101010101010101
010101010101010101010101010101010101010101010101010101010101010101010101010101010101010101010101
010101020101020101010101010101010101010101010101010101010101010101010101010101010102010101010101
010101010101010101010101010101010101010101020101010102010201010101010101010101010101020101010101
010101010102010102010101010101010101010101010101020101010101010101010101010101010101010101010101
010101010101010101010101010101010101010101010101010101010101010101010101010201010101010101010101
010101010101010101010101010101020101010101010102010101010101010101010101010101010101020101010101
010101010101020101010101010101010101010101010101010101010101010201010201020101010101010102010101
020102010101010101010101010101010102010101010101010101010101010101010101010101010101010101010101
010101010101010101010101010101010101010101010101010101010101010101010101010101010101010101010101
010101010101010101010201010102010201020201020102010201010101010101010101020101020101010201010102
020102010101010201020101020102010102010101020101010101010102020101010101020102010101010101010101
010101010101010101010101010101010101010101010101010101010101010101010101010101010101010101010101
010101010101010101010101010101010101010101010101010101010101010101010101010101010101010101010101
010101010101010101010101010101010101010101010101010101010101010101010101010101010101010101010101
010101010101010101010101010201010102010101010201010102010201020201020201010101020201010202010201
020101010101010101010101020101010101010101010201020101020101010101020202010101020201010101010102
010102010201010101010101010101010101010101010101010101010101010101010101010101010101010101010101
010101010101010101010101010101010101010101010101010101010101010101010102010101020101010101010101
010101010101010101010101010101020201010101010101010101010101010101010101010101010101010101010101
010101010101010101010201010101010101010101020101010101020101010101010101010101010102010101010101
020102010102010101010101010101010101010102010101010101010101010101010101010102010101010101010101
010101010101010101010101010101010101010101010101010101010101020101010101010101010101010101010101
020101010101010101020101010101010101010101010101010101010101010101010101010101010201010101020101
010101010201010101010101010101010101010101010101010101010102010101010101010101010101010101010101
010101010101010101010202010101010101010101010101010101010101010102010101010101010101010101010101
010101010101010101010101010101010101010101010101010101010101010101010101010101010101010101010101
010101010101010101010101010101010201010101010101010101010101010101010101010101010101010101010101
010101010101010101010101010101010101010202020101010101010101010101010101010101010101010102010101
020101010101010101010101010101010101010101010101010101010101010101010102010101010201010202010101
010101010101010101010101010101010101020101010102010101010101010101010102010102010101010101010101
010101010101010101010101010101010101010101020102010101010101010101010101010101010101010101010101
010101010101010101010101010101010201010101010101010101010101010101010101010102010101010101010101
010101010101010102010201010101010101010101010101010101020101010101010101010101010101020101010101
010101010101010101010101010101010101010101010101010101010101010101010101010101010101010101010101
010101010101010101010101010101010101010101010101010101010101010101010101010101010101010101010101
010101010101010101010101010101010101010101010101010101010101010101010101010101010101010101010101
010101010101010101010101010101010101010101010101010101010101010101010101010101010101010101010101
010101010101010101010101010101010101010101010101010101010101010101010101010101010101020201020101
010101010101010101010101010101010101010101010101010101010101010101010101010101010101010101010101
010101010101010101010101010101010101010101010101010101010101010101010101010101010101010101010101
010101010101010101010101010101010101010101010101010101010101010101010101010101010101010101010101
010101010101010101010201020201020101010101010101020101010101010101010101010101010101010101010102
010101010101010101010101010101010101010101010101010102010101010101010101010101010101010101010101
010101010101010101010101010101010101010101010101010101010101010101010101010101010101010101010101
010101010101010101010101010101010101010101010101010101010101010101010101010101010101010101010101
010101010101010101010101010101010101010101010101010101010101010101010101010101010101010101010101
010101010101010101010101010101010101010101010102020201010101010101010101010101010101010101010101
010101010101010101010101010101010101010101010101010101010101010101010101010101010101010101010101
010101010101010101010101010101010101010101010101010101010101010101010101010101010101010101010101
010101010101010101010101010101010101010101010101010101010101010101010101010101010101010101010101
010101010101010101010101010101010101010101010101010101010101010101010101010101010101010101010101
010101010101010101020201010101010101010101010201010101010101010101010101010101010101010101010101
010101010101010101010101010101010101010101010101010101010101010101010101010101010101010101010101
010101010101010101010101010101010101010101010101010101010101010101010101010101010101010101010101
010101010101010101010101010101010101010101010101010101010101010101010101010101010101010101010101
010101010101010101010101010101010101010101010101010101010101010101010101010101010101010101010101
010101010101010101010101010101010101010101020101010101010102010101010102010101010101010101010101
010101010101010101010101010101010101010101010101010101010101010101010101010101010101010101010101
010101010101010101010101010101010101010101010101010101010101010101010101010101010101010101010101
010101010101010101010101010202010101010101020101010102010101010201010101010101010101010101010101
010101010101010101010101010101010102010201010201010101010101010101010101010101010101010201010101
010101010101010101010101010101010101010101010101010101010101010101010101010101010101010101010101
010101010101010101010101010101010101010101010101010101010101010101010101010202010101010101020101
010101020102010101010101020101010101010201010101010101010101010101010101010101010101010101010101
010101010101010101010101010101020101010101010101010101010101010101010101010101010101010101010101
010101010101010101010101010101010101010101010101010101010101010101010101010101010101010101010101
010101010101010101010101010101010101010101010101010101010101010101010101010101010101010101010101
010101010101010101020102010101010101010101010101010201010101010101010101010101010101010101010101
010101010101010101010102010101010101010101010101010101010101010101010101010101010101010101010101
010101010102010101010101010201020101010101010101010101010101010101010101010101010101010101020101
010101010101010201010102010101010101010101010101010101010101010101010101010101010101010101010101
010101010101010101010101010101010101010101010101010101010101010102010201020101010101010101010101
010101010101020101010101010101010101010101010101010101010101010101010101010101010101010101010101
010101010101010101010101010101010101010101010101010101010101010101010101010101010101010101010101
010101010101010101010101010101010101010101010101010101010101010101010101010101010101010101010101
010101010101010101010101010101010101010101010101010101010101010101010101010101010101010101010101
010101010101010101010101010101010101010101010101010101010101010101010101010101010101010101010101
010101010102010101010101010101010101010101010101010101010101010101010101010101010101010101010101
010101010101010101010101020101010201010102010101010101020201010101020101010201010101010101010101
010101010101010101010101010101010101010101010101010101010101010101010101010101010101010101010101
010101010101010101010101010101010101010101010101010101010101010101010101010101010101010101010101
010101010101010101010101010101010101010101010101010101010101010101010101010101010101010101010101
010101010101010101010101010101010101010101010101010101010101010101010101010101010101010101010101
010101010101010101010101010101010101010101010101010101010101010101010101010101010101010101010101
010202010101010101010101010101010101010101010101010101010101010101010101010101010101010201010101
010101010101010101010101020102010201020102020201010101010101010101010102010101010101010101010101
010201010101010101010101010101010101010101010101010101010101010101010101020101010101010101020101
010101010101010101010101010101010101010101010101010101010101010101010101010101010101010101010101
010101010101010101010101010101010101010101010101010101010101010101010101010101010101010201010102
010101020101010101010102020101010201010101020101010101010101010101010101010101010101010101010101
010101010101010101010101010101010101010101010101010101010101010101010101010101010101010101010101
010101010101010101010101010101010101010101010101010101020101020101010101010101010101020201010101
010101010101010101010101010101010101010101010101020101010101010101010101010101010101010101010101
010101010101010101010101010101010101010101010101010101010101010101010101010101010101010101010101
010101010101010101010101010101010101010101010101010101010101010101010101010101010101010101010101
010101020201010101010101010101010202010101010101010101010101010101010101010101010101010101010201
010101010101010101010101010101010101010101010101010101010202010101020101010101010201010201010101
020101010101010101010101010201010201010102010202010202010201010201010101010101010101020101010102
010201010101010102020201020201010101020102010102010101020101010101010101020201010101010201010101
020101010101010101010101010101010101010101010101010101010101010101010101010101010101010101010101
010101010101010101020101010101010101010101010101010101010101010101010101010101010101010101010101
010101010101010101010102010102010201010101010101010101010102010101010201020101020101010102010101
010101010101010102010101010101010101010101010101010101010101020101010101010101010101010101010101
010101010101010101010101010101010101010101010101010101010101010102010101010101010101010101010101
010101010101010101010101010101010101010102020101010101010101010101010101010102010101010101010101
010101010101010101010101010101010101010101010101010101010101010101010101010101010101010101010101
010101010101010101010101010101010101010101010101010101010101010101010101010101010101010101010101
010101010101010101010101010101010101010101010101010101010101010101010101010101010101010101010101
010101010101010101010101010101010101010101010101010101010101010101010101010101010101010101010101
010101010101010101010101010101010101010101010101010101010101010101020101010201010101010101010101
010101010101020101010101010101010101010101010101010101010101010101010101010101010101010102010101
010101010201010101010101010101010101010101020101020101010201020101010101010101010101020101020102
010101010101010101010101010101010101010101010101010101010101010101010201020101010101010101010101
010101010101010101010101010101010101010101010101010101010101010102020101010101010101010101010101
010102010101010101010101010101010101010101010101010101010101010101010101010101010201020101010101
010102010101010101010101010101010101010101020101010201020201020202010101010102020101010202020102
010101010101010101010201010101010201010101020101010101010201010102020201010101020201010101010101
010101010101020101020102010101010101010102010101010101010101010101010101010101010101010101010101
010101010101010101010101010101010101010101010101010102020201010101010101010101010101010101010101
010101010101010101010101010101010101010101010101010101010101010101010101010101010101010101010101
010101010101010101010101010101010101010101010101010101010101010101010101010101010101010101010101
010201010102010101010202010101010101010101010201010101010101010101010101010101010101010101010101
010101010102010201010101010101010101010101010101010101010101010101010101010101020101010101010101
010101010202020202020202020202020202020202020201010202010101010101010101010101010101010101010101
010101010101010101010101010101010101010101010101010101010101010101010101010101010101010101010101
010101010101010101010101010101010101010101010101010101010102010101010101010101010101010101010101
010101010201010101010101010101010101010101010101010101010101010101010101010101010101010101010101
010101010102020102010101010101010101010101010101010101010101010101010101010101010101010101010101
010101010101010101010202010101010101010101010101010102010101010101010101010101010101010101010101
010101010101010101010101010101010101010101010101010101010101010101010101010101010101010101010101
010101010101010101010101010101010101010101010101010101010101010101010101010101010101010101010101
010101010101010101010101010101010101010101010101010101010101010101010101010101010101010101010101
010101010101010101010101010102010101010102010101010101010101010101010101010101010101010101010101
010101010101010101010101010101010101010101010101010101010101010101010101010101010101010101010101
010101010101010101010101010101010101010101010101010101010101010101010101010101010202010101010101
010101010101010101010101010102010101010101010101010101010101010101010101010101010101010101010101
010101010101010101010101010101010101010101010102020201010101010101010101010101010101010101010101
010101010101010101010101010101010101010101010102020201010101010101010101010101010101010101010101
010101010101010101010101010101010101010101010101010101010101010101010101010101010101010101010101
010101010101010101010101010101010101010101020102010101020101010101010101010101010101010101010101
010101010101010101010101010101010101010101010101010101010101010101010101010101010101010101010101
010101010101010101010101010101010101010101010101010101010101010101010101010101010101010101010101
010101010101010101010101010101010101010101010101010101010101010101010101010101010202010101010101
010101010101010101010202010101010101010101010101010101010101010101010101010101010101010101010101
010101010101010102010201010101010101010202010101010101010101010101010101010101010101010101010101
010101010101010101010101010101010101010101010101010101010101010101010101010101010101010101010101
010101010101010101010101010101010101010101010101010101010101010101010101010101010101020201010101
010101010101010101010101010101010101010101010101010101010101010101010201020101010101010101010101
010101010101010101010101010101020101020101010201010101010101010101020202020202020202020202020202
020201020202010202010202020102020101010202010201020202010201010101020201010101020202020102010101
010101010101010101010102010201010101010101010101010101010101010101010101010101010102020101010101
010102010101010101010102020202020202020202020202020202020202020202020202020202020202020202020202
020202020202020202020202020202020202020202020202020202020202020202010102020202010101010101010101
010101010101010101010101010101010101010101010101010101010101010101010101010101010101010101010101
010101010101010101010101010101010101010101010101010101010101010101010101010101010101010101010101
010101010101010101010101010101010101010101010101010101010101010101010101010101010101010101010101
010101020101010101010101020202010101010201010101010201010101010202020202020202020202020202020202
020202020202020202020202020202020202020202020202020202020202020202020202020202020202020202020202
020201020202020202020102020202010101010101010101010101010101010101010101010101010101010101010101
010101010101010101010101010101010101010101010101010101010101010101010101010101010101010101010101
010101010101010101010101010101010101010101010101010101010101010101010101010101010101010101010101
010101010101010201010101020101010101010101010101010101010101010101020202020202020202020202020202
020202020202020202020202020202010202020202020202020202020202020202020202020202020202020202020202
020202020202020202020202020202010201020201020202020202020202020202010202010101010202020202020202
020102020202020102010101010101010101010101010101010101010101010101010101010101010101010101010101
010101010101010101010101010101010101010101010101010101010101010101010101010101010101010101010101
010101010101010101010101010101010101010101010101010101010101010101010101010101010101010101010101
010101020101010102010101010101010101010101010101010101010202020202020202020202020202020202020202
020202020202020202020102020202020202020202020202020202020202020202020202020202020202020202020202
020202020201020102020102020202020202020202020202020202020102020101010102020202020202020202010202
010202020101
