4b52433130310000bf41000000340000000400008e8d00000000000000000000000000000f000000000000001e000000
0000000027000000000000002a000000000000002d0000000000000039000000000000004b000000000000005a000000
0000000075000000000000007e000000000000008700000000000000b400000000000000d800000000000000e4000000
00000000f0000000000000003501000000000000470100000000000059010000000000006b01000000000000b0010000
00000000b901000000000000c201000000000000d401000000000000d701000000000000e001000000000000ef010000
00000000f801000000000000010200000000000025020000000000002802000000000000340200000000000046020000
000000005802000000000000670200000000000082020000000000009d02000000000000a602000000000000d3020000
00000000e502000000000000090300000000000015030000000000004a03000000000000530300000000000065030000
000000007703000000000000ac03000000000000b203000000000000b803000000000000be03000000000000c4030000
00000000cd03000000000000d603000000000000de03000000000000f403000000000000fa0300000000000000040000
00000000230400000000000029040000000000002f0400000000000052040000000000005b0400000000000064040000
000000006704000000000000760400000000000088040000000000008e040000000000009404000000000000b2040000
00000000e704000000000000f90400000000000014050000000000002e050000000000003c0500000000000042050000
000000005405000000000000620500000000000068050000000000008c05000000000000b405000000000000c6050000
00000000d805000000000000fc050000000000000206000000000000080600000000000014060000000000001a060000
00000000200600000000000038060000000000004a060000000000005c06000000000000680600000000000080060000
0000000089060000000000009206000000000000a406000000000000d906000000000000dc06000000000000e2060000
00000000e806000000000000fa0600000000000015070000000000002f070000000000003e070000000000005c070000
000000009207000000000000c807000000000000da07000000000000460800000000000058080000000000006a080000
000000007c08000000000000c408000000000000e8080000000000000c0900000000000078090000000000009c090000
00000000d209000000000000e409000000000000f609000000000000260a000000000000380a0000000000004a0a0000
00000000500a000000000000800a000000000000e30a000000000000040b0000000000006d0b000000000000910b0000
00000000ac0b000000000000e20b000000000000f40b000000000000060c000000000000360c000000000000870c0000
00000000d70c000000000000e00c000000000000e30c000000000000ec0c000000000000fb0c000000000000010d0000
00000000130d000000000000190d000000000000370d000000000000520d0000000000006c0d000000000000a10d0000
00000000b30d000000000000cb0d000000000000fb0d0000000000000d0e000000000000590e0000000000006b0e0000
000000008f0e0000000000009b0e000000000000d10e000000000000210f0000000000003c0f000000000000570f0000
000000009e0f000000000000c10f000000000000e40f000000000000f00f000000000000381000000000000044100000
0000000050100000000000005c100000000000008c10000000000000a310000000000000ba1000000000000002110000
000000001a110000000000002c110000000000003e11000000000000441100000000000068110000000000007a110000
0000000080110000000000008611000000000000aa11000000000000e011000000000000f21100000000000016120000
000000003a120000000000004b120000000000005c120000000000006e12000000000000741200000000000098120000
00000000c812000000000000ec12000000000000f212000000000000f81200000000000004130000000000000a130000
00000000101300000000000028130000000000003a130000000000004c13000000000000581300000000000070130000
000000008213000000000000a613000000000000b213000000000000e813000000000000f313000000000000fe130000
000000000a1400000000000028140000000000003a140000000000005e140000000000006a14000000000000a0140000
00000000d014000000000000001500000000000012150000000000007e150000000000009915000000000000b4150000
00000000cf1500000000000020160000000000003d16000000000000491600000000000055160000000000009d160000
00000000af16000000000000c116000000000000d31600000000000009170000000000003f1700000000000075170000
00000000a217000000000000cf170000000000002e1800000000000052180000000000008818000000000000be180000
00000000d618000000000000ee18000000000000f7180000000000002d1900000000000045190000000000004e190000
0000000057190000000000008d19000000000000d519000000000000f019000000000000261a0000000000005c1a0000
00000000741a0000000000008c1a000000000000a41a000000000000ad1a000000000000e31a0000000000002b1b0000
00000000611b0000000000006f1b000000000000751b000000000000871b000000000000951b0000000000009b1b0000
00000000bf1b000000000000e71b000000000000f91b0000000000000b1c0000000000002f1c000000000000471c0000
00000000771c000000000000891c000000000000d51c000000000000ea1c000000000000ff1c000000000000171d0000
00000000511d000000000000691d000000000000991d000000000000ab1d000000000000f71d000000000000631e0000
00000000871e000000000000ab1e0000000000000b1f000000000000411f000000000000771f000000000000891f0000
00000000f51f0000000000000120000000000000252000000000000031200000000000006d200000000000007f200000
000000009120000000000000a320000000000000eb2000000000000057210000000000007b21000000000000da210000
00000000fe2100000000000046220000000000005e220000000000008222000000000000a622000000000000dc220000
00000000ee2200000000000000230000000000006323000000000000752300000000000087230000000000008d230000
00000000ae2300000000000017240000000000003b240000000000006b240000000000009b24000000000000b6240000
00000000ec24000000000000fe240000000000004f250000000000006125000000000000b125000000000000e1250000
00000000ea25000000000000ed25000000000000f3250000000000000e26000000000000172600000000000029260000
000000002f2600000000000049260000000000007e2600000000000090260000000000009f26000000000000bd260000
000000000d27000000000000282700000000000043270000000000008a27000000000000a227000000000000d2270000
00000000e4270000000000003028000000000000422800000000000066280000000000007228000000000000a8280000
00000000c328000000000000de28000000000000e7280000000000001d2900000000000026290000000000005b290000
0000000073290000000000008e290000000000009729000000000000a029000000000000d629000000000000df290000
00000000e829000000000000eb29000000000000fd29000000000000332a000000000000452a0000000000005d2a0000
00000000752a000000000000c62a000000000000e12a000000000000fc2a000000000000442b0000000000007a2b0000
00000000b02b000000000000c22b0000000000002b2c000000000000612c000000000000972c000000000000a92c0000
00000000122d0000000000001b2d0000000000001e2d000000000000212d000000000000332d0000000000003c2d0000
00000000452d000000000000482d0000000000005a2d0000000000007e2d0000000000008a2d000000000000992d0000
00000000a82d000000000000ab2d000000000000b42d000000000000b72d000000000000c92d000000000000d52d0000
00000000e42d000000000000ed2d000000000000082e000000000000112e0000000000003e2e000000000000502e0000
00000000622e000000000000742e000000000000b92e000000000000dd2e000000000000e92e000000000000f52e0000
000000003a2f000000000000702f000000000000822f000000000000942f000000000000c42f000000000000d62f0000
00000000e82f000000000000ee2f0000000000001e300000000000008730000000000000ab300000000000000e310000
000000002f3100000000000047310000000000005f3100000000000068310000000000009e31000000000000b6310000
00000000bf31000000000000c831000000000000fe310000000000004632000000000000613200000000000097320000
00000000cd32000000000000df32000000000000f132000000000000f7320000000000001b330000000000002d330000
00000000333300000000000039330000000000005d330000000000009333000000000000a533000000000000c9330000
00000000ed33000000000000233400000000000035340000000000004734000000000000b034000000000000c2340000
00000000d434000000000000da34000000000000fe3400000000000061350000000000008235000000000000b2350000
00000000e2350000000000000f36000000000000213600000000000033360000000000005a360000000000006c360000
000000007e360000000000008436000000000000ab3600000000000017370000000000003b37000000000000a7370000
00000000cb37000000000000e63700000000000001380000000000000a3800000000000040380000000000005b380000
0000000064380000000000006d38000000000000a338000000000000f4380000000000000f3900000000000045390000
000000007b3900000000000090390000000000009939000000000000b439000000000000bd39000000000000d8390000
00000000ea39000000000000ff39000000000000083a000000000000113a000000000000473a000000000000503a0000
00000000593a0000000000005c3a0000000000006e3a000000000000a43a000000000000b63a000000000000c83a0000
00000000dd3a000000000000173b000000000000323b0000000000004d3b0000000000007f3b0000000000009a3b0000
00000000d03b000000000000e23b000000000000313c0000000000004c3c000000000000823c000000000000943c0000
00000000e33c000000000000f53c000000000000583d0000000000006a3d000000000000703d000000000000b63d0000
00000000d63d0000000000004b3e000000000000543e000000000000713e000000000000773e000000000000a13e0000
00000000b03e000000000000ec3e000000000000f83e000000000000fc3e0000000000002a3f0000000000006c3f0000
00000000823f000000000000863f000000000000b43f00000000000035400000000000004d400000000000009b400000
00000000b540000000000000d840000000000000de40000000000000e44000000000000008410000000000002b410000
0000000031410000000000005b41000000000000be41000000000000d041000000000000f4410000000000001e420000
0000000030420000000000009742000000000000a9420000000000002443000000000000364300000000000099430000
00000000ab4300000000000020440000000000006244000000000000a444000000000000ba440000000000003e450000
000000005f450000000000008045000000000000a1450000000000000446000000000000bd46000000000000e1460000
00000000ed460000000000007947000000000000e047000000000000f24700000000000004480000000000007f480000
00000000b248000000000000bb48000000000000c448000000000000c748000000000000d9480000000000000f490000
00000000324900000000000065490000000000009549000000000000a6490000000000000b4a000000000000144a0000
00000000174a0000000000001a4a0000000000002c4a000000000000694a0000000000007e4a000000000000a14a0000
00000000c44a000000000000484b000000000000624b0000000000006b4b000000000000d44b000000000000394c0000
000000004b4c0000000000005d4c000000000000da4c000000000000104d0000000000004d4d000000000000624d0000
00000000df4d000000000000e84d0000000000001e4e000000000000274e000000000000304e000000000000334e0000
00000000424e000000000000784e0000000000009b4e000000000000b64e000000000000c54e000000000000fb4e0000
00000000194f0000000000001f4f000000000000214f000000000000274f000000000000394f000000000000504f0000
000000006e4f000000000000b44f000000000000ba4f000000000000bc4f000000000000c84f000000000000ec4f0000
00000000f84f0000000000000e50000000000000625000000000000074500000000000007a50000000000000be500000
0000000004510000000000000a5100000000000016510000000000004c510000000000005e5100000000000082510000
000000008e51000000000000c351000000000000cc510000000000002f52000000000000415200000000000047520000
000000008d52000000000000a852000000000000f9520000000000000253000000000000385300000000000041530000
000000004a5300000000000080530000000000009b53000000000000d153000000000000f25300000000000013540000
0000000034540000000000003f540000000000008154000000000000e354000000000000255500000000000088550000
000000009155000000000000a355000000000000a955000000000000c45500000000000015560000000000005b560000
0000000079560000000000007f560000000000008556000000000000b256000000000000d356000000000000f4560000
00000000fa560000000000002857000000000000a957000000000000c157000000000000e8570000000000000f580000
00000000235800000000000036580000000000003a5800000000000058580000000000009858000000000000b2580000
00000000bc58000000000000bf58000000000000d658000000000000f758000000000000385900000000000044590000
000000008859000000000000da59000000000000155a000000000000215a000000000000635a000000000000b15a0000
00000000c75a000000000000dd5a000000000000f35a0000000000004b5b000000000000615b000000000000775b0000
000000008d5b000000000000cf5b0000000000000e5c000000000000455c000000000000505c000000000000a45c0000
00000000e55c000000000000295d000000000000355d000000000000875d000000000000955d000000000000a65d0000
00000000b75d000000000000f95d000000000000fc5d000000000000ff5d000000000000025e0000000000000e5e0000
00000000205e000000000000325e000000000000475e0000000000005e5e0000000000006f5e000000000000805e0000
00000000c15e000000000000c45e000000000000d75e000000000000ee5e0000000000001e5f000000000000475f0000
000000004f5f0000000000008e5f000000000000d05f00000000000011600000000000001d600000000000006e600000
0000000080600000000000009260000000000000a560000000000000f660000000000000056100000000000008610000
000000000b6100000000000011610000000000001a6100000000000030610000000000003f6100000000000085610000
0000000088610000000000008b610000000000009761000000000000a961000000000000bb61000000000000d2610000
00000000fc6100000000000005620000000000000e62000000000000526200000000000098620000000000009e620000
00000000aa62000000000000df62000000000000e862000000000000fa620000000000000c6300000000000042630000
00000000526300000000000056630000000000005c6300000000000062630000000000007e6300000000000099630000
000000009f63000000000000c863000000000000d863000000000000dc63000000000000fe6300000000000004640000
000000000a640000000000002c640000000000003a640000000000003d64000000000000406400000000000055640000
00000000776400000000000097640000000000009d64000000000000c964000000000000246500000000000036650000
0000000051650000000000006b6500000000000089650000000000008f65000000000000a165000000000000bf650000
00000000c565000000000000e9650000000000003c660000000000004e66000000000000606600000000000084660000
000000008f660000000000009a66000000000000b066000000000000bb66000000000000c666000000000000f2660000
0000000013670000000000003367000000000000496700000000000075670000000000008367000000000000a5670000
00000000c5670000000000002068000000000000236800000000000026680000000000002c680000000000003e680000
00000000596800000000000073680000000000008868000000000000b468000000000000f36800000000000032690000
000000009a69000000000000af69000000000000136a000000000000256a0000000000002b6a0000000000006b6a0000
00000000ce6a000000000000f06a000000000000f66a000000000000356b000000000000d86b000000000000f86b0000
00000000726c0000000000009c6c000000000000a56c0000000000000f6d000000000000216d000000000000276d0000
00000000656d000000000000806d000000000000d16d000000000000eb6d000000000000f16d000000000000f36d0000
00000000086e000000000000446e0000000000005c6e000000000000606e0000000000008a6e000000000000e66e0000
00000000f86e0000000000002c6f0000000000003e6f000000000000476f000000000000aa6f000000000000bc6f0000
00000000087000000000000029700000000000006b700000000000008170000000000000dd7000000000000066710000
0000000081710000000000008a71000000000000e771000000000000f371000000000000357200000000000041720000
000000008f72000000000000b772000000000000bf72000000000000eb720000000000001f730000000000004b730000
000000007773000000000000f17300000000000009740000000000002b74000000000000317400000000000037740000
000000005b740000000000007d740000000000009c74000000000000a274000000000000ca740000000000001e750000
000000002f7500000000000053750000000000007b750000000000008175000000000000a575000000000000ab750000
00000000b175000000000000d575000000000000e7750000000000000b760000000000001f7600000000000023760000
000000002f76000000000000437600000000000047760000000000005f760000000000009776000000000000a3760000
00000000af76000000000000c776000000000000cd760000000000000e770000000000001a7700000000000050770000
0000000066770000000000007c770000000000009277000000000000d37700000000000014780000000000001a780000
0000000026780000000000005c78000000000000a178000000000000e778000000000000ff7800000000000086790000
00000000b479000000000000c479000000000000d4790000000000002e7a0000000000006d7a000000000000ac7a0000
00000000f27a000000000000387b000000000000b87b000000000000e87b000000000000087c0000000000002b7c0000
00000000377c000000000000797c0000000000009c7c000000000000a87c000000000000b47c000000000000f57c0000
00000000557d000000000000797d000000000000bb7d000000000000fc7d0000000000001e7e000000000000417e0000
00000000647e000000000000707e000000000000b27e0000000000001a7f0000000000005c7f000000000000737f0000
000000007b7f000000000000917f000000000000a87f000000000000b07f000000000000dc7f0000000000001d800000
0000000035800000000000004b8000000000000077800000000000009780000000000000da80000000000000f2800000
000000004e8100000000000071810000000000009481000000000000b7810000000000001e820000000000003e820000
0000000081820000000000009982000000000000f582000000000000b883000000000000dc83000000000000e8830000
000000006984000000000000d584000000000000018500000000000009850000000000005f85000000000000c7850000
00000000dc850000000000008986000000000000ac8600000000000030870000000000005c87000000000000c0870000
0000000023880000000000004588000000000000e888000000000000fa88000000000000008900000000000006890000
000000002689000000000000a089000000000000ca890000000000000a8a000000000000498a000000000000b38a0000
00000000bc8a000000000000ce8a000000000000d48a000000000000ef8a0000000000003f8b0000000000007d8b0000
00000000978b000000000000d38b000000000000eb8b000000000000478c0000000000004d8c0000000000004f8c0000
00000000538c000000000000658c000000000000998c000000000000ab8c000000000000c08c000000000000ea8c0000
00000000738d0000000000008e8d000000000000df0d00005d100000ba120000c4130000221400007317000002200000
ea210000b52700005d280000af290000cb290000c93c0000333d0000973e0000180600006e090000ce0a00001d0b0000
810c0000711300001d1700008c170000c91a00001f1b0000a41c0000ed1c0000973b0000e83b0000c53d0000c4050000
e3090000f10c00007f130000a51a0000fc1a00006e1c00009b1c0000cf1c0000c00a0000260b00001a220000fa000000
53020000f11a00008900000087010000160300007503000080070000f40700003608000068090000b00b0000ee1f0000
5a200000352200001900000080000000ea000000b5010000d2010000e1020000e802000080070000f407000036080000
68090000b00b0000840c00000f1500001c20000035220000ad220000492300001d01000083020000c4050000e3090000
c00a0000260b00007f1300006e1c00009b1c0000cf1c00003a2000001a220000893b0000f13b00002b3e00008d010000
5f020000c4050000180600006e090000e3090000ce0a00001d0b0000f10c0000570d00005c100000b91200007f130000
c31300003f150000681500001d170000721700008c170000a51a0000fc1a00006e1c00009b1c0000cf1c00003a270000
5c280000ae290000c00a0000260b0000711300001e140000a41c0000ed1c0000e62100001a220000c9290000fa000000
020100004b020000530200003f0d0000d50d00005d150000f11a0000222700001d01000083020000c405000018060000
6e090000e3090000c00a0000ce0a00001d0b0000260b0000810c0000de0d00005c100000b9120000711300007f130000
c31300001e1400001d170000721700008c170000c91a00001f1b00006e1c00009b1c0000a41c0000cf1c0000ed1c0000
012000003a200000e62100001a220000b12700005c280000ae290000c9290000893b0000973b0000e83b0000f13b0000
c83c00002f3d0000c53d00002b3e0000963e0000ee03000019050000f40500001c0a0000530e0000270f0000700f0000
cc0f0000f80f000045100000e9140000651b0000781b0000ad1b0000cf1b0000131d0000b020000020210000d8230000
3f240000c72400008b260000f6290000372b0000a22c00008e2d0000e42d0000ad2e0000292f0000862f0000d5380000
d23a00006b3f0000ba3f000078400000724100008b010000770300006c090000b20b0000a70d0000e11200006a140000
ff1c00005e2000003922000023230000842300008900000016030000c705000080070000f407000036080000950b0000
eb0c0000c1170000ee1f0000c8220000b3230000bd00000055010000fd02000015030000000400000a040000c5040000
cc0400007e050000c4050000e105000048060000b3070000350800009c090000b30900004b0a0000600a0000ee0a0000
5a0b0000910b00001c0c0000250c0000f10c0000570d0000da0e00006c0f00003a11000056110000b912000052140000
88140000e31400000316000054170000b3170000be170000db1700007d1b0000d51f00002620000073210000cd210000
69220000d622000013230000b2230000b9230000ca240000722500007b250000a6250000c425000058260000c9260000
e4260000d22700008f2c0000892f0000c73300006835000071350000a0350000c03500009f3a0000243b0000b73b0000
263c00002e4000005904000062050000a70a0000590b0000410f0000f01300006f170000e92000000122000019220000
1d2400006024000000390000b1390000fd3e0000f73f0000e640000035410000eb000000e50200006c090000b20b0000
850c00008b0d0000d70d00003b0e0000e11200006a140000d51a0000ef1a00003a1b0000ff1c00001d20000039220000
ae2200004a2300001900000080000000ea00000020010000aa010000b5010000d2010000e80200005a030000c7050000
80070000f407000036080000950b00000f1500007e150000aa150000c1170000bd0000008d010000fd02000083030000
000400000a040000c5040000cc0400007e05000048060000b3070000c8070000e4070000ef070000560800005f080000
6e090000b30900004b0a0000600a0000ee0a00005a0b0000be0b0000b90c0000230e0000da0e00006c0f0000e50f0000
5c100000891000008d1200000d130000521400003f1500008815000003160000b1160000c2160000541700007d1b0000
d51f0000ed1f0000592000006020000088210000cd210000342200003b220000d2270000352a00003e2a00009d2a0000
f82a0000242b0000e62b0000232c00003e2c0000542d0000c42d0000383300006c330000753300007f34000034350000
46390000243b0000b73b0000263c0000a94100005b0e00002a1600007920000038310000b531000059320000493c0000
623c0000ee3d000073010000d901000091080000cd080000a30a0000da0a00008c150000761600009b170000050f0000
740f00007c0f00006b1000002511000062160000121e000054210000072400002b240000e42a00002b2b0000a62d0000
242e00001e3100004f320000be40000070410000571300009e170000cb210000af0f0000d6130000e31500006b170000
e72000000d220000da390000433f0000f53f000091080000cd080000a30a0000da0a00009b0c00005713000084150000
761600009b1700009e170000e11f0000cb2100006c3b0000a33b0000d43d00002a04000031050000b62000009a300000
bd3000006a3200004b3c00008b3c00006b3e0000c306000045070000d70c00005413000016150000401700002a200000
40210000fd2100009f030000b0030000f80300007c04000092040000a40400001a050000a1050000b0060000f4060000
4d0700006f070000c30900004e0e0000f10f0000c115000005170000171e00002821000055210000ce2300003a240000
532a0000302b00006f2c0000fa2c0000602d0000df2d00005630000079300000313200005032000011390000d0390000
7f40000073410000a60a0000580b000000220000bc0000008c010000fc020000820300007a050000470600006d090000
af090000bd0b0000d41f00005f2000003a220000d90300005a0400002b05000068050000600a0000b40a0000080b0000
5a0b000073200000ea200000cd2100000e2200003a2d0000332f0000ec38000001390000043f0000f83f00001d000000
3b000000f3000000b9010000e101000004020000e60200007a050000470600006d090000af090000bd0b00007f0c0000
1e1500008d1d00003a2200009e220000442300003701000009030000c306000045070000a60a0000580b000054130000
401700002220000040210000fd210000002200006f3b0000243c0000633e00002a040000310500005b0e00008a0f0000
2a1600007920000098200000b62000000d2800009a300000bd3000003831000077310000b53100005932000063320000
6a32000019330000493c00004b3c0000623c00008b3c0000653d0000a23d0000ee3d00006b3e0000b23e000073010000
d9010000c30600004507000091080000cd080000a30a0000da0a0000d70c0000540d0000061100001412000054130000
be130000161500003c1500008c15000076160000401700006d1700009b1700002a20000040210000fd2100009a270000
b22800009f290000a60a0000580b000057130000231400009e170000cb210000eb21000000220000d629000037010000
09030000c30600004507000091080000cd080000a30a0000a60a0000da0a0000580b00009b0c0000e70d000006110000
141200005413000057130000be130000231400008415000076160000401700006d1700009b1700009e170000e11f0000
0a2000002220000040210000cb210000eb210000fd2100000022000064270000b22800009f290000d62900006c3b0000
6f3b0000a33b0000243c0000c33c0000343d0000d43d0000633e00008d3e0000d30e0000490f0000ac0f0000e0100000
cf1400001016000036160000e21700008a2000000c2100002b2500005d250000152f0000382f0000a7320000db320000
403f0000773f00009f030000b0030000020400001d0400007c04000092040000ed0400001a05000046050000a1050000
ed050000b00600004d070000c30900003a0c0000b3100000c1150000151600004516000005170000e717000028210000
152500005e2500006f2c00009b2c0000fa2c00001a2d000056300000313200008d320000dc32000011390000d0390000
dc3e0000863f0000bc000000fc0200007a050000c205000047060000af090000860b0000f00c0000bc170000d41f0000
d5220000b82300001901000034020000ed0300006804000018050000c0050000c8050000f005000082090000cb090000
960b0000d90b0000570c0000ef0c0000800d0000d50e00006f0f0000f70f000070120000ce1200006314000083140000
e814000022160000c2170000ea170000061f0000931f00002e200000ae2000004f220000ca2200001c23000065230000
b723000098240000c5240000f62400003d2600005d2600006f260000ba260000f1260000c92700009e2c0000572f0000
842f0000b52f0000b3380000843a0000a43a0000b63a000025400000fa0e0000bc1300001e1a0000501a00000a240000
8024000097390000bb400000f2400000d90300002b050000600a00005a0b00008b0e000065130000081a0000511a0000
73200000cd210000f0230000832400003a2d0000332f0000ec3800006c39000057400000014100001d0000003b000000
fb0000001b010000b9010000e10100009a020000e60200004b0300007a050000c205000047060000af090000860b0000
1e15000070150000a5150000bc1700008b01000077030000ed0300006804000018050000f30500003006000063060000
6c090000730900007f0900001b0a0000b20b00007d0c00002c0e0000d50e00006f0f0000f40f00004d10000084100000
73120000121300005b14000022160000251700002d1700001e1800003d180000791800009c1800006b1a00005e200000
ae2000001f21000039220000c9270000f2290000702a0000982a0000fd2a0000332b0000cc2b0000142c00004b2c0000
a12c0000e12c0000bf2d0000282f0000b0380000d43800004b390000c4390000a0410000800f00000b2400002f240000
282e0000bf40000071410000240e00005d10000053140000401500005d20000038220000b00f0000e4150000e8200000
db390000443f0000f63f0000df0d00005d1000005314000038220000142300003c230000a70a0000de0a000058130000
c0130000441700006f1700009f17000001220000aa290000a70a0000590b000058130000241400009f170000cc210000
ec21000001220000d7290000eb000000ab010000e50200003e0d0000d70d00007f1500001d20000021270000a70a0000
de0a0000590b000058130000c013000024140000441700006f1700009f170000cc210000ec21000001220000aa290000
d7290000703b0000a73b0000253c0000c53c0000353d0000d63d0000653e0000933e0000b00f00003a1600008e200000
3c2f0000443f00007b3f0000580d0000ba12000053140000b417000014230000b6230000ee0300006c04000019050000
f405000083090000dd0b0000580c0000d70e0000700f0000f80f00007412000085140000e914000024160000ee170000
b0200000502200009c240000c7240000f72400003e2600005e26000073260000c5260000f2260000cf270000a22c0000
5b2f0000862f0000b62f0000b4380000853a0000a53a0000ba3a00002b400000fb0e00000b2400008124000098390000
bf400000f6400000240e0000ba120000531400009d150000b417000002200000ee0300006c04000019050000f4050000
67060000830900001c0a0000d70e0000700f0000f80f00008610000074120000131300002416000031170000b0200000
20210000cf270000f6290000712a00009a2a0000fe2a0000372b0000cd2b00001f2c00004c2c0000a22c0000e52c0000
c12d0000292f0000b4380000d53800004c390000c8390000a6410000b00f0000e4150000e8200000db390000723d0000
a63d0000593e0000443f0000f63f0000df0d00005d10000029140000531400004e1f00005e1f00003822000014230000
3c230000d61300006b1700000d220000240e00005d100000d61300002914000053140000401500006b1700004e1f0000
5e1f00005d2000000d22000038220000df3c00003a3d0000493e00003f000000e50100007e050000480600006e090000
b30900004b0a0000ee0a0000be0b0000810c00007313000022150000541700002f1f0000631f00003b220000a9220000
46230000600a0000b40a0000080b00005a0b0000cd2100000e2200001d000000f3000000b901000004020000e6020000
8d1d0000bd0000008d010000fd020000830300007e050000480600006e090000b30900004b0a0000600a0000b40a0000
ee0a0000080b00005a0b0000be0b000073130000541700002f1f0000631f0000d51f000060200000cd2100000e220000
3b220000243b00007d3b0000b73b0000d23b0000263c00004e3e0000ee030000220400006c0400001905000050050000
f405000083090000dd0b0000580c00008f0e0000d70e0000700f0000c40f0000f80f00007412000085140000e9140000
241600004a160000ee170000e41d0000ff1d0000201e0000461e0000b0200000502200009c240000c7240000f7240000
3e2600005e26000073260000c5260000f2260000cf270000a22c00001f2d0000e32e0000f22e00005b2f0000862f0000
b62f0000b4380000703900006c3a0000853a0000a53a0000ba3a0000e83e00005f3f00008b3f0000d83f00002b400000
1901000034020000c0050000c8050000cb090000960b0000ef0c0000800d0000ce12000063140000c2170000061f0000
931f00002e200000ca2200001c23000065230000b72300001a040000bc040000a70a0000590b00008a0e00001f0f0000
58130000241400009f170000c2200000cc210000ec21000001220000ea230000152400004e24000082240000d7290000
172d0000442f00001a3900006b390000a539000063400000da4000000641000053410000eb00000021010000ab010000
e50200005b030000c0050000c8050000cb090000960b0000f60c00003e0d0000d70d0000340e0000ce12000063140000
7f150000ab150000c2170000411d0000711d0000981d0000d41d0000061f0000931f00001d2000002127000046040000
8c040000a70a0000de0a000058130000321600009f170000cc210000703600007d36000063370000703b0000a73b0000
d63d000091080000cd0800009b0c00008415000076160000e11f0000240e0000050f0000740f00005d1000004a120000
531400009b1400004015000009170000121e00005d200000382200005c220000f725000007260000be3600003d380000
4d380000a70a0000590b0000770e000058130000bb15000044170000be20000001220000f23600004937000000380000
703b0000253c0000653e00003701000009030000c3060000450700002220000040210000bd0000008d010000fd020000
830300009f030000f80300007c040000a40400001a0500007e050000480600005006000068080000dd0800004e090000
6e09000090090000b3090000be0b0000070c0000db110000cd160000171e0000d51f000060200000f82000003b220000
5d220000d82500000c260000ce2c0000012f0000fe350000a13600001a38000052380000460400008c040000a70a0000
de0a0000590b0000770e0000f40e000058130000c013000024140000bb150000dd15000032160000441700006f170000
9f170000be200000cc210000ec210000012200002a280000aa290000d7290000703600007d360000f236000015370000
493700005837000063370000003800009a380000703b0000a73b0000253c0000c53c0000353d0000d63d0000653e0000
933e00003701000009030000c30600004507000091080000cd0800009b0c0000e70d0000061100001412000084150000
76160000e11f00000a200000222000004021000064270000b2280000580d0000d30e0000490f000064120000ba120000
c01200005314000010160000f5160000b41700009b21000014230000b6230000b02a0000d92b0000d836000040370000
d7370000bd000000fd0200009f030000020400007c040000ed0400001a0500007e050000c40500004806000050060000
68080000a6080000dd080000340900004e090000b3090000910b0000f10c00008112000015160000cd160000fa160000
be170000d51f0000f8200000d6220000b9230000202a0000da2b0000ce2c0000012f0000fe3500001236000046360000
453700005b0e00002a1600007920000038310000b53100005932000073010000d901000091080000cd0800008c150000
76160000050f0000740f00006b1000002511000062160000121e000054210000e42a00002b2b0000a62d00001e310000
4f3200002a04000031050000b62000009a300000bd3000006a320000c306000045070000d70c0000161500002a200000
402100009f030000f80300007c040000a40400001a050000a1050000b0060000f40600004d0700006f070000c3090000
f10f000005170000171e00002821000055210000532a0000302b00006f2c0000602d0000563000007930000031320000
503200002a040000310500005b0e00008a0f00002a1600007920000098200000b62000000d2800009a300000bd300000
3831000077310000b531000059320000633200006a3200001933000073010000d9010000c30600004507000091080000
cd080000d70c0000540d00000611000014120000161500003c1500008c150000761600002a200000402100009a270000
b2280000d30e0000490f0000e0100000cf14000010160000e21700000c2100002b2500005d250000152f0000a7320000
db3200009f030000020400007c040000ed0400001a050000a1050000ed050000b00600004d070000c30900003a0c0000
b31000001516000005170000e717000028210000152500005e2500006f2c00009b2c000056300000313200008d320000
dc320000fb0e00000b2400008124000098390000623d00008e3d0000e83d0000bf400000f6400000240e0000ba120000
0a140000531400009d15000093170000b417000002200000f12100003f0000001d010000e5010000560300007e050000
c405000048060000b30900004b0a0000c20a0000ee0a00003b0b0000910b000022150000a71500005417000098170000
be170000ee0300005e0400006c040000fb04000019050000f405000067060000830900001c0a0000530e0000d70e0000
560f0000700f0000f80f00008610000074120000131300001e1600002416000031170000b020000020210000d8230000
1f2400003f2400006b240000cf270000f6290000712a00009a2a0000fe2a0000372b0000cd2b00001f2c00004c2c0000
a22c0000e52c0000322d0000c12d0000e42d0000212e0000292f0000b4380000d5380000053900004c390000c8390000
eb39000078400000cc4000002041000072410000a6410000bc1300001e1a0000501a0000600a00005a0b000065130000
081a0000511a0000cd2100001d000000fb000000b90100009a020000e6020000701500008b0100007703000030060000
6c09000073090000b20b00007d0c00002c0e00004d1000005b140000251700001e1800003d180000791800009c180000
6b1a00005e200000392200005904000062050000a70a0000590b00004b0e0000ba0f000058130000241400009f170000
b5180000cc180000fd18000012190000e9200000cc210000ec21000001220000d7290000dc2d0000732e000000390000
013a00000b3a0000fd3e0000513f0000a53f0000f73f0000eb00000092010000ab010000ae020000e502000030060000
6c09000073090000b20b0000850c00003e0d0000bb0d0000d70d00004d1000005b1400007b1500007f15000025170000
6b1a00001d20000039220000ae220000242300004a2300009b23000021270000580d0000ba120000bc1300000a140000
5314000093170000b41700001e1a0000501a0000f121000014230000b6230000c13c00001b3d0000cc3d0000bd000000
fd0200007e050000c405000048060000b30900004b0a0000600a0000c20a0000ee0a00003b0b00005a0b0000910b0000
f10c0000651300005417000098170000be170000081a0000511a0000d51f0000cd210000d6220000b9230000243b0000
8b3b0000b73b0000073c0000263c0000d13d000073010000d901000008040000520400009d040000aa0400000c060000
91080000cd080000a8090000a30a0000da0a0000a10d00002c0f00003e0f00004e0f000097100000d4100000fa100000
34120000ef120000ee130000641500008c150000f1150000f915000076160000e51600001a170000851700009b170000
c9180000e3180000e718000034190000cf190000fc1b00000f1c0000901e0000aa1e000019200000e1210000ae2c0000
232d00003f2e00006a2e0000cb300000f9300000be31000003320000f7380000ad390000e2390000073a00009f000000
de010000a0030000b1030000060400007d04000093040000f304000026050000a205000091060000b2060000c2060000
d70600003b07000043070000460700004e070000d2080000c40900003f0a0000e90a0000d60c0000810e000095120000
53130000151500001b150000c2150000061700003f1700004f170000a2180000d6180000de1800001c190000d6190000
29200000292100003f2100004a210000fc210000702c0000fb2c0000332e0000572e0000243000005730000032320000
45320000123900005e390000d1390000103a000015000000ca000000e90000001f010000b3010000cd020000e0020000
e7020000010300007b050000c60500004c060000b0090000f6090000d0190000d91f00001b200000442000001d000000
3b000000c7000000ec000000fb0000001b01000022010000b9010000e10100009a020000d7020000e6020000ea020000
000300004b03000096030000eb030000090400006904000073040000f60400001e0500007a0500008105000092050000
c2050000c905000031060000470600004b06000064060000b2070000c70700002c080000340800007c0800001a090000
7409000080090000af090000b6090000ba090000000a0000860b00007e0c0000b70c00003d0d0000b20d0000ba0d0000
210e0000470f0000680f00004c1000007812000089120000b8120000f3120000f7120000061300005014000008150000
1e1500006e150000701500009a150000a515000023160000fc160000261700002e170000b1170000bc17000023180000
2a180000741800007a180000d0180000d4180000181900003919000047190000c4190000d3190000d4190000d81f0000
ff1f00001e2000002420000047200000722100007d2100008e2100007e2a00009c2a0000bc2b0000d12b0000602c0000
e22c00002f2e00004e2e000037330000293500002f360000d2370000b1380000383900003f390000c539000059040000
ab040000a70a0000de0a0000410f0000f0130000fa150000871700009f170000cc180000e8180000ec210000242d0000
6b2e000000390000b1390000e33900000b3a0000eb000000ab010000000600006c090000850c00003e0d00008b0d0000
bb0d00004d100000e11200005b1500007f1500001517000031190000d51a00001b1b0000651d0000b91d000019000000
cb000000ea00000020010000b5010000ce020000e1020000e8020000020300007f050000c70500004d060000b4090000
f7090000d1190000da1f00001c200000452000003f0000001d010000e5010000560300009a030000ef0300000a040000
6d04000074040000f70400001f0500007e05000093050000c40500004806000068060000b3070000c80700002d080000
350800007d0800001b09000084090000b3090000bb090000910b0000b90c0000230e0000480f00006c0f000079120000
8d120000b9120000f81200000d130000521400000a150000221500009c150000a715000025160000fd16000032170000
b3170000be170000d1180000d51800001919000048190000c5190000d51900000120000026200000732100007e210000
8f2100007f2a00009d2a0000bd2b0000d22b0000612c0000e62c0000302e00004f2e0000383300002a35000030360000
d3370000b53800003939000046390000c939000073010000d9010000080400009d0400000c06000091080000cd080000
a8090000a10d00002c0f00004e0f000097100000d4100000fa10000034120000ef120000641500008c150000f1150000
76160000e51600001a170000e318000034190000cf190000fc1b00000f1c0000901e0000aa1e000019200000ae2c0000
3f2e0000cb300000f9300000be310000033200009f000000de010000a0030000060400007d040000f304000026050000
a205000091060000b2060000c2060000d70600003b07000043070000460700004e070000d2080000c4090000d60c0000
95120000151500001b15000006170000d61800001c190000d619000029200000292100003f2100004a210000702c0000
332e0000243000005730000032320000453200003f0000001d010000e5010000560300009a030000b3030000ef030000
0a0400005f0400006d0400007404000095040000f7040000fc0400001f0500007e05000093050000c405000048060000
68060000b3070000c80700002d080000350800007d0800001b09000084090000b3090000bb0900004b0a0000c20a0000
ee0a00003b0b0000910b0000b90c0000230e0000960e0000480f0000610f00006c0f0000791200008d120000b9120000
f81200000d1300005d13000009140000521400000a150000221500009c150000a7150000c41500001f16000025160000
fd1600003217000049170000541700009217000098170000b3170000be170000a5180000cd180000d1180000d5180000
e1180000f31800001919000048190000c5190000d51900000120000026200000732100007e2100008f210000f0210000
062200007f2a00009d2a0000bd2b0000d22b0000612c0000e62c0000fd2c0000332d0000302e00004f2e00005a2e0000
6e2e0000383300002a35000030360000d3370000b53800000639000014390000393900004639000079390000b9390000
c9390000d3390000ec3900000c3a0000133a00001d000000c7000000ec000000fb00000022010000b90100009a020000
d7020000e6020000ea0200000003000081050000c9050000310600004b06000074090000b6090000000a00007e0c0000
3d0d0000b20d0000ba0d00004c100000f31200006e1500007015000026170000231800002a180000741800007a180000
39190000d3190000d81f00001e20000047200000ee030000220400006c04000050050000f4050000dd0b0000530e0000
d70e0000270f0000340f0000560f0000f80f00004510000086100000fe150000241600004a160000ee170000651b0000
9b1b0000cf1b0000861c0000f41d0000381e00002724000059240000f72400003e260000fe2a0000712b0000a22c0000
1f2d00008e2d0000c12d0000e42d0000152e0000212e0000ad2e0000fd2e0000b62f0000243a0000473a00005a3a0000
853a00005d3c00006e3c0000873d0000953d0000df3d0000193e0000e83e00008b3f0000d84000003e4100008b010000
10020000000600006c090000cc0a0000ff0a0000a70d00004d100000e1120000f9130000551500001517000080170000
3d1800005c18000031190000271a00003a1a0000c8050000960b0000ef0c0000330e00003a1000007d13000013140000
62140000c2170000e81a0000421b0000c31c0000e51c0000071d0000381f0000811f0000ca220000b7230000eb000000
21010000ab0100005b030000c8050000000600006c090000cc0a0000ff0a0000960b0000850c00003e0d00008b0d0000
940d0000bb0d00003a1000004d100000e11200007d130000f913000013140000621400005b1500007f150000ab150000
1517000080170000c217000031190000271a00003a1a0000d51a00001b1b0000c31c0000e51c0000071d0000651d0000
b91d0000381f0000811f00002b2300007c230000953b0000c93b0000063d0000243d0000b93d0000043e000040000000
e60100007f050000c70500004d060000b4090000f70900004c0a0000ef0a0000eb0c0000791300002315000055170000
f917000050180000d1190000fe190000321a00008900000087010000160300007503000080070000f407000036080000
68090000620a0000c80a0000420b0000680b0000b00b0000ee1f00005a200000db21000022220000352200001e000000
00010000ba010000a1020000f6020000461800001900000080000000cb000000ea00000020010000b5010000d2010000
ce020000e1020000e8020000020300007f050000c70500004d06000080070000f40700003608000068090000b4090000
f70900004c0a0000620a0000c80a0000ef0a0000420b0000680b0000b00b0000840c0000791300000f15000055170000
d1190000fe190000321a0000da1f00001c20000045200000db2100002222000035220000ad22000049230000253b0000
913b0000b83b00000e3c0000343c0000fb3d00008d0100005f0200009a030000bc030000ef0300000a04000023040000
6d0400007404000083040000f70400001f05000051050000c4050000e1050000f505000018060000580600009a060000
0f0700005b0900006e090000e30900000b0a0000ce0a00001d0b0000de0b0000f10c0000570d0000700e0000480f0000
6c0f0000c80f0000fd0f0000571000005c10000056110000b91200007f130000c3130000e31400003f15000068150000
b2150000251600004b160000561600001d170000721700008c170000ef170000aa180000be180000d1180000d5180000
da1800000a1900002c190000511900006d190000761a0000a51a0000fc1a00006e1c00009b1c0000cf1c000000210000
19210000ca240000fc2400004c260000932600003a2700005c280000ae2900008f2c0000a32c0000d62c0000202d0000
992d0000672e0000092f0000222f0000892f0000bb2f00000a30000085300000aa3000009e3100002d340000a1340000
bb340000cb340000933a0000da3a0000e93e0000653f00008c3f00009b3f0000a8000000fa000000020100005e010000
4b02000053020000cb02000022030000c90500008806000004070000bc0700002208000014090000970b0000ff0c0000
3f0d0000cd0d0000d50d0000f3120000681400005d150000c317000069190000631a0000f11a0000fa1f00004f200000
cf22000029230000a2230000c723000022270000bd0000008d010000fd02000083030000d1030000000400000a040000
3f040000c5040000cc040000080500003d0500007e05000048060000b3070000c8070000e4070000ef07000056080000
5f0800006e090000b30900004b0a0000600a00006d0a0000ce0a0000ee0a0000480b00005a0b00005f0b0000be0b0000
b90c0000230e0000960e0000da0e0000610f00006c0f0000e50f00005c100000891000008d1200000d1300005d130000
09140000521400003f1500008815000003160000b1160000c21600005417000072170000a41700007d1b0000d51f0000
ed1f0000592000006020000085200000dd20000088210000cd210000d2210000da210000212200002822000034220000
3b220000ec23000023240000712400008e240000d2270000352a00003e2a00009d2a0000f82a0000242b0000e62b0000
232c00003e2c0000542d0000c42d0000383300006c330000753300009f330000b43300007f3400003435000057350000
5e36000093360000ef3700004639000079390000b9390000243b0000b73b0000263c000064400000e040000007410000
16410000a94100001700000061000000ec0000000201000022010000ac010000b1010000c6010000a6020000ed020000
5c030000c90500008806000004070000bc0700002208000014090000970b0000c20c0000b20d0000d50d0000390e0000
f3120000681400000315000080150000ac150000c3170000071800002a18000044180000451800004a18000094180000
69190000631a0000050f0000590f0000740f00007c0f00006b10000025110000cd15000062160000121e0000d9200000
54210000072400002b240000e42a00002b2b0000a62d0000242e00001e3100006d310000aa3100004f32000072320000
8d3d00009a3d0000123e0000be400000704100009f030000b0030000c0030000f8030000310400007c04000092040000
a4040000030500001a05000032050000a1050000b0060000f40600004d0700006f070000c30900004e0e0000f10f0000
c115000005170000171e00007a200000da2000002821000055210000ce2300003a240000532a0000302b00006f2c0000
fa2c0000602d0000df2d0000563000007930000089300000a3300000b8300000be30000031320000503200005a320000
7332000011390000d0390000353c00005e3c0000673c0000843c00008c3c0000153e00007f400000734100009d000000
dc01000095060000cc0600003207000048070000d00800003d0a0000e50a0000e00c00006d130000191500004b170000
131800004e1800009d190000f9190000301a0000bc0000008c010000fc020000820300007a050000470600006d090000
af0900006c0a0000cd0a0000470b00005e0b0000bd0b0000d41f00005f200000d1210000272200003a2200001d000000
3b0000006e000000f300000040010000b9010000e101000004020000bf020000e60200000c0300007a05000047060000
95060000cc0600003207000048070000d00800006d090000af0900003d0a00006c0a0000cd0a0000e50a0000470b0000
5e0b0000bd0b00007f0c00006d1300001e1500004b1700009d190000f9190000301a00008d1d0000e41f00004b200000
d1210000272200003a2200009e220000442300001a3b0000963b0000ae3b0000133c00002a3c0000f93d000073010000
d9010000fa0300000804000019040000eb040000f404000044050000eb050000c3060000d80600003d07000045070000
91080000cd080000a30a0000da0a0000380c0000d70c0000540d0000830e00004c0f00004e0f0000bf0f0000b5100000
0111000006110000141200009912000054130000be130000d8140000161500003c1500008c1500001316000041160000
76160000401700006d1700009b170000e5170000a3180000bc180000d7180000df180000f0180000061900001d190000
2a190000d71900008e1a00002a200000402100004b210000fd210000192500003425000056250000602500009a270000
b22800009f290000992c0000162d0000342e00003d2e0000582e0000652e0000253000004632000091320000b0320000
d4320000de32000062390000113a0000da3e0000593f0000823f0000963f00008b01000077030000ed03000021040000
680400000a05000018050000f305000030060000630600006c090000730900007f0900001b0a0000cc0a0000440b0000
b20b00007d0c00002c0e00008e0e0000d50e0000640f00006f0f0000f40f00004d100000841000007312000012130000
671300000f1400005b14000022160000251700002d1700001e1800003d180000791800009c1800000c1a0000271a0000
491a0000531a00006b1a00005e200000ae200000d52000001f2100002622000039220000f42300002624000074240000
86240000c9270000f2290000702a0000982a0000fd2a0000332b0000cc2b0000142c00004b2c0000a12c0000e12c0000
1e2d0000bf2d0000282f00004b2f0000b0380000d4380000263900004b3900006f390000be390000c439000055400000
d4400000fd40000011410000a0410000800f00000b2400002f240000282e00008e3d0000a13d0000133e0000bf400000
71410000221400001e1a00002e1a0000240e00005d1000000a1400005314000040150000731700005d20000025220000
38220000df0d00005d1000000a1400002214000053140000731700001e1a00002e1a0000252200003822000014230000
3c2300001b3d0000333d0000f73d0000460a0000e60a0000711300004c170000fd190000311a0000bd0000008d010000
fd020000830300007e050000480600006e090000b30900006d0a0000ce0a0000480b00005f0b0000be0b0000d51f0000
60200000d2210000282200003b2200001700000002010000b1010000a6020000ed020000451800003f000000e5010000
7e050000480600006e090000b3090000460a00006d0a0000ce0a0000e60a0000480b00005f0b0000be0b0000810c0000
71130000221500004c170000fd190000311a0000d2210000282200003b220000a9220000462300001f3b0000973b0000
af3b0000143c00002b3c0000fa3d00001a0400004b050000a70a0000de0a00008a0e0000c20f000058130000c0130000
42160000441700006f1700009f170000a4180000bd180000e01800000919000001220000aa290000172d0000592e0000
662e00006b390000123a0000e33e00005d3f0000833f00009a3f0000eb00000021010000ab010000d2020000e5020000
c0050000c8050000fb0900008f0b0000f60c00003e0d0000cf0d0000d70d0000f5120000621400007f150000ba170000
d2190000621a00001d20000046200000e22200002b230000a7230000be23000021270000ee030000220400006c040000
0b05000019050000f405000067060000830900001c0a00008f0e0000d70e0000650f0000700f0000f80f000086100000
74120000131300002416000031170000b0200000d620000020210000f5230000272400007524000087240000cf270000
f6290000712a00009a2a0000fe2a0000372b0000cd2b00001f2c00004c2c0000a22c0000e52c00001f2d0000c12d0000
292f00004c2f0000b4380000d5380000273900004c39000070390000bf390000c83900005e400000d8400000fe400000
15410000a64100001901000054030000c0050000c8050000fb0900008f0b0000ef0c0000330e0000f512000062140000
a3150000ba170000fa170000291800005118000093180000d2190000621a0000df0d00009a0f00005d1000000a140000
22140000291400005314000073170000c6180000dc1800001e1a00002e1a00004e1f00005e1f00002522000038220000
142300003c230000313700008b370000903700001b3d0000333d0000f73d00003f000000e5010000cd0300008e040000
7e050000480600006e090000b3090000460a00004b0a00006d0a0000ce0a0000e60a0000ee0a0000480b00005f0b0000
be0b0000810c00007e0e0000711300007313000022150000bd1500004c17000054170000af180000dd180000fd190000
311a00002f1f0000631f0000d2210000282200003b220000a9220000462300005a3600007f360000fb3600004b370000
81370000913700001f3b0000973b0000af3b0000143c00002b3c0000fa3d00001d0000006e000000f300000040010000
b901000004020000bf020000e60200000c03000095060000cc0600003207000048070000d00800009d1900008d1d0000
e41f00004b200000eb00000021010000ab010000d2020000e50200005b030000fa03000008040000eb040000f4040000
c0050000c8050000d5050000a408000032090000cb090000fb090000070a00008f0b0000960b0000f60c00003e0d0000
cf0d0000d70d0000340e00004c0f00004e0f0000f71100006d12000083120000ce120000f5120000fe12000062140000
631400007f150000ab15000013160000f8160000ba170000c2170000d7180000f01800008519000092190000a1190000
b3190000d2190000621a0000411d0000711d0000981d0000d41d0000061f0000931f00001d2000004620000017210000
e22200002b230000a7230000be23000021270000242a0000b92a0000af2b0000dc2b0000832c0000202f000010360000
44360000e136000043370000673700006c37000078370000050f0000590f0000740f00006b10000025110000cd150000
62160000121e0000d920000054210000e42a00002b2b0000a62d00001e3100006d310000aa3100004f32000072320000
9f030000c0030000f8030000310400007c040000a4040000030500001a05000032050000a1050000b0060000f4060000
4d0700006f070000c3090000f10f000005170000171e00007a200000da2000002821000055210000532a0000302b0000
6f2c0000602d0000563000007930000089300000a3300000b8300000be30000031320000503200005a32000073320000
9d000000dc01000095060000cc0600003207000048070000d0080000e00c000019150000131800004e1800009d190000
73010000d9010000fa03000008040000eb040000f4040000eb050000c3060000d80600003d0700004507000091080000
cd080000380c0000d70c0000540d00004c0f00004e0f0000b510000001110000061100001412000099120000d8140000
161500003c1500008c1500001316000076160000e5170000d7180000f01800001d1900002a190000d71900008e1a0000
2a200000402100004b210000192500003425000056250000602500009a270000b2280000992c0000342e00003d2e0000
253000004632000091320000b0320000d4320000de320000ee030000220400005e0400006c040000fb0400000b050000
19050000f405000067060000830900001c0a0000530e00008f0e0000d70e0000560f0000650f0000700f0000f80f0000
8610000074120000131300001e1600002416000031170000b0200000d620000020210000d8230000f52300001f240000
272400003f2400006b2400007524000087240000cf270000f6290000712a00009a2a0000fe2a0000372b0000cd2b0000
1f2c00004c2c0000a22c0000e52c00001f2d0000322d0000c12d0000e42d0000212e0000292f00004c2f0000b4380000
d538000005390000273900004c39000070390000bf390000c8390000eb390000523c00005d3c00007f3c0000833c0000
923d0000953d0000ea3d0000163e00001e3e00005e40000078400000cc400000d8400000fe4000001541000020410000
72410000a64100001901000054030000c0050000c8050000fb090000b60a0000390b00008f0b0000ef0c0000330e0000
f51200007d1300001314000062140000a315000096170000ba170000fa170000291800005118000093180000d2190000
ff190000231a0000331a0000451a0000621a00008b01000077030000300600006c09000073090000cc0a0000440b0000
b20b00007d0c00002c0e00004d100000671300000f1400005b140000251700001e1800003d180000791800009c180000
0c1a0000271a0000491a0000531a00006b1a00005e2000002622000039220000eb0000002101000092010000ab010000
ae020000d2020000e5020000c0050000c8050000300600006c09000073090000fb090000b60a0000cc0a0000390b0000
440b00008f0b0000b20b0000850c0000f60c00003e0d0000bb0d0000cf0d0000d70d00004d100000f512000067130000
7d1300000f140000131400005b140000621400007b1500007f1500002517000096170000ba170000d2190000ff190000
0c1a0000231a0000271a0000331a0000451a0000491a0000531a0000621a00006b1a00001d2000004620000026220000
39220000ae220000e2220000242300002b2300004a2300009b230000a7230000be230000212700007f3b0000953b0000
053c0000103c0000203d0000243d0000cf3d0000fc3d00000e3e0000f1030000290400006f0400007f040000ea060000
0b070000d80e0000280f0000360f0000a9100000dd100000ed100000ff15000004160000271600002916000069160000
7b160000ff1b0000131c000095200000302100003d210000393000004230000099300000a6300000ed300000f5300000
62310000853100008b310000ac310000b43100005f320000a3030000ba030000f0030000790400008204000021050000
23050000a9060000ab060000e90600000c0700005307000056070000590e0000a8100000ad150000b115000051160000
53160000b2200000b420000031210000442100001830000038300000433000005c3000005f30000083300000a9300000
36310000993100009d3100004132000068320000ab000000710100001c0300002303000082060000010700008f080000
0e09000015090000fb1f0000282000003e210000a800000074010000220300002603000096030000f2030000fd030000
73040000980400001e05000024050000570600008806000099060000c8060000d5060000040700000e0700002e070000
60070000d9070000440800009208000014090000180900005a090000dc0c0000530d0000d90e0000030f00009e100000
f510000023110000131200009a120000c6120000ea150000ee1500004d160000551600006e1600006f16000080160000
8416000017180000371800008018000082180000fa1f00002b200000af200000ff200000322100004121000042210000
772100005f2a0000e22a0000ec2b0000f32b0000d52c0000082f000009300000223000006a300000d33000001c310000
7d3100009031000094310000373200003f3200002a04000080040000370f0000051600002a160000982000009a300000
a730000063310000ad310000b531000063320000c3060000ff060000d70c0000540d0000e5100000141200008c150000
6616000076160000e21a0000271b0000f91f0000ac000000720100001d03000024030000860600000207000090080000
0f09000016090000fc1f0000292000003f2100009a030000f303000000040000740400009b0400001f05000025050000
580600009a060000d60600000f07000064070000da070000450800005b090000da0e0000040f00009f10000024110000
9b120000c7120000eb150000ef1500004e160000561600008116000085160000b1200000002100003321000043210000
78210000602a0000e32a0000ed2b0000f42b0000d62c0000092f00000a300000233000006e300000d43000001d310000
7e31000091310000953100003832000040320000f10300006f040000ea0600000b070000d80e0000280f0000a9100000
dd100000ed100000ff15000027160000691600007b160000ff1b0000131c0000302100003d2100003930000042300000
ed300000f5300000853100008b310000a3030000f0030000790400002105000023050000a9060000ab060000e9060000
0c0700005307000056070000a81000005116000053160000b22000003121000044210000183000003830000043300000
5c3000005f300000413200009a030000bc030000f3030000000400002e04000074040000830400009b04000001050000
1f05000025050000580600009a060000d60600000f07000064070000da070000450800005b0900005c0e0000da0e0000
040f0000580f00009f100000241100009b120000c7120000b0150000b2150000eb150000ef1500001616000018160000
4e16000056160000811600008516000099200000b1200000b720000000210000332100004321000078210000602a0000
e32a0000ed2b0000f42b0000d62c0000092f00000a300000233000006e300000853000009f300000aa300000b6300000
d43000001d310000393100006c3100007e31000091310000953100009c3100009e310000b0310000b231000038320000
40320000643200006b320000a800000074010000220300002603000088060000c8060000040700002e07000092080000
1409000018090000dc0c0000530d0000f5100000131200006e1600006f16000017180000371800008018000082180000
fa1f00002b20000041210000d30e0000e40e0000740f00006b100000e0100000cd150000621600000c210000cd270000
06280000be2800007c290000a62d0000152f00005b310000aa310000e732000010330000f803000031040000c3040000
d9040000f40600001e070000f10f000001160000061600006b160000e01b00005e1c0000602d00008e2e000046300000
a3300000af300000ae310000cc06000017070000e00c000067160000c21a0000281b0000080400009d040000c3060000
d8060000ff06000066070000d70c0000540d00002c0f00004e0f0000e5100000ea1000001412000099120000d8140000
8c150000f1150000661600007616000087160000e3180000e21a0000271b00006b1c00002e1d0000f91f000034250000
472500005c2a0000f22b00002530000070300000f130000097310000b0320000c432000002040000cf040000ed050000
f3090000620e0000b3100000501b00007b1b0000801b0000ef1b00000b1c0000152100009b2c00001e2f000041310000
b9310000d5310000e53100007c0100007c0200009a08000000090000071c000043200000a60000001e03000087060000
0307000010090000f61f0000ac000000720100001d03000024030000a0030000060400007d040000f304000026050000
86060000a206000002070000080700009b07000046080000900800000f09000016090000a4090000410c000096100000
4f160000d6180000fc1f0000292000003f21000065210000712200000b2500003f250000123000003f300000ca300000
7f31000083320000bb320000f80300000204000031040000c3040000cf040000d9040000ed050000f40600001e070000
f3090000620e0000d20e0000e30e0000730f0000f10f00006a100000b3100000df100000cc1500000116000006160000
611600006b160000501b00007b1b0000801b0000e01b0000ef1b00000b1c00005e1c00000b21000015210000cb270000
05280000bd280000782900009b2c0000602d0000a52d00008e2e0000142f00001e2f000046300000a3300000af300000
413100005a310000a9310000ae310000b9310000d5310000e5310000e63200000f3300007c0100007c020000cc060000
170700009a08000000090000e00c0000f40d0000d51000004412000067160000c21a0000281b0000071c000017200000
43200000a1270000aa280000730100002103000008040000f40400009108000013090000a8090000430c0000a10d0000
0a0f00002c0f000097100000061100002e11000034120000ef1200003c150000d7180000891b0000fc1b0000061c0000
1a1c00002a2000004220000040210000752200000c25000040250000ed2a00008c2b0000cb30000027310000be310000
cc31000084320000bc320000ac00000024030000a0030000060400007d0400009c0400002605000086060000a2060000
c2060000d7060000fe0600000207000008070000650700009b0700004608000016090000d60c0000951200008b150000
f01500004f1600007516000086160000f51f0000fc1f0000652100005a2a0000ee2b000012300000243000003f300000
6f3000007f31000096310000f1030000290400006f0400007f040000ea0600000b070000a91000002716000029160000
7b16000030210000393000004230000099300000a63000008b310000b4310000f103000022050000ea06000055070000
5a0e0000a9100000ae15000052160000b3200000b520000045210000393000005e300000373100009a31000042320000
69320000a3030000ba030000790400008204000023050000a9060000ab0600000c07000056070000b115000053160000
3121000018300000433000005f30000083300000a93000009d310000ab00000023030000820600000107000015090000
fb1f0000a8000000780100002d02000022030000960300000904000073040000f60400001e0500005706000088060000
99060000040700000e07000096080000e9080000140900005a090000a9090000460c00009410000055160000d4180000
a01e0000fa1f000037200000ff20000076220000062500003d250000d52c0000082f000009300000c83000007e320000
b9320000f1030000290400006f0400007f04000022050000ea0600000b070000550700005a0e0000d80e0000e10e0000
770f0000a9100000dd10000014110000ae150000ca1500002716000029160000521600005f1600007b160000b3200000
b5200000302100003d21000045210000d627000001280000d5280000d928000039300000423000005e30000099300000
a6300000ed3000000931000037310000583100008b3100009a310000a7310000b43100004232000069320000fe320000
0a330000a80000002203000096030000fd03000073040000980400001e050000570600008806000099060000c8060000
d5060000040700000e0700002e07000060070000140900005a090000dc0c00009a120000ee150000551600006f160000
841600001718000082180000fa1f0000ff2000005f2a0000f32b0000d52c0000082f000009300000223000006a300000
943100002a040000800400002a1600009a300000a7300000b5310000c3060000ff060000d70c00008c15000076160000
f91f0000490f00006e0f00000b110000cf14000011170000d2180000742200002b2500003b25000000310000a7320000
b73200005b0e0000af150000b6200000383100009b3100006a320000730100002103000091080000130900002a200000
402100009a0300000a04000074040000f70400001f050000580600009a0600000f0700005b090000aa090000470c0000
9510000056160000d518000000210000772200000a2500003e250000d62c0000092f00000a300000c930000082320000
ba3200002a040000800400005b0e0000e20e0000af150000cb1500002a160000b6200000042800009a300000a7300000
38310000593100009b310000a8310000b53100006a3200000e3300007301000021030000c3060000ff06000091080000
13090000d70c0000f60d0000d4100000461200008c15000076160000f91f0000192000002a20000040210000a6270000
a9280000db0e0000050f000025110000c8120000ec1500008216000034210000e42a0000f12b00001e31000092310000
393200009a03000000040000740400009b0400001f050000580600009a060000d60600000f070000640700005b090000
9b120000ef150000561600008516000000210000602a0000f42b0000d62c0000092f00000a300000233000006e300000
95310000490f00006e0f00008c0f00000b110000cf14000011170000d2180000021e0000191e0000742200002b250000
3b25000000310000793100002032000025320000a7320000b73200009a030000bc0300000a0400007404000083040000
f70400001f050000580600009a0600000f0700005b090000aa090000470c00005f0e000095100000b215000056160000
d5180000ea1d00001a1e000000210000772200000a2500003e250000d62c0000092f00000a30000085300000aa300000
c93000003d3100009e310000163200002632000082320000ba320000a8000000780100002d0200002203000088060000
0407000096080000e908000014090000a01e0000fa1f0000372000007301000021030000fa030000080400009d040000
a7040000eb050000c3060000d8060000ff060000660700009108000013090000db090000d70c0000f60d0000080f0000
0a0f0000b5100000d41000002a1100004612000099120000dc1200008c150000f11500007616000087160000151e0000
231e0000881e0000951e0000a41e0000b31e0000f91f0000192000002a2000001121000040210000a6270000a9280000
5c2a0000e92a00005e2b0000f22b0000992c00001a2f000025300000703000002331000097310000f0310000f9310000
0d320000f10300006f040000ea0600000b070000a9100000271600007b1600003021000039300000423000008b310000
f103000022050000ea06000055070000a910000052160000b320000045210000393000005e30000042320000a3030000
7904000023050000a9060000ab0600000c07000056070000531600003121000018300000433000005f300000f1030000
6f04000022050000ea0600000b07000055070000d80e0000770f0000a9100000dd100000141100002716000052160000
5f1600007b160000b3200000302100003d21000045210000d6270000d5280000d928000039300000423000005e300000
ed300000093100008b31000042320000fe320000db0e0000050f0000590f000025110000c8120000ec15000017160000
821600009a20000034210000e42a0000f12b00001e3100006d31000092310000b131000039320000653200009a030000
bc030000000400002e04000074040000830400009b040000010500001f050000580600009a060000d60600000f070000
640700005b0900009b120000b2150000ef15000018160000561600008516000000210000602a0000f42b0000d62c0000
092f00000a300000233000006e300000853000009f300000aa300000b6300000953100009e310000b2310000a8000000
2203000088060000c8060000040700002e07000014090000dc0c00006f1600001718000082180000fa1f000073010000
21030000fa03000008040000eb040000f4040000c3060000f6060000ff060000350700009108000013090000a8090000
430c0000d70c0000f60d00004c0f00004e0f0000ef0f000097100000d4100000fa10000046120000d41400008c150000
131600007316000076160000d7180000f018000042190000c2190000cf190000921a0000f91f0000192000002a200000
40210000752200000c250000302500004025000052250000a6270000a92800005e2d0000492e00004e300000cb300000
f930000084320000ac320000bc320000d032000091080000cd080000a30a0000da0a00009b0c0000450d0000760e0000
f30e0000d410000034120000571300005b130000bf130000c1130000ee130000841500003116000076160000e5160000
851700009b1700009e170000a2170000db1a0000231b00006b1b0000a41b0000b91c0000bb1c0000eb1c0000f11c0000
e11f000083200000cb210000d6210000e1210000f13600001437000062370000c1370000ce370000ed3700006c3b0000
a33b0000c43c0000fb3c0000be3d0000d43d00006a00000036010000070300000a030000d2030000440400003a050000
3e05000091060000c20600004307000046070000d20800003f0a0000670a0000690a0000a50a0000a90a0000e90a0000
560b00005b0b0000610b0000640b0000531300003f1700004f170000e21f00002120000086200000bc2000003f210000
ce210000d7210000fc210000ff210000032200005f3600006e3600008f36000094360000f0370000fe3700001c3b0000
6e3b0000b23b0000223c0000273c0000623e0000200000005b000000ed000000b6010000c3010000f0020000f2020000
82060000010700008f0800000e09000015090000990c0000fc140000001500001f200000202000003e2100001d000000
3b000000c7000000ec000000fb0000001b01000056010000b9010000e10100009a020000e6020000ea02000000030000
1a0300004b03000096030000f2030000fd03000073040000980400001e050000240500007a0500008105000092050000
c2050000c5050000d2050000470600004b060000b2070000b4070000340800003a0800007c080000b70800001a090000
22090000af090000b6090000ba090000860b00009b0b0000f80b0000b70c0000fb0c00003d0d00005a0d0000b20d0000
210e0000d90e0000030f000041110000f81100001d120000b8120000bc12000050140000551400009914000008150000
1e1500006e150000701500009a150000a5150000ea150000ee15000089160000fc160000b1170000b6170000bc170000
bf170000c8170000cc170000d81f0000ff1f00001e2000002420000027200000af200000022100007221000074210000
752100008e210000a7210000db22000016230000c1230000c3230000e4250000f5250000242600002b260000602c0000
802c00000b2f0000cf33000069340000253500002f360000d2370000263800003b3800006c3800007338000002010000
820100004b0200005d020000f5030000c004000016060000190600001f06000063090000780900008c090000820c0000
da1100005d15000066150000001600001b1700001e1700001f170000ce1a0000201b0000281c0000451c0000b52c0000
a0360000a6370000fa0000001e010000530200008802000001040000ce040000c3050000c5050000a50800000a090000
e2090000e8090000e60c00007d120000a31a0000f11a0000fa1a00007a1b0000ba1b00006c1c00006f1c0000701c0000
3b200000ad210000762e000011360000dd3700001c0000003a000000c5000000b8010000e0010000e2020000ff020000
95030000720400001d050000790500008005000091050000460600004a0600007a08000019090000ae090000b5090000
b90900001d150000fb160000d71f00008d2100005f2c00002e360000d1370000fa000000020100001e01000082010000
4b020000530200005d02000088020000f503000001040000c0040000ce040000c3050000c50500001606000019060000
1f060000a50800000a09000063090000780900008c090000e2090000e8090000820c0000e60c00003f0d0000550d0000
d50d0000e10d0000d10e0000720f00005b1000005f100000da110000481200007d120000b7120000bc120000be120000
3d1500005d1500006615000000160000071700001b1700001e1700001f170000a31a0000ce1a0000f11a0000fa1a0000
201b00007a1b0000ba1b0000281c0000451c00006c1c00006f1c0000701c0000042000003b20000099210000ad210000
2227000038270000c0270000c82700005a2800005f2800007128000047290000b52c0000762e0000c02f000011360000
a0360000bc360000a6370000d5370000dd370000a70a0000de0a0000770e0000f40e000058130000c0130000f0130000
32160000871700009f1700006c1b0000a51b0000ba1c0000ec1c000084200000cc210000ec210000f236000015370000
63370000c2370000cf370000ee370000703b0000a73b0000c53c0000fd3c0000c03d0000d63d000037010000c1010000
c3060000ff0600009a0d0000e510000014120000601500008415000066160000761600000a2000005f000000c4010000
8606000002070000900800000f090000160900009a0c0000fd14000001150000212000003f2100003f0000001d010000
e5010000560300009a030000f303000000040000740400009b0400001f050000250500007e05000093050000c4050000
d305000048060000b3070000350800007d080000b80800001b09000023090000b3090000bb090000910b0000fc0b0000
b90c0000230e0000da0e0000040f000042110000f91100001e120000b9120000521400009a1400000a15000022150000
9c150000a7150000eb150000ef1500008a160000fd160000b3170000be170000c9170000cd1700000120000026200000
b12000000321000073210000762100008f210000a8210000e5250000f6250000252600002c260000612c0000812c0000
0c2f0000d03300006a3400002635000030360000d3370000273800003c3800006d38000074380000580d0000d30e0000
740f00005d1000004a120000ba120000c012000040150000091700009b2100003b270000cd2700005d28000073280000
4c290000c22f0000be360000d73700008d0100005f020000f8030000c304000018060000200600006e09000090090000
db11000068150000011600001d17000020170000291c0000461c0000b62c0000a1360000a737000002040000cf040000
c4050000a60800000b090000e3090000f10c000081120000a51a0000fc1a00007b1b0000bb1b00006e1c0000711c0000
ae210000772e000012360000de3700008d0100005f020000f803000002040000c3040000cf040000c405000018060000
20060000a60800000b0900006e09000090090000e3090000f10c0000570d0000d20e0000730f00005c100000db110000
4912000081120000b9120000bf1200003f1500006815000001160000081700001d17000020170000a51a0000fc1a0000
7b1b0000bb1b0000291c0000461c00006e1c0000711c00009a210000ae2100003a270000cb2700005c28000072280000
48290000b62c0000772e0000c12f000012360000a1360000bd360000a7370000d6370000de370000eb00000092010000
ab010000ae020000fa030000eb0400000006000030060000380600006c0900007309000092090000850c00003e0d0000
8b0d0000a80d0000bb0d0000080f00002a0f0000261000004d100000d911000029120000e1120000e2120000eb120000
5b1500007b1500007f15000013160000151700002517000028170000311900008d190000aa190000d51a00001b1b0000
8c1b00002e1c0000441c0000761c0000651d0000851d0000ad1d0000b91d0000731e0000ff1e0000c22c0000cf2e0000
9f360000b336000070370000a13700001900000044000000cb000000ea00000020010000b5010000ea010000ce020000
e1020000e802000002030000a4030000f903000075040000a6040000200500007f0500008305000094050000bf050000
c7050000490600004d06000080080000a3080000f20800001c090000b4090000b8090000bc090000c9090000f7090000
f50c00008212000027150000fe160000d1190000401d0000971d0000141e0000531e0000051f0000081f0000da1f0000
1c2000004520000090210000a9210000622c0000bb2e00000f36000031360000d4370000db37000073010000d9010000
f10300006f040000c3060000ff06000091080000ae080000cd080000d5080000d70c0000540d0000a10d0000d80e0000
280f0000d4100000e5100000e31100001412000018120000341200003c120000641500008c150000ff15000027160000
6616000076160000e5160000e8160000ec160000e21a0000271b0000311c0000481c0000f91f00001920000093210000
a02100001b36000020360000af360000bb36000037370000393700009f000000ac00000072010000de0100001d030000
24030000a3030000f00300007904000021050000230500008606000091060000c2060000020700004307000046070000
700800007208000090080000ad080000d2080000d60800000f090000160900001d09000020090000d60c0000e2110000
151500001b150000c4160000c6160000fc1f000029200000b22000003f21000094210000a5210000053600001a360000
213600003236000035360000d9370000bd00000055010000fd02000015030000d1030000470400003d0500003f050000
7e050000c405000048060000b307000035080000b30900004b0a0000600a00006d0a0000a80a0000ac0a0000c20a0000
ee0a00003b0b00005a0b00005c0b00005f0b0000670b0000910b0000f10c0000570d00007b0e0000f10e0000b9120000
5d130000651300007f130000bb130000c3130000091400005214000049170000541700009217000098170000b3170000
be170000b1180000c51800000219000004190000081a00001d1a00004e1a0000511a00003c1f00004d1f00007c1f0000
831f0000d51f00002620000085200000bf20000073210000cd210000d2210000f02100000222000006220000d6220000
13230000b2230000b92300005e360000713600009336000095360000f736000012370000833700008a37000096370000
99370000ef37000001380000243b0000713b00008b3b0000b73b0000073c0000263c0000283c0000c03c00001a3d0000
cb3d0000d13d0000663e00001700000061000000ee000000fa0000003c010000b1010000c6010000fb010000bb020000
ed020000f502000088060000c8060000040700002e0700009208000014090000180900009c0c00003f0d0000640d0000
c10d0000f510000013120000ff14000003150000481500004915000073150000741500006e1600006f1600000b200000
1e2000002320000041210000eb00000021010000d2020000e5020000fa030000a7040000c0050000c8050000a4080000
f4080000cb090000fb090000f60c00008b0d0000940d0000cf0d0000d70d00002a0f00004c0f0000391000003a100000
3912000083120000ce120000f5120000fe120000e618000092190000a8190000d2190000da190000e91a0000ef1a0000
131b0000d31b0000da1b0000671c0000411d0000711d0000981d0000b51d0000151e0000541e0000061f0000091f0000
1d20000046200000aa2100008a2e0000bc2e000010360000b73600006c370000dc3700001900000044000000cb000000
ea00000091010000aa010000b5010000ea010000ad020000e802000002030000a4030000f903000075040000e9040000
200500007f0500008305000094050000ff0500002f06000037060000490600004d060000800800001c09000068090000
7209000091090000b4090000b8090000bc090000840c0000d8110000271500007a1500007e15000012160000fe160000
1417000024170000271700008b190000a9190000611d0000b81d0000da1f000090210000622c0000c12c000031360000
9e3600006f370000d4370000df0d00009a0f00005d100000ba120000c413000022140000291400007317000002200000
a8200000ea210000f1210000b5270000312800005d280000af290000cb290000e329000031370000f9370000a3380000
c93c0000333d0000973e0000180600006e090000ce0a00001d0b0000810c00007e0e000071130000731300001d170000
8c170000c91a00001f1b0000571b0000a61b0000a41c0000a81c0000ed1c0000ef1c0000fb360000ba370000d0370000
973b0000e83b0000c53d0000f3000000400100004a0200006c020000cc060000170700005c1500006115000067160000
eb00000021010000ab0100005b030000080400009d040000c0050000c8050000d50500008f0b0000960b0000fe0b0000
f60c00003e0d00008b0d0000940d0000340e00002c0f00004e0f0000391000003a1000003e100000f71100006d120000
62140000631400005b1500007f150000ab150000f1150000ba170000c2170000cf170000e3180000e91a0000461b0000
351c0000531c0000071d00000b1d0000e22200002b2300007c230000be230000e12500002a260000b92a00007d2b0000
832c0000872d0000e1360000b337000023380000723800001d010000830200004d040000e0040000c4050000e3090000
c00a0000c20a0000260b00002a0b00007f1300006e1c00009b1c0000cf1c00003a200000d32000001a2200001c220000
793600008e36000009380000893b0000f13b00002b3e0000fb000000570200009a08000000090000a40c0000b21a0000
f01a0000f51a0000071c00001600000060000000b0010000c5010000ec02000087060000030700001009000002150000
19000000800000008d000000ea00000091010000b5010000d2010000e1020000e8020000180300008b030000a0030000
060400007d040000f3040000260500007e0700008007000092070000f2070000f4070000f80700003608000038080000
79080000be080000240900003b0900006809000072090000b00b0000c60b0000840c0000d80f00000f1500008b160000
d6180000f01f00001c2000006420000098210000b4210000352200003f220000ad22000049230000162a0000172b0000
472d00002a330000473300006b3400004d360000e23700001d010000830200004d040000e0040000c405000018060000
6e090000e3090000c00a0000c20a0000ce0a00001d0b0000260b00002a0b0000810c0000de0d00007e0e0000980f0000
5c100000b912000071130000731300007f130000c31300001e140000281400001d170000721700008c170000c91a0000
1f1b0000571b0000a61b00006e1c00009b1c0000a41c0000a81c0000cf1c0000ed1c0000ef1c0000012000003a200000
a6200000d3200000e6210000f02100001a2200001c220000b1270000302800005c280000ae290000c9290000df290000
793600008e360000fb3600002d370000ba370000d0370000f537000009380000a1380000893b0000973b0000e83b0000
f13b0000c83c00002f3d0000c53d00002b3e0000963e0000f3000000fb000000400100004a020000570200006c020000
cc060000170700009a08000000090000a40c00003d0d0000460d0000d90d0000d5100000441200002e1500005c150000
6115000067160000b21a0000f01a0000f51a0000071c0000202700005c270000aa280000eb00000092010000e5020000
8f03000008040000f4040000c20800003d0900006c09000073090000b20b0000ca0b0000850c00008b0d0000a80d0000
d70d00003b0e00000a0f00002c0f0000d90f000040120000e1120000e21200005b1400006a140000a4140000d7180000
d51a0000ef1a00003a1b0000891b0000c81b0000fe1c0000ff1c00001f1d00001d20000065200000b821000039220000
40220000ae220000242300004a230000882300000026000022260000172a0000182b0000482d0000802e00004f360000
e6370000463800006a38000019000000800000008d000000ea00000020010000aa010000b5010000d2010000e8020000
180300005a030000a0030000060400007d0400009c04000026050000bf050000c7050000d40500007e07000080070000
92070000f2070000f4070000f8070000360800003808000079080000240900008b0b0000950b0000fd0b0000f50c0000
f31100000f1500007e150000aa150000f01500008b160000b9170000c1170000ce170000f01f000098210000de220000
bd230000df25000026260000822c00002a330000473300006b340000213800006e38000091080000cd080000a30a0000
da0a00009b0c0000760e0000571300005b1300008415000031160000761600009b1700009e170000a2170000e11f0000
83200000cb210000d6210000f136000062370000ed3700006c3b0000a33b0000d43d0000370100000903000045040000
3b050000c306000045070000a60a0000aa0a0000580b0000630b0000541300004017000022200000bd20000040210000
fd21000000220000042200006f36000091360000ff3700006f3b0000243c0000633e00006a0000000a030000d2030000
3e0500009106000046070000d20800003f0a0000670a0000690a0000e90a00005b0b0000640b00004f170000e21f0000
86200000ce210000d72100005f36000094360000f03700001c3b0000b23b0000273c0000200000005b000000b6010000
c3010000f2020000820600000107000015090000001500001d0000003b000000c7000000f300000097010000b9010000
e101000004020000e60200000003000088030000960300000904000073040000f60400001e0500007a05000081050000
92050000470600004b0600007c080000c30800001a090000400900006d09000078090000af090000b6090000ba090000
bd0b0000c30b00007f0c0000d60f00001e150000fc160000d41800008d1d0000d81f00006a2000008e210000b9210000
3a220000452200009e22000044230000112a0000152b0000602c0000452d00002f36000052360000d2370000e7370000
3701000009030000450400003b050000c30600004507000091080000cd080000a30a0000a60a0000aa0a0000da0a0000
580b0000630b00009b0c0000e70d0000760e00009b0f0000061100001412000054130000571300005b130000be130000
231400002e140000841500003116000076160000401700006d1700009b1700009e170000a2170000e11f00000a200000
2220000083200000a9200000bd20000040210000cb210000d6210000eb210000f6210000fd2100000022000004220000
6427000033280000b22800009f290000d6290000dc2900006f36000091360000f13600003237000062370000ed370000
fa370000ff370000a63800006c3b00006f3b0000a33b0000243c0000c33c0000343d0000d43d0000633e00008d3e0000
1d0000003b000000c7000000fb0000001b010000b9010000e10100009a020000e6020000000300004b03000096030000
fd03000073040000980400001e0500007a0500008105000092050000c2050000c5050000d2050000470600004b060000
7c0800001a090000af090000b6090000ba090000860b00009b0b0000f80b0000fb0c0000f81100001e15000070150000
a5150000ee150000fc160000bc170000bf170000cc170000d81f00008e210000db220000c3230000e42500002b260000
602c0000802c00002f360000d23700002638000073380000a70a0000de0a0000770e000058130000321600009f170000
84200000cc210000f236000063370000ee370000703b0000a73b0000d63d000037010000c1010000c3060000ff060000
8415000076160000df0d0000490f00006e0f00005d100000631000006412000053140000d9160000d2180000b7210000
38220000142300003c230000b02a0000132b00009e2d0000d8360000e5370000460400003c050000a70a0000590b0000
5813000044170000be20000001220000703600009236000000380000703b0000253c0000653e00009108000013090000
9b0c0000fe14000022200000402100003f000000e50100009a0300000a04000074040000f70400001f0500007e050000
93050000480600007d080000c40800001b090000410900006e090000b3090000bb090000be0b0000810c0000d70f0000
22150000fd160000d51800008f210000ba2100003b220000a922000046230000152a0000162b0000612c0000462d0000
3036000053360000d3370000e8370000460400003c050000a70a0000de0a0000590b0000770e00009c0f000058130000
c01300002414000032160000441700006f1700009f17000084200000aa200000be200000cc210000ec21000001220000
34280000aa290000d72900007036000092360000f23600003337000063370000ee370000fb37000000380000a7380000
703b0000a73b0000253c0000c53c0000353d0000d63d0000653e0000933e000037010000c1010000c3060000ff060000
91080000130900009b0c0000450d0000d410000046120000fe1400002d15000084150000761600002220000040210000
5b270000a9280000240e0000db0e0000050f00001f120000ba120000531400009b1400009d150000ec150000b4170000
ca1700000220000004210000f7250000292600000d2f00003d380000713800003f0000001d010000e501000056030000
9a03000000040000740400009b0400001f0500007e05000093050000c4050000d3050000480600007d0800001b090000
b3090000bb090000910b0000fc0b0000f911000022150000a7150000ef150000fd160000be170000cd1700008f210000
e52500002c260000612c0000812c000030360000d33700002738000074380000240e0000190f00005d100000d6130000
0a140000291400005314000040150000db1500006b170000731700004e1f00005e1f00005d200000c82000000d220000
25220000382200001d3700005637000004380000df3c00003a3d0000493e0000bd0000008d010000fd02000083030000
d10300004a040000b80400003d0500007e050000480600006e090000b30900004b0a0000600a00006d0a0000b40a0000
ce0a0000ee0a0000080b0000480b00005a0b00005f0b0000be0b000073130000541700002f1f0000631f0000d51f0000
6020000085200000c9200000cd210000d22100000e220000282200003b2200005e360000753600008736000093360000
ef37000005380000243b00007d3b0000b73b0000d23b0000263c00004e3e0000170000006100000002010000b1010000
c6010000a6020000ed020000880600000407000096080000e908000014090000a00c000003150000451800004e1d0000
911d0000a01e0000eb00000021010000ab010000d2020000e50200005b030000fa030000080400009d040000a7040000
c0050000c8050000d5050000a4080000f4080000cb090000fb0900008f0b0000960b0000fe0b0000f60c00003e0d0000
cf0d0000d70d0000340e0000080f00000a0f0000f71100003012000083120000ce120000f51200006214000063140000
a01400007f150000ab150000f1150000ba170000c2170000cf170000d2190000621a0000411d0000711d0000981d0000
d41d0000151e0000231e0000541e0000611e0000061f0000091f0000931f0000b31f00001d20000046200000aa210000
e22200002b230000a7230000be230000e1250000fc250000172600002a26000021270000832c0000bc2e0000c52e0000
10360000dc37000023380000423800005e3800007238000073010000d9010000f10300006f040000c3060000ff060000
91080000ae080000cd080000d5080000d70c0000e31100008c1500002716000076160000ec160000f91f000093210000
1b36000020360000393700007301000021030000f103000022050000c30600004507000091080000ae08000013090000
1f090000d70c0000e311000016150000c51600002a200000b320000040210000a62100001b36000034360000da370000
9f000000ac000000de01000024030000a303000079040000230500008606000091060000020700004607000070080000
72080000d2080000d608000016090000200900001b150000c6160000fc1f000094210000053600002136000035360000
73010000d901000021030000f10300006f04000022050000c3060000ff0600004507000091080000ae080000cd080000
d5080000130900001f090000d70c0000540d0000f60d0000d80e0000770f0000d410000006110000e311000014120000
18120000461200004f120000161500003c1500008c1500002716000076160000c5160000d2160000ec160000f91f0000
192000002a200000b32000004021000093210000a0210000a62100009a270000a6270000d6270000a9280000b2280000
362900003a2900001b3600002036000034360000af360000c336000039370000da37000088380000580d0000f20e0000
ba120000bc130000c41300000a1400005314000093170000b4170000c6180000031900001e1a0000501a00004e1f0000
801f0000f121000014230000b6230000133700008b37000098370000c13c00001b3d0000cc3d0000bd000000fd020000
d10300003d0500007e050000c405000048060000b30900004b0a0000600a00006d0a0000c20a0000ee0a00003b0b0000
5a0b00005f0b0000910b0000f10c00007b0e0000651300007f1300005417000098170000be170000b118000004190000
081a0000511a00003c1f0000831f0000d51f000085200000cd210000d2210000d6220000b92300005e36000093360000
f73600008337000099370000ef370000243b00008b3b0000b73b0000073c0000263c0000d13d00001700000061000000
fa0000003c010000b1010000c6010000fb010000bb020000ed02000088060000c8060000040700002e07000014090000
0315000049150000741500006f160000eb00000092010000ab010000ae020000e50200008f030000fa03000008040000
eb040000f4040000000600003006000038060000c20800003d0900006c0900007309000092090000b20b0000ca0b0000
850c00003e0d0000bb0d0000d70d00003b0e00004c0f00004e0f0000d90f0000261000004d10000051100000d9110000
691200005b1400006a1400007b1500007f15000013160000151700002517000028170000d7180000f01800008d190000
99190000aa190000b71900006b1a0000651d0000851d0000b91d0000e01d00009f1f00001d20000065200000b8210000
3922000040220000ae220000242300004a2300009b23000021270000172a0000b52a0000182b0000ab2b0000c22c0000
482d0000932d00004f3600009f360000dd360000703700007c370000e63700009f030000b0030000c0030000ef030000
020400001d0400002b0400007c04000092040000ed0400001a0500001c050000320500003305000046050000a1050000
ed050000b0060000e00600004d07000051070000c30900003a0c0000620e0000680e0000d20e0000e30e0000480f0000
ab0f0000b3100000df1000004c110000ce140000b4150000c11500000f1600001516000035160000451600008e160000
05170000e1170000e7170000ec1d0000011e00003a1e00003c1e00007a20000089200000b1200000b7200000b9200000
0b210000282100004321000078210000152500002a2500005b2500005e2500006f2c00009b2c0000fa2c00001a2d0000
142f0000372f00002e300000563000005a300000893000009b300000be300000bf300000413100005a31000018320000
1f3200002b3200002e32000031320000403200005a3200006b3200008d320000a6320000d9320000dc32000023340000
823400004d35000011390000d0390000353c00004d3c0000563c0000673c00006c3c00008c3c00008e3c0000683d0000
703d0000da3d0000de3d00006c3e0000dc3e00003f3f0000763f0000863f00009d0000007c010000dc01000029020000
95060000c4060000480700004a0700009a080000d0080000e50800003d0a0000bc0a0000e50a0000f90a0000d80c0000
7a0d0000d51000002412000055130000d413000017150000191500005115000052150000dd160000de16000041170000
4b170000791700007d170000172000002b20000041210000df210000fe210000bc00000054010000fc02000014030000
7a050000c205000047060000b207000034080000af0900006c0a0000ab0a00005e0b0000660b0000860b0000f00c0000
560d0000b81200007e130000c213000050140000b1170000bc1700003b1f00004c1f00007b1f0000821f0000d41f0000
2520000072210000d121000005220000d522000012230000b1230000b82300001d0000003b0000006e000000ec000000
fb0000001b01000038010000b9010000e10100009a020000e6020000ea0200000c0300000e0300004b0300007a050000
c20500004706000095060000c4060000480700004a070000b2070000340800009a080000d0080000e5080000af090000
3d0a00006c0a0000ab0a0000bc0a0000e50a0000f90a00005e0b0000660b0000860b0000a40c0000b70c00003d0d0000
460d0000b20d0000210e0000d510000024120000b8120000551300007e130000c2130000d41300005014000008150000
1e1500006e150000701500009a150000a5150000dd160000de160000411700004b170000791700007d170000b1170000
bc170000521d0000771d0000bc1d0000be1d00003b1f00004c1f00007b1f0000821f0000e41f0000ff1f00001e200000
23200000242000004121000072210000d1210000df210000fe210000052200001a3b0000743b0000853b0000ae3b0000
c33b00002a3c0000323c0000c73c0000dd3c0000b23d0000b63d0000643e000008040000f4040000c3060000d8060000
3d07000045070000d70c0000f60d0000830e00000a0f00001c0f00002c0f0000e5100000ea1000004612000099120000
dc12000054130000191400001615000040170000a3180000d7180000df1800001d190000d7190000e21a0000f81a0000
6f1b0000891b00008d1b0000d61b0000381c00006b1c0000b81c0000c81c0000951e0000a81e00002a20000040210000
4b210000fd210000342e0000582e0000862e0000af2e000025300000f1300000f93100004632000062390000a1390000
113a0000343a00009f00000072010000d8010000de010000a0030000b103000006040000500400007d04000093040000
9c040000a904000026050000a20500000b06000091060000b2060000460700004e07000090080000cc080000d2080000
a4090000c40900003f0a0000a20a0000d90a0000e90a0000961000001b1500008b150000c2150000f0150000f8150000
7516000006170000191700004f1700009a1700008e1e0000a91e000029210000702c0000ad2c0000fb2c0000222d0000
57300000ca3000000232000032320000f338000012390000d1390000e139000015000000ca000000e8000000a8010000
b3010000e7020000010300007b050000fe0500004c06000062090000b0090000830c00007d15000013170000601d0000
b71d0000d91f00001d0000003b000000c7000000ee000000f30000001a01000053010000ae010000b9010000cb010000
e10100000402000039020000e60200000003000096030000f2030000fd03000073040000980400001e05000024050000
7a0500008105000092050000c10500000106000007060000470600004b060000b1070000ed0700007c0800001a090000
6d0900007c0900008709000098090000af090000b6090000ba090000d0090000bd0b0000650c00007f0c0000860c0000
640d00006d0d0000d90d0000dc0d0000d90e0000030f0000271000005a1000003911000071120000cf120000d1120000
51140000871400001e1500008015000086150000ea150000ee150000b0160000fc16000016170000171700006a1d0000
701d00008b1d00008d1d0000a81d0000ba1d00006c1e0000c11e0000dd1e0000f81e0000071f0000c41f0000d81f0000
2f200000af2000008e210000332200003a220000542200009e22000011230000392300004423000099240000d1240000
5126000070260000602c0000a92c0000582f0000902f0000c6330000e83400002f360000d2370000b838000030390000
983a0000b73a0000460a0000c00a0000e60a0000fd0a000059130000d5130000451700004c1700007a1700007e170000
e621000002220000bd00000055010000fd020000150300007e050000c405000048060000b307000035080000b3090000
6d0a0000ac0a00005f0b0000670b0000910b0000f10c0000570d0000b91200007f130000c313000052140000b3170000
be1700003c1f00004d1f00007c1f0000831f0000d51f00002620000073210000d221000006220000d622000013230000
b2230000b923000017000000ee000000fa000000b1010000fb010000ed020000f50200003f0d0000640d000048150000
491500001e2000003f0000001d010000e5010000560300007e050000c405000048060000b307000035080000b3090000
460a00006d0a0000ac0a0000c00a0000e60a0000fd0a00005f0b0000670b0000910b0000b90c0000230e0000b9120000
591300007f130000c3130000d5130000521400000a150000221500009c150000a7150000451700004c1700007a170000
7e170000b3170000be1700003c1f00004d1f00007c1f0000831f0000012000002620000073210000d2210000e6210000
02220000062200001f3b0000753b0000893b0000af3b0000c73b00002b3c0000333c0000c83c0000de3c0000b33d0000
b73d0000663e00008a0e00001f0f0000581300002414000044170000a4180000e0180000721b00008e1b0000ba1c0000
ca1c000001220000592e0000b02e00006b390000a5390000123a0000383a0000eb00000021010000d2020000e5020000
c8050000fb0900008b0d0000940d0000d70d00003a100000ce120000d2190000ef1a0000d31b0000711d0000b51d0000
1d2000004620000019000000cb000000ea000000aa010000b5010000e8020000020300007f050000ff0500004d060000
68090000b4090000840c00007e15000014170000611d0000b81d0000da1f00003f00000055010000cd010000e5010000
9a030000f303000000040000740400009b0400001f050000250500007e050000930500000806000048060000b3070000
ef0700007d0800001b0900006e090000880900009c090000b3090000bb090000be0b0000660c0000810c0000de0d0000
da0e0000040f00005c1000003a11000075120000d212000052140000881400002215000088150000eb150000ef150000
b1160000fd16000018170000c21e0000de1e0000f91e0000c51f0000b12000008f210000342200003b22000055220000
a9220000132300003b230000462300009d240000d22400005826000074260000612c0000aa2c00005c2f0000912f0000
c7330000e934000030360000d3370000b9380000313900009f3a0000bb3a00003f00000055010000cd010000e5010000
9a030000b3030000f3030000000400006504000074040000950400009b040000ac0400001f050000250500007e050000
930500000806000048060000b3070000ef0700007d0800001b0900006e090000880900009c090000b3090000bb090000
4b0a0000ac0a0000e30a0000ee0a0000be0b0000660c0000810c0000de0d0000900e0000da0e0000040f0000200f0000
5c1000003a11000075120000d2120000731300002814000052140000881400002215000088150000c4150000eb150000
ef150000fb150000b1160000fd1600001817000054170000a4170000e51d00000a1e0000211e0000261e0000c21e0000
de1e0000f91e00002f1f00004d1f00005d1f0000631f0000c51f0000b12000008f210000342200003b22000055220000
a9220000132300003b230000462300009d240000d22400005826000074260000612c0000aa2c0000fd2c0000252d0000
e42e0000f42e00005c2f0000912f0000c7330000e934000030360000d3370000b93800000e3900001439000031390000
71390000a6390000d3390000e4390000613a00006d3a00009f3a0000bb3a00001d000000c7000000ee000000f3000000
1a010000ae010000b90100000402000039020000e60200000003000081050000c1050000010600004b0600007c090000
b6090000d0090000860c0000640d00006d0d0000d90d000027100000cf12000080150000161700006a1d0000701d0000
8b1d00008d1d0000a81d0000ba1d00006c1e0000071f0000d81f00002f2000003f0000001d010000e501000056030000
cd0300004d0400008e040000b60400007e050000c405000048060000b307000035080000b3090000460a00004b0a0000
6d0a0000ac0a0000c00a0000c20a0000e60a0000ee0a0000fd0a00003b0b00005f0b0000670b0000910b0000b90c0000
230e0000780e0000180f0000b9120000591300005d1300007f130000c3130000d513000009140000521400000a150000
221500009c150000a7150000bc150000bd150000f5150000f715000045170000491700004c170000541700007a170000
7e1700009217000098170000b3170000be1700003c1f00004d1f00007c1f0000831f00000120000026200000a6200000
bf20000073210000d2210000e6210000f021000002220000062200005a360000793600007f36000085360000f3360000
1c3700004a3700004b3700005a3700005c370000f5370000013800001f3b0000753b0000893b0000af3b0000c73b0000
2b3c0000333c0000c83c0000de3c0000b33d0000b73d0000663e00001d0000006e000000ec000000fb00000038010000
b90100009a020000e6020000ea0200000c0300000e03000095060000c4060000480700004a0700009a080000d0080000
e5080000a40c00003d0d0000460d0000b20d0000d5100000241200006e15000070150000dd160000de160000521d0000
771d0000bc1d0000be1d0000e41f00001e20000023200000412100009f030000c0030000ef030000020400002b040000
7c040000ed0400001a0500001c0500003205000033050000a1050000ed050000b0060000e00600004d07000051070000
c30900003a0c0000620e0000d20e0000e30e0000480f0000b3100000df1000004c110000ce1400000f16000015160000
8e16000005170000e1170000e7170000ec1d0000011e00003a1e00003c1e00007a200000b1200000b72000000b210000
282100004321000078210000152500002a2500005b2500005e2500006f2c00009b2c0000142f00002e30000056300000
5a300000893000009b300000be300000bf300000413100005a310000183200001f3200002b3200002e32000031320000
403200005a3200006b3200008d320000a6320000d9320000dc3200009d0000007c010000dc0100002902000095060000
c4060000480700004a0700009a080000d0080000e5080000d80c00007a0d0000d5100000241200001715000019150000
5115000052150000dd160000de160000172000002b2000004121000008040000f4040000c3060000d80600003d070000
45070000d70c0000f60d00000a0f00002c0f0000e5100000ea1000004612000099120000dc12000016150000d7180000
1d190000d7190000e21a0000f81a0000891b0000d61b0000381c00006b1c0000951e0000a81e00002a20000040210000
4b210000342e0000862e000025300000f1300000f9310000463200009f00000072010000d8010000de010000a0030000
060400007d0400009c04000026050000a20500000b06000091060000b2060000460700004e07000090080000cc080000
d2080000a4090000c4090000961000001b1500008b150000f01500007516000006170000191700008e1e0000a91e0000
29210000702c0000ad2c000057300000ca3000000232000032320000ee030000220400000b05000019050000f4050000
1c0a0000530e0000270f0000340f0000700f0000cc0f0000f80f000045100000e9140000651b0000781b0000ad1b0000
cf1b0000131d0000ff1d0000341e0000b0200000d620000020210000d82300003f240000c72400008b260000f6290000
372b0000a22c00001f2d00008e2d0000e42d0000152e0000ad2e0000f22e0000292f00004c2f0000862f0000d5380000
27390000743a0000d23a00005d3c0000833c0000793d0000873d0000163e0000403e00006b3f0000ba3f000078400000
72410000c8050000fb090000ef0c0000800d00003a100000ce1200007d130000df130000fa17000051180000d2190000
ff190000331a0000e81a0000071b0000d31b0000c31c0000d61c00004000000087010000e60100000f0200007f050000
ff0500004d06000068090000b40900004c0a0000c80a0000ef0a0000fe0a000023150000541500001417000055170000
7f1700008d0100005f0200009a030000bc030000f3030000000400003f04000074040000830400009b040000b1040000
1f05000025050000c4050000f905000018060000580600009a0600000f070000e40700000e0800005b0900006e090000
e30900002a0a0000ce0a00001d0b0000f10c0000570d0000540e0000da0e0000040f0000110f0000e50f0000f90f0000
311000005c10000089100000b91200007f130000c31300003f15000068150000b2150000eb150000ef150000f4150000
56160000a71600001d170000721700008c170000a51a0000fc1a00006e1c00009b1c0000cf1c0000671e0000791e0000
f61e0000161f0000b12000000021000025210000d92300002324000040240000462400003a2700005c280000ae290000
f7290000f82a0000382b0000422b0000a72c0000d62c0000542d0000812d0000c42d0000e52d0000082e0000d32e0000
092f00002e2f00000a30000085300000aa3000009e3100004a3300009f330000ab33000096340000e33800004d3a0000
7a400000e04000005a410000804100008b010000770300006c090000cc0a0000440b0000b20b0000a70d0000e1120000
f91300006a140000ff1c0000571f0000791f00005e200000262200003922000023230000842300008900000016030000
c705000080070000f407000036080000620a0000680b0000950b0000eb0c000079130000c1170000361f00007d1f0000
ee1f0000db210000c8220000b32300001e00000000010000ba010000fc010000f60200004a150000a8000000fa000000
020100009b0100004b02000053020000220300007c0300008806000004070000bc07000007080000140900007c090000
b70b0000c20c00003f0d0000d50d0000390e000027100000681400005d150000a3160000f11a00005e1d0000831d0000
c21d0000db1d00009a1f0000fa1f00006e2000004922000022270000bd00000055010000fd02000015030000d1030000
000400000a04000065040000c5040000cc0400003d050000640500007e050000c4050000e105000048060000b3070000
350800009c090000b30900004b0a0000600a00006d0a0000ac0a0000ee0a00005a0b00005f0b0000670b0000910b0000
1c0c0000250c0000f10c0000570d0000700e0000da0e00006c0f0000c80f00003a11000056110000b91200007f130000
c31300005214000088140000e31400000316000054170000b3170000be170000db1700007d1b0000f11d00000a1e0000
3f1e00004c1e00003c1f00004d1f00007c1f0000831f0000d51f00002620000085200000f520000073210000cd210000
d22100000622000069220000d622000013230000b2230000b9230000ca240000722500007b250000a6250000c4250000
58260000c9260000e4260000d22700008f2c0000892f0000c73300002d340000fe340000143500006835000071350000
a0350000c03500005e36000093360000ef3700000e390000613a00009f3a0000243b0000b73b0000263c0000ff3e0000
653f0000df3f0000054000002e4000001700000061000000ee000000fa0000005e010000b1010000c6010000fb010000
1d020000ed020000f50200008806000004070000bc07000007080000140900007c090000b70b0000860c00003f0d0000
640d00006d0d000027100000681400000315000048150000491500004e150000a31600009a1f00001e20000049220000
af220000292300004b2300005d230000eb00000021010000d2020000e5020000c80500006c090000fb090000cc0a0000
440b0000b20b0000850c00008b0d0000940d0000d70d00003b0e00003a100000ce120000e11200007d130000df130000
f91300006a140000d2190000ff190000331a0000d51a0000ef1a00003a1b0000d31b0000c31c0000d61c0000ff1c0000
711d0000b51d0000571f0000791f00001d200000462000002622000039220000ae2200004a230000953b0000103c0000
e83c0000063d0000fc3d0000333e00001900000080000000cb000000ea00000020010000aa010000b5010000d2010000
e8020000020300005a0300007f050000c7050000ff0500004d06000080070000f40700003608000068090000b4090000
4c0a0000620a0000c80a0000ef0a0000fe0a0000680b0000950b0000840c0000791300000f1500007e150000aa150000
14170000551700007f170000c1170000611d0000b81d0000361f00007d1f0000da1f0000db210000253b0000913b0000
b83b0000c83b0000343c0000b83d0000d30e0000e40e0000490f0000ac0f0000e0100000cf1400001016000036160000
e2170000021e00003b1e00008a2000000c2100002b2500005d250000152f0000382f00005b310000203200002d320000
a7320000db320000693d0000713d0000db3d0000403f0000773f00009f030000b0030000c0030000020400001d040000
7c04000092040000ed0400001a0500003205000046050000a1050000ed050000b00600004d070000c30900003a0c0000
620e0000b3100000c1150000151600004516000005170000e7170000ec1d00003c1e00007a2000002821000015250000
5e2500006f2c00009b2c0000fa2c00001a2d00005630000089300000be30000041310000183200002e32000031320000
5a3200008d320000dc32000011390000d0390000353c0000563c0000673c00006c3c00008c3c0000de3d0000dc3e0000
863f00009d0000007c010000dc0100002902000095060000480700009a080000d0080000e50800003d0a0000bc0a0000
e50a0000f90a00001915000052150000de1600004b1700007d17000073010000d9010000fa0300000804000052040000
9d040000a7040000aa0400000c060000c3060000f6060000450700007307000091080000cd080000a8090000a30a0000
da0a0000d70c0000540d00004a0e0000080f00000a0f00000f0f0000ef0f00002f10000097100000061100002e110000
1412000054130000be130000161500003c1500008c150000f1150000f9150000761600001a170000401700006d170000
9b170000151e0000231e0000901e00009c1e0000aa1e0000b71e00002a2000004021000057210000fd210000cc230000
1a24000036240000422400009a270000b22800009f290000512a0000ed2a00002e2b00005a2b0000ae2c0000232d0000
5e2d00007f2d0000db2d0000062e00007d300000cb30000027310000033200001132000052320000f7380000e2390000
84400000e54000005f41000076410000bc000000fc0200007a050000c205000047060000af0900006c0a00005e0b0000
860b0000f00c00007e130000bc1700003b1f0000821f0000d41f0000d1210000d5220000b82300001901000034020000
ed0300005d04000068040000180500006c050000c0050000c8050000f005000082090000cb090000b60a00000c0b0000
960b0000d90b0000570c0000ef0c0000800d0000520e0000d50e00006f0f0000cb0f0000f70f000070120000ce120000
7d130000df1300006314000083140000e814000022160000c2170000ea170000f31d00000d1e0000371e00004f1e0000
061f0000381f0000531f00006e1f0000811f0000931f00002e200000ae200000ed200000102200004f220000ca220000
1c23000065230000b723000098240000c5240000f62400003d2600005d2600006f260000ba260000f1260000c9270000
9e2c0000e32d0000fc2e0000572f0000842f0000b52f0000b338000004390000593a0000663a0000843a0000a43a0000
b63a0000093f00006a3f0000e43f0000fb3f0000254000001d0000003b0000006e000000fb0000001b010000b9010000
e10100009a020000e60200000c0300004b0300007a050000c20500004706000095060000480700009a080000d0080000
e5080000af0900003d0a00006c0a0000bc0a0000e50a0000f90a00005e0b0000860b0000a40c00007e1300001e150000
70150000a5150000de1600004b1700007d170000bc170000521d0000be1d00003b1f0000821f0000e41f0000d1210000
1a3b0000853b0000ae3b0000c33b00002a3c0000b63d0000b00f00003a1600008e2000003c2f00006a3d0000723d0000
dc3d0000443f00007b3f0000d61300007b170000ea210000460a0000c00a0000e60a0000fd0a00004c1700007e170000
59040000ab040000a70a0000de0a00004b0e0000100f000058130000c0130000fa150000441700006f1700009f170000
01220000d32300001d2400003724000045240000aa290000242d0000dc2d0000072e000000390000e339000085400000
e64000006041000077410000580d0000ba120000c413000053140000b41700004e1f0000801f000014230000b6230000
bd000000fd0200007e050000c405000048060000b30900006d0a00005f0b0000910b0000f10c00007f130000be170000
3c1f0000831f0000d51f0000d2210000d6220000b923000017000000fa000000b1010000fb010000ed02000049150000
eb00000092010000ab010000e50200008f030000000600006c09000073090000ca0b0000850c00003e0d0000d70d0000
3b0e0000261000006a1400007f15000015170000651d0000851d0000b91d0000e01d00009f1f00001d20000065200000
4022000021270000ee0300005e0400006c040000190500006d050000f405000083090000dd0b0000580c0000530e0000
d70e0000700f0000cc0f0000f80f00007412000085140000e914000024160000ee170000f41d00000e1e0000381e0000
501e0000b0200000ee200000502200009c240000c7240000f72400003e2600005e26000073260000c5260000f2260000
cf270000a22c0000e42d0000fd2e00005b2f0000862f0000b62f0000b4380000053900005a3a0000673a0000853a0000
a53a0000ba3a00000a3f00006b3f0000e53f0000fc3f00002b4000008b01000010020000000600006c09000073090000
ca0b00007d0c00006c0d0000261000006a14000055150000151700009f1f000040220000a72200002323000042230000
5c230000240e0000ba120000c4130000d6130000531400009d1500007b170000b41700004e1f0000801f000002200000
ea210000c93c0000df3c0000b43d00003f0000001d010000e5010000560300007e050000c405000048060000b3090000
460a00006d0a0000c00a0000e60a0000fd0a00005f0b0000910b00007f13000022150000a71500004c1700007e170000
be1700003c1f0000831f0000d22100001f3b0000893b0000af3b0000c73b00002b3c0000b73d0000ee03000022040000
5e0400006c04000019050000500500006d050000f405000083090000dd0b0000580c0000530e00008f0e0000d70e0000
700f0000c40f0000cc0f0000f80f00007412000085140000e9140000241600004a160000ee170000e41d0000f41d0000
ff1d00000e1e0000201e0000381e0000461e0000501e0000b0200000ee200000502200009c240000c7240000f7240000
3e2600005e26000073260000c5260000f2260000cf270000a22c00001f2d0000e42d0000e32e0000f22e0000fd2e0000
5b2f0000862f0000b62f0000b438000005390000703900005a3a0000673a00006c3a0000853a0000a53a0000ba3a0000
523c00005d3c00006e3c0000723c0000763d0000793d0000df3d00005b3e00005f3e0000e83e00000a3f00005f3f0000
6b3f00008b3f0000d83f0000e53f0000fc3f00002b4000008b01000010020000000600006c09000073090000cc0a0000
ff0a0000ca0b00007d0c00006c0d00002610000067130000db1300006a1400005515000015170000801700002d1f0000
571f0000611f00006a1f00009f1f000040220000a722000023230000422300005c2300001901000034020000c0050000
c8050000cb090000b60a00000c0b0000960b0000ef0c0000800d0000ce1200007d130000df13000063140000c2170000
061f0000381f0000531f00006e1f0000811f0000931f00002e20000010220000ca2200001c23000065230000b7230000
eb0000002101000092010000ab010000e50200005b0300008f030000c0050000c8050000000600006c09000073090000
cb090000b60a0000cc0a0000ff0a00000c0b0000960b0000ca0b0000850c0000f60c00003e0d0000d70d0000340e0000
3b0e000026100000ce120000671300007d130000db130000df130000631400006a1400007f150000ab15000015170000
80170000c2170000411d0000651d0000711d0000851d0000981d0000b91d0000d41d0000e01d0000061f00002d1f0000
381f0000531f0000571f0000611f00006a1f00006e1f0000811f0000931f00009f1f00001d2000006520000010220000
40220000212700007f3b0000953b0000c93b0000d63b0000e43c0000e83c0000b93d00004c3e0000543e0000240e0000
190f0000ba120000c4130000d61300000a140000531400009d150000f61500007b17000093170000b41700004e1f0000
801f000002200000a8200000ea210000f12100001d3700005b370000f9370000c93c0000df3c0000b43d00003f000000
1d010000e501000056030000cd0300004d0400008e040000b60400007e050000c405000048060000b3090000460a0000
4b0a00006d0a0000c00a0000c20a0000e60a0000ee0a0000fd0a00003b0b00005f0b0000910b00007f13000022150000
a7150000bd150000f71500004c170000541700007e17000098170000be1700003c1f0000831f0000d22100005a360000
793600007f360000853600004b3700005c3700001f3b0000893b0000af3b0000c73b00002b3c0000b73d00001d000000
6e000000fb000000b90100009a020000e60200000c03000095060000480700009a080000d0080000e5080000a40c0000
70150000de160000521d0000be1d0000e41f0000eb00000092010000ab010000ae020000e50200008f030000fa030000
080400009d040000a70400000006000030060000c2080000ec0800006c0900007309000092090000b20b0000ca0b0000
0b0c0000850c00003e0d0000bb0d0000d70d00003b0e0000080f00000a0f0000d90f0000261000004d100000d9110000
291200005b1400006a140000a41400007b1500007f150000f1150000e216000015170000251700006b1a0000651d0000
851d0000b91d0000e01d0000151e0000231e0000771e0000f21e0000ff1e00009f1f0000b71f00001d20000065200000
39220000402200005f220000ae220000242300004a2300009b230000d6250000002600000a2600001326000021270000
482d0000d12e0000243600009f360000b33600001838000046380000503800005a380000d30e0000e40e0000490f0000
e0100000cf14000010160000e2170000021e00003b1e00000c2100002b2500005d250000152f00005b31000020320000
2d320000a7320000db3200009f030000c0030000020400007c040000ed0400001a05000032050000a1050000ed050000
b00600004d070000c30900003a0c0000620e0000b31000001516000005170000e7170000ec1d00003c1e00007a200000
28210000152500005e2500006f2c00009b2c00005630000089300000be30000041310000183200002e32000031320000
5a3200008d320000dc3200009d0000007c010000dc0100002902000095060000480700009a080000d0080000e5080000
1915000052150000de16000073010000d9010000fa030000080400009d040000a70400000c060000c3060000f6060000
450700007307000091080000cd080000a8090000d70c0000540d0000080f00000a0f0000ef0f00002f10000097100000
061100002e11000014120000161500003c1500008c150000f1150000761600001a170000151e0000231e0000901e0000
9c1e0000aa1e0000b71e00002a20000040210000572100009a270000b2280000512a0000ed2a00002e2b00005a2b0000
ae2c00005e2d00007f2d00007d300000cb30000027310000033200001132000052320000db0e0000f70e00006e0f0000
8c0f00000b110000c8120000e0150000111700009a20000034210000d3270000ea270000102800008b280000e0280000
da2f0000f12f0000003100007931000039320000653200001d33000094390000d7390000613d0000a53d0000b03e0000
0a04000054040000c5040000d204000024060000aa0900005f0e000095100000031600000b16000022170000521b0000
a31b0000f71b0000111c0000ba2c00002a2d0000c93000003d310000c4310000d7310000ed310000f9380000e6390000
503c0000753c0000e43d0000780100007802000096080000fc080000b00a0000170b000065150000e616000089170000
73010000d9010000fa03000019040000eb04000044050000eb05000091080000cd080000a30a0000da0a0000380c0000
a10d0000080f00002a0f0000310f000042100000b5100000d41000002a11000034120000ee130000641500008c150000
131600004116000076160000e5160000851700009b170000e51700008c1b0000031c00001e1c000019200000e1210000
12240000542400001925000060250000e92a0000882b0000992c0000162d00008b2d0000122e000023310000d0310000
91320000de320000da3e0000823f0000d9400000414100001606000063090000800c0000721300001b170000c81a0000
1e1b0000a71c0000ee1c0000680400003006000063060000730900007f0900007d0c00006c0d00008e0e0000d60e0000
250f0000c30f00002610000073120000e2120000e412000067130000db13000084140000fc1500002216000025170000
2d1700001e180000791800000c1a0000531a0000d41a00000f1b0000731b0000b61b0000611c0000761c0000bf1c0000
da1c0000341d0000f423000086240000dd24000053260000702a0000cc2b0000e12c00009c2f0000b038000034390000
6f390000c4390000393a00009a3a00005e3f0000c63f000055400000fd40000002010000820100004b0200005d020000
1606000096080000fc08000063090000b00a0000170b0000a00c0000721300005d15000066150000e61600001b170000
89170000b61a0000241b0000a71c0000ee1c0000793b0000e23b0000c23d0000000400002e040000cc040000db040000
d606000026070000850e00009b120000491b00007d1b0000851b0000bf1b0000731c0000d0200000472100007b2e0000
9d2e0000233000009f300000b1300000443200006f320000643900003e3a0000583c00007b3c00003c3e0000c8060000
1b070000dc0c000061130000be1a0000f91a0000391c0000951c0000cc1c000099000000db0100009306000047070000
cf080000390a0000e40a0000181500004a1700009f000000de010000a4030000c3030000f90300007504000088040000
a60400002005000091060000a4060000c2060000f50600004307000046070000520700007107000099070000fc070000
d20800003f0a0000e90a0000d60c0000490e0000ee0f000053130000151500001b150000b71500008f1600003f170000
4f170000141e0000292000002d2100003f21000056210000fc210000ca230000352400004d2a00002d2b00005d2d0000
da2d0000143000005b3000007b30000036320000513200007f330000a53300008534000082400000754100001c010000
82020000c3050000e2090000c10a0000290b00006c1c0000392000001b220000ba000000fb0200007905000046060000
ae0900006a0a00005d0b0000d31f0000d021000014000000af010000eb020000150000008c000000e900000090010000
b3010000e0020000e7020000170300008a0300007c070000f10700003708000071090000c50b0000ef1f00001b200000
632000003e220000c00000001801000032020000fe02000098030000c9030000ec0300005c0400007704000017050000
1b050000380500006b0500008305000099050000bf05000049060000a00700003d08000081090000b8090000be090000
c9090000700a0000b50a00000a0b0000600b0000550c00006f12000000170000051f0000d61f00002d20000080200000
ad200000ec2000005c210000d32100000f2200004e220000972400006e260000672c0000562f00005633000085330000
ba330000173500003e350000b238000003390000b53a0000073f0000fa3f0000210000007a000000f4000000b2010000
cf01000007020000ee0200007c070000f10700003708000071090000c50b00007b0c00000c1500008c1d00003e220000
9c22000040230000fa0000003c0100005302000070020000c3050000c80600001b070000e2090000c10a0000290b0000
e60c000061130000a31a0000f11a0000fa1a0000391c00006c1c0000951c0000cc1c00003f2000001b2200008a3b0000
f43b0000283e00001c0000003a0000006c000000b8010000e0010000e20200000b030000790500004606000093060000
47070000cf080000ae090000390a00006a0a0000e40a00005d0b00001d1500004a170000e31f0000d0210000183b0000
ad3b0000293c0000000400000a0400002e04000054040000c5040000cc040000d2040000db04000024060000d6060000
26070000aa0900005f0e0000850e0000da0e0000f60e00006c0f00008b0f0000951000000a1100009b120000c7120000
df150000031600000b1600001017000022170000491b0000521b00007d1b0000851b0000a31b0000bf1b0000f71b0000
111c0000731c000099200000d02000003321000047210000d2270000e92700000f2800008a280000de280000ba2c0000
2a2d00007b2e00009d2e0000d92f0000f02f0000233000009f300000b1300000c9300000ff3000003d31000078310000
c4310000d7310000ed3100003832000044320000643200006f3200001b330000f93800006439000093390000d6390000
e63900003e3a0000503c0000583c0000753c00007b3c0000603d0000a43d0000e43d00003c3e0000ae3e000078010000
78020000c80600001b07000096080000fc080000b00a0000170b0000dc0c0000530d0000071100001312000061130000
ba1300003b15000065150000e61600006917000089170000be1a0000f91a0000391c0000951c0000cc1c000098270000
b52800009d2900001c01000082020000c30500001606000063090000e2090000c10a0000290b0000800c0000dd0d0000
5b100000b712000072130000271400001b170000c81a00001e1b00006c1c0000a71c0000ee1c00000020000039200000
ef2100001b220000b02700005a280000de290000fa000000020100003c010000820100004b020000530200005d020000
70020000c305000016060000c80600001b07000096080000fc08000063090000e2090000b00a0000c10a0000170b0000
290b0000a00c0000e60c00003f0d0000550d0000d50d0000e80d00005b1000000711000013120000b712000061130000
72130000ba130000271400003d1500005d15000066150000e61600001b1700006917000089170000a31a0000b61a0000
f11a0000fa1a0000241b0000391c00006c1c0000951c0000a71c0000cc1c0000ee1c00000b2000003f200000ef210000
1b2200002227000038270000672700005a280000b52800009d290000de290000793b00008a3b0000e23b0000f43b0000
bf3c0000383d0000c23d0000283e00008c3e0000fa030000a7040000c3060000f60600004507000073070000d70c0000
f60d00004a0e00002a0f00004c0f0000b70f0000ef0f0000e5100000f1100000461200005413000019140000d4140000
1615000040170000e6180000e21a0000f81a0000621b0000a81b0000cc1b0000381c0000b81c0000c81c00002a1d0000
151e00002a2000004021000057210000fd210000cc23000036240000302500004b250000512a00002e2b00005e2d0000
db2d0000842e0000aa2e00007d30000052320000ac320000c83200004d3f0000b43f000084400000764100009f000000
72010000d8010000de010000a4030000c3030000f9030000180400007504000088040000e90400002005000042050000
ea05000091060000a4060000460700005207000099070000fc07000090080000cc080000d20800003f0a0000a20a0000
d90a0000e90a0000340c0000b41000001b1500008b150000b71500001216000040160000751600008f1600004f170000
9a170000e41700002d210000172500005f250000982c0000152d0000143000005b300000363200008f320000dd320000
7f330000a533000085340000d63e0000813f0000150000008c000000e8000000a8010000b3010000e702000017030000
be0500007c070000f107000037080000840b0000f40c00007d150000b8170000ef1f0000dd220000bc2300001d000000
3b0000006e000000ee000000f3000000530100005a010000ae010000b9010000cb010000e10100000402000021020000
e60200000c030000f503000001040000c0040000ce0400007a050000c1050000de050000470600009506000048070000
b1070000b8070000ed0700000b080000d00800006d0900009d090000af0900003d0a00006c0a0000e50a00005e0b0000
9f0b0000bd0b0000160c0000280c00007f0c0000f70c0000640d0000810d0000d90d0000dc0d0000d10e0000720f0000
5a1000003711000057110000cf120000511400005c1400007f140000ec1400001e150000801500008615000000160000
b01600004b170000bb170000d81700007a1b00008b1d00008d1d0000d21e0000911f0000e41f000033200000d1210000
332200003a2200006a2200009e220000e7220000112300001d230000392300004423000068230000bf230000c1240000
6c2500007e250000a3250000c525000061260000b8260000f9260000c82700008c2c0000802f0000c433000062350000
743500009d350000c1350000a83a00001a3b0000ae3b00002a3c0000244000001901000034020000ed0300005d040000
180500006c050000c005000082090000cb090000b60a00000c0b0000570c0000930d0000260f0000420f0000690f0000
3910000070120000e5120000f512000008130000f51300002918000064180000da190000231a00003e1a0000761b0000
e51b0000601c0000061f00002e200000ae200000ed200000102200004f2200001e24000062240000982400006f260000
992a0000922b0000932e0000572f0000b3380000043900003539000041390000b2390000b63a0000093f0000fb3f0000
c84000002f410000c0000000fe02000098030000c9030000ea03000067040000770400001b0500003805000083050000
990500002f0600004906000062060000a00700003d080000720900007e090000b8090000be090000700a0000600b0000
7c0c00008d0e000072120000661300002116000000170000241700002c1700001c180000781800000a1a0000521a0000
d61f0000802000005c210000d3210000f3230000852400006e2a0000cb2b0000672c0000e02c00005633000085330000
ba330000173500003e350000af3800006e390000c339000051400000fc400000210000007a000000f400000017010000
b2010000cf01000098020000ee02000049030000be0500007c070000f107000037080000840b00000c1500006f150000
a1150000b81700001d0000003b0000006e000000ec000000fb0000001b01000093010000b9010000e10100009a020000
e6020000ea0200000c0300004b03000094030000f503000001040000c0040000ce0400007a050000c205000047060000
9506000048070000b2070000b8070000c5070000e50700001e080000340800005008000062080000d008000074090000
af0900003d0a00006c0a0000e50a00005e0b0000860b0000cf0b0000b70c0000be0c00003d0d0000b20d0000210e0000
2d0e0000d10e0000720f0000e20f00004c100000801000008e120000b812000016130000501400005c14000008150000
1e1500006e150000701500009a150000a515000000160000ab160000bf1600004b170000b1170000bc1700000b180000
3e1800007e1800009f1800006e1a00007a1b0000e41f0000ff1f00001e20000024200000662000007221000089210000
d121000041220000c82700002f2a0000412a0000942a0000012b0000212b0000e72b0000122c0000532c0000512d0000
bb2d00003533000066330000783300007c340000353500004f3900001a3b0000ae3b00002a3c00009f410000fb0e0000
e4150000ee270000f52f000098390000db390000623d0000a63d0000b53e0000bc1300006b170000a8290000b40a0000
1b0b00008a1700001a0400004b050000a70a0000de0a0000320f0000f013000042160000871700009f170000ec210000
1524000057240000172d0000132e0000e33e0000833f0000da40000042410000df0d00005d100000ba12000029140000
02200000f1210000b52700005d280000e3290000180600006e090000810c0000731300001d170000c91a00001f1b0000
a81c0000ef1c0000f30000004a0200005c150000eb000000ab010000c00500008f0b0000f60c00003e0d00008b0d0000
340e000039100000631400005b1500007f150000ba170000e91a0000461b00000b1d0000e2220000be230000ee030000
6c04000067060000830900008f0e0000d70e0000270f0000c40f000074120000e612000085140000fe15000024160000
31170000741b0000b71b0000621c0000351d0000f523000087240000df2400005e260000712a0000cd2b0000e52c0000
9e2f0000b43800003639000070390000c83900003a3a0000a53a00005f3f0000c73f00005e400000fe40000019010000
54030000c00500008f0b0000930d00003910000063140000a3150000ba1700000b1d00001c2300007b230000580d0000
5d100000ba120000bc13000029140000401500006b170000f12100003b2700005d280000a8290000e3290000c13c0000
3a3d0000913e00008d0100005f020000180600006e090000b40a00001b0b000073130000681500001d1700008a170000
a81c0000ef1c00007d3b0000e63b0000c33d000065130000991c0000cd1c00001d01000083020000c4050000e3090000
c20a00002a0b00006e1c00003a2000001c220000fb00000057020000f01a0000190000008d000000ea00000091010000
b5010000e1020000e8020000180300008b0300007e070000f20700003808000072090000c60b0000f01f00001c200000
642000003f2200007e000000d00100007e070000f20700003808000072090000c60b00007c0c00000d1500003f220000
a322000041230000c4050000e3090000c20a00002a0b0000f10c000065130000a51a0000fc1a00006e1c0000991c0000
cd1c00001c2200008b3b0000f53b0000293e0000b40a00001b0b000065130000bb1300006a1700008a170000991c0000
cd1c0000a42900001d01000083020000c4050000180600006e090000e3090000c20a00002a0b0000810c0000de0d0000
5c100000b912000073130000281400001d170000c91a00001f1b00006e1c0000a81c0000ef1c0000012000003a200000
f02100001c220000b12700005c280000df290000f3000000fb0000004a020000570200003d0d0000d90d00005c150000
f01a0000202700008d0100005f020000c4050000180600006e090000e3090000b40a0000c20a00001b0b00002a0b0000
f10c0000570d00005c100000b91200006513000073130000bb130000281400003f150000681500001d1700006a170000
8a170000a51a0000fc1a00006e1c0000991c0000a81c0000cd1c0000ef1c0000f02100001c2200003a2700005c280000
a4290000df2900007d3b00008b3b0000e63b0000f53b0000c03c0000393d0000c33d0000293e00008f3e00004b0e0000
ba0f0000581300002414000044170000631b0000ab1b0000ba1c0000ca1c000001220000d323000037240000dc2d0000
ab2e0000513f0000b83f00008540000077410000eb00000092010000e50200008f03000073090000ca0b00008b0d0000
a80d0000d70d0000e21200005b140000ef1a0000fe1c00001d2000006520000040220000242300008823000019000000
8d000000ea000000aa010000b5010000e802000018030000bf0500007e070000f2070000380800008b0b0000f50c0000
7e150000b9170000f01f0000de220000bd2300003f00000055010000cd010000e5010000f803000002040000c3040000
cf0400007e050000df05000048060000b3070000ef0700006e0900009e090000b3090000460a00006d0a0000e60a0000
5f0b0000be0b00001a0c0000290c0000810c0000de0d0000d20e0000730f00005c100000381100005811000052140000
80140000ed140000221500008815000001160000b11600004c170000d91700007b1b0000d2210000342200003b220000
6b220000a9220000132300003b23000046230000c2240000702500007f250000a4250000c625000062260000bf260000
fa260000cb2700008d2c0000812f0000c533000066350000753500009e350000c2350000a93a00001f3b0000af3b0000
2b3c000027400000ee0300005e040000190500006d05000083090000580c0000270f0000430f0000700f000074120000
e612000013130000781b0000e71b0000621c0000b0200000ee200000502200001f240000632400009c24000073260000
9a2a0000932b0000952e00005b2f0000b438000005390000363900004c390000b3390000ba3a00000a3f0000fc3f0000
cc4000003341000073090000ca0b00007d0c00002c0e0000e21200005b140000d41a0000391b0000fe1c000040220000
a7220000422300007e00000018010000d001000050030000bf0500007e070000f2070000380800008b0b00000d150000
a2150000b91700003f0000001d010000e501000056030000f803000002040000c3040000cf0400007e050000c4050000
48060000b3070000c6070000e6070000350800005408000063080000b3090000460a00006d0a0000e60a00005f0b0000
910b0000b90c0000230e0000d20e0000730f0000e30f0000811000008f120000b912000017130000521400000a150000
221500009c150000a715000001160000c01600004c170000b3170000be1700007b1b0000012000002620000073210000
8a210000d2210000cb270000332a0000422a0000952a0000022b0000222b0000e82b0000192c0000542c0000522d0000
bc2d0000363300006a330000793300007d34000036350000503900001f3b0000af3b00002b3c0000a2410000ee030000
5e0400006c040000fb04000067060000830900008f0e0000d70e0000270f0000430f0000c40f000074120000e6120000
85140000fe1500001e1600002416000031170000741b0000b71b0000621c0000351d00000e1e00002f1e0000f5230000
87240000df2400005e260000712a0000cd2b0000e52c0000322d0000f92e00009e2f0000b43800000539000036390000
70390000b3390000c8390000eb3900003a3a0000673a0000a53a0000523c00007f3c0000763d0000843d0000ea3d0000
423e00005f3f0000c73f00005e400000fe4000001901000054030000c0050000b60a0000390b00008f0b0000930d0000
39100000f513000063140000a315000096170000ba1700000b1d0000531f0000751f00001c2300007b23000030060000
730900007d0c00006c0d000026100000e212000067130000db130000251700001e180000791800000c1a0000531a0000
d41a00000f1b0000761c0000bf1c0000da1c0000eb00000092010000ab010000ae020000c00500003006000073090000
b60a0000390b00008f0b0000f60c00003e0d00008b0d0000a80d0000340e00002610000039100000e212000067130000
db130000f5130000631400005b1500007b1500007f1500002517000096170000ba1700000c1a0000531a0000e91a0000
461b0000761c0000bf1c0000da1c00000b1d0000851d0000ad1d0000531f0000751f0000e2220000be2300007f3b0000
053c0000e43c0000023d0000cf3d0000373e00007e000000d00100007e070000f20700003808000072090000540a0000
e70a0000c60b00007c0c0000661300000d1500004d170000291f0000601f00003f220000a322000041230000c0000000
1801000032020000fe02000083050000bf05000049060000b8090000c9090000700a0000b50a00000a0b0000600b0000
051f0000d61f00002d200000d32100000f22000021000000f4000000b201000007020000ee0200008c1d000019000000
440000008d000000ea00000091010000b5010000ea010000e1020000e8020000180300008b03000083050000bf050000
490600007e070000f20700003808000072090000b8090000c9090000540a0000700a0000b50a0000e70a00000a0b0000
600b0000c60b0000f50c000066130000271500004d170000401d0000971d0000051f0000291f0000601f0000f01f0000
1c20000064200000d32100000f2200003f220000293b00007e3b0000b03b0000d43b00002c3c00004b3e00003f000000
55010000cd010000e5010000cd030000f8030000020400001b0400008e040000c3040000cf040000570500007e050000
df05000048060000b3070000ef0700006e0900009e090000b3090000460a00004b0a00006d0a0000ac0a0000e30a0000
e60a0000ee0a00005f0b0000be0b00001a0c0000290c0000810c0000de0d00006d0e0000d20e0000730f0000bb0f0000
5c100000381100005811000073130000281400005214000080140000ed1400002215000088150000bd15000001160000
43160000b11600004c17000054170000a4170000d91700007b1b0000ef1d0000fc1d00001d1e0000421e00002f1f0000
4d1f00005d1f0000631f0000d2210000342200003b2200006b220000a9220000132300003b23000046230000c2240000
702500007f250000a4250000c625000062260000bf260000fa260000cb2700008d2c0000182d0000ef2e0000812f0000
c533000029340000fc3400000c35000066350000753500009e350000c23500005a3600007f3600004b370000a93a0000
1f3b0000af3b00002b3c0000f13e0000523f0000843f0000d23f0000274000001d0000006e000000ee000000f3000000
5a010000ae010000b90100000402000021020000e60200000c030000c10500009506000048070000b80700000b080000
d00800009f0b0000f70c0000640d0000810d0000d90d0000cf1200005c14000080150000bb1700008b1d00008d1d0000
d21e0000911f0000e41f000033200000e72200001d23000068230000bf2300001d010000830200009f030000c0030000
f3030000f80300003c040000710400007c040000a4040000b30400001a05000032050000a1050000c405000018060000
6c060000b00600004d070000c6070000160800006e09000088090000c3090000e3090000c20a00002a0b0000810c0000
de0d0000900e0000040f0000200f0000730f00005c100000751200008f120000b9120000d21200001713000073130000
2814000025160000051700001d17000036170000c91a00001f1b00006e1c0000a81c0000ef1c0000111e0000171e0000
581e00007f1e0000f91e00000b1f0000012000003a2000007a200000c6200000282100007a210000f02100001c220000
f8230000162400005024000088240000b12700005c280000df290000742a0000952a0000632b0000ce2b00006f2c0000
ea2c0000c02e0000d92e00005630000089300000be300000313200005a320000363300009b330000ad33000028350000
53350000b9380000313900005039000071390000a6390000cd3900006c400000cd400000ff4000004d4100009d000000
f3000000fb0000001a010000dc0100004a0200005702000064030000c10500009506000048070000b80700000b080000
d00800009f0b0000be0c00003d0d0000d90d00002d0e0000cf1200005c140000191500005c150000a4150000bb170000
f01a00005a1d0000701d0000951d0000d21d0000d21e0000911f000020270000580d0000f20e00005d100000ba120000
bc130000c41300002914000040150000db1500006b17000073170000f12100003b270000282800005d280000a8290000
af290000e3290000133700005637000098380000c13c00003a3d0000913e00008d0100005f0200004a040000de040000
180600006e090000b40a0000ce0a00001b0b00001d0b00007313000068150000091600001d1700008a1700008c170000
a81c0000ef1c0000753600008c360000603700007d3b0000e63b0000c33d0000020100004b02000096080000fc080000
a00c00005d150000e6160000b61a0000241b0000eb00000021010000ab0100005b030000fa030000eb040000c0050000
c8050000a4080000320900008f0b0000960b0000f60c00003e0d00008b0d0000940d0000340e0000080f00002a0f0000
391000003a10000039120000831200006214000063140000a01400005b1500007f150000ab15000013160000f8160000
ba170000c2170000e91a0000461b00008c1b0000671c0000071d00000b1d0000231d0000e22200002b2300007c230000
be230000fc2500001e260000242a0000dc2b00001036000044360000b7360000433700004238000066380000c4050000
e3090000c20a00002a0b0000f10c00007b0e0000651300007f130000a51a0000fc1a0000551b0000831b00006e1c0000
991c00009b1c0000cd1c0000cf1c00001c220000f7360000b8370000c83700008b3b0000f53b0000293e0000fa000000
3c0100005302000070020000c80600001b070000f11a0000391c00003f2000001c0000006c000000b8010000e2020000
0b0300009306000047070000cf080000e31f000019000000800000008d000000ea00000091010000b5010000d2010000
e1020000e8020000180300008b030000a4030000f903000075040000a6040000200500007e0700008007000094070000
f2070000f407000036080000380800004208000077080000da080000680900007209000091090000b00b0000c60b0000
090c0000840c0000d81100000f150000ca160000141e0000f01f00001c2000006420000061210000352200003f220000
5e220000ad22000049230000d2250000092600002c3300005b3300001c3500009e360000143800004f3800008d010000
5f0200004a040000de040000c4050000180600006e090000e3090000b40a0000c20a0000ce0a00001b0b00001d0b0000
2a0b0000f10c0000570d00007b0e0000f10e00005c100000b912000065130000731300007f130000bb130000c3130000
281400003f15000068150000da150000091600001d1700006a170000721700008a1700008c170000a51a0000fc1a0000
551b0000831b00006e1c0000991c00009b1c0000a81c0000cd1c0000cf1c0000ef1c0000f02100001c2200003a270000
262800005c280000a4290000ae290000df290000753600008c360000f7360000123700005537000060370000b8370000
c8370000943800007d3b00008b3b0000e63b0000f53b0000c03c0000393d0000c33d0000293e00008f3e0000fa000000
020100003c0100004b0200005302000070020000c80600001b07000096080000fc080000a00c00003f0d0000d50d0000
e80d000007110000131200005d150000e6160000b61a0000f11a0000241b0000391c00000b2000003f20000022270000
67270000b5280000eb00000092010000e50200008f030000fa030000a70400006c0900007309000092090000b20b0000
ca0b00000b0c0000850c00008b0d0000a80d0000d70d00003b0e00002a0f00004c0f0000d911000069120000e1120000
e2120000eb1200005b1400006a140000e6180000d51a0000ef1a00003a1b00002e1c00004f1c0000fe1c0000ff1c0000
151e00001d2000006520000039220000402200005f220000ae220000242300004a23000088230000d62500000a260000
b52a0000812b00009f360000dd360000a1370000af370000183800005038000019000000800000008d000000ea000000
20010000aa010000b5010000d2010000e8020000180300005a030000a4030000f903000075040000e904000020050000
bf050000c70500007e0700008007000094070000f2070000f407000036080000380800004208000077080000a3080000
da0800002e0900008b0b0000950b0000f50c0000821200000f1500007e150000aa15000012160000ca160000f7160000
b9170000c1170000f01f000061210000de220000bd230000222a0000db2b00002c3300005b3300001c3500000f360000
4036000042370000db0e00006e0f00008c0f00000b110000c8120000111700009a20000034210000d327000010280000
8b280000e0280000da2f0000003100007931000039320000653200001d3300000a040000c504000024060000aa090000
5f0e0000951000000316000022170000521b0000a31b0000f71b0000111c0000ba2c0000c93000003d310000c4310000
d7310000ed310000780100007802000096080000fc08000065150000e616000073010000d9010000fa030000eb040000
eb05000091080000cd080000380c0000a10d0000080f00002a0f000042100000b5100000d41000002a11000034120000
641500008c1500001316000076160000e5160000e51700008c1b0000031c00001e1c0000192000001925000060250000
e92a0000882b0000992c00008b2d000023310000d031000091320000de320000000400002e040000cc040000db040000
d6060000260700009b1200007d1b0000bf1b0000731c0000d0200000472100007b2e0000233000009f300000b1300000
443200006f320000c80600001b070000dc0c0000be1a0000f91a0000391c000099000000db0100009306000047070000
cf080000181500009f000000de010000a4030000f903000075040000a60400002005000091060000a4060000c2060000
f50600004307000046070000520700007107000099070000fc070000d2080000d60c0000ee0f0000151500001b150000
8f160000141e0000292000002d2100003f210000562100004d2a00002d2b00005d2d0000143000005b3000007b300000
3632000051320000000400000a0400002e040000c5040000cc040000db04000024060000d606000026070000aa090000
5f0e0000da0e00006c0f00008b0f0000951000000a1100009b120000c7120000031600001017000022170000521b0000
7d1b0000a31b0000bf1b0000f71b0000111c0000731c000099200000d02000003321000047210000d22700000f280000
8a280000de280000ba2c00007b2e0000d92f0000233000009f300000b1300000c9300000ff3000003d31000078310000
c4310000d7310000ed3100003832000044320000643200006f3200001b3300007801000078020000c80600001b070000
96080000fc080000dc0c0000530d000007110000131200003b15000065150000e6160000be1a0000f91a0000391c0000
98270000b5280000fa030000a7040000c3060000f60600004507000073070000d70c0000f60d00002a0f00004c0f0000
ef0f0000e5100000f110000046120000d414000016150000e6180000e21a0000f81a0000cc1b0000381c00002a1d0000
151e00002a2000004021000057210000302500004b250000512a00002e2b00005e2d0000842e00007d30000052320000
ac320000c83200009f00000072010000d8010000de010000a4030000f903000075040000e904000020050000ea050000
91060000a4060000460700005207000099070000fc07000090080000cc080000d2080000340c0000b41000001b150000
8b15000012160000751600008f160000e41700002d210000172500005f250000982c0000143000005b30000036320000
8f320000dd320000ee0300005e040000190500006d05000083090000580c00008f0e0000270f0000430f0000650f0000
700f000074120000e612000013130000741b0000781b0000961b0000e71b0000621c0000e41d0000201e0000b0200000
ee200000502200001f240000632400009c240000732600009a2a0000932b0000952e0000b42e0000e32e00005b2f0000
b438000005390000363900004c39000070390000b3390000bf3900003a3a00006c3a0000ba3a0000523c0000723c0000
843d0000923d00001b3e00005b3e00000a3f0000fc3f0000cc4000003341000073090000ca0b00007d0c00002c0e0000
e2120000671300000f1400005b140000d41a0000391b0000bf1c0000e11c0000fe1c00002d1f0000611f000040220000
a7220000422300007e00000018010000d001000050030000bf0500007e070000f207000038080000540a0000b50a0000
e70a0000350b00008b0b00000d150000a21500004d17000095170000b91700003f0000001d010000e501000056030000
cd030000f8030000020400003c0400008e040000c3040000cf040000060500007e050000c405000048060000b3070000
c6070000e6070000350800005408000063080000b3090000460a00004b0a00006d0a0000c20a0000e60a0000ee0a0000
3b0b00005f0b0000910b0000b90c0000230e00004c0e0000d20e0000530f0000730f0000e30f0000811000008f120000
b9120000171300005d13000009140000521400000a150000221500009c150000a7150000bd150000011600001b160000
c0160000491700004c170000541700009217000098170000b3170000be1700007b1b0000012000002620000073210000
8a210000d2210000f021000006220000df230000162400003824000067240000cb270000332a0000422a0000952a0000
022b0000222b0000e82b0000192c0000542c0000522d0000bc2d0000dd2d00001e2e0000363300006a33000079330000
9b330000b23300007d3400009a340000363500005a3600007f3600004b370000503900001f3b0000af3b00002b3c0000
88400000cd4000002241000078410000a24100001901000034020000c0050000cb090000b60a00000c0b0000930d0000
39100000f5120000f51300002918000064180000da190000231a00003e1a0000061f00002e20000010220000c0000000
fe020000830500002f0600004906000072090000b8090000700a0000600b00007c0c000066130000241700001c180000
781800000a1a0000521a0000d61f0000d321000021000000f4000000b201000098020000ee0200006f1500001d000000
6e000000ec000000fb00000093010000b90100009a020000e6020000ea0200000c030000940300009506000048070000
b80700001e080000d008000074090000cf0b0000be0c00003d0d0000b20d00002d0e00004c1000005c1400006e150000
70150000ab1600000b1800003e1800007e1800009f1800006e1a0000e41f00001e20000066200000412200001d010000
830200009f030000c0030000ef030000020400005f0400007c040000ed0400001a0500001c0500003205000070050000
a1050000c4050000180600003c060000b00600004d0700006e090000840900009e090000c3090000e3090000c20a0000
2a0b00005b0c0000810c0000de0d00006d0e0000d20e0000480f0000bb0f00005c1000003811000079120000b9120000
f81200007313000028140000801400000f16000015160000051700001d1700002a170000ac180000cd18000001190000
141900005919000075190000c5190000971a0000c91a00001f1b00006e1c0000a81c0000ef1c0000012000003a200000
7a200000b1200000ef20000028210000f02100001c22000051220000a1240000ea2400006226000078260000b1270000
5c280000df2900006f2c0000c62c0000602f0000a92f00005630000089300000be300000313200005a320000c5330000
29340000aa340000bd340000d3340000b538000006390000393900000c3a0000a93a0000bf3a00000d3f0000523f0000
a73f0000fd3f00009d000000f3000000fb0000005a010000dc0100004a02000057020000c70200009506000048070000
b80700001e080000d008000074090000cf0b00007e0c00003d0d0000ba0d0000d90d00004c1000005c14000019150000
5c15000078150000ab1600006e1a0000f01a000041220000b72200001d230000432300009923000020270000eb000000
92010000e50200008f030000c005000073090000cb090000b60a00000c0b0000ca0b0000f60c00008b0d0000a80d0000
cf0d0000d70d000039100000e2120000f512000067130000f51300000f1400005b140000da190000231a00003e1a0000
e91a0000ef1a0000131b0000bf1c0000e11c0000fe1c0000411d0000981d0000061f00002d1f0000611f00001d200000
65200000102200004022000024230000882300007f3b0000d63b0000023d0000203d0000083e00004c3e000019000000
440000008d000000ea00000091010000aa010000b5010000ea010000ad020000e80200001803000083050000bf050000
2f060000490600007e070000f20700003808000072090000b8090000540a0000700a0000b50a0000e70a0000350b0000
600b00008b0b0000f50c000066130000271500007a1500007e150000241700004d17000095170000b91700000a1a0000
521a0000f01f0000d3210000de220000bd230000293b00007e3b0000b03b0000013c00002c3c0000ce3d000046040000
8c040000a70a0000de0a0000770e0000f40e00003b0f000058130000c0130000f0130000081600003216000087170000
9f1700006c1b0000a51b0000ba1c0000ec1c000084200000aa200000cc210000ec210000703600007d360000f2360000
15370000273700005f37000063370000c2370000cf370000ee370000fb370000703b0000a73b00004c3c0000653c0000
c53c0000fd3c0000673d0000813d0000c03d0000d63d0000e33d0000f03d000037010000c1010000c3060000ff060000
aa0a0000e10a00009a0d0000e510000014120000f11300006015000084150000661600007616000088170000a2170000
0a200000f621000091080000cd0800009b0c0000450d0000d4100000341200005b130000c11300008415000076160000
e5160000a2170000db1a0000231b0000bb1c0000f11c0000e11f0000d621000073010000d9010000c3060000ff060000
91080000cd080000aa0a0000e10a0000d70c0000540d0000a10d0000d4100000e510000014120000341200005b130000
c1130000f1130000641500008c1500006616000076160000e516000088170000a2170000e21a0000271b0000bb1c0000
f11c0000f91f000019200000d6210000f6210000733b0000aa3b0000c63c0000fe3c0000c13d0000d93d00005f000000
c40100008606000002070000900800000f09000016090000500a0000eb0a00009a0c00005a130000fd14000001150000
4617000051170000212000003f210000032200006a00000036010000070300000a03000091060000c206000043070000
46070000d2080000690a0000a90a0000610b0000640b0000e21f0000212000003f210000d72100000322000020000000
ed000000b6010000f0020000f20200001f2000009f000000ac00000072010000de0100001d0300002403000086060000
91060000c206000002070000430700004607000090080000d20800000f09000016090000500a0000690a0000a90a0000
eb0a0000610b0000640b0000d60c00005a130000151500001b1500004617000051170000fc1f0000292000003f210000
d721000003220000283b0000723b0000b43b00002d3c0000303c0000673e00003f0000001d010000e501000056030000
9a030000b3030000f3030000000400001f04000074040000950400009b0400001f05000025050000540500007e050000
93050000c4050000d305000048060000b3070000350800007d080000b80800001b09000023090000b3090000bb090000
4b0a0000c20a0000ee0a00003b0b0000910b0000fc0b0000b90c0000230e00006a0e0000da0e0000040f0000b20f0000
42110000f91100001e120000b91200005d13000009140000521400009a1400000a150000221500009c150000a7150000
b6150000c4150000eb150000ef1500003c160000471600008a160000fd16000049170000541700009217000098170000
b3170000be170000c9170000cd170000012000002620000090200000b1200000bb200000032100007321000076210000
8f210000a8210000f021000006220000e5250000f6250000252600002c260000612c0000812c0000fd2c00001c2d0000
0c2f00003e2f0000d0330000253400006a34000084340000263500004f35000030360000d3370000273800003c380000
6d3800007438000014390000d3390000ed3e0000463f00007d3f0000883f00001d000000c7000000ec000000fb000000
56010000b90100009a020000e6020000ea020000000300001a03000081050000c50500004b060000b40700003a080000
b60900009b0b0000fb0c00003d0d00005a0d0000b20d0000bc120000551400006e15000070150000b6170000bf170000
d81f00001e2000002720000074210000db22000016230000c1230000c3230000bd00000055010000fd02000015030000
9f030000db030000ef03000002040000390400007c040000ed0400001a0500001c0500002c050000390500007e050000
c40500004806000050060000b3070000d0070000350800004108000068080000a6080000dd080000340900004e090000
b30900006d0a0000ac0a00005f0b0000670b0000910b0000f10c0000570d0000930e0000d20e0000fd0e0000480f0000
ed1100006312000081120000b9120000bf1200007f130000c3130000521400000f16000015160000c9160000cd160000
f4160000fa160000b3170000be1700003c1f00004d1f00007c1f0000831f0000d51f00002620000074200000b1200000
bb200000f820000073210000762100009a210000a8210000d221000006220000d622000013230000b2230000b9230000
f22300000d240000892400008b240000202a0000af2a0000d72b0000da2b0000ce2c00003b2d0000012f0000342f0000
413300005a33000097330000bb330000263500004f350000fe3500001236000046360000d73600003f37000045370000
d6370000ee380000753900009a39000068400000c1400000f8400000034100001700000042000000ee000000fa000000
1e010000b1010000e8010000fb010000ed020000f50200006003000081050000c50500004b060000b40700003a080000
b60900009b0b0000ba0c00003f0d0000640d0000260e0000bc120000551400000b150000251500004815000049150000
9f150000a8150000b6170000bf170000042000001e2000002720000074210000580d0000d30e0000fe0e0000740f0000
5d1000004a120000ba120000c0120000c413000040150000e715000009170000731700009b2100003b270000cd270000
f12700005d280000732800004c290000af290000c22f0000f82f0000be360000d73700009b390000de3900008d010000
5f020000f803000062040000c3040000d404000018060000200600006e09000090090000ce0a00001d0b0000db110000
68150000011600000d1600001d170000201700008c170000291c0000461c0000b62c00002c2d0000a1360000a7370000
0a390000e8390000020100004b0200001906000078090000820c00005d1500001e170000ce1a0000201b0000eb000000
21010000ab0100005b030000f10300006f040000c8050000000600006a0600006c09000086090000960b0000850c0000
3e0d00008b0d0000940d0000bb0d0000d80e0000280f00003a1000004d10000077120000e1120000e712000062140000
861400005b1500007f150000ab150000ff150000271600001517000034170000c217000031190000d51a00001b1b0000
631c0000071d00003a1d0000651d0000b91d00002b2300007c230000e0240000682600007b2a0000d02b0000e82c0000
9f2f0000b738000037390000cb390000af3a000002040000cf040000c4050000a60800000b090000e3090000f10c0000
930e0000811200007f130000a51a0000fc1a00004b1b00007b1b0000871b0000bb1b00006e1c0000711c00009b1c0000
cf1c0000ae210000772e00009f2e000012360000de37000075390000403a0000fa0000001e0100005302000088020000
c5050000e8090000f11a00006f1c00003b2000001c000000c5000000b8010000e2020000ff020000800500004a060000
b5090000d71f00001900000080000000cb000000ea00000020010000b5010000d2010000ce020000e1020000e8020000
02030000a3030000f00300007904000021050000230500007f0500009b050000c70500004d06000080070000a2070000
f4070000360800003e0800006809000085090000b4090000c0090000f7090000b00b0000600c0000840c000076120000
0f15000002170000d1190000da1f00001c20000045200000b22000005d2100003522000052220000ad22000049230000
9e24000075260000692c00005d2f00005733000018350000b6380000bc3a00008d0100005f020000f803000002040000
62040000c3040000cf040000d4040000c40500001806000020060000a60800000b0900006e09000090090000e3090000
ce0a00001d0b0000f10c0000570d0000930e0000d20e0000fd0e0000730f00005c100000db1100004912000081120000
b9120000bf1200007f130000c31300003f15000068150000e6150000011600000d160000081700001d17000020170000
721700008c170000a51a0000fc1a00004b1b00007b1b0000871b0000bb1b0000291c0000461c00006e1c0000711c0000
9b1c0000cf1c00009a210000ae2100003a270000cb270000f02700005c2800007228000048290000ae290000b62c0000
2c2d0000772e00009f2e0000c12f0000f72f000012360000a1360000bd360000a7370000d6370000de3700000a390000
753900009a390000dd390000e8390000403a0000fa000000020100001e0100004b0200005302000088020000c5050000
1906000078090000e8090000820c00003f0d0000d50d0000e10d00005f100000bc1200005d1500001e170000ce1a0000
f11a0000201b00006f1c0000042000003b20000022270000c02700005f280000eb00000021010000d2020000e5020000
f103000022050000c80500006c09000086090000fb090000b20b0000620c0000850c00008b0d0000940d0000d70d0000
3b0e0000280f0000770f00003a10000077120000ce120000e1120000e71200001d1300006a140000d2190000d51a0000
ef1a00003a1b0000791b0000d31b0000e81b0000631c0000ff1c0000711d0000b51d00001d20000046200000b3200000
3922000053220000ae2200004a2300009f240000762600009b2a0000982b0000962e00005e2f0000b738000037390000
56390000bd3a00001900000080000000cb000000ea00000020010000aa010000b5010000d2010000e802000002030000
5a030000a3030000f00300006e04000079040000230500007f0500009b050000c7050000ff0500004d06000069060000
80070000a2070000f4070000360800003e0800006809000085090000b4090000c0090000950b0000840c000076120000
0f1500007e150000aa15000026160000021700001417000033170000c1170000611d0000b81d0000da1f00005d210000
792a0000cf2b0000692c0000e72c00005733000018350000b6380000ca390000460400008c040000a70a0000de0a0000
770e000058130000321600009f17000084200000cc210000703600007d360000f236000063370000ee370000703b0000
a73b00004c3c0000653c0000d63d0000f03d000037010000c1010000c3060000ff060000aa0a0000e10a000084150000
76160000a2170000df0d0000490f00006e0f0000830f00005d10000063100000641200002914000053140000d9160000
d21800004e1f00005e1f0000b721000038220000142300003c2300000e24000032240000b02a0000132b00009e2d0000
2b2e0000d8360000e5370000c24000007b41000091080000cd0800009b0c00005b1300008415000076160000a2170000
e11f0000d6210000240e0000050f0000740f0000b30f00005d1000004a1200000a140000531400009b14000040150000
e71500000917000073170000121e00005d200000f120000025220000382200005c220000f725000007260000be360000
3d3800004d380000de390000473f00000040000073010000d9010000c3060000ff06000091080000cd080000aa0a0000
e10a0000d70c00005b1300008c15000076160000a2170000f91f0000d6210000733b0000aa3b0000d93d000046040000
3c050000a70a0000590b0000770e000058130000bb15000044170000be200000012200007036000092360000f2360000
4937000000380000703b0000253c00004c3c00008d3c0000653e00006d3e000091080000130900009b0c00005b130000
fe140000471700002220000040210000042200005f000000c4010000860600000207000016090000500a0000eb0a0000
01150000511700003f000000e50100009a030000b30300000a0400007404000095040000f70400001f0500007e050000
93050000480600007d080000c40800001b090000410900006e090000b3090000bb0900004b0a0000ee0a0000be0b0000
810c0000500e0000d70f00007313000022150000c4150000fd16000054170000d51800002f1f0000631f00008f210000
ba2100003b220000a922000046230000dc2300003c240000152a0000162b0000612c0000fd2c0000462d0000e12d0000
3036000053360000d3370000e837000014390000d3390000814000007c4100003701000009030000c306000045070000
aa0a0000630b00002220000040210000042200006a0000000a0300009106000046070000d2080000690a0000640b0000
e21f0000d721000020000000b6010000f20200001d000000c7000000f300000097010000b901000004020000e6020000
0003000088030000810500004b06000078090000b6090000c30b00008d1d0000d81f00006a20000045220000bd000000
8d010000fd020000830300009f030000db030000f8030000620400007c040000a40400001a0500002c0500006a050000
7e050000480600005006000068080000dd0800004e0900006e09000090090000b30900006d0a0000ce0a0000480b0000
5f0b0000be0b0000070c0000db110000cd160000171e0000d51f00006020000074200000f2200000f8200000d2210000
282200003b2200005d220000d82500000c260000ce2c00003b2d0000012f0000342f0000fe350000a13600001a380000
52380000ee3800000a390000063f000001400000170000004200000002010000b1010000e8010000a6020000ed020000
810500004b06000078090000b6090000c30b0000820c0000251500004518000045220000b32200004723000073010000
21030000c3060000450700009108000013090000aa0a0000630b0000d70c00005b13000016150000471700002a200000
4021000004220000733b00002f3c0000683e00009f000000ac000000de01000024030000860600009106000002070000
46070000d208000016090000500a0000690a0000eb0a0000640b00001b15000051170000fc1f0000d7210000283b0000
b43b0000303c0000460400008c0400003c050000a70a0000de0a0000590b0000770e0000f40e00009c0f000058130000
c013000024140000bb150000dd15000032160000441700006f1700009f17000084200000aa200000be200000cc210000
ec210000012200002a28000034280000aa290000d7290000703600007d36000092360000f23600001537000033370000
493700005837000063370000ee370000fb370000003800009a380000a7380000703b0000a73b0000253c00004c3c0000
653c00008d3c0000c53c0000353d0000673d0000aa3d0000d63d0000f03d0000653e00006d3e0000933e0000be3e0000
37010000c1010000c3060000ff0600009108000013090000aa0a0000e10a00009b0c0000450d0000d410000046120000
5b130000c1130000fe1400002d15000084150000761600004717000070170000a2170000222000004021000004220000
5b270000a9280000b42900003701000009030000c30600004507000091080000cd080000aa0a0000630b00009b0c0000
e70d000006110000141200005b1300002e1400008415000076160000a2170000e11f00000a2000002220000040210000
d6210000f62100000422000064270000b2280000dc29000073010000d901000021030000c3060000ff06000045070000
91080000cd08000013090000aa0a0000e10a0000630b0000d70c0000540d0000f60d0000d41000000611000014120000
461200005b130000c11300002e140000161500003c1500008c150000761600004717000070170000a2170000f91f0000
192000002a20000040210000d6210000f6210000042200009a270000a6270000a9280000b2280000b4290000dc290000
733b0000aa3b00002f3c0000c63c00003f3d0000d93d0000683e00009a3e0000240e0000db0e0000050f0000b30f0000
1f120000ba1200000a140000531400009b1400009d150000ec1500003d16000093170000b4170000ca17000002200000
9120000004210000f1210000f7250000292600000d2f00003f2f00003d38000071380000473f00007e3f00003f000000
1d010000e5010000560300009a030000b3030000000400001f04000074040000950400009b0400001f05000054050000
7e05000093050000c4050000d3050000480600007d0800001b090000b3090000bb0900004b0a0000c20a0000ee0a0000
3b0b0000910b0000fc0b0000f911000022150000a7150000c4150000ef15000047160000fd1600005417000098170000
be170000cd1700008f210000e52500002c260000612c0000812c0000fd2c00001c2d000030360000d337000027380000
7438000014390000d3390000ed3e0000883f00001d000000c7000000fb000000b90100009a020000e602000000030000
81050000c50500004b060000b60900009b0b0000fb0c000070150000bf170000d81f0000db220000c3230000eb000000
2101000092010000ab010000ae020000d2020000e5020000f10300006f04000022050000c0050000c8050000f7050000
300600006c0900007309000086090000fb0900008f0b0000b20b0000e00b0000620c0000850c0000f60c00003e0d0000
bb0d0000cf0d0000d70d0000d80e0000770f0000fb0f00004d10000077120000f51200005b1400006214000086140000
f31400007b1500007f1500002716000025170000ba170000f1170000d2190000621a00006b1a00001d20000046200000
b32000003922000053220000ae220000e2220000242300002b2300004a2300009b230000a7230000be2300009f240000
c8240000fa240000482600006826000076260000cf260000f726000021270000d6270000a52c00005e2f0000872f0000
b92f0000b73800008f3a0000af3a0000bd3a000032400000580d0000d30e0000fe0e0000490f000064120000ba120000
c0120000c41300005314000010160000f5160000b41700004e1f0000801f00009b21000014230000b62300000e240000
8a240000b02a0000d92b0000d836000040370000d73700009b390000c2400000f9400000bd000000fd0200009f030000
db030000020400007c040000ed0400001a0500002c0500007e050000c4050000480600005006000068080000a6080000
dd080000340900004e090000b30900006d0a00005f0b0000910b0000f10c0000930e0000811200007f13000015160000
cd160000fa160000be1700003c1f0000831f0000d51f000074200000f8200000d2210000d6220000b9230000f2230000
8b240000202a0000da2b0000ce2c00003b2d0000012f0000342f0000fe350000123600004636000045370000ee380000
7539000068400000034100001700000042000000fa0000001e010000b1010000e8010000fb010000ed02000060030000
81050000c50500004b060000b60900009b0b00002515000049150000a8150000bf170000eb0000002101000092010000
ab010000e50200005b0300008f030000f10300006f04000022050000c0050000c8050000f7050000000600006a060000
6c0900007309000086090000cb090000260a0000960b0000ca0b0000850c0000f60c00003e0d0000d70d0000340e0000
3b0e0000d80e0000770f0000fb0f0000261000008710000077120000ce1200001d130000631400006a1400007f150000
ab150000271600001517000034170000c2170000411d0000651d0000711d0000851d0000981d0000b91d0000d41d0000
e01d0000061f0000931f00009f1f00001d20000065200000b3200000232100004022000021270000d6270000f9290000
7b2a00009b2a0000082b00003a2b0000d02b0000292c0000512c0000a52c0000e82c0000c22d00002c2f0000b7380000
df38000056390000cb390000ad41000013050000480700004c07000019150000c0150000041700004b170000f91a0000
7c1b0000841b0000391c0000721c0000cc1c0000462100005530000043320000cf3900003d3a0000a10000006d010000
27020000290200007c02000099030000c1030000e30300000c040000a3040000c0040000ce040000e1040000e7040000
ec0400004005000045050000e60500008a060000a0060000170700001d070000320700006e070000970700008b080000
e3080000e508000000090000f2090000410a00008b0a0000f70a0000f90a0000250b0000320c0000390c0000680f0000
ad10000007110000091100003b150000de1500000f17000069170000131800004d1800009c190000f91900002c1a0000
c21a0000581b0000ee1b00005d1c0000a31c0000101e00004f210000cd230000292400000425000014250000a1270000
a3270000c8270000e4270000362800003b280000aa280000b3280000bc280000c0280000772900007e290000c6290000
c8290000522a0000292b0000942c0000092d0000103000004530000078300000fe300000b83100004a3200007c320000
8c320000e5320000e93200007d3300001e390000d53900002b3a0000ed3a0000f43a0000d43e0000db3e00007c400000
63410000a9000000db010000ac030000d70300007a04000090040000920600009c060000cf0800005d090000c1090000
5f0a0000e40a0000262100000c3000002f320000ea3800000f3900002a00000049000000af01000088050000ad090000
cf1f00001e000000200000003c0000005b0000006900000088000000f400000017010000ad010000bf01000005020000
12020000a1020000a3020000720300007403000097030000e9030000760400000f050000140500007b050000be050000
020600008206000090060000fd0600007f07000088070000cb08000052090000710900007d090000f6090000fd090000
0e0a0000150a00003e0a0000640a0000d80a0000ad0b0000af0b0000c00b0000e70b00007b0c00006e120000f8170000
fc1700008c1d0000041f0000dc1f00002c200000ac200000be2100003e2200004a220000c72200004023000037260000
6d260000f0290000002a000020330000ae380000c7380000ce3800007e3a0000b43a00001b3b0000a13b00002d000000
46000000b2010000cf0100000502000012020000a6030000760400008505000002060000f107000044090000b7090000
bd090000c00b0000e70b00008c1d0000041f0000d21f00002c200000ac2000005a2100003e2200004a220000c7220000
40230000372600006d26000015350000aa3800007e3a0000b43a00009d00000078010000da010000dc0100007c020000
9e030000af0300000904000053040000700400007b0400008404000091040000a3040000c0040000ce040000e1040000
13050000a005000095060000ae060000170700001d07000032070000480700004c0700006e070000fa07000096080000
ce080000d008000000090000a9090000c2090000f20900003d0a0000b00a0000db0a0000e50a0000250b0000680f0000
941000000711000009110000191500003b150000c0150000de150000041700000f1700004b1700006917000013180000
4d1800009c190000f91900002c1a0000c21a0000f91a0000581b00007c1b0000841b0000ee1b0000391c00005d1c0000
721c0000a31c0000cc1c0000101e0000272100002b210000462100004f210000cd23000029240000a1270000a3270000
c8270000e4270000362800003b280000aa280000b3280000bc280000c0280000772900007e290000c6290000c8290000
522a0000292b00006e2c0000f92c0000453000005530000078300000c8300000fe300000b83100003032000034320000
433200004a320000e5320000e9320000a1330000f8380000103900001e390000cf390000d53900002b3a00003d3a0000
ed3a0000f43a00007c400000634100005402000061020000c70400001a060000e5090000e9090000a71a0000541c0000
be3800001f00000059000000fc0100000e020000a102000072030000660400000f050000fe05000080060000f6090000
0e0a0000370a0000940b0000ad0b0000d70b0000f8170000c522000030260000292700003f270000d827000061280000
52290000f0290000c7380000773a0000e43a0000163b00002c00000045000000a50300008405000043090000a9380000
1e0000003c00000088000000fc0100000e0200005402000061020000a1020000720300009703000066040000c7040000
0f0500007b050000fe0500001a0600007f0700008807000052090000e5090000e9090000f60900000e0a0000940b0000
ad0b0000d70b0000f8170000a71a0000541c0000c522000030260000292700003f270000d82700006128000052290000
f029000020330000be380000c7380000773a0000e43a00005402000061020000c70400001a060000e5090000e9090000
a71a0000541c0000292700003f270000d82700006128000052290000be380000e43a0000f70300009a040000f3060000
630700003f0e00009e0e0000bf0e0000d00e0000db0e0000e50e0000f70e0000290f00002b0f00003d0f0000ec0f0000
c1100000f01000007d110000b5120000c8120000ee1200001016000036160000e2170000e21800005e1b0000a71b0000
cb1b0000fb1b0000291d00003421000038210000cb230000462500005d250000cd27000039280000be2800007c290000
502a00005b2d0000d02d0000832e0000a62e00006d300000db300000bd310000393200003d320000c3320000db320000
e7320000403400007e39000094390000ac390000f23a0000773f0000b33f00005c4000001a0500004d070000c1150000
051700007d1b0000851b0000731c0000472100005630000044320000d03900003e3a0000fc020000470600006c1c0000
39200000190100001002000009030000ed0300006b040000c0050000000600004507000082090000580b0000dc0b0000
930d0000d50e0000260f00003910000070120000bd120000c2120000e5120000fd15000022160000251700002d170000
401700005c1800007918000031190000381c0000601c0000821c0000c81c0000032000003e2000006721000018220000
35260000702b0000cc2b00001e350000b338000035390000c4390000203a00007c3a0000243c0000243e00009c030000
c2030000e40300000d040000a4040000c3040000cf040000e2040000e8040000ed0400004105000046050000e7050000
a10600001e0700006f07000098070000f3090000330c00003a0c00006c0f0000b01000000a110000df15000010170000
591b0000ef1b00005e1c0000111e000052210000ce2300002a2400000725000015250000cb270000e527000037280000
3c280000bd280000c1280000782900007f290000532a00002a2b0000952c00000a2d0000113000004630000079300000
ff300000b93100004d3200007f3200008d320000e6320000ea3200007e3300001f390000d63900002c3a0000ee3a0000
f53a0000d53e0000dc3e00007f4000006e4100007c0000005e02000082030000b7050000170600007b070000df090000
830b0000860b0000bd0b0000e90c0000dd0d00005b100000a41a00005820000033220000a1220000d522000039270000
442700005b280000662800004b0000008a050000ae090000d31f0000400000006a000000130200009b030000ea030000
7804000010050000150500007f05000003060000910600008a070000cc08000053090000720900007e090000f7090000
fe0900000f0a0000160a00003f0a0000670a0000d90a0000e90b00007c0c000072120000f9170000fd170000051f0000
df1f00002d200000ad200000c92100004e220000382600006e260000f4290000022a000022330000af380000c8380000
cf3800007f3a0000b53a00001c3b0000a23b00005e000000140100003b010000100200001c02000077030000de030000
e1030000680400006b040000bf040000c10400001205000018050000bb050000bd050000da0500000006000085060000
c7060000c207000006080000fb090000130a00001b0a00003c0a0000440a0000be0a0000960b00009e0b0000b20b0000
d90b0000dc0b0000150c0000180c0000f30c00000d0d00007e0d0000e00d0000970e0000670f0000690f00006a0f0000
6f0f0000051000005e10000054110000ab11000012120000881200009e1200009f120000cc120000f2120000f5120000
05130000081300003e130000b3130000e11400000b170000fa1700002818000029180000071b0000761b0000771b0000
d31b0000121d0000901f0000931f0000082000006220000086210000e42100003d220000ab220000ca2200005a230000
65230000ba2400006b2500006e250000352600003d26000087260000b7260000ba260000bd260000f12600003c270000
41270000c7270000c9270000ce270000da2700005e28000063280000fb28000054290000572900006c290000f2290000
f52900008e2a0000992a00001d2b0000882c0000792f000032330000ef330000323500006135000064350000ca350000
cc380000d43800002b3900003e390000413900007c3a0000843a0000ce3a0000e63a0000193b0000873b0000b83c0000
23400000254000004700000013020000a7030000770400007804000086050000030600004509000047090000b8090000
be090000e90b0000051f0000d61f00002d200000ad2000005c2100004e220000382600006e26000017350000ab380000
7f3a0000b53a00009f030000b00300000a04000054040000710400007c0400008504000092040000a4040000c3040000
cf040000e20400001a050000a1050000b00600001e0700004d0700006f070000fb070000aa090000c3090000f3090000
6c0f0000951000000a110000c1150000df1500000517000010170000591b00007d1b0000851b0000ef1b00005e1c0000
731c0000111e0000282100002c2100004721000052210000ce2300002a240000cb270000e5270000372800003c280000
bd280000c1280000782900007f290000532a00002a2b00006f2c0000fa2c0000463000005630000079300000c9300000
ff300000b93100003132000035320000443200004d320000e6320000ea320000a2330000f9380000113900001f390000
d0390000d63900002c3a00003e3a0000ee3a0000f53a00007f4000006e410000bc0000005e020000fc02000082030000
7a0500001706000047060000ed07000063090000af090000df090000bd0b0000800c0000dd0d00005b100000a41a0000
6c1c0000d41f0000ec1f000039200000582000003322000039270000442700005b280000662800001401000059010000
6b020000e1030000fe030000bb05000016070000b7070000c20700009a090000190b0000250f00003311000088120000
e2120000e4120000fd1500005c18000031190000d41a0000761b0000611c0000821c0000941c0000ff1c0000111d0000
842300008a260000702b000032330000c033000034390000203a0000d13a0000e43b000041270000da27000063280000
5429000057290000e63a000062020000c90400001b060000eb090000551c0000c038000010020000770300006b040000
18050000000600001b0a0000b20b0000dc0b0000250f0000e2120000e4120000fd1500005c18000031190000d41a0000
761b0000611c0000821c0000ff1c0000111d000084230000352600008a26000041270000da2700006328000054290000
57290000f2290000702b0000d438000034390000203a00007c3a0000d13a0000e63a0000de030000fc030000af070000
c1070000fb0800007b09000097090000160b0000780c0000bd0c0000930d0000260f000039100000341100008b120000
e5120000fc150000b11a0000071b0000421b0000771b0000d31b0000601c0000851c0000971c0000071d0000121d0000
872600006f2b000031330000c133000035390000233a0000ce3a0000e13b0000c8040000e6090000ea090000a81a0000
561c0000bf380000400000008900000062020000980300009b03000067040000c8040000c9040000100500007f050000
1b06000080070000890700008a0700005309000055090000e6090000ea090000eb090000f70900000f0a0000950b0000
d80b0000f9170000a81a0000551c0000561c0000c82200003b26000040270000d9270000622800005329000056290000
f42900002133000022330000bf380000c0380000c8380000823a0000e53a000014010000590100006b020000de030000
e1030000fc030000fe030000bb05000016070000af070000b7070000c1070000c2070000fb0800007b09000097090000
9a090000160b0000190b0000780c0000bd0c00006b0d0000930d00002a0e0000ca0e0000cb0e0000250f0000260f0000
670f00006a0f000025100000391000003311000034110000881200008b120000e2120000e4120000e5120000f2120000
051300000b1300004d140000591400007814000079140000fc150000fd150000281800005c18000031190000b11a0000
d41a0000071b0000421b0000761b0000771b0000d31b0000601c0000611c0000821c0000851c0000941c0000971c0000
ff1c0000071d0000111d0000121d00001a230000842300005026000056260000872600008a26000059270000a7280000
9c290000a22900008d2a00008e2a00006f2b0000702b00003133000032330000c0330000c13300003439000035390000
3e39000044390000203a0000233a0000973a00009d3a0000ce3a0000d13a0000e13b0000e43b00008b3e000062020000
c8040000c90400001b060000e6090000ea090000eb090000a81a0000551c0000561c000040270000d927000062280000
5329000056290000bf380000c0380000e53a00006804000012050000fb090000130a0000960b0000d90b0000930d0000
260f000039100000e5120000fc150000fa170000071b0000421b0000771b0000d31b0000601c0000851c0000071d0000
121d0000ca2200003d2600008726000041270000da270000632800005429000057290000f52900006f2b0000cc380000
35390000233a0000843a0000ce3a0000e63a000040000000890000000f0200006202000075030000980300009b030000
6a040000c8040000c9040000170500007f050000ff0500001b06000080070000890700008a0700005309000055090000
e6090000ea090000eb090000190a0000b00b0000db0b0000a81a0000551c0000561c00003126000040270000d9270000
622800005329000056290000f12900002133000022330000bf380000c0380000d2380000783a0000e53a0000b1010000
b1020000f004000033060000b2090000020a00005c1500001c170000b91900001d1b00008a1b0000771c0000781c0000
ae1d0000101f0000d11f0000c33800001c3a00001a0000006300000079000000ff0000007f010000fb01000011020000
4b020000530200005d02000097020000a6020000480300007c0300007f030000dd030000f40300006904000070040000
160500002405000001060000160600008a060000bf060000d10600007b070000e308000061090000760900008a090000
e2090000000a0000180a0000290a0000410a0000520a0000f70a0000830b0000900b0000970b0000b70b0000ba0b0000
da0b0000e10b0000790c0000da0c00003d0d0000ba0d0000470f00004c100000d411000093120000b8120000f7120000
48150000ea150000b2170000fb170000c4190000a31a00004c1d0000a11d0000db1d0000101e00006c1e0000151f0000
271f00009a1f0000a51f0000ff1f0000cf220000d2220000ab2300003a2600004b2600007a2600002227000028270000
382700004227000043270000db2700005a2800006428000065280000552900005c290000f3290000fa290000412b0000
1e3000009a360000d1380000e2380000383900004c3a0000813a0000923a0000c13a0000e73a00001d3b0000c13b0000
2b000000480000004a000000ec020000f8020000a80300009f0400008705000089050000430600004609000049090000
cd090000d1090000431d0000ec1e0000ac380000ba3800001700000042000000a8000000b4000000fb0000001b010000
b1010000fb010000110200004b020000530200005d020000b1020000ed020000f5020000f9020000110300007c030000
960300009e030000eb0300007004000098040000a0040000a3040000f0040000240500007d05000081050000c2050000
010600001606000033060000440600008806000099060000070800000d08000031080000670800004c0900005a090000
7409000080090000b2090000ce090000d0090000d2090000d6090000e2090000020a0000290a0000900b0000b70b0000
e10b00007e0c00003d0d0000ba0d0000470f00004c10000078120000b8120000f7120000481500005c150000ea150000
1c170000b2170000b9190000c4190000a31a00001d1b00008a1b0000771c0000781c0000421d0000441d00005e1d0000
a11d0000ae1d0000db1d0000101e00006c1e0000b91e0000ed1e0000f51e0000101f0000151f00009a1f0000a51f0000
d11f0000ff1f0000d2220000ab2300003a2600007a2600002227000028270000382700004227000043270000db270000
5a2800006428000065280000552900005c290000f3290000412b00000930000049330000d5340000fd350000b1380000
bb380000c3380000e2380000383900001c3a00004c3a0000813a0000c13a0000e73a0000e6020000000300001e050000
470600004b0600001a0900001e150000fc160000f11a0000fa1a00007a1b00006c1c00006f1c0000701c00003b200000
ad2100002f360000dd3700001a0000007900000082000000e500000010010000040200004a0200005702000060020000
7f020000970200009a020000480300004b0300008803000099030000dd0300009704000098040000c4040000cb040000
f6040000b7050000bc050000ce05000017060000190600007b0700008107000090070000750800000209000040090000
df090000e8090000ee090000830b0000860b0000990b00009b0b0000bd0b0000c30b0000f60b0000f80b0000f90c0000
d50d0000e10d0000720f00005b1000005f100000f1110000481200003d15000007170000d0180000a61a0000c51a0000
201c0000591c00008b1d000068200000b221000033220000432200009e220000b1220000db22000039230000d0250000
e4250000202700002a2700003d27000046270000aa270000ad270000d1270000e02700005b2800005f28000066280000
68280000282900002e2900005f29000061290000112a0000112b00007c2c0000283300002736000052360000bc360000
9b370000e037000012380000263800007b380000813800002f0000004c000000b7000000b8010000e0010000aa030000
720400008a0500008b0500006b0800004d090000ae090000b5090000b9090000d71f00008d21000001360000d1370000
1d0000003b000000c70000000201000082010000ae010000b9010000cb010000e1010000040200004a02000057020000
600200007f020000e6020000000300008803000096030000f50300006904000073040000c4040000cb040000f6040000
1e0500007a05000081050000920500001706000019060000470600004b060000ed070000f0070000f60700007c080000
020900001a0900004009000063090000780900008c090000af090000b6090000ba090000df090000e8090000ee090000
bd0b0000c30b0000820c0000d50d0000e10d0000720f00005b1000005f100000da110000481200001e1500003d150000
fc16000007170000d0180000a61a0000c51a0000f11a0000fa1a00007a1b0000201c0000591c00006c1c00006f1c0000
701c00008b1d0000d81f0000f21f00003b200000682000008e21000096210000ad210000b22100003322000043220000
9e22000039230000202700002a2700003d27000046270000aa270000ad270000d1270000e02700005b2800005f280000
6628000068280000282900002e2900005f29000061290000112a0000112b0000602c000045330000273600002f360000
52360000a0360000bc3600009b370000d2370000dd370000e03700007b3800008138000008040000eb04000022050000
c3060000d8060000ff0600003507000055070000d70c0000540d0000830e0000dc0e0000f80e00002c0f0000e5100000
ea1000001412000099120000c912000054130000be1300008c150000ae150000f1150000f91500005216000066160000
761600001a1700009b170000b3180000c2190000e21a0000271b00006f1b0000791b00007e1b00008c1b0000921b0000
091c00006b1c00007b1c0000b81c0000e81c0000a61e0000aa1e0000f91f00003521000049210000c321000025300000
4e3000005e300000f13000009a310000c0310000e331000001320000033200003a3200006239000095390000e2390000
ff390000343a0000423a0000ac000000720100001d03000024030000a3030000a4030000ba030000d803000006040000
500400006e0400007e040000a6040000a8040000b9040000bb040000f8040000860600009b060000a9060000ab060000
020700000a07000036070000900800000f090000160900005e090000a4090000d9090000dc090000650a0000a20a0000
4c0b0000530b000096100000b4180000d6180000de180000c3190000d6190000871e0000891e0000fc1f000029200000
2e2100003f2100004a210000c6210000fc2100000b30000018300000413000004f30000083300000a5300000ca300000
ef310000f131000045320000eb380000f33800001639000019390000003a0000103a00001800000043000000ab000000
e8000000b4010000b2020000da020000dd020000820500003406000082060000fd06000062090000c6090000c8090000
830c0000d01900003f1d0000451d0000f41f00001b200000442000001700000042000000a8000000b4000000ee000000
fa0000001e01000053010000b1010000fb010000110200002d020000b1020000ed020000f5020000f902000011030000
960300009e030000fd030000010400006904000070040000a0040000a3040000f0040000f60400007d05000081050000
c3050000c505000001060000330600004406000088060000990600000007000006070000b10700003108000067080000
a5080000e90800004c0900005a0900007c09000098090000b2090000ce090000d0090000d2090000d6090000020a0000
900b0000e10b0000460c0000860c0000e60c00003f0d0000550d0000640d00006d0d0000d10e0000d90e000027100000
391100007d120000b7120000bc120000be12000051140000871400004815000049150000b2170000bd170000d0180000
d4180000b9190000d3190000d4190000421d0000441d0000a11d0000a21d0000101e0000161e00006c1e00006d1e0000
9f1e0000b91e0000ed1e0000a51f0000ab1f0000d11f0000fe1f0000042000001e200000242000003520000047200000
63210000722100007d210000992100006f220000d222000011230000ab230000ae23000006250000392500003a260000
512600007a2600007c260000093000003d3000007e320000b5320000c6330000d534000029350000fd35000011360000
d5370000bb380000c3380000813a0000983a0000c13a0000c33a0000f30000001a0100004a020000600200007c020000
f2030000c4040000ce040000c1050000170600001906000000090000020900006d09000087090000f20900007f0c0000
711200005c1500001c170000c51a00001d1b00008a1b0000ee1b0000591c0000771c0000781c0000ae1d0000101f0000
b831000027360000b83800001c3a0000fb0000001b010000570200007f020000eb030000c0040000cb040000c2050000
170700001d0700007409000080090000df090000e8090000ee0900007e0c000078120000e4180000db190000dc190000
a61a0000c21a0000f01a0000141b0000201c00005d1c00006d1c00007c1c000038200000453000009b370000b1380000
ed3900001600000041000000a6000000b0000000b0010000b0020000ec020000f8020000950300009d0300009f040000
ef0400007c0500008005000032060000430600008706000098060000660800004a09000058090000b1090000cd090000
d1090000010a0000b8190000431d0000ec1e0000d01f000008300000fc350000ba380000c2380000f3000000fb000000
1a0100001b0100004a02000057020000600200007c0200007f020000eb030000f2030000c0040000c4040000cb040000
ce040000c1050000c20500001706000019060000170700001d07000000090000020900006d0900007409000080090000
87090000df090000e8090000ee090000f20900007e0c00007f0c00003d0d0000ba0d0000d90d0000dc0d0000030f0000
470f00004c1000005a1000007112000078120000b8120000cf120000d1120000f71200005c1500001c170000e4180000
c4190000db190000dc190000a61a0000c21a0000c51a0000f01a0000141b00001d1b00008a1b0000ee1b0000201c0000
591c00005d1c00006d1c0000771c0000781c00007c1c0000701d0000ae1d0000f81e0000101f0000ff1f000038200000
202700003d270000a1270000aa270000c8270000d12700005b2800005f280000aa280000bc280000282900005f290000
7729000045300000b8310000e5320000273600009b3700007b380000b1380000b83800003039000038390000ed390000
1c3a00006f010000d90100007702000021030000a2030000b9030000e6030000e8030000030400000f040000a7040000
ba040000eb040000ee0400004405000047050000e9050000a8060000be060000d4060000ec060000ff06000016070000
350700003907000045070000730700008d080000cd080000fb08000013090000db0900008d0a0000da0a0000160b0000
500b0000380c00003c0c0000df0c0000280d0000f30d0000f60d0000550e0000860e00009f0e0000be0e0000cf0e0000
dd0e0000090f00000a0f00001b0f00001c0f00004b0f0000790f0000a7100000b7100000ba100000c2100000dc100000
ff10000004110000061100000c11000043120000461200009d120000b3120000da120000dc1200006c1300008e130000
1614000019140000161500003a1500003c150000e11500001217000040170000621700006d170000a8180000b3180000
b8180000e6180000ec180000ef180000f018000005190000061900002919000055190000c2190000df1900008c1a0000
8e1a0000bd1a0000f81a0000061c00000d1c0000381c0000941c0000c81c0000131e0000881e0000941e0000951e0000
f91f0000422000003b21000059210000c321000015220000cc2300002c2400000e250000192500005025000056250000
972700009a2700009e270000a6270000d7270000e72700003a2800003d280000a7280000a9280000ae280000b2280000
bf280000c32800007d290000812900009c2900009f290000bb290000d3290000512a00002c2b0000972c00000c2d0000
3c2e0000612e000017300000213000003b3000004e300000523000007d30000082300000dc300000ec30000001310000
3031000054310000c2310000f0310000f8310000f9310000543200008632000091320000ce320000d4320000e8320000
ec320000b934000018390000663900007c3900009f390000a1390000d8390000ff390000153a0000f33a0000f73a0000
da3e0000de3e0000943f0000963f0000844000007e410000a4000000de010000ad030000d60300007d04000093040000
f80400008d0600009d0600000207000036070000d20800005c090000c4090000570a0000e90a0000b4180000d6180000
de180000c3190000d6190000fc1f000029200000292100003f2100004a210000c6210000fc2100000d3000004f300000
3232000045320000e938000012390000003a0000103a0000240000004e000000b3010000b4010000b20200008d050000
34060000b0090000d0190000d91f00001b20000044200000170000001d0000003b000000420000006e000000b4000000
fa000000fb0000001b0100001e010000ac010000ae010000cb0100000002000004020000150200009e020000a6020000
af020000bf020000670300007f0300009e030000eb030000010400007b040000ec04000013050000160500007a050000
7d05000081050000c2050000c3050000c505000005060000310600009506000032070000ed070000ee07000024080000
67080000a5080000ce0800004c0900007409000080090000fc090000000a0000140a0000180a00003d0a00006c0a0000
db0a0000470b0000a20b0000a50b0000ba0b0000bd0b0000ec0b00007e0c0000e60c00003d0d00003f0d0000550d0000
ba0d0000d10e0000470f00004c100000781200007d120000b7120000b8120000bc120000be120000f71200000e160000
14160000fb170000ff17000044180000451800006d1800006e180000391900003a1900009c190000bd190000c4190000
e5190000e7190000f91900002c1a00008b1d00008d1d0000071f0000e61f0000e91f0000ff1f0000042000002f200000
492000005220000055200000af20000099210000d9210000202200002d22000030220000332200003a22000054220000
9e220000ba22000039230000442300003626000070260000fa290000052a00009d2b0000a32b00004d330000fd350000
11360000d5370000b1380000cd380000d138000038390000f2390000f43900007d3a0000b73a00001a3b0000a43b0000
133c0000f53d00001a0000006300000079000000e20000001501000076010000f9010000fb010000110200004b020000
530200005d020000a6020000b90200007c0300007f030000e30300000404000069040000700400001605000024050000
b8050000bc05000001060000160600008a0600002c0700007b070000940800009f080000a2090000e2090000000a0000
180a0000290a0000410a0000520a0000330b0000890b0000900b0000970b0000b70b0000ba0b0000da0b0000e10b0000
e30c0000d90d0000dc0d0000030f00005a100000901000007b120000cf120000d11200000e160000fb17000044180000
6d180000d018000039190000e5190000f7190000631a0000751a0000a31a0000701d0000f81e0000522000002d220000
9b220000cf220000d2220000a22300003a2600004b260000922600002227000028270000382700004227000043270000
db2700005a2800006428000065280000552900005c290000f3290000fa2900009d2b0000c43000000b360000d1380000
e238000030390000f2390000813a0000923a0000d93a0000e73a00001d3b0000ff3b0000ed020000f9020000a0040000
44060000ce090000d2090000e4180000db190000dc190000f01a0000141b00006d1c00007c1c0000441d0000ed1e0000
38200000bb380000ed3900002b000000480000004a000000b0010000b0020000a8030000ef0400008705000089050000
320600004609000049090000b1090000010a0000b8190000d01f0000ac380000c23800001700000042000000a8000000
b4000000f30000001a010000ac010000b10100004b020000530200005d020000a6020000af020000b1020000cb020000
ed020000f90200007f030000960300009e030000f203000069040000a0040000ec040000f0040000f604000016050000
7d05000081050000c1050000160600003106000033060000440600008806000099060000ee0700002208000024080000
670800004c0900005a0900006d09000087090000b2090000ce090000d2090000e2090000000a0000020a00000a0a0000
180a0000970b0000ba0b0000da0b00007f0c0000d90d0000dc0d0000030f00005a10000071120000cf120000d1120000
0e160000fb170000441800006d180000d0180000e41800003919000050190000b9190000bd190000db190000dc190000
e5190000631a0000751a0000a31a0000f01a0000141b00006d1c00007c1c0000441d0000701d0000ed1e0000f81e0000
d11f0000e91f000038200000522000002d220000cf220000a22300004b26000092260000222700002827000038270000
4227000043270000db2700005a2800006428000065280000552900005c290000fa2900009d2b0000093000004d330000
a0340000fd350000b8380000bb380000c3380000d138000030390000ed390000f2390000923a0000d93a0000e73a0000
e80300000b040000c6040000be060000c7060000d4060000e206000022070000d30c0000df0c0000a10d0000630e0000
860e00002c0f00003e0f00004a110000341200009d120000ef1200003e1300006c130000ee13000066160000e6180000
f81a0000271b00004e1b00008c1b0000921b0000a81b0000f31b0000fc1b0000381c00007b1c0000c81c0000e81c0000
2a1d0000a61e00004b25000021300000303000004a300000be310000d331000001320000c83200001c34000066390000
ad390000423a0000b43f00009e270000e72700003a280000ae280000c32800007d290000bb290000ec320000f33a0000
d0040000190700001f070000c01a00005a1b00005f1c00009f1c0000473000002d3a00004e020000630200001c060000
00020000150200007b04000005060000a50b0000ec0b000002160000581800005d180000321900003c1b0000831c0000
011d0000ba22000036260000752b0000213a00007d3a0000a7040000eb040000ff060000350700004507000073070000
a10d00002c0f00003e0f000034120000ef120000ee130000161500006616000040170000b3180000e6180000c2190000
f81a0000271b00008c1b0000921b0000a81b0000fc1b0000381c00007b1c0000c81c0000e81c00002a1d0000a61e0000
f91f0000c3210000cc2300004b2500009e270000e72700003a280000ae280000c32800007d290000bb290000512a0000
4e3000007d300000be31000001320000c8320000ec320000ad390000ff390000423a0000f33a0000b43f000084400000
ec000000220100004a02000053020000600200007002000009040000c4040000c905000017060000190600001b070000
b2070000c707000002090000e2090000290b0000b70c00008912000002160000581800005d18000032190000a31a0000
c51a00003c1b0000591c0000831c0000951c0000011d0000752b00003733000027360000213a0000f43b00006f010000
7b010000e80300000b0400003204000055040000c6040000d704000022070000d80700008d08000099080000ac090000
8d0a0000bb0a00002c0f000093100000a1100000e5100000ea10000064150000e516000085170000e6180000ec180000
df190000e21a00006f1b00008c1b0000f31b0000061c00000d1c00001e1c00006b1c0000b81c00004220000015220000
54240000882b00004a300000ad300000c7300000d6300000f1300000c2310000d03100008e330000fb380000153a0000
343a000041410000d80100001d030000a1030000b8030000a6040000b9040000e904000042050000a6060000fe060000
340700004307000071070000cc0800000f090000d9090000d90a00004c0b0000340c0000151500003f170000b2180000
c0190000871e0000f51f0000bf210000ca230000172500009d270000e627000038280000ad280000c228000079290000
ba2900004d2a0000163000004d3000007b30000080300000ef3100008f320000eb32000016390000fd390000ef3a0000
d63e00008240000097000000a8010000a9010000ac020000da020000e00200008a0300002e06000080060000c6090000
840b0000c50b00003f1d0000dd220000232700004727000069280000a1000000e5000000ff000000100100007f010000
ac010000ae010000cb010000af020000ea020000f5020000110300009403000099030000f403000097040000a3040000
c0040000ce040000ec040000b7050000310600008a060000a00600002c0700005e07000097070000ed070000ee070000
240800003108000034080000620800008b08000061090000760900008a090000d0090000d60900008b0a00009f0b0000
cf0b0000160c0000790c0000a20c0000640d00006d0d0000d90e000027100000d4110000771300005114000087140000
081500006e1500009a1500000e160000b117000011180000441800006d1800009f18000039190000bd190000e5190000
6e1a0000421d0000b91e0000e91f0000522000002d220000e7220000112300007e25000051260000262700004a270000
7d270000c8270000e42700006c280000f1280000002900006d2900002f2a00004b2a00009d2b0000122c0000532c0000
10300000683000004d33000078330000d534000074350000cf3500009a360000f2390000983a0000543b00009f410000
7a020000d0040000e3040000fe080000f4090000210b0000f01b0000ba310000203900004d020000e0090000a91a0000
230000004d0000008c0500002700000050000000840000009d02000066030000ac030000110500008f05000083070000
8d07000054090000f8090000100a0000a10b0000fe170000042a000025330000c93800009f000000ac000000d8010000
7a0200001d030000a4030000c3030000d8030000a6040000b9040000d0040000e3040000e90400004205000086060000
910600009b060000a4060000190700001f07000099070000cc080000fe0800000f0900005e090000d9090000f4090000
3f0a0000650a0000d90a0000210b00004c0b0000340c0000c01a00005a1b0000f01b00005f1c00009f1c0000871e0000
172500009d270000e627000038280000ad280000c228000079290000ba2900000b3000001430000047300000ba310000
ef3100008f320000eb3200007f330000eb38000016390000203900002d3a0000ef3a0000d63e00001500000018000000
430000008c000000a80100004d0200004e02000063020000da020000820500001c0600007c070000c6090000e0090000
840b0000a91a00003f1d0000dd220000232700004727000069280000ee000000530100004b020000570200005d020000
7f020000fd030000cb04000016060000b1070000fc0800007c09000098090000df090000e8090000ee090000170b0000
860c000039110000a61a0000b61a0000031b0000081b00007c1b0000d41b0000201c0000a71c0000021d0000171d0000
7e23000088260000c63300009b370000cf3a0000e23b0000160000001c0000003a000000410000006c000000b0000000
ff010000140200009d020000660300009d0300007a04000011050000790500007c050000800500000406000093060000
660800004a090000f8090000100a0000390a00006a0a0000a10b0000a40b0000eb0b0000fe170000b922000032260000
042a0000fc350000c9380000793a0000183b00006f0100007b010000e80300000b0400003204000055040000c6040000
d7040000be060000c7060000d4060000e206000022070000d80700008d08000099080000ac0900008d0a0000bb0a0000
d30c0000df0c0000520d0000a10d0000f30d0000630e0000860e0000090f00001b0f00002c0f00003e0f0000450f0000
9e0f000093100000a1100000d3100000e5100000ea100000f9100000041100002c1100004a1100001212000034120000
431200009d120000da120000ef1200003e1300006c130000b3130000ee13000016140000c91400003a15000064150000
66160000e51600006217000085170000c8180000e6180000ec180000cd190000df190000e21a0000f81a0000271b0000
4e1b00006f1b00008c1b0000921b0000a81b0000f31b0000fc1b0000061c00000d1c00001e1c0000381c00006b1c0000
7b1c0000b81c0000c81c0000e81c00002a1d0000941e0000a61e00001620000042200000de21000015220000f9230000
54240000322500004b250000d527000000280000d3280000de2a0000882b000021300000303000004a300000ad300000
c7300000d6300000f1300000f830000025310000be310000c2310000d0310000d3310000f831000001320000ae320000
c8320000fd320000083300008e3300001c340000fb380000663900009f390000ad390000053a0000153a0000343a0000
423a0000283f0000b43f0000de400000414100007a020000d0040000e3040000190700001f070000fe080000f4090000
210b0000c01a00005a1b0000f01b00005f1c00009f1c00009d270000e627000038280000ad280000c228000079290000
ba29000047300000ba310000eb320000203900002d3a0000ef3a00004d0200004e020000630200001c060000e0090000
a91a0000232700004727000069280000ec000000ee00000022010000530100004a0200004b0200005302000057020000
5d02000060020000700200007f020000fd03000009040000c4040000cb040000c9050000160600001706000019060000
1b070000b1070000b2070000c7070000fc080000020900007c09000098090000df090000e2090000e8090000ee090000
170b0000290b0000860c0000b70c0000640d00006d0d0000b20d0000210e0000d90e0000680f00002710000039110000
89120000f312000006130000501400005114000087140000021600002a180000581800005d18000032190000a31a0000
a61a0000b61a0000c51a0000031b0000081b00003c1b00007c1b0000d41b0000201c0000591c0000831c0000951c0000
a71c0000011d0000021d0000171d0000112300007e23000051260000882600002027000022270000382700003d270000
67270000aa270000d12700005a2800005b2800005f280000b5280000282900005f2900009d290000de2900009c2a0000
752b000037330000c6330000273600009b3700007b3800003f390000213a0000983a0000cf3a0000e23b0000f43b0000
8c3e0000a1000000e2000000f1000000150100003e010000ac010000ae010000cb01000027020000af020000ea020000
f5020000110300009403000099030000e3030000a3040000c0040000ce040000e7040000ec040000b8050000bc050000
310600008a060000a0060000ca06000097070000ed070000ee070000240800003108000034080000620800009f080000
e308000066090000d0090000d6090000c60a00009f0b0000cf0b0000160c0000320c0000740c0000e30c0000b20d0000
210e0000680f00007b120000f3120000061300003c130000501400000815000048150000b21700002a180000bd190000
421d00008b1d0000a11d0000101e00006c1e0000b91e0000911f0000a51f0000e91f000033220000e722000039230000
68230000ab230000042500007e2500007a260000b8260000f9260000262700004a2700007d270000c8270000e4270000
6c280000f1280000002900006d2900002f2a00009c2a0000103000007c3200004d33000078330000d534000074350000
cf3500000b3600003f390000c13a00008f3b0000244000009e0200006703000013050000fc090000140a0000a20b0000
ff170000031b0000081b00007c1b0000d41b0000021d0000171d00007e23000088260000052a0000cd380000cf3a0000
270000005000000084000000ff01000014020000ac0300007a0400008f05000004060000830700008d07000054090000
a40b0000eb0b0000b92200003226000025330000793a0000170000001d0000003b000000420000006e000000b4000000
ec00000022010000ae010000cb010000fb01000000020000040200001102000015020000210200009e020000f5020000
11030000670300009e03000009040000700400007b040000a3040000c0040000ce040000130500007a0500007d050000
81050000c9050000010600000506000095060000b2070000c7070000ed0700000b08000031080000670800004c090000
d0090000d6090000fc090000140a00003d0a00006c0a0000900b00009f0b0000a20b0000a50b0000bd0b0000e10b0000
ec0b0000160c0000280c0000b70c0000b20d0000210e0000680f000089120000f3120000061300005014000048150000
b2170000ff1700002a180000031b0000081b00007c1b0000d41b0000021d0000171d0000421d00008b1d0000a11d0000
101e00006c1e0000b91e0000911f0000a51f0000332200009e220000ba220000d2220000e72200003923000068230000
7e230000ab2300006c2500007e250000362600003a2600007a26000088260000b8260000f9260000262700004a270000
7d270000c8270000e42700006c280000f1280000002900006d290000052a00009c2a000037330000d534000062350000
74350000cf350000fd350000cd3800003f3900007d3a0000813a0000c13a0000cf3a00001a3b000024400000d9010000
21030000a7040000ba040000eb04000044050000cd08000013090000db090000da0a0000500b0000380c00002c0f0000
e5100000ea10000064150000e516000085170000e6180000ec180000df190000e21a00006f1b00008c1b0000061c0000
0d1c00001e1c00006b1c0000b81c0000881e0000422000001522000054240000192500009e270000e72700003a280000
ae280000c32800007d290000bb290000882b0000f1300000c2310000d0310000f031000091320000ec32000018390000
153a0000343a0000f33a0000da3e0000414100009f000000ac0000007a020000a4030000c3030000d8030000a6040000
d0040000e3040000e904000086060000910600009b060000a4060000fe060000190700001f0700003407000043070000
7107000099070000fe0800005e090000f40900003f0a0000650a0000210b0000151500003f170000b2180000c0190000
c01a00005a1b0000f01b00005f1c00009f1c0000f51f0000bf210000ca2300009d270000e627000038280000ad280000
c228000079290000ba2900004d2a00000b30000014300000473000004d3000007b300000ba310000eb3200007f330000
eb38000020390000fd3900002d3a0000ef3a0000824000001500000018000000430000008c000000a90100004d020000
4e02000063020000ac020000e00200008a030000820500001c0600002e0600007c070000e0090000c50b0000a91a0000
232700004727000069280000170000001d0000003b000000420000006e000000b4000000ee00000053010000ac010000
00020000150200009a0200009e020000a6020000af020000ea0200004b030000670300007f030000940300009e030000
fd0300007b040000c0040000ce040000ec04000013050000160500007a0500007d050000810500000506000031060000
95060000b1070000ee0700001e08000024080000340800005008000062080000670800004c0900007c09000098090000
fc090000000a0000140a0000180a00003d0a00006c0a0000860b0000a20b0000a50b0000ba0b0000cf0b0000ec0b0000
860c0000640d00006d0d0000d90e000027100000391100005114000087140000081500006e1500009a15000002160000
0e160000b1170000fb170000ff1700000b18000044180000581800005d1800006d1800009f1800003219000039190000
bd190000e51900006e1a00003c1b0000831c0000011d0000e91f0000522000002d220000ba2200001123000036260000
51260000262700004a2700007d270000c8270000e42700006c280000f1280000002900006d290000fa290000052a0000
2f2a0000412a0000752b00009d2b0000122c0000532c00004d3300006633000078330000c6330000cf350000fd350000
cd380000d1380000f2390000213a00007d3a0000983a00001a3b00009f41000013050000480700004c07000019150000
c0150000041700004b17000055300000cf390000a1000000290200007c02000099030000c1030000a3040000c0040000
ce040000e1040000ec040000450500008a060000a0060000170700001d070000320700006e07000097070000e5080000
00090000f2090000410a0000f90a0000250b0000390c000013180000f9190000c21a0000581b0000ee1b00005d1c0000
a31c0000cd23000014250000a3270000e42700003b280000b3280000c02800007e290000c8290000522a000010300000
4530000078300000b83100008c320000e93200007d3300001e3900002b3a0000f43a0000db3e00007c400000dc010000
7b04000091040000d0080000c2090000e50a0000272100003032000010390000a9000000ac030000d703000092060000
9c0600005d0900005f0a00000c300000ea3800002a00000049000000880500002d00000046000000a302000074030000
a6030000140500008505000044090000fd090000150a0000af0b0000fc170000002a0000aa380000ce3800009d000000
dc010000290200007c0200009e030000af0300007b04000091040000ce040000e1040000ec0400001305000045050000
a005000095060000ae060000480700004c070000d0080000e508000000090000c2090000f20900003d0a0000e50a0000
f90a0000250b0000390c000019150000c0150000041700004b170000ee1b00002721000014250000a3270000e4270000
3b280000b3280000c02800007e290000c82900006e2c0000f92c000055300000b8310000303200008c320000e9320000
103900001e390000cf390000f43a0000db3e00001e000000200000003c0000005b000000690000008800000005020000
12020000a3020000740300009703000076040000140500007b0500000206000082060000900600007f07000088070000
52090000fd090000150a00003e0a0000640a0000af0b0000c00b0000e70b0000fc170000c722000037260000002a0000
20330000ce3800007e3a00001b3b0000dc0100007b0400009104000013050000480700004c070000d0080000c2090000
e50a000019150000c0150000041700004b17000027210000a3270000e42700003b280000b3280000c02800007e290000
c82900005530000030320000e932000010390000cf390000f43a00002d000000460000000502000012020000a6030000
76040000850500000206000044090000c00b0000e70b0000c722000037260000aa3800007e3a00009d000000dc010000
9e030000af0300007b04000091040000a3040000c004000013050000a005000095060000ae060000170700001d070000
32070000480700004c0700006e070000d0080000c20900003d0a0000e50a000019150000c0150000041700004b170000
13180000f9190000c21a0000581b00005d1c0000a31c000027210000cd230000a3270000e42700003b280000b3280000
c02800007e290000c8290000522a00006e2c0000f92c000045300000553000007830000030320000e932000010390000
cf3900002b3a0000f43a00007c400000f70300009a040000f3060000630700003f0e0000db0e0000f70e0000ec0f0000
c81200001016000036160000e217000034210000cb2300005d250000cd27000039280000be2800007c290000502a0000
5b2d0000d02d00006d30000039320000db320000e732000094390000f23a0000773f00005c4000001a0500004d070000
c11500000517000056300000d0390000fc0200004706000022160000251700002d17000079180000cc2b0000c4390000
db0e0000f70e0000c81200001016000036160000e2170000342100005d250000cd27000039280000be2800007c290000
39320000db320000e732000094390000f23a0000773f0000190100001002000009030000ed0300006b040000c0050000
000600004507000082090000580b0000dc0b00007012000022160000251700002d170000401700007918000035260000
cc2b0000b3380000c43900007c3a0000243c0000e50300000e040000ea04000043050000e8050000370c00006e0f0000
b21000000b110000e015000011170000121e0000542100002b24000009250000cd27000039280000be2800007c290000
2b2b0000962c00000b2d0000003100004f32000081320000e7320000d7390000f23a0000d93e0000704100005e000000
1002000077030000fc030000680400006b040000bf040000120500001805000000060000850600001d0800004f080000
8d0800007b09000097090000fb090000130a00001b0a00003c0a0000440a00008d0a0000960b0000b20b0000d90b0000
dc0b0000780c00009f0c00006c0d0000d60e000026100000341100006f13000084140000fd150000fa17000006180000
5c1800009c180000311900006b1a0000821c0000ca220000352600003d2600005326000041270000c9270000da270000
632800005429000057290000f2290000f5290000312a0000702b0000142c00004b2c000065330000c1330000cc380000
d4380000203a00007c3a0000843a00009a3a0000e63a0000193b0000563b0000a04100007c04000092040000c3090000
282100003132000011390000af090000d41f000047000000a703000015050000860500004509000047090000fe090000
160a0000fd170000022a0000ab380000cf3800009f030000b00300007c04000092040000cf040000e2040000ed040000
1a05000046050000a1050000b00600004d070000c3090000f30900003a0c0000c115000005170000ef1b000028210000
15250000e52700003c280000c12800007f2900006f2c0000fa2c000056300000b9310000313200008d320000ea320000
113900001f390000d0390000f53a0000dc3e0000bc000000fc0200007a05000047060000af090000df090000860b0000
a41a0000d41f0000d5220000442700006628000012050000cd080000730900007f090000fb090000130a0000da0a0000
7d0c000073120000fa170000061f0000e11f00002e200000ae200000cb2100004f2200006f260000f5290000b0380000
cc380000b63a0000a33b0000e5030000f70300000e0400009a040000ea04000043050000e8050000f306000063070000
370c00003f0e0000db0e0000f70e0000070f0000230f00002b0f00003d0f0000460f00006e0f00009f0f0000ec0f0000
b2100000e91000000b11000029110000c8120000ee120000cb140000e0150000101600003616000011170000e2170000
6e1b0000fb1b00006a1c0000121e00003421000054210000cb230000fa2300002b240000092500002f2500005d250000
cd270000d02700001228000039280000be280000c9280000122900007c290000502a0000e02a00002b2b0000962c0000
0b2d00005b2d0000d02d00006d300000f03000000031000022310000bd310000393200004f32000081320000ab320000
db320000e7320000f3320000e535000094390000ac390000d7390000333a0000f23a0000d93e00002a3f0000773f0000
5c400000d6400000704100007c040000920400001a0500004d070000c3090000c11500000517000028210000e5270000
3c280000c12800007f2900005630000031320000ea32000011390000d0390000f53a0000fc02000047060000af090000
d41f00004427000066280000190100001002000009030000ed0300006b04000012050000c00500000006000045070000
cd080000730900007f09000082090000fb090000130a0000da0a0000580b0000dc0b00007d0c00006c0d0000d60e0000
690f0000261000007012000073120000f5120000081300008414000022160000251700002d17000040170000fa170000
2918000079180000061f0000e11f00002e200000ae200000cb2100004f22000035260000532600006f2600003c270000
64270000ce2700005e280000b2280000fb2800006c2900009f290000d6290000f5290000992a0000cc2b0000ca350000
b0380000b3380000cc38000041390000c43900007c3a00009a3a0000b63a0000a33b0000243c00008d3e00005e000000
140100003b010000100200001c02000077030000e1030000680400006b040000c10400001205000018050000bb050000
0006000085060000c7060000c207000006080000fb090000130a00001b0a00003c0a0000440a0000be0a0000960b0000
b20b0000d90b0000dc0b0000180c0000690f000088120000f5120000081300003e130000fa17000029180000071b0000
771b0000d31b0000121d0000931f0000ca220000652300006b250000352600003d26000087260000ba260000f1260000
41270000c9270000da270000632800005429000057290000f2290000f5290000992a00003233000061350000cc380000
d4380000413900007c3a0000843a0000ce3a0000e63a0000193b0000873b000025400000061f00002e200000ae200000
4f2200006f260000b63a00004700000013020000a70300007804000086050000030600004509000047090000e90b0000
38260000ab3800007f3a00001901000034020000ed030000680400001205000018050000c005000082090000cb090000
fb090000130a0000960b0000d90b0000570c0000690f000070120000f512000008130000fa17000029180000071b0000
771b0000d31b0000121d0000061f0000931f00002e200000ae2000004f220000ca22000065230000982400003d260000
6f26000087260000ba260000f126000041270000c9270000da270000632800005429000057290000f5290000992a0000
572f0000b3380000cc38000041390000843a0000b63a0000ce3a0000e63a0000254000006e0f00000b110000e0150000
11170000121e0000542100002b240000cd27000039280000be2800007c2900002b2b0000003100004f320000e7320000
d7390000f23a0000704100009f030000b00300007c04000092040000a4040000c30400001a050000a1050000b0060000
1e0700004d0700006f070000c3090000c115000005170000591b00005e1c000028210000ce230000e52700003c280000
c12800007f290000532a00006f2c0000fa2c000046300000563000007930000031320000ea32000011390000d0390000
2c3a0000f53a00007f400000bc0000005e020000fc020000820300007a0500001706000047060000af090000bd0b0000
d41f000044270000662800001002000077030000680400006b0400001805000000060000300600006306000073090000
7f0900001b0a0000b20b0000dc0b00007d0c00006c0d0000d60e0000261000007312000084140000fd15000022160000
251700002d1700001e1800005c180000791800009c180000311900006b1a0000821c0000352600005326000041270000
c9270000da270000632800005429000057290000f2290000702a0000702b0000cc2b0000142c00004b2c0000e12c0000
b0380000d4380000c4390000203a00007c3a00009a3a0000e63a0000a04100008c150000f1150000f915000076160000
1a1700009b170000aa1e000003320000e23900007b010000d90100007702000021030000a2030000b9030000e7030000
0b04000024040000550400009e040000a7040000af040000ba040000eb04000044050000a8060000e8060000ff060000
3507000045070000730700001208000099080000cd080000fb08000013090000ac090000db090000bb0a0000da0a0000
160b0000500b0000380c00004e0f000093100000ab100000d4100000fa100000161500006616000040170000b3180000
c9180000c2190000cf190000271b00008c1b0000921b00007b1c0000e81c0000231e0000881e00008c1e0000a61e0000
b71e0000f91f000019200000c3210000e1210000cc23000042240000192500009a2700009e270000e72700003a280000
ae280000b2280000c32800007d2900009f290000bb290000512a00005a2b000017300000373000004e3000007d300000
8230000092300000c7300000f9300000f0310000f4310000013200001132000091320000ec320000a9330000fb380000
18390000ff390000073a0000423a0000f33a0000da3e0000844000005f410000a400000024030000ad030000d6030000
a8040000bb0400008d0600009d060000160900005c090000dc090000570a0000530b0000891e00000d300000f1310000
e938000019390000240000004e000000dd0200008d050000c8090000451d0000170000001d0000003b00000042000000
6e000000b4000000020100008201000000020000150200009a0200009e020000f5020000110300004b03000067030000
9e030000f50300007b040000a3040000130500007a0500007d0500008105000005060000950600003108000067080000
e50800004c09000063090000780900008c090000d0090000d6090000fc090000140a00003d0a00006c0a0000f90a0000
860b0000a20b0000a50b0000ec0b0000820c0000da11000049150000bd170000ff170000421d0000521d0000a21d0000
161e00006d1e0000b91e00003b1f0000ab1f0000ba220000ae230000362600007c260000052a0000d5340000fd350000
a0360000cd3800007d3a0000c33a00001a3b0000c33b00000002000015020000ed020000f90200007b040000a0040000
0506000044060000ce090000d2090000a50b0000ec0b000049150000bd170000441d0000a21d0000161e00006d1e0000
ed1e0000ab1f0000ba220000ae230000362600007c260000bb3800007d3a0000c33a000073010000d901000008040000
520400009d040000a7040000aa040000eb0400000c060000ff06000035070000450700007307000091080000cd080000
a8090000a30a0000da0a00004e0f000097100000d4100000fa100000161500008c150000f1150000f915000066160000
761600001a170000401700009b170000b3180000c9180000c2190000cf190000271b00008c1b0000921b00007b1c0000
e81c0000231e0000901e0000a61e0000aa1e0000b71e0000f91f000019200000c3210000e1210000cc23000042240000
9a2700009e270000e72700003a280000ae280000b2280000c32800007d2900009f290000bb290000512a00005a2b0000
ae2c0000232d00004e3000007d300000cb300000f9300000013200000332000011320000ec320000f7380000e2390000
ff390000073a0000423a0000f33a0000844000005f410000e6020000000300001e050000470600004b0600001a090000
1e150000fc1600002f3600001a0000007900000082000000040200004a02000057020000600200007f0200009a020000
4b030000880300009903000098040000c4040000cb040000f604000017060000190600007b0700008107000090070000
750800000209000040090000df090000e8090000ee090000860b00009b0b0000bd0b0000c30b0000f80b0000a61a0000
c51a0000201c0000591c00009e220000db220000e42500002a27000046270000ad270000e02700006628000068280000
2e29000061290000112a00002833000027360000523600009b3700002638000081380000b9010000e101000073040000
af090000b6090000ba090000d81f00008e210000d23700002f0000004c000000b7000000aa0300008a0500008b050000
6b0800004d090000013600001d0000003b000000c7000000b9010000e1010000570200007f0200009a020000e6020000
000300004b030000960300007304000098040000cb0400001e0500007a0500008105000092050000470600004b060000
7c0800001a090000af090000b6090000ba090000df090000e8090000ee090000860b00009b0b0000f80b00001e150000
fc160000a61a0000201c0000d81f00008e210000db220000e42500002a27000046270000ad270000e027000066280000
682800002e29000061290000602c00002f3600009b370000d23700002638000081380000b9010000e1010000e6020000
00030000730400001e050000470600004b0600001a090000af090000b6090000ba0900001e150000fc160000d81f0000
8e2100002a27000046270000ad270000e027000066280000682800002e290000612900002f360000d237000081380000
1d0000003b000000c7000000b9010000e1010000040200004a02000060020000e6020000000300008803000096030000
73040000c4040000f60400001e0500007a05000081050000920500001706000019060000470600004b0600007c080000
020900001a09000040090000af090000b6090000ba090000bd0b0000c30b00001e150000fc160000c51a0000591c0000
d81f00008e2100009e2200002a27000046270000ad270000e027000066280000682800002e29000061290000112a0000
602c0000273600002f36000052360000d23700008138000008040000eb04000022050000c3060000d8060000ff060000
3507000055070000d70c0000830e000099120000541300008c150000ae150000f1150000f91500005216000076160000
1a1700009b170000b3180000c2190000aa1e0000f91f0000c3210000253000004e3000005e3000009a31000003320000
62390000e2390000ff390000730100002103000008040000520400006f0400007f040000a7040000ba0400000b070000
9108000013090000a8090000db090000a30a0000500b000097100000d7180000df180000d7190000881e00002a200000
30210000402100004b210000fd21000042300000a6300000cb300000f031000046320000f738000018390000113a0000
ac00000024030000a3030000a4030000ba030000d8030000a8040000bb040000f8040000860600009b060000a9060000
ab0600000207000036070000160900005e090000dc090000650a0000530b0000b4180000c3190000891e0000fc1f0000
c62100000b300000183000004f30000083300000f1310000eb38000019390000003a00001800000043000000ab000000
b4010000b2020000dd020000820500003406000082060000c8090000451d00001700000042000000a8000000b4000000
0201000082010000b1010000a6020000b1020000ed020000f90200007f030000960300009e030000f503000098040000
a0040000f0040000160500007d05000081050000330600004406000088060000990600002e0700006007000067080000
4c0900005a09000063090000780900008c090000b2090000ce090000d2090000000a0000020a0000180a0000ba0b0000
820c0000da11000014160000fb17000017180000451800006e1800003a190000b9190000e7190000441d0000ed1e0000
d11f00005520000030220000fa2900005f2a0000a32b0000093000006a300000fd350000a0360000bb380000c3380000
d1380000f4390000730100002103000008040000520400006f0400007f040000a7040000ba040000eb04000022050000
c3060000d8060000ff0600000b07000035070000550700009108000013090000a8090000db090000a30a0000500b0000
d70c0000f60d0000830e00000a0f00001c0f00004e0f000097100000d4100000fa1000004612000099120000dc120000
54130000191400008c150000ae150000f1150000f915000052160000761600001a1700009b170000b3180000c9180000
d7180000df180000c2190000cf190000d7190000881e0000951e0000aa1e0000f91f0000192000002a20000030210000
402100004b210000c3210000e1210000fd210000a6270000d6270000d7270000012800003d280000a9280000bf280000
d5280000d928000081290000d329000025300000423000004e3000005e300000a6300000cb300000f93000009a310000
f0310000f93100000332000046320000e8320000fe3200000a330000f73800001839000062390000a1390000e2390000
ff390000073a0000113a0000f73a00001700000042000000a8000000b4000000fa0000001e010000b1010000fb010000
110200002d020000b1020000ed020000f9020000960300009e0300000104000070040000a0040000f0040000f6040000
7d05000081050000c3050000c5050000010600003306000044060000880600009906000067080000a5080000e9080000
4c0900005a090000b2090000ce090000d2090000020a0000900b0000e10b0000460c0000e60c00007d12000049150000
bd170000b9190000441d0000a21d0000161e00006d1e0000ed1e0000ab1f0000d11f0000d2220000ae23000006250000
3a2600007c260000093000007e320000fd35000011360000bb380000c3380000813a0000c33a0000d901000021030000
a2030000b9030000e803000003040000a7040000ba040000eb040000ee04000044050000a8060000be060000d4060000
ec060000ff0600001607000035070000390700004507000073070000cd08000013090000db090000da0a0000500b0000
380c0000df0c0000f60d0000550e0000860e00000a0f00001c0f0000a7100000461200009d120000dc1200006c130000
191400001615000040170000a8180000b3180000e6180000ec180000f01800000619000055190000c2190000df190000
8e1a0000bd1a0000061c00000d1c0000941c0000881e0000951e0000f91f000042200000c321000015220000cc230000
19250000562500009a2700009e270000e72700003a280000ae280000b2280000c32800007d2900009f290000bb290000
512a000017300000213000003b3000004e300000523000007d3000008230000030310000c2310000f0310000f9310000
91320000d4320000ec320000b93400001839000066390000a1390000ff390000153a0000f33a0000da3e0000963f0000
84400000d7180000df180000d71900002a200000402100004b210000fd21000046320000113a0000a4000000ad030000
d6030000f80400008d0600009d06000002070000360700005c090000570a0000b4180000c3190000fc1f0000c6210000
0d3000004f300000e9380000003a0000240000004e000000b4010000b20200008d05000034060000b10100009e020000
b102000067030000f00400001305000033060000b2090000fc090000020a0000140a0000a20b000014160000ff170000
451800006e1800003a190000b9190000e7190000d11f00005520000030220000052a0000a32b0000c3380000cd380000
f4390000d90100002103000008040000a7040000ba040000eb040000f404000044050000c3060000d80600003d070000
45070000cd08000013090000db090000da0a0000500b0000380c0000d70c0000f60d0000830e00000a0f00001c0f0000
4612000099120000dc12000054130000191400001615000040170000a3180000d7180000df180000e6180000ec180000
f0180000061900001d190000d7190000df1900008e1a0000061c00000d1c0000881e0000951e00002a20000042200000
402100004b210000fd2100001522000019250000562500009a2700009e270000e72700003a280000ae280000b2280000
c32800007d2900009f290000bb290000342e0000582e000025300000c2310000f0310000f93100004632000091320000
d4320000ec3200001839000062390000a1390000113a0000153a0000f33a0000da3e0000963f0000170000001d000000
3b000000420000006e000000b4000000fa0000001e010000ac0100000002000004020000150200009e020000af020000
bf020000670300009e030000010400007b040000ec040000130500007a0500007d05000081050000c3050000c5050000
05060000310600009506000032070000ee0700002408000067080000a50800004c090000fc090000140a00003d0a0000
6c0a0000470b0000a20b0000a50b0000bd0b0000ec0b0000e60c00007d12000014160000ff170000451800006e180000
3a190000bd190000e7190000f9190000e91f000055200000302200009e220000ba22000036260000052a0000a32b0000
4d330000fd35000011360000cd380000f43900007d3a00001a3b0000133c0000420e0000c20e0000e60e0000fa0e0000
3f0f00004413000098130000b7130000bc130000f4130000391600007b170000fc1900005f1b0000a91b0000b51c0000
d51c0000d12300003f280000cb290000d32d0000a72e0000413400008539000097390000af390000fa3a00007a3f0000
b63f000054400000c31500004c170000861b0000cd1c0000d23900003f3a0000ed020000f902000044060000f01a0000
6d1c0000382000006804000013090000730900007f090000500b0000960b0000d90b00007d0c00004c0d0000d60e0000
250f00007511000073120000c3120000e2120000e4120000fe140000a3150000fc150000221600003017000043170000
ba170000d41a0000f41a0000421b0000061c0000611c0000851c0000c91c0000071d00006621000015220000ca220000
3d2600006f2b0000c92b00001d350000b038000034390000c7390000233a0000843a00001c3c0000253e0000c4030000
10040000e4040000480500004c050000480a0000900a0000fa0a0000fd0a0000260b0000e21500006a170000fd190000
2d1a00005b1b0000a41c0000d42300002d2400003e28000042280000c9290000cc2900000d2d00008033000021390000
d93900002e3a0000f83a0000fd3a0000df3e0000e43e00007d400000644100001a00000079000000e2000000f9010000
fb0100004b020000530200005d020000a60200007f030000b8050000160600007b070000e2090000890b0000900b0000
ba0b0000e30c0000d90d0000dc0d00005a10000044180000a31a0000522000002d2200009b220000d222000022270000
2827000038270000432700005a280000652800002b0000004a000000b001000089050000b1090000d01f00005f000000
8900000018010000c0010000750300007803000098030000ec03000077040000170500001b050000bf05000086060000
fe06000080070000890700005509000081090000190a00001e0a0000470a0000650a0000dc0a0000b00b0000b30b0000
c10b0000e80b00006f120000ad200000bf2100003f2200004b220000cb220000412300004026000071260000f1290000
012a000021330000b2380000d2380000d7380000873a0000b83a0000203b0000a53b00005e0000005001000010020000
1c02000077030000de030000e1030000680400006b040000bf040000c10400001205000018050000db05000000060000
85060000ae070000af070000c10700000608000099080000fb090000130a00001b0a00003c0a0000440a0000bb0a0000
960b00009e0b0000b20b0000d90b0000dc0b0000150c0000180c0000960c0000bd0c00000d0d0000440d00002a0e0000
2c0e0000970e0000670f0000690f00006a0f00006f0f000005100000d310000051110000a8110000aa1100008b120000
9e1200009f1200000b1300001213000045130000b4130000591400005b14000067140000db140000341500000c170000
fa1700004918000068190000761b0000771b0000ff1c0000111d0000901f00009f1f000083210000de210000ab220000
ca2200000a2300005a2300005c23000084230000bb2400006b2500006e250000352600003d2600008a260000b7260000
bd260000c4260000ee2600004127000083270000c7270000c9270000ce270000da27000063280000f0280000fa280000
54290000572900006f290000f2290000f52900008d2a0000982a00001e2b0000892c00007a2f000031330000ee330000
2f3500006135000064350000c9350000cc380000d43800002b390000443900004b3900007c3a0000843a0000d13a0000
e63a0000193b0000843b0000b93c0000234000002a40000047000000d0010000a7030000770400007804000086050000
f20700004509000047090000bf090000c10b0000e80b0000ad2000005b2100003f2200004b220000cb22000041230000
402600007126000016350000ab380000873a0000b83a0000b20300005a0400008604000094040000e4040000460a0000
b40a0000df0a0000e60a0000260b0000c3150000e21500004c1700006a170000fd1900002d1a00005b1b0000861b0000
a41c0000cd1c0000d42300002d2400003e28000042280000c9290000cc290000fc2c0000a33300000139000013390000
21390000d2390000d93900002e3a00003f3a0000f83a0000fd3a00007d4000006441000017000000b4000000f3000000
ac010000b10100004b020000530200005d020000a6020000ed020000f90200007f0300007d0500001606000044060000
ee0700006d090000b2090000e2090000ba0b00007f0c0000d90d0000dc0d00005a10000044180000a31a0000f01a0000
6d1c0000d11f0000e91f000038200000522000002d220000222700002827000038270000432700005a28000065280000
430e0000c30e0000e70e0000fb0e0000400f00003a160000601b0000aa1b0000d223000040280000d42d0000a82e0000
423400008639000098390000b0390000fb3a00007b3f0000b73f00005d4000008a010000530300006b0900008e0b0000
0e0d0000a60d00000610000074110000ba120000e0120000b4170000d31a0000fd1c000002200000102000007a230000
b62300003b2700005d280000fd020000480600006e1c00003a200000ee0300006c04000083090000590b0000dd0b0000
d70e0000270f000074120000c4120000e6120000fe150000241600003117000044170000621c0000861c0000ca1c0000
68210000192200003e260000712b0000cd2b00001f350000b438000036390000c8390000243a0000853a0000253c0000
263e0000e20300006c040000c204000019050000dc050000c30700001c0a0000450a0000bf0a0000dd0b0000190c0000
980e00006b0f0000700f000055110000ac1100008c120000a01200000c1300001313000046130000b5130000e2140000
0d170000781b0000131d000087210000e5210000bc2400006f2500003e2600008b260000be260000c5260000f2260000
ca270000cf270000dc270000fc2800005829000070290000f62900008f2a00009a2a00001f2b00008a2c00007b2f0000
33330000f03300003335000065350000cb350000d53800002c390000453900004c390000853a0000d23a0000e83a0000
1e3b0000883b0000ba3c0000264000002b400000bd0000005f020000fd020000830300007e0500001806000048060000
ef0700006e090000b3090000e3090000be0b0000810c0000de0d00005c100000a51a00006e1c0000d51f0000ed1f0000
3a20000059200000342200003a270000452700005c28000067280000cd0e00006d0f0000101300007b1400005b260000
a7290000902a000049390000a23a0000903e0000dc27000058290000e83a00006c040000190500001c0a0000dd0b0000
270f0000e6120000fe150000781b0000621c0000861c0000131d00003e2600008b260000dc27000058290000f6290000
712b0000d538000036390000243a0000853a0000d23a0000e83a0000e2030000ff030000c30700009b0900001a0b0000
cc0e0000270f00006b0f0000351100008c120000e61200000c1300007a140000fe150000781b0000621c0000861c0000
981c0000131d0000572600008b260000a32900008f2a0000712b000033330000c23300003639000045390000243a0000
9e3a0000d23a0000e53b00008e3e0000e503000007040000ba050000a1080000a7090000380b00008e0b0000ee0c0000
0e0d0000920d0000df0d0000ed0d00009a0e0000010f0000050f0000070f0000240f00002b0f00000610000038100000
5d100000921000008a110000a61100003812000080120000a2120000a4120000d3120000d7120000ee12000010160000
d2180000ea190000fc190000771a0000e71a0000381b0000fb1b0000661c0000d51c0000fd1c0000c61e0000fa1e0000
021f0000741f00005d20000038220000a6220000972600003b2700005d2800009f2b0000c6300000bd310000e4330000
de3400000d360000b63600002e39000032390000f7390000de3a0000043c0000323e0000f1040000b3090000030a0000
1d170000ba1900001f1b00008b1b0000791c0000111f0000d51f0000c43800001d3a00007d000000860100005f020000
4f03000083030000df030000f60300006d040000710400001c0500002505000018060000d20600007d07000067090000
8d090000e30900001f0a00002a0a0000480a0000530a0000fa0a00008a0b0000910b0000be0b0000de0b0000e20b0000
480f0000d511000094120000b9120000f8120000eb150000b3170000c5190000a51a0000111e0000161f0000281f0000
a61f000001200000d6220000b2230000412600004c2600007d2600003a27000045270000dd2700005c28000067280000
592900005d290000f7290000fb290000422b00001f3000009b360000d8380000e3380000393900004d3a0000883a0000
933a0000c43a0000e93a0000213b0000c43b0000bd0000001d0100005f020000fd020000150300009a0300009f030000
ef030000710400009b040000a1040000a4040000f1040000250500007e050000c405000018060000480600009a060000
0e08000035080000680800004e0900005b09000084090000b3090000d3090000d7090000e3090000030a00002a0a0000
910b0000e20b0000480f000079120000b9120000f8120000eb1500001d170000b3170000ba190000c5190000a51a0000
1f1b00008b1b0000791c0000111e0000ba1e0000ee1e0000f61e0000111f0000161f0000a61f0000d51f000001200000
d6220000b2230000412600007d2600003a27000045270000dd2700005c28000067280000592900005d290000f7290000
422b00000a3000004a330000d6340000fe350000b5380000bc380000c4380000e3380000393900001d3a00004d3a0000
883a0000c43a0000e93a000007040000ea040000c1080000310900006b0900008e0b0000770c0000300d00004b0d0000
580d0000a60d00009c0e0000ce0e0000d30e0000290f00002b0f0000d40f000006100000741100007911000001120000
3f120000a8120000ba120000c0120000e0120000ea1200009d150000ec150000b4170000ca170000d31a0000381b0000
881b0000c71b00002d1c0000fd1c00001e1d00009b210000a3210000a62200001d26000029260000b5270000d3270000
5d2800002a29000064290000142a0000432d00007f2e0000e033000043360000a7360000a0370000d737000065380000
713800007d3800001f050000480600001b09000022150000fd160000fc1a00007b1b00006e1c0000711c0000ae210000
30360000de3700007d00000012010000830200004f030000560300009c030000df030000990400009b040000c5040000
cc040000f7040000b9050000cf050000180600007d07000091070000760800000309000041090000e3090000ef090000
8a0b0000910b0000be0b0000f90b0000fc0b0000730f00005c100000f2110000491200003f15000008170000d1180000
c91a0000211c00005a1c0000b321000034220000a92200003b230000d1250000e5250000b1270000b8270000d2270000
e12700005c28000067280000292900002f2900006229000065290000152a0000122b00007d2c00002933000028360000
53360000bd3600009c370000e137000013380000273800007c380000823800003f0000008d010000cd010000e5010000
830200009a030000f80300006d04000074040000c5040000cc040000f70400001f0500007e0500009305000018060000
48060000ef070000f70700007d080000030900001b090000410900006e09000090090000b3090000bb090000e3090000
ef090000be0b0000730f00005c100000db11000049120000221500003f150000fd16000008170000d1180000c91a0000
fc1a00007b1b0000211c00005a1c00006e1c0000711c00008f21000097210000ae210000b321000034220000a9220000
3b230000b1270000b8270000d2270000e12700005c28000067280000292900002f2900006229000065290000152a0000
122b0000612c000046330000283600003036000053360000a1360000bd3600009c370000d3370000de370000e1370000
7c380000823800008a0e0000fc0e000058130000c0130000af150000fa1500009f170000b5180000721b00007f1b0000
931b0000ba1c0000ec1c0000cc2100009b310000e43100006b39000099390000e3390000013a0000383a0000433a0000
eb00000021010000ab010000ae02000021030000c805000030060000130900003e0d00008b0d0000940d00003a100000
bb1200005b1500007f15000015170000061c0000761c0000ad1d0000b91d000005200000422000001900000044000000
ac000000ea000000b5010000b3020000e1020000e8020000830500003506000086060000fe06000068090000c9090000
cc090000840c0000d1190000401d0000461d0000f51f00001c20000045200000bd00000055010000fd02000015030000
9a0300009f03000000040000020400006d04000071040000a1040000a4040000f1040000f70400007e050000c4050000
480600009a06000007070000b30700003508000068080000a60800004e0900005b0900009c090000b3090000d3090000
d7090000030a0000910b0000e20b0000470c0000f10c0000570d0000d20e0000da0e00003a11000081120000b9120000
bf1200005214000088140000b3170000be170000d1180000d5180000ba190000d5190000111e0000171e0000ba1e0000
ee1e0000a61f0000ac1f0000d51f00002620000064210000732100007e2100009a21000070220000d622000013230000
b2230000b92300000a2500003a25000041260000582600007d260000802600000a3000003e30000082320000b6320000
c7330000d63400002a350000fe35000012360000d6370000bc380000c4380000883a00009f3a0000c43a0000c73a0000
df0d0000050f0000490f00005d100000ba120000d3120000f9120000c6190000fa1e000002200000b5270000cd270000
d32700005d280000be2800002a290000642900007c290000e73200007d380000323900003a390000f3030000c5040000
cf04000018060000030900006e09000088090000f3090000810c0000751200001d170000c91a00001f1b00008b1b0000
ef1b00005a1c0000791c0000111f0000b931000028360000b93800001d3a00001d01000083020000ef030000c3040000
cc040000c40500001e07000084090000e3090000ef09000079120000e5180000dd190000211c00005e1c00006e1c0000
7d1c00003a200000463000009c370000b5380000ee3900001d01000083020000ef030000f3030000c3040000c5040000
cc040000cf040000c4050000180600001e070000030900006e0900008409000088090000e3090000ef090000f3090000
810c0000de0d0000040f0000480f00005c1000007512000079120000b9120000d2120000f81200001d170000e5180000
c5190000dd190000c91a00001f1b00008b1b0000ef1b0000211c00005a1c00005e1c00006e1c0000791c00007d1c0000
f91e0000111f0000012000003a200000b1270000cb270000d22700005c280000bd280000292900006229000078290000
46300000b9310000e6320000283600009c3700007c380000b5380000b93800003139000039390000ee3900001d3a0000
bb03000013040000bc0400004b0500004d050000950a0000de0a00001a0b0000590b0000560e00008c0e0000c00e0000
de0e00001d0f00001f0f000070130000901300001d14000024140000e515000044170000641700006f170000a9180000
b5180000b9180000ed1800000719000009190000981c0000ca1c0000cc21000019220000d32300003024000041280000
43280000a3290000aa290000bf290000d7290000102d0000622e0000843000003231000055310000ba3400001a390000
6d39000081390000a2390000a5390000dc390000013a0000163a0000fc3a0000fe3a0000e33e0000e53e0000973f0000
9a3f0000854000007f4100009c000000e3000000160100007b010000ab01000049020000ae020000c6020000e5020000
8f030000bb050000bd05000030060000850600001d08000099080000cb0900008f0b0000930b0000ca0b0000fe0c0000
050d00000f0d0000cc0d0000d40d0000d70d0000e20d00000710000060100000d3100000cc120000ce120000f2120000
da190000601a0000621a0000ef1a0000131b0000411d00006f1d0000711d0000162000006d20000048220000b6220000
e222000098230000a72300001f27000021270000252700003e27000049270000602800006b280000260000004f000000
b5010000b30200008e05000035060000b4090000d1190000da1f00001c200000452000003f000000bd0000001d010000
cd0100006b030000830300009f030000ef030000020400007c040000ed0400001a0500001c0500007e050000c4050000
ef0700002508000068080000a60800004e090000840900001d0a00001f0a0000460a00006d0a0000df0a0000480b0000
a60b0000be0b0000ed0b0000f10c0000570d0000d20e0000480f00007912000081120000b9120000bf120000f8120000
0f16000015160000be190000c5190000e8190000eb190000fd1900002d1a0000ed1f0000012000005920000060200000
b12000009a210000da21000021220000342200003b22000055220000a9220000be2200003b230000462300003f260000
74260000fb290000062a00009e2b0000a42b00004e330000fe35000012360000d6370000b5380000d6380000d8380000
39390000f5390000f8390000863a0000bb3a00001f3b0000a83b0000143c0000f63d00008a01000053030000e0030000
f7030000d30600006b0900008f090000fc0a00008e0b00000e0d0000a60d00009a0e0000230f0000290f0000460f0000
490f00004d0f000006100000e9100000741100009a110000d611000098120000a2120000a4120000ba120000e0120000
ea120000f912000001130000ec150000b41700005d190000c6190000ca190000391a0000d31a00002d1c00006a1c0000
e01c0000fd1c0000121e00001a1f00002c1f0000a71f000002200000102000007a230000b62300007f2600003b270000
5d280000432b000020300000f0300000e8330000a53400009c360000a03700002e3900003a390000513a0000c63a0000
c63b0000033e00007d0000005f02000083030000e4030000050400006d040000710400001c05000025050000b9050000
180600007d070000a0080000a3090000e30900001f0a00002a0a0000480a0000530a0000340b00008a0b0000910b0000
be0b0000de0b0000e20b0000ea0c0000de0d0000040f00005c100000911000007e120000d21200000f160000d1180000
e8190000fa190000761a0000a51a0000f91e00005920000034220000a2220000d6220000412600004c26000093260000
3a27000045270000dd2700005c28000067280000592900005d290000f7290000fb2900009e2b0000c53000000c360000
d8380000e338000031390000f5390000883a0000933a0000da3a0000e93a0000213b0000003c0000fd020000a1040000
48060000d3090000e5180000dd1900006e1c00007d1c0000ee1e00003a200000bc380000ee390000bd0000005f020000
fd020000830300009a0300009f030000f30300006d040000a1040000ed040000f1040000f70400001c0500007e050000
18060000480600009a060000ef07000025080000680800004e0900005b0900006e09000088090000b3090000d3090000
e3090000030a00000b0a00001f0a0000be0b0000de0b0000810c0000de0d0000040f00005c10000075120000d2120000
0f160000d1180000e518000051190000ba190000be190000dd190000e8190000761a0000a51a00006e1c00007d1c0000
ee1e0000f91e0000d51f0000ed1f00003a20000059200000342200004c260000932600003a27000045270000dd270000
5c28000067280000592900005d290000fb2900009e2b00000a3000004e330000a1340000fe350000b9380000bc380000
c4380000d838000031390000ee390000f5390000933a0000da3a0000e93a00001e0f0000a10f0000b613000021140000
65170000cb180000e9210000fc230000032800000d330000a43900000a3a0000303f0000e3400000640e00008c0e0000
410f00004613000070130000f01300004f1b0000931b0000ab1b0000ca1c0000ec1c0000d43100001e3400006d390000
b1390000433a0000b83f0000e3000000f9000000160100005d01000077020000bd050000bb070000fb0800008b0d0000
e11200005b150000d51a0000ef1a0000761c0000fe1c0000ad1d000088230000e5030000ea040000ba050000a1080000
6b090000cb0a0000370c0000770c0000ee0c00001f0d00001c0e0000240e0000320e00009e0e0000230f0000240f0000
6e0f0000710f0000381000005d11000063110000c11100003812000080120000ae120000e01200001113000015130000
44130000f81300004b1400005314000061140000b4170000d31a0000e71a0000881b0000191c0000661c0000b51c0000
121e0000a71f0000382200003c230000b6230000092500007f260000c3260000fe260000cd270000932a00009e2a0000
d22a0000872b0000cb31000081320000d8330000053400000d360000b63600004a3900004e390000c63a0000943b0000
053d00002940000041280000bf290000fc3a000025270000492700006b2800004f020000640200001d0600007c040000
a60b0000ed0b0000031600003e1b0000871c0000031d0000be2200003f260000762b0000253a0000863a0000410f0000
f013000044170000b5180000931b0000ab1b0000ca1c0000ec1c0000cc210000d323000041280000bf290000b1390000
013a0000433a0000fc3a0000b83f000085400000ab010000ae020000e50200008f03000030060000ca0b00008b0d0000
e11200005b150000d51a0000ef1a0000761c0000fe1c0000ad1d00008823000025270000492700006b280000240e0000
db0e00006e0f0000111300005314000089140000142300005c2600003b270000b5270000d32700005d2800002a290000
64290000a8290000e32900009e2a00007d3800004a390000a33a0000913e00000a040000c504000018060000b3070000
c807000003090000e30900002a0b0000b90c00008d12000003160000a51a0000c91a00003e1b00005a1c0000871c0000
991c0000031d0000762b00003833000028360000253a0000f53b0000330400005b040000d8040000950a0000bf0a0000
87170000ed180000721b0000ba1c00001922000057240000ae3000009033000002390000163a0000383a000042410000
e3000000f900000016070000ae070000700900007a0c0000c10c00008b0d0000940d00003a1000005b150000da190000
bd1a0000ef1a0000131b0000461b00000b1d00001201000086010000cd010000150300009c030000f603000099040000
a4040000c3040000cf040000ed040000b9050000a10600006107000098070000ef070000250800003508000063080000
670900008d090000d7090000900a00001a0c0000da0e0000d51100007813000052140000881400000a1500009c150000
0f160000b3170000be190000e8190000ba1e0000ed1f00005920000034220000132300007f250000582600007f270000
cb270000e5270000f22800000129000071290000332a00004c2a00009e2b0000192c0000542c0000113000006b300000
4e33000079330000d634000075350000d03500009b360000f53900009f3a0000593b0000a24100004f020000e4090000
aa1a000019000000440000008d000000aa0100004f02000064020000e1020000830500001d0600007e070000c9090000
e40900008b0b0000aa1a0000401d0000de22000024270000482700006a280000550100005f0200008302000000040000
cc04000018060000b30700009c090000e3090000ef0900001b0b00003a1100007d1b0000211c0000a81c0000031d0000
181d0000802300008c260000c73300009c370000d33a0000e63b0000330400005b040000d8040000950a0000bf0a0000
640e00008c0e00001d0f0000410f0000a00f00004613000070130000b5130000f01300001d1400006417000087170000
ca180000ed1800004f1b0000721b0000931b0000ab1b0000ba1c0000ca1c0000ec1c0000e521000019220000fb230000
5724000002280000ae300000d43100000b330000903300001e340000023900006d390000a2390000b1390000083a0000
163a0000383a0000433a00002d3f0000b83f0000df40000042410000e3000000f9000000160100005d01000077020000
bd05000016070000ae070000bb070000fb080000700900007a0c0000c10c00003c0d00008b0d0000940d0000b90d0000
d40d0000380e00003a1000004b100000cc120000e112000049140000671400005b150000da190000bd1a0000d51a0000
ef1a0000131b0000461b0000761c0000fe1c00000b1d00006f1d0000ad1d0000282300008823000097270000a7280000
4f020000640200001d060000e4090000aa1a000024270000482700006a280000550100005f0200008302000000040000
0a040000c5040000cc04000018060000b3070000c8070000030900009c090000e3090000ef0900001b0b00002a0b0000
b90c0000230e0000da0e00006c0f00003a1100008d1200000d130000521400008814000003160000a51a0000c91a0000
3e1b00007d1b0000211c00005a1c0000871c0000991c0000a81c0000031d0000181d0000132300008023000058260000
8c2600003a270000b1270000d22700005c2800002929000062290000a4290000df2900009d2a0000762b000038330000
c7330000283600009c3700007c38000046390000253a00009f3a0000d33a0000e63b0000f53b00008f3e000013010000
8a010000f70300009a040000ba050000630700006b0900008f090000930a00001f0d0000920d0000a60d00009e0e0000
d00e0000db0e0000290f00002b0f0000381000005d11000063110000d6110000ae120000e0120000ea1200007c130000
eb1300004b14000053140000611400007e14000089140000bd1400009d15000010160000b4170000e2180000ea190000
2d1c0000c21c0000291d00005d200000382200000c2300001423000022230000462500008c2500005c26000060260000
cd270000502a00009f2b00001d2c0000582c00006d300000c3320000d8330000863500009c360000a0370000f7390000
a33a0000a73a00005c3b0000f83c0000a4410000cd010000150300009c030000e4030000a4040000c3040000cf040000
e8040000ed040000b9050000a106000098070000ef070000250800003508000063080000a008000067090000d7090000
c70a00001a0c0000330c0000760c0000ea0c0000230e00006c0f00007e1200000d13000041130000521400000a150000
b3170000be190000111e0000ba1e0000a61f0000ed1f0000342200003b230000b2230000072500007f2500007d260000
bf260000fa2600007f270000cb270000e5270000f22800000129000071290000332a00009d2a0000113000007f320000
4e33000079330000d634000075350000d03500000c36000046390000c43a0000903b0000274000006b0300001a050000
1d0a0000a60b00007d1b0000031d0000181d0000802300008c260000062a0000d6380000d33a00003f000000bd000000
cd010000150300006b0300009f0300000a040000710400007c040000a4040000c3040000cf0400001a0500007e050000
b3070000c8070000ef07000035080000680800004e090000d70900001d0a0000460a00006d0a0000910b0000a60b0000
be0b0000e20b0000ed0b00001a0c0000290c0000b90c0000230e00006c0f00008d1200000d13000052140000b3170000
7d1b0000031d0000181d0000111e0000ba1e0000a61f000034220000a9220000be220000d62200003b23000080230000
b2230000702500007f2500003f260000412600007d2600008c260000bf260000fa2600007f270000cb270000e5270000
f22800000129000071290000062a00009d2a000038330000d63400006635000075350000d0350000fe350000d6380000
46390000863a0000883a0000c43a0000d33a00001f3b000027400000bc0400004b050000de0a0000590b000087170000
ed180000721b0000ba1c0000192200005724000041280000bf2900001a390000163a0000383a0000fc3a0000e33e0000
42410000ab010000e5020000cb0900008f0b00008b0d0000940d00003a1000005b150000da190000ef1a0000131b0000
461b00000b1d0000411d0000e222000025270000492700006b28000019000000440000008d000000aa0100004f020000
64020000ad020000e10200008b030000830500001d0600002f0600007e070000e4090000c60b0000aa1a000024270000
482700006a2800003f000000bd00000055010000560300006b030000830300009f030000000400007c040000c3040000
cf040000ed0400001a0500001c0500007e050000b3070000ef0700002508000035080000540800006308000068080000
4e0900009c0900001d0a00001f0a0000460a00006d0a0000910b0000a60b0000be0b0000ed0b0000da0e00003a110000
52140000881400000a1500009c150000031600000f160000b3170000be190000e81900003e1b0000871c0000031d0000
ed1f00005920000034220000be220000132300003f260000582600007f270000cb270000e5270000f228000001290000
71290000fb290000062a0000332a0000422a0000762b00009e2b0000192c0000542c00004e3300006a33000079330000
c7330000d0350000fe350000d6380000d8380000f5390000253a0000863a00009f3a00001f3b0000a2410000420e0000
fa0e000044130000bc130000391600007b170000fc190000d12300003f280000cb290000d32d000097390000fa3a0000
7a3f000054400000c31500004c170000d2390000ed020000f902000044060000a31500002216000030170000ba170000
c92b0000c7390000fa0e0000bc130000391600007b1700003f280000cb29000097390000fa3a00007a3f000068040000
13090000730900007f090000500b0000960b0000d90b00007d0c000073120000fe140000a31500002216000030170000
43170000ba170000ca2200003d260000c92b0000b0380000c7390000843a00001c3c00001104000049050000930a0000
fc0a0000e31500006b1700002e1a00002e2400003f280000cb2900000e2d0000da390000fa3a0000e13e000068410000
5e0000003201000059010000100200005803000077030000fe030000680400006b040000c10400001205000018050000
0006000085060000be060000b7070000520800009a090000fb090000130a00001b0a00003c0a0000440a0000940a0000
930b0000960b0000b20b0000d90b0000dc0b0000d50e0000331100006c1300006314000083140000fc150000fa170000
93180000621a0000421b0000851c0000071d0000ca2200001c230000352600003d2600005d26000041270000ce270000
da270000632800005429000057290000f2290000f52900002e2a00006f2b00001e2c0000482c000068330000c0330000
cc380000d4380000233a00007c3a0000843a0000a43a0000e63a0000193b00005d3b0000a541000094040000e60a0000
13390000b1010000b2090000d11f00004700000078030000a70300001b0500008605000045090000470900001e0a0000
b30b0000012a0000ab380000d7380000b203000094040000e40400004c050000460a0000e60a0000fd0a0000260b0000
c31500004c17000042280000cc290000fc2c00001339000021390000d2390000fd3a0000e43e000017000000b4000000
b1010000fb01000053020000ed020000f90200007d05000044060000b2090000e2090000900b0000a31a0000d11f0000
d222000028270000432700006528000019010000c101000077030000ed03000018050000c0050000ff06000082090000
1b0a0000dd0a0000b20b000070120000ae200000c3210000402200004c2200004223000072260000f2290000b3380000
d4380000b93a0000a63b00001104000049050000930a0000fc0a0000420e0000fa0e00003f0f0000a20f000044130000
bc130000d1130000f4130000e3150000391600006b1700007b170000fc190000191a00002e1a0000701b0000be1c0000
d1230000fd2300002e240000142800003f280000ac290000cb2900000e2d0000d32d0000e835000097390000af390000
da390000363a0000fa3a0000e13e0000313f00007a3f000054400000d34000006841000094040000e60a0000c3150000
4c17000042280000cc29000013390000d2390000fd3a0000b1010000ed020000f902000044060000b2090000d11f0000
28270000432700006528000019010000c101000077030000ed0300006804000018050000c0050000ff06000013090000
730900007f090000820900001b0a0000dd0a0000500b0000960b0000b20b0000d90b00007d0c00002c0e0000d50e0000
6f0f00007012000073120000121300005b1400006314000083140000fe140000a3150000221600003017000043170000
ba170000ae200000c3210000402200004c220000ca2200001c230000422300003d2600005d260000722600005b270000
83270000c9270000a9280000f0280000fa2800006f290000a9290000d3290000f2290000982a0000c92b0000c9350000
b0380000b3380000d43800004b390000c7390000843a0000a43a0000b93a0000a63b00001c3c0000923e00005e000000
1002000077030000de030000680400006b040000bf04000012050000180500000006000085060000af070000c1070000
99080000fb090000130a00001b0a00003c0a0000440a0000bb0a0000960b00009e0b0000b20b0000d90b0000dc0b0000
150c0000960c0000bd0c00002c0e00006f0f00008b12000012130000451300005b140000fa170000761b0000ff1c0000
111d00009f1f0000ab220000ca2200005c230000842300006e250000352600003d2600008a260000c4260000ee260000
41270000ce270000da270000632800005429000057290000f2290000f5290000982a00003133000064350000cc380000
d43800004b3900007c3a0000843a0000d13a0000e63a0000193b0000843b00002a400000ae200000402200004c220000
4223000072260000b93a000047000000a703000077040000860500004509000047090000c10b0000e80b0000cb220000
40260000ab380000873a000010020000770300006b040000120500001805000000060000730900007f0900001b0a0000
b20b0000ca0b0000dc0b00004f0c00007d0c00002c0e00006f0f000073120000121300005b140000761b0000ff1c0000
111d00009f1f0000ae200000402200004c220000a7220000422300005c230000842300009b2400003526000072260000
8a260000c4260000ee26000041270000ce270000da270000632800005429000057290000f2290000982a00005a2f0000
b0380000d43800004b3900007c3a0000b93a0000d13a0000e63a00002a400000e31500006b1700002e1a00002e240000
3f280000cb290000da390000fa3a000068410000b203000094040000460a0000e60a0000c31500004c170000fd190000
5b1b0000a41c0000d423000042280000cc290000fc2c000013390000d23900002e3a0000fd3a00007d40000017000000
b4000000b10100004b0200005d020000a6020000ed020000f90200007f0300007d0500001606000044060000b2090000
ba0b0000d11f00002827000043270000652800001901000054030000ed030000680400006b04000012050000c0050000
6606000082090000fb090000130a00008f0b0000960b0000d90b0000d50e0000701200006314000083140000a3150000
fc1500002216000030170000ba170000fa17000093180000621a0000421b0000851c0000071d0000ca2200001c230000
3d2600005d26000041270000ce270000da270000632800005429000057290000f5290000682a00006f2b0000c92b0000
1e2c0000482c0000e42c0000b3380000cc380000c7390000233a0000843a0000a43a0000e63a0000a5410000990e0000
cd0e00007c100000a1120000211400007b140000651700005b260000cc270000fb2a00001c2c0000b72d00002d390000
a23a0000323d0000a34100002416000031170000cd2b0000c8390000fb0e00003a1600004028000098390000fb3a0000
7b3f0000ba120000b417000002200000b62300003b2700005d280000120400004a050000430e0000fb0e0000400f0000
a30f0000e41500003a160000711b0000d2230000fe2300002f24000015280000402800000f2d0000d42d0000e9350000
98390000b0390000db390000373a0000fb3a0000e23e0000323f00007b3f00005d400000d7400000714100008a010000
53030000ba0500006b0900008e0b0000ee0c0000920d0000df0d0000320e0000381000005d100000ba120000e0120000
4b14000061140000b4170000d31a0000022000005d20000038220000a622000022230000b62300003b27000079270000
5d280000ee280000fd02000048060000b3090000d51f00004527000067280000ee0300006c0400001905000083090000
1c0a0000de0a0000590b0000dd0b0000d70e0000700f0000741200001313000085140000241600003117000044170000
b0200000cc210000502200003e2600005e26000073260000cf270000fc28000070290000aa290000d7290000f6290000
9a2a0000cd2b0000cb350000b4380000d53800004c390000c8390000853a0000a53a0000ba3a0000a73b0000253c0000
933e0000990e00006d0f0000a112000010130000b6130000e6140000e9210000bd240000c2260000cc270000902a0000
7c2f00002d39000049390000bb3c000028400000b02000005022000073260000ba3a0000ee0300006c04000019050000
830900001c0a0000dd0b0000580c0000700f00007412000013130000781b0000131d0000b0200000502200009c240000
3e260000732600008b260000c5260000f2260000cf270000dc27000058290000f62900009a2a00005b2f0000b4380000
d53800004c390000853a0000ba3a0000d23a0000e83a00002b400000e41500002f24000040280000db390000fb3a0000
71410000df0d00005d1000005d200000382200003b2700005d280000ee0300006c040000190500006706000083090000
1c0a0000dd0b0000d70e00007412000085140000fe1500002416000031170000861c00003e2600005e260000cf270000
dc27000058290000f6290000712a0000712b0000cd2b00001f2c00004c2c0000e52c0000b4380000d5380000c8390000
243a0000853a0000a53a0000e83a0000a6410000c10e00000d0f000091130000b6130000c8150000cb180000e9210000
44240000a7290000042e0000a5310000843900000a3a000050410000fa1500009f170000e33900007f15000015170000
b91d0000df0d0000050f0000740f00005d1000004a120000d3120000401500009d150000091700007b170000b4170000
121e0000fa1e0000801f0000a71f0000b62300007f260000be36000032390000c63a0000b43d0000bb03000025040000
5b040000b0040000bc0400004b050000bf0a0000de0a00001a0b0000590b000044170000b5180000cc180000931b0000
ec1c0000cc210000ec210000d32300004524000041280000aa290000bf2900008430000094300000aa33000002390000
1a390000013a00000b3a0000433a0000fc3a0000e33e000085400000604100009c000000f9000000ab01000049020000
ae020000e50200008f0300003006000085060000be0600000608000070090000cb0900008f0b0000ca0b00007a0c0000
df0c00003e0d0000bb0d00004d1000005b150000761c0000411d0000591d0000ad1d0000e01d00009f1f0000e2220000
2127000025270000492700006b280000260000004f000000e80200008e050000cc090000461d00003f000000bd000000
8d01000015030000560300006b0300009f030000f80300007c040000a40400001a0500007e0500003508000068080000
4e0900006e09000090090000d70900001d0a0000460a00006d0a0000fd0a0000910b0000a60b0000ed0b0000db110000
be170000171e0000ba1e00003c1f0000ac1f0000be220000b92300003f26000080260000062a0000d6340000fe350000
a1360000d6380000863a0000c73a00001f3b0000c73b00008a01000053030000e0030000e5030000f7030000ea040000
ba050000d3060000a10800006b0900008f090000cb0a0000fc0a00008e0b0000370c0000770c0000ee0c0000300d0000
ed0d00001c0e0000240e00009c0e0000d00e0000070f0000490f00004d0f00006e0f000006100000a6110000d6110000
011200008012000098120000a8120000ba120000d7120000f91200001113000044130000d11300004b14000053140000
7e140000d7140000ec150000b4170000c6190000881b0000fd1c0000121e0000c61e00001a1f00002c1f0000561f0000
a71f0000bd1f00000220000038220000222300003c2300007a230000b62300000925000026250000ac25000060260000
7f260000c3260000fe2600003b270000cd2700005d2800009e2a0000432b00002030000081320000a2320000de340000
a73500000d3600009c360000a73600003a3900004a390000513a0000a73a0000c63a0000943b0000c63b0000da3c0000
29400000fd0200007c040000a104000048060000d3090000a60b0000ed0b0000be170000171e0000ee1e0000ac1f0000
be220000b92300003f26000080260000bc380000863a0000c73a000059040000ab040000a70a0000de0a0000fa150000
441700009f170000b5180000cc180000931b0000ec1c0000cc210000ec210000d32300004524000041280000aa290000
bf290000242d000000390000e3390000013a00000b3a0000433a0000fc3a00008540000060410000eb000000ab010000
ae020000e50200008f03000000060000300600006c090000ca0b0000850c00003e0d0000bb0d00004d1000005b150000
7f15000015170000761c0000651d0000ad1d0000b91d0000e01d00009f1f00002127000025270000492700006b280000
07040000ea040000c1080000310900006b0900008e0b0000770c0000580d0000d30e0000d40f0000ba120000c0120000
9d150000ec150000b4170000ca1700009b210000a622000029260000b5270000d32700005d2800002a29000064290000
142a0000432d000043360000d7370000713800007d3800001f050000480600001b09000022150000fd16000030360000
580d0000d30e0000ba120000c01200009d150000ec150000b4170000ca1700009b21000029260000b5270000d3270000
5d2800002a29000064290000d7370000713800007d3800001301000053030000e00300009a040000ba050000d0050000
8e0b0000fb0b0000740f00005d100000f61100004a1200004015000009170000d2180000b7210000382200003c230000
d5250000b5270000d32700005d2800002a29000064290000132b00007e2c0000be360000e5370000173800007d380000
e501000074040000b3090000bb0900008f210000d33700003f000000e501000083020000560300009a03000074040000
9b040000cc0400001f0500007e05000093050000480600007d0800001b090000b3090000bb090000e3090000ef090000
910b0000fc0b000022150000fd160000211c00008f210000e5250000b8270000e1270000672800002f29000065290000
612c0000303600009c370000d337000027380000823800001301000053030000e0030000070400009a040000ea040000
ba050000d0050000c1080000310900006b0900008e0b0000fb0b0000770c0000580d0000a60d00001c0e0000d30e0000
010f0000240f0000290f00004d0f0000740f0000d40f0000381000005d100000f6110000381200004a1200006c120000
ba120000c0120000e0120000ea1200004b1400006114000096140000401500009d150000ec15000009170000b4170000
ca170000d2180000e71a00002d1c0000661c00009b210000b721000038220000a62200000c2300003c230000d5250000
ff2500002926000079270000b5270000d0270000d32700005d280000ee280000072900002a2900004029000064290000
142a0000ab2a0000132b00007e2c0000432d0000d735000043360000b6360000be360000e0360000a0370000d7370000
e53700001738000045380000713800007d380000e5010000740400001f050000480600001b090000b3090000bb090000
22150000fd1600008f210000b8270000e1270000672800002f2900006529000030360000d337000082380000740f0000
5d1000004a1200004015000009170000d2180000b7210000382200003c230000b5270000d32700005d2800002a290000
64290000132b0000be360000e53700007d3800003f000000e50100009a03000074040000c5040000f70400001f050000
7e0500009305000018060000480600007d080000030900001b09000041090000b3090000bb090000be0b000022150000
fd160000c91a00005a1c00008f210000a9220000b8270000e1270000672800002f29000065290000152a0000612c0000
283600003036000053360000d3370000823800008a0e000058130000af150000fa1500009f170000b5180000cc210000
9b3100006b390000e3390000013a0000eb00000021010000ab010000ae02000021030000c80500003006000013090000
7f15000015170000b91d0000240e00006e0f0000740f00005d1000004a120000111300005314000040150000ec150000
101600008216000009170000ea1900005d200000382200009e2a00009f2b0000f12b000092310000be3600004a390000
f73900005904000080040000bc040000a70a0000590b0000e018000001220000a7300000003900001a390000123a0000
eb000000e5020000ff0600006c090000cb090000850c0000d2190000411d0000f91f00001d20000046200000bd000000
8d010000fd020000830300009a0300009f030000f80300009b040000a1040000f10400001c0500007e05000048060000
9a06000064070000680800004e0900005b0900006e09000090090000b3090000d3090000030a00001f0a0000be0b0000
db11000015160000ba190000eb190000ee1e0000d51f0000602000003b220000fb290000602a0000a42b00000a300000
6e300000fe350000a1360000bc380000c4380000d8380000f83900005904000080040000bc040000a70a0000590b0000
8a0e00001f0f00005813000024140000af150000fa1500009f170000b5180000cc180000e0180000cc210000ec210000
012200000428000043280000d7290000a73000009b3100000e330000003900001a3900006b390000a5390000e3390000
013a00000b3a0000123a0000fe3a0000eb00000021010000ab010000ae020000e502000021030000c805000030060000
ff060000130900006c090000cb090000850c00003e0d0000bb0d0000d70d00004d100000ce1200007f15000015170000
d2190000411d0000711d0000b91d0000f91f00001d20000046200000212700003e270000a627000060280000a9280000
580d0000d30e0000db0e0000ba120000c01200005314000089140000b4170000d2180000121e0000a71f00009b210000
7422000014230000b62300003b2500005c2600007f260000b7320000d7370000a33a0000c63a0000bd000000fd020000
9a0300009f0300000204000071040000a1040000f1040000f70400007e050000c4050000480600009a06000068080000
a60800004e0900005b090000b3090000d3090000030a0000910b0000e20b0000470c0000f10c000081120000be170000
ba190000171e0000ee1e0000ac1f0000d51f0000d6220000b92300000a25000041260000802600000a30000082320000
fe35000012360000bc380000c4380000883a0000c73a0000c10e0000df0e00001e0f0000911300002114000065170000
ba18000008190000a7290000632e00005631000084390000a4390000993f0000bb030000bc0400004b050000de0a0000
590b0000560e00008c0e00001f0f0000701300002414000044170000a9180000b5180000ed18000009190000981c0000
cc21000019220000d323000041280000aa290000bf2900008430000032310000ba3400001a3900006d390000a5390000
013a0000163a0000fc3a0000e33e00009a3f0000854000009c000000e3000000160100007b010000ab01000049020000
ae020000c6020000e50200008f030000bd05000030060000850600001d08000099080000cb0900008f0b0000ca0b0000
d70d0000ce120000da190000621a0000ef1a0000131b0000411d0000711d0000e2220000a72300002127000025270000
492700006b280000130100008a010000e5030000f7030000070400009a040000ba05000063070000a10800006b090000
8f090000a7090000930a0000380b00008e0b0000ee0c0000300d0000df0d0000320e00009c0e0000db0e0000010f0000
050f0000460f0000710f0000061000005d1000009210000020110000741100009a110000d61100000112000080120000
a8120000d3120000151300007c130000121400005314000061140000891400009d15000010160000b4170000d2180000
e21800007d190000ca190000ea190000fc190000191a0000771a0000381b0000fd1c0000fa1e0000102000005d200000
38220000a62200000c230000142300005c260000972600003b270000cd2700005d280000502a0000932a0000ec2a0000
9f2b0000b52b00001d2c0000582c00006d300000c630000019310000e8330000b13400000d3600009c360000a7360000
323900004e390000f7390000a33a0000de3a00005c3b0000043c0000233d0000a4410000e018000001220000123a0000
d21900001d20000046200000260000004f000000b5010000b30200008e050000350600006b030000f10400001a050000
b3090000030a00001d0a0000a60b000015160000ba190000eb190000d51f0000602000003b220000062a0000a42b0000
c4380000d6380000f8390000bc0400004b050000de0a0000590b00008a0e00001f0f0000581300002414000044170000
a4180000e0180000ed18000009190000012200001922000041280000aa290000bf290000592e00001a3900006b390000
a5390000123a0000163a0000fc3a0000e33e00009a3f0000eb00000021010000ab010000d2020000e5020000c8050000
cb090000fb0900008f0b0000d70d0000ce120000d2190000da190000621a0000ef1a0000131b0000411d0000711d0000
1d20000046200000e2220000a72300002127000025270000492700006b280000580d0000d30e0000490f0000ba120000
c0120000f912000010160000c6190000ea1900002e1a0000022000005d2000009b21000025220000382200003c230000
9f2b0000d73700003a390000f7390000f73d00003f000000bd0000006b0300009f030000020400007c040000ed040000
1a0500007e050000c4050000ef0700002508000068080000a60800004e0900001d0a0000460a00006d0a0000480b0000
a60b0000be0b0000ed0b0000f10c00008112000015160000be190000eb190000fd190000ed1f0000602000003b220000
a9220000be2200003f260000062a0000a42b00004e330000fe35000012360000d6380000f8390000863a00001f3b0000
143c0000eb00000021010000ab010000ae02000021030000f10300009d040000a7040000c80500000006000030060000
ec080000130900006c09000086090000db090000850c00003e0d00008b0d0000940d0000bb0d0000280f00004a0f0000
3a1000004d10000077120000bb120000e1120000e7120000fa1200005b1500007f15000015170000e3180000e6180000
31190000a6190000c7190000df190000d51a00001b1b0000061c00000d1c0000631c0000761c00007f1c0000651d0000
ad1d0000b91d0000251e0000881e0000f21e00000d1f00000520000042200000c2310000f0310000243600006e370000
b7380000373900003b3900004a3a00001900000044000000ac000000cb000000ea00000020010000b5010000b3020000
ce020000e1020000e802000002030000a0030000a4030000f0030000a2040000e9040000f2040000f30400007f050000
83050000c7050000350600004d060000860600009b060000fe0600003407000069080000500900005e09000068090000
85090000b4090000c9090000cc090000d4090000f7090000040a0000050a0000840c000076120000f118000084190000
bb190000c0190000d1190000e0190000401d0000461d0000ef1e0000da1f0000f51f00001c200000452000000b300000
4d300000ff35000066370000b6380000bd380000c5380000ef3900009c000000e3000000160100007b010000ab010000
49020000ae020000c6020000e50200008f030000e60300000b0400006f04000022050000bb050000bd05000030060000
850600001d08000099080000a2080000ac090000cb090000260a00004f0a00003d0b00008f0b0000930b0000ca0b0000
e00b0000fe0c0000050d00000f0d0000cc0d0000d40d0000d70d0000e20d00009b0e0000060f0000450f00004b0f0000
071000006010000093100000d3100000f910000085120000a3120000cc120000ce120000d4120000f2120000fc120000
11160000d318000091190000cd190000da190000ef190000011a0000431a0000601a0000621a0000781a0000ef1a0000
131b0000411d00006f1d0000711d0000fb1e0000162000006d20000048220000b6220000e222000098230000a7230000
482600009c2600001f27000021270000252700003e27000049270000df270000602800006b2800005b290000f9290000
a02b0000c7300000f83000000e3600006b370000df3800002f39000033390000fc3900008f3a0000e33a0000eb3a0000
273b0000093c00000d3e0000260000004f000000b5010000b3020000a9030000f20400008e0500003506000048090000
b4090000040a0000f1180000bb190000d1190000e0190000da1f00001c20000045200000ad380000c5380000ef390000
e5030000ea040000ba050000a10800006b090000cb0a0000370c0000770c0000ee0c00001f0d00001c0e0000240e0000
320e0000720e0000920e00009e0e0000c90e0000230f0000240f00005b0f0000630f0000660f00006e0f0000710f0000
381000005d11000063110000c11100003812000080120000ae120000e01200001113000015130000441300004a130000
7c13000094130000f8130000061400000a140000121400004b1400005314000061140000b4170000d31a0000e71a0000
6a1b0000751b0000881b0000981b0000191c0000661c0000b51c0000b61c0000c21c0000e91d0000121e00002c1e0000
441e00005e1f0000801f0000a71f0000382200003c230000b6230000092500007f260000c3260000fe260000cd270000
932a00009e2a0000d22a0000872b0000cb310000e83100001532000081320000d833000005340000573400000d360000
b6360000ec360000c03700004a3900004e3900007439000091390000bd390000c13900003c3a0000703a0000c63a0000
943b0000053d0000d63f0000294000007c040000a60b0000ed0b0000031600003e1b00009c1b0000871c0000e31c0000
031d0000f51d0000341f0000be2200003f260000762b0000253a0000483a00005b3a0000863a00000002000015020000
05060000581800005d18000032190000ab010000ae020000e50200008f030000080400009d0400000006000030060000
c3060000d8060000ec080000cb0900000c0b0000ca0b0000d70c00008b0d0000c80d00002c0f00004e0f0000e5100000
ea1000009611000099120000e1120000021300005b150000f1150000e3180000311900005e190000a6190000da190000
3e1a0000d51a0000e21a0000ef1a0000131b00001b1b00006b1c0000761c00007f1c0000e11c0000fe1c0000411d0000
651d0000ad1d0000d81d0000f21e00001b1f00002d1f0000971f00008823000025270000492700006b280000482b0000
25300000f1300000a6340000243600006e370000523a0000d63b0000083e00001201000086010000cd01000015030000
9c030000bd030000f6030000400400006004000099040000a4040000be040000c3040000cf040000ed040000ff040000
57050000b9050000a10600006107000098070000ef070000250800003508000063080000670900008d090000d7090000
900a0000980a0000c70a0000e30a0000670b00001a0c0000da0e0000d51100007813000052140000881400000a150000
9c1500000f1600004917000092170000b3170000b7180000f8180000be190000e81900000a1e0000ba1e00004d1f0000
ed1f000059200000da210000212200003422000013230000df230000672400007f250000582600007f270000cb270000
e52700004d280000f22800000129000071290000c4290000332a00004c2a00009e2b0000192c0000542c000011300000
6b30000086300000b33000004e33000079330000d634000075350000d0350000673600009b360000073900001c390000
f5390000033a0000183a0000613a00009f3a00000a3b0000593b0000f13e00008840000022410000a2410000a1000000
e5000000ff000000ac010000ae010000af020000ea020000f502000094030000310600008a0600002c0700008b080000
76090000d00900009f0b0000cf0b0000790c0000a20c0000640d00006d0d0000271000006e1500001118000044180000
6d1800009f180000391900006e1a0000421d0000e7220000262700004a2700006c28000027000000500000009d020000
8f050000f8090000fe17000019000000440000008d000000cb00000072010000aa0100004f02000064020000ad020000
ce020000e102000070030000a0030000060400007d040000f3040000260500007f050000830500001d0600002f060000
7e070000690800009008000050090000a4090000c9090000e4090000f7090000050a00002b0a0000540a0000700a0000
350b00008b0b0000a70b0000ab0b0000ee0b000096100000d6180000841900000a1a0000661a00007b1a0000aa1a0000
401d0000c3220000de2200009e2300004d2600009426000024270000482700006a280000072a0000ca300000ff350000
66370000e4380000943a0000db3a0000293b0000013c0000e3000000f900000016010000510100005d010000d9010000
7702000021030000a2030000e6030000e803000003040000a7040000eb040000ee040000bb050000bd050000a8060000
ff0600001607000035070000390700004507000073070000ae070000af070000bb070000a2080000b6080000cd080000
fb0800001309000070090000a0090000db090000d00a0000380c00003c0c00007a0c0000c10c0000fe0c0000280d0000
3c0d00008b0d0000940d0000b90d0000cc0d0000d40d0000270e0000380e00009f0e0000cf0e0000090f00000a0f0000
4b0f0000790f00003a1000004b100000ba100000c21000003611000044110000861100008b11000085120000b3120000
cc120000e1120000f2120000fc120000211300005113000004140000491400005614000059140000671400007d140000
a2140000161500005b15000077150000aa160000b5170000e6180000ef180000f0180000551900006819000071190000
8219000091190000c2190000da190000e3190000251a00008c1a0000bd1a0000d51a0000ef1a0000131b0000461b0000
761c0000fe1c00000b1d00006f1d00007e1d0000ad1d0000131e0000881e0000031f0000a81f0000f91f00004e200000
3d2200000e230000282300003f23000088230000c62300000e2500001925000050250000f12500006626000084260000
d326000003270000972700009e270000d7270000e7270000a7280000ae280000c32800007d290000512a00009f2a0000
b62b0000173000004e300000523000007d300000dc300000f03100008632000091320000ce320000ec320000c3330000
d2330000e5330000a8340000b63400000e3600006b370000373800005a390000ad3a0000cb3a0000993b0000153d0000
33400000a40000004f02000064020000c9020000ad0300007d040000f80400001d0600008d0600009d06000020080000
5c090000e40900000c0a0000a70b0000ee0b0000d618000052190000661a00007b1a0000aa1a0000c32200009e230000
4d2600009426000024270000482700006a2800000d300000a2340000943a0000db3a00003f000000bd00000055010000
560300006b030000830300009f030000cd030000db03000000040000650400007c040000c3040000cf040000ed040000
060500000c0500000e0500001a0500001c0500007e050000b3070000ef07000025080000350800005408000063080000
680800004e0900009c0900001d0a00001f0a0000460a00004b0a00006d0a0000ac0a00003b0b0000400b0000480b0000
910b0000a60b0000be0b0000ed0b0000da0e00003a11000052140000881400000a1500009c150000031600000f160000
4917000092170000b3170000b7180000f8180000be190000e81900003e1b00009c1b0000871c0000e31c0000031d0000
f51d00000a1e0000341f00004d1f0000ed1f000059200000da2100002122000034220000be22000013230000df230000
672400003f260000582600007f270000cb270000e52700004d280000f22800000129000071290000c4290000fb290000
062a0000332a0000422a0000762b00009e2b0000192c0000542c00004e3300006a33000079330000b2330000c7330000
d0350000fe3500005a360000d6380000d8380000ee3800000e390000283900002a390000f5390000033a0000183a0000
253a0000483a00005b3a0000613a0000863a00009f3a00000a3b00001f3b00008840000022410000a241000017000000
1d000000420000006e000000ee000000ac01000000020000150200009a0200009e020000a6020000af020000ea020000
94030000810500000506000031060000950600001e0800007c090000fc090000000a0000cf0b0000860c0000640d0000
6d0d0000271000006e150000fb170000ff1700000b18000044180000581800005d1800006d1800009f18000032190000
391900006e1a0000262700004a2700006c280000a31500001d160000221600003017000096170000ba170000c92b0000
c7390000ea3900005e0000003201000059010000100200005803000077030000cb030000fe0300004204000063040000
680400006b040000c1040000040500000a05000012050000180500004f0500000006000085060000be060000b7070000
520800009a090000fb090000130a00001b0a00003c0a0000440a00004f0a0000940a00009d0a0000b80a0000ff0a0000
3d0b0000440b0000930b0000960b0000b20b0000d90b0000dc0b0000d50e0000331100006c1300006314000083140000
fc150000fa17000093180000ff190000451a0000621a0000421b00009a1b0000851c0000e51c0000071d0000f31d0000
0d1e0000381f0000531f0000ca2200001c230000d72300006a240000352600003d2600005d26000041270000ce270000
da27000045280000632800005429000057290000ce290000f2290000f52900002e2a00006f2b00001e2c0000482c0000
68330000b0330000c0330000583600006b360000cc380000d43800000c39000026390000233a0000463a0000593a0000
663a00007c3a0000843a0000a43a0000e63a0000003b0000193b00005d3b0000e73e0000764000001f410000a5410000
4700000078030000a7030000da0300000d0500001b0500008605000045090000470900001e0a0000610a0000450b0000
b30b0000012a0000ab380000d7380000ed380000293900002d00000046000000a302000085050000fd090000fc170000
1700000061000000a8000000b400000078010000b1010000fb01000053020000bb020000cb020000ed020000f9020000
7a030000960300000904000073040000f60400001e0500007d0500004406000088060000990600002e07000022080000
960800005a090000a9090000b2090000e20900000a0a0000210a00004a0a00005e0a00003a0b0000900b0000b50b0000
e40b000094100000d418000050190000071a00006c1a0000791a0000a31a0000d11f0000cd220000d2220000a4230000
4326000099260000282700004327000065280000fd29000009300000c8300000a0340000da3800008a3a0000e03a0000
233b0000063c0000b1010000b1020000ed020000f902000073040000f00400003306000044060000b2090000020a0000
b50b0000e40b0000d4180000b91900006c1a0000791a0000d11f0000cd220000a4230000432600009926000028270000
4327000065280000c33800008a3a0000e03a00001901000054030000ed0300005d040000680400006b040000fa040000
12050000c00500006606000082090000fb090000130a0000b60a0000390b00008f0b0000960b0000d90b0000d50e0000
701200006314000083140000a3150000fc1500001d160000221600003017000096170000ba170000fa17000093180000
ff190000451a0000621a0000421b00009a1b0000851c0000e51c0000071d0000f31d00000d1e0000381f0000531f0000
ca2200001c230000d72300006a2400003d2600005d26000041270000ce270000da270000452800006328000054290000
57290000ce290000f5290000682a00006f2b0000c92b00001e2c0000482c0000e42c0000312d0000b3380000cc380000
04390000c7390000ea390000233a0000463a0000593a0000663a0000843a0000a43a0000e63a0000003b000076400000
1f410000a5410000990e0000c60e0000cd0e0000510f00007c100000a1120000211400007b140000d815000065170000
0b1e0000682400005b260000cc270000fb2a00001c2c0000b72d00001c2e0000533700002d3900008a390000643a0000
a23a0000323d000014410000a34100001e1600002416000031170000cd2b0000c8390000eb3900002517000079180000
490f00006e0f00000b110000ba120000f91200001117000093170000b4170000d2180000c6190000501a0000771a0000
02200000b6230000972600003b2700005d280000003100003a390000de3a0000cc3d0000cc030000ff03000043040000
640400006c040000c2040000050500000b0500001905000050050000530800009b0900001c0a0000450a0000950a0000
dd0b0000d70e0000351100007013000085140000fe1500009b1b0000861c0000f41d00000e1e0000d82300006b240000
3e2600005e260000cf270000dc2700004628000058290000f6290000322a0000712b00001f2c00004c2c000069330000
b1330000c2330000593600006c360000d53800000d39000027390000243a0000473a00005a3a0000673a0000853a0000
a53a0000e83a0000013b00001e3b00005e3b0000e83e00007840000020410000a64100005e0000001002000077030000
00060000850600001d0800008d0800007b090000fb090000960b0000b20b0000780c00009f0c00006c0d000026100000
fa170000061800005c1800009c180000311900006b1a0000ca22000041270000632800004700000086050000fe090000
fd170000bd000000fd0200009a0300000a04000074040000f70400001f0500007e050000480600009a0600005b090000
aa090000b3090000e30900000b0a0000220a00004b0a0000600a00003b0b0000910b0000e50b000095100000d5180000
51190000081a00007a1a0000a51a0000d51f0000d6220000442600009a2600004527000067280000fe2900000a300000
c9300000a1340000db3800008b3a0000e13a0000243b0000073c00008a01000053030000e0030000e503000007040000
9a040000ba050000d3060000a10800006b090000a7090000b30a0000380b00008e0b0000fb0b0000ee0c0000920d0000
df0d0000320e00009e0e0000ce0e0000050f0000070f00004d0f0000740f0000381000005d10000092100000c1100000
8012000098120000b5120000ba120000d3120000e012000001130000181300004a130000061400004b14000061140000
7c1400009f14000010160000b4170000d2180000e21800005d190000ea190000fc190000221a0000771a0000821a0000
d31a0000fa1e0000022000005d20000038220000a622000022230000b6230000b7250000d5250000f32500006b260000
97260000ca260000e62600003b27000079270000d32700005d280000ee280000962a00009f2b000020300000c6300000
db300000a5340000b33500000d36000017380000393800003239000051390000f7390000b23a0000de3a00007c3b0000
043c0000173d00002f400000fd02000074040000f104000048060000b3090000030a0000e50b0000d5180000ba190000
7a1a0000d51f0000442600009a2600004527000067280000c43800008b3a0000e13a0000ee0300005e0400006c040000
fb0400001905000067060000830900001c0a0000dd0b0000d70e00007412000085140000fe1500001e16000024160000
311700009b1b0000861c0000f41d00000e1e0000d82300006b2400003e2600005e260000cf270000dc27000046280000
58290000f6290000712a0000712b0000cd2b00001f2c00004c2c0000e52c0000322d0000b4380000d538000005390000
c8390000eb390000243a0000473a00005a3a0000673a0000853a0000a53a0000e83a0000013b00007840000020410000
a64100001002000077030000000600003006000073090000b20b00007d0c00006c0d000026100000251700001e180000
5c180000791800009c180000311900006b1a000041270000632800007b1500007f150000131600001517000025170000
28170000aa190000b91d0000703700009c000000f90000006f0100009a010000ab01000049020000ae020000c6020000
d2020000e50200005b0300008f030000a2030000e7030000fb0300009d040000ee040000f40400000006000030060000
85060000be060000060800001d080000290800006f0800008d080000ac080000ec0800003d090000700900007b090000
94090000cb090000fb090000070a00008f0b0000960b0000b20b0000ca0b0000fe0b00007a0c0000df0c00003e0d0000
bb0d0000080f0000261000004d100000d7110000e5110000291200005b150000e3180000f01800003119000085190000
89190000a6190000b71900006b1a00001b1b0000761c00007f1c0000411d0000591d0000651d0000851d0000ad1d0000
e01d0000f21e0000ff1e00009f1f0000ae220000e22200009b230000e1250000212700002527000049270000bd270000
e3270000632800006b2800002d29000067290000172a0000ab2b0000523300000436000019360000243600004f360000
9d360000b3360000673700006e3700007c3700002338000080380000260000004f000000c3000000d5020000e8020000
ab030000f5040000860500008e0500006a0800004f090000cc090000fe090000080a000086190000461d000000360000
68370000eb00000092010000ab010000ae020000e50200008f030000fa0300009d040000eb040000f404000000060000
3006000038060000ec0800003d0900006c0900007309000092090000b20b0000ca0b0000850c00003e0d0000bb0d0000
080f0000261000004d100000d9110000291200005b1500007b1500007f15000013160000151700002517000028170000
e3180000f0180000311900008d190000a6190000aa190000b71900006b1a00001b1b0000761c00007f1c0000651d0000
851d0000ad1d0000b91d0000e01d0000f21e0000ff1e00009f1f0000ae2200009b230000212700002527000049270000
bd270000e3270000632800006b2800002d29000067290000172a0000ab2b0000c22c0000243600004f3600009f360000
b33600006e370000703700007c37000080380000240e0000630f00006e0f0000740f00005d1000004a12000011130000
0a1400005314000040150000e7150000ec1500001016000017160000821600000917000073170000f9180000ea190000
5d20000025220000382200009e2a00009f2b0000f12b000092310000b1310000be3600004a390000bd390000de390000
f73900001a3a0000bd0000008d010000fd020000830300009a0300009f030000bc030000db030000f803000062040000
9b040000a1040000bd040000f1040000010500000e0500001c0500007e050000480600009a0600006407000068080000
4e0900005b0900006e09000090090000b3090000d3090000030a00001f0a00006d0a0000ce0a0000480b00005f0b0000
be0b0000db11000015160000b6180000fa180000ba190000eb190000ee1e0000d51f000060200000d221000028220000
3b220000fb290000602a0000a42b00000a3000006e30000085300000b6300000fe350000a1360000bc380000c4380000
d8380000ee3800000a3900001b3900002a390000f8390000023a00001b3a00001700000042000000a800000002010000
b1010000a6020000b1020000ed0200008105000033060000880600002e07000078090000ce090000000a0000820c0000
fb17000017180000451800006e1800003a190000441d0000eb00000021010000ab010000ae020000d2020000e5020000
21030000f1030000fa0300006f040000eb040000f4040000c0050000c805000030060000ff06000035070000a4080000
130900006c09000086090000cb090000fb090000070a00008f0b0000e00b0000430c0000850c0000f60c00003e0d0000
bb0d0000cf0d0000d70d0000d80e00004c0f00004d1000007712000083120000ce120000f5120000fe12000062140000
861400007f15000015170000ba170000d3180000f0180000f21800008519000092190000c2190000d2190000e1190000
621a0000781a0000921a0000411d0000711d0000b91d0000151e0000aa1f0000f91f00001d20000046200000e2220000
2b230000a7230000be2300000c250000522500004826000068260000822600009c260000212700003e270000a6270000
60280000a92800004e30000084320000d032000010360000673700006c370000b7380000f03900008f3a0000af3a0000
c93a0000e33a0000130100008a010000e5030000f70300000704000041040000610400009a04000000050000ba050000
63070000a10800006b0900008f090000a7090000930a0000990a0000cb0a0000380b00008e0b0000ee0c0000300d0000
df0d0000320e0000580e0000920e00009c0e0000c80e0000db0e0000010f0000050f0000210f0000460f0000570f0000
660f0000710f0000061000005d1000009210000020110000741100009a110000d61100000112000080120000a8120000
d3120000151300007c130000a513000012140000291400005314000061140000891400009d1500001016000093170000
b4170000ae180000c4180000cf180000d2180000e2180000f6180000f91800000b1900007d190000ca190000ea190000
fc190000191a0000771a0000381b0000e01c0000fd1c00000c1e0000fa1e00002c1f00004a1f00004e1f000010200000
5d200000f92100002522000038220000a62200000c23000014230000692400005c260000972600003b270000cd270000
5d280000af290000502a0000932a0000ec2a00009f2b0000b52b00001d2c0000582c00006d300000b5300000c6300000
19310000343100006b310000e8330000b1340000ce3400000d3600006a3600009c360000a73600008037000089370000
09390000323900004e390000743900008e390000a7390000c1390000f73900000f3a00001a3a0000653a0000a33a0000
de3a00005c3b0000043c0000233d00009c3f000024410000a44100006b030000f10400000c0500001a050000b3090000
030a00001d0a0000400b0000a60b000015160000b6180000fa180000ba190000eb190000d51f000060200000d2210000
282200003b220000062a0000a42b0000c4380000d638000028390000f8390000023a00001b3a0000b10100009e020000
b102000033060000fc090000ff170000451800006e1800003a190000eb0000002101000073010000ab010000ae020000
d2020000e5020000fa03000008040000eb040000f4040000c0050000c805000030060000ff0600003507000091080000
a4080000a8090000cb090000fb090000070a0000390b0000440b00008f0b0000b20b0000f60c0000cf0d0000d70d0000
4c0f00004e0f000097100000d4100000fa10000083120000ce120000f5120000fe12000013160000d7180000f0180000
68190000711900008519000092190000c2190000cf190000d2190000da190000e3190000ed190000ff1900000c1a0000
451a0000491a0000621a0000671a00006b1a00007c1a0000ef1a0000131b0000411d0000711d0000f91f000019200000
1d200000462000004e2000006520000040220000ae220000e22200009b2300009f230000a72300009826000021270000
25270000492700006b280000a22b00004e300000cb300000f9300000a834000010360000673700006c370000fa390000
df3a0000053c0000103c00000e3e000013050000480700004c0700001915000004170000f91a00007c1b0000391c0000
721c0000462100005530000043320000a10000006d01000027020000290200007c02000099030000e3030000a3040000
c0040000ce040000e7040000ec040000e60500008a060000a0060000170700001d070000320700006e07000097070000
8b080000e3080000e508000000090000f2090000320c0000390c0000680f0000ad10000007110000091100003b150000
0f170000131800004d1800009c190000c21a0000ee1b00005d1c0000101e00004f2100000425000014250000a1270000
a3270000c8270000e4270000aa280000b3280000bc280000c0280000772900007e290000522a0000292b0000942c0000
103000004530000078300000fe300000b83100004a3200007c3200008c320000e5320000e9320000a9000000db010000
ac0300007a040000920600009c060000cf0800005d090000c1090000262100000c3000002f3200009d00000078010000
da010000dc0100007c0200009e03000009040000700400007b040000a3040000c0040000ce04000013050000a0050000
95060000ae060000170700001d07000032070000480700004c0700006e070000fa07000096080000ce080000d0080000
00090000a9090000c2090000f2090000680f0000941000000711000009110000191500003b150000041700000f170000
131800004d1800009c190000c21a0000f91a00007c1b0000ee1b0000391c00005d1c0000721c0000101e000027210000
2b210000462100004f210000a1270000a3270000c8270000e4270000aa280000b3280000bc280000c028000077290000
7e290000522a0000292b00006e2c0000453000005530000078300000c8300000fe300000b83100003032000034320000
433200004a320000e5320000e9320000f70300009a040000f3060000630700009e0e0000d00e0000db0e0000290f0000
2b0f0000ec0f0000c1100000f01000007d110000b5120000c8120000ee12000010160000e2170000e2180000cb1b0000
fb1b0000291d00003421000038210000462500005d250000cd270000be2800007c290000502a00005b2d0000832e0000
6d300000db300000bd310000393200003d320000c3320000db320000e73200001a0500004d070000051700007d1b0000
731c00004721000056300000443200009c030000e4030000a4040000c3040000cf040000e8040000ed040000e7050000
a10600001e0700006f07000098070000f3090000330c00003a0c00006c0f0000b01000000a11000010170000ef1b0000
5e1c0000111e0000522100000725000015250000cb270000e5270000bd280000c1280000782900007f290000532a0000
2a2b0000952c0000113000004630000079300000ff300000b93100004d3200007f3200008d320000e6320000ea320000
9f0300000a040000710400007c040000a4040000c3040000cf0400001a050000a1050000b00600001e0700004d070000
6f070000fb070000aa090000c3090000f30900006c0f0000951000000a11000005170000101700007d1b0000ef1b0000
5e1c0000731c0000111e0000282100002c2100004721000052210000cb270000e5270000bd280000c128000078290000
7f290000532a00002a2b00006f2c0000463000005630000079300000c9300000ff300000b93100003132000035320000
443200004d320000e6320000ea32000008040000eb04000022050000c3060000d8060000ff0600003507000055070000
d70c0000540d0000dc0e00002c0f0000e5100000ea1000001412000099120000c91200008c150000f115000052160000
66160000761600001a170000c2190000e21a0000271b0000791b00008c1b0000091c00006b1c00007b1c0000a61e0000
aa1e0000f91f00003521000049210000253000004e3000005e300000f1300000c031000001320000033200003a320000
ac000000720100001d03000024030000a3030000a4030000060400006e040000a6040000a8040000f804000086060000
9b060000a9060000ab060000020700000a07000036070000900800000f090000160900005e090000a4090000d9090000
dc09000096100000d6180000c3190000d6190000871e0000891e0000fc1f0000292000002e2100003f2100004a210000
0b30000018300000413000004f300000ca300000ef310000f1310000453200006f010000d90100007702000021030000
a2030000e6030000e803000003040000a7040000eb040000ee040000e9050000a8060000be060000d4060000ec060000
ff06000016070000350700003907000045070000730700008d080000cd080000fb08000013090000db090000380c0000
3c0c0000df0c0000280d0000f30d0000f60d00009f0e0000cf0e0000090f00000a0f00004b0f0000790f0000a7100000
b7100000ba100000c2100000dc100000ff10000004110000061100000c11000043120000461200009d120000b3120000
da120000dc120000161500003a1500003c15000012170000e6180000ef180000f01800002919000055190000c2190000
df1900008c1a00008e1a0000bd1a0000f81a0000061c00000d1c0000381c0000131e0000881e0000941e0000951e0000
f91f0000422000003b210000592100000e250000192500005025000056250000972700009a2700009e270000a6270000
d7270000e7270000a7280000a9280000ae280000b2280000bf280000c32800007d29000081290000512a00002c2b0000
972c00003c2e000017300000213000003b3000004e300000523000007d300000dc300000ec30000001310000c2310000
f0310000f8310000f9310000543200008632000091320000ce320000d4320000e8320000ec320000a4000000de010000
ad0300007d040000f80400008d0600009d0600000207000036070000d20800005c090000c4090000d6180000c3190000
d6190000fc1f000029200000292100003f2100004a2100000d3000004f3000003232000045320000e80300000b040000
c6040000be060000c7060000d4060000e206000022070000d30c0000df0c0000a10d00002c0f00004a11000034120000
9d120000ef12000066160000e6180000f81a0000271b00008c1b0000f31b0000fc1b0000381c00007b1c00002a1d0000
a61e00004b25000021300000303000004a300000be31000001320000c83200009e270000e7270000ae280000c3280000
7d290000ec320000d0040000190700001f070000c01a00005f1c000047300000a7040000eb040000ff06000035070000
4507000073070000a10d00002c0f000034120000ef1200001615000066160000e6180000c2190000f81a0000271b0000
8c1b0000fc1b0000381c00007b1c00002a1d0000a61e0000f91f00004b2500009e270000e7270000ae280000c3280000
7d290000512a00004e3000007d300000be31000001320000c8320000ec3200006f0100007b010000e80300000b040000
c604000022070000d80700008d08000099080000ac0900002c0f000093100000a1100000e5100000ea10000064150000
e5160000e6180000df190000e21a00008c1b0000f31b0000061c00000d1c00001e1c00006b1c000042200000882b0000
4a300000c7300000d6300000f1300000c2310000d0310000d80100001d030000a1030000a6040000e9040000a6060000
fe060000340700004307000071070000cc0800000f090000d9090000340c000015150000c0190000871e0000f51f0000
172500009d270000e6270000ad280000c2280000792900004d2a0000163000004d3000007b300000ef3100008f320000
eb3200007a020000d0040000fe080000f4090000f01b0000ba3100009f000000ac000000d80100007a0200001d030000
a4030000a6040000d0040000e904000086060000910600009b060000a4060000190700001f07000099070000cc080000
fe0800000f0900005e090000d9090000f4090000340c0000c01a0000f01b00005f1c0000871e0000172500009d270000
e6270000ad280000c2280000792900000b3000001430000047300000ba310000ef3100008f320000eb3200006f010000
7b010000e80300000b040000c6040000be060000c7060000d4060000e206000022070000d80700008d08000099080000
ac090000d30c0000df0c0000520d0000a10d0000f30d0000090f00002c0f0000450f000093100000a1100000d3100000
e5100000ea100000f9100000041100002c1100004a1100001212000034120000431200009d120000da120000ef120000
c91400003a1500006415000066160000e5160000e6180000cd190000df190000e21a0000f81a0000271b00008c1b0000
f31b0000fc1b0000061c00000d1c00001e1c0000381c00006b1c00007b1c00002a1d0000941e0000a61e000016200000
42200000322500004b250000d5270000d3280000de2a0000882b000021300000303000004a300000c7300000d6300000
f1300000f830000025310000be310000c2310000d0310000f831000001320000ae320000c8320000fd3200007a020000
d0040000190700001f070000fe080000f4090000c01a0000f01b00005f1c00009d270000e6270000ad280000c2280000
7929000047300000ba310000eb320000d901000021030000a7040000eb040000cd08000013090000db090000380c0000
2c0f0000e5100000ea10000064150000e5160000e6180000df190000e21a00008c1b0000061c00000d1c00001e1c0000
6b1c0000881e000042200000192500009e270000e7270000ae280000c32800007d290000882b0000f1300000c2310000
d0310000f031000091320000ec3200009f000000ac0000007a020000a4030000a6040000d0040000e904000086060000
910600009b060000a4060000fe060000190700001f07000034070000430700007107000099070000fe0800005e090000
f409000015150000c0190000c01a0000f01b00005f1c0000f51f00009d270000e6270000ad280000c228000079290000
4d2a00000b30000014300000473000004d3000007b300000ba310000eb32000013050000480700004c07000019150000
0417000055300000a1000000290200007c02000099030000a3040000c0040000ce040000ec0400008a060000a0060000
170700001d070000320700006e07000097070000e508000000090000f2090000390c000013180000c21a0000ee1b0000
5d1c000014250000a3270000e4270000b3280000c02800007e290000522a0000103000004530000078300000b8310000
8c320000e9320000dc0100007b040000d0080000c20900002721000030320000a9000000ac030000920600009c060000
5d0900000c3000009d000000dc010000290200007c0200009e0300007b040000ce040000ec04000013050000a0050000
95060000ae060000480700004c070000d0080000e508000000090000c2090000f2090000390c00001915000004170000
ee1b00002721000014250000a3270000e4270000b3280000c02800007e2900006e2c000055300000b831000030320000
8c320000e9320000dc0100007b04000013050000480700004c070000d0080000c2090000191500000417000027210000
a3270000e4270000b3280000c02800007e2900005530000030320000e93200009d000000dc0100009e0300007b040000
a3040000c004000013050000a005000095060000ae060000170700001d07000032070000480700004c0700006e070000
d0080000c2090000191500000417000013180000c21a00005d1c000027210000a3270000e4270000b3280000c0280000
7e290000522a00006e2c000045300000553000007830000030320000e9320000f70300009a040000f306000063070000
db0e0000ec0f0000c812000010160000e2170000342100005d250000cd270000be2800007c290000502a00005b2d0000
6d30000039320000db320000e73200001a0500004d0700000517000056300000db0e0000c812000010160000e2170000
342100005d250000cd270000be2800007c29000039320000db320000e7320000e5030000ea040000e8050000370c0000
6e0f0000b21000000b11000011170000121e00005421000009250000cd270000be2800007c2900002b2b0000962c0000
003100004f32000081320000e73200007c040000c309000028210000313200009f0300007c040000cf040000ed040000
1a050000a1050000b00600004d070000c3090000f30900003a0c000005170000ef1b00002821000015250000e5270000
c12800007f2900006f2c000056300000b9310000313200008d320000ea320000e5030000f70300009a040000ea040000
e8050000f306000063070000370c0000db0e0000070f0000230f00002b0f0000460f00006e0f0000ec0f0000b2100000
e91000000b11000029110000c8120000ee120000cb1400001016000011170000e2170000fb1b00006a1c0000121e0000
3421000054210000092500002f2500005d250000cd270000d0270000be280000c9280000122900007c290000502a0000
e02a00002b2b0000962c00005b2d00006d300000f03000000031000022310000bd310000393200004f32000081320000
ab320000db320000e7320000f33200007c0400001a0500004d070000c30900000517000028210000e5270000c1280000
7f2900005630000031320000ea3200006e0f00000b11000011170000121e000054210000cd270000be2800007c290000
2b2b0000003100004f320000e73200009f0300007c040000a4040000c30400001a050000a1050000b00600001e070000
4d0700006f070000c3090000051700005e1c000028210000e5270000c12800007f290000532a00006f2c000046300000
563000007930000031320000ea3200008c150000f1150000761600001a170000aa1e0000033200007b010000d9010000
7702000021030000a2030000e70300000b0400009e040000a7040000eb040000a8060000e8060000ff06000035070000
45070000730700001208000099080000cd080000fb08000013090000ac090000db090000380c00004e0f000093100000
ab100000d4100000fa1000001615000066160000c2190000cf190000271b00008c1b00007b1c0000231e0000881e0000
8c1e0000a61e0000b71e0000f91f000019200000192500009a2700009e270000e7270000ae280000b2280000c3280000
7d290000512a00005a2b000017300000373000004e3000007d300000c7300000f9300000f0310000f431000001320000
1132000091320000ec320000a400000024030000ad030000a80400008d0600009d060000160900005c090000dc090000
891e00000d300000f131000073010000d9010000080400009d040000a7040000eb0400000c060000ff06000035070000
450700007307000091080000cd080000a80900004e0f000097100000d4100000fa100000161500008c150000f1150000
66160000761600001a170000c2190000cf190000271b00008c1b00007b1c0000231e0000901e0000a61e0000aa1e0000
b71e0000f91f0000192000009a2700009e270000e7270000ae280000b2280000c32800007d290000512a00005a2b0000
ae2c00004e3000007d300000cb300000f9300000013200000332000011320000ec32000008040000eb04000022050000
c3060000d8060000ff0600003507000055070000d70c0000991200008c150000f115000052160000761600001a170000
c2190000aa1e0000f91f0000253000004e3000005e300000033200007301000021030000080400006f040000a7040000
0b0700009108000013090000a8090000db09000097100000d7180000d7190000881e00002a2000003021000040210000
4b21000042300000cb300000f031000046320000ac00000024030000a3030000a4030000a8040000f804000086060000
9b060000a9060000ab0600000207000036070000160900005e090000dc090000c3190000891e0000fc1f00000b300000
183000004f300000f13100007301000021030000080400006f040000a7040000eb04000022050000c3060000d8060000
ff0600000b07000035070000550700009108000013090000a8090000db090000d70c0000f60d00000a0f00004e0f0000
97100000d4100000fa1000004612000099120000dc1200008c150000f115000052160000761600001a170000d7180000
c2190000cf190000d7190000881e0000951e0000aa1e0000f91f0000192000002a20000030210000402100004b210000
a6270000d6270000d7270000a9280000bf280000d5280000d92800008129000025300000423000004e3000005e300000
cb300000f9300000f0310000f93100000332000046320000e8320000fe320000d901000021030000a2030000e8030000
03040000a7040000eb040000ee040000a8060000be060000d4060000ec060000ff060000160700003507000039070000
4507000073070000cd08000013090000db090000380c0000df0c0000f60d00000a0f0000a7100000461200009d120000
dc12000016150000e6180000f018000055190000c2190000df1900008e1a0000bd1a0000061c00000d1c0000881e0000
951e0000f91f00004220000019250000562500009a2700009e270000e7270000ae280000b2280000c32800007d290000
512a000017300000213000003b3000004e300000523000007d300000c2310000f0310000f931000091320000d4320000
ec320000d7180000d71900002a200000402100004b21000046320000a4000000ad030000f80400008d0600009d060000
02070000360700005c090000c3190000fc1f00000d3000004f300000d90100002103000008040000a7040000eb040000
f4040000c3060000d80600003d07000045070000cd08000013090000db090000380c0000d70c0000f60d00000a0f0000
4612000099120000dc12000016150000d7180000e6180000f01800001d190000d7190000df1900008e1a0000061c0000
0d1c0000881e0000951e00002a20000042200000402100004b21000019250000562500009a2700009e270000e7270000
ae280000b2280000c32800007d290000342e000025300000c2310000f0310000f93100004632000091320000d4320000
ec3200006804000013090000730900007f090000500b0000960b0000d90b00007d0c00004c0d00008e0e0000d60e0000
ff0e0000250f00007511000073120000c3120000e2120000e412000067130000bd130000fe140000a3150000ba150000
fc1500001d1600002216000030170000431700004717000096170000ba170000d41a0000f41a0000421b0000731b0000
811b00009a1b0000061c0000611c0000851c0000bf1c0000c91c0000cb1c0000e51c0000071d0000f31d0000381f0000
6621000015220000ca2200003d2600006f2b0000c92b00001d35000048370000c6370000b0380000343900006f390000
9c390000c7390000ea390000233a0000393a0000463a0000593a0000843a00001c3c0000253e00005f00000089000000
18010000c0010000750300007803000098030000ce030000dc030000ec0300005c040000770400008a04000009050000
0d050000170500001b050000bf05000086060000fe06000080070000890700005509000081090000190a00001e0a0000
470a0000500a0000620a0000650a0000b50a0000dc0a0000e00a0000420b0000450b0000b00b0000b30b0000c10b0000
e80b00006f120000f61d00001e1e0000391f0000601f0000ad200000bf2100003f2200004b220000cb22000041230000
4026000071260000f1290000012a0000213300005b3600007b360000b2380000d2380000d7380000ef38000003390000
24390000293900005c3a00006a3a0000873a0000b83a0000203b0000a53b00001e000000200000003c00000069000000
f4000000ad0100000502000012020000a1020000a30200007b0500000206000090060000cb08000071090000f6090000
fd0900007b0c0000f8170000fc1700008c1d0000041f0000dc1f00002c2000001700000042000000a8000000b4000000
f30000005a010000ac010000b1010000ce0100004b020000530200005d020000a6020000b1020000cb020000ed020000
f90200007f030000960300009e030000fd030000010400006904000070040000a0040000a3040000f0040000f6040000
7d050000810500001606000033060000440600008806000099060000c8060000d5060000b8070000ee070000f0070000
2208000067080000d80800004c0900005a0900006d0900009d090000b2090000ce090000d2090000e2090000020a0000
0a0a0000970b0000ba0b0000c30b0000da0b0000060c00007f0c0000dc0c0000530d0000d90d0000dc0d0000d10e0000
d90e00005a10000037110000131200009a120000c61200005c1400007f14000044180000d0180000d418000050190000
b9190000631a00006c1a0000751a0000791a0000a31a0000f01a00006d1c0000441d0000951d0000101e0000161e0000
d21e0000ed1e00000a1f0000d11f0000e91f00003820000052200000322100005f210000792100002d22000043220000
57220000b3220000cf2200001d2300003e230000a2230000a4230000d7250000052600004b2600006126000092260000
99260000222700002827000038270000432700005a28000065280000093000002230000037320000c4330000a0340000
1a35000027350000fd350000193800004b380000bb380000c3380000923a0000a83a0000d93a0000e03a0000ee030000
6c04000083090000590b0000dd0b00008f0e0000d70e0000000f0000270f000074120000c4120000e6120000bb150000
fe1500001e160000241600003117000044170000741b0000821b00009b1b0000621c0000861c0000ca1c0000f41d0000
68210000192200003e260000712b0000cd2b00001f35000049370000c7370000b438000036390000703900009d390000
c8390000eb390000243a00003a3a0000473a00005a3a0000853a0000253c0000263e0000190100001002000009030000
c00500000006000045070000930d000039100000bd120000251700005c1800007918000031190000381c000003200000
3e200000400000006a000000130200007f0500000306000091060000cc08000072090000f7090000fe0900007c0c0000
f9170000fd170000051f0000df1f00002d200000bd0000005f020000fd020000830300009a0300009f03000000040000
020400006d04000071040000a1040000a4040000f1040000f70400007e05000018060000480600009a060000d6060000
ef07000068080000d90800004e0900005b0900006e0900009e090000b3090000d3090000e3090000030a00000b0a0000
be0b0000de0b0000070c0000810c0000de0d0000d20e0000da0e00005c100000381100009b120000c712000080140000
d1180000d518000051190000ba190000761a00007a1a0000a51a00006e1c0000111e0000171e0000ee1e00000b1f0000
d51f0000ed1f00003a2000005920000033210000602100007a210000342200005a220000d8250000062600004c260000
62260000932600009a2600003a270000452700005c280000672800000a3000002330000038320000c5330000a1340000
1b35000028350000fe3500001a3800004c380000bc380000c4380000933a0000a93a0000da3a0000e13a0000eb000000
21010000d2020000e5020000f1030000eb040000f4040000c8050000ff060000350700006c09000086090000cb090000
fb090000070a0000850c00008b0d0000940d0000d70d0000e20d0000060f0000280f00003a1000006010000077120000
ce120000d4120000e1120000e712000066160000f218000085190000c2190000d2190000da190000e1190000d51a0000
ef1a0000131b0000271b0000891b00008c1b0000d31b0000421c0000631c00007b1c0000411d0000711d0000b51d0000
a61e0000fb1e0000131f0000f91f00001d200000462000004e3000000132000067370000a5370000b738000033390000
37390000f03900001900000044000000ac000000cb000000ea00000020010000aa010000b5010000ad020000b3020000
e8020000020300001d030000a0030000a4030000f00300009c040000a2040000a6040000f20400007f05000083050000
c7050000ff0500002f060000350600004d060000860600009b06000069080000eb0800000f090000500900005e090000
6809000085090000b4090000cc090000d4090000d9090000040a0000840c0000761200007e15000014170000bb190000
461d0000611d0000b81d0000241e0000871e0000ef1e0000f01e00000c1f0000da1f00000b300000ef310000ff350000
23360000b6380000bd380000c5380000493a0000eb00000021010000ab010000ae02000021030000fa0300009d040000
22050000c0050000c8050000000600003006000045070000a4080000ec080000130900001f090000f60c00003e0d0000
5b0d00008b0d0000940d0000d40e00002a0f0000391000003a1000003912000083120000bb120000bd120000c1120000
161500005b1500007b1500007f15000013160000c5160000151700002517000028170000e318000031190000a6190000
aa190000e91a0000f81a00001b1b0000791b0000061c0000381c00003b1c0000671c0000761c00007f1c0000651d0000
ad1d0000b91d0000f21e000005200000422000009c210000b0210000103600002436000034360000b73600006e370000
70370000a3370000d837000019000000440000009f000000ac000000cb000000ea00000091010000b5010000d8010000
b3020000ce020000d5020000e1020000e8020000a0030000a3030000f90300006e040000a5040000f3040000f5040000
7f0500008305000003060000350600008606000091060000fe060000690800007008000072080000cc080000d4080000
ed08000050090000680900007209000091090000c9090000cc090000f7090000fe090000050a0000080a0000840c0000
d81100008419000086190000d1190000401d0000461d0000681d0000971d0000141e0000f31e0000051f0000081f0000
f51f00001c2000004520000091210000a9210000ff350000053600001f360000253600009e3600006637000068370000
db3700003f000000bd0000001d010000cd0100006b030000830300009f030000cd030000db030000ef03000002040000
5f0400007c0400008d040000ed0400000c0500000e0500001a0500001c0500007e050000c4050000ef07000025080000
68080000a60800004e090000840900001d0a00001f0a0000460a00004b0a00006d0a0000c20a0000df0a0000e30a0000
400b0000480b0000a60b0000be0b0000ed0b0000f10c0000570d0000930e0000d20e0000fd0e0000480f000079120000
81120000b9120000bf120000f81200007f130000c31300000f16000015160000af180000b7180000cd180000db180000
f8180000fa180000be190000c5190000e8190000eb190000fd1900002d1a0000f51d0000211e00002f1f0000341f0000
5d1f0000631f0000ed1f0000012000005920000060200000b12000009a210000da210000f02100002122000028220000
342200003b22000055220000a9220000be2200003b230000462300003f26000074260000fb290000062a00009e2b0000
a42b00004e330000fe350000123600005a3600007e360000813700008f370000d6370000b5380000d6380000d8380000
ee38000006390000283900002a39000039390000753900009a390000f5390000f8390000033a00000c3a0000183a0000
1b3a00005b3a00006d3a0000863a0000bb3a00001f3b0000a83b0000143c0000f63d0000170000001d00000042000000
6e000000fa000000fb0000001e010000ac010000ae0100000002000004020000150200009e020000a6020000af020000
bf02000081050000c505000005060000310600009506000032070000ce08000074090000fc090000000a00007e0c0000
3d0d00003f0d0000ba0d00004c100000bc120000fb170000ff17000044180000451800006d1800006e18000039190000
3a1900009c1900008b1d00008d1d0000071f0000e61f0000042000002f20000049200000240e0000db0e0000630f0000
6e0f0000111300000a14000053140000891400000c1e00004e1f0000142300005c2600003b270000b5270000d3270000
28280000492800005d2800002a29000064290000a8290000af290000e32900009e2a00007d380000983800004a390000
bd390000653a0000a33a0000053b0000913e00000a040000c504000018060000b3070000c807000003090000e3090000
2a0b0000b90c0000960e00008d1200005d13000003160000a51a0000c91a00003e1b0000551b00005d1b00009c1b0000
5a1c0000871c0000991c00009b1c0000a81c0000e31c0000031d0000762b00003833000028360000b837000079390000
253a0000303a0000483a0000f53b0000ec000000220100004a020000530200006002000070020000c905000019060000
1b070000581800005d18000032190000ab010000ae020000e50200008f030000080400006f040000a704000030060000
c3060000d80600008f0b0000b20b0000ca0b0000e00b00000b0c0000d70c00008b0d0000270e00002c0f0000790f0000
e5100000ea10000099120000e112000021130000561400005b150000ff150000d7180000e6180000671a00007c1a0000
d51a0000e21a0000ef1a00003a1b0000461b00004f1c00006b1c0000761c00008b1c0000fe1c0000ff1c00000b1d0000
ad1d0000ae220000e2220000882300009f230000d6250000482600009826000025270000492700006b2800009f2a0000
722b0000812b000025300000f1300000af370000183800005a390000293a00008f3a0000df3a0000550100005f020000
830200000004000065040000cc040000de040000e604000018060000b30700009c090000e3090000ef090000ac0a0000
1b0b00001d0b00002a0b00003a1100007d1b0000211c0000a81c0000031d0000181d0000351e0000771f000080230000
8c260000c73300008c3600009c3700000e39000023390000753a0000d33a0000e63b0000ee0000004b02000057020000
fc0800007c090000e8090000860c0000a61a0000b61a0000031b0000081b0000d41b0000160000001c00000041000000
6c000000ff010000140200009d020000800500000406000093060000f8090000fe170000190000004400000080000000
8d00000072010000aa0100004f02000064020000c9020000e10200005a0300008b030000a3030000a403000006040000
a8040000e9040000f804000021050000830500001d0600007e070000800700008b07000094070000090800000f080000
2008000077080000900800002e09000057090000a4090000c9090000e40900000c0a0000240a00008b0b0000950b0000
c60b000096100000f015000052190000aa1a0000401d00005c1d0000d71d0000f71e0000171f0000961f0000de220000
24270000482700006a280000f8290000222a0000472b0000ca300000233300002c3300004b330000a234000040360000
dd3800004e3a0000550100005f02000083020000000400000a04000065040000c5040000cc040000de040000e6040000
18060000b3070000c8070000030900009c090000e3090000ef090000ac0a00001b0b00001d0b00002a0b0000b90c0000
230e0000960e0000da0e0000610f00006c0f00003a1100008d1200000d1300005d130000091400005214000088140000
03160000a51a0000c91a00003e1b0000551b00005d1b00007d1b00009c1b0000211c00005a1c0000871c0000991c0000
9b1c0000a81c0000e31c0000031d0000181d00000a1e0000351e00004d1f0000771f0000132300008023000058260000
8c2600003a270000b1270000d227000026280000482800005c2800002929000062290000a4290000ae290000df290000
9d2a0000762b000038330000c7330000283600008c3600009c370000b83700007c380000943800000e39000023390000
4639000079390000b9390000253a0000303a0000483a0000613a0000753a00009f3a0000d33a0000033b0000e63b0000
f53b00008f3e0000ec000000ee000000220100004a0200004b02000053020000570200006002000070020000c9050000
190600001b070000fc0800007c090000e8090000860c0000640d00006d0d0000b20d000027100000f31200002a180000
581800005d18000032190000a61a0000b61a0000031b0000081b0000d41b000020270000222700003d27000067270000
5f280000b528000073010000ab010000e50200005b0300008f03000008040000eb040000220500009108000032090000
a8090000cb090000260a00008f0b0000960b0000ca0b00008b0d0000940d0000a10d0000dc0e00002c0f00003a100000
9710000034120000ef120000541400008a1400005b150000f1150000da190000ef1a0000131b0000461b0000791b0000
8c1b0000fc1b0000fe1c0000071d00000b1d0000141d0000231d0000411d0000d81d00001b1f0000971f0000e2220000
172300007c230000882300001e2600006c2600009026000025270000492700006b280000f9290000242a0000482b0000
cb300000be3100004436000066380000df380000523a0000b33a0000d73a00001900000044000000800000008d000000
aa0100004f02000064020000ad020000c9020000e10200008b030000a3030000a4030000060400006e040000a6040000
a8040000f8040000830500001d0600002f060000c2060000d70600007e070000800700008b0700009407000009080000
0f080000200800007708000057090000e40900000c0a00008b0b0000b00b0000c60b0000df0b0000090c0000d60c0000
95120000d618000052190000661a00007b1a0000aa1a00005c1d0000f71e0000ad220000de2200009e230000d2250000
462600009426000024270000482700006a28000024300000233300002c3300004b330000a2340000143800008d3a0000
db3a00006804000013090000730900007f090000500b0000960b0000d90b00007d0c00008e0e00007312000067130000
fe140000a3150000ba1500001d1600002216000030170000431700004717000096170000ba170000f31d0000381f0000
ca2200003d260000c92b000048370000b03800006f390000c7390000ea390000593a0000843a00001c3c000019010000
c101000077030000ed0300005d0400008b0400000a05000018050000c0050000ff060000820900001b0a0000b60a0000
dd0a0000e10a0000440b0000b20b0000701200001f1e0000611f0000ae200000c3210000402200004c22000042230000
72260000f22900007c360000b3380000d438000004390000263900006b3a0000b93a0000a63b00005f00000089000000
7803000098030000ce030000dc030000770400000d0500001b050000860600008007000089070000550900001e0a0000
470a0000500a0000620a0000650a0000450b0000b30b0000c10b0000e80b0000f61d0000391f0000cb22000040260000
012a0000213300005b360000d7380000ef380000293900005c3a0000873a0000203b00001e000000200000003c000000
690000000502000012020000a30200007b0500000206000090060000fd090000fc1700001700000042000000a8000000
b400000078010000b1010000fb01000053020000b1020000ed020000f9020000600300007c030000960300009e030000
09040000a0040000ec040000f0040000240500007d050000810500003306000044060000880600009906000067080000
96080000330900004c0900005a090000a9090000b2090000ce090000d2090000e2090000020a0000290a0000900b0000
9b0b0000b70b000094100000ee150000b9190000a31a0000441d0000dd1d0000ed1e00001c1f00009c1f0000d11f0000
d2220000282700004327000065280000f32900001f2a0000452b000009300000c8300000fd35000045360000bb380000
c3380000e2380000533a000019010000c101000077030000ed0300005d040000680400008b0400000a05000018050000
c0050000ff06000013090000730900007f090000820900001b0a0000b60a0000dd0a0000e10a0000440b0000500b0000
960b0000b20b0000d90b00007d0c00002c0e00008e0e0000d50e0000640f00006f0f0000701200007312000012130000
671300000f1400005b1400006314000083140000fe140000a3150000ba1500001d160000221600003017000043170000
4717000096170000ba170000f31d00000d1e00001f1e0000381f0000531f0000611f0000ae200000c321000040220000
4c220000ca2200001c230000422300003d2600005d260000722600005b27000083270000c9270000292800004b280000
a9280000f0280000fa2800006f290000a9290000b4290000d0290000d3290000f2290000982a0000c92b0000c9350000
7c3600004837000099380000b0380000b3380000d438000004390000263900004b3900006f390000be390000c7390000
ea390000593a0000663a00006b3a0000843a0000a43a0000b93a0000083b0000a63b00001c3c0000923e000017000000
42000000a8000000b4000000b10100004b0200005d020000a6020000b1020000ed020000f90200007f03000096030000
9e030000fd03000069040000a0040000a3040000f00400007d0500008105000016060000330600004406000088060000
99060000c8060000d5060000670800004c0900005a090000b2090000ce090000d2090000020a0000970b0000ba0b0000
c30b0000da0b0000060c0000dc0c00009a120000d4180000b91900006c1a0000791a0000441d0000ed1e0000d11f0000
b3220000cf220000a4230000d72500004b260000992600002827000043270000652800000930000022300000fd350000
19380000bb380000c3380000923a0000e03a0000ee0300006c04000083090000590b0000dd0b00008f0e000074120000
bb1500001e160000241600003117000044170000f41d00003e260000cd2b000049370000b438000070390000c8390000
eb3900005a3a0000853a0000253c0000190100001002000009030000c005000000060000450700002517000079180000
6e0f0000740f00000b110000ba12000018130000ec15000010160000f516000011170000b41700001a1f000002200000
b62300003b2700005d280000962a0000432b0000d92b0000003100004037000051390000513a0000ee0300005e040000
8c0400000b05000019050000830900001c0a0000de0a000074120000201e0000b0200000cc2100005022000073260000
f62900007d360000b4380000d538000005390000273900006c3a0000ba3a0000a73b0000cd08000073090000fb090000
7d0c0000fa170000061f0000e11f00002e200000bd000000fd0200009a0300009f0300000a040000a1040000ed040000
f1040000250500007e050000480600009a06000068080000340900004e0900005b090000aa090000b3090000d3090000
e3090000030a00002a0a0000910b000095100000ef150000ba190000a51a0000ee1e00001d1f0000d51f0000d6220000
4527000067280000f7290000202a0000462b00000a300000c9300000fe35000046360000bc380000c4380000e3380000
543a0000ee0300005e0400006c0400008c0400000b05000019050000830900001c0a0000de0a0000590b0000dd0b0000
8f0e0000d70e0000650f0000700f0000741200001313000085140000bb1500001e160000241600003117000044170000
f41d00000e1e0000201e0000b0200000cc210000502200003e2600005e26000073260000cf2700002a2800004c280000
fc28000070290000aa290000d7290000f62900009a2a0000cd2b0000cb3500007d360000493700009a380000b4380000
d538000005390000273900004c39000070390000bf390000c8390000eb3900005a3a0000673a00006c3a0000853a0000
a53a0000ba3a0000093b0000a73b0000253c0000933e0000190100001002000009030000c00500000006000045070000
cd08000073090000fb0900007d0c00006c0d000026100000f512000025170000fa1700002918000079180000061f0000
e11f00002e2000003c270000642700005e280000b2280000df0d0000d30e0000db0e00005d100000c812000081140000
d2180000771a0000121e00005d20000034210000382200005c2200000726000063260000972600003b2700005d280000
393200004d380000aa3a0000de3a0000bd0000005f020000fd020000830300009a0300009f030000000400006d040000
a1040000a4040000f10400007e05000018060000480600009a060000d6060000680800004e0900005b090000b3090000
d3090000030a0000be0b0000de0b0000070c00009b120000d5180000ba1900007a1a0000ee1e0000d51f0000d8250000
4c2600009a26000045270000672800000a30000023300000fe3500001a380000bc380000c4380000933a0000e13a0000
df0d0000050f0000210f0000740f00005d1000004a120000d312000029140000401500009d150000e7150000f6150000
09170000731700007b17000093170000b4170000121e00002c1e0000fa1e0000801f0000a71f0000b62300007f260000
be3600005b37000032390000a7390000de390000703a0000c63a0000b43d00003f000000bd0000008d01000015030000
560300006b0300009f030000cd030000db030000f8030000620400007c040000a4040000b6040000be0400000c050000
1a0500007e05000035080000680800004e0900006e09000090090000d70900001d0a0000460a00004b0a00006d0a0000
ce0a0000fd0a00003b0b0000400b0000670b0000910b0000a60b0000ed0b0000db110000be170000f51d0000171e0000
2d1e0000ba1e0000341f00003c1f0000831f0000ac1f0000be220000b92300003f26000080260000062a0000d6340000
fe3500005a36000085360000a1360000d6380000ee3800000a3900001c390000283900005b3a0000713a0000863a0000
c73a00001f3b0000c73b0000170000001d000000420000006e0000000201000000020000150200009a0200009e020000
f5020000810500000506000095060000e508000078090000d0090000fc090000820c000049150000ff170000421d0000
521d0000a21d00006d1e0000eb00000021010000ab010000ae020000e5020000210300008f030000f103000008040000
6f0400009d040000a7040000c80500000006000030060000c3060000d8060000ec080000130900006c09000086090000
db0900008f0b0000b20b0000ca0b0000e00b00000b0c0000850c0000d70c00003e0d0000bb0d0000f60d0000d80e0000
0a0f00004d100000461200007712000099120000dc12000062140000861400005b1500007f15000015170000b5170000
d7180000671a00006b1a00007c1a0000761c0000651d0000ad1d0000b91d0000e01d0000131e0000231e0000251e0000
881e0000951e0000f21e00000d1f00009f1f0000a81f0000b71f0000ae220000e22200002b2300009b2300009f230000
c6230000d625000013260000482600006826000084260000982600002127000025270000492700006b28000025300000
f0310000f931000024360000183800005a380000b73800004a3a00008f3a0000af3a0000cb3a0000df3a0000eb000000
21010000ab010000ae02000021030000fa0300009d04000022050000c0050000c8050000000600003006000045070000
a4080000ec080000130900001f090000f60c000083120000161500007b1500007f15000013160000c516000015170000
2517000028170000aa190000651d0000b91d0000f21e000010360000243600003436000070370000eb00000092010000
d9010000d2020000e5020000fa0300006f040000f4040000ff060000cd080000d50800006c0900007309000092090000
cb090000fb090000070a0000850c0000d911000085190000d2190000411d0000981d0000151e0000061f0000091f0000
f91f00001d2000004620000093210000aa210000203600009f36000067370000dc37000019000000440000009f000000
ac000000cb000000b5010000b3020000d5020000e8020000a0030000a3030000a5040000f50400007f05000083050000
03060000350600008606000091060000690800007008000072080000ed08000050090000cc090000fe090000080a0000
86190000461d0000681d0000f31e0000ff350000053600002536000068370000eb0000002101000092010000ab010000
d9010000ae020000d2020000e502000021030000fa0300006f0400009d040000f404000022050000c0050000c8050000
0006000030060000ff06000045070000a4080000cd080000d5080000ec080000130900001f0900006c09000073090000
92090000cb090000fb090000070a0000850c0000f60c00003e0d0000bb0d0000cf0d0000d70d0000080f00004c0f0000
261000004d100000d91100002912000083120000ce120000f5120000fe120000161500007b1500007f15000013160000
c51600001517000025170000281700008519000092190000aa190000d2190000411d0000651d0000711d0000851d0000
981d0000b91d0000151e0000f21e0000ff1e0000061f0000091f0000f91f00001d2000004620000093210000aa210000
212700003e2700009a270000a6270000c5270000d4270000d62700005e28000060280000a9280000b22800002b290000
362900003a29000069290000103600002036000024360000343600009f360000b3360000673700006c37000070370000
dc3700007e38000088380000580d0000d30e0000fe0e0000490f0000ba120000c0120000f9120000c413000010160000
ce180000dc180000f9180000c6190000ea1900002e1a00005e1f0000022000005d2000009b210000f121000025220000
382200003c2300009f2b000090370000d73700003a3900009b390000f73900000d3a00001a3a0000f73d00003f000000
bd0000006b0300009f030000cd030000db030000020400007c040000ed0400000c0500001a0500007e050000c4050000
ef0700002508000068080000a60800004e0900001d0a0000460a00004b0a00006d0a0000400b0000480b0000a60b0000
be0b0000ed0b0000f10c0000930e0000811200007f13000015160000af180000b7180000fa180000be190000eb190000
fd190000f51d00002f1f0000341f0000ed1f000060200000da210000282200003b220000a9220000be2200003f260000
062a0000a42b00004e330000fe350000123600005a36000081370000d6380000ee3800002839000075390000f8390000
033a00001b3a00005b3a0000863a00001f3b0000143c0000170000001d000000420000006e000000fa0000001e010000
ac0100000002000004020000150200009e020000af020000bf02000081050000c5050000050600003106000095060000
32070000fc090000ff170000451800006e1800003a190000eb0000002101000073010000ab010000d2020000e5020000
5b0300008f030000f103000008040000eb040000f404000022050000c8050000ff060000350700009108000032090000
6c09000086090000a8090000cb090000fb090000070a0000260a00008f0b0000960b0000ca0b0000850c0000d70d0000
3b0e00004e0f0000770f000097100000d4100000fa10000077120000ce1200001d1300006a140000f115000011160000
f0180000f218000085190000b3190000c2190000cf190000d2190000da190000e1190000ef190000621a0000ef1a0000
131b0000411d0000711d0000d41d0000d81d00001b1f0000931f0000971f0000f91f0000192000001d20000046200000
6d20000048220000e2220000a72300002127000025270000492700006b280000f9290000242a00009b2a0000482b0000
a02b0000af2b00004e300000cb300000f9300000443600006737000078370000b7380000df38000056390000f0390000
fc390000523a00005e00000050010000100200001c02000077030000cb030000de030000e10300001604000068040000
6b040000bf040000c10400000a05000012050000180500004f05000055050000db0500000006000085060000ae070000
af070000c10700000608000099080000fb090000130a00001b0a00003c0a0000440a00004f0a0000a00a0000bb0a0000
ff0a0000010b0000440b0000960b00009e0b0000b20b0000d90b0000dc0b0000150c0000180c0000960c0000bd0c0000
0d0d0000440d00002a0e00002c0e0000730e0000940e0000970e0000c40e0000ed0e00005f0f0000640f0000670f0000
690f00006a0f00006f0f000005100000d310000051110000a8110000aa1100008b1200009e1200009f1200000b130000
12130000451300004e1300006913000099130000b4130000b81300000d1400000f140000591400005b14000067140000
db14000034150000e81500000c1700006c170000fa1700004918000068190000ff1900002f1a0000761b0000771b0000
ff1c0000111d0000ed1d0000f31d0000f81d0000331e0000401e0000451e0000311f0000381f0000481f0000681f0000
6a1f0000791f0000901f00009f1f000083210000de210000ab220000ca2200000a2300005a2300005c23000084230000
d723000033240000bb2400006b2500006e250000352600003d2600008a260000b7260000bd260000c4260000ee260000
4127000083270000c7270000c9270000ce270000da270000452800004b28000063280000f0280000fa28000054290000
572900006f290000ce290000d0290000f2290000f52900008d2a0000982a00001e2b0000892c0000132d0000eb2e0000
7a2f000031330000ee330000fa3400002f3500006135000064350000c935000058360000ed3600000e370000cc380000
d4380000263900002b390000443900004b3900007739000088390000b7390000be390000df390000593a0000733a0000
7c3a0000843a0000d13a0000e63a0000003b0000083b0000193b0000843b0000b93c0000e73e0000ef3e0000d03f0000
d73f0000234000002a400000764000006d41000047000000d0010000a7030000da030000770400007804000096040000
86050000f20700004509000047090000bf090000610a0000e70a0000c10b0000e80b0000f61d00001e1e0000391f0000
601f0000ad2000005b2100003f2200004b220000cb22000041230000402600007126000016350000ab380000ed380000
153900005c3a00006a3a0000873a0000b83a00002d00000046000000b201000005020000120200008505000002060000
b70900008c1d0000041f0000d21f00002c2000001700000061000000a8000000b4000000f30000001a010000ac010000
b1010000c20100004b020000530200005d020000a6020000ed020000f90200007a0300007c0300007f03000096030000
f2030000fd03000073040000980400001e050000240500007d050000c105000016060000440600008806000099060000
c8060000d506000000070000ee070000070800000d080000e90800005a0900006d09000087090000b2090000e2090000
210a0000290a00004a0a00005e0a0000e20a0000070b0000b50b0000b70b0000ba0b0000e40b00007f0c0000dc0c0000
530d0000d90d0000dc0d0000d90e0000030f00005a10000013120000711200009a120000c6120000cf120000d1120000
ea150000ee15000044180000a31a0000f01a00006d1c00004e1d00005e1d0000701d0000901d0000db1d0000dd1d0000
9f1e0000f51e0000f81e0000151f00001c1f00002e1f00005c1f00009a1f00009c1f0000d11f0000e91f000038200000
52200000af20000032210000c8210000082200002d220000412200004d220000cd220000432300004326000077260000
222700002827000038270000432700005a28000065280000f3290000fd290000412b0000452b00000930000022300000
3732000049330000b8380000da380000e2380000303900004c3a0000533a00008a3a0000be3a0000233b0000ab3b0000
d13b0000473e0000cc030000e2030000170400006c040000c20400000b050000190500005005000056050000dc050000
c30700001c0a0000450a0000bf0a0000dd0b0000190c0000740e0000950e0000980e0000c50e0000ee0e0000600f0000
650f00006b0f0000700f000055110000ac1100008c120000a01200000c1300001313000046130000b5130000e2140000
e91500000d170000781b0000131d0000ee1d0000f41d0000f91d0000341e0000411e0000461e000087210000e5210000
d823000034240000bc2400006f2500003e2600008b260000be260000c5260000f2260000ca270000cf270000dc270000
462800004c280000fc2800005829000070290000f62900008f2a00009a2a00001f2b00008a2c0000142d0000ec2e0000
7b2f000033330000f0330000fb3400003335000065350000cb35000059360000ee3600000f370000d538000027390000
2c390000453900004c3900007839000089390000b8390000bf390000e03900005a3a0000743a0000853a0000d23a0000
e83a0000013b0000093b00001e3b0000883b0000ba3c0000e83e0000f03e0000d13f0000d83f0000264000002b400000
78400000744100005e000000140100003b010000100200001c02000077030000bb050000bd0500000006000085060000
c706000006080000fb090000960b00009e0b0000b20b0000f30c00000d0d00007e0d0000e00d0000051000005e100000
12120000cc120000f2120000f5120000fa1700002818000029180000071b0000d31b0000901f0000931f000008200000
622000003d220000ab220000ca2200005a230000652300003c270000412700005e280000632800004700000013020000
8605000003060000b8090000051f0000d61f00002d200000bd0000005f020000fd020000830300009a030000f3030000
00040000740400009b0400001f050000250500007e05000018060000480600009a060000d6060000ef0700000e080000
5b0900006e09000088090000b3090000e3090000220a00002a0a00004b0a0000600a0000e30a0000080b0000be0b0000
e50b0000810c0000de0d0000da0e0000040f00005c100000751200009b120000c7120000d2120000eb150000ef150000
a51a00006e1c0000f61e0000f91e0000161f00001d1f00002f1f00005d1f0000d51f0000ed1f00003a20000059200000
b120000033210000cf2100000b220000342200005122000044260000782600003a270000452700005c28000067280000
f7290000fe290000422b0000462b00000a30000023300000383200004a330000b9380000db380000e338000031390000
4d3a0000543a00008b3a0000bf3a0000243b0000ac3b0000d23b0000483e00009c000000f90000009a010000ab010000
49020000ae020000e5020000630300008f030000e8030000fb0300006f040000220500003006000085060000be060000
d406000006080000700900007b09000094090000cb090000260a00004f0a0000010b00008f0b00009e0b0000ca0b0000
e00b00007a0c0000df0c0000050d00000f0d00003c0d00003e0d0000b90d0000bb0d0000f30d00009b0e0000020f0000
090f00004a0f000007100000251000004b1000004d100000d711000028120000431200009d120000a3120000bb120000
da120000fa1200005b150000ed150000b5170000c7190000761c0000411d0000591d0000821d0000ad1d0000d11d0000
e01d0000131e0000941e0000fd1e00001f1f0000311f0000681f0000901f00009f1f0000a81f000005200000e2220000
c623000048260000842600001f27000021270000252700003e27000049270000df270000602800006b2800005b290000
f9290000442b000021300000f83100009d360000b2360000df3800002f3900003b390000563a00008f3a0000cb3a0000
eb3a0000273b0000cb3b0000533e0000260000004f000000e802000002030000a9030000a20400008e0500004d060000
48090000cc090000d40900007e15000014170000461d0000b81d0000241e0000ef1e00000c1f0000ad380000bd380000
493a00009c000000e3000000160100007b010000ab01000049020000ae020000c6020000d2020000e50200005b030000
630300008f030000a2030000e6030000e8030000030400009d0400009e040000f4040000bb050000bd050000d1050000
000600003006000085060000c7060000060800001d0800006f08000099080000a2080000b0080000ec080000f0080000
3d090000cb090000fb090000070a00008f0b0000930b0000960b00009e0b0000b20b0000ca0b0000fe0b0000000c0000
d30c0000fe0c0000050d00000f0d0000320d0000520d0000cc0d0000cf0d0000d40d0000d70d0000e20d00009d0e0000
cf0e0000090f00004b0f00004c0f0000750f000005100000071000005e10000060100000d3100000e1110000fb110000
0012000012120000171200002e1200004b12000085120000a9120000cc120000ce120000f2120000f5120000fc120000
fe120000431500000a170000d3180000851900009119000092190000da190000601a0000621a0000ef1a0000131b0000
891b0000d31b0000421c0000411d0000591d0000651d00006f1d0000711d0000b51d0000d11d0000d41d0000221e0000
231e0000601e0000be1e0000f21e0000131f0000901f0000931f0000b11f0000b31f0000162000006d2000009e210000
bc2100003d22000048220000ae220000b6220000e22200003f23000098230000a7230000da250000e125000011260000
172600001f27000021270000252700003e27000049270000bd270000c5270000d4270000e32700005e28000060280000
632800006b2800002b2900002d2900006729000069290000172a0000142b00007f2c0000c42e0000da34000004360000
0e3600001d360000243600004f360000a6360000ae360000bf360000673700006b3700006c370000a5370000ea370000
1c38000023380000583800005e3800007e38000080380000260000004f000000c3000000b5010000ea010000b3020000
ab03000075040000a5040000860500008e05000003060000350600006a080000ed0800004f090000b4090000b8090000
bc090000d1190000681d0000971d0000141e0000f31e0000051f0000081f0000da1f00001c2000004520000090210000
a92100000036000025360000d4370000db370000bd00000055010000fd020000150300009a0300009f030000bc030000
db0300000004000002040000650400006d0400007104000081040000a1040000a4040000bd040000be040000f1040000
f70400007e050000c4050000480600009a06000007070000b30700003508000068080000a60800004e0900005b090000
9c090000b3090000d3090000d7090000030a00006d0a0000ac0a00005f0b0000670b0000910b0000e20b0000470c0000
f10c0000570d0000930e0000d20e0000da0e0000fd0e00003a11000081120000b9120000bf1200007f130000c3130000
5214000088140000b3170000be170000b6180000d1180000d5180000e1180000ba190000d5190000ea1d0000f71d0000
0a1e0000111e0000171e0000181e00002b1e00002d1e0000ba1e0000ee1e00003c1f00004d1f00007c1f0000831f0000
a61f0000ac1f0000d51f00002620000064210000732100007e2100009a210000d22100000622000070220000d6220000
13230000b2230000b92300000a2500003a25000041260000582600007d260000802600000a3000003e30000085300000
a8300000163200002432000082320000b6320000c7330000d63400002a350000fe35000012360000d6370000bc380000
c4380000ee3800000e3900001b3900001c390000753900009a390000023a0000133a00005d3a0000613a00006e3a0000
713a0000883a00009f3a0000c43a0000c73a00001700000042000000a8000000ee000000fa0000001e010000b1010000
fb010000110200002d020000b1020000ed020000f502000081050000c505000001060000330600008806000000070000
e90800007c090000ce090000d0090000860c00003f0d0000640d00006d0d000027100000bc1200004815000049150000
d3190000421d0000441d0000a11d0000a21d00006c1e00006d1e00009f1e0000fe1f0000042000001e20000035200000
47200000130100008a010000f703000041040000610400009a04000000050000ba050000630700006b0900008f090000
930a0000990a0000cb0a00001f0d0000920d0000a60d00009e0e0000c90e0000d00e0000db0e0000290f00002b0f0000
390f0000440f0000381000005d11000063110000d6110000ae120000e0120000ea1200007c13000094130000eb130000
ec130000f81300004b14000053140000611400007e14000089140000bd1400009d1500001016000093170000b4170000
e2180000f9180000ea1900002d1c0000c21c0000291d0000041e00000c1e00000f1e0000311e00004a1f00004e1f0000
561f00005d20000025220000382200000c230000142300002223000069240000462500008c2500005c26000060260000
cd270000502a00009f2b00001d2c0000582c00006d300000b530000029320000c3320000d83300000435000086350000
6a3600009c36000025370000a03700000939000091390000b5390000f73900001a3a0000653a0000693a0000a33a0000
a73a00005c3b0000f83c000024410000a4410000cd010000150300009c030000bd030000e4030000a4040000be040000
c3040000cf040000e8040000ed04000057050000b9050000a106000098070000ef070000250800003508000063080000
a008000067090000d7090000c70a0000e30a0000670b00001a0c0000330c0000760c0000ea0c0000230e0000710e0000
910e0000610f00006c0f00007e1200000d13000041130000491300007813000009140000521400000a15000049170000
b3170000b7180000be190000e81d0000111e00002b1e0000421e0000ba1e00005d1f00007c1f0000a61f0000ed1f0000
da210000342200003b230000b2230000df230000072500007f2500007d260000bf260000fa2600007f270000cb270000
e52700004d280000f22800000129000071290000c4290000332a00009d2a00001130000086300000133200007f320000
4e33000079330000d634000075350000d03500000c360000e93600001c3900004639000072390000b9390000033a0000
6e3a0000c43a00000a3b0000903b0000f13e0000d23f00002740000088400000a1000000e2000000f100000015010000
3e010000ac010000ae01000027020000af020000ea020000f502000094030000bc050000310600008a060000ca060000
e3080000d00900009f0b0000cf0b0000b20d0000f3120000481500002a180000421d00008b1d0000a11d00006c1e0000
911f0000e722000068230000262700004a2700006c280000e3000000f9000000160100005d0100009a010000d9010000
7702000021030000a2030000e7030000fb0300000b0400009e040000a7040000eb040000bd050000a8060000ff060000
1607000035070000450700006807000073070000ae070000b7070000bb070000c4070000d207000012080000cd080000
fb08000013090000700900007b09000094090000db090000a00a0000380c00007a0c0000b50c0000c10c0000280d0000
3c0d00008b0d0000940d0000b90d0000c80d0000d40d00001e0e0000380e00009f0e0000dc0e0000020f0000450f0000
4e0f0000760f0000251000003a1000004b100000ba100000c210000096110000d7110000eb110000281200005e120000
91120000b3120000cc120000e1120000021300001b13000081130000dd130000491400004d1400005414000067140000
8a140000161500005b150000a015000011160000a2160000b71700005e190000c2190000da190000ef190000bd1a0000
d51a0000ef1a0000131b0000461b00008c1b0000761c0000fe1c00000b1d00006f1d0000821d0000941d0000ad1d0000
c11d0000221e0000231e0000881e00008c1e0000b11e0000d11e0000da1e0000fd1e00000f1f0000481f0000be1f0000
f91f00006d2000004822000017230000282300008823000019250000b12500006c260000972700009e270000d7270000
e7270000a7280000ae280000c32800007d290000512a0000552a0000922a0000b72a0000582b0000a02b00002d2c0000
5d2c0000173000004e300000723000007d300000dc300000f0310000f43100000b32000091320000ec32000034330000
43330000a6340000e7340000ac3500009d360000b2360000d236000054390000fc390000b33a0000693b0000e63c0000
ae4100006b0300000c0500001a0500001d0a0000400b0000a60b00007d1b0000031d0000181d0000351e0000771f0000
802300008c260000062a0000d638000028390000753a0000d33a00009e020000fc090000ff170000031b0000081b0000
d41b00002700000050000000ff010000140200008f05000004060000a40000004f0200006402000070030000ad030000
a8040000260500001d0600008d0600009d060000090800000f0800005c090000e40900002b0a0000ab0b0000f0150000
aa1a00005c1d0000d71d0000f71e0000171f0000961f000024270000482700006a280000072a0000472b00000d300000
4b330000e43800004e3a00003f000000bd000000cd010000150300006b0300009f030000cd030000db0300000a040000
710400007c040000a4040000be040000c3040000cf0400000c0500001a050000570500007e050000b3070000c8070000
ef07000035080000680800004e090000d70900001d0a0000460a00004b0a00006d0a0000e30a0000400b0000670b0000
910b0000a60b0000be0b0000e20b0000ed0b00001a0c0000290c0000b90c0000230e0000960e0000610f00006c0f0000
8d1200000d1300005d1300000914000052140000b31700007d1b0000031d0000181d0000ef1d0000f51d0000f71d0000
111e00002b1e0000351e0000421e0000ba1e00002f1f0000341f00003c1f00005d1f0000771f00007c1f0000a61f0000
34220000a9220000be220000d62200003b23000080230000b2230000702500007f2500003f260000412600007d260000
8c260000bf260000fa2600007f270000cb270000e52700004d280000f22800000129000071290000c4290000062a0000
9d2a000038330000d6340000fc3400006635000075350000d0350000fe3500005a360000d6380000ee3800001c390000
283900004639000079390000b93900005b3a00005d3a00006e3a0000753a0000863a0000883a0000c43a0000d33a0000
0a3b00001f3b0000f13e0000d23f000027400000170000001d000000420000006e000000ec00000022010000ae010000
fb01000000020000040200001102000015020000210200009e020000f502000081050000c90500000106000005060000
950600000b080000d0090000fc0900009f0b0000b20d0000f312000048150000ff1700002a180000031b0000081b0000
d41b0000421d00008b1d0000a11d00006c1e0000911f0000e722000068230000262700004a2700006c28000073010000
ab010000ae020000d2020000e502000008040000f40400003006000091080000a8090000cb090000fb090000070a0000
390b00008f0b00008b0d0000940d0000a10d00000a0f00002c0f00003a10000097100000861100008b11000034120000
ef1200005b150000d718000085190000da1900000c1a0000671a00007c1a0000ef1a0000131b0000461b0000891b0000
d31b0000fc1b0000421c0000761c0000da1c00000b1d0000411d00007e1d0000ad1d0000b51d0000031f0000131f0000
751f0000e22200009f2300009826000025270000492700006b280000cb300000be310000e533000067370000a5370000
df3a0000053c0000373e000019000000440000008d000000cb000000aa0100004f02000064020000ad020000e1020000
700300008b030000a0030000060400007d0400009c040000260500007f05000083050000ff0500001d0600002f060000
c2060000d70600007e07000069080000eb08000050090000c9090000e40900002b0a0000540a0000700a00000a0b0000
a70b0000ab0b0000c60b0000ee0b0000d60c000095120000f0150000aa1a0000401d0000611d0000d71d0000f01e0000
171f0000291f0000961f0000c32200004d26000024270000482700006a280000072a0000472b000024300000ff350000
23360000e43800004e3a0000943a0000293b0000d43b00005e0000001002000077030000cb030000de03000068040000
6b040000bf0400000a05000012050000180500004f0500000006000085060000af070000c107000099080000fb090000
130a00001b0a00003c0a0000440a00004f0a0000bb0a0000ff0a0000440b0000960b00009e0b0000b20b0000d90b0000
dc0b0000150c0000960c0000bd0c00002c0e0000730e0000940e0000640f00006f0f00008b1200001213000045130000
4e130000691300000f1400005b140000fa170000ff190000761b0000ff1c0000111d0000ed1d0000f31d0000331e0000
451e0000311f0000381f00006a1f0000791f00009f1f0000ab220000ca2200005c23000084230000d72300006e250000
352600003d2600008a260000c4260000ee26000041270000ce270000da27000045280000632800005429000057290000
ce290000f2290000f5290000982a000031330000fa3400006435000058360000ed360000cc380000d438000026390000
4b39000077390000be390000593a0000733a00007c3a0000843a0000d13a0000e63a0000003b0000193b0000843b0000
e73e0000d73f00002a400000764000001f1e0000611f0000ae200000402200004c22000042230000722600006b3a0000
b93a000047000000a7030000da03000077040000860500004509000047090000610a0000c10b0000e80b0000f61d0000
391f0000cb22000040260000ab380000ed3800005c3a0000873a00002d00000046000000050200001202000085050000
02060000b1010000ed020000f90200007a030000a00400001e05000044060000b2090000ce090000d2090000210a0000
b50b0000ee150000441d0000dd1d0000ed1e00001c1f00009c1f0000d11f0000282700004327000065280000fd290000
452b0000bb380000da380000533a000010020000770300006b0400000a05000012050000180500004f05000000060000
730900007f0900001b0a0000ff0a0000440b0000b20b0000ca0b0000dc0b00004f0c00007d0c00002c0e00008e0e0000
640f00006f0f00007312000012130000671300000f1400005b140000761b0000ff1c0000111d0000e31d00001f1e0000
331e0000451e00002d1f0000611f00006a1f0000791f00009f1f0000ae200000402200004c220000a722000042230000
5c230000842300009b24000035260000722600008a260000c4260000ee26000041270000ce270000da27000045280000
632800005429000057290000ce290000f2290000982a0000e22e00005a2f0000b0380000d4380000263900004b390000
6f390000be3900006b3a0000733a00007c3a0000b93a0000d13a0000e63a0000003b0000e73e0000d73f00002a400000
1700000061000000a8000000b4000000b10100004b0200005d020000a6020000ed020000f90200007a0300007f030000
96030000fd03000073040000980400001e0500007d05000016060000440600008806000099060000c8060000d5060000
070800000d080000e90800005a090000b2090000210a00004a0a00005e0a0000070b0000b50b0000ba0b0000e40b0000
dc0c00009a120000ee1500004e1d00005e1d0000dd1d0000f51e00001c1f00002e1f00009c1f0000d11f0000cd220000
43260000282700004327000065280000fd290000452b0000093000002230000049330000da380000533a00008a3a0000
233b0000d13b0000990e0000c60e0000ef0e0000620f00006d0f0000a112000010130000b6130000e6140000fa1d0000
431e0000e9210000bd240000c2260000cc270000902a0000ed2e00007c2f0000103700002d390000493900008a390000
bc390000bb3c0000d53f000028400000cc030000e20300006c040000c20400000b0500001905000050050000c3070000
1c0a0000450a0000bf0a0000dd0b0000190c0000740e0000950e0000650f0000700f00008c1200001313000046130000
781b0000131d0000ee1d0000f41d0000341e0000461e0000d82300006f2500003e2600008b260000c5260000f2260000
cf270000dc2700004628000058290000f62900009a2a000033330000fb3400006535000059360000ee360000d5380000
273900004c39000078390000bf3900005a3a0000743a0000853a0000d23a0000e83a0000013b00001e3b0000883b0000
e83e0000d83f00002b400000784000005e000000140100003b010000100200001c02000077030000bb05000000060000
85060000c706000006080000fb090000960b0000b20b0000f5120000fa17000029180000071b0000d31b0000931f0000
ca2200006523000041270000632800008a01000053030000e0030000f703000007040000ea040000ba050000d3060000
310900006b0900008f090000a7090000990a0000fc0a00008e0b0000ee0c0000920d0000df0d0000320e00009e0e0000
d30e0000010f0000460f0000490f0000780f0000381000005d10000092100000c11000008a110000d611000060120000
98120000b5120000ba120000e0120000f91200002013000064130000da1300004b1400006114000081140000ec150000
b4170000c6190000d31a0000881b0000121e0000e61e0000021f00001a1f00002c1f00004a1f0000a71f000002200000
5d20000038220000a622000022230000b6230000632600007f2600003b27000079270000d32700005d280000ee280000
142a0000912a0000b42a0000432b00004e2b0000242c0000402c000020300000c6300000db300000e4330000f2340000
433600009c360000d43600003a39000059390000513a0000aa3a0000c63a0000623b0000c63b0000e33c0000aa410000
201e0000b020000050220000732600006c3a0000ba3a0000061f00002e20000047000000130200008605000003060000
fd020000a10400001f05000048060000b3090000d3090000220a0000ef150000ee1e00001d1f0000d51f000045270000
67280000fe290000462b0000bc380000db380000543a0000ee0300006c0400000b050000190500005005000083090000
1c0a0000dd0b0000580c00008f0e0000650f0000700f00007412000013130000781b0000131d0000e41d0000201e0000
341e0000461e0000b0200000502200009c2400003e260000732600008b260000c5260000f2260000cf270000dc270000
4628000058290000f62900009a2a0000e32e00005b2f0000b4380000d5380000273900004c39000070390000bf390000
6c3a0000743a0000853a0000ba3a0000d23a0000e83a0000013b0000e83e0000d83f00002b4000001901000034020000
c0050000cb090000fb090000960b0000f5120000fa17000029180000071b0000d31b0000061f0000931f00002e200000
ca220000652300004127000063280000df0d0000db0e0000050f00005d100000c8120000d3120000ec150000fa1e0000
1a1f00005e1f00005d200000342100000d220000382200003b2700005d280000432b00003932000032390000513a0000
493e0000bd0000005f020000fd020000830300009a03000000040000740400009b0400001f0500007e05000018060000
480600009a060000d60600000e0800005b090000b3090000220a00004b0a0000600a0000080b0000be0b0000e50b0000
9b120000ef150000f61e00001d1f00002f1f0000d51f0000442600004527000067280000fe290000462b00000a300000
233000004a330000db380000543a00008b3a0000243b0000d23b00008a01000053030000e0030000e5030000f7030000
2704000061040000b5040000ea040000ba050000d3060000a10800006b0900008f090000cb0a0000fc0a0000380b0000
8e0b0000370c0000770c0000ee0c0000300d0000ed0d00001c0e0000240e0000720e0000920e00009c0e0000c80e0000
d00e0000070f0000170f0000220f0000490f00004d0f0000630f00006e0f000006100000a6110000d611000001120000
8012000098120000a8120000ba120000d7120000f912000011130000441300004a1300007c130000a5130000d1130000
061400000a140000311400004b140000531400007e140000d7140000ec150000b4170000ce180000c6190000881b0000
fd1c0000e91d0000001e00000f1e0000121e0000291e00002c1e0000441e0000c61e00001a1f00002c1f0000561f0000
5e1f0000741f0000801f0000a71f0000bd1f000002200000f121000038220000222300003c2300007a230000b6230000
472400000925000026250000ac250000602600007f260000c3260000fe2600003b270000cd2700005d280000af290000
9e2a0000432b00002030000096300000153200001e32000081320000a2320000de3400000f350000a73500000d360000
843600009c360000a7360000ec3600001b370000093900003a3900004a390000743900008e390000a9390000bd390000
0d3a0000513a0000693a0000703a0000a73a0000c63a0000943b0000c63b0000da3c0000d63f0000294000005c410000
fd0200007c040000a1040000bd04000048060000d30900005f0b0000a60b0000ed0b0000be170000f51d0000171e0000
2d1e0000ee1e0000341f0000831f0000ac1f0000be220000b92300003f26000080260000bc3800001b3900005b3a0000
713a0000863a0000c73a0000010101010101010101010101010101010101010101010101010101010101010101010101
010101010101010101010101010101010101010101010101010101010101010101010101010101010101010101010101
010101010101010101010101010101010101010101010101010101010101010101010101010101010101010101010101
010101010101010101010101010101010101010101010101010101010101010101010101010101010101010101010101
010101010101010101010101010101010101010101010101010101010101010101010101010101010101010101010101
010101010101010101010101010101010101010101010101010101010101010101010101010101010101010101010101
010101010101010101010101010101010101010101010101010101010101010101010101010101010101010101010101
010101010101010101010101010101010101010101010101010101010101010101010101010101010101010101010101
010101010101010101010101010101010101010101010101010101010101010101010101010101010101010101010101
010101010101010101010101010101010101010101010101010101010101010101010101010101010101010101010101
010101010101010101010101010101010101010101010101010101010101010101010101010101010101010101010101
010101010101010101010101010101010101010101010101010101010101010101010101010101010101010101010101
010101010101010101010101010101010101010101010101010101010101010101010101010101010101010101010101
010101010101010101010101010101010101010101010101010101010101010101010101010101010101010101010101
010101010101010101010101010101010101010101010101010101010101010101010101010101010101010101010101
010101010101010101010101010101010101010101010101010101010101010101010101010101010101010101010101
010101010101010101010101010101010101010101010101010101010101010101010101010101010101010101010101
010101010101010101010101010101010101010101010101010101010101010101010101010101010101010101010101
010101010101010101010101010101010101010101010101010101010101010101010101010101010101010101010101
010101010101010101010101010101010101010101010101010101010101010101010101010101010101010101010101
010101010101010101010101010101010101010101010101010101010101010101010201010101010101020101020101
010102010102010102010101010101010101010101010101010101010201010101010101010101010101010101010101
010101010101010101010101010101010101010101010101010101020101010101010101010101010101010101010101
010101010101010101010101010101010101010101010101010101010101010101010101010101010101010101010101
010101010101010101010101010101010101010101010101010101010101010101010101010101010101010101010101
010101010101010101010101010102010101010101010101010101010101010101010101010101010101010101010101
010101010101010101010101010101010101010101010101010101010101010101010101010101010101010101010101
010101010101010101010101010101010201010101010101010101010101010101010101010101010101010101010101
020101010101010101010101010101010101010101010101010101010101010101010101010101020101010101010101
010101010101010101010101010101010101010101010101010101010101010101010101010101010101020101010102
010101010101010201010102010101010101010101010101020101010101010101010101010101010101010101010101
010101010101010101010101010101010101010101010101010101010101010101010101010101010101010101010101
010101010101010101010101010101010101010101010101010101010101010101010101010101010101010101010101
010101010101010101010101010101010101010101010101010101010101010101010101010101010101010101010101
010101010101010101010101010101010101010101010101010101010101010101010101010101010101010101010101
010101010101010101010101010101010101010101010101010101010101010102010101010101010101010101010101
010101010101010101010101010101010101010101010101010101010101010101010101010101010101010101010101
010101010101010101010101010101010101010101010101010101010101010101010101010101010101010101010101
010201010101010101010101010101010101010101010101010101010101010101010101010101010101010101010101
010101010101010101010101010101010101010101010101010101010101010101010101010101010101010101010101
010101010101010101010101010101010101010101010101010101010101010101010101010101010101010101010101
010101010101010101010101010101010101010101010101010101010101010101010101010101010101010101010101
010101010101010101010101010101010101010101010101010101010101010101010101010101010101010101010101
010101010101010101010101010101010101010101010101010101010101010101010101010101010101010101010101
010101010101010101010101010101010101010101010101010101010101010101010101010101010101010101010101
010101010101010101010101010101010101010101010101010101010101010101010101010101010101010101010101
010101010101010101010101010101010101010101010101010101010101010101010101010101010101010101010101
010101010101010101010101010101010101010101010101010101010101010101010101010101010101010101010101
010101010101010101010101010101010101010101010101010101010101010101010101010101010101010101010101
010101010101010101010101010101010101010101010101010101010101010101010101010101010101010101010101
010101010101010101010101010101010101010101010101010101010101010101010101010101010101010101010101
010101010101010101010101010101010101010101010101010101010101010101010101010101010101010101010101
010101010101010101010101010101010101010101010101010101010101010101010101010101010101010101010101
010101010101010101010101010101010101010101010101010101010101010101010101010101010101010101010101
010101010101010101010101010101010101010101010101010101010101010101010101010101010101010101010101
010101010101010101010101010101010101010101010101010101010101010101010101010101010101010101010101
010101010101010101010101010101010101010101010101010101010101010101010101010101010101010101010101
010101010101010101010101010101010101010101010101010101010101010101010101010101010101010101010101
010101010101010101010101010101010101010101010101010101010101010101010101010101010101010101010101
010101010101010101010101010101010101010101010101010101010101010101010101010101010101010101010101
010101010101010101010101010101010101010101010101010101010101010101010101010101010101010101010101
010101010101010101010101010101010101010101010101010101010101010101010101010101010101010101010101
010101010101010101010101010101010101010101010101010101010101010101010101010101010101010101010101
010101010101010101010101010101010101010101010101010101010101010101010101010101010101010101010101
010101010101010101010101010101010101010101010101010101010101010101010101010101010101010101010101
010101010101010101010101010101010101010101010101010101010101010101010101010101010101010101010101
010101010101010101010101010101010101010101010101010101010101010101010101010101010101010101010101
010101010101010101010101010101010101010101010101010101010101010101010101010101010101010101010101
010101010101010101010101010101010101010101010101010101010101010101010101010101010101010101010101
010101010101010101010101010101010101010101010101010101010101010101010101010101010101010101010101
010101010101010101010101010101010101010101010101010101010101010101010101010101010101010101010101
010101010101010101010101010102010101010101010101010101010101010101010101010101010201010101010101
010101010101010101010101010101010101010101010101010101010101010101010101010101010101010101010101
010101010101010101010101010101010101010101010101010101010101010101010101010101010101010101010101
010101010101010101010101010101010101010101010101010101010101010101010101010101010101010101010101
010101010101010101020201010101010101010202010101010101010102010101010101010101010101010101010101
010101010101010101010101010101010101010101010101010101010101010101010101010101010101010101010101
010101010101010101010101010101010101010101010101010101010101010101010101010101010101010101010101
010101010101010101010101010101010101010101010101010101010101010101010101010101010101010101010101
010101010101010101010101010201010101010101010101010101010101010101010101010101010101010101010101
010101010101010101010101010101010101010101010101010101010101010101010101010101010101010101010101
010101010101010101010101010101010101010101010101010101010101010101010101010101010101010101010101
010101020101010101010101010101010101010101010101010101010101010101010101010101010101010101010101
010101010101010101010101010101010101010101010101010101010101010101010101010101010101010201010101
010101010101010101010101010101010101010101010101010101010101010101010102010101010101010101010101
010101010101010101010101010101010101010101010101010101010101010101010101010101010101010101010101
010101010101010101010101010101010101010101010101010101010101010101010101010101010101010101010101
010101010101010101010101010101010101010101010101010101010101010101010101010101010101010101010101
010101010101010101010101010101010101010101010101010101010101010101010101020101010101010101010101
010101010101010101010101010101020101010101010101010101010101010101010101010101010101010101010101
010101010101010101010101010101010101010101010101010101010101010101010101010101010101010101010101
010101010101010101010101010101010101010101010101010101010101010101010101010101010101010101010101
010101010101010101010101010101010101010101010101010101010101010101010101010101010101010101010101
010101010101010101010101010101010101010101010101010101010101010101010101010101010101010101010101
010101010101010101010101010101010101010101010101010101010101010101010101010101010101010101010101
010101010101010101010101010101010101010101010101010101010101010101010101010101010101010101010101
010101010101010101010101010101010101010101010101010101010101010101010101010101010101010101010101
010101010101010101010101010101010101010101010101010101010101010201010101010101010101010101010101
010201010101010101010101010101010101010101010101010101010101010101010101010101010101010101010101
010101010101010101010101010101010101010102010101010201010101010102010101010101010102010101010201
010101020101010101010101010101010101010101010101010101010101010101010101010101010101010101010101
010101010101010101010101010101010101010101010101010101010101010101010101010101010101010101010101
010101010101010101010101010101010101010101010101010101010101010101010101010101010101010101010101
010101010101010101010101010101010101010101010101010101010101010101010101010101010101010101010101
010101010101010101010101010101010101010101010101010101010101010101010101010101010101010101010101
010101010101010101010101010101010101010101010101010101010101010101010101010101010101010101010101
010101010101010101010101010101010101010101010101010102010101010101010101010102010101010101010101
010101010101020101020101010102010101010102010101020101010201010101010101010101010101010101010101
010101010101010101010101010101010101010101010101010101010101010101010101010101010101010101010101
010101010101010101010101010101010101010101010101010101010101010101010101010101010101010101010101
010101010101010101010101010101010101010101010101010101010101010101010101010101010101010101010101
010101010101010101010101010101010101010101010101010101010101010101010101010101010101010101010101
010101010101010101010101010101010101010101010101010101010101010101010101010101010101010101010101
010101010101010101010101010101010101010101010101010101010101010101010101010101010101010101010101
010101010101010101010101010101010101010101010101010101010101010101010101010101010101010101010101
010101010101010101010101010101010101010101010101010101010101010101010101010101010101010101010101
010101010101010101010101010101010101010101010101010101010101010101010101010101010101010101010101
010101010101010101010101010101010101010101010101010101010101010101010101010101010101010101010101
010101010101010101010101010101010101010101020101010101010101010101010101010101010101010101010101
010101010101010101010101010101010101010101010101010101010101010101010101010101010101010101010101
010101010101010101010101010101010101010101010101010101010101010101010101010101010101010101010101
010101010101010101010101010101010101010101010101010101010101010101010101010101010101010101010101
010101010101010101010101010101010101010101010101010101010101010101010101010101010101010101010101
010101010101010101010101010101010101010101010101010101010101010101010101010101010101010101010101
010101010101010101010101010101010101010101010101010101010101010101010101010101010101010101010101
010101010101010101010101010101010101010101010101010101010101010101010101010101010201010102010102
010101010101010101010101010101010101010101010101010101010101010101010101010101010101010101010101
020102010201010101010101010101010101010101010101010101010101010101010101010101010101010101010101
010101010101010101010101010101010101010101010101010101010102010101010101010101010101010101010101
010101010101010101010101010101010101010101010101010101010101010101010101010101010101010101010101
010101010101010101010101010101010101010101010101010101010101010101010101010101010101010101010101
010101010101010101010101010101010101010101010101010101010101010101010101010101010101010101010101
010101010101010101010101010101010101010101010101010101010101010101010101010101010101010101010101
010101010101010101010101010101010101010101010101010101010101010101010101010101010101010101010101
010101010101010101010101010101010101010101010101010101010101010101010101010101010101010101010101
010101010101010101010101010101010101010101010101010101010101010101010101010101010101010101010101
010101010101010101010101010101010101010101010101010101010101010101010101010101010101010101010101
010101010101010101010101010101010101010101010101010101010101010101010101010101010101010101010101
010101010101010101010101010101010101010101010101010101010101010101010101010101010101010101010101
010101010101010101010101010101010101010101010101010101010101010101010101010101010101010101010101
010101010101010101010101010101010101010101010101010101010101010101010101010101010101010101010101
010101010101010101010101010101010101010101010101010101010101010101010101010101010101010101010101
010101010101010101010101010101010101010101010101010101010101010101010101010101010101010101010101
010101010101010101010101010101010101010101010101010101010101010101010101010101010101010101010101
010101010101010101010101010101010101010101010101010101010101010101010101010101010101010101010101
010101010101010101010101010101010101010101010101010101010101010101010101010101010101010101010101
010101010101010101010101010101010101020101010101010101010101010101010101010101010101010101010101
010101010101010101010201010101010101010101010101010101010101010101010101010101010101010101010101
010101010101010101010101010201010101020101010101020101010101020101010101010101010101010201010101
010101010101010101010101010101010101010101010101010101010101010101010101010101010101010101010101
010101010101010101010101010101010101010101010101010101010101010101010101010101010101010101010101
010101010101010101010101010101010101010101010101010101010101010101010101010101010101010101010101
010101010101010101010101010101010101010101020201010101010101010202010101010101010102010101010101
010101010101010101010101010101010101010101010101010101010101010101010101010101010101010101010101
010101010101010101010101010201020201010101010101010101010101010101010101020102020101010101010101
010101010101010101010101010101010101010201010201010201010202010101010201010101010102010101010101
020102010102010102010201010201010101010101020101010101010101010101010101010101010101010101010101
010101010101010101010101010101010101010101010101010101010101010101010101010101010101010101010101
010101010101010101010101010101010101010101010102020101010101010101010101010102020101010201010101
010101010101010101010101010101010101010101010101010101010101010101010101010101010101010101010101
010101010101010101010101010101010101010101010101010101010101010101010101010101010101010101010101
010101010101010101010101010101010101010101010101010101010101010101010101010101010101010101010101
010101010101010101010101010101010101010101010101010101010101010101010101010101010101010101010101
010101010101010101010101010101010101010101010101010101010101010101010101010101010101010101010101
010101010101010101010101010101010101010101010101010101010101010101010101010101010101010101010101
010101010101010101010101010101010101010101010101010101010101010101010101010101010101010101010101
010101010101010101010101010101010101010101010101010101010101010101010101010101010101010101010101
010101010101010101010101010101010101010101010101010101010101010101010101010101010101010101010101
010101010101010101010101010101010101010101010101010101010101010101010101010101010101010101010101
010101010101010101010101010101010101010101010101010101010101010101010101010101010101010101010101
010101010101010101010101010101010101010101010101010101010101010101010101010101010101010101010101
010101010101010101010101010101010101010101010101010101010101010101010101010101010101010101010101
010101010101010101010101010101010101010101010101010101010101010101010101010101010101010101010101
010101010101010101010101010101010101010101010101010101010101010101010101010101010101010101010101
010101010101010101010101010101010101010101010101010101010101010101010101010101010101010101010101
010101010101010101010101010101010101010101010101010101010101010101010101010101010101010101010101
010101010101010101010101010101010101010101010101010101010101010101010101010101010101010101010101
010101010101010101010101010101010101010101010101010101010101010101010101010101010101010101010101
010101010101010101010101010101010101010101010101010101010101010101010101010101010101010101010101
010101010101010101010101010101010101010101010101010101010101010101010101010101010101010101010101
010101010101010101010101010201010101010101010101010101010101010101010101010101010101010101010101
010101010101010101010101010101010101010101010101010101010101010101010101010101010101010101010101
010101010101010101010101010101010101010101010101010101010101010101010101010101010101010101010101
010101010101010101010101010101010101010101010101010101010101010101010101010101010101010101010101
010101010101010101010101010101010101010101010101010101010101010101010101010101010101010101010101
010101010101010101010101010101010101010101010101010101010101010101010101010101010101010101010101
010101010101010101010101010101010101010101010101010101010101010101010101010101010101010101010101
010101010101010101010101010101010101010101010101010101010101010101010101010101010101010101010101
010101010101010101010101010101010101010101010101010101010101010101010101010101010101010101010101
010101010101010101010101010101010101010101010101010101010101010101010101010101010101010101010101
010101010101010101010101010101010101010101010101010101010101010101010101010101010101010101010101
010101010101010101010101010101010101010101010101010101010101010101010101010101010101010101010101
010101010101010101010101010101010101010101010101010101010101010101010101010101010101010101010101
010101010101010101010101010101010101010101010101010101010101010101010101010101010101010101010101
010101010101010101010101010101010101010101010101010101010101010101010101010101010101010101010101
010101010101010101010101010101010101010101010101010101010101010101010101010101010101010101010101
010101010101010101010101010101010101010101010101010101010101010101010101010101010101010101010101
010101010101010101010101010101010101010101010101010101010101010101010101010101010101010101010101
010101010101010101010101010101010101010101010101010101010101010101010101010101010101010101010101
010101010101010101010101010101010101010101010101010101010101010101010101010101010101010101010101
010101010101010101010101010101010101010101010101010101010101010101010101010101010101010101010101
010101010101010101010101010101010101010101010101010101010101010101010101010101010101010101010101
010101010101010101010101010101010101010101010101010101010101010101010101010101010101010101010101
010101010101010101010101010101010101010101010101010101010101010101010101010101010101010201010101
010101010101010101010101010101010101010101020101010101010101010101010101010101010101010101010101
010101010101010101010101010101010101010101010101010101010101010101010101010101010101010101010101
010101010101010101010101010101010101010101010101010101010101010101010101010101010102010101010101
010101010101010101010101010101010101010101010101010101010101010101010101010101010101010101010101
010101010101010101010101010101010101010101010101010101010101010101010101010101010101010101010101
010101010101010101010101010101010101010101010101010101010101010201010101010101010101010101010101
010101010101010101010101010101010101010101010101010101010101010101010101010101010101010101010101
010101010101010101010101010101010101010101010101010101010101010101010101010101010101010101010101
010101010101010101010101010101010101010101010101010101010101010101010101010101010101010101010101
020201010101010101010101010102020101010102010101010101010101010101010101010101010101010101010101
010101010101010101010101010101010101010101010101010101010101010101010101010101010101010101010101
010101010101010101010101010101010101010101010101010101010101010101010101010101010101010101010101
010101010101010101010101010101010101010101010101010101010101010101010101010101010101010101010101
010101010101010101010101010101010101010101010101010101010101010101010101010101010101010101010101
010101010101010101010101010101010101010101010101010101010101010101010101010101010101010101010101
010101010101010101010101010101010101010101010101010101010101010101010101010101010101010101010101
010101010101010101010101010101010101010101010101010101010101010101010101010101010101010101010101
010101010101010101010101010101010101010101010101010101010101010101010101010101010101010101010101
010101010101010101010101010101010101010101010101010101010101010101010101010101010101010101010101
010101010101010101010101010101010101010101010101010101010101010101010101010101010101010101010101
010101010101010101010101010101010101010101010101010101010101010101010101010101010101010101010101
010101010101010101010101010101010101010101010101010101010101010101010101010101010101010101010101
010101010101010101010101010101010101010101010101010101010101010101010101010101010101010101010101
010101010101010101010101010101010101010101010101010101010101010101010101010101010101010101010101
010101010101010101010101010101010101010101010101010101010101010101010101010101010101010101010101
010101010101010101010101010101010101010101010101010101010101010101010101010101010101010101010101
010101010101010101010101010101010101010101010101010101010101010101010101010101010101010101010101
010101010101010101010101010101010101010101010101010101010101010101010101010101010101010101010101
010101010101010101010101010101010101010101010101010101010101010101010101010101010101010101010101
010101010101010101010101010101010101010101010101010101010101010101010101010101010101010101010101
010101010101010101010101010101010101010101010101010101010101010101010101010101010101010101010101
010101010101010101010101010101010101010101010101010101010101010101010101010101010101010101010101
010101010101010101010101010101010101010101010101010101010101010101010101010101010101010101010101
010101010101010101010101010101010101010101010101010101010101010101010101010101010101010101010101
010101010101010101010101010101010101010101010101010101010101010101010101010101010101010101010101
010101010101010101010101010101010101010101010101010101010101010101010101010101010101010101010101
010101010101010101010101010101010101010101010101010101010101010101010101010101010101010101010101
010101010101010101010101010101010101010101010101010101010101010101010101010101010101010101010101
010101010101010101010101010101010101010101010101010101010101010101010101010101010101010101010101
010101010101010101010101010101010101010101010101010101010101010101010101010101010101010101010101
010101010101010101010101010101010101010101010101010101010101010101010101010101010101010101010101
010101010101010101010101010101010101010101010101010101010101010101010101010101010101010101010101
010101010101010101010101010101010101010101010101010101010101010101010101010101010101010101010101
010101010101010101010101010101010101010101010101010101010101010101010101010101010101010101010101
010101010101010101010101010101010101010101010101010101010101010101010101010101010101010101010101
010101010101010101010101010101010101010101010101010101010101010101010101010101010101010101010101
010101010101010101010101010101010101010101010101010101010101010101010101010101010101010101010101
010101010101010101010101010101010101010101010101010101010101010101010101010101010101010101010101
010101010101010101010101010101010101010101010101010101010101010101010101010101010101010101010101
010101010101010101010101010101010101010101010101010101010101010101010101010101010101010101010101
010101010101010101010101010101010101010101010101010101010101010101010101010101010101010101010101
010101010101010101010101010101010101010101010101010101010101010101010101010101010101010101010101
010101010101010101010101010101010101010101010101010101010101010101010101010101010101010101010101
010101010101010101010101010101010101010101010101010101010101010101010101010101010101010101010101
010101010101010101010101010101010101010101010101010101010101010101010101010101010101010101010101
010101010101010101010101010101010101010101010101010101010101010101010101010101010101010101010101
010101010101010101010101010101010101010101010101010101010101010101010101010101010101010101010101
010101010101010101010101010101010101010101010101010101010101010101010101010101010101010101010101
010101010101010101010101010101010101010101010101010101010101010101010101010101010101010101010101
010101010101010101010101010101010101010101010101010101010101010101010101010101010101010101010101
010101010101010101010101010101010101010101010101010101010101010101010101010101010101010101010101
010101010101010101010101010101010101010101010101010101010101010101010101010101010101010101010101
010101010101010101010101010101010101010101010101010101010101010101010101010101010101010101010101
010101010101010101010101010101010101010101010101010101010101010101010101010101010101010101010101
010101010101010101010101010101010101010101010101010101010101010101010101010101010101010101010101
010101010101010101010101010101010101010101010101010101010101010101010101010101010101010101010101
010101010101010101010101010101010101010101010101010101010101010101010101010101010101010101010101
010101010101010101010101010101010101010101010101010101010101010101010101010101010101010101010101
010101010101010101010101010101010101010101010101010101010101010101010101010101010101010101010101
010101010101010101010101010101010101010101010101010101010101010101010101010101010101010101010101
010101010101010101010101010101010101010101010101010101010101010101010101010101010101010101010101
010101010101010101010101010101010101010101010101010101010101010101010101010101010101010101010101
010101010101010101010101010101010101010101010101010101010101010101010101010101010101010101010101
010101010101010101010101010101010101010101010101010101010101010101010101010101010101010101010101
010101010101010101010101010101010101010101010101010101010101010101010101010101010101010101010101
010101010101010101010101010101010101010101010101010101010101010101010101010101010101010101010101
010101010101010101010101010101010101010101010101010101010101010101010101010101010101010101010101
010101010101010101010101010101010101010101010101010101010101010101010101010101010101010101010101
010101010101010101010101010101010101010101010101010101010101010101010101010101010101010101010101
010101010101010101010101010101010101010101010101010101010101010101010101010101010101010101010101
010101010101010101010101010101010101010101010101010101010101010101010101010101010101010101010101
010101010101010101010101010101010101010101010101010101010101010101010101010101010101010101010101
010101010101010101010101010101010101010101010101010101010101010101010101010101010101010101010101
010101010101010101010101010101010101010101010101010101010101010101010101010101010102010201010101
010101010101010101010201010101010101010101010101010101010101010101010101010101010101010101010101
010101010101010101010101010101010101010101010101010101010101010101010201020101020101010101010101
010101010101010101010101010101010101010101010101010101010101010101010101010101010101010101010101
010101010101010101010101010101010101010101010101010101010102020102010101010101010101010101010101
010101010101010101010101010101010101010101010101010101010101010101010101010101010101010101010101
010101010101010101010101010101010101010101010101010101010101010101010101010101010101010101010101
010101010101010101010101010101010101010101010101010101010101010101010101010101010101010101010101
010101010101010101010101010101010101010101010101010101010101010101010101010101010101010101010101
010101010101010101010101010101010101010101010101010101010101010101010101010101010101010101010101
010101010101010101010101010101010101010101010101010101010101010101010101010101010101010101010101
010101010101010101010101010101010101010101010101010101010101010101010101010101010101010101010101
010101010101010101010101010101010101010101010101010101010101010101010101010101010101010101010101
010101010101010101010101010101010101010101010101010101010101010101010101010101010101010101010101
010101010101010101010101010101010101010101010101010101010101010101010101010101010101010101010101
010101010101010101010101010101010101010101010101010101010101010101010101010101010101010101010101
010101010101010101010101010101010101010101010101010101010101010101010101010101010101010101010101
010101010101010101010101010101010101010101010101010101010101010101010101010101010101010101010101
010101010101010101010101010101010101010101010101010101010101010101010101010101010101010101010101
010101010101010101010101010101010101010101010101010101010101010101010101010101010101010101020201
010101010201010101010101010101010101010101010101010101010101010101010101010101010101010101010101
010101010101010101010101010101010101010101010101010101010101010101010101010101010101010101010202
020101010101010101010101010102020101010102010101010101010101010101010101010101010101010101010101
010101010101010101010101010101010101010101010101010101010101010101010101010101010101010101010101
010101010101010101010101010101010101010101010101010101010101010101010101010101010101010101010101
010101010101010101010101010101010101010101010101010101010101010101010101010101010101010101010101
010101010101010101010101010101010101010101010101010101010101020202010101010101010101010101010101
010101010101010101020101020101020101020101010102010102010102010102010101010201010201010101020101
020101020101020101010101010101010101010101010101010101010101010101010101010101010101010101010101
010101010101010101010101010101010101010101010101010201010201010201010201010201010101010102010101
010202010102010102020101020101010101010201010101010101010101010101010101010101010101010101010101
010101010101010101010101010101010101010101010101010101010101010101010101010101010101010101010101
010101010101010101010101010101010101010101010101010101010101020101010101010201010101010101010101
010101010101010101010101010101010101010101010101010101010101010101010101010101010101010101010101
010101010101010101010101010101010101010101010101010101010101010101010101010101010101010101010101
010101010101010101010101010101010101010101010101010101010101010101010101010101010101010101010101
010101010101010101010101010101010201010101010102010101010101010101010101010101010101010101010101
010101010101010101010101010101010101010101010101010101010101010101010101010101010101010101010101
010101010101010101010101010101010101010101010101010101010101010101010101010101010101010101010101
010101010101010101010101010101010101010101010101010101010101010101010101010101010101010101010101
010101010101010101010101010101010101010101010101010101010101010101010101010101010101010101010101
010101010101010101010101010101010101010101010101010101010101010101010101010101010101010101010101
010101010101010101010101010101010101010201010101010202010102010101010101010101010101010101010101
010101010101010101010101010101010101010101010101010101010101010101010101010101010101010101010101
010101010101010101010101010101010101010101010101010101010101010101010101010101010101010101010101
010101010101010101010101010101010101010101010101010101010101010101020202020202020202020202020202
020202010201020202020201010102010202010202020101020201010201020102010202020202020101010101010202
010101020102020102020101010202020202020202010201020202010101010101010101010101010101010101010101
010101010101010101010101010101010101010101010101010101010101010101010101010101010101010101010101
010101010101010101010101010101010101010101010101010101010101010101010101010101010101010101010101
010101010101010101010101010101010101010101010101010101010101010101010101010101010101010101010101
010101010101010101010101010101010101010101010101010101010101010101010101010101010101010101010101
010101010101010101010101010101010101010101010101010101010101010101010101010101010101010101010101
010101010101010101010101010101010101010101010101010101010101010101010101010101010101010101010101
010101010101010101010101010101010101010101010101010101010101010101010101010101010101010101010101
010101010101010101010101010101010101010101010101010101010101010101010101010101010101010101010101
010101010101010101010101010101010101010101010101010101010101010101010101010101010101010101010101
010101010101010101010101010101010101010101010101010101010101010101010101010101010101010101010101
010101010101010101010101010101010101010101010101010101010101010101010101010101010101010101010101
010101010101010101010101010101010101010101010101010101010101010101010101010101010101010101010101
010101010101010101010101010101010101010101010101010101010101010101010101010101010101010101010101
010101010101010101010101010101010101010101010101010101010101010101010101010101010101010101010101
010101010101010101010101010101010101010101010101010101010101010101010101010101010101010101010101
010101010101010101010101010101010101010101010101010101010101010101010101010101010101010101010101
010101010101010101010101010101010101010101010101010101010101010101010101010101010101010101010101
010101010101010101010101010101010101010101010101010101010101010101010101010101010101010101010101
010101010101010101010101010101010101010101010101010101010101010101010101010101010101010101010101
010101010101010101010101010101010101010101010101010101010101010101010101010101010101010101010101
010101010101010101010101010101010101010101010101010101010101010101010101010101010101010101010101
010101010101010101010101010101010101010101010101010101010101010101010101010101010101010101010101
010101010101010101010101010101010101010101010101010101010101010101010101010101010101010101010101
010101010101010101010101010101010101010101010101010101010101010101010101010101010101010101010101
010101010101010101010101010101010101010101010101010101010101010101010101010101010101010101010101
010101010101010101010101010101010101010101010101010101010101010101010101010101010101010101010101
010101010101010101010101010101010101010101010101010101010101010101010101010101010101010101010101
010101010101010101010101010101010101010101010101010101010101010101010101010101010101010101010101
010101010101010101010101010101010101010101010101010101010101010101010101010101010101010101010101
010101010101010101010101010101010101010101010101010101010101010101010101010101010101010101010101
010101010101010101010101010101010101010101010101010101010101010101010101010101010101010101010101
010101010101010101010101010101010101010101010101010101010101010101010101010101010101010101010101
010101010101010101010101010101010101010101010101010101010101010101010101010101010101010101010101
010101010101010101010101010101010101010101010101010101010101010101010101010101010101010101010101
010101010101010101010101010101010101010101010101010101010101010101010101010101010101010101010101
010101010101010101010101010101010101010101010101010101010101010101010101010101010101010101010101
010101010101010101010101010101010101010101010101010101010101010101010101010101010101010101010101
010101010101010101010101010101010101010101010101010101010101010101010101010101010101010101010101
010101010101010101010101010101010101010101010101010101010101010101010101010101010101020102020101
010201010101010101010101010101010101010101010101010101010101010101010101010101010101010101010101
010101010101010101010101010101010101010101010101010101010101010101010101010101010101010101010101
010101010101010101010101010101010101010101010101010101010101010101010101010101010101010101010101
010101010101010101010101010101010101010101010101010101010101010101010101010101010101010101010101
010101010101010101010101010101010101010101010101010101010101010101010101010101010101010101010101
010101010101010101010101010101010101010101010101010101010101010101010101010101010101010101010101
010101010101010101010101010101010101010101010101010101010101010101010101010101010101010101010101
010101010101010101010101010101010101010101010101010101010101010101010101010101010101010101010101
010101010101010101010101010101010101010101010101010101010101010101010101010101010101010101010101
010101010101010101010101010101010101010101010101010101010101010101010101010101010101010101010101
010101010101010101010101010101010101010101010101010101010101010101010101010101010101010101010101
010101010101010101010101010101010101010101010101010101010101010101010101010101010101010101010101
010101010101010101010101010101010101010101010101010101010101010101010101010101010101010101010101
010101010101010101010101010101010101010101010101010101010101010101010101010101010101010101010101
010101010101010101010101010101010101010101010101010101010101010101010101010101010101010101010101
010101010101010101010101010101010101010101010101010101010101010101010101010101010101010101010101
010101010101010101010101010101010101010101010101010101010101010101010101010101010101010101010101
010101010101010101010101010101010101010101010101010101010101010101010101010201020102010101010101
010101010101010101010101010101010101010101010101010101010101010101010101010101010101010101010101
010101010101010101010101010101010101010101010101010101010101010101010101010101010101010101010101
010101010101010101010101010101010101010101010101010101010101010101010101010101010101010101010101
010101010101010101010101010101010101010101010101010101010101010101010101010101010101010101020101
010102010101010101010101010101010101010101010101010101010101010101010101010101010101010101010101
010101010101010101010101010101010101010101010101010101010101010101010101010101010101010101010101
010101010101010101010101010101010101010101010101010101010101010101010101010101010101010101010101
010102020101020101010101020101010101010101010101010102010201020101010101010101010101010101010101
010101010101010101010101020101010101010101020101020101010101010101010101010101010101010101010101
020101010102010101010101010101010101010101010101010101010101010101010101010201010101010101010101
010101010101010101010101010101010101010101010101010101010101010101010101010101010101010101010101
010101010101010101010101010101010101010101010101010101010101010101010101010101010101010101010101
010101010101010101010101010101010101010101010101010101010101010101010101010101010101010101010101
010101010101010101010101010101010101010101010101010101010101010101010101010101010101010101010101
010101010101010101010101010101010101010101010101010101010101010101010101010101010101010101010101
010101010101010101010101010101010101010101010101010101010101010101010101010101010101010101010101
010101010101010101010101010101010101010101010101010101010101010101010101010101010101010101010101
010101010101010101010101010101010101010101010101010101010101010101010101010101010101010101010101
010101010101010101010101010101010101010101010101010101010101010101010101010101010101010101010101
010101010101010101010101010101020101010201010101010101010101010101010101010101010101010101010101
010101010101010101010101010101010101010101010101010101010101010101010101010101010101010101010101
010101010101010101010101010101010101010101010101010101010101010101010101010101010101010101010101
010101010101010101010101010101010101010101010101010101010101010101010101010101010101010101010101
010101010101010101010101010101010101010101010101010101010101010101010101010101010101010101010101
010101010101010101010101010101010101010101010101010101010101010101010101010101010101010101010101
010101010101010101010101010101010201010101020201010101010101010101010101010101010101010101010101
010101010101010101010101010101010101010101010101010101010101010101010101010101010101010101010101
010101010101010101010101010101010101010101010101010101010101010101010101010101010101010101010101
010101020101010102010201010101010101010101010101010101010101010101010101010101010101010101010101
010101010101010101010101010101010101010101010101010101010101010101010101010101010101010101010101
010101010101010101010101010101010101010101010101010101010101010101010101010101010101010101010101
010101010101010101010101010101010101010101010101010101010101010101010101010101010101010101010101
010101010101010101010101010101010101010101010101010101010101010101010101010101010101010101010101
010101010101010101010101010101010101010101010101010101010101010101010101010101010101010101010101
010101010101010101010101010101010101010101010101010101010101010101010101010101010101010101010101
010101010101010101010101010101010101010101010101010101010101010101010101010101010101010101010101
010101010101010201010202010102010101010101010101010101010101010102010101010101020101010101010101
010101010101010101010101010101010101010101010101010101010101010101010101010101010101010101010101
010101010101010101010101010101010101010101010101010101010101010101010101010101010101010101010101
010101010101010101010101010101010101010101010101010101010101010101010101010101010101010101010101
010101010101010101010101010101010101010101010101010101010101010101010101010101010101010101010101
010101010101010101010101010101010101010101010101010101010101010101010101010101010101010101010101
010101010101010101010101010101010101010101010101010101010101010101010101010101010101010101010101
010101010101010101010101010101010101010101010101010101010101010101010101010101010101010101010101
010101010101010101010101010101010101010101010101010101010101010101010102010102010201010101010101
010101010101010101010101010101010101010101010101010101010101010101010101010101010101010101010101
010101010101010101010101010101010101010101010101010101010101010101010101010101010101010101010101
010101010101010101010101010101010101010101010101010101010101010101010101010101010101010101010101
010101010101010101010101010101010101010101010101010101010101010101010101010101010101010101010101
010101010101010101010101010101010101010101010101010101010101010101010101010101010101010101010101
010101010101010101010101010101010101010101010101010101010101010101010101010101010101010101010101
010101010101010101010101010101010101010101010101010101010101010101010101010101010101010101010101
010101010101010101010101010101010101010101010101010101010101010101010101010101010101010101010101
010101010101010101010101010101010101010101010101010101010101010101010101010101010101010101010101
010101010101010101010101010101010101010101010101010101010101010101010101010101010101010101010101
010101010101010101010101010101010101010101010101010101010101010101010101010101010101010101010101
010101010101010101010101010101010101010101010101010101010101010101010101010101010101010101010101
010101010101010101010101010101010101010101010101010101010101010101010101010101010101010101010101
010101010101010101010101010101010101010101010101010101010101010101010101010101010101010101010102
010101010101010101010101010101010101010101010101010101010101010101010101010101010101010101010101
010101010101010101010101010101010101010101010101010101010101010101010101010101010101010101010101
010101010101010101010101010101010101010101010101010101010101010101010101010101010101010101010101
010101010101010101010101010101010101010101010102010201010201010101010101010101010101010101010101
010101010101010101010101010101010101010101010101010101010101010101010101010101010101010101010101
010101010101010101010101010101010101010101010101010101010101010101010101010101010101010101010101
010101010101010101010101010101010101010101010101010101010101010101010101010101010101010101010101
010101010101010101010101010101010101010101010101010101010101010101010101010101010101010101010101
010101010101010101010101010101010101010101010101010101010101010101010101010101010101010101010101
010101010101010101010101010101010101010101010101010101010101010101010101010101010101010101010101
010101010101010101010101010101010101010101010101010101010101010101010101010101010101010101010101
010101010101010101010101010101010101010101010101010101010101010101010101010101010101010101010101
010101010101010101010101010101010101010101010101010101010101010101010101010101010101010101010101
010101010101010101010101010101010101010101010101010101010101010101010101010101010101010101010101
010101010101010101010101010101010101010101010101010101010101010101010101010101010101010101010101
010101010101010101010101010101010101010101010101010101010101010101010101010101010101010101010101
010101010101010101010101010101010101010101010101010101010101010101010101010101010101010101010101
010101010101010101010101010101010101010101010101010101010101010101010101010101010101010101010101
010101010101010101010101010101010101010101010101010101010101010101010101010101010101010101010101
010101010101010101010101010101010101010101010101020101010101010101010101010101010101010101010101
010101010101010101010101010101010101010102020202010102020102020102020101010201010101010102010101
010202010201010102010102010201010101010101010201020101010201010101010101010101010101010101010101
010101010101010101010101010102020202020202020201010201010101010101010101010101010102010101010101
010102020202020202020202020202020202020202020202020202020202020202020101010101010101010101010101
010101010101020101010101010101010101010101010101010101010101010101010101010101010101010101010101
010101010101010101010101010101010101010101010101010101010101010101010101010101010101010101010101
010101010101010101010101010101010101010101010101010101010101010101010101010101010101010101010101
010101010101010101010101010101010101010101010101010101010101010101010101010101010101010101010101
010101010101010101010101010101010101010101010101010101010101010101010101010101010101010101010102
010101010101010101010101010101010101010101010101010101010101010101010101010101010101010101010101
010101010101010101010101010101010101010101010101010101010101010101010101010101010101010101010101
010101010101010101010101010101010101010101010101010101010101010101010101010101010101010101010101
010101010101010101010101010101010101010101010101010101010101010101010101010101010101010101010101
010101010101010101010101010101010101010101010101010101010101010101010101010101010101010101010101
010101010101010101010101010101010101010101010101010101010101010101010101010101010101010101010101
010101010101010101010101010101010101010101010101010101010101010101010101010101010101010101010101
010101010101010101010101010101010101010101010101010101010101010101010101010101010101010101010101
010101010101010101010101010101010101010101010101010101010101010101010101010101010101010101010101
010101010101010101010101010101010101010101010101010101010101010101010101010101010101010101010101
010101010101010101010101010101010101010101010101010101010101010101010101010101010101010101010101
010101010101010101010102010102020101020101010101010101010101010101010202010101010101010101010201
010101010101010101010102010101010101010201010101010101010101010101010101010101010102020201010101
010101010101010202010101010101010201010101010101010101010101010101010102020101010101010101010101
010101010101010101010101010101010101010101010101010101010101010101010101010101010101020101010101
010101010101010101010101010101010101010101010101010101010101010101010101010101010101010101010101
010101010101010101010101010101010101010101010101010101010101010101010101010101010101010101010101
010101010101010101010101010101010101010101010101010101010101010101010101010101010101010101010101
010101010101010101010101010101010101010101010101010101010101010101010101010101010101010101010101
010101010101010101010101010101010101010101010101010101010101010101010101010101010101010101010101
010101010101010101010101010101010101010101010101010101010101010101010101010101010101010101010101
010101010101010101010101010101010101010101010101010101010101010101010101010101010101010101010101
010101010101010101010101010101010101010101010101010101010101010101010201010101010102010101010101
010101010101010101010101010101010101010101010101010101010101010101010101010101010101010101010101
010101010101010101010101010101010101010101010101010101020102010101010101010101010101010101010101
010101010101010101010101010101010101010101010101010101010101010102010101020101010101010101010101
010101010101010101010101010101010101010101010101010101010101010101010101010101010101010101010101
010101010101010101010101010101010101010101010101010102020101010101010101010101020201010201010101
010101020101010201010101010101010101010201010101010101010101010101010202010101020101010101010101
010102010101010101010101010102010101010101010102010101010101010101010101010101010101010101010101
010101010101010101010101010101010101010101010101010101010101010101010101010101010101010101010101
010101010101010101010101010101010101010101010101020102010101010101010101010101010101010101010101
010101010101010101010101010101010101010101010101010101010101010101010101010101010101010101010101
010101010101020101010101010101010101020101010101010101010101010101010101010101010101010101010101
010101010101010101010101010101010101010101010101010101010101010101010101010101010101010101010101
010101010101010101010101010102010101020101010101010101010101010101010101010101010101010101010102
010101010101010101010101010102010101010101010101010101010101010101010101010101010101010101010101
010101010101010101010101010101010101010101010101010101010101010101010101010101010101010101010101
010101010101010101010101010101010101010101010101010101010101010101010101010101010101010101010101
010101010101010101010101010101010101010101010101010101010101010101010101010101010101010101010101
010101010101010101010101010101010101010101010101010101010101010101010101010101010101010101010101
010101010101010101010101010101010101010101010101010101010101010101010101010101010101010101010101
010101010101010101010101010101010101010101010102010201010101010101020101010101010101010101010101
010101010101010101010101010101010101010101010101010101010101010101010101010101010101010101010101
010101010101010101010101010101010101010101010101010101010101010101010101010101010101010101010101
010101010101010101010101010101010101010101010101010101010101010101010101010101010101010101010101
010101010101010101010101010101010101010101010101010101010101010101010101010101010101010101010101
010101010101010101010101010101010101010101010101010101010101010101010101010101010101010101010101
010101010101010101010101010101010101010101010101010101010101010101010101010101010101010101010101
010101010101010101010101010101010101010101010101010101010101010201020101010101010201010101010101
010101010101010101010101010101010101010101010101010101020101010101010102010101010101010101010201
010101010101010101010101010101010102010201010101010101020101020101010101010201010101010101010101
010101010101010101010201010101010101010101020201010101010201010101010101010101010101020101010101
010101010101010101010101010102010101010101010101010101010101010101010101010101020101010101010101
010101010101010102010101010101010101010101010101010101010101010101010101010101010101010101010102
010101010101020101010101010101010101010101010101010101010101010101010101010101010101010101010101
010101010102010102010101010101010101010101010101010101010101010101010101010101010101010101010101
010101010201010101010101010101010201010101010101010101010101010101010101010101010101010101010201
010101010101010101010101010101010101010101010101010101010102010101010201010102010101010201010101
010102010101010201010101010101010101010101010101010101020101010101010101010101010101010101010101
010101010101010101010101010101010101010101010101010101010101020101010101010101010101010101010101
010101010101010101010101010101010101010101010101010101010101010101010101010101010101010101010101
010101010101010101010101010101010101010101010101010101010101010101010101010101010101010101010101
010101010101010101010101010101010101010101010101010101010101010101010101010101010101010101010101
020101010101010101010101010101010101010101010101010101010101010101010101010101010101010101010201
020201010201020101010101010101010101010101010102010101010101010101010101010101010101010101010101
010101010101010101010101010101010101010101010101010101010101010101010101010101010101010101010101
010101010101010101010101010101010101010101010101010101010101010101010101010101010101010101010101
010101010101010101010101010101010101010101010101010101010101010101010101010101010101010101010101
010101010101010101010101010101010101010101010101010101010101010101010101010101010101010101010102
010101010101010101010101010101010101010101010101010101010101010101010101010101010101010101010101
010101010101010101010101010101010101010101010101010101010101010101010101010101010101010101010101
010101010101010101010101010101010101010101010101010101010101010101010101010101010101010101010101
010101010102010101020101010101010101010101010101010101010101010101010101010101020101010101010101
010101010101010101010101010101010101010101010101010201010201010101010201010101010101020201010101
010101010101010201010101010101010101010101020101010101010101010101010101010101010101010101010101
010101010101010101010101010101010101010101010101010101010101010101010101010101010102010101010101
010101010101010101010101010101010101020101010101010101010102010101010101010101010101010102010101
010101010101010201010101010101010101010101010101010101010101010101010101010101010101010101010101
010101010101010101010101010101010201010101010101010101010101010102010101020101010101010101010101
010101010101010101010101010101010101010101010101010101010101010101010101010101010101010101020201
010101010102010101010101010102020202020202020202020202020202020202020202020202020202020202010202
020202010202020202020202020202020202020202020202020202020202020202020202020202020202020202010201
020201020202020202020202020102020202010102010102020201020202020202010202020201020102010101010101
010101010101010101010101010101010101010101010101010101010101010101010101010101010101010101010101
010101010101010101010101010101010101010101010101010101010101010101010101010101010101010101010101
010101010101010101010101010101010101010101010101010101010101010101010101010101010101010101010101
010101010101010101010101010101010101010101010101010101010101010101010101010101010101010101010101
010101010101010101010101020102010101010101010101010101010101010101010101010101010101010101010101
010101010101010101010101010101010101010101010101010101010101010101010101010101010101010101010101
010101010101010101010101010101010101010101010101010101010101010101010202010101010201010101010101
010101010201010101010101010101010101010101010101010101010101010101010101010101010101010101010101
010202010102010101010101010202020101020101010101010101020101010101020101010101020101010202010201
020101010101010101010201010101010101010101010101010102010101010101020101010101010101010101010101
010101010201010101010101010101010101010101020101010101010101010101010101010101010101010101010101
010101010101010101010101010101010101010101020101010101010101010101010101010101010101010101010101
010101010101010101010101010101010101010101010101020101010101010101010101010102010101010102010101
010101010101010101010101010101010101010101010101010101010101010101010101010101010101010101010101
010101010101010101010101010101010101010101010101010101010101010101010101010101010101010101010101
010101010101010101010101010101010101010101010101010101010101010101010101010101010101010101010101
010101010101010101010101010101010101010101010101010101010101010101010101010101010101010101010101
010101010101010101010101010101010101010101010101010101010101010101010101010101010101010101010101
010101010101010101010101010101010101010101010101010101010101010101010101010101020101010101010101
010101010101020101010101010101010101010101010101010101010101010101010101010101010101010101010101
010101010101010101010101010101010101010101010101010101010101010101010101010101010101010101010101
010101010101010101010101010101010101010101010101010101010101010101010101010101010101010101010102
010102010101010101010101020101010101010101010101010101010101010101010101010101010101010101010101
010101010101010102010101020101010202010201010101010101010101010201010101020201010101010101010102
010101010101020101010101010101010101010101010101010101010101010101010101010101010101010101010101
010101010101010101010101010101010101010101010101010101010101010101010101010101010101010101010101
010101020101010101010101010101010101010101010101010101010101010101010102010101010102010101010101
010101010101010201010201010201010101010101010101010101010102010101010101010101010101010101010101
010101010101020101010101010101010101010101010101010101010101010201010101010101010101010101010101
010101010101010101010101010101010101010101010101010101010101010101010102010101020101010102010101
010102010201010201010101020101010101010101010101010101010101010101010101010101010101010101010101
010101010101010101010101010101010101010101010101010101010101010101010101010101010101010101010101
010101010101010101010202010101010101020201010101010101010101010101010101010101010101010101010101
010101010101020101010101010101010101010101010101010101010101010101010101010101010101010101010101
010101010101010101010101010101010101010101010101010101010101010101010101010101010101010101010101
010101010101010101010101010101010101010101010101010101010101010101010101010101010101010101010101
010101010101010101010101010202010101010101010101020102010101010101010101010101010101010101010101
010101010101010101010101010101010102020101010101010101010102010101010101010101010101010101010101
010101010101010101010101010101010101020101010101010101010101010101010101010101010101010101010101
010101010101010101020102010102010102010101010101010102010101020101010101010101010101010201020201
010101010101010101010101020101010101010101010101010101010101010101010101010102010201010101010101
010101010101010101010101010101010101010101010101010101010101010101010101010101010101010202010101
010101010101010101010201010101010101010101010101010101010101010101010101010101010101010101010101
010101010101010101010101010101010101010101010101010101010101010101010101010101010101010101010101
010101010101010101010101010101010101010101010101010101010101010101010101010101010101010101010101
010101010101010101010101010101010101010101010101010101010101010101010101010101010101010101010101
010101010101010101010101010101010101010101010101010101010101010101010101010101010101010101010101
010101010101010101010101010101010101010101010101010101010101010101010101010101010101010101010101
010101010101010101010101010101010101010101010101010101010101010101010101010101010101010101010101
010101010101010101010101010101010101010101010101010101010101010101010101010101010101010101010101
010101010101010101010101010101010101010101010101010101010101010101010101010101010101010101010101
010101010101010101010101010101010101010101010101010101010101010101010101010101010101010101010101
010101010101010101010102020201020101010101010101010101010101010101010101010101010101010101010101
010101010101010101010101010101010101010101010101010101010101010101010101010101010101010101010101
010101010101010101010101010101010101010101010101010101010101010101010101010101010101010101010101
010101010101010101010101010101010101010101010101010101010101010101010101010101010101010101010101
010101010101010101010101010101010101010101010101010101010101010101010101010101010101010101010101
010101010101010101010101010101010101010101010101010101010202020101010101010101010101010101010101
010101010101010101010101010101010101010201020101010101010101010101010101010101010101010101010101
010101010101010102020201010101020101010101010101010202020101010101010101010101010101010101010101
020101010101020201010101010101010101010101010102010101010201010101010101010101010101010201010101
010101010101010101010101010101010101010101010101010101010101010101010101010101010101010101010101
010102010201010101010101010101010101010101010101010101010101010101010101010101010101010101010101
010101010101010101010101010101010101010101010101010101010101010101010101010101010101010101010101
010101010101010101010101010101010101010101010101010101010101010101010101010101010101010101010101
010101010101010101010101010101010101010101010101010101010101010101010101010101010101010101010101
010101010101010101010101010101010101010101010101010101010101010101010101010101010101010101010101
010101010101010101010101010101010101010101010101010101010101010101010101010101010101010101010101
010101010101010101010101020102010102010101010101010101010101010101020101010101010101010101010101
010101010101010101010101010101010101010101010101010101010101010101010101010101010101010101010101
010202020101010101010101010101010101010101010101010101010101010101010101010101010101010101010101
010101010101010101010101010101010101010101010101010101010101010101010101010101010101010101010101
010101010101010101010101010101010101010101010101010101010101010101010101010101010101010101010101
010101010101010101010101010101010101010101010101010101010101010101010101010101010101010101010101
020101010101010101010101010101010101010101010101010101010101010101010101010101010101010101010101
010101010101010101010101010101010101010102020102010101010101010101010101010101010101010101010101
010101010101010101010101010101010101010101010101010101010101010101010101010101010101010101010101
010101010101010101010101010101010101010101010101010101010101010101010101010101010101010101010101
010101010101010101010101010101010101010101010101010101010101010101010101010101010101010101010101
010101010101010101010101010101010101010101010101010101010101010101010101010101010101010101010101
010101010101010101010101010101010101010101010101010101010101010101010101010101010101010101010101
010101010101010101010101010101010101010101010101010101010101010101010101010101010101010101010101
010101010101010101010101010101010101010101010101010101010101010101010101010101010101010101010101
010101010101010101010101010101010101010101010101010101010101010101010101010101010101010101010101
010101010101010101010101010101010101010101010101010101010101010101010101010101010101010101010101
010101010101010101010101010101010101010101010101010101010101010101010101010101010101010101010101
010101010101010101010101010101010101010101010101010101010101010101010101010101010101010101010101
010101010101010101010101010101010101010101010101010101010101010101010101010101010101010101010101
010101010101010101010101010101010101010101010101010101020102010101010101010101010101010101010101
020101010101010101010101010101010101010101010101010101010101010101010101010101010101010101010101
010101010102010101020101010102010101010101010101010101010101010101010101010101010101010101010101
010101010101010101010101010101010101010101010101010101010101010101010101010101010101010101010101
010101010101010101010101010101010101010101010101010101010101010101010101010101010101010101010101
010101010101010101010101010101010101010101010101010101010101010101010101010101020202010101010101
010101020101010102020201010101010101010102010101010101010101010101010101010101010101010101010101
010101020102010202010101010101010101010101010101010101010101010101010101010101010101010101010101
010101010101010101010101010101010101010101010101010101010101010101010101010101010101010101010101
010101010101010101010201010101010101010101020101010102010101010101010101010101010101010101010101
010101010101010101010101010101010101010101010101010101010101010101010101010101010101010101010101
010101010101010101010101010101010101010101010101010101010101010101010101010101010101010101010101
010101010101010101010101010101010101010101010101010101010101010101010101010101010101010101010101
010101010101010101010101010101010201010201010201010101010101010101010101010201010101010101010101
010101010101010101010101010101010101010101010101010101010101010101010101010101010101010202010101
020101010102010101010101010101010102010101010101010101010101010102010201010101010101010101010101
010201010101020101010101010101010101010101010101010101010101010101010101010101010101010101010101
010101010101010101010101010101010101010101010101010101010101010101010101010101010101010101010101
010101010101010101010101010101010101010101010101010101010101010101010101010101020101020102010101
010101010101010101010101010102010101010101010101010101010101010101010101010101010101010101010101
010101010101010101010101010101010101010101010101010101010101010101010101010101010101010101010101
010101010101010101010101010101010101010101010101010101010101010101010101010101010101010101010101
010101010101010101010101010101010101010101010101010101010101010101010101010101010101010101010101
010101010101010101010101010101010101010101010101010101010101010101010101010101010101010101010101
010101010101010101010101010101010101010101010101010101010101010101010101010101010101010101010101
010101010101010101010101010101010101010101010101010101010101010101010101010101010101010101010101
010101010101010101010101010101010101010101010101010101010101010101010101010101010101010101010101
010101010101010101010101010101010101010101010101010101010101010101010101010101010101010101010101
010101010101010101010101010101010101010101010101010101010101010101010101010101010101010101010101
010101010101010101010101010101010101010101010101010101010101010101010101010101010101010101010101
010101010101010102010101010102010101010101010102010101010101010101010101010101010101010101010101
010101010101020101010101010101010101010101010101010101010101010101010101010101010101010101010101
010101010101010101010101010101010101010101010101010101010101010101010101010101010101010101010101
010101010101010101010101010101010101010101010102010101010101010101010102010101020101010101010101
010101010101010101010101010101010101010102010101010101010101020101010101010201010101010101010101
010101010101010101010101010101010101010101010101010101010101010101010101010101010101010101010101
020201010101010101020101020101010101010101010101010101010101010101010101010101010102010101010101
010102010101010101010201010101010101010101010101010101010101010101010101010101010101010101010101
010101010101010101010101010101010101010101010101010101010101010101010101010101010101010101010101
010101010101010101010101010101010101010101010101010101010101010101010101010101010101010101010101
010101020101010101010101020101010101010101010101010101010101010101010101010101010101010101010101
010101010101010101010101010101010101010101010101010101010101010101010101010101010101010101010101
010101010101010101010101010102010101010101010101010101010101020201010101010101010101010101010101
010101010102010101010101010101020101020101010101010101010101010101010101010101010101010101010101
010101010101010101010101010101010101010101010101010101010101010101010101010101010101020101010102
010101010101010101010201010101010101010101010101010101010101010101010101010201020101010102010101
010101010101020101010101010101010101010101010101010101010101010101010101010101010101010101010101
010101010101010101010101010101010101010101010101010101010101010101010101010101010101010101010101
010101010101010101010101010101010101010101010101010101010101010101010101010101010101010101010101
010101010101010101010101010101010101010101010101010101010101010101010101010101010101010101010101
010101010101010101010101010101010101010101010101010101010101010101010101010101010101010101010101
010101010101010101010101010101010101010101010101010101010101010101010101010101010101010101010101
010101010101010101010101010101010102010101010101010101010101010101010101010201010101010101010101
010101010101010101010101010101010101010101010101010101010101010101010101010101010101010101010101
010101010101010101010101010101010101010101010201020201020101010102020102020101010101010102020101
010201010101010101020101010101010101010101010202010201010102010101010201020101010101010101010101
020101010102010101010101010101010102010101010101010101010101010101010101010101010101010101010101
010101010101010101010101010101010101010101010101010101010101010101010101010101010101010101010101
010101010101010101010101010101010101010101010101010101010101010101010101010101010101010101010101
010101010101010101010101010101010101010101010101010101020202020202020202020202020202020202020202
020202020202020202020102020202020201020202020202020202020202020202020202020202020202020202020202
020202020202020202020102010202010202020202020202020201020202020101020101020202010202020202020102
020201020201020102020201020201010102010101010101010202020202010101020101010201010101010101010101
010101010101010102010101010201020201010101010101010101010101010101010101010102010201010101010101
010101010102010101010101010201010101010101010101010101010101010101010101010101010101010101020101
010101010101010101010101010101010101010101010101010101010101010101010101010101010201010101010101
010101010101010101010101010101010101010101010101010101010101010101010101010101010101010101010101
010101010101010101010101010101010101010101010101010101010101010101010101010101010101010101010101
010101010101010101010101010101010101010101010101010101010101010101010101010101010101010101010101
010101010101010101010101010101010101010101010101010101010101010101010101010101010101010101010101
010101010101010101010101010101010101010101010101010101010101010101010101010101010101010101010101
010101010101010101010101010101010101010101010101010101010101010101010101010101010101010101010101
010101010101010101010101010101010101010101010101010101020102010101010101010101010101010101010101
010101010101010101010101010101010101010101010101010101010101010101010101010101010101010101010101
010101010101010101010101010101010101010101010101010101010101010101010101010101010101010101010101
010202020101010101010101010202020202010101010101020101010101010101010101010101010102010202010101
020102010101010101010101010101010101010101020101010101010101020101020101010101010101010102010101
010101020101010101010101010101010101010101010101010101010101010101010101010101010101010101010101
010101010101010101010101010101010101010101010101010101010101010101010101010101010101010101010101
010101020101010101010101010101010101010101010101010101010101010101010101010101010101010101010101
010101010201010101010101010101020101010102010101010101010101010101010101010101010101010101010101
010101010101010101010101010101010101010101010101010101010101010101010101010101010101010101010101
010101010101010101010101010101010101010101010101010101010101010101010101010101010101010101010101
010101010101010101010101010101010101010101010101010101010101010101010101010101010101010101010101
010101010101010101010101010101010101010101010202010101020101010101010101010101020101010101010101
010101010101010101010101010101010101010101010101010101010101010101010101010101010101010101010101
010101010101010101010101010101010101010101010101010101010101010101010101010101010101010101010101
010101010101010101010101010101010101010101010101010101010101010101010101010101010101010101010101
010101010101010101010101010101010101010101010101010101010101010101010101010101010101010101010101
010101010101010101010101010101010101010101010101010101010101010101010101010101010101010101010101
010101010101010101010101010101010101010101010101010101010101010101010101010101010101010101010101
010101010101010101010101010101020101010101010101010101010201010101010101010101010101010101010101
010101010101010101010101010202010101010101010201010101010101010101010101010201010201010202010201
010101010101010101010101010101020101010101010202010101010101020101010101010201010101010101010101
010101010101010101010101010101010101010101010101010101010101010101010101010201010101010101010101
010101010101010101010101010101010101020101010101010102010101010101010101010102010102010101010201
010101010101010101010101020101010101010101010101010101010101010101010101010101010101010101010101
010101010201010101010101010101010101010101010101010101010101010102010101010101010101010101010101
010101010101010101010101010101010101010101010101010101010101010101010101010101010101010101010101
010101010101010101010101010101010101010101010101010101010101010101010101010101010101010101010101
010102010201010101010101010101010101010101010101010101010101010101010101010101010101010101010201
010101020101010101010102010201010101020101020201010101010101020101010101020101010101010101010101
010101010101010101010101010101010101010101010201020101010101010101010101010101010101010101010101
01010101010101010101
