4b52433130310000bf4100000000000000040000318d00000000000000000000000000004e0000000000000052000000
000000006800000000000000760000000000000088000000000000009a000000000000009e00000000000000ac000000
00000000b600000000000000040100000000000008010000000000000c010000000000003b0100000000000067010000
000000006a010000000000006e010000000000009501000000000000a701000000000000b101000000000000e0010000
000000002e020000000000003d020000000000005d020000000000006102000000000000700200000000000075020000
000000007e02000000000000cc02000000000000ec02000000000000f0020000000000001f0300000000000037030000
0000000056030000000000008503000000000000b303000000000000e203000000000000e5030000000000001b040000
000000001d04000000000000380400000000000079040000000000008004000000000000c404000000000000e7040000
0000000045050000000000004f050000000000009305000000000000b60500000000000014060000000000001e060000
0000000065060000000000006f060000000000007506000000000000b106000000000000b706000000000000c7060000
0000000003070000000000004f0700000000000070070000000000007607000000000000b207000000000000d3070000
00000000d907000000000000db07000000000000f3070000000000004808000000000000580800000000000094080000
00000000ac080000000000005e090000000000007a090000000000008609000000000000060a000000000000480a0000
000000006f0a000000000000960a000000000000f00a000000000000a20b000000000000be0b000000000000ca0b0000
000000004a0c0000000000007a0c000000000000810c000000000000880c000000000000b60c000000000000b90c0000
00000000c90c000000000000ea0c0000000000001a0d0000000000004a0d000000000000510d000000000000860d0000
00000000980d0000000000009b0d0000000000009e0d000000000000b30d000000000000190e000000000000290e0000
000000004a0e000000000000680e000000000000f10e000000000000060f0000000000000f0f000000000000660f0000
00000000940f000000000000c90f000000000000de0f0000000000004e10000000000000b410000000000000c4100000
00000000d41000000000000044110000000000005411000000000000671100000000000070110000000000009e110000
00000000a711000000000000d511000000000000ed110000000000000012000000000000091200000000000012120000
000000004012000000000000491200000000000052120000000000005512000000000000671200000000000095120000
00000000a712000000000000bf12000000000000d41200000000000001130000000000001c1300000000000037130000
000000007413000000000000a213000000000000d013000000000000e213000000000000361400000000000064140000
000000009214000000000000a414000000000000f81400000000000028150000000000002f1500000000000036150000
000000003915000000000000491500000000000077150000000000009815000000000000c815000000000000f8150000
000000000a16000000000000701600000000000077160000000000007a160000000000007d160000000000008d160000
00000000c216000000000000d716000000000000f81600000000000016170000000000009f17000000000000b4170000
00000000bd1700000000000014180000000000007a180000000000008a180000000000009a180000000000000a190000
0000000038190000000000006d190000000000008219000000000000f219000000000000391a000000000000851a0000
00000000a61a000000000000581b000000000000621b000000000000681b0000000000006e1b0000000000008a1b0000
00000000cc1b000000000000f31b0000000000002f1c0000000000006b1c0000000000008c1c000000000000921c0000
00000000981c0000000000009a1c000000000000a61c000000000000cd1c000000000000e51c000000000000971d0000
00000000b31d000000000000bf1d0000000000003f1e000000000000941e000000000000a41e000000000000b41e0000
000000000e1f0000000000004a1f000000000000861f0000000000009e1f0000000000001e2000000000000034200000
0000000038200000000000003c200000000000005e200000000000006220000000000000702000000000000076200000
0000000080200000000000008a20000000000000b820000000000000ce20000000000000d020000000000000ec200000
000000000521000000000000202100000000000022210000000000003a2100000000000044210000000000004a210000
0000000050210000000000006c210000000000008e2100000000000095210000000000009f21000000000000b5210000
00000000d021000000000000d621000000000000e5210000000000001422000000000000252200000000000028220000
0000000046220000000000009522000000000000a722000000000000bd22000000000000dd22000000000000ff220000
00000000032300000000000027230000000000009623000000000000b223000000000000b623000000000000c4230000
00000000ca23000000000000d123000000000000f5230000000000000b24000000000000232400000000000051240000
0000000065240000000000007b24000000000000ea24000000000000ec2400000000000002250000000000001e250000
0000000034250000000000003e2500000000000040250000000000005225000000000000702500000000000076250000
0000000078250000000000009025000000000000c225000000000000cc25000000000000f02500000000000000260000
000000000b260000000000002c2600000000000037260000000000003926000000000000512600000000000088260000
000000009826000000000000d02600000000000012270000000000001e2700000000000072270000000000007f270000
00000000a627000000000000b327000000000000f4270000000000006428000000000000902800000000000098280000
00000000ec28000000000000f92800000000000008290000000000000a2900000000000018290000000000002a290000
000000002d290000000000003029000000000000422900000000000084290000000000008e29000000000000a3290000
00000000b829000000000000c729000000000000d929000000000000dc29000000000000f129000000000000332a0000
00000000482a000000000000732a000000000000a62a000000000000af2a000000000000ee2a000000000000fc2a0000
000000000e2b000000000000232b0000000000006d2b000000000000ae2b000000000000f02b000000000000fa2b0000
00000000442c000000000000492c0000000000004c2c0000000000004f2c0000000000005d2c000000000000662c0000
000000006f2c000000000000722c000000000000842c000000000000a02c000000000000ac2c000000000000bb2c0000
00000000ca2c000000000000cd2c000000000000d62c000000000000d92c000000000000eb2c000000000000f72c0000
00000000062d0000000000000f2d0000000000002a2d000000000000332d000000000000602d0000000000006e2d0000
000000007f2d000000000000912d000000000000d02d000000000000ec2d000000000000f72d000000000000032e0000
00000000422e0000000000005c2e0000000000007a2e000000000000862e000000000000c82e000000000000cc2e0000
00000000ce2e000000000000d02e000000000000da2e000000000000f62e000000000000022f000000000000172f0000
000000002c2f0000000000004a2f000000000000562f000000000000982f0000000000009a2f000000000000a82f0000
00000000bd2f000000000000133000000000000035300000000000003b300000000000007a30000000000000bb300000
00000000fd30000000000000073100000000000051310000000000006d31000000000000793100000000000087310000
00000000d131000000000000e731000000000000f131000000000000fc31000000000000343200000000000036320000
0000000043320000000000005532000000000000733200000000000094320000000000009f32000000000000e1320000
00000000e732000000000000e932000000000000eb32000000000000f7320000000000001e330000000000002b330000
0000000042330000000000005a33000000000000ca33000000000000f633000000000000fe3300000000000052340000
000000008434000000000000bb34000000000000c53400000000000006350000000000002a3500000000000039350000
0000000049350000000000009d35000000000000d935000000000000f935000000000000fb350000000000001f360000
000000003f36000000000000413600000000000043360000000000005736000000000000af36000000000000b7360000
00000000d936000000000000eb360000000000000b370000000000002b37000000000000373700000000000039370000
000000004d37000000000000a537000000000000b83700000000000053380000000000008d3800000000000094380000
00000000ec380000000000000a39000000000000283900000000000036390000000000008e39000000000000113a0000
000000004e3a000000000000553a000000000000ab3a0000000000000b3b000000000000193b0000000000001f3b0000
000000005b3b000000000000bb3b000000000000df3b000000000000e53b000000000000243c0000000000008e3c0000
00000000b83c0000000000006f3d0000000000008c3d000000000000b23d000000000000c43d000000000000d63d0000
00000000063e000000000000183e0000000000002a3e000000000000303e000000000000603e000000000000bb3e0000
00000000de3e0000000000002f3f000000000000503f000000000000aa3f000000000000b83f000000000000be3f0000
0000000000400000000000005d4000000000000080400000000000008640000000000000c8400000000000008e410000
00000000ae4100000000000015420000000000003e42000000000000dc420000000000001e430000000000002a430000
00000000a243000000000000e443000000000000f043000000000000f4430000000000002444000000000000d4440000
00000000f44400000000000063450000000000009045000000000000b445000000000000da45000000000000dc450000
00000000fc450000000000000d460000000000000f46000000000000114600000000000021460000000000007b460000
0000000083460000000000009a46000000000000b246000000000000d846000000000000e946000000000000f8460000
00000000fa460000000000000a4700000000000062470000000000007a47000000000000ea4700000000000013480000
0000000018480000000000005d480000000000007d480000000000008d480000000000009d48000000000000f4480000
000000004c49000000000000a449000000000000ac49000000000000034a0000000000004f4a0000000000005d4a0000
00000000634a000000000000a54a000000000000f84a000000000000194b0000000000001f4b000000000000614b0000
00000000c04b000000000000e64b000000000000a24c000000000000c24c000000000000d84c000000000000ee4c0000
00000000f74c000000000000294d0000000000003f4d000000000000484d000000000000514d000000000000834d0000
00000000c54d000000000000df4d000000000000104e000000000000424e000000000000754e0000000000007d4e0000
00000000854e000000000000b74e000000000000ea4e0000000000001d4f000000000000254f0000000000005f4f0000
00000000f04f00000000000008500000000000003a500000000000007450000000000000c05000000000000013510000
0000000021510000000000008051000000000000a151000000000000a751000000000000ad51000000000000d3510000
000000008f52000000000000af52000000000000f05200000000000032530000000000003e5300000000000046530000
000000004e5300000000000072530000000000007a53000000000000825300000000000086530000000000009a530000
00000000bc53000000000000ce53000000000000e653000000000000fe5300000000000006540000000000000e540000
00000000125400000000000016540000000000002a540000000000003d5400000000000055540000000000006d540000
0000000085540000000000009154000000000000d954000000000000fd54000000000000115500000000000025550000
000000008155000000000000a355000000000000b555000000000000c855000000000000245600000000000054560000
000000006c560000000000008456000000000000c456000000000000dc56000000000000f456000000000000fc560000
000000003c57000000000000b457000000000000e457000000000000535800000000000080580000000000009e580000
00000000bc58000000000000c858000000000000045900000000000022590000000000002e590000000000003a590000
000000007959000000000000d359000000000000f659000000000000325a000000000000715a0000000000008c5a0000
00000000a75a000000000000b25a000000000000ee5a000000000000095b000000000000145b0000000000001f5b0000
000000005b5b000000000000ab5b000000000000cc5b000000000000075c000000000000435c000000000000735c0000
000000008a5c000000000000a25c0000000000001a5d000000000000325d0000000000004a5d000000000000525d0000
00000000825d000000000000f15d0000000000001e5e0000000000005d5e0000000000009d5e000000000000ac5e0000
00000000c35e000000000000ce5e000000000000065f000000000000075f000000000000085f000000000000095f0000
000000000d5f0000000000001f5f000000000000295f000000000000375f000000000000455f0000000000005c5f0000
00000000675f000000000000725f000000000000aa5f000000000000ab5f000000000000b65f000000000000c45f0000
00000000f05f000000000000106000000000000013600000000000003d600000000000007560000000000000ad600000
00000000b160000000000000e560000000000000f76000000000000001610000000000000c6100000000000040610000
0000000073610000000000007b610000000000007f61000000000000a961000000000000e061000000000000f6610000
00000000fa6100000000000024620000000000009e62000000000000b262000000000000e86200000000000002630000
00000000236300000000000028630000000000002d630000000000004d630000000000006e630000000000008f630000
000000009463000000000000b9630000000000001764000000000000266400000000000046640000000000006b640000
00000000786400000000000086640000000000008c64000000000000ac64000000000000ba64000000000000c0640000
00000000c664000000000000e6640000000000000b650000000000001d650000000000003d650000000000005d650000
000000009065000000000000c765000000000000dd6500000000000057660000000000005f6600000000000063660000
0000000067660000000000007b66000000000000b166000000000000cb66000000000000f5660000000000001f670000
000000005b67000000000000796700000000000099670000000000003468000000000000366800000000000054680000
0000000078680000000000009868000000000000b868000000000000c468000000000000fe6800000000000000690000
00000000026900000000000004690000000000000b69000000000000296900000000000037690000000000004b690000
000000005f69000000000000e2690000000000001f6a000000000000266a0000000000007c6a000000000000d26a0000
000000002a6b000000000000326b0000000000008a6b000000000000ac6b000000000000be6b000000000000d16b0000
00000000296c000000000000c76c000000000000096d000000000000156d0000000000008d6d000000000000cf6d0000
00000000db6d000000000000df6d0000000000000f6e000000000000bf6e000000000000df6e0000000000004e6f0000
000000007b6f000000000000da6f0000000000003a700000000000004870000000000000b270000000000000d6700000
00000000dc70000000000000e2700000000000000c71000000000000c371000000000000e0710000000000001c720000
000000005b7200000000000081720000000000009272000000000000a472000000000000ff7200000000000011730000
00000000237300000000000029730000000000004c730000000000009d73000000000000be73000000000000ed730000
000000001d740000000000007774000000000000d474000000000000f774000000000000bd75000000000000cb750000
00000000d175000000000000d775000000000000f7750000000000005e760000000000008776000000000000c8760000
000000000a770000000000002f7700000000000059770000000000006b77000000000000cb77000000000000d0770000
00000000d377000000000000d677000000000000e4770000000000000a780000000000001c780000000000003a780000
0000000058780000000000006a780000000000006d780000000000007078000000000000717800000000000077780000
0000000089780000000000009578000000000000ef78000000000000fd78000000000000037900000000000045790000
0000000075790000000000007d790000000000008579000000000000b579000000000000d079000000000000eb790000
00000000f679000000000000327a0000000000005c7a0000000000006e7a000000000000807a000000000000e07a0000
00000000e37a000000000000f87a000000000000167b000000000000287b0000000000003a7b000000000000407b0000
00000000647b000000000000677b000000000000687b000000000000697b0000000000006f7b000000000000847b0000
000000008b7b000000000000977b000000000000a37b000000000000007c000000000000237c000000000000297c0000
000000006b7c0000000000009b7c000000000000cb7c000000000000d37c0000000000000b7d000000000000267d0000
00000000317d0000000000003c7d000000000000787d000000000000f17d000000000000247e0000000000002d7e0000
00000000877e000000000000ba7e000000000000c37e000000000000c67e000000000000e97e000000000000717f0000
00000000897f000000000000d97f000000000000fa7f0000000000005980000000000000b980000000000000c7800000
00000000318100000000000055810000000000005b8100000000000061810000000000008b810000000000004e820000
000000006e82000000000000a982000000000000e5820000000000000b830000000000001d8300000000000032830000
000000009c83000000000000ae83000000000000c383000000000000ca83000000000000f4830000000000005b840000
000000008484000000000000b484000000000000ec840000000000004685000000000000a385000000000000c6850000
00000000898600000000000097860000000000009d86000000000000a386000000000000c3860000000000002a870000
0000000053870000000000009487000000000000d687000000000000fd87000000000000ff870000000000000a880000
000000001188000000000000238800000000000025880000000000002c8800000000000035880000000000005c880000
000000005e88000000000000608800000000000077880000000000008f880000000000009288000000000000a5880000
00000000bc88000000000000cc88000000000000cd88000000000000ce88000000000000e088000000000000e3880000
00000000f388000000000000f688000000000000068900000000000009890000000000002b8900000000000030890000
000000003389000000000000518900000000000054890000000000005c890000000000007a8900000000000081890000
0000000091890000000000009889000000000000c889000000000000cf89000000000000e689000000000000e9890000
00000000f1890000000000000f8a000000000000168a0000000000002d8a000000000000358a000000000000458a0000
000000004e8a000000000000658a0000000000006e8a000000000000858a0000000000009a8a000000000000aa8a0000
00000000c18a000000000000d88a000000000000088b0000000000000f8b000000000000128b0000000000001a8b0000
00000000318b0000000000004f8b000000000000568b0000000000005e8b000000000000758b000000000000978b0000
000000009c8b0000000000009f8b000000000000a68b000000000000b68b000000000000d48b000000000000d78b0000
00000000de8b000000000000e68b000000000000048c0000000000000f8c000000000000118c000000000000208c0000
00000000228c000000000000298c0000000000002c8c000000000000438c0000000000004c8c0000000000004d8c0000
000000005b8c000000000000678c000000000000758c0000000000007c8c000000000000818c000000000000858c0000
00000000948c000000000000958c000000000000968c000000000000a08c000000000000b98c000000000000bb8c0000
00000000c58c000000000000cb8c000000000000d68c000000000000da8c000000000000eb8c000000000000ed8c0000
00000000f58c000000000000118d000000000000138d000000000000218d000000000000238d000000000000278d0000
000000002e8d000000000000318d00000000000066010000770100002b020000f004000059050000e305000085080000
95080000e7080000a5090000750a0000af0a0000030b00003e0c0000270d00009f0d0000a20d00003f1000008d100000
ae100000f3100000f610000016110000271100003212000035120000ec120000e1130000f213000050150000dc160000
76170000dd17000034180000351800003818000061180000a41900000f1a0000201a00003b1a00008a1b0000f91b0000
001c00001b1c00009e1e00003620000009220000722200005b240000102500003625000059250000d92a0000ea2a0000
892b0000912c0000032d0000882d00000a2e0000c1300000dd3000000c3100000d31000020310000bb310000cd310000
88320000b2320000d7320000f4380000aa390000f33e00006f3f0000eb3f00008e400000d14000003841000023020000
5e180000c53100007532000009070000540700005016000068160000081c0000121c00002f2100004821000040300000
5d300000a4300000ba300000f23000008431000098310000ab310000bf310000e2310000ea310000563200006c320000
fa320000d40100001f030000c808000011090000d20a00004e0b000062150000e316000081170000dd1a0000041c0000
40200000132200008d270000770d00003418000090270000a227000086280000a3280000b6280000b9280000dc280000
7a29000086290000c7290000d52f0000e92f00000c31000095320000e2320000f03a000069010000740200007b020000
22060000f8080000ff080000f1090000100b0000240b00005e180000ed1b0000f51b0000b82c0000282d0000cc300000
b7310000c53100001d390000ed01000053180000291b00007e220000fa060000410700009c0d00001115000064160000
38170000f61a0000251b0000361c0000c41c0000e61c0000f71f0000c12100008d270000cf0000003d02000051020000
12060000dd090000a50c0000531800009f1a0000c31a0000291b0000a0040000b9060000cb060000ce060000ef060000
300700006a070000ca0c0000db0c0000270d0000770d0000780d00007b0d0000e70f0000e3100000e6100000e7100000
ee1000002212000025120000961200002613000060130000c7130000d8130000c4140000d51400006d1600007d160000
151800004c18000081180000e41800009b190000031a0000291a00004c1a0000e01a0000e31a00000c1b0000af1b0000
c91b0000401c0000681c0000ab1c0000bc1c0000d71c00002b1d000050210000e12300001c2500002d25000048250000
572a0000262b0000ef2b0000562d0000c82d0000812e0000a22e00001b30000074300000dd300000ee3000008d310000
4b3200009532000096320000a9320000c53200005f390000313a0000133f0000563f0000bd3f00006e400000ea400000
664100000d180000091b000061300000bd3200008d0200002b030000fe1a00006b230000dc0000002501000090020000
a20200002e030000730300002b0600005b060000f9090000110a00006d0b0000ae0b0000890c0000620d00006e0d0000
890d0000950d0000f51700001a1800006818000085180000d61a0000011b0000041b0000051b00000d1b0000d11b0000
741c0000f71c0000091d00000d1d00002f1d0000ee2200006e23000082230000d924000085260000ea290000662a0000
d92c0000982f000077350000ca380000cc3a0000373b0000e93c000085410000dd000000fc0000002601000039010000
500200006d020000b4060000c5060000180700008608000097080000fd080000760a0000b90a0000200b00008a0c0000
9d0c0000890d0000950d0000271300006a1300005a1500005e15000064160000e316000081170000b31a0000d61a0000
ee1a0000f21a0000211b0000041c0000361c00009e1c0000c41c0000e61c00003c200000132200003b3b0000823b0000
eb3b0000e93c0000ba3d0000203e00001b2700004d270000723e00004402000065020000ab1a0000d83b0000a5010000
bc010000f102000005030000fa06000041070000c808000011090000d20a00004e0b0000890d0000950d0000f9140000
5a1500005e15000064160000e31600003817000081170000d61a0000ee1a0000f21a0000211b0000041c0000361c0000
c41c0000e61c0000dd1f00003c200000c1210000132200001b2700004d2700009b3b00001a3c0000e93c0000ba3d0000
203e0000723e0000130700001a0700001c07000024070000cd0c0000ba1a0000c11a0000091b0000bd1b00005c1c0000
8e1c0000a21c0000792e00009b2e00002630000044300000bd3200002a3a0000de000000410100004202000055020000
590200007d02000012060000dd090000fe1a00006b230000dc00000025010000f4010000080200000b02000030020000
fb050000c7090000780b0000c80b0000d10b00004d0c0000890c0000890d0000950d0000b00d0000fe0d00002b180000
56180000591800005a180000621800002f190000d8190000d61a00002c1b0000401b0000e11b0000801c0000f31c0000
051d00009c1d000081220000c62200004e23000090240000332600006b2b00008d2b00008f2e00004f2f0000f6330000
1e3a00007a3a0000373b0000e93c00000a400000a5000000d601000025030000a8030000c70300009f0400008e060000
a3060000b8060000c9060000cd060000ed060000fc060000050700002f070000490700004f070000690700009a070000
f907000043080000ca08000017090000580a0000d40a0000540b0000c60c0000d90c0000750d0000e60f000092120000
241300005e130000131500004c1600006c1600007c1600008c1600003a170000141800004b1800007f1800009a190000
021a0000281a00004a1a0000fd1f00002a2100004e21000062210000c7210000e023000093270000562a0000252b0000
eb2b0000552d0000c72d0000133000001a3000003c30000058300000733000007c3100008c3100003332000049320000
93320000ed32000083330000a0330000b533000080340000393500005b3900006d400000e94000006241000094000000
aa000000710200007b0600008f060000f90600003f070000300a0000630a00001015000037170000b71a0000f31f0000
bd210000892700002500000083000000d6000000fd000000040100007d0100009f010000a6010000c70100009c020000
de020000f30200000f03000065030000ac05000082070000e90700002f0800005f090000a00b00005c0d000004150000
6a1500008e150000a517000040180000e71f0000502000002b220000e82200000a2700006a2700000400000070000000
890200002703000094000000aa000000d3010000710200001b0300007b0600008f060000c70800000d090000300a0000
630a0000d10a00004a0b0000b71a000089270000020000009c0100003a020000d8020000042700000000000009000000
32000000ae000000eb0100008902000027030000710500007a220000a50000006201000075010000d60100002a020000
25030000a8030000c7030000ef04000058050000e20500008e060000a3060000fc06000005070000490700004f070000
9a070000f9070000430800008308000093080000ca080000e608000017090000a1090000580a0000730a0000ad0a0000
d40a0000020b0000540b00003d0c00008c100000ac100000131500004f1500004c1600008c160000db1600003a170000
75170000dc170000321800009d1e0000fd1f0000342000002a21000062210000c7210000072200006e2200000f250000
352500005725000093270000902c0000022d0000133000003c30000058300000c03000000a3100007c31000033320000
87320000b1320000d5320000ed32000083330000a0330000b53300008034000039350000f0380000f23e00006e3f0000
e73f00002500000083000000cd000000ef0000009f010000a6010000c7010000fe010000de020000f30200000f030000
ac05000082070000e90700002f0800005f090000a00b0000680c0000e10c0000aa0d0000f80d00000415000044150000
a5170000871d0000e71f00002b220000b82200002d230000a92300000a2700006a2700000400000070000000eb010000
7a2200000c00000013000000350000007300000087000000b8000000da00000023010000f3010000f501000006020000
0a020000160200002e0200009302000031030000740500007705000097050000fa050000770700007907000087070000
9c07000051090000c5090000770b0000c40b0000d00b0000490c0000870c0000001800009a1d00007d22000084220000
c42200004c2300008f2400002f260000652c00004e2f00001f3300005c33000058350000763a0000333b000006400000
2800000064000000a4010000bb010000ef020000030300008b060000f90600003f070000c70800000d090000550a0000
d10a00004a0b0000f814000037170000db1f0000bd210000192700004b2700002a3b00009a3b0000163c00006e3e0000
100000005400000068000000a4010000bb0100004402000065020000ef020000030300007b0600008f060000f9060000
3f070000c70800000d090000300a0000630a0000d10a00004a0b0000f814000037170000ab1a0000db1f0000bd210000
192700004b270000103b00009a3b0000d83b0000163c00006e3e00000c00000013000000350000007300000087000000
b8000000da00000023010000f5010000160200008c02000093020000a00200002a030000310300007103000074050000
77050000970500002a0600005a0600007707000079070000870700009c07000051090000f50900000d0a00006b0b0000
ac0b0000870c0000f41700000018000018180000661800008318000084220000e9290000622a0000652c0000d82c0000
1f3300005c33000058350000c6380000333b000081410000ca040000da040000e5060000eb06000023070000a4100000
aa100000da100000111100005c16000068160000511b0000f41b0000081c0000121c00003a21000048210000de270000
08280000d6280000343000003a3000004b3000008c3000009c300000b0300000ea300000f2300000063100002a310000
3a3100005031000070310000843100009f310000ab310000bf310000d6310000e2310000ea3100005c3200006c320000
ff32000013330000793c0000c03e0000670100007901000079020000b4060000c5060000180700008608000097080000
fd080000760a0000b90a0000200b0000cb0c0000dd0c00004e0d00009c0d0000f10d0000cf100000021100000e120000
41120000271300006a130000a713000014140000361500006215000064160000e31600005617000081170000bf1a0000
dd1a0000f61a0000251b0000041c0000361c00009e1c0000c41c0000e61c00001420000040200000dc21000013220000
9c270000ac280000b929000071020000b71a00008927000069010000740200007b02000022060000130700001a070000
1c07000024070000f8080000ff080000f1090000100b0000240b0000cd0c0000750d0000321800005e180000ba1a0000
c11a0000091b0000bd1b0000ed1b0000f51b00005c1c00008e1c0000a21c00008c270000a027000085280000a2280000
b4280000b8280000da2800007629000084290000c5290000b82c0000282d0000792e00009b2e0000d42f0000e82f0000
2630000044300000cc3000000a310000b7310000c531000093320000bd320000e13200001d3900002a3a0000ec3a0000
3a02000004270000cf000000de000000410100003d020000420200005102000055020000590200007d02000012060000
dd090000a50c00005c0d0000aa0d0000f80d0000531800009f1a0000c31a0000fe1a0000291b0000e82200006b230000
07270000152700002c270000a82700004e280000dd000000fc0000002601000039010000500200006d020000b4060000
c5060000180700008608000097080000fd080000760a0000b90a0000200b00008a0c00009d0c00003a0d0000400d0000
890d0000950d0000da0d0000e30d0000cf100000021100000e12000041120000271300006a130000a713000014140000
281500005a1500005e15000064160000e31600005617000081170000b31a0000d61a0000ee1a0000f21a0000211b0000
041c0000361c00009e1c0000c41c0000e61c0000062000003c200000dc21000013220000272700005e270000ac280000
b92900003b3b0000823b0000eb3b0000ac3c0000e93c0000253d0000ba3d0000203e00009c3e00004402000065020000
ab1a0000192700004b270000d83b00006e3e000093000000a70000006901000023020000250200002c0200009e050000
7d0600009406000097060000ad060000fc06000005070000490700004f070000e1080000e8080000590900002f0a0000
5d0a0000f20a0000060b00002f0c0000450c0000131500004f1500008c160000db1600003a17000075170000dc170000
0d18000032180000091b00009d1e0000fd1f00003420000062210000c7210000072200006e220000ff24000013250000
3525000057250000932700006c2c0000f72c0000073000003c3000005830000061300000cc3000000a31000075320000
773200008b320000b1320000bd320000d5320000ed3200008034000039350000e6380000cd3e0000003f00006e3f0000
e73f0000010000000a00000033000000b2000000cf000000a6010000c7010000ed010000ee010000020200008d020000
f30200000f0300002b03000072050000e90700002f0800006e0b0000b80b0000a50c0000aa0d0000f80d000044150000
a5170000fe1a0000871d00002b2200007e22000082220000d02200002d2300006b230000a92300000a2700006a270000
2900000065000000e1000000f50000004401000057010000a5010000bc010000010200001e020000f102000005030000
c7040000b5050000d60500008c060000fa06000041070000a4070000b507000008080000c80800001109000079090000
95090000560a0000d20a00004e0b0000aa0b00001f0c00006b0c0000e70c0000040d0000100d0000610d0000660d0000
670d00007c0d0000b00d0000fe0d0000211000002f1100004f110000ca1200003e140000651400006c140000d9140000
f9140000471500004b150000a016000038170000af170000d01700002b1800008a1d00009e1d0000cf1e0000951f0000
dd1f000030200000c12100004622000062220000bb220000eb22000018230000302300005f230000af230000ae240000
752500009b250000bd2500004e260000d42600001b2700004d270000d8270000842c00006d2f0000bc330000f6330000
6b35000095350000b9350000953a00002b3b00009b3b00001a3c00008f3c0000723e0000344000000e00000052000000
f5010000160200009a1d0000842200004c230000583500000c3b00000640000093000000a7000000d601000023020000
250300009e0500007d0600009406000097060000ad0600002a07000031070000590700006d070000f907000043080000
ca08000017090000590900002f0a00005d0a0000d40a0000540b0000cd0c0000750d00004c1600006c1600007c160000
0d1800000f180000161800004b1800005e1800007f1800009a190000f2190000061a0000281a00004a1a00002a210000
4e21000093270000482a00005e2a0000252b0000eb2b00006c2c0000f72c000007300000263000006130000063300000
773000007c3100008c310000c531000033320000493200007532000093320000ed320000a0330000b5330000e6380000
484000007b400000e940000062410000010000000a00000033000000b2000000de000000410100009f010000ed010000
8d02000091020000a4020000de0200002b0300002f0300007d03000072050000e90700002f0800006e0b0000b80b0000
5c0d0000041500006a1500008e150000a51700004018000053180000291b0000e71f0000502000002b2200007e220000
e82200000a2700006a2700002900000065000000d9000000030100000701000083010000a5010000bc0100009f020000
f10200000503000068030000c7040000ae0500008c060000fa06000041070000a8070000b9070000bd070000dd070000
1f08000059080000c80800001109000064090000560a0000d20a00004e0b0000a30b0000a80c0000bb0c0000040d0000
100d0000620d00006e0d0000ad0d0000b30d0000fb0d0000280e0000da0f0000471000006d10000086120000f0120000
031300003414000057140000f91400006d15000091150000a8160000b716000038170000a81700000818000024180000
3918000043180000471800006a1800007b1800009618000066190000651a0000dd1f00005620000081210000c1210000
31220000ee2200001b2700004d270000d8270000382a0000812a0000ee2a0000192b0000df2b00002e2c0000492d0000
a82d00002d3300006f330000743400002d350000773500003c3900002b3b00009b3b00001a3c00008f3c0000723e0000
af4100000e0000005200000093020000310300000018000066180000831800005c3300000c3b000081410000f1030000
290400006f0400007f040000ea0600000b0700005a0e0000d80e0000e10e0000280f0000360f0000a9100000c6100000
c8100000db100000dd100000eb100000ed100000ff150000041600002716000029160000691600007b160000671b0000
a11b0000fe1b0000ff1b0000131c00007720000095200000302100003c2100003d210000d0280000d428000039300000
4230000099300000a6300000e4300000eb300000ed300000f3300000f530000037310000423100004a31000051310000
583100005c31000062310000853100008b310000ac310000b4310000db310000de310000eb310000573200005e320000
5f320000fb3200000233000009330000483c0000613c0000643d00007e3d0000e03d0000ed3d00005407000050160000
081c0000482100005d300000ba30000098310000bf310000e23100006c3200001f030000110900004e0b0000041c0000
40200000132200007701000028020000220300001e050000280500005706000095080000e408000014090000a5090000
af0a0000f80a0000510b0000350c0000a20d00008d100000d2100000d610000035120000ec120000f213000055160000
6d1600007d1600006018000081180000a3190000371a00004c1a00007a1b0000f91b0000071c00000a1c0000141c0000
1a20000043200000ca200000142100006e210000e221000016220000fe240000852b0000ef2b0000d52c0000372d0000
1d2f0000462f0000c1300000e63000008d310000bb310000c63100007632000040350000f4380000aa390000d73e0000
ea40000026410000410700001115000038170000f61a0000361c0000c41c0000f1020000050300004107000011090000
4e0b0000f914000038170000ee1a0000f21a0000041c0000361c0000c41c00003c200000132200001a3c0000203e0000
13050000cb060000ef0600002d070000480700004c0700005f070000ca0c0000510d0000e70f0000e6100000ee100000
7b1100001112000026130000aa1300001915000050150000c0150000dc160000041700004b17000076170000dd170000
0e180000f1190000e01a0000f91a00000a1b00007c1b0000841b0000c91b0000391c00003e1c0000721c0000ab1c0000
cc1c0000d01c0000241d000036210000462100004425000059250000452a0000562d0000c82d0000812e0000a22e0000
55300000693000003b32000043320000c1320000d73200003c340000cf3900003d3a00006f3f0000ab3f000052400000
a3030000ba030000bf030000f003000028040000790400008204000021050000230500002e05000030050000a9060000
ab060000e90600000c07000020070000210700005307000056070000590e0000a810000011110000ad150000b1150000
51160000531600005c160000f11b0000f21b000078200000b2200000b42000003121000044210000cf280000d1280000
d2280000d828000018300000383000004330000048300000493000005c3000005f300000833000008830000098300000
a9300000ab300000ac300000b9300000bc300000063100003631000070310000993100009d3100009f310000d1310000
d2310000413200005832000068320000f9320000fc32000001330000033300000733000017330000363c0000473c0000
683c0000853c0000893c0000693e00009e000000dd0100007502000090060000c1060000110700004007000042070000
d1080000f90800003e0a0000e80a0000140b0000d50c0000f10d0000411200005213000014140000141500001a150000
3e1700004e170000bb1a0000921c0000282000003e210000fb21000095270000a42700009d2800009e2800009a290000
d1290000aa0000007b060000f9060000630a0000f31f0000bd210000a0000000ad0000002c020000aa030000b6030000
72040000a40500007e060000960600009e060000af060000b8060000cd060000030700000d070000280700002a070000
570700005907000096070000e8080000400a0000660a0000060b0000450c0000d90c0000921200005e13000010180000
16180000f6190000061a00009d1e0000f61f0000342000006f200000fe200000c0210000072200006e220000ff240000
352500004a2a00005e2a0000722c0000002d0000072f00002f2f00000e3000001a300000603000006330000077320000
b13200007c3300005b390000003f0000e73f00004440000048400000ab00000071010000720200001c03000023030000
8206000001070000140700008f080000f60800000e09000015090000640a0000a10a00000e0b00004b0b0000520b0000
021100003615000056170000b81a00008c1c0000fb1f0000282000003e210000c5210000fb2100008a27000091270000
a5280000b0280000822900008729000094000000d30100008f060000c7080000300a0000d10a0000020000009c010000
110000002e00000071000000b6000000d600000004010000b7010000df010000020200008a0200009102000028030000
2f03000088050000ac05000075070000ad090000690b00006e0b0000b80b0000871d00002b220000822200002d230000
200000005b00000069000000ed00000035010000b6010000c3010000450200004c0200006602000069020000f0020000
f202000004030000060300008206000090060000c106000001070000110700001407000040070000420700008f080000
d1080000f6080000f90800000e090000150900003e0a0000640a0000a10a0000e80a00000e0b0000140b00004b0b0000
520b0000990c0000da0d0000e30d000002110000411200005213000014140000fc14000000150000281500003e170000
4e17000056170000ac1a0000af1a00008c1c0000921c0000de1f00001f200000202000003e210000c5210000fb210000
1a2700001c2700004c2700004e27000057270000622700009d2800009e280000a5280000b02800008229000087290000
9a290000d12900001b3b00006a3b0000b13b0000d93b0000df3b0000173c00001e3c0000253d0000613e00006f3e0000
763e0000100000005400000068000000a4010000bb0100007b0600008f060000f9060000c7080000300a0000630a0000
d10a0000db1f0000bd210000103b00009a3b000095000000a900000062010000db0100002202000025020000ac030000
d70300007a04000090040000e205000089060000920600009c0600009f060000310700006d0700009507000083080000
cf080000df080000e10800005d090000c1090000310a00005f0a0000730a0000e40a0000f00a0000f20a00002b0c0000
2f0c0000ac1000000f1800004b1800009a190000f2190000281a0000262100004e2100000325000013250000482a0000
252b0000902c0000022d00000c3000000f300000773000002f320000493200007b3200008b3200007b330000ea380000
0f390000c93e0000cd3e00007b40000062410000050000002a0000004900000077000000cd000000af010000ec010000
ee010000a40200007d03000088050000ac05000075070000ad090000690b00006e0b0000b80b0000e10c000040180000
cf1f0000502000002b22000099220000d02200009d000000700100007c010000dc01000028020000290200009e030000
af030000eb030000010400001c0400007b04000091040000ec040000130500001605000045050000a0050000ec050000
95060000ae060000c4060000df06000029070000480700004a0700004c0700005007000058070000d60700008e080000
9a080000d0080000e4080000e5080000c20900003d0a00008e0a0000bc0a0000e50a0000f80a0000f90a0000350c0000
390c0000d80c0000290d00007a0d0000f70d0000670e0000d10e0000470f0000aa0f000098100000af100000b9100000
bd100000d5100000de100000f2100000f310000015110000161100004b110000b21100002412000047120000b1120000
5513000095130000d41300001a140000cd14000017150000191500005115000052150000b3150000c01500000e160000
141600003416000044160000581600008d160000dd160000de16000004170000411700004b170000791700007d170000
e0170000e6170000121800003618000038180000f8190000161a0000201a00000b1b00003f1c0000d31c0000271d0000
172000002b20000088200000af200000b82000000a21000027210000412100004221000077210000df210000fe210000
fe240000142500002925000041250000582500005a2500009b270000a2270000a3280000a4280000b9280000c4280000
102900007a290000a0290000c72900004e2a0000dc2a0000ea2a00006e2c00009a2c0000f92c0000192d0000132f0000
362f00002d300000553000005930000062300000cd300000d73000000b3100000d31000080310000303200003f320000
763200008c320000a5320000be320000d6320000d8320000e2320000ee3200008c330000223400005c34000081340000
4c350000e3350000103900007a390000cf390000f03a0000d73e0000db3e00003e3f0000753f0000853f0000b13f0000
45400000894000008e400000a70000002c0200007d06000097060000fc06000005070000e8080000590900005d0a0000
060b0000450c00009d1e0000fd1f00003420000062210000c7210000072200006e220000ff2400003525000007300000
3c30000077320000b132000039350000e6380000003f0000e73f00000a00000033000000a6010000c701000002020000
72050000e9070000b80b0000871d00002b220000822200002d2300000f0000002d00000046000000530000005a000000
e1000000fc0000003901000044010000b2010000cf010000f4010000f6010000fd010000050200000b02000012020000
170200001a020000a202000073030000a60300007604000085050000b5050000d6050000fb050000020600007a060000
81060000c5060000a4070000f107000001080000040800009708000044090000b7090000bd090000f9090000110a0000
2d0a00003a0a0000b90a0000780b00007e0b00009c0b0000ae0b0000c00b0000d10b0000e70b00000d0c0000130c0000
8a0c0000e70c00003a0d0000400d0000660d00007c0d0000cf1000004f1100000e120000ca12000027130000a7130000
65140000d9140000f51700004318000047180000661900008c1d00009b1d00009d1d0000041f0000861f00008b1f0000
8e1f00009d1f0000d21f0000062000002c20000056200000ac2000005a21000081210000dc210000312200003e220000
4a220000852200009f220000c6220000c7220000eb220000402300004d2300004f2300005823000063230000ae240000
632500006925000033260000372600006d2600009d260000a2260000b5260000ec260000ea290000192b0000842c0000
6d2f0000153500002d350000593500005f350000aa380000ca3800007a3a00007e3a0000b43a00000d3b0000823b0000
ac3c0000074000000e400000a9030000be0300007904000082040000aa060000e5060000090700000c07000020070000
2107000054070000aa10000011110000501600005c160000f11b0000f21b0000081c000078200000b2200000b4200000
2f210000312100004421000048210000cf280000d1280000d2280000d828000019300000343000004030000043300000
48300000493000005d300000873000008c300000a4300000a9300000ab300000ac300000ba300000063100003a310000
70310000983100009f310000bf310000d1310000d2310000e2310000413200005632000058320000683200006c320000
f9320000fc320000013300000333000007330000173300003a3c0000683c0000693e0000a3000000dd01000075020000
1f0300008c060000b4060000fa0600000107000011070000d1080000f908000011090000560a0000e80a0000140b0000
4e0b0000dd0c0000f10d0000411200006a13000014140000bb1a0000041c0000921c0000f71f0000fb1f000028200000
402000003e210000c1210000c5210000fb2100001322000095270000a42700009d2800009e2800009a290000d1290000
a300000067010000d4010000dd010000720200008c06000001070000140700004107000086080000c8080000d1080000
f6080000560a0000760a0000d20a0000e80a00000e0b00000211000011150000361500003817000056170000b81a0000
f61a0000361c00008c1c0000c41c0000fb1f0000282000003e210000c5210000fb2100008a27000091270000a5280000
b028000082290000872900002900000065000000dd00000026010000a5010000b6010000bc010000c301000045020000
4c0200006602000069020000f1020000050300008c060000b4060000fa06000001070000110700001407000041070000
86080000c8080000d1080000f6080000f908000011090000560a0000760a0000d20a0000e80a00000e0b0000140b0000
4e0b00009d0c0000da0d0000e30d000002110000411200006a13000014140000f9140000281500003817000056170000
ac1a0000af1a0000ee1a0000f21a0000041c0000361c00008c1c0000921c0000c41c0000dd1f0000de1f00001f200000
202000003c2000003e210000c1210000c5210000fb210000132200001a2700001c2700004c2700004e27000057270000
622700009d2800009e280000a5280000b028000082290000872900009a290000d12900002b3b00003b3b00009b3b0000
b13b0000d93b0000df3b00001a3c0000253d0000203e0000613e00006f3e0000763e0000a80000007401000024020000
220300002603000096030000d4030000f2030000fd0300003604000073040000980400001e0500002405000028050000
34050000570600008806000099060000c0060000c8060000d5060000dc060000040700000e0700002d0700002e070000
5f07000060070000d90700004408000092080000e008000014090000180900005a0900005e0a0000a40a0000f10a0000
510b0000550b00002c0c0000ce0c0000dc0c0000240d0000530d0000760d0000780d0000840e0000d90e0000f50e0000
030f0000141000009e100000bc100000c9100000f5100000081100000d11000023110000451100001312000021120000
221200009a120000c6120000291300006113000082130000ba130000c6130000c7130000bf140000c414000039150000
ea150000ee1500004d160000551600006e1600006f160000801600008416000098160000591700000e18000017180000
371800005f1800008018000082180000a2190000f1190000071a00001c1a0000341a00004b1a00004d1a0000171c0000
fa1f00002b20000070200000af200000b8200000ff20000032210000412100004221000077210000c4210000fe210000
ed23000005240000772400007c24000005250000232500002d250000902700009427000086280000ab280000b6280000
c7280000dc2800000d2900008629000089290000452a00005f2a0000e22a0000822b0000ec2b0000f32b0000d52c0000
372d00006d2d0000e62d0000082f0000302f0000d52f0000e92f000009300000223000002a300000693000006a300000
d3300000023100001c3100007d3100009031000094310000c9310000373200003f3200007d3200009f320000a9320000
f132000094330000b633000014340000873400004c350000dd350000e73800006339000092390000ca3e00000e3f0000
133f00005240000056400000b9400000f0400000004100002c41000093000000d60100009e05000094060000ad060000
310700006d070000f9070000ca0800002f0a0000d40a00000f1800004b1800009a190000f2190000281a00002a210000
4e210000482a0000252b00006c2c0000f72c0000773000003332000049320000a03300007b4000006241000001000000
b20000009f010000a40200007d03000072050000e9070000b80b000040180000e71f0000502000002b2200000f000000
31000000530000005a000000b5000000d9000000fc0000000701000039010000ba010000e20100000802000030020000
90020000940200009b020000a70200002e030000320300004c03000080030000a6030000760400008d050000a6050000
ae0500002b060000340600005b060000710600007a06000081060000c5060000a8070000bd070000f3070000fd070000
180800001b080000470800004d08000097080000b0090000c70900002d0a00003a0a0000b90a00006d0b0000700b0000
870b0000bb0b0000c80b00004d0c00008a0c0000bb0c00003a0d0000400d0000b30d0000280e0000cf1000000e120000
86120000f01200000313000027130000a71300005714000001180000041800001a1800001b1800002418000046180000
4f180000671800006918000084180000861800008f1800009a180000d0190000561a0000571a00005e1a0000691a0000
8a1d0000cf1e0000ea1f0000062000003020000053200000ac200000fa2000001a210000dc2100002e22000046220000
622200008122000030230000902400009b250000262a00002c2a0000662a00006a2a0000812a0000312b0000f72b0000
fc2b00000f2c0000462c0000742c0000d92c0000ef2c0000032f0000232f00004f2f00002d3300005d33000063330000
953500003c3900000d3b0000823b0000ac3c000082410000894100007001000078010000780200000904000053040000
c4040000d104000023060000d60700008e08000096080000fc080000a90900008e0a0000b00a0000170b000094100000
98100000e3100000e710000065150000021600000a160000e6160000211700008917000060180000a3190000371a0000
e31a0000f61b0000101c0000141c0000681c0000bc1c0000852b0000b92c0000292d0000c8300000cd300000ee300000
c3310000c63100008c330000f8380000e5390000313a000026410000a2270000a3280000b92800007a290000c7290000
e2320000f03a00007b020000ff080000f1090000240b0000ed1b0000b73100001d390000dc010000280200007b040000
91040000d0080000e4080000c2090000e50a0000f80a0000350c0000e3100000e710000065150000021600000a160000
e6160000211700008917000060180000a3190000371a0000e31a0000101c0000141c0000681c0000bc1c000027210000
fe240000a2270000a3280000b92800007a290000c7290000852b0000ee300000c3310000c63100003032000076320000
e232000010390000e5390000313a0000f03a0000d73e00002641000051020000dd0900009f1a0000a202000073030000
f9090000110a0000ae0b0000f5170000011b0000051b0000d11b0000f71c00000d1d00008223000085260000ea290000
ca380000cc3a0000f5000000570100004c020000540200006102000069020000c70400001a06000014070000b5070000
f90800007909000095090000e5090000e9090000140b00006b0c00002f110000a71a0000ac1a0000011b0000051b0000
d11b0000541c00008c1c0000f71c00000d1d00008223000085260000bc330000be380000cc3a0000df3b0000fd030000
cb040000ba060000c8060000d5060000d90600001b07000025070000d40c0000dc0c0000a20d0000840e000048110000
351200009a120000ec1200003f13000061130000f2130000be1a0000f91a00000b1b0000481b00007c1b0000841b0000
be1b0000f91b0000391c00003f1c0000721c0000951c0000cc1c0000d31c0000271d000046210000412500007a2e0000
9c2e00002230000027300000bb31000043320000be3200001a34000063390000aa3900003d3a0000b13f000099000000
db010000260200009d030000ae0300007a04000090040000110500009f05000093060000ac0600002807000047070000
4b07000057070000cf080000e2080000c1090000390a0000e40a0000f60a0000310c000018150000bf15000003170000
4a17000010180000f619000026210000fd240000a0270000a2280000b828000076290000c52900004a2a00006d2c0000
f82c000054300000603000002f32000074320000e13200000f390000ce390000ec3a0000d33e00004440000013070000
1c070000c11a00005c1c0000a21c0000443000002a3a0000a0000000a90000007b020000ac030000d703000011050000
7e060000920600009c0600009e060000130700001c07000028070000470700004b0700005707000096070000ff080000
5d090000f1090000400a00005f0a0000240b000018150000bf150000031700004a17000010180000f6190000c11a0000
ed1b00005c1c0000a21c0000a0270000a2280000b828000076290000c52900004a2a00000c3000000e30000044300000
5430000060300000b7310000e13200007c330000ea3800001d390000ce3900002a3a0000ec3a00004440000014000000
af000000af010000f70100008a020000eb020000f7020000280300007805000042060000ad090000690b0000810b0000
cf1f00007b220000152700002c2700004e28000042020000590200001206000009000000320000007105000011000000
2a00000049000000710000004202000051020000590200008a020000eb020000f7020000280300008805000012060000
4206000075070000dd090000690b00009f1a0000152700002c2700004e280000210000007a000000b9000000db000000
f40000001701000024010000b2010000cf010000fd010000070200001a0200002f02000094020000ee020000fa020000
3203000097030000e9030000760400000f050000140500008205000098050000be05000045060000b30600007c070000
9d070000f10700000408000018080000370800003b0800004708000081080000710900007d090000b7090000bd090000
c6090000710a0000700b00009c0b0000c50b0000130c00004a0c00007b0c0000930c0000b30d0000280e00006e120000
f0120000031300003a130000571400000c150000ff16000004180000241800008c1d00009b1d0000041f0000861f0000
8e1f0000d21f00002c200000ac2000005a2100003e2200004a220000852200009c220000402300004d23000058230000
96240000632500006d2600009d260000b5260000182700002f2700008127000051280000eb280000f62800006a290000
2c2a0000812a0000662c0000552f0000543300005d3300001535000059350000c5350000ae3800003c390000b43a0000
343b0000074000000c0000003500000087000000f30100000a02000074050000fa050000790700008707000051090000
770b0000d00b0000c42200002f2600001f330000763a0000d90000000701000045020000540200006102000066020000
c7040000ae0500001a06000011070000a8070000bd070000f6080000e5090000e90900000e0b0000bb0c000086120000
561800005a1800002f190000a71a0000af1a0000401b0000541c0000801c0000921c0000051d00006b2b00002d330000
be3800001e3a0000d93b00000d0000002c000000450000005100000058000000f30100000a020000a002000071030000
a503000084050000fa050000790600007f06000043090000f50900000d0a00002c0a0000360a0000770b0000ac0b0000
d00b0000f4170000c42200002f260000e9290000a9380000c6380000763a00000b3b0000700100007801000078020000
fd0300000904000053040000c4040000cb040000d104000023060000ba060000c8060000d5060000d90600001b070000
25070000d60700008e08000096080000fc080000a90900008e0a0000b00a0000170b0000d40c0000dc0c0000530d0000
790d0000a20d0000840e0000d90e0000f50e0000680f00009410000098100000e3100000e7100000f210000007110000
0911000015110000481100001312000023120000351200009a120000c6120000ec1200003f13000061130000ba130000
ce130000f2130000c71400003b15000065150000de150000021600000a160000e61600000f1700002117000069170000
891700003618000060180000a3190000161a0000371a0000be1a0000e31a0000f91a00000b1b0000481b00007c1b0000
841b0000be1b0000f61b0000f91b0000101c0000141c0000391c00003f1c0000681c0000721c0000951c0000bc1c0000
cc1c0000d31c0000271d000032210000462100001b2500004125000098270000d1270000e827000089280000b5280000
db2800009d290000dc2a0000852b0000b92c0000292d00007a2e00009c2e0000d82f0000ef2f00002230000027300000
c8300000cd300000ee300000fe3000000b310000bb310000c3310000c6310000373200004332000094320000be320000
8c3300001a340000f83800006339000092390000aa390000d5390000e5390000313a00003d3a0000263f0000b13f0000
89400000264100007b020000130700001c070000ff080000f1090000240b0000c11a0000ed1b00005c1c0000a21c0000
a0270000a2280000b828000076290000c529000044300000b7310000e13200001d3900002a3a0000ec3a000042020000
510200005902000012060000dd0900009f1a0000152700002c2700004e280000d9000000f50000000701000057010000
450200004c02000054020000610200006602000069020000c7040000ae0500001a0600001107000014070000a8070000
b5070000bd070000f6080000f90800007909000095090000e5090000e90900000e0b0000140b00006b0c0000bb0c0000
610d0000670d0000b30d0000280e0000211000002f11000086120000f0120000031300003e140000571400006c140000
24180000561800005a1800002f190000a71a0000ac1a0000af1a0000011b0000051b0000401b0000d11b0000541c0000
801c00008c1c0000921c0000f71c0000051d00000d1d000018230000822300004e260000852600001a27000029270000
3f2700004c27000057270000d8270000612800009d280000a528000052290000822900009a290000812a00006b2b0000
2d330000bc330000be3800003c3900001e3a0000953a0000cc3a0000e43a0000d93b0000df3b00006f3e000013050000
29070000480700004c07000058070000a20d000035120000ec120000f213000019150000c0150000041700004b170000
12180000f8190000f91a00000b1b00007c1b0000841b0000f91b0000391c00003f1c0000721c0000cc1c0000d31c0000
271d00004621000041250000a2270000a3280000b92800007a290000c72900004e2a00005530000062300000bb310000
43320000be320000e2320000aa390000cf3900003d3a0000f03a0000b13f000045400000a0000000a9000000db010000
260200007b020000ac030000d70300007a040000900400007e060000920600009c0600009e060000130700001c070000
96070000cf080000e2080000ff0800005d090000c1090000f1090000400a00005f0a0000e40a0000f60a0000240b0000
310c0000c11a0000ed1b00005c1c0000a21c000026210000fd240000a0270000a2280000b828000076290000c5290000
0c3000000e30000044300000b73100002f32000074320000e13200007c330000ea3800000f3900001d3900002a3a0000
ec3a0000d33e0000110000002a0000004900000071000000af010000f701000042020000510200005902000088050000
1206000075070000ad090000dd090000810b00009f1a0000cf1f00007b220000152700002c2700004e2800000f000000
2d00000046000000530000005a000000d900000007010000b2010000cf010000f4010000f6010000fd01000005020000
0b02000012020000170200001a020000a202000073030000a60300007604000085050000ae050000fb05000002060000
7a06000081060000a8070000bd070000f1070000010800000408000044090000b7090000bd090000f9090000110a0000
2d0a00003a0a0000780b00007e0b00009c0b0000ae0b0000c00b0000d10b0000e70b00000d0c0000130c0000bb0c0000
b30d0000280e000086120000f01200000313000057140000f517000024180000011b0000051b0000d11b0000f71c0000
0d1d00008c1d00009b1d0000041f0000861f00008e1f0000d21f00002c200000ac2000005a2100003e2200004a220000
852200009f220000c6220000c7220000402300004d230000582300008223000063250000692500003326000037260000
6d260000852600009d260000b5260000182700002f2700008127000051280000eb280000f62800006a290000ea290000
812a00002d33000015350000593500005f350000c5350000aa380000ca3800003c3900007a3a00007e3a0000b43a0000
cc3a00000d3b000007400000210000007a000000b9000000e6000000f4000000170100002f010000b2010000cf010000
fd0100001a0200009402000098020000ee020000fa020000320300004903000097030000e90300006604000076040000
140500008205000098050000be0500002e0600004506000061060000bb0600007c0700009d070000f107000004080000
18080000370800003b0800004708000089080000710900007d090000b7090000bd090000890a0000700b0000840b0000
9c0b0000130c00007b0c0000880c0000610d0000670d0000211000006e120000221300003e1400006c1400000c150000
6f150000a115000020160000ff160000231700002b170000b81700000418000019180000671800007718000084180000
8f180000561a00005e1a0000d21f00005a2100008522000018230000632500004e260000182700002f27000081270000
51280000eb280000f62800006a2900002c2a0000632a0000c72b0000f72b00000f2c0000662c0000df2c000054330000
5d3300001535000059350000c5350000ae380000c2390000953a0000523b000082410000f40100000b020000fb050000
780b0000d10b0000561800005a1800002f190000401b0000801c0000051d0000c6220000332600006b2b00001e3a0000
7a3a00000c0000003500000087000000a00200007103000074050000790700008707000051090000f50900000d0a0000
ac0b0000f4170000e92900001f330000c63800000f0000002d00000046000000530000005a000000f500000057010000
f40100000b020000940200009b020000a2020000a3020000ee020000fa020000320300004c0300007303000074030000
a60300001405000085050000fb050000450600007a06000081060000b5070000180800001b080000370800003b080000
470800004d080000440900007909000095090000f9090000fd090000110a0000150a00002d0a00003a0a0000700b0000
780b0000870b0000ae0b0000af0b0000d10b00006b0c0000610d0000670d0000211000002f1100003e1400006c140000
0c1500006f150000a115000020160000ff160000231700002b170000b8170000f5170000fc1700000118000004180000
561800005a1800006718000077180000841800008f1800002f190000561a00005e1a0000401b0000801c0000051d0000
c622000018230000332600004e260000182700002f2700008127000051280000eb280000f62800006a290000ea290000
002a0000262a00002c2a00006b2b0000c72b0000f72b00000f2c0000543300005d33000063330000bc330000c5350000
aa380000ca380000ce380000c23900001e3a00007a3a0000953a00000d3b000082410000db100000131100005d160000
3c210000df27000009280000d7280000eb300000083100005131000072310000a03100005e3200000033000014330000
c13e0000ca040000da040000eb06000023070000a4100000511b0000f41b0000081c0000482100003a3000004b300000
9c300000b03000002a310000bf310000d6310000e23100006c320000793c0000790100007902000097080000fd080000
b90a0000200b0000041c00004020000013220000770100002b020000f00400005905000095080000e7080000a5090000
af0a0000030b00003e0c0000a20d00008d100000f31000001611000035120000ec120000f21300003818000061180000
a4190000201a00003b1a00008a1b0000f91b00001b1c00009e1e00003620000009220000722200005b24000010250000
36250000ea2a0000892b0000c13000000d310000bb310000cd31000088320000b2320000f4380000aa390000f33e0000
eb3f00008e40000038410000c506000018070000cb0c000027130000bf1a0000f61a0000361c00009e1c0000c41c0000
a0040000cb060000ef060000300700006a070000ca0c0000780d0000e70f0000e6100000ee1000002212000026130000
c7130000c4140000151800004c180000e41800009b190000031a0000291a0000e01a00000c1b0000af1b0000c91b0000
401c0000ab1c0000d71c00002b1d000050210000e12300002d25000048250000572a0000262b0000562d0000c82d0000
812e0000a22e0000743000004b320000a9320000c5320000133f0000bd3f00006e40000066410000fc00000039010000
500200006d020000c50600001807000097080000fd080000b90a0000200b00008a0c000027130000b31a0000ee1a0000
f21a0000041c0000361c00009e1c0000c41c00003c20000013220000823b0000eb3b0000203e0000ca040000da040000
e506000023070000aa10000068160000511b0000f41b0000121c0000343000004b3000008c300000b03000003a310000
84310000ab310000d6310000ea310000793c0000b406000018070000dd0c00006a13000064160000bf1a0000251b0000
9e1c0000e61c0000a20000001b0300008b060000f90600000d090000550a00004a0b0000f31f0000bd210000a5000000
25030000a8030000c70300009f0400008e060000a3060000b8060000cd060000fc060000050700002f07000069070000
9a0700004308000017090000580a0000540b0000d90c0000921200005e1300004c1600006c1600007c16000014180000
7f180000021a00004a1a0000fd1f000062210000c7210000e0230000562a0000eb2b0000133000001a3000003c300000
733000007c3100008c31000083330000b5330000393500005b3900006d400000e9400000670100007902000086080000
fd080000760a0000200b000062150000e316000081170000a2000000d30100008b0600003f070000c7080000550a0000
d10a00001015000037170000220000009c010000d80200002500000083000000d600000004010000a6010000c7010000
9c020000de02000065030000ac05000082070000e90700002f080000a00b0000041500006a1500008e150000a5170000
a500000062010000d60100002a020000a8030000c7030000ef04000058050000e20500008e060000a306000049070000
4f0700009a070000f907000083080000ca080000e6080000580a0000730a0000d40a0000020b00003d0c0000ac100000
131500004f1500008c160000db1600003a17000075170000dc1700002a2100000f25000057250000902c0000022d0000
13300000583000003332000087320000d532000083330000a033000080340000f23e00006e3f00002500000083000000
cd0000009f010000fe010000f30200000f030000ac05000082070000e90700002f080000a00b0000e10c000044150000
a5170000e71f0000b8220000a9230000dd00000026010000500200006d020000b40600001807000086080000fd080000
760a0000200b00009d0c00006a1300005a1500005e15000064160000e316000081170000b31a0000211b00009e1c0000
e61c00003b3b0000eb3b0000ba3d00002800000064000000a4010000bb010000ef020000030300008b060000f9060000
3f070000c70800000d090000550a0000d10a00004a0b0000f814000037170000db1f0000bd2100002a3b00009a3b0000
163c0000ca040000da040000e5060000eb06000023070000a4100000aa100000da100000111100005c16000068160000
511b0000f41b0000081c0000121c00003a21000048210000de27000008280000d6280000343000003a3000004b300000
8c3000009c300000b0300000ea300000063100002a3100003a3100005031000070310000843100009f310000ab310000
bf310000d6310000e2310000ea3100005c3200006c320000ff32000013330000793c0000c03e00007901000079020000
b40600001807000097080000fd080000b90a0000200b0000dd0c0000f10d0000cf100000411200006a13000014140000
64160000bf1a0000251b0000041c00009e1c0000e61c00001420000040200000dc210000132200009c270000ac280000
b92900006701000079020000c50600001807000086080000fd080000760a0000200b0000cb0c00004e0d000002110000
0e12000027130000a71300003615000062150000e31600005617000081170000bf1a0000f61a0000361c00009e1c0000
c41c00009c270000ac280000b9290000dd000000fc0000002601000039010000500200006d020000b4060000c5060000
180700008608000097080000fd080000760a0000b90a0000200b00008a0c00009d0c00003a0d0000400d0000da0d0000
e30d0000cf100000021100000e12000041120000271300006a130000a713000014140000281500005a1500005e150000
64160000e31600005617000081170000b31a0000ee1a0000f21a0000211b0000041c0000361c00009e1c0000c41c0000
e61c0000062000003c200000dc21000013220000272700005e270000ac280000b92900003b3b0000823b0000eb3b0000
ac3c0000253d0000ba3d0000203e00009c3e0000a0040000b9060000ce060000300700006a070000db0c00007b0d0000
e3100000e7100000251200009612000060130000d8130000d51400006d1600007d1600001518000081180000e4180000
031a00004c1a0000e31a00000c1b0000af1b0000401c0000681c0000bc1c0000d71c00002b1d0000e12300001c250000
48250000572a0000ef2b00001b30000074300000ee3000008d31000096320000c53200005f390000313a0000563f0000
bd3f00006e400000ea400000a5000000750100002a02000025030000a8030000c7030000ef040000580500008e060000
a3060000fc060000050700009a0700004308000093080000e608000017090000a1090000580a0000ad0a0000020b0000
540b00003d0c00008c1000004c1600009d1e0000fd1f00003420000062210000c7210000072200006e2200000f250000
35250000133000003c300000c03000007c31000087320000b132000083330000b533000039350000f0380000f23e0000
e73f00002500000083000000ef000000a6010000c7010000fe010000de02000082070000e90700002f0800005f090000
a00b0000680c000004150000871d00002b220000b82200002d2300002900000065000000e1000000f500000044010000
57010000a5010000bc010000010200001e020000f102000005030000c7040000b5050000d60500008c060000fa060000
41070000a4070000b507000008080000c8080000110900007909000095090000560a0000d20a00004e0b0000aa0b0000
1f0c00006b0c0000e70c0000610d0000660d0000670d00007c0d0000211000002f1100004f110000ca1200003e140000
651400006c140000d9140000f9140000471500004b150000a016000038170000af170000d01700008a1d00009e1d0000
cf1e0000951f0000dd1f000030200000c12100004622000062220000bb220000eb22000018230000302300005f230000
af230000ae240000752500009b250000bd2500004e260000d4260000d8270000842c00006d2f0000bc3300006b350000
95350000b9350000953a00002b3b00009b3b00001a3c000034400000660100002b020000f004000059050000e3050000
85080000e7080000750a0000030b00003e0c00009f0d00003f100000ae100000f61000002711000032120000e1130000
50150000dc16000076170000dd1700003518000061180000a41900000f1a00003b1a00008a1b0000001c00001b1c0000
5b2400001025000059250000d92a0000892b0000912c0000032d0000882d00000a2e000020310000cd31000088320000
d7320000f33e00006f3f0000d140000038410000a5000000d6010000a8030000c70300009f0400008e060000a3060000
c9060000ed0600002f070000490700004f070000690700009a070000f9070000ca080000580a0000d40a0000c60c0000
e60f000024130000131500008c1600003a170000141800004b1800009a190000021a0000281a00002a2100004e210000
e0230000562a0000252b0000552d0000c72d0000133000005830000073300000333200004932000083330000a0330000
803400006d400000624100002500000083000000fd0000007d0100009f0100009c020000f30200000f03000065030000
82070000e90700002f0800005f090000a00b000040180000e71f0000502000002b2200002900000065000000d9000000
030100000701000083010000a5010000bc0100009f020000f10200000503000068030000c7040000ae0500008c060000
fa06000041070000a8070000b9070000bd070000dd0700001f08000059080000c80800001109000064090000560a0000
d20a00004e0b0000a30b0000a80c0000bb0c0000ad0d0000b30d0000fb0d0000280e0000da0f0000471000006d100000
86120000f0120000031300003414000057140000f91400006d15000091150000a8160000b716000038170000a8170000
08180000241800003918000043180000471800006a1800007b1800009618000066190000651a0000dd1f000056200000
81210000c121000031220000d8270000382a0000812a0000ee2a0000192b0000df2b00002e2c0000492d0000a82d0000
2d3300006f330000743400002d3500003c3900002b3b00009b3b00001a3c0000af410000f5030000c0040000c0060000
cc060000dc060000f0060000170700001d070000ce0c0000e00c00009f0d00004d0e0000f00f00003f10000045110000
32120000291300006d130000e113000000160000671600006a160000c21a00000a1b0000281b0000581b00009d1b0000
df1b0000001c00003e1c00005d1c0000a31c0000d01c0000e91c0000241d0000442500005f2d0000882d0000de2d0000
0a2e00008d2e0000b62e00002a30000045300000c1320000143400002b3a0000ab3f00009027000086280000b6280000
dc28000086290000d52f0000e92f00001a07000024070000ba1a0000bd1b00008e1c0000792e00009b2e000055020000
7d020000dd0900000802000030020000c7090000c80b00004d0c00005918000062180000d81900002c1b0000e11b0000
f31c000081220000902400008d2b00008f2e00004f2f000073040000040700000e0700002d0700005f0700009f0d0000
3f10000032120000e113000000160000671600006a1600000e180000f11900000a1b0000281b00009d1b0000df1b0000
001c00003e1c0000d01c0000e91c0000241d0000fa1f000070200000ff200000c4210000442500009027000086280000
b6280000dc28000086290000452a0000882d00000a2e00008d2e0000b62e0000082f0000302f0000d52f0000e92f0000
69300000c1320000ab3f00005240000003010000830100004c020000580200006902000080020000c70400001c060000
2606000014070000b9070000dd070000f908000064090000e0090000140b0000a80c0000da0f00005918000062180000
d8190000ac1a0000c61a00002c1b0000c11b0000e11b00008c1c0000f31c00008d2b0000bc2c0000492d00008f2e0000
df3b00006a0100007c0100007c020000010400001c040000ce040000e1040000ec050000d3070000880800009a080000
00090000f2090000780a0000bc0a0000250b00009b100000af100000e6100000ee1000005f180000a2190000341a0000
e01a00007a1b0000c91b0000ee1b0000071c00000a1c0000171c0000ab1c000043200000ca2000001421000016220000
822b00009a2c0000192d0000812e0000a22e00001d2f0000462f0000d0300000b8310000c9310000863300001e390000
2c410000a6000000220200001e03000095030000d3030000720400001d05000027050000560600008706000098060000
030700000d0700002b0700005d070000df08000010090000580900005c0a0000f00a00004d0b00002b0c000054160000
0c180000f0190000f61f00006f200000fe200000c0210000032500008c27000085280000b4280000da28000084290000
442a0000d42c0000362d0000072f00002f2f0000d42f0000e82f000008300000673000007b320000e5380000c93e0000
4e4000001b00000039000000b7010000df010000ec01000095020000db020000460300007805000042060000ad090000
690b0000810b00001c1500009922000007270000a82700004e2800001e0000003c00000088000000db00000000010000
2401000080010000ba010000e2010000f6010000170200009b020000a1020000f6020000120300004c03000072030000
97030000e9030000760400000f050000140500007b050000c6050000ee0500004c06000052060000b30600007f070000
88070000f3070000fd070000010800001b080000320800004d080000810800005209000062090000b0090000f6090000
0e0a0000710a00007e0b0000870b0000ad0b00000d0c0000930c0000e40c0000660d00007c0d0000f20f0000ca120000
3a13000065140000d91400001f15000090160000f817000001180000461800004f18000067180000841800008f180000
d0190000561a00005e1a0000ea1f000053200000ac200000fa2000001a2100002e2200009f220000eb220000ae240000
692500001e2700006d270000ae2700005828000079280000e728000018290000f0290000262a0000312b0000f72b0000
0f2c00009c2c0000d02c0000032f0000232f00006d2f0000c82f000020330000633300005f350000c7380000343b0000
824100007402000022060000f8080000100b0000f51b0000b82c0000282d00003d02000012060000c31a000000000000
ae000000710500001300000073000000b80000008c0200002a03000077050000970500002a0600005a06000077070000
9c0700006b0b000018180000622a0000652c0000d82c000095000000ad00000022020000740200001e030000aa030000
b60300001d05000027050000a4050000220600005606000089060000960600009f060000af0600001a07000024070000
95070000df080000f808000010090000310a0000660a0000f00a0000100b00004d0b00002b0c000054160000ba1a0000
bd1b0000f51b00008e1c0000032500008c27000085280000b4280000da28000084290000722c0000b82c0000d42c0000
002d0000282d0000362d0000792e00009b2e0000d42f0000e82f00000f3000007b3200007b330000c93e000005000000
2e00000077000000b6000000ec0100003d020000550200007d020000db02000088050000120600004206000075070000
dd090000690b00001c150000c31a00009922000007270000a82700004e280000e1000000440100004502000058020000
6602000080020000c7040000b5050000d60500001c0600002606000011070000a4070000f6080000e00900000e0b0000
e70c00004f110000af1a0000c61a0000041b00000d1b0000c11b0000741c0000921c0000091d00002f1d00006e230000
d9240000842c0000bc2c0000982f0000d93b00000d000000300000005100000058000000b1000000060200002e020000
8c0200002a030000a50300008c050000a50500002a0600005a060000790600007f060000c50900002c0a0000360a0000
6b0b0000c40b0000490c0000181800007d2200008f240000622a0000732c0000d82c00004e2f00000b3b00006a010000
7c0100007c020000f5030000010400001c040000c0040000ce040000e1040000ec050000c0060000cc060000dc060000
f0060000170700001d070000d3070000880800009a08000000090000f2090000780a0000bc0a0000250b0000ce0c0000
e00c0000760d00009f0d0000f40d00004d0e0000d10e0000720f00007a0f0000f00f00003f100000691000009b100000
af100000d5100000de100000e6100000ee100000f41000001d1100004511000021120000321200004412000029130000
6d130000c6130000e113000017140000bf1400000016000060160000671600006a160000331800005f180000a2190000
0e1a0000341a0000c21a0000e01a00000a1b0000281b0000581b00007a1b00009d1b0000c91b0000df1b0000ee1b0000
001c0000071c00000a1c0000171c00003e1c00005d1c0000a31c0000ab1c0000d01c0000e91c0000241d000017200000
4320000088200000ca2000000a21000014210000df210000162200002325000044250000a1270000c827000036280000
aa280000bc28000077290000c6290000d42a0000822b00009a2c0000192d00005f2d0000882d0000a42d0000de2d0000
0a2e0000222e0000812e00008d2e0000a22e0000b62e0000132f00001d2f0000362f0000462f00002a30000045300000
d030000016310000b8310000c93100009f320000c1320000e532000086330000143400001e3900002b3a0000ed3a0000
0e3f0000ab3f0000a14000002c41000074020000220600001a07000024070000f8080000100b0000ba1a0000bd1b0000
f51b00008e1c00008c27000085280000b4280000da28000084290000b82c0000282d0000792e00009b2e0000d42f0000
e82f00003d020000550200007d02000012060000dd090000c31a000007270000a82700004e280000e100000003010000
4401000083010000450200004c02000058020000660200006902000080020000c7040000b5050000d60500001c060000
260600001107000014070000a4070000b9070000dd070000f6080000f908000064090000e00900000e0b0000140b0000
a80c0000e70c0000660d00007c0d0000ad0d0000fb0d0000da0f0000471000006d1000004f110000ca12000034140000
65140000d9140000391800005918000062180000d8190000ac1a0000af1a0000c61a0000041b00000d1b00002c1b0000
c11b0000e11b0000741c00008c1c0000921c0000f31c0000091d00002f1d0000eb2200006e230000ae240000d9240000
1a2700002b2700004c27000057270000ab270000d827000069280000912800009d280000a5280000822900009a290000
ee2a00008d2b0000842c0000bc2c0000492d0000a82d00008f2e00006d2f0000982f0000e02f0000d93b0000df3b0000
6f3e00001e0000003c00000088000000e6000000000100002f01000080010000ba010000e2010000f6010000fc010000
0e020000170200009b020000f6020000120300004c03000097030000e90300006604000076040000140500007b050000
c6050000ee050000fe0500004c06000052060000bb0600007f07000088070000f3070000fd070000010800001b080000
320800004d080000890800005209000062090000b0090000890a00007e0b0000870b0000940b0000d70b00000d0c0000
880c0000e40c0000ad0d0000fb0d0000f20f0000471000006d10000022130000341400001f1500004a15000053150000
201600009016000013170000c0170000e817000001180000391800009b1d0000861f00008e1f0000ea1f0000fa200000
9f220000c52200004d23000058230000ac230000f124000069250000302600009d260000b52600001e2700006d270000
ae2700005828000079280000e728000018290000262a0000ee2a00009c2c0000d02c0000a82d0000032f0000b02f0000
c82f000020330000633300005f350000773a0000523b000007400000900200002e0300002b0600005b0600006d0b0000
1a180000041b00000d1b0000741c0000091d00002f1d00006e230000d9240000662a0000d92c0000982f000013000000
73000000b8000000060200002e0200007705000097050000770700009c070000c5090000c40b0000490c00007d220000
8f240000652c00004e2f00000f00000031000000530000005a000000b50000000301000083010000f6010000fd010000
0802000009020000170200001a020000300200003102000090020000f6020000120300002e030000a603000014050000
8d050000a60500002b0600004c060000520600005b0600007a06000081060000b9070000dd0700000108000004080000
3208000064090000c7090000c80900002d0a00003a0a00006d0b00007e0b00009c0b0000c80b0000cc0b00000d0c0000
130c00004d0c0000510c0000a80c0000ad0d0000fb0d0000da0f0000471000006d100000341400001f1500004a150000
53150000201600009016000013170000c0170000e81700001a18000039180000041b00000d1b0000741c0000091d0000
2f1d00009b1d0000861f00008e1f000081220000852200009f220000d32200004d230000582300006e230000ac230000
90240000a6240000d9240000f124000063250000692500009d260000b52600001e2700006d270000ae27000058280000
79280000e728000018290000662a0000ee2a0000742c0000d02c0000d92c0000492d0000a82d00004f2f0000652f0000
982f0000b02f0000c82f0000593500005f3500000d3b00000740000024020000220300001e0500002805000057060000
e008000014090000f10a0000510b00002c0c0000e6100000ee100000551600005f180000a2190000341a0000e01a0000
7a1b0000c91b0000071c00000a1c0000171c0000ab1c000043200000ca20000014210000162200000525000090270000
86280000b6280000dc28000086290000822b0000d52c0000372d0000812e0000a22e00001d2f0000462f0000d52f0000
e92f0000c93100007d320000ca3e00002c41000095000000ad00000074020000aa030000b603000072040000a4050000
2206000089060000960600009f060000af060000030700000d0700001a070000240700002b0700005d07000095070000
f8080000310a0000660a0000100b00000c180000f0190000ba1a0000bd1b0000f51b00008e1c0000f61f00006f200000
fe200000c02100008c27000085280000b4280000da28000084290000442a0000722c0000b82c0000002d0000282d0000
792e00009b2e0000072f00002f2f0000d42f0000e82f00000f300000673000007b3300004e400000050000002e000000
77000000b6000000b7010000df0100003d020000550200007d0200009502000046030000880500001206000075070000
ad090000dd090000810b0000c31a000007270000a82700004e2800000f00000031000000530000005a000000b5000000
e100000044010000ba010000e2010000080200003002000090020000940200009b020000a70200002e03000032030000
4c03000080030000a6030000760400008d050000a6050000b5050000d60500002b060000340600005b06000071060000
7a06000081060000a4070000f3070000fd070000180800001b080000470800004d080000b0090000c70900002d0a0000
3a0a00006d0b0000700b0000870b0000bb0b0000c80b00004d0c0000e70c0000660d00007c0d00004f110000ca120000
65140000d914000001180000041800001a1800001b180000461800004f18000059180000621800006718000084180000
8f180000d0190000d8190000561a00005e1a00002c1b0000e11b0000f31c0000ea1f000053200000ac200000fa200000
1a2100002e22000081220000eb22000090240000ae2400001e2700006d270000ae2700005828000079280000e7280000
18290000262a00002c2a0000662a00006a2a0000312b00008d2b0000f72b00000f2c0000742c0000842c0000d92c0000
ef2c00008f2e0000032f0000232f00004f2f00006d2f0000c82f00005d330000633300000d3b000082410000f1030000
29040000220500002f050000ea060000550700005a0e0000280f0000360f0000770f0000870f0000a9100000c6100000
c8100000ec100000ed1000001311000014110000ae150000ca150000521600005d1600005f160000671b0000791b0000
7e1b0000fd1b0000ff1b0000091c0000b3200000b5200000ce2000004521000049210000d0280000d428000039300000
5e30000099300000bb300000e4300000f4300000f5300000083100000931000037310000423100004a3100005f310000
6231000072310000733100009a310000a0310000a7310000c0310000d8310000de310000e33100004232000069320000
6d320000fb3200000233000009330000483c0000863c00007e3d00009b3d0000383e00006a3e0000a3030000ba030000
bf030000f0030000280400006e040000790400007e040000820400002305000030050000a9060000ab060000e9060000
0a0700000c070000200700002107000056070000590e0000a8100000da100000b1150000261600002816000053160000
7a160000f11b0000f21b000076200000782000002e210000312100003a210000cf280000d1280000d2280000d8280000
1830000038300000413000004330000048300000493000005f300000833000008830000098300000a5300000a9300000
ab300000ac300000bc300000ea30000036310000503100008a3100009d310000b3310000d1310000d231000055320000
583200005c320000f9320000fc32000001330000033300000733000017330000363c0000473c0000603c0000683c0000
893c0000ec3d00009e00000071010000d7010000dd010000750200009006000011070000420700008f080000cb080000
d1080000f90800003e0a0000a10a0000d80a0000e80a0000140b0000cf1000001a1500008a150000741600004e170000
99170000bb1a0000921c000014200000dc21000095270000a42700009d2800009e2800009a290000d12900009d000000
74010000da010000dc010000280200009e030000af030000f2030000f503000036040000700400007b04000084040000
91040000a304000013050000a005000095060000ae060000ba060000cc060000d9060000f00600002907000032070000
480700004c070000580700006e070000d9070000fa07000092080000ce080000d0080000e4080000c20900003d0a0000
a40a0000db0a0000e50a0000f80a0000350c0000d40c0000e00c0000290d0000790d00007b0d0000f40d00004d0e0000
030f0000720f00007a0f0000f00f0000691000009e100000b9100000bd100000d2100000d6100000f510000023110000
48110000231200002512000044120000b11200003f1300006d13000095130000ce130000d813000017140000c7140000
d5140000191500008d150000c0150000231600002c160000601600007716000078160000b5160000041700004b170000
9c1700001218000013180000371800004d1800004e180000601800009c1900009d190000a3190000f8190000f9190000
1c1a00002c1a0000301a0000371a0000141c0000101e0000161e00001a200000272100002b2100004f21000051210000
6e210000e2210000cd230000052400002924000039240000fe2400001b2500001c2500009b270000a2270000a3280000
a4280000b9280000c4280000102900007a290000a0290000c72900004e2a0000522a0000e22a0000292b00002f2b0000
852b00006e2c0000f92c00005f2d0000a42d0000de2d0000222e000027300000553000006230000078300000d3300000
d7300000e63000001c31000088310000c631000030320000343200004a3200004c320000763200009432000096320000
e2320000ee32000094330000a13300001a3400009b34000040350000e3350000103900007a390000cf390000f03a0000
d73e0000263f0000563f0000454000007c400000b940000026410000634100006a4100000907000068160000121c0000
2f21000040300000a430000084310000ab310000ea31000056320000fa06000064160000251b0000e61c0000f71f0000
c1210000aa0000001b0300007b0600000d090000630a00004a0b0000a7000000250300007d060000970600002a070000
590700004308000017090000590900005d0a0000540b00004c1600006c1600007c160000161800007f180000061a0000
4a1a00005e2a0000eb2b000007300000633000007c3100008c310000b5330000e638000048400000e9400000a9030000
be0300002305000030050000aa060000eb0600000907000020070000210700005407000056070000a4100000da100000
b115000026160000281600005016000053160000681600007a160000f11b0000f21b0000121c00002f2100003a210000
cf280000d1280000d2280000d8280000193000003a3000004030000048300000493000005d3000005f30000087300000
9c300000a4300000ab300000ac300000ba300000bc300000ea3000002a31000050310000843100008a31000098310000
9d310000ab310000b3310000d1310000d2310000ea310000563200005c320000f9320000fc3200000133000003330000
07330000173300003a3c0000893c0000ec3d0000a300000079010000750200001f030000230300008c060000fa060000
110700004207000097080000f90800001109000015090000560a0000b90a0000140b00004e0b0000520b0000cf100000
1a1500008a15000064160000741600004e17000099170000bb1a0000251b0000921c0000e61c0000f71f000014200000
c1210000dc21000095270000a42700009d2800009e2800009a290000d129000073040000b9060000ce06000004070000
0e0700002907000058070000db0c0000f70d0000e3100000e7100000b21100004712000096120000601300001a140000
0016000058160000671600006a16000012180000f8190000e31a00000b1b0000281b00009d1b0000df1b00003f1c0000
681c0000bc1c0000d31c0000e91c0000271d00009e1e0000fa1f00003620000070200000ff200000c421000009220000
7222000036250000412500004e2a00008d2e0000b62e0000082f0000302f00001b30000062300000ee30000080310000
b2320000be3200005c3400005f390000313a0000b13f0000eb3f000045400000a0000000ad0000007501000026020000
2c0200001e030000aa030000b60300001d05000027050000a4050000560600007e060000960600009e060000af060000
2a070000590700009607000093080000e2080000e808000010090000a1090000400a0000660a0000ad0a0000f60a0000
060b00004d0b0000310c0000450c00008c100000541600006c1600007c160000161800007f180000061a00004a1a0000
fd240000ff2400005e2a0000eb2b0000722c0000d42c0000002d0000362d00000e30000063300000c03000008c310000
74320000773200007c330000f0380000d33e0000003f000048400000e9400000ab000000720200002303000082060000
c1060000fd0600000107000014070000f608000015090000640a00000e0b0000520b0000d50c00004e0d00000e120000
52130000a71300008a1500007416000099170000b81a00008c1c0000f41f0000fb1f0000be210000c52100008a270000
91270000a5280000b02800008229000087290000d4010000c8080000d20a000062150000e31600008117000094000000
8f0600003f070000300a0000101500003717000002000000d80200000a0000003300000091020000de0200002f030000
720500002f0800006e0b0000041500006a1500008e150000a5170000a3000000d401000072020000230300008c060000
c5060000140700004107000042070000c8080000f608000015090000560a0000d20a00000e0b0000520b0000cb0c0000
4e0d00000e12000027130000a7130000111500001a150000621500008a15000074160000e3160000381700004e170000
8117000099170000b81a00008c1c00008a27000091270000a5280000b02800008229000087290000110000002e000000
71000000b6000000ef000000f70100000202000091020000db0200002f0300008805000042060000750700005f090000
6e0b0000810b0000b80b0000680c00001c1500006a1500008e150000a51700007b22000082220000a80000006a010000
78010000240200002d0200002203000096030000d4030000eb03000009040000530400006904000073040000f6040000
1e0500002805000065050000570600008806000099060000c4060000df0600000007000004070000060700000e070000
2d0700005f070000d30700008808000096080000e0080000e9080000140900005a090000a90900005e0a0000780a0000
b00a0000f10a0000070b0000510b00002c0c0000460c0000d80c0000240d0000510d00007a0d0000670e0000470f0000
680f0000aa0f000014100000941000009b100000bc100000c9100000f4100000f610000007110000091100001d110000
271100004b1100007b11000011120000241200005513000082130000aa130000d4130000cd1400003b1500008d150000
de150000231600002c160000551600007716000078160000b51600000f170000691700009c1700000e18000033180000
35180000d0180000d4180000f11900000e1a00000f1a00000a1b00003e1c0000d01c0000241d00009f1e0000a01e0000
fa1f0000fe1f00003520000037200000702000007c200000de200000e3200000ff2000003621000063210000c4210000
c8210000082200000a2200006f22000076220000052500000625000029250000392500003d2500004425000090270000
9427000086280000ab280000b6280000c7280000dc2800000d2900008629000089290000452a0000d42a0000d92a0000
d52c0000372d00006d2d0000e62d0000082f0000302f0000d52f0000e92f0000093000002d3000003d30000069300000
c8300000d0300000fe3000001631000020310000883100003b3200007d3200007e320000a5320000b5320000b9320000
c1320000f132000086330000223400003c3400009b3400003a350000dd350000e7380000f8380000d5390000ca3e0000
013f00003e3f0000ab3f0000e83f0000ef3f000052400000a1400000d140000093000000250200009e05000094060000
ad060000490700004f070000e10800002f0a0000f20a00002f0c0000131500004f1500008c160000db1600003a170000
75170000dc17000013250000572500006c2c0000f72c0000583000008b320000d532000080340000cd3e00006e3f0000
01000000b2000000ee010000f30200000f030000720500002f0800006e0b000044150000a5170000d0220000a9230000
0f00000031000000530000005a000000b5000000dd000000f50000002601000057010000f6010000fd01000008020000
09020000170200001a020000300200003102000090020000f6020000120300002e030000a6030000140500008d050000
a60500002b0600004c060000520600005b0600007a06000081060000b4060000b5070000010800000408000032080000
860800007909000095090000c7090000c80900002d0a00003a0a0000760a00006d0b00007e0b00009c0b0000c80b0000
cc0b00000d0c0000130c00004d0c0000510c00006b0c00009d0c0000610d0000670d0000da0d0000e30d000021100000
021100002f110000411200006a130000141400003e1400006c1400001f150000281500004a150000531500006d150000
911500002016000090160000a8160000b71600001317000056170000a8170000c0170000e81700001a1800007b180000
9b1d00009d1d0000861f00008b1f00008e1f00009d1f000081220000852200009f220000d3220000182300004d230000
4f2300005823000063230000ac23000090240000a6240000f124000063250000692500004e2600009d260000a2260000
b5260000ec260000662a0000df2b0000742c0000d02c0000d92c00004f2f0000652f0000b02f0000bc33000074340000
593500005f350000953a00000d3b00003b3b0000253d0000074000000e400000200000005b00000069000000ed000000
35010000ad010000b6010000bf010000c3010000450200004c0200006602000069020000f20200000603000082060000
90060000c1060000fd060000010700001107000014070000420700008f080000cb080000d1080000f6080000f9080000
150900003e0a0000640a0000a10a0000d80a0000e80a00000e0b0000140b0000520b0000990c00003a0d0000400d0000
cf1000000e12000052130000a7130000001500008115000082150000741600004e17000099170000ac1a0000af1a0000
8c1c0000921c0000dc1f0000de1f000006200000be210000c5210000dc2100001a2700001c2700004c2700004e270000
57270000622700009d2800009e280000a5280000b028000082290000872900009a290000d12900001b3b00006a3b0000
a13b0000b13b0000d93b0000df3b00001e3c0000ac3c0000d23d00006f3e0000763e0000a5010000bc010000fa060000
c8080000d20a00005a1500005e15000064160000e316000081170000211b0000e61c0000dd1f0000c12100009b3b0000
ba3d0000100000005400000068000000ef020000030300007b0600008f0600003f0700000d090000300a0000630a0000
4a0b0000f814000037170000103b0000163c00002900000065000000fc00000039010000a5010000bc01000045020000
4c0200006602000069020000f1020000f202000005030000060300008c060000c5060000fa0600001107000014070000
410700004207000097080000c8080000f6080000f90800001109000015090000560a0000b90a0000d20a00000e0b0000
140b00004e0b0000520b00008a0c00003a0d0000400d0000cf1000000e12000027130000a7130000f914000000150000
5a1500005e15000081150000821500006416000074160000e3160000381700004e1700008117000099170000ac1a0000
af1a0000211b00008c1c0000921c0000e61c0000dd1f000006200000c1210000dc2100001a2700001c2700004c270000
4e27000057270000622700009d2800009e280000a5280000b028000082290000872900009a290000d12900002b3b0000
823b00009b3b0000d93b0000df3b00001a3c00001e3c0000ac3c0000ba3d0000d23d00006f3e0000763e000066010000
dc010000240200007b04000091040000e305000085080000d0080000e0080000c2090000750a0000e50a0000f10a0000
2c0c00009f0d00003f100000ae100000081100000d11000032120000e11300003915000065150000021600000a160000
98160000e61600002117000059170000891700004c1800005f1800009b190000a2190000291a0000341a0000001c0000
101c0000171c0000272100005021000005250000262b0000822b0000912c0000032d0000882d00000a2e000002310000
c3310000c9310000303200004b3200007d3200008734000010390000e5390000ca3e00002c4100006641000095000000
a900000025020000ac030000d70300001105000089060000920600009c0600009f060000c9060000ed0600002b070000
31070000470700004b0700005d0700006d07000095070000e10800005d090000310a00005f0a0000f20a00002f0c0000
c60c0000e60f000024130000181500004f150000bf150000db160000031700004a17000075170000dc1700000c180000
0f180000f0190000f21900001325000057250000442a0000482a0000552d0000c72d00000c3000000f30000054300000
67300000773000008b320000d53200007b330000ea380000ce390000cd3e00006e3f00004e4000007b40000005000000
2a0000004900000077000000fd0000007d010000ee01000095020000a4020000eb020000f7020000460300007d030000
8805000042060000750700005f0900006e0b0000810b0000b80b000044150000a5170000d0220000a92300000f000000
2d00000046000000530000005a000000dd000000030100002601000083010000f40100000b020000940200009b020000
a2020000a3020000ee020000fa020000320300004c0300007303000074030000a60300001405000085050000fb050000
450600007a06000081060000b4060000b9070000dd070000180800001b080000370800003b080000470800004d080000
860800004409000064090000f9090000fd090000110a0000150a00002d0a00003a0a0000760a0000700b0000780b0000
870b0000ae0b0000af0b0000d10b00009d0c0000a80c0000ad0d0000da0d0000e30d0000fb0d0000da0f000047100000
6d10000002110000411200006a13000014140000341400000c15000028150000471500004b1500006f150000a1150000
20160000a0160000ff160000231700002b17000056170000af170000b8170000d0170000f5170000fc17000001180000
041800003918000067180000691800007718000084180000861800008f1800009a180000561a0000571a00005e1a0000
691a0000c6220000af230000bd25000033260000ea290000002a0000262a00002c2a0000ee2a0000c72b0000f72b0000
fc2b00000f2c0000462c0000492d0000a82d0000543300005d33000063330000b9350000aa380000ca380000ce380000
c23900007a3a00000d3b00003b3b0000253d000082410000894100005c0500007c0a0000b20a0000040b0000e4130000
f313000077170000121a0000211a00003c1a00000c2200005d240000062d00000c2e0000fd380000ae390000f63e0000
723f0000f43f00008f400000d240000039410000d50a0000570b000083170000172200008d290000ca290000ec2f0000
f93a0000d1000000f200000000020000b005000069090000a50b00006a0c0000e50c0000020d0000190d0000870d0000
8c0d0000ae0d0000af0d0000b40d0000fc0d0000fd0d00002f0e000035100000de120000351400005e14000046150000
aa17000058180000cf1a0000e41a00003c1b0000011d0000891d000036220000ba2200002f230000ad230000f0010000
541800002a1b00007f220000fb060000440700009d0d0000121500006516000039170000f71a0000261b0000371c0000
c51c0000e71c0000f81f0000c22100008e270000a1010000e3020000830d000058150000eb1a0000082700005f0d0000
ae0d0000fc0d0000ec22000010270000172700002e270000ac2700005028000053280000d40000004102000052020000
14060000e1090000a60c000054180000a01a0000c41a00002a1b0000a1040000cf060000f20600006b070000e80f0000
e8100000ef10000097120000c5140000d61400007e160000e5180000b01b0000ca1b0000691c00002c1d000053210000
e22300001f2500002e25000049250000582a0000272b0000f02b0000572d0000c92d0000822e0000a32e00001c300000
75300000de300000ef3000008e3100004e320000983200009a320000aa320000c632000060390000323a0000143f0000
573f0000be3f000071400000ed4000006f41000009010000880100006a030000b005000069090000a50b00001a0d0000
8f0d0000a40d000035100000de120000351400005e14000093150000aa170000011d00005b20000036220000f3220000
f7220000202300007f230000340300006f2300002801000037030000760300005e0600001a0a0000740b0000b10b0000
960d000088180000f81c00000a1d00000e1d0000301d0000f92200007223000083230000db24000089260000eb290000
672a0000dc2c00009a2f00007b350000d3380000d03a0000403b0000ed3c000086410000420d0000e60d0000d1100000
051100001012000045120000a9130000ac130000181400001f1400002a150000581700005b17000009200000e0210000
e721000060270000ae280000bb290000be290000ae3c0000b13c0000293d0000303d00009e3e00002a0100003a010000
6e020000b7060000c6060000190700007d0a0000bd0a0000220b0000281300006b1300005f1500006516000083170000
d71a0000371c00009f1c0000c51c0000e71c00003d20000017220000443b0000863b0000ed3b0000ea3c0000bc3d0000
213e000050270000733e0000bd01000008030000fb06000044070000d50a0000570b00005f1500006516000039170000
83170000d71a0000371c0000c51c0000e71c00003d200000c221000017220000502700009e3b0000233c0000ea3c0000
bc3d0000213e0000733e000087280000ba280000df2800007b290000d62f0000ea2f00000f31000098320000e3320000
f13a0000030e0000f322000031270000b32700005028000053280000450100005b0200008102000014060000e1090000
6f230000280100000c02000033020000fc050000ca090000d40b0000560c0000960d00002c1800005b18000063180000
30190000d9190000e21b0000811c00005123000091240000342600006d2b0000912b0000902e0000502f0000f7330000
1f3a00007b3a0000403b0000ed3c00000b4000002700000084000000d7000000fe000000050100007e010000a3010000
a7010000c80100009d020000e9020000f40200001003000066030000ad05000083070000ea070000eb07000030080000
3308000060090000a10b00005d0d0000051500006b1500008f150000a617000041180000e81f0000512000002c220000
e9220000132700006b27000003000000070000009d0100003b0200003e020000d902000005270000df00000042010000
43020000560200005a0200007e02000013060000de090000ff1a00006c23000085000000c901000013030000ad050000
83070000ea070000eb070000300800003308000060090000a10b00006c0c0000e80c0000ff0d000006150000a6170000
eb1f00002c220000bc22000031230000b02300006e2700008708000098080000fe080000770a0000ba0a0000210b0000
8e0c00009e0c0000960d00002e1300006e130000e416000082170000b41a0000f31a0000221b0000051c0000a01c0000
c61c0000ea1c0000142200003c3b0000833b0000ec3b0000ed3c0000bb3d0000223e000013060000de090000a90c0000
a11a0000c71a00002d1b00007d0a0000bd0a0000220b00002e1300006e130000ab1300001b1400005a17000083170000
a01c0000c61c0000ea1c0000e321000017220000bd290000680100007a0100007a020000b7060000c606000019070000
8708000098080000fe080000770a0000ba0a0000210b0000cc0c0000de0c00004f0d00009d0d0000f20d0000d0100000
031100000f12000042120000281300006b130000a813000015140000371500006315000065160000e416000057170000
82170000c01a0000de1a0000f71a0000261b0000051c0000371c00009f1c0000c51c0000e71c00001520000041200000
dd210000142200009d270000ad280000ba290000ce000000d2000000f6000000f70000004d0200004e020000350d0000
360d0000830d0000840d0000d10d0000d20d00005715000058150000eb1a0000ec1a0000232700003b0200003e020000
05270000d4000000df00000042010000410200004302000052020000560200005a0200007e0200001306000014060000
de090000e1090000a60c00005d0d0000ab0d0000f90d000054180000a01a0000c41a0000ff1a00002a1b0000e9220000
6c2300000d270000162700002d270000a92700004f280000522800002a0100003a0100006e020000b7060000c6060000
190700008708000098080000fe080000770a00007d0a0000ba0a0000bd0a0000210b0000220b00008e0c00009e0c0000
410d0000960d0000e40d0000d0100000031100000f12000042120000281300002e1300006b1300006e130000a8130000
ab130000151400001b140000291500005f15000065160000e4160000571700005a1700008217000083170000b41a0000
d71a0000f31a0000221b0000051c0000371c00009f1c0000a01c0000c51c0000c61c0000e71c0000ea1c000007200000
3d200000dd210000e321000014220000172200005f270000ad280000ba290000bd2900003c3b0000443b0000833b0000
863b0000ec3b0000ed3b0000ad3c0000b03c0000ea3c0000ed3c0000263d00002c3d0000bb3d0000bc3d0000213e0000
223e00009d3e0000450100005b020000810200001306000014060000de090000e1090000a90c0000ff0d0000a11a0000
c71a00002d1b0000ef2200006f23000030270000af2700004f280000522800002d13000063130000ca130000d9130000
041a00002a1a00004f1a0000b11b0000ae1c0000bd1c0000d81c0000e4230000cb2d0000a42e000068390000353a0000
1a3f00005a3f0000bf3f00006f400000eb40000067410000d80000000101000006010000810100009e02000067030000
a20b0000020d0000190d00005f0d0000600d0000650d0000880d00008d0d00008e0d0000a30d000034100000dd120000
3b1400005f1400006c15000090150000a717000042180000031b0000021d0000542000002f220000ec220000ed220000
1f2300007e2300002700000084000000d0000000f0000000a3010000a7010000c8010000ff010000e9020000f4020000
10030000af05000083070000ea070000eb070000300800003308000065090000a40b0000690c0000e20c0000ab0d0000
f90d00000515000045150000a9170000881d0000e81f000032220000b92200002e230000aa230000132700006b270000
8e0200002c030000ff1a00006c230000060000000b00000034000000b3000000d4000000a7010000c8010000f0010000
f2010000030200008e020000f4020000100300002c0300007305000075050000ea07000030080000750b0000bc0b0000
a60c0000ab0d0000f90d000045150000a9170000ff1a0000881d0000322200007f22000083220000d12200002e230000
6c230000aa230000132700006b270000660000004801000058010000bd0100001f02000008030000c8040000c9040000
b6050000d7050000d80500008d060000fb06000044070000a7070000b607000009080000c9080000120900007a090000
9609000099090000570a0000590a0000d30a0000d50a00004f0b0000570b0000ab0b0000200c0000210c00006f0c0000
f20c0000110d0000680d00007d0d0000090e00002210000030110000311100005011000053110000cb1200003f140000
661400006d14000070140000da140000e0140000fa1400004c150000a1160000391700003b170000b0170000d1170000
d21700002c180000d01e0000961f0000e01f000031200000c2210000ca210000472200006322000066220000bf220000
f2220000192300003423000060230000ba230000af240000b224000076250000772500009c2500009d250000be250000
c12500004f26000055260000d5260000d826000050270000d9270000852c0000862c00006e2f0000712f0000bd330000
be330000f7330000fa3300006c3500006d3500009635000097350000ba350000bd350000963a00009c3a00002c3b0000
9c3b00009e3b00001b3c0000233c0000903c0000733e0000354000002c0600005c060000fa090000120a00008c0c0000
6f0d0000f61700001d18000088180000d71a0000061b00000e1b0000d21b0000751c00000f1d0000331d0000da240000
86260000ed2900006f2a0000da2c0000992f000078350000cb380000cd3a0000383b0000ea3c0000864100003b170000
c61c0000ea1c0000ca210000d501000020030000c908000012090000d30a00004f0b000063150000e416000082170000
de1a0000051c000041200000142200008e2700009e010000dc020000840d000057150000ec1a00000827000003000000
07000000a00100003b0200003e020000df02000005270000060000000b00000034000000b3000000df00000042010000
a3010000f00100008e02000092020000a5020000e90200002c030000300300007e0300007305000075050000eb070000
330800006f0b0000b90b00005d0d0000051500006b1500008f150000a617000041180000541800002a1b0000e81f0000
512000002c2200007f220000e9220000132700006b27000036000000bb000000c9010000130300003403000073050000
75050000eb070000330800006f0b0000b90b0000a90c0000ff0d0000a61700002c220000872200008b220000d4220000
312300006f230000b02300006e270000c908000012090000d30a00004f0b0000960d0000fa140000e41600003b170000
82170000f31a0000221b0000051c0000c61c0000ea1c0000e01f0000ca21000014220000502700009c3b00001b3c0000
ed3c0000bb3d0000223e0000733e0000f10400005a050000e4050000a60900003f0c0000401000008e100000b1100000
1911000028110000ed120000de1700008b1b0000fa1b0000011c00001c1c0000732200005c2400001125000037250000
5c250000da2a0000eb2a00008a2b0000922c0000042d0000892d00000b2e0000c2300000de3000000f31000011310000
21310000bc310000ce31000089320000b3320000da320000f5380000ab390000f43e0000703f0000ec3f000095400000
d54000003a410000a20b00006d0c0000ec0c00001a0d0000030e0000070e0000300e000034100000dd1200003b140000
5f140000a7170000d01a0000e51a00003d1b0000021d00002f220000bd22000032230000b42300008500000008010000
84010000c90100001303000069030000af05000083070000ea070000eb070000300800003308000065090000a40b0000
0615000092150000a9170000eb1f00005720000032220000ef2200006e270000660000000b0100008e010000bd010000
080300006c030000c8040000c9040000b20500008d060000fb06000044070000a9070000ba070000be070000bf070000
de070000e1070000200800005a0800005b080000c9080000120900006f090000570a0000590a0000d30a0000d50a0000
4f0b0000570b0000a70b0000ac0c0000bc0c0000110d00006f0d0000020e0000290e0000db0f0000dc0f000048100000
6e10000071100000871200008a120000f1120000041300000a1300003814000058140000fa14000095150000a9160000
b8160000b9160000391700003b170000ac17000009180000251800003a180000481800007c1800009718000067190000
661a0000e01f0000612000008221000085210000c2210000ca2100003c220000f922000050270000d9270000392a0000
3a2a0000822a0000852a0000ef2a0000f52a00001a2b00001b2b0000e02b0000e32b00002f2c0000322c00004a2d0000
4b2d0000a92d0000ac2d00002e3300002f330000703300007133000075340000763400002e3500003135000078350000
7b3500003d390000433900002c3b00009c3b00009e3b00001b3c0000233c0000903c0000733e0000b04100002d1b0000
8722000036000000bb000000450100003403000038030000810300007305000075050000ea07000030080000750b0000
bc0b00000615000092150000a91700002d1b0000eb1f0000572000003222000087220000ef2200006e270000790b0000
c90b0000d20b00004e0c00008c0c0000090e0000d71a0000301b0000411b0000e31b0000841c0000f61c0000061d0000
8a220000c922000051230000932400003c2600006c2b00008e2b0000912e0000522f0000fa330000223a0000833a0000
383b0000ea3c00000b4000002a04000080040000370f0000051600002a160000982000009a300000a73000004b310000
63310000ad310000b5310000dc31000061320000633200000c3300004b3c0000643c0000653d0000803d0000e23d0000
ee3d0000a60a0000dd0a00009c130000ef130000861700009e170000b31c0000e7210000eb210000a5290000570b0000
172200002b050000b20a0000fb0a00005a0b0000f3130000381a00004f1a0000cc200000ed2100001a2200003a2d0000
482f000044350000fd380000ae390000e03e0000eb40000027410000c3060000ff060000d70c0000260d0000500d0000
540d00009e0d0000bb100000e51000001012000014120000311200005413000083130000a9130000be130000e0130000
8c15000066160000761600009b170000e21a0000271b0000b81c0000e81c0000f91f0000c32100008f270000a8280000
85290000440700001215000039170000f71a0000371c0000c51c0000e3020000eb1a0000f2000000fa010000e6020000
47060000690900008c0b00006a0c00003b0d0000470d00008c0d000070110000de1200001e1500006c15000090150000
a717000057180000cf1a0000f11a0000fa1a00002b1b00006c1c0000f21c00008022000037010000c1010000c3060000
ff060000a60a0000dd0a0000170d00009a0d0000bb100000e51000001012000014120000311200005413000083130000
9c130000a9130000be130000e0130000ef13000060150000841500006616000076160000861700009b1700009e170000
da1a0000b31c0000b81c0000e81c0000092000000a200000c3210000e7210000eb2100005a270000a828000085290000
a52900006f3b0000a63b0000933c0000ae3c0000c33c0000eb3c0000fc3c0000bf3d0000d43d0000743e000008030000
44070000570b000039170000371c0000c51c00003d20000017220000233c0000213e00001a050000f20600004d070000
62070000e80f0000ef1000007c110000c115000005170000de1700007d1b0000851b0000ca1b0000731c0000251d0000
3721000047210000452500005c250000462a0000572d0000c92d0000822e0000a32e0000563000006c3000003c320000
44320000c2320000da3200003d340000d03900003e3a0000703f0000ac3f00005b40000088010000fc02000051030000
47060000690900008c0b0000a40d000070110000de120000a71700006c1c0000f21c00000e2000003920000078230000
b4230000470a0000ea0a0000180b0000561300001b1400004217000050170000961c0000ff210000a1290000d5290000
ac00000072010000730200001d0300002403000086060000020700001507000090080000f70800000f09000016090000
650a0000a20a00000f0b00004c0b0000530b0000031100003715000057170000b91a00008d1c0000fc1f000029200000
3f210000c6210000fc2100008b27000092270000a6280000b1280000832900008829000018000000e8000000b4010000
3c02000047020000da020000dd020000d20d00001b2000000627000009270000030000009d010000120000002f000000
72000000b7000000d700000005010000b8010000e0010000030200008b0200009202000029030000300300008a050000
ad05000076070000ae0900006a0b00006f0b0000bc0b0000881d000032220000832200002e2300005f000000c4010000
6a02000086060000020700001507000090080000f70800000f09000016090000470a0000650a0000a20a0000ea0a0000
0f0b0000180b00004c0b0000530b00009a0c0000e40d000003110000561300001b140000fd1400000115000042170000
5017000057170000b01a00008d1c0000961c0000212000003f210000c6210000fc210000ff2100005827000063270000
a6280000b12800008329000088290000a1290000d5290000203b00006b3b0000b33b0000da3b0000e33b0000183c0000
1f3c00002c3d0000623e0000703e0000773e00004b0000007b000000810300008a050000ad05000076070000ae090000
6a0b00006f0b0000bc0b0000e80c0000d31f00005720000032220000a0220000d4220000b20300001e04000094040000
4c050000460a0000960a0000c00a0000e60a0000fb0a0000fd0a0000690e0000ae0f00005913000096130000d5130000
25140000b5150000c31500003816000046160000451700004c1700007a1700007e170000fb190000171a0000211a0000
d41c00008c200000ba200000e621000002220000ab290000ca290000fc2c00001b2d00003a2f00008f33000024340000
60340000833400004e350000e73500001339000080390000d2390000f93a0000e03e0000e43e0000423f0000793f0000
873f0000b53f0000464000008a4000008f40000017000000b4000000e4000000ee000000fa00000053010000b1010000
fa010000fb0100008f020000ed020000f5020000f9020000110300002d0300007d050000c305000044060000ac070000
b107000031080000b20900006c0b00008c0b0000900b0000a70c0000e60c0000030d0000060d00003f0d0000550d0000
640d0000ac0d0000af0d0000d80d0000fa0d0000fd0d0000fe0f0000a4110000b7120000331400003514000051140000
2f1500004815000049150000b2170000bd170000021b0000fb1c0000d11f00001e200000242000007221000080220000
d2220000112300006d230000ab230000ae230000172700001d2700002e2700006c27000050280000e62800000b000000
34000000a7010000c80100000302000073050000ea070000bc0b0000881d000032220000832200002e23000047000000
5d0000003a010000130200001b02000076030000a7030000770400007804000086050000b6050000d705000003060000
84060000c6060000050800004509000047090000b8090000be0900001a0a00002e0a0000430a0000bd0a0000790b0000
7f0b0000b10b0000d20b0000e90b00000e0c0000170c0000f20c00007d0d0000531100000f120000cb12000028130000
a8130000e0140000051f0000871f00008c1f0000d61f0000072000002d20000061200000ad2000005c21000085210000
e32100003c2200004e220000aa220000c92200005923000064230000af240000642500006d250000382600003c260000
6e2600009e260000a3260000bc260000f0260000eb2900001a2b0000852c00006e2f000017350000313500005a350000
63350000ab380000d33800007f3a0000833a0000b53a00000e3b0000863b0000ad3c0000084000000f400000590a0000
ea0a0000180b0000570b00006e1300001b140000961c0000ca210000ce210000ff21000017220000a1290000d5290000
a400000068010000d5010000de010000730200008d06000002070000150700004407000087080000c9080000d2080000
f7080000570a0000770a0000d30a0000e90a00000f0b00000311000012150000371500003917000057170000b91a0000
f71a0000371c00008d1c0000c51c0000fc1f0000292000003f210000c6210000fc2100008b27000092270000a6280000
b1280000832900008829000024000000ce0000009e010000b3010000b40100003c02000047020000e3020000d20d0000
eb1a00001b200000062700000927000066000000c40100006a020000080300008d060000020700001507000044070000
87080000c9080000d2080000f7080000570a0000590a0000770a0000d30a0000e90a0000ea0a00000f0b0000180b0000
570b00009e0c0000e40d0000031100006e1300001b1400003917000057170000b01a0000371c00008d1c0000961c0000
c51c0000e01f0000e21f0000212000003d2000003f210000c6210000ca210000ce210000fc210000ff21000017220000
5827000063270000a6280000b12800008329000088290000a1290000d52900002c3b00003c3b00009c3b0000b23b0000
b33b0000da3b0000e33b0000233c00002c3d0000213e0000623e0000703e0000773e00009a030000d5030000f3030000
0004000037040000740400009b0400001f050000250500002905000035050000580600009a060000d6060000dd060000
0f0700006207000064070000da070000450800005b0900002d0c0000850e0000da0e0000f60e0000040f000015100000
9f100000ca1000000e11000024110000461100009b120000c7120000c0140000c5140000eb150000ef1500004e160000
56160000811600008516000099160000181c000071200000b1200000b920000000210000332100004321000078210000
ee23000006240000782400007d24000008250000242500002e25000087280000c8280000df2800000e290000462a0000
602a0000e32a0000832b0000ed2b0000f42b0000d62c0000382d00006e2d0000e72d0000092f0000312f0000d62f0000
ea2f00000a300000233000002b3000006c3000006e300000d4300000033100001d3100007e3100009131000095310000
ca310000383200004032000080320000a0320000aa320000f232000095330000b733000015340000883400004d350000
de350000e83800006439000093390000cb3e00000f3f0000143f00005b4000005f400000bd400000f440000002410000
304100003e0000001c0100004e010000e401000051030000550300007d050000c305000044060000ac070000b1070000
31080000b20900006c0b00008c0b0000900b0000b80c00002c0d0000eb0d0000220e0000fe0f0000a4110000b7120000
33140000351400005114000009150000211500009b150000a6150000b2170000bd170000361b0000fb1c000000200000
2520000072210000a4220000082300002023000077270000b327000050280000e6280000bb0000008103000073050000
ea070000bc0b0000eb1f000057200000322200005d000000be0000003a010000330200005703000084030000a7030000
77040000780400008e050000a7050000a90500002c0600005c0600007306000084060000c6060000a9070000be070000
f4070000fe070000190800004808000051080000ca0900002e0a0000430a0000bd0a0000920b0000bf0b0000560c0000
bc0c0000290e00000f1200008a1200000a13000028130000a813000058140000051800001d180000901800009b180000
5f1a00006a1a0000d01e0000ee1f000007200000312000005a200000ad200000fc2000001e210000e321000035220000
66220000912400009c250000272a0000302a00006b2a00006f2a0000822a0000322b0000f82b0000fd2b0000162c0000
4a2c0000752c0000da2c0000f12c0000052f0000272f0000502f00002e3300005e330000673300009635000043390000
0e3b0000863b0000ad3c0000834100008a410000fa0e0000bc130000d0130000e31500006b170000181a0000ed270000
a8290000f42f000097390000da3900002e3f00008c4000005a040000d3040000960a0000b40a00001b0b00000c160000
8a170000381a0000bd1c00002b2d00008f33000001390000e7390000353a000027410000ca290000f93a000094040000
e60a0000fb0a00000c1600008a170000381a0000bd1c0000ca29000013390000e7390000353a0000f93a0000e03e0000
27410000e4000000f30000004a02000017060000ac0700006d0900007f0c0000a70c0000880d00008e0d000034100000
5c1500001c17000057180000c51a00001d1b00002b1b0000f21c0000172700002e2700005028000052020000e1090000
a01a0000b1010000fa010000b20900008c0b0000880d00008e0d0000341000005c1500001c170000571800001d1b0000
2b1b0000f21c0000d11f000080220000172700002e27000050280000190100003101000054030000ed0300006b040000
c005000066060000bd06000082090000910a00008f0b0000200d0000930d0000990d0000d50e0000260f000039100000
e41000005c1100005e11000070120000ac120000e512000025130000e91300004014000044140000631400006e140000
83140000a5140000a3150000fd1500002216000030170000ba17000092180000611a0000601c0000aa1c00000b1d0000
311d00000d2300001b2300001c2300007b230000de2400008a250000592600005d260000682a0000c92b0000fa2b0000
1a2c0000e42c00009d2f0000d333000084350000b338000035390000c7390000a03a0000a43a00005a3b0000f63c0000
87410000760300001a0a0000b10b0000f81c00000e1d00008323000089260000eb290000d3380000d03a00002b0e0000
0e130000401400005a1400006e1400001b23000059260000412700005a270000da27000063280000a828000054290000
5729000085290000a5290000832a000047390000a03a0000e63a0000743e000058010000620200006a020000c9040000
1b06000015070000b607000099090000eb090000180b000030110000551c00008d1c0000f81c00000e1d000083230000
89260000bd330000c0380000d03a0000e33b00008b0e00004713000065130000f31300004a1b0000861b0000991c0000
cd1c0000d41c00009e2e00001d3400006c390000ae3900003f3a0000b53f0000e0000000fb0000001b01000043010000
570200007f020000c2050000a3070000df0900008c0d0000de120000cf1a0000f01a0000021b00006d1c0000fb1c0000
382000006d230000430200005a02000013060000120000002b0000004a0000007200000043020000520200005a020000
8b020000ec020000f80200002903000089050000130600004306000076070000e10900006a0b0000a01a000016270000
2d2700004f2800007e000000d00100001b0200009b030000ea0300007804000010050000150500009a0500007e070000
9e070000f20700000508000019080000380800003c0800004808000082080000720900007e090000bf090000720a0000
c60b0000170c00004b0c00007c0c0000940c0000290e0000721200000a13000040130000581400000d15000001170000
05180000871f0000ad2000005b2100003f2200004b220000a322000041230000592300009a2400006425000071260000
9e260000bc26000082270000ec280000f72800006e290000302a0000822a0000682c0000592f0000553300005e330000
163500005a350000c6350000af38000043390000b83a0000353b000008400000c8040000a9070000be070000f7080000
e6090000ea0900000f0b0000bc0c00008a120000a81a0000b01a0000411b0000561c0000841c0000961c0000061d0000
6c2b00002e330000bf380000223a0000da3b00005a040000d3040000960a0000b40a00001b0b00008b0e0000f90e0000
4713000065130000bb130000cf130000f3130000e21500000c1600006a1700008a170000171a0000381a00004a1b0000
861b0000991c0000bd1c0000cd1c0000d41c0000ec270000a42900002b2d00009e2e0000f32f00008f3300001d340000
013900006c39000096390000ae390000d9390000e7390000353a00003f3a00002c3f0000b53f00008a40000027410000
e0000000e4000000f3000000fb0000001b010000430100004a020000570200007f020000c205000017060000a3070000
ac0700006d090000df0900007f0c0000a70c00003d0d0000630d0000880d00008c0d00008e0d0000ac0d0000d90d0000
dc0d0000fa0d0000341000005a100000b8120000de12000033140000471400005c1500001c17000057180000c51a0000
cf1a0000f01a0000021b00001d1b00002b1b00006d1c0000f21c0000fb1c0000ff1f000038200000ea2200006d230000
20270000aa2700005b28000043020000520200005a02000013060000e1090000a01a0000162700002d2700004f280000
58010000620200006a020000c8040000c90400001b06000015070000a9070000b6070000be070000f708000099090000
e6090000ea090000eb0900000f0b0000180b0000bc0c0000290e0000301100008a1200000a1300003f14000058140000
6d140000a81a0000b01a0000411b0000551c0000561c0000841c00008d1c0000961c0000f81c0000061d00000e1d0000
192300008323000055260000892600004027000058270000d927000062280000a6280000532900005629000083290000
a1290000822a00006c2b00002e330000bd330000bf380000c038000043390000223a00009c3a0000d03a0000e53a0000
da3b0000e33b0000703e0000f3130000c31500004c170000fb190000861b0000cd1c0000d41c0000ca290000ae390000
d23900003f3a0000f93a0000b53f0000464000008f020000ed020000f90200002d030000440600006c0b00008c0d0000
de120000cf1a0000f01a0000021b00006d1c0000fb1c0000382000006d230000172700002e2700005028000012000000
2b0000004a00000072000000b0010000f801000043020000520200005a020000890500001306000076070000b1090000
e1090000880b0000a01a0000d01f00007c220000162700002d2700004f280000470000005d000000d00100001b020000
76030000a703000077040000780400008605000084060000a9070000be070000f2070000050800004509000047090000
bf0900001a0a00002e0a0000430a0000790b00007f0b0000b10b0000c10b0000d20b0000e80b00000e0c0000170c0000
bc0c0000290e00008a1200000a13000058140000f81c00000e1d0000871f0000ad2000005b2100003f2200004b220000
aa220000c9220000cb220000412300005923000083230000642500006d2500003c260000402600007126000089260000
9e260000bc26000082270000ec280000f72800006e290000eb290000822a00002e330000163500005a35000063350000
c6350000ab380000d338000043390000833a0000873a0000b83a0000d03a00000e3b0000084000001205000084080000
730900007f090000740a0000ca0b00004f0c00007d0c0000950c0000200d00001d0e00002b0e00002c0e0000250f0000
6f0f00005c1100005e110000bf1100003112000073120000ac120000e2120000e41200000e1300001213000042130000
e01300004c1400005a1400005b140000d41a0000da1a0000391b0000771b0000e61b0000611c0000b31c0000fe1c0000
891f0000ae200000402200004c220000a7220000422300005b2300009b24000072260000a0260000c0260000832a0000
982a0000ba2a00008f2b0000942e00005a2f0000d333000003340000b038000034390000473900004b390000b93a0000
393b0000eb3c00000c4000007e0000001801000030010000d00100001b020000500300009b030000ec0300006a040000
78040000150500009a050000bf05000065060000bc0600007e0700009e070000f2070000050800001908000038080000
3c0800004808000081090000bf0900008f0a00008b0b0000170c00006f120000231300003f1400006d1400000d150000
a215000021160000011700002f170000b917000005180000901800005f1a00005b210000192300006425000055260000
82270000ec280000f72800006e290000302a0000642a0000c82b0000f82b0000162c0000682c0000e32c000055330000
5e330000163500005a350000c6350000b2380000c63900009c3a0000583b000083410000790b0000d20b0000411b0000
841c0000061d0000c92200003c2600006c2b0000223a0000833a0000470000005d000000580100005703000076030000
78030000a7030000150500001b0500008605000084060000b607000019080000380800003c0800004808000051080000
4509000047090000990900001a0a00001e0a00002e0a0000430a0000790b0000920b0000b10b0000b30b0000d20b0000
301100003f1400006d1400000d150000a215000021160000011700002f170000b917000005180000901800005f1a0000
411b0000841c0000061d0000c9220000192300003c2600005526000082270000ec280000f72800006e290000eb290000
012a0000272a0000302a00006c2b0000c82b0000f82b0000162c0000553300005e33000067330000bd330000c6350000
ab380000d3380000d7380000c6390000223a0000833a00009c3a00000e3b0000834100000a2800007531000061320000
15330000c23e00001f140000e7210000be290000bd0a0000220b0000172200005c050000b20a0000040b0000f3130000
211a00003c1a00000c2200005d240000fd380000ae390000f63e0000f43f00008f40000039410000500d000005110000
10120000a913000038150000581700009e270000ae280000bb290000c606000019070000cc0c000028130000c01a0000
f71a0000371c00009f1c0000c51c0000f70000004e020000eb1a0000f20000000002000069090000a50b00006a0c0000
8c0d0000af0d0000fd0d0000de1200003514000058180000cf1a00003c1b0000011d0000891d000036220000ba220000
2f230000a1040000f20600006b070000e80f0000ef100000c5140000e5180000b01b0000ca1b00002c1d000053210000
e22300002e25000049250000582a0000272b0000572d0000c92d0000822e0000a32e0000753000004e320000aa320000
c6320000143f0000be3f0000714000006f410000880100006a03000069090000a50b0000a40d0000de12000035140000
011d00005b20000036220000202300007f230000e60d00000511000010120000a91300001f1400005817000009200000
e721000060270000ae280000bb290000be290000ae3c0000303d00009e3e00003a0100006e020000c606000019070000
bd0a0000220b000028130000371c00009f1c0000c51c00003d20000017220000863b0000ed3b0000213e00006e130000
a01c0000ea1c0000680100007a02000087080000fe080000770a0000210b000063150000e416000082170000ce000000
4d020000571500002700000084000000d700000005010000a7010000c80100009d020000e902000066030000ad050000
83070000ea07000033080000a10b0000051500006b1500008f150000a61700008500000013030000ad05000083070000
ea07000033080000a10b0000e80c0000a6170000eb1f0000bc220000b023000087080000fe080000770a0000210b0000
9e0c00006e130000e416000082170000b41a0000221b0000a01c0000ea1c00003c3b0000ec3b0000bb3d0000bd0a0000
220b00006e1300001b140000a01c0000ea1c0000e321000017220000bd290000680100007a020000c606000019070000
87080000fe080000770a0000210b0000cc0c00004f0d0000031100000f12000028130000a81300003715000063150000
e41600005717000082170000c01a0000f71a0000371c00009f1c0000c51c00009d270000ad280000ba290000ce000000
f70000004d0200004e020000350d0000d20d000057150000eb1a0000232700003a0100006e020000c606000019070000
87080000fe080000770a0000bd0a0000210b0000220b00009e0c0000e40d0000031100000f120000281300006e130000
a81300001b140000e41600005717000082170000b41a0000221b0000371c00009f1c0000a01c0000c51c0000ea1c0000
072000003d200000e3210000172200005f270000ad280000ba290000bd2900003c3b0000863b0000ec3b0000ed3b0000
ad3c00002c3d0000bb3d0000213e00009d3e000063130000d9130000041a00004f1a0000b11b0000bd1c0000d81c0000
e423000068390000353a00005a3f0000bf3f00006f400000eb400000d8000000060100009e02000067030000a20b0000
650d0000880d00008e0d0000341000005f1400006c15000090150000a7170000031b0000021d0000ed2200007e230000
2700000084000000f0000000a7010000c8010000ff010000e902000083070000ea0700003308000065090000a40b0000
690c000005150000881d000032220000b92200002e23000066000000580100001f02000008030000c8040000c9040000
b6050000d70500008d06000044070000b607000009080000c908000099090000570a0000590a0000d30a0000570b0000
ab0b0000200c0000210c0000f20c00007d0d00003011000053110000cb1200003f1400006d140000e014000039170000
b0170000d1170000d01e0000961f0000e01f000031200000ca21000066220000bf2200001923000060230000ba230000
af24000076250000772500009c250000c125000055260000d5260000d8260000d9270000852c00006e2f0000bd330000
6c3500006d35000096350000bd3500009c3a00002c3b00009c3b0000233c000035400000f10400005a050000e4050000
3f0c000040100000b110000028110000de1700008b1b0000011c00001c1c00005c240000112500005c250000da2a0000
8a2b0000922c0000042d0000892d00000b2e000021310000ce31000089320000da320000f43e0000703f0000d5400000
3a410000a20b0000ec0c0000300e0000341000005f140000a7170000e51a00003d1b0000021d0000bd220000b4230000
8500000084010000130300006903000083070000ea0700003308000065090000a40b0000eb1f00005720000032220000
660000008e010000080300006c030000c8040000c90400008d06000044070000a9070000be070000e107000020080000
5a0800005b080000c90800006f090000570a0000590a0000d30a0000570b0000a70b0000bc0c0000290e0000db0f0000
481000006e1000008a1200000a13000058140000a9160000b816000039170000091800003a1800007c18000097180000
661a0000e01f00006120000085210000ca2100003c220000d9270000392a00003a2a0000822a0000f52a00001a2b0000
e32b00002f2c0000322c00004a2d0000a92d00002e33000070330000713300007534000031350000433900002c3b0000
9c3b0000233c0000b0410000d30e0000740f00007c0f00006b100000e01000001f110000c2140000621600008a200000
0c21000025250000cd27000039280000be2800007c290000d72a0000a62d0000242e0000152f0000382f000018310000
a1320000e7320000f23a0000113f0000a9400000f8030000c3040000dd060000f40600001e0700004e0e0000f10f0000
4010000046110000011600006b160000591b00009e1b0000e01b0000011c00005e1c0000251d000045250000602d0000
892d0000df2d00000b2e00008e2e0000b72e00002b30000046300000c2320000153400002c3a0000ac3f00004e010000
8c0100005e02000017060000ac0700006d09000034100000671500001c170000e51a0000f21c00007823000031010000
8b01000010020000ed0300006b040000f305000000060000bd0600006c090000910a0000dc0b0000310d0000990d0000
a70d0000d50e0000260f0000f40f0000041000000e10000044100000491000004d1000006f10000084100000e4100000
6b11000093110000b6110000e112000025130000e913000055150000fd1500002216000015170000ed1700002f180000
3c1800003d1800005c18000031190000cd1b0000821c0000aa1c0000891f00005b230000f324000035260000a0260000
c0260000c32a0000f92a0000fd2a0000702b0000a12c0000672d00008d2d0000aa2d0000bf2d0000b22f0000f8330000
203a00007c3a00005a3b0000f63c00000c40000087280000df280000d62f0000ea2f0000b32700005028000081020000
e109000033020000ca090000560c000063180000d9190000e21b000091240000912b0000902e0000502f000074040000
0f0700006207000040100000011600006b1600009e1b0000e01b0000011c0000251d0000712000000021000045250000
87280000df280000462a0000892d00000b2e00008e2e0000b72e0000092f0000312f0000d62f0000ea2f00006c300000
c2320000ac3f00005b400000e401000051030000b20900008c0b000034100000671500001c170000e51a0000f21c0000
78230000b3270000502800007f0d0000491000006f100000cd120000e41400003c180000b02400005a270000b6270000
da2700006b2800009328000096280000a828000085290000a5290000f92a0000aa2d00006f2f0000e22f0000743e0000
8e0100006a02000084020000c90400002806000015070000e10700006f090000e4090000180b0000db0f000063180000
d9190000c21b0000e21b00008d1c0000912b0000be2c00004a2d0000902e0000e33b0000020400001d040000cf040000
e2040000ed050000d4070000f30900009c100000b3100000ef1000007b1b0000ca1b0000ef1b00000b1c0000181c0000
cb20000015210000832b00009b2c00001a2d0000822e0000a32e00001e2f0000472f0000d1300000b9310000ca310000
873300001f39000030410000c2050000a3070000df090000b20c0000f00c0000a40d0000de120000a41a0000fb1a0000
361b00006d1c0000fb1c000040000000e6010000570300009b030000ea0300007804000010050000150500007f050000
c7050000ef0500004d060000530600008a070000ff070000510800008208000053090000b4090000f70900000f0a0000
720a00007f0b0000920b00000e0c0000940c0000eb0c00007d0d0000f60f0000cb12000040130000e014000023150000
92160000f91700005018000090180000d11900005f1a0000ad200000fb2000001b210000aa220000af2400006d250000
b9270000592800007a2800001c290000f4290000272a0000352b0000f82b0000162c00009d2c0000d12c0000042f0000
242f00006e2f0000c92f0000223300006733000063350000c8380000353b00008341000013060000c71a00007b000000
bf0000008102000089050000130600004306000076070000e10900006a0b000020150000c71a0000a0220000af270000
4f280000c8040000b6050000d70500001d06000027060000f70800000f0b0000f20c000053110000b01a0000ca1a0000
0e1b0000c31b0000751c0000961c0000331d0000da240000852c0000bd2c0000992f0000da3b0000f803000002040000
1d040000c3040000cf040000e2040000ed050000dd060000f40600001e070000d4070000f30900004e0e0000d20e0000
730f00007b0f0000f10f0000401000006a1000009c100000b3100000df100000ef1000001e11000046110000c0140000
01160000611600006b160000591b00007b1b00009e1b0000ca1b0000e01b0000ef1b0000011c00000b1c0000181c0000
5e1c0000251d000089200000cb2000000b210000152100002425000045250000cb27000037280000bd28000078290000
d52a0000832b00009b2c00001a2d0000602d0000892d0000a52d0000df2d00000b2e0000232e0000822e00008e2e0000
a32e0000b72e0000142f00001e2f0000372f0000472f00002b30000046300000d130000017310000b9310000ca310000
a0320000c2320000e632000087330000153400001f3900002c3a0000ee3a00000f3f0000ac3f0000a740000030410000
4e0100008c0100005e020000c205000017060000a3070000ac0700006d090000df090000b20c0000f00c0000560d0000
a40d0000180e0000341000005a100000b8120000de12000033140000471400003e150000671500001c170000a41a0000
e51a0000fb1a0000361b00006d1c0000f21c0000fb1c00000823000078230000392700005b2800008102000013060000
e1090000c71a0000af2700004f2800008e0100006a02000084020000c8040000c9040000b6050000d70500001d060000
270600002806000015070000e1070000f70800006f090000e40900000f0b0000180b0000f20c00007d0d0000db0f0000
481000006e10000053110000cb120000e01400003a18000063180000d9190000b01a0000ca1a00000e1b0000c21b0000
c31b0000e21b0000751c00008d1c0000961c0000331d0000af240000da24000058270000b2270000d92700006a280000
9228000095280000a628000083290000a1290000f52a0000912b0000852c0000bd2c0000be2c00004a2d0000a92d0000
902e00006e2f0000992f0000e12f0000da3b0000e33b0000703e000012050000c8050000f005000084080000fb090000
130a0000740a0000950c0000ef0c0000310d0000720d00007f0d0000800d0000250f00006f0f0000f70f000004100000
0e1000003a100000431000006b1100008511000031120000cd120000ce12000042130000e0130000ae140000e4140000
e8140000fa1700005118000092180000d2190000611a0000da1a0000e81a0000071b0000771b0000ce1b0000d31b0000
b31c0000121d0000ae2000001c210000b0240000c52400008125000087260000f5290000362b0000fa2b00001a2c0000
9e2c0000672d00008c2d0000252f00006f2f0000842f000079350000cc380000ce3a0000393b0000eb3c000087410000
400000003001000087010000e60100000f020000570300009b030000ec0300006a04000078040000150500007f050000
f2050000ff0500004d06000053060000bc0600008a070000ff070000510800005309000068090000b40900008f0a0000
7f0b0000920b0000db0b00000e0c0000f30f0000481000006e1000002313000023150000541500002116000092160000
14170000ec1700003a180000871f0000fb200000aa22000059230000f22400006d250000312600009e260000bc260000
b9270000592800007a2800001c290000272a0000f52a0000a02c0000d12c0000a92d0000042f0000b12f0000c92f0000
223300006733000063350000783a0000583b0000084000002c0600005c0600001d1800000e1b0000751c0000331d0000
da2400006f2a0000da2c0000992f00005d000000be0000008e0100001b0200003302000035020000a703000015050000
1b0500008e050000a7050000a90500002c0600004d060000530600005c06000084060000e1070000050800006f090000
ca090000cc0900002e0a0000430a00007f0b00000e0c0000170c0000560c00005a0c0000db0f0000481000006e100000
2315000054150000211600009216000014170000ec1700001d1800003a1800000e1b0000751c0000331d0000871f0000
aa2200005923000091240000a7240000da240000f2240000642500006d2500009e260000bc260000b927000059280000
7a2800001c2900006f2a0000f52a0000752c0000d12c0000da2c00004a2d0000a92d0000502f0000662f0000992f0000
b12f0000c92f00005a350000633500000e3b0000084000001f05000029050000580600002d0c0000ef10000056160000
7b1b0000ca1b00000b1c0000181c0000cb200000152100000825000087280000df280000832b0000d62c0000382d0000
822e0000a32e00001e2f0000472f0000d62f0000ea2f0000ca31000080320000cb3e000030410000440600006c0b0000
a40d0000de12000021150000fb1a0000361b00006d1c0000fb1c0000a4220000b3270000502800007b000000bf000000
e3010000810200004d030000890500001306000076070000b1090000e1090000880b0000c71a0000af2700004f280000
5d000000be000000e60100003302000057030000a703000077040000780400008e050000a7050000a9050000b6050000
d70500002c060000350600005c0600007206000084060000ff070000190800004808000051080000b4090000ca090000
2e0a0000430a0000920b0000560c0000f20c00007d0d000053110000cb120000e0140000051800001d1800001f180000
501800006318000090180000d1190000d91900005f1a0000e21b0000ad200000fb2000001b21000091240000af240000
b9270000592800007a2800001c290000272a0000302a00006f2a0000732a0000352b0000912b0000f82b0000162c0000
752c0000852c0000da2c0000f02c0000902e0000042f0000242f0000502f00006e2f0000c92f00005e33000067330000
0e3b0000834100005b0e00008a0f0000af150000681b00007f1b0000b6200000383100004b3100006031000075310000
773100009b310000df310000e43100006a3200000c330000493c0000873c00007f3d0000a23d00003a3e00006b3e0000
571300009c130000e91300001f1400002314000043170000b91c0000c91c000000220000a5290000470a0000a50a0000
dc0a0000ea0a0000180b0000501700009d170000961c0000e3210000a1290000d5290000b20300003804000086040000
94040000460a0000a80a0000df0a0000e60a0000fb0a00004f0e00007e0f0000471300007113000096130000cf130000
d91300001e140000c31500002e1600004c170000a0170000fb190000fd1900001d1a00002d1a0000311a0000381a0000
ed210000d4230000092400002d2400003b240000ab290000ca290000fc2c0000e02d0000262e000096330000a3330000
1d3400009d34000044350000e73500001339000080390000d2390000f93a0000e03e00002c3f00005a3f000046400000
7d400000ba40000027410000644100006b410000ea1c0000ca210000590a0000bd0a0000180b0000570b00005b0b0000
501700009d170000961c0000ea1c0000ca210000e3210000a1290000d52900006313000025140000fb1900009f1b0000
bd1c0000d41c0000ed1c000073200000cd2100000c220000b82e0000332f00006034000068390000353a0000b53f0000
f43f00004640000073010000210300009108000013090000a30a0000500b0000260d0000a10d0000bb100000e4100000
05110000061100003412000083130000ee130000381500003c150000581700006d170000df1a0000061c0000aa1c0000
2a2000004220000040210000fd210000152200008f270000a828000085290000ac000000730200002403000086060000
c2060000fe0600000207000015070000f708000016090000650a00000f0b0000530b0000d60c00004f0d00000f120000
53130000a81300008b150000751600009a170000b91a00008d1c0000f51f0000fc1f0000bf210000c62100008b270000
92270000a6280000b1280000832900008829000018000000e9000000a9010000b40100003c02000047020000dd020000
350d00007d150000062700000927000017000000b4000000e0000000ec000000020100004301000082010000ac010000
b1010000fa0100008f020000a6020000ed020000f90200002d0300007f0300007d05000044060000a3070000b2070000
ee07000063090000b20900006c0b00008c0b0000ba0b0000b70c0000030d0000060d00003b0d0000470d0000630d0000
650d0000b20d0000d50d0000210e0000fe0f00005b1000007011000047140000501400005f1400003d15000080150000
86150000b01600004418000045180000571800002b1b0000f21c0000d11f0000e91f000052200000552000002d220000
3022000080220000ea220000ed220000172700001d2700002e2700006c27000050280000e6280000d5010000c9080000
d30a000063150000e4160000821700009e0100005715000003000000df0200000b0000003400000092020000e9020000
3003000073050000330800006f0b0000051500006b1500008f150000a6170000a4000000d50100007302000024030000
8d060000c6060000150700004407000046070000c9080000f708000016090000570a0000d30a00000f0b0000530b0000
cc0c00004f0d00000f12000028130000a8130000121500001b150000631500008b15000075160000e416000039170000
4f170000821700009a170000b91a00008d1c00008b27000092270000a6280000b1280000832900008829000024000000
f70000009e0100003c02000047020000dd020000e3020000e7020000350d0000571500007d1500000627000009270000
d800000006010000b9010000e10100008f0200002d030000af0900006c0b0000880d00008e0d0000d80d000034100000
a41100002f1500005d150000661500001b170000021b0000fb1c0000891d0000362200002f2300006d23000012000000
2f00000072000000b7000000f0000000f80100000302000092020000e2020000300300008a0500004606000076070000
650900006f0b0000880b0000bc0b0000690c00001d1500006b1500008f150000a61700007c220000832200009a030000
d5030000ef0300000a040000540400006d04000074040000f70400001f0500002905000066050000580600009a060000
e0060000070700000f07000062070000d40700005b090000aa0900002d0c0000470c0000680e0000480f00006c0f0000
ab0f000015100000951000009c100000ca1000000a1100001e110000281100004c1100007c110000ce140000df150000
251600002d1600005616000079160000b616000010170000d1180000d5180000251d0000712000007d200000df200000
e42000000021000037210000642100007022000077220000082500000a2500002a2500003a2500003e25000045250000
87280000c8280000df2800000e290000462a0000d52a0000da2a0000d62c0000382d00006e2d0000e72d0000092f0000
312f0000d62f0000ea2f00000a3000002e3000003e3000006c300000c9300000d1300000ff3000001731000021310000
893100003c3200008032000082320000a6320000b6320000ba320000c2320000f232000087330000233400003d340000
9c3400003b350000de350000e8380000f9380000d6390000cb3e0000023f00003f3f0000ac3f0000e93f0000f03f0000
5b400000a7400000d54000003e00000054010000cc010000e4010000510300007d05000044060000a3070000b2070000
ee07000063090000b20900006c0b00008c0b0000ba0b0000800c0000b20c00002c0d0000dd0d0000180e0000300e0000
fe0f00005b1000007011000047140000501400005f1400002115000087150000b0160000f21c00000e2000002d220000
30220000a4220000a8220000122300003a230000452300007823000077270000b327000050280000e6280000bb000000
1303000073050000330800006f0b0000a6170000d4220000b02300005d000000be000000580100001b02000033020000
16030000a7030000150500001b0500008e050000a7050000a90500002c060000540600005c06000084060000b6070000
05080000360800008708000099090000ca0900002e0a0000430a0000770a00007f0b0000cd0b00000e0c0000170c0000
520c0000560c00009e0c0000e40d000003110000301100006e1300001b1400003f1400006d1400002116000091160000
a9160000b816000057170000c1170000e91700001d1800007c180000871f00008c1f0000aa220000d722000019230000
5923000064230000b323000091240000a8240000f5240000642500006d250000552600009e260000a3260000bc260000
f02600006f2a0000e32b0000752c0000d22c0000da2c0000502f0000672f0000b42f0000bd330000753400005a350000
633500009c3a00000e3b00003c3b00002c3d0000084000000f4000009108000013090000a30a0000500b00009b0c0000
170d0000990d0000e60d0000e70d0000bb100000e410000005110000061100003412000057130000831300009c130000
e9130000ee1300001f14000023140000fe14000043170000581700006d170000db1a0000f41a0000061c0000aa1c0000
b91c0000c91c00002220000040210000fd21000000220000152200005a270000a828000085290000a52900006c3b0000
1c3c0000933c0000f63c0000fb3c0000303d0000343d0000253e0000633e0000743e00005f00000036010000c0010000
c40100006a02000086060000c2060000fe0600000207000015070000f708000016090000470a0000650a0000a50a0000
dc0a0000ea0a00000f0b0000180b0000530b00000f12000053130000a813000001150000831500007516000050170000
9a1700009d170000b01a00008d1c0000961c000007200000bf210000c6210000e32100005827000063270000a6280000
b12800008329000088290000a1290000d5290000203b00006e3b0000a53b0000b33b0000da3b0000e33b00001f3c0000
ad3c0000d33d0000703e0000773e0000c9080000d30a0000e416000082170000221b0000ea1c0000e01f0000ca210000
9c3b0000bb3d0000660000003a0100006a020000080300000a0300008d060000c6060000150700004407000046070000
c9080000f708000016090000570a0000590a0000bd0a0000d30a00000f0b0000180b0000530b0000570b00005b0b0000
0f12000028130000a8130000011500008315000075160000e4160000391700004f17000050170000821700009a170000
9d170000b01a0000221b00008d1c0000961c0000ea1c0000e01f000007200000ca210000e32100005827000063270000
a6280000b12800008329000088290000a1290000d52900002c3b0000863b00009c3b0000da3b0000e33b00001f3c0000
233c0000273c0000ad3c0000bb3d0000d33d0000703e0000773e00007c04000092040000e4050000c30900002d0c0000
40100000b11000000e110000031600000b1600009916000022170000011c0000111c0000181c00002821000053210000
08250000272b0000832b0000922c0000042d0000892d00000b2e000003310000c4310000ca310000313200004e320000
803200008834000011390000e6390000cb3e0000304100006f410000af0900006c0b0000ec0c0000eb0d000034100000
a41100001b170000e51a00001e1b0000361b0000fb1c0000d41f00005b20000036220000a42200004b0000007b000000
84010000fb0200004d030000810300008a0500004606000076070000650900006f0b0000880b0000bc0b0000a6170000
d4220000b0230000470000005d0000008e010000fe0200005703000076030000a7030000150500001b05000086050000
4906000084060000e1070000190800003d08000048080000510800008708000045090000470900006f090000fe090000
160a00001a0a00002e0a0000430a0000770a0000790b0000920b0000b10b0000d20b00009e0c0000e40d0000db0f0000
481000006e100000031100006e1300001b1400002116000000170000241700002c17000057170000b0170000d1170000
fd170000051800003a18000078180000901800009b1800005f1a00006a1a0000c9220000ba230000c12500003c260000
eb290000022a0000272a0000302a0000f52a0000cb2b0000f82b0000fd2b0000162c00004a2c00004a2d0000a92d0000
563300005e33000067330000bd350000ab380000cf380000d3380000c3390000833a00000e3b00003c3b00002c3d0000
834100008a410000a104000002050000cf060000f20600006b070000e80f0000e8100000ef10000097120000c5140000
d61400007e160000e5180000b01b0000ca1b0000691c00002c1d0000321e000053210000e22300001f2500002e250000
49250000582a0000272b0000f02b0000572d0000c92d0000822e0000a32e00001c300000753000008e300000a1300000
b7300000de300000ef3000005e310000643100008e310000af3100001b320000213200002a3200004e32000071320000
983200009a320000aa320000c632000060390000323a0000823c0000413e0000143f0000573f0000be3f000071400000
ed4000006f41000009010000880100006a030000b005000069090000800a0000c90a00003f0b0000a50b00001a0d0000
8f0d0000a40d000035100000de120000e5130000f6130000351400005e140000931500008e170000aa170000011d0000
431f0000541f0000761f00005b2000002322000036220000f3220000f7220000202300007f230000340300006f230000
2801000037030000760300005e0600001a0a00002f0b0000430b0000740b0000b10b0000960d000088180000f81c0000
0a1d00000e1d0000301d0000711f0000781f0000f92200007223000083230000db24000089260000eb290000672a0000
dc2c00002f2d0000f72e00009a2f00007b350000d338000025390000723a0000d03a0000403b0000ed3c000086410000
b9060000cb06000030070000ca0c0000db0c0000270d0000770d0000780d00007b0d0000e3100000e610000022120000
251200002613000060130000c7130000d81300006d160000151800004c180000811800009b190000031a0000291a0000
4c1a0000e01a0000e31a00000c1b0000401c0000ab1c0000bc1c0000d71c00000d180000091b00008d020000fe1a0000
dc00000090020000a20200002b060000f9090000890c0000620d00006e0d0000890d0000f51700001a18000068180000
85180000d61a0000011b0000041b0000051b00000d1b0000d11b0000741c0000d1000000f20000002c0100003f010000
00020000bd020000b0050000b9060000cb0600003007000069090000800a0000c90a00003f0b0000a50b00006a0c0000
e50c0000020d0000150d0000190d0000870d00008c0d0000980d00009b0d0000ae0d0000af0d0000b40d0000fc0d0000
fd0d00002f0e000035100000e3100000e61000002212000025120000de1200002613000060130000c7130000d8130000
e5130000f6130000351400005e14000046150000721500006d1600008e170000aa170000581800009b190000031a0000
291a00004c1a0000cf1a0000e41a00003c1b0000401c0000ab1c0000bc1c0000d71c0000011d0000741d0000751d0000
781d0000891d0000b21d0000431f0000541f0000761f00004a2000002322000036220000ba2200002f230000ad230000
473b0000923b00000b3c0000943c0000cd3c0000ce3c0000e13c0000f13c0000033d0000c73d0000f23d0000343e0000
f0010000b5020000541800002a1b0000af1d00007f220000f83b00002c3e0000fb060000330700003c07000044070000
9d0d00001215000065160000391700001b190000c1190000f71a0000261b0000d51b0000371c00007a1c0000c51c0000
e71c0000a51e0000a71e0000f81f0000c22100008e270000322e0000562e0000852e0000ae2e0000323000004c300000
f2300000fa31000000320000ca320000fe390000413a000063010000a1010000a9020000d0020000e30200002b060000
f9090000830d00009c0d000058150000eb1a0000d11b0000741c0000791d0000ab1d0000b31d00008e23000008270000
85000000c901000013030000ad05000083070000ea070000eb0700003008000033080000600900005b0a0000d70a0000
650b0000a10b00006c0c0000e80c0000ff0d00003013000076130000061500003d170000a6170000321f0000581f0000
7a1f0000eb1f0000d82100002c220000bc22000031230000b02300006e270000a50000006201000075010000d6010000
2a020000250300008e060000fc060000490700008308000093080000ca080000e608000017090000580a0000730a0000
ad0a0000d40a0000020b0000540b0000131500004f150000db1600003a17000075170000321800009d1e0000fd1f0000
34200000c7210000072200009327000025000000cd000000ef0000009f010000a6010000fe010000de020000f3020000
aa0d000044150000871d00000a27000004000000eb0100000c0000001300000035000000b8000000da00000023010000
f3010000f5010000060200000a0200002e02000093020000310300007405000077050000fa050000c50900009a1d0000
842200004c230000270000006700000084000000d7000000fe000000050100007e010000a3010000a7010000be010000
c80100009d020000e9020000f40200000d0300001003000066030000ad0500008e060000fc0600004907000083070000
ea070000eb07000030080000330800008308000093080000ca080000e60800001709000060090000580a00005b0a0000
730a0000ad0a0000d40a0000d70a0000020b0000540b0000650b0000a10b00008f0c0000a10c00005d0d0000bc0d0000
3013000076130000fb140000051500006b1500008f150000db1600003a1700003d17000075170000a617000041180000
4f1d00008e1d0000bb1d00009d1e0000321f0000581f00007a1f0000e51f0000e81f000051200000c7210000d8210000
072200002c220000e922000013270000552700006b2700002d3b0000363b0000763b00009d3b0000a03b0000cc3b0000
203c0000313c0000073d0000ae3d0000433e0000783e0000030000000700000038000000c90000009d0100003b020000
3e020000d9020000420300007405000077050000fa050000c5090000c30c00003b1d00005f1d0000c31d000095220000
05270000660000004801000058010000bd0100001f02000008030000d0030000c8040000c90400005e050000b6050000
d7050000d80500008d060000fb06000044070000a7070000b607000009080000c9080000120900007a09000096090000
99090000570a0000590a00005a0a0000880a0000b70a0000d30a0000d50a0000d60a0000050b00004f0b0000570b0000
620b0000ab0b0000200c0000210c00006f0c0000f20c0000110d0000680d00007d0d0000090e00002210000030110000
311100005011000053110000cb1200003313000080130000cb130000dc1300003f140000661400006d14000070140000
da140000e0140000fa1400004c150000a1160000391700003b1700003c17000078170000b0170000d1170000d2170000
2c180000f01d0000481e0000d01e0000351f0000401f0000501f00005b1f00006b1f0000841f0000961f0000e01f0000
31200000c2210000ca210000d521000011220000472200006322000066220000bf220000f22200001923000034230000
60230000ba230000af240000b224000076250000772500009c2500009d250000be250000c12500004f26000055260000
d5260000d826000050270000d9270000852c0000862c0000082d0000e72e00006e2f0000712f0000bd330000be330000
f7330000fa330000183400002a340000fd34000009350000113500006c3500006d3500009635000097350000ba350000
bd3500005d3600007a3600009036000046370000ec3700000b3900005e3a0000963a00009c3a00002c3b00009c3b0000
9e3b00001b3c0000233c0000903c0000733e0000f83e00001c3f0000623f0000743f0000db3f00000240000035400000
2900000065000000e1000000f50000004401000057010000a5010000bc010000010200001e020000f102000005030000
b50500008c060000fa06000041070000a4070000b507000008080000c80800001109000079090000aa0b00006b0c0000
e70c0000040d0000100d0000610d0000660d0000670d00007c0d0000b00d0000fe0d000021100000ca1200003e140000
65140000f9140000471500004b150000a0160000af1700002b1800008a1d00009e1d0000cf1e0000951f0000dd1f0000
3020000046220000bb220000eb22000018230000302300005f230000af2300001b2700004d2700000e00000052000000
f5010000160200009a1d0000842200004c230000060000000b0000003400000037000000b3000000c6000000d4000000
2d010000a7010000c8010000f0010000f2010000030200000d020000380200008e020000f4020000100300002c030000
3f03000073050000750500007605000090050000fd05000006060000ea07000030080000650800007b0800004b090000
cf090000d5090000750b0000bc0b0000d60b0000640c0000a60c0000cd0c0000750d0000ab0d0000f90d000045150000
a9170000ff1a00003e1d0000691d0000721d0000881d00009f1d0000a71d0000cd1d00006a1e0000b81e0000c01e0000
a11f0000c31f0000322200007f2200008322000092220000d12200002e230000562300006c230000aa23000092240000
cd2400003926000079260000132700006b2700005e2c0000a82c0000512f00008c2f00002630000093320000d4340000
ec340000fb350000373600000b380000803a0000c03a00004e3b0000cb3c00001040000036000000bb000000c9010000
13030000340300007305000075050000eb07000033080000330a00006b0a0000d70a0000650b00006f0b0000b90b0000
a90c0000ff0d0000a6170000241f00003a1f0000581f00007a1f00002c220000872200008b220000d422000031230000
6f230000b02300006e27000093000000a70000006901000023020000250200002c0200007d06000094060000fc060000
49070000e1080000e80800002f0a00005d0a0000f20a0000060b0000131500004f150000db1600003a17000075170000
0d18000032180000091b00009d1e0000fd1f000034200000c72100000722000093270000010000000a000000cf000000
a6010000ed010000ee010000020200008d020000f3020000aa0d000044150000fe1a0000871d00000a27000006000000
0b00000034000000560000006d000000b3000000df00000042010000a3010000be010000f00100008e02000092020000
a5020000b5020000e90200000d0300002c030000300300007e03000073050000750500007d06000094060000fc060000
49070000eb07000033080000e1080000e80800002f0a0000330a00005d0a00006b0a0000d70a0000f20a0000060b0000
650b00006f0b0000b90b0000910c00005d0d0000bc0d0000051500006b1500008f150000db1600003a17000075170000
a617000041180000541800002a1b0000481d00004a1d0000511d00008e1d0000af1d0000bb1d00009d1e0000241f0000
3a1f0000581f00007a1f0000e81f000051200000c7210000072200002c2200007f220000e92200001327000055270000
6b2700000f3b0000133b00003d3b0000a03b0000ba3b0000bc3b0000d03b0000f83b0000313c0000073d0000ae3d0000
2c3e0000433e0000783e0000680100007a0100007a020000a9030000be030000a2040000b2040000aa060000b7060000
c6060000d0060000f70600000907000019070000540700006c070000d5070000db070000130800008708000098080000
fe080000770a0000ba0a0000210b0000cc0c0000de0c00004f0d00009d0d0000f20d0000e90f00002c1000009a100000
a0100000d0100000031100001a1100002b1100000f120000421200009c120000d9120000281300006b130000a8130000
15140000371500006315000050160000651600007f160000a4160000e41600005717000082170000c01a0000de1a0000
f71a0000261b0000051c0000371c00009f1c0000c51c0000e71c0000241e00008d1e0000921e0000991e0000a11e0000
ab1e0000b41e000015200000412000002f210000582100007b210000dd21000014220000e3230000492400009d270000
ad280000ba290000592a0000d62a0000e62a0000282b00005b2b0000f52b0000582d00007c2d0000ca2d0000fe2d0000
193000001d300000403000005d3000007630000087300000a4300000ba300000cf300000d5300000e2300000fa300000
12310000243100008f31000098310000f5310000f6310000fe310000043200000e32000053320000563200009d320000
fa3200008833000098330000ac3300009334000050350000653900009e3900007340000097400000dd400000ef400000
564100007d410000a3000000ce000000d2000000f6000000f70000000e01000098010000d40100004d0200004e020000
1f0300006f030000b50500008c060000fa06000041070000a4070000b507000008080000c80800001109000079090000
aa0b0000ad0c0000bf0c0000220d0000350d0000360d0000830d0000840d0000c30d0000d10d0000d20d00000b0e0000
360e000021100000ca1200003e1400006514000011150000571500005815000098150000a0160000af170000eb1a0000
ec1a00005b1d00006b1d0000801d0000921d0000bf1d0000d61d0000cf1e0000951f0000f71f00006b20000046220000
03230000232700008d270000900000003b0200003e02000042030000531d0000c31d00000527000093000000a7000000
d4000000df0000002d0100004201000023020000410200004302000052020000560200005a0200007e02000045030000
7b0300009e0500001306000014060000600600007d0600009406000097060000ad060000030800000a0800000c080000
1408000059090000de090000e1090000280a0000800b0000b60b0000a60c0000af0c00005d0d0000ab0d0000f90d0000
0f0e00000d180000541800008d180000a01a0000c41a0000ff1a00002a1b0000561d00005d1d0000721d0000a31d0000
c61d0000da1d0000561e00007a1e0000f41e0000141f0000881f0000991f0000e92200006c2300000d27000016270000
2d270000a92700004f28000052280000ec2900006c2a00003d2b00005f2b00006c2c0000de2c0000be2e0000d42e0000
0730000061300000753200003933000048330000a1350000c4360000e13800004b3a00004e3b0000cb3c00008b410000
190100003101000054030000ed0300005d0400006b040000fa040000c005000066060000bd06000082090000910a0000
9c0a0000b60a0000390b00008f0b0000200d0000930d0000990d0000d50e0000260f0000420f000039100000e4100000
5c1100005e11000070120000ac120000e5120000251300009a130000e9130000ed130000f51300004014000044140000
631400006e14000083140000a5140000a3150000fd1500001d160000221600003017000096170000ba17000092180000
441a0000611a0000601c0000aa1c00000b1d0000311d00000d1e00002e1e00004b1f0000521f0000531f0000751f0000
0d2300001b2300001c2300007b230000de2400008a250000592600005d260000682a0000c92b0000fa2b00001a2c0000
e42c0000312d0000f82e00009d2f0000d333000002350000843500006836000023370000b33800000439000035390000
8f390000b2390000c7390000ea390000623a0000663a0000a03a0000a43a00005a3b0000f63c00000941000087410000
760300001a0a0000430b0000b10b0000f81c00000e1d0000781f00008323000089260000eb290000d338000025390000
723a0000d03a0000a2020000f9090000f5170000011b0000051b0000d11b000077010000b1010000fa010000b1020000
ba020000f0040000330600002d07000095080000a5090000b2090000020a0000360b00008c0b0000880d00008e0d0000
a20d0000341000008d100000841100008811000035120000ec1200005c1500001c17000057180000b9190000f1190000
5c1a0000721a00001d1b00002b1b00008a1b0000f91b00003e1c0000771c0000781c0000d01c0000f21c00007f1d0000
ae1d0000b11d0000001f0000101f0000721f0000d11f000080220000a323000095260000172700002e27000050280000
c1300000bb310000e2330000c33800001c3a0000dc3a0000023c00002d3e00007e000000d00100001b0200009b030000
b4030000ea030000780400009604000010050000150500009a0500007e0700009e070000f20700000508000019080000
380800003c0800004808000082080000720900007e090000bf090000540a0000720a0000e70a0000000b0000c60b0000
170c00004b0c00007c0c0000940c0000290e00008d0e0000721200000a130000401300004c130000661300000c140000
581400000d150000c5150000011700004d17000005180000001a0000e21d00001e1e0000291f0000601f0000671f0000
871f0000ad2000005b2100003f2200004b220000a322000041230000592300009a24000064250000712600009e260000
bc26000082270000ec280000f72800006e290000cf290000302a0000822a0000682c0000fe2c0000e12e0000592f0000
553300005e330000163500005a350000c6350000e8360000af38000015390000433900006e390000b6390000d4390000
6a3a0000b83a0000073b0000353b0000ee3e0000cf3f0000084000004940000021000000b9000000db000000f4000000
1701000024010000b2010000fd010000070200002f02000094020000ee020000fa0200003203000082050000be050000
45060000b3060000b7090000c6090000700b00009c0b0000b30d0000f0120000241800008c1d00009b1d0000041f0000
8e1f0000d21f00002c200000852200004d230000182700002f270000512800000c00000035000000f30100000a020000
74050000fa050000120000002b000000480000004a000000620000007200000043020000520200005a0200008b020000
ec020000f8020000290300007b030000a80300009f0400008705000089050000130600004306000089060000b8060000
cd06000076070000df0800004609000049090000cd090000d1090000e1090000280a0000310a0000510a0000f00a0000
6a0b00007a0b0000b60b0000d30b0000d90c000092120000a01a0000431d00004b1d0000da1d0000ec1e0000141f0000
261f0000991f0000ce2200004a260000162700002d2700004f280000ec2900003d2b00001a300000ac380000ba380000
e13800004b3a0000913a0000113b0000b93b0000470000005d000000d00100001b02000076030000a7030000da030000
7704000078040000960400008605000084060000a9070000be070000f2070000050800004509000047090000bf090000
1a0a00002e0a0000430a00004e0a0000610a0000e70a0000000b0000430b0000790b00007f0b0000b10b0000c10b0000
d20b0000e80b00000e0c0000170c0000bc0c0000290e00008a1200000a130000681300000c14000058140000f81c0000
0e1d0000f61d00001e1e0000301f0000371f0000391f0000601f0000671f0000781f0000871f0000ad2000005b210000
3f2200004b220000aa220000c9220000cb220000412300005923000083230000642500006d2500003c26000040260000
71260000892600009e260000bc26000082270000ec280000f72800006e290000cf290000eb290000822a00002e330000
f9340000163500005a35000063350000c635000057360000ab380000d3380000ed380000153900002539000043390000
76390000b6390000583a00005c3a00006a3a0000723a0000833a0000873a0000b83a0000d03a0000073b00000e3b0000
ee3e0000cf3f0000084000000f0000002d0000004600000053000000d900000007010000b2010000f4010000f6010000
fd010000050200000b0200001202000017020000a202000085050000ae050000fb050000020600007a06000001080000
b7090000f90900009c0b0000b30d0000f0120000f517000024180000011b0000051b0000d11b00008c1d00009b1d0000
041f00008e1f0000d21f00002c200000852200004d230000182700002f270000512800009d000000e0000000e4000000
f3000000fb0000001a0100001b0100003401000043010000dc010000280200004a020000570200007f02000064030000
9e030000f2030000f5030000700400007b040000a304000013050000a0050000c1050000c2050000170600006b060000
95060000ae060000c006000029070000480700004c07000058070000a3070000aa070000ac070000b8070000c5070000
c90700000b08000015080000d0080000e40800006d09000087090000c2090000df0900009e0a00009f0b0000350c0000
7f0c0000a70c0000b60c0000be0c0000290d00003d0d0000630d0000880d00008c0d00008e0d0000ac0d0000c90d0000
d90d0000dc0d0000fa0d00001f0e00002d0e0000030f0000720f0000341000005a100000b9100000bd10000097110000
e9110000211200005c120000711200008e120000b1120000b8120000cf120000d1120000de120000ff12000016130000
29130000c61300003314000041140000471400004e1400005c1400006f140000191500005c150000a415000023160000
041700001c17000035170000bb1700001218000057180000951800005b190000641a0000c51a0000cf1a0000f01a0000
021b00001d1b00002b1b00006d1c0000f21c0000fb1c00005a1d0000701d0000761d0000951d0000a51d0000d21d0000
101e0000161e0000571e00007e1e0000d21e0000d71e0000f81e00000a1f0000461f0000911f0000bb1f0000ff1f0000
382000002721000079210000ea2200001e2300006d230000fe240000a72500006926000020270000a2270000aa270000
5b280000a3280000b92800007a2900004e2a00006d2a0000942a0000a02a0000602b0000ca2b0000fe2b00002a2c0000
6e2c0000e92c0000bf2e0000d82e00005530000062300000d73000003032000076320000e2320000353300003a330000
a334000027350000a2350000d0360000b8380000303900004f390000cc390000b03a0000673b0000cc3c00008c410000
a700000043020000520200005a0200007b030000130600007d06000097060000030800000c08000059090000e1090000
280a0000b60b0000a01a00005d1d0000da1d0000f41e0000141f0000991f0000162700002d2700004f280000ec290000
3d2b00000730000048330000e13800004b3a0000a104000002050000f20600006b070000e80f0000ef100000c5140000
e5180000b01b0000ca1b00002c1d0000321e000053210000e22300002e25000049250000582a0000272b0000572d0000
c92d0000822e0000a32e000075300000a1300000b730000064310000213200002a3200004e32000071320000aa320000
c6320000823c0000413e0000143f0000be3f0000714000006f410000880100006a03000069090000c90a00003f0b0000
a50b0000a40d0000de120000f613000035140000011d0000541f0000761f00005b200000232200003622000020230000
7f230000cb06000030070000ca0c0000780d0000e61000002212000026130000c7130000151800004c1800009b190000
031a0000291a0000e01a00000c1b0000401c0000ab1c0000d71c0000f20000003f01000000020000bd020000cb060000
3007000069090000c90a00003f0b0000a50b00006a0c00008c0d00009b0d0000af0d0000fd0d0000e610000022120000
de12000026130000c7130000f613000035140000581800009b190000031a0000291a0000cf1a00003c1b0000401c0000
ab1c0000d71c0000011d0000781d0000891d0000b21d0000541f0000761f00004a2000002322000036220000ba220000
2f230000923b00000b3c0000ce3c0000033d0000f23d0000343e00008500000013030000ad05000083070000ea070000
330800005b0a0000650b0000a10b0000e80c000076130000a6170000321f00007a1f0000eb1f0000d8210000bc220000
b0230000a500000062010000d60100002a0200008e0600004907000083080000ca080000e6080000580a0000730a0000
d40a0000020b0000131500004f150000db1600003a1700007517000025000000cd0000009f010000fe010000f3020000
44150000270000006700000084000000d700000005010000a7010000c80100009d020000e90200000d03000066030000
ad0500008e0600004907000083070000ea0700003308000083080000ca080000e6080000580a00005b0a0000730a0000
d40a0000020b0000650b0000a10b0000a10c000076130000051500006b1500008f150000db1600003a17000075170000
a61700004f1d0000bb1d0000321f00007a1f0000e51f0000d82100002d3b0000363b00009d3b0000cc3b0000313c0000
ae3d000066000000580100001f02000008030000d0030000c8040000c90400005e050000b6050000d70500008d060000
44070000b607000009080000c908000099090000570a0000590a00005a0a0000b70a0000d30a0000050b0000570b0000
620b0000ab0b0000200c0000210c0000f20c00007d0d00003011000053110000cb12000080130000dc1300003f140000
6d140000e014000039170000b0170000d1170000f01d0000481e0000d01e0000351f0000501f00006b1f0000841f0000
961f0000e01f000031200000ca210000d52100001122000066220000bf2200001923000060230000ba230000af240000
76250000772500009c250000c125000055260000d5260000d8260000d9270000852c00006e2f0000bd3300002a340000
fd340000113500006c3500006d35000096350000bd3500005d36000090360000ec3700000b3900005e3a00009c3a0000
2c3b00009c3b0000233c0000f83e0000623f0000db3f000002400000354000002900000065000000e1000000f5000000
44010000a5010000bc010000010200001e020000f10200008c060000fa060000a4070000080800001109000079090000
aa0b00006b0c0000610d0000660d0000670d00002110000065140000f9140000471500004b150000a01600008a1d0000
9e1d0000951f000046220000bb220000eb220000302300005f230000680100007a020000a9030000be030000a2040000
b2040000aa060000c6060000f70600000907000019070000540700006c070000d50700001308000087080000fe080000
770a0000210b0000cc0c00004f0d0000e90f00002c100000a0100000031100002b1100000f12000028130000a8130000
371500006315000050160000a4160000e41600005717000082170000c01a0000f71a0000371c00009f1c0000c51c0000
241e00008d1e0000991e0000ab1e0000b41e00002f21000058210000e3230000492400009d270000ad280000ba290000
592a0000d62a0000282b00005b2b0000582d00007c2d0000ca2d0000fe2d000019300000403000005d30000076300000
87300000a4300000d53000002431000098310000f5310000043200000e3200005332000088330000ac33000093340000
73400000dd400000564100007d410000a3000000ce000000f7000000980100004d0200004e0200001f0300006f030000
8c060000fa060000a4070000080800001109000079090000aa0b0000bf0c0000350d0000d20d0000360e000021100000
6514000057150000a0160000eb1a00005b1d0000801d0000bf1d0000d61d0000951f0000f71f00006b20000046220000
23270000fa030000eb040000c3060000e7060000f6060000ff06000035070000d70c0000260d0000500d0000540d0000
9e0d00004a0e0000080f00000f0f00002a0f0000ef0f0000171000002d1000002f100000a3100000bb100000ce100000
e5100000ec100000f11000008c1100001012000014120000311200005413000083130000a9130000be130000e0130000
8c150000131600006616000073160000761600009b170000b3180000fc18000042190000c2190000891a0000e21a0000
271b0000621b00008c1b0000921b0000cc1b0000fd1b00007b1c0000b81c0000e81c0000971e00009b1e00009c1e0000
a61e0000f91f0000c3210000512500008f270000a8280000852900005e2d0000702d00007d2d00007f2d0000db2d0000
e92d0000ff2d0000062e0000492e0000722e0000842e0000aa2e0000363000004e300000f430000029310000d8310000
fc31000001320000cf32000048340000ff390000423a00008e3f00003c0700004407000012150000391700001b190000
f71a0000d51b0000371c0000c51c0000a71e0000322e0000562e0000852e0000ae2e0000d0020000e3020000f9090000
eb1a0000d11b0000b31d0000f200000096010000fa010000ba020000d3020000e6020000f00400003f06000047060000
2d070000bf0800006909000077090000fc090000360b00008c0b00006a0c00003b0d0000470d00008c0d0000a90d0000
cf0f00002410000028100000701100003d120000de120000e31200001e1500006c15000090150000a717000057180000
75180000201900003819000044190000f1190000cf1a0000f11a0000fa1a00002b1b00008a1b0000c51b0000d41b0000
d71b00003e1c00006c1c0000d01c0000f21c0000861d0000b11d0000b61d0000741e0000cb1e0000721f000080220000
bf2b0000c92c00003e2d0000782d00004b2e00007d2e0000872e0000023c00002d3e0000ac0000007201000073020000
1d03000024030000a4030000d8030000f90300001804000075040000a6040000b9040000200500002a050000ea050000
59060000860600009b060000e30600000207000010070000150700006707000090080000f70800000f09000016090000
5e090000d9090000650a0000a20a00000f0b00004c0b0000530b0000300c0000a5100000b4100000fe10000003110000
37150000571600005717000027190000b91a00008d1c0000141e0000871e0000a31e0000b01e0000fc1f000029200000
72200000c020000001210000102100003f210000c6210000fc2100000d2500008b2700009227000088280000a6280000
b1280000e42800008329000088290000492a0000542b0000982c0000d72c0000152d0000392d00003a2e00005d2e0000
0a2f0000192f0000322f0000422f0000d72f0000eb2f00000b30000031300000713000008a300000ef3100000a320000
85320000eb38000016390000ce3e0000694000004a4100001800000043000000e8000000b4010000e90100003c020000
47020000da020000dd0200006103000082050000be05000045060000b3060000b7090000c6090000700b00009c0b0000
cf0c0000f40c0000ca0d0000d20d0000f0120000261500003f1d0000961d0000cf1d0000041f00008e1f00001b200000
b42200000627000009270000c32700005128000003000000c90000009d01000074050000fa0500005f1d000012000000
2f0000006200000072000000b7000000cc000000d700000005010000b8010000e001000003020000380200008b020000
920200002903000030030000a80300009f0400008a0500008f050000a8050000ab050000ad050000b3050000ca050000
040600000e0600002d0600005d0600008906000076070000df080000ae090000cf090000310a0000510a0000f00a0000
6a0b00006f0b0000bc0b0000640c0000f80c0000f0110000221800004b1d0000621d0000881d0000a71d00005a1e0000
6a1e0000261f0000c31f000032220000832200002e23000092240000cd2400007d2a0000762c0000782c0000b02c0000
db2c0000512f00008c2f0000113b0000b93b00001700000042000000b4000000e4000000ee000000fa00000034010000
530100009b010000b1010000e8010000fa010000fb010000110200008f020000ed020000f5020000f902000011030000
2d0300005f0300009e030000f2030000f5030000700400007b040000a3040000130500007d05000081050000c1050000
c3050000de050000f805000001060000440600004b0600004f060000ba060000c0060000d9060000ac070000b1070000
3108000067080000dc0800002f0900004c0900007c090000b2090000b6090000d0090000d60900009e0a00006c0b0000
7c0b00008c0b0000900b00009a0b0000e10b0000f00b0000a70c0000d40c0000e60c0000f70c0000030d0000060d0000
330d00003f0d0000550d0000640d0000790d0000810d0000ac0d0000af0d0000d00d0000d80d0000fa0d0000fd0d0000
030f0000720f0000f50f0000fe0f0000031000000810000027100000301000004a100000701000004811000057110000
9f110000a4110000081200002112000023120000b7120000cf120000f612000029130000c61300003314000035140000
51140000c7140000ec140000251500002f15000048150000491500005615000023160000cc16000016170000b2170000
bd170000f21700003f18000023190000021b0000fb1c0000421d0000761d0000831d0000991d0000a11d0000d51d0000
101e0000161e0000661e00006c1e0000b91e0000d51e0000e41e0000071f0000461f00008d1f0000941f0000a51f0000
d11f00001e20000024200000f72000000e2100007221000080220000b2220000d2220000112300005e2300006d230000
ab230000ae230000c1240000f42400001b250000d32500003a2600007a260000a4260000d0260000172700001d270000
2e2700006c270000c127000050280000572800006e280000e62800004a290000092a0000092b0000492b00008c2c0000
a62c0000cd2c0000612d0000802d0000ab2d0000362e0000002f0000172f0000802f0000b32f0000bd2f000027300000
94320000d5340000f0340000fd3500004136000015380000813a0000c13a0000673b0000cc3c0000114000000b000000
34000000c6000000a7010000c80100000302000038020000730500007605000090050000fd05000006060000ea070000
7b080000cf090000bc0b0000640c0000691d0000881d0000a71d00006a1e0000c01e0000c31f00003222000083220000
2e23000092240000cd2400005e2c0000a82c0000512f00008c2f0000a400000068010000d5010000de01000073020000
ab030000b503000075040000a5040000ad040000a3050000e50500000a0600000d0600008d060000a5060000a7060000
b10600000207000010070000150700003c07000044070000670700001008000087080000c9080000d2080000f7080000
570a0000770a0000d30a0000e90a00000f0b0000b6100000fe1000000311000012150000371500003917000057170000
1b19000027190000b91a0000f71a0000d51b0000371c00008d1c0000c51c0000141e00008b1e00008f1e0000911e0000
a31e0000a71e0000b01e0000fc1f00002920000072200000c020000001210000102100003f210000c6210000fc210000
8b2700009227000088280000a6280000b1280000e42800008329000088290000492a0000542b0000712c0000932c0000
ac2c0000af2c0000ff2c0000052d0000212d0000262d0000322e00003a2e0000562e00005d2e0000852e0000ae2e0000
0a2f0000192f0000322f0000422f0000d72f0000eb2f000015300000713000007f300000f33100000a320000a7330000
694000004a410000240000009a000000c2000000ce0000009e010000b3010000b4010000e90100003c02000047020000
d0020000e30200006103000085050000ae050000fb050000020600007a06000001080000b7090000f90900009c0b0000
fc0c0000ca0d0000d20d0000f0120000eb1a0000d11b0000571d0000631d0000671d0000961d0000b31d0000cf1d0000
041f00008e1f00001b2000000627000009270000c3270000512800009a030000bc030000d5030000ef0300000a040000
2b040000540400006d040000740400008104000083040000f70400001f0500002905000066050000580600009a060000
e0060000070700000f07000062070000d40700005b090000aa0900002d0c0000470c00005f0e0000680e0000480f0000
6c0f00008b0f0000ab0f000015100000951000009c100000ca1000000a1100001e110000281100004c1100007c110000
ce140000b2150000df150000251600002b1600002d1600005616000079160000b616000010170000d1180000d5180000
251d0000ea1d0000011e0000181e00001a1e0000712000007d200000df200000e4200000002100003721000064210000
7022000077220000082500000a2500002a2500003a2500003e2500004525000087280000c8280000df2800000e290000
462a0000d52a0000da2a0000d62c0000382d00006e2d0000e72d0000092f0000312f0000d62f0000ea2f00000a300000
2e3000003e3000006c300000853000009b300000a8300000aa300000b4300000c9300000d1300000ff30000017310000
21310000353100003d3100004d310000693100006e31000078310000893100009e310000b63100001432000016320000
1f3200002432000026320000283200003c320000663200008032000082320000a6320000b6320000ba320000c2320000
f2320000113300001c33000087330000233400003d3400009c3400003b350000de350000e8380000f9380000d6390000
383c00004d3c0000503c0000663c0000693c0000713c0000883c0000703d0000a43d0000ef3d0000573e00005c3e0000
cb3e0000023f00003f3f0000ac3f0000e93f0000f03f00005b400000a7400000d54000003e00000054010000cc010000
e4010000510300007d05000044060000a3070000b2070000ee07000063090000b20900004a0a0000ab0a0000e20a0000
ed0a0000360b00006c0b00008c0b0000ba0b0000800c0000b20c00002c0d0000dd0d0000180e0000300e0000fe0f0000
5b100000701100004f13000072130000a113000002140000101400002714000047140000501400005f14000021150000
87150000b016000053170000a3170000f21c00002a1f00002e1f00004c1f00005c1f0000621f0000721f00000e200000
f72100002d22000030220000a4220000a8220000122300003a230000452300007823000077270000b327000050280000
e6280000b5290000e1290000bb0000001303000073050000330800006b0a0000650b00006f0b0000a61700003a1f0000
7a1f0000d4220000b02300005d000000be000000580100001b0200003302000016030000a7030000b703000015050000
1b0500002d0500008e050000a7050000a90500002c060000540600005c06000084060000b60700000508000036080000
8708000099090000ca0900002e0a0000430a00004e0a00006e0a0000770a0000b70a0000000b00000b0b0000680b0000
7f0b0000cd0b00000e0c0000170c0000520c0000560c00009e0c0000e40d000003110000301100006e13000074130000
1b1400002b1400003f1400006d1400002116000091160000a9160000b816000057170000c1170000e91700001d180000
7c1800000b1a0000541a0000e71d0000361e0000301f00003d1f0000501f0000671f00006d1f00007d1f0000871f0000
8c1f0000aa220000d7220000192300005923000064230000b323000091240000a8240000f5240000642500006d250000
552600009e260000a3260000bc260000f02600006f2a0000e32b0000752c0000d22c0000da2c0000012d00003c2d0000
e62e0000fb2e0000502f0000672f0000b42f0000bd33000075340000f93400005a3500006335000057360000f8360000
2a3700000b3900005e3a00009c3a00000e3b00003c3b00002c3d0000ee3e0000083f0000cf3f0000e33f000008400000
0f40000047400000ec400000a80000006a01000078010000240200002d0200002203000088060000c406000000070000
040700002d0700008808000096080000e0080000e9080000140900005e0a0000780a0000b00a0000f10a0000070b0000
510b0000d80c0000240d0000510d00007a0d0000bc100000f4100000f610000007110000111200002412000055130000
82130000aa130000d41300003b1500008d15000077160000691700009c1700000e1800003318000035180000f1190000
0e1a00000f1a00000a1b00003e1c0000d01c00009f1e0000a01e0000fa1f0000fe1f00003520000037200000c4210000
c8210000082200000a2200009027000094270000ab280000b62800008629000089290000930000002502000094060000
49070000e10800002f0a0000f20a0000131500004f150000db1600003a1700007517000001000000ee010000f3020000
441500000f0000003100000053000000b5000000dd000000f500000026010000f6010000fd0100000802000009020000
170200003102000090020000f60200002e0300008d0500004c0600007a060000b40600000108000079090000c8090000
6d0b00009c0b0000c80b00006b0c0000610d0000670d0000da0d000021100000411200001f150000281500004a150000
531500006d1500009115000013170000a81700009b1d00009d1d00008e1f00009d1f000081220000852200004d230000
4f2300001700000061000000b4000000e0000000ec00000002010000380100004301000082010000ac010000b1010000
c2010000c6010000fa0100008f020000a6020000ba020000ed020000f90200002d0300007f0300007d05000044060000
88060000c406000000070000040700002d070000a3070000b2070000ee0700008808000096080000e0080000e9080000
1409000063090000b20900004a0a00005e0a0000780a0000ab0a0000b00a0000e20a0000ed0a0000f10a0000070b0000
360b0000510b00006c0b00008c0b0000ba0b0000980c0000a00c0000b70c0000030d0000060d0000180d00003b0d0000
470d0000630d0000650d0000b20d0000c00d0000c20d0000d50d0000e80d0000210e0000fe0f00005b100000bc100000
f4100000f6100000071100007011000011120000241200004f130000551300007213000082130000a1130000aa130000
d413000002140000101400002714000047140000501400005f140000031500003d150000801500008515000086150000
77160000b016000053170000691700009c170000a3170000441800004518000057180000f11900000e1a00000f1a0000
2b1b00003e1c0000d01c0000f21c00004d1d00004e1d0000771d0000901d0000911d0000b11d00009f1e0000a01e0000
2a1f00002e1f00004c1f00005c1f0000621f0000721f0000d11f0000e91f00000c2000005220000055200000c4210000
c8210000f7210000082200000a2200002d2200003022000080220000ea220000ed220000172700001d2700002e270000
5d270000682700006c27000050280000ab280000b6280000e62800008629000089290000b5290000e1290000233b0000
3e3b0000743b0000793b0000ab3b0000b63b0000bb3b0000d13b0000023c00001d3c0000913c0000af3c0000dd3c0000
133d0000213d0000383d0000d53d00002d3e0000473e00004d3e0000753e0000793e00000b000000340000006d000000
92020000e90200000d0300003003000073050000940600004907000033080000e10800002f0a00006b0a0000f20a0000
650b00006f0b0000051500006b1500008f150000db1600003a17000075170000a6170000511d0000bb1d00003a1f0000
7a1f00000f3b0000bc3b0000313c0000ae3d0000a4000000d50100007302000024030000ad030000d6030000a8040000
bb040000260500008d0600009d060000a5060000a7060000c6060000e5060000f7060000150700004407000046070000
4e070000670700007207000010080000c9080000f7080000160900005c090000dc090000570a0000d30a00000f0b0000
530b00002e0c0000cc0c00004f0d0000e90f00002c100000aa100000111100000f12000028130000a813000012150000
1b150000631500008b150000c2150000f0150000f81500005c16000075160000e4160000061700001917000039170000
4f170000821700009a170000df170000b91a00008d1c0000891e00008b1e0000991e0000a91e0000b01e0000b61e0000
18250000612500008b27000092270000a6280000b12800008329000088290000472a0000492a0000542b0000562b0000
582d00007c2d0000ca2d0000fe2d00000d300000153000003430000057300000713000007c3000007f3000008c300000
063100009f310000f1310000f3310000023200000a3200001032000090320000df320000a7330000e938000019390000
d1390000e1390000cc3e0000713f000069400000834000004a4100005e410000240000004e0000009a000000f7000000
980100009e0100003c02000047020000dd020000e3020000e702000001030000610300008d0300008d0500004c060000
7a060000b40600000108000079090000c80900006d0b00009c0b0000c80b0000dd0c0000350d0000f10d000021100000
41120000571500007d15000013170000a8170000451d0000571d0000801d0000b71d0000cf1d0000de1d00008e1f0000
9d1f0000e0220000c42300000627000009270000420d0000e60d0000d1100000051100001012000045120000a9130000
ac130000b0130000181400001f1400002d1400002a150000581700005b1700005f17000009200000e0210000e7210000
f5210000602700002d280000ae280000bb290000be290000c22900000b3700002e3700004e370000f63700009e380000
ae3c0000b13c0000293d0000303d00009e3e00002a0100003a0100006e020000df040000b7060000c606000019070000
7d0a0000850a0000bd0a0000c30a0000220b0000230b0000281300006b1300005f150000651600008317000084170000
d71a0000371c00009f1c0000c51c0000e71c00003d200000172200001d22000064360000763600008d3600005d370000
06380000443b0000863b0000ed3b0000ea3c0000bc3d0000213e000050270000733e0000bd01000008030000fb060000
44070000d50a0000d60a0000570b0000620b00005f15000065160000391700008317000084170000d71a0000371c0000
c51c0000e71c00003d200000c2210000172200001d220000502700007a360000903600005d370000063800009e3b0000
233c0000ea3c0000bc3d0000213e0000733e0000dd000000fc000000500200008608000097080000fd0800008a0c0000
9d0c0000890d0000950d00005a150000e3160000b31a0000ee1a0000f21a0000211b0000041c00001b2700004d270000
44020000ab1a0000a5010000f1020000c808000011090000890d0000950d0000f91400005a150000e3160000ee1a0000
f21a0000211b0000041c0000dd1f00001b2700004d270000d1000000f20000000d01000096010000000200006e030000
f0040000b0050000b40500009c080000bf080000380900006909000077090000a50b0000a90b00006a0c0000e50c0000
020d0000190d00001e0d0000870d00008c0d0000910d0000a90d0000ae0d0000af0d0000b40d0000fc0d0000fd0d0000
2f0e0000cf0f00003510000037100000361200003d1200007c120000de120000e312000035140000431400005e140000
641400008c1400009d1400004615000097150000f0160000aa170000ae17000058180000cf1a0000e41a00003c1b0000
8a1b0000c51b0000641c0000011d0000041d0000201d0000891d000069200000b52100003622000044220000ba220000
0123000002230000252300002f23000081230000ad230000ec250000fd2500001f2600001b2a00000e2b0000d52b0000
3e2d00007d2e0000d9330000083600004a360000b43600003b370000e33700002d380000313800004338000067380000
f00100003f030000541800002a1b00007f22000075230000373600005f3800005f0d0000ae0d0000fc0d0000110e0000
ec2200000123000010270000172700002e27000035270000ac270000c12700005028000053280000572800006e280000
252900004a29000060290000bd2f0000c83600002d38000078380000d40000004b01000041020000520200005c020000
8702000014060000150600000109000009090000e1090000e7090000a60c000054180000a01a0000c41a00002a1b0000
b91b0000581c000075230000752e0000c8330000263600005f3800008708000098080000fe080000770a0000ba0a0000
210b00008e0c00009e0c0000960d00002e130000361300006e13000074130000e416000082170000b41a0000f31a0000
221b0000561b0000051c0000a01c0000a11c0000c61c0000c71c0000ea1c0000f01c000014220000e6360000f8360000
b9370000c5370000cd3700003c3b0000833b0000ec3b0000ed3c0000bb3d0000223e0000dd000000fc00000026010000
39010000500200006d020000b4060000c506000018070000890d00005a1500005e15000064160000d61a0000ee1a0000
361c00003c2000002800000064000000a4010000bb010000ef020000030300008b060000f90600003f070000c7080000
0d090000f8140000db1f0000192700004b2700004402000065020000100000005400000068000000a4010000bb010000
4402000065020000ef020000030300007b0600008f060000f90600003f070000ab1a0000192700004b27000027000000
8400000086000000d7000000fe000000050100007e010000a3010000a7010000c8010000ca0100009d020000e9020000
f4020000100300001903000066030000a80300009f040000ad050000b3050000ca050000830700008407000093070000
ea070000eb070000ec070000f50700003008000033080000390800003f08000078080000d70800002109000060090000
7509000089090000a10b0000a80b0000010c0000700c0000f80c00005d0d00000f0e0000d0110000f011000005150000
071500006b1500008f15000088160000c7160000a6170000ad170000c417000041180000e81f0000f11f000051200000
5e210000952100002c2200004222000056220000c0220000e922000035230000c0230000db2500000126000023260000
132700006b27000074270000782c00002b33000044330000583300006834000019350000d135000096360000c4360000
1d380000473800006b380000df0000004201000043020000560200005a0200007e02000013060000150600001e060000
de090000e7090000ed090000af0c0000a21a0000cd1a0000ff1a0000331b00001f1c0000271c00006c230000b42c0000
393300009a370000a83700002a0100003a0100006e020000df040000b7060000c6060000190700008708000098080000
fe080000770a00007d0a0000850a0000ba0a0000bd0a0000c30a0000210b0000220b0000230b00008e0c00009e0c0000
410d0000960d0000e40d0000d0100000031100000f12000042120000281300002e130000361300006b1300006e130000
74130000a8130000ab130000af130000151400001b1400002b140000291500005f15000065160000e416000057170000
5a1700005e170000821700008317000084170000b41a0000d71a0000f31a0000221b0000561b0000051c0000371c0000
9f1c0000a01c0000a11c0000c51c0000c61c0000c71c0000e71c0000ea1c0000f01c0000072000003d200000dd210000
e3210000f321000014220000172200001d2200005f2700002c280000ad280000ba290000bd290000c129000064360000
763600008d360000e6360000f83600000a3700002a3700004d3700005d370000b9370000c5370000cd370000f2370000
063800009d3800003c3b0000443b0000833b0000863b0000ec3b0000ed3b0000ad3c0000b03c0000ea3c0000ed3c0000
263d00002c3d0000bb3d0000bc3d0000213e0000223e00009d3e0000dd000000fc000000260100003901000050020000
6d020000b4060000c5060000180700008608000097080000fd0800008a0c00009d0c00003a0d0000400d0000890d0000
950d0000da0d0000e30d0000cf100000021100000e12000041120000281500005a1500005e15000064160000e3160000
b31a0000d61a0000ee1a0000f21a0000211b0000041c0000361c0000062000003c200000272700005e270000ac280000
4402000065020000ab1a0000192700004b270000d4000000df000000420100004b010000410200004302000052020000
560200005a0200005c0200007e020000870200001306000014060000150600001e0600000109000009090000de090000
e1090000e7090000ed090000a60c0000af0c00005d0d0000ab0d0000f90d00000f0e000054180000a01a0000a21a0000
c41a0000cd1a0000ff1a00002a1b0000331b0000b91b00001f1c0000271c0000581c0000e9220000ff2200006c230000
752300000d270000162700002d27000034270000a9270000bf2700004f28000052280000562800006d28000024290000
462900005e290000b42c0000752e0000bc2f000039330000c833000026360000c43600009a370000a837000029380000
5f38000077380000c908000012090000d30a00004f0b0000960d0000fa140000e41600003b1700003c17000082170000
f31a0000221b0000051c0000c61c0000c71c0000ea1c0000f01c0000e01f0000ca210000d52100001422000050270000
46370000c5370000cd370000ec3700009c3b00001b3c0000ed3c0000bb3d0000223e0000733e0000a5010000bc010000
f102000005030000fa06000041070000890d00005a1500005e15000064160000d61a0000ee1a0000361c00003c200000
1b2700004d270000100000005400000068000000a40100004402000065020000ef0200007b0600008f060000c7080000
0d090000f8140000ab1a0000db1f0000192700004b270000060000000b0000003400000037000000b3000000c6000000
df00000042010000a3010000ca010000f00100008e02000092020000a5020000e9020000190300002c03000030030000
3f0300007e03000073050000750500007605000090050000eb070000ec0700003308000039080000650800007b080000
d7080000210900004b0900006f0b00007d0b0000b90b0000c20b0000f10b0000050c0000af0c00005d0d00000f0e0000
051500006b1500008f15000088160000a6170000ad170000c417000041180000541800002a1b0000e81f000051200000
5e2100002c22000042220000562200007f2200009222000094220000da220000e92200003523000075230000c0230000
cd250000e32500000126000023260000132700006b270000742700005e2c0000393300006834000019350000d1350000
fb35000037360000c43600000b3800000f38000025380000473800005f3800006b380000d80000000101000006010000
810100009e02000067030000a0040000b4050000cb050000770900008b090000a20b0000a90b0000020c0000710c0000
fa0c0000020d0000190d00001e0d00005f0d0000600d0000650d0000880d00008d0d00008e0d0000a30d0000110e0000
120e0000350e000034100000371000003b100000d1110000f4110000591200006a120000dd120000e3120000e8120000
3b140000431400005f140000641400006c15000090150000a7170000ae170000c517000042180000e4180000d21a0000
ea1a0000031b00003f1b00002b1c0000321c0000501c0000021d0000041d0000542000002f2200004422000058220000
c1220000ec220000ed2200001f230000362300007e230000c2230000dc2500000226000027260000a12a0000b22a0000
7e2b0000792c0000842d0000d933000097360000c8360000cc360000de3600009e370000b03700001e38000048380000
6f380000270000008400000086000000d0000000f00000000c01000094010000a3010000a7010000c8010000ca010000
ff010000e9020000f402000010030000190300006d030000a8030000ef040000af050000b30500008307000084070000
93070000ea070000eb070000ec070000f50700003008000033080000390800003f080000780800009b080000bb080000
d708000021090000370900006509000075090000a40b0000a80b0000690c0000e20c0000ab0d0000f90d0000ce0f0000
7a1200000515000007150000451500009615000088160000c7160000ef160000a9170000ad170000881d0000e81f0000
f11f0000672000005e21000095210000b12100003222000042220000b9220000ff2200002e230000aa23000013270000
6b270000742700001a2a00000d2b0000d32b00003d2d00002b33000044330000583300006834000019350000d1350000
07360000493600003a370000df370000293800008e0200002c030000ff1a0000331b0000922200006c230000a8370000
0b380000060000000b0000003400000037000000b3000000c6000000d40000004b010000a7010000c8010000f0010000
f2010000030200008e020000f4020000100300002c0300003f0300004103000087030000730500007505000076050000
90050000ea070000ec070000f507000030080000390800003f080000650800007b080000290900003f0900004b090000
750b00007d0b0000bc0b0000c20b0000a60c0000ab0d0000f90d0000071500004515000096150000c7160000ef160000
a9170000ad170000ff1a0000331b0000881d0000f11f00006720000095210000b121000032220000422200007f220000
8322000092220000d1220000ff2200002e2300006c230000aa230000132700006b270000742700000a2a00001e2a0000
0d2b0000d32b00005e2c00004433000058330000c8330000d1350000fb350000373600003b360000513600003a370000
a8370000df3700000b3800002938000037010000c1010000450400008b040000c3060000ff060000a60a0000aa0a0000
dd0a0000e10a0000170d00009a0d00003a0f0000bb100000e51000001012000014120000311200005413000083130000
9c130000a0130000a9130000be130000e0130000ef130000f11300006015000084150000071600003116000066160000
7616000086170000881700009b1700009e170000a2170000da1a0000b31c0000b71c0000b81c0000e81c000009200000
0a200000a9200000c3210000e7210000eb210000f5210000f62100005a270000a828000085290000a5290000b3290000
6f3600007c36000007370000263700005e37000062370000be370000f6370000fa370000953800006f3b0000a63b0000
933c0000ae3c0000c33c0000eb3c0000fc3c0000bf3d0000d43d0000743e00000803000044070000570b0000620b0000
39170000371c0000c51c00003d200000172200001d2200009036000006380000233c0000213e0000f102000011090000
f9140000ee1a0000f21a0000041c0000f200000096010000fa010000e6020000000300005f0300001e05000047060000
4b060000bf0800001a0900002f09000069090000770900008c0b00009a0b00006a0c00003b0d0000470d00008c0d0000
a90d0000cf0f00007011000073110000771100003d120000de120000e31200001e1500006c15000090150000fc160000
a7170000ae170000c517000057180000cf1a0000f11a0000fa1a00002b1b00007a1b0000c51b00006c1c00006f1c0000
701c0000f21c0000f91c0000191d0000132000003b200000a1210000ad210000802200007d230000c22300001b260000
27260000092a00003e2d00007d2e0000de3300002f36000041360000dd370000633800006f3800005f000000c4010000
6a020000ce0300008f04000086060000020700001507000090080000f70800000f09000016090000470a0000500a0000
650a0000a20a0000ea0a0000eb0a00000f0b0000180b00001e0b00004c0b0000530b00009a0c0000e40d0000750e0000
03110000561300005a1300001b1400002b140000fd14000001150000b9150000be150000421700004617000050170000
5117000057170000b01a00008d1c0000961c00009c1c000021200000bc2000003f210000c6210000fc210000ff210000
032200005827000063270000a6280000b12800008329000088290000a1290000b1290000d5290000db2900005b360000
8036000089360000f03600002a370000473700004c370000b5370000fe37000091380000a5380000203b00006b3b0000
b33b0000da3b0000e33b0000183c00001f3c00002c3d0000623e0000703e0000773e00002000000069000000ed000000
35010000b6010000450200004c02000066020000f0020000f2020000040300000603000090060000c106000011070000
4007000042070000d1080000f9080000da0d00004112000028150000ac1a0000de1f00001f200000202000003e210000
1a2700001c2700004c2700004e2700009d2800009e2800001000000054000000a4010000bb0100007b060000f9060000
120000002f0000004c0000007200000081000000b7000000d700000005010000b8010000e0010000030200008b020000
92020000290300003003000087030000aa030000720400008a0500008b050000ad050000b3050000ca05000076070000
7a0700008e0700006b080000740800003f0900004d090000ae090000b5090000b90900006a0b00006f0b00007b0b0000
7d0b0000bc0b0000c20b0000ef0b0000f10b0000f80c0000f0110000881d0000d71f0000672000008d210000b1210000
322200004222000083220000b0220000da2200002e230000cf250000e32500000a2a00000d2b0000782c000026330000
0136000051360000d1370000df370000113800002538000066000000c40100006a02000008030000d00300008f040000
8d06000002070000150700004407000087080000c9080000d2080000f7080000570a0000590a00005a0a0000770a0000
d30a0000e90a0000ea0a0000eb0a00000f0b0000180b00001e0b0000570b0000620b00009e0c0000e40d000003110000
6e130000741300001b1400002b1400003917000057170000b01a0000371c00008d1c0000961c00009c1c0000c51c0000
e01f0000e21f0000212000003d20000086200000bc2000003f210000c6210000ca210000ce210000d5210000d7210000
fc210000ff21000003220000172200001d2200005827000063270000a6280000b12800008329000088290000a1290000
b1290000d5290000db2900005d360000803600008936000090360000f83600002a370000b5370000ec370000f0370000
fe3700000638000091380000a53800002c3b00003c3b00009c3b0000b23b0000b33b0000da3b0000e33b0000233c0000
2c3d0000213e0000623e0000703e0000773e00002900000065000000dd00000026010000a5010000b6010000bc010000
c3010000450200004c02000066020000f10200008c060000b4060000fa0600000107000011070000d1080000f9080000
11090000da0d000041120000f914000028150000ac1a0000ee1a0000f21a0000041c0000de1f00001f20000020200000
3e2100001a2700001c2700004c2700004e2700009d2800009e2800001700000042000000b4000000e4000000ee000000
fa0000001e0100005201000053010000b1010000e8010000fa010000fb0100008f020000ed020000f5020000f9020000
110300002d0300005f030000600300009e030000eb030000010400007b040000ec04000013050000160500007d050000
81050000c3050000c5050000440600004b0600004f060000ac070000b0070000b1070000b4070000cf07000031080000
3a0800004008000067080000a5080000b4080000dc0800002f090000330900004c090000b2090000b60900006c0b0000
7c0b00008c0b0000900b00009a0b00009b0b0000f00b0000a70c0000ba0c0000e60c0000030d0000060d0000330d0000
3f0d0000550d0000640d0000ac0d0000af0d0000d80d0000f00d0000fa0d0000fd0d0000260e0000d10e0000470f0000
fe0f000003100000081000003b110000a4110000a9110000ec1100000812000050120000621200007d120000b7120000
bc120000be1200003314000035140000421400004314000051140000551400008b1400008c1400000b15000025150000
2f15000048150000491500009f150000a81500000e1600001416000094160000c8160000cc160000f3160000f9160000
b2170000b6170000bd170000bf170000021b00003b1b00004c1c0000fb1c0000001d0000d11f0000042000001e200000
2420000027200000af200000f720000072210000742100007521000099210000a721000080220000b2220000d2220000
0f23000011230000252300006d230000ab230000ae230000d3250000ef250000fd250000172700001d2700002e270000
6c2700007c270000c127000050280000572800006e280000e6280000ed280000022900003e2900004a290000092a0000
1f2a0000ae2a0000772b0000d42b0000d62b0000cd2c0000612d0000002f0000bd2f00004033000059330000c9330000
6c34000025350000d2350000fd350000113600004136000045360000d63600003e37000044370000ac370000d5370000
1538000035380000433800000b00000034000000c6000000a7010000c801000003020000870300007305000076050000
90050000ea070000ec070000f50700007b0800003f090000bc0b0000c20b0000881d0000f11f00006720000095210000
b12100003222000042220000832200002e2300000a2a00000d2b00005e2c00004433000051360000df370000e60d0000
0511000010120000a91300001f1400002d1400005817000009200000e7210000f5210000602700002d280000ae280000
bb290000be290000c22900002e370000f63700009e380000ae3c0000303d00009e3e00003a0100006e020000df040000
c606000019070000bd0a0000c30a0000220b0000230b000028130000371c00009f1c0000c51c00003d20000017220000
1d220000763600008d36000006380000863b0000ed3b0000213e0000fc0000005002000097080000fd0800008a0c0000
b31a0000ee1a0000f21a0000041c0000f200000096010000000200006e030000f0040000bf0800003809000069090000
77090000a50b0000a90b00006a0c00008c0d0000a90d0000af0d0000fd0d0000cf0f00003d120000de120000e3120000
35140000431400008c14000058180000cf1a00003c1b00008a1b0000c51b0000011d0000041d0000201d0000891d0000
69200000b52100003622000044220000ba220000252300002f23000081230000fd2500001f2600001b2a00000e2b0000
3e2d00007d2e00004a360000e3370000433800006738000087080000fe080000770a0000210b00009e0c00006e130000
74130000e416000082170000b41a0000221b0000561b0000a01c0000a11c0000ea1c0000f01c0000f8360000b9370000
cd3700003c3b0000ec3b0000bb3d0000dd00000026010000500200006d020000b4060000180700005a1500005e150000
641600002800000064000000a4010000bb010000ef0200008b060000f90600000d090000f81400002700000084000000
86000000d700000005010000a7010000c80100009d020000e90200001903000066030000a80300009f040000ad050000
b3050000ca050000830700008407000093070000ea070000ec070000f507000033080000390800007808000021090000
a10b0000a80b0000010c0000f80c0000f0110000051500006b1500008f15000088160000a6170000ad170000c4170000
f11f000095210000c0220000c0230000db25000023260000782c00002b33000044330000683400001d3800006b380000
3a0100006e020000df040000c60600001907000087080000fe080000770a0000bd0a0000c30a0000210b0000220b0000
230b00009e0c0000e40d0000031100000f120000281300006e13000074130000a81300001b1400002b140000e4160000
5717000082170000b41a0000221b0000561b0000371c00009f1c0000a01c0000a11c0000c51c0000ea1c0000f01c0000
072000003d200000e3210000f3210000172200001d2200005f2700002c280000ad280000ba290000bd290000c1290000
763600008d360000f83600002a370000b9370000cd370000f2370000063800009d3800003c3b0000863b0000ec3b0000
ed3b0000ad3c00002c3d0000bb3d0000213e00009d3e0000dd000000fc00000026010000500200006d020000b4060000
1807000097080000fd0800008a0c00003a0d0000400d0000da0d0000cf10000041120000281500005a1500005e150000
64160000b31a0000ee1a0000f21a0000041c0000272700005e270000ac280000d8000000060100009e02000067030000
a0040000b4050000cb050000a20b0000a90b0000020c0000fa0c0000650d0000880d00008e0d0000350e000034100000
371000003b100000f41100006a1200005f140000641400006c15000090150000a7170000ae170000c5170000e4180000
ea1a0000031b00003f1b0000321c0000501c0000021d0000041d0000c1220000ed2200007e230000c2230000dc250000
27260000a12a00007e2b0000792c0000842d0000de360000b03700001e3800006f380000270000008400000086000000
f000000094010000a7010000c8010000ff010000e9020000190300006d030000a8030000ef0400008307000084070000
93070000ea070000ec070000f5070000330800003908000078080000bb08000021090000370900006509000075090000
a40b0000a80b0000690c0000ce0f00000515000088160000881d0000f11f00006720000095210000b121000032220000
42220000b92200002e2300001a2a00000d2b00003d2d00002b330000443300006834000049360000df370000e4000000
f300000052010000970100004a0200006002000009040000c40400001706000019060000ac070000b0070000b4080000
c3080000020900006d090000780900007f0c0000a70c0000880d00008e0d0000d60f000034100000371000003b100000
3b1100005c1500006915000002160000e91600001c1700001e17000057180000c51a0000ea1a00001d1b00002b1b0000
dd1b0000321c0000591c0000f21c0000f91c0000191d00007d2300001b260000452d0000842d00008b2e0000c9330000
2736000063380000172700002e270000c127000050280000572800006e2800004a290000bd2f00005202000087020000
09090000e1090000e7090000a01a0000b91b0000752e0000b1010000e8010000fa0100005f0300007b040000dc080000
2f090000b2090000b60900008c0b00009a0b0000880d00008e0d000034100000371000003b1000005c15000069150000
02160000e91600001c1700001e17000057180000ea1a00001d1b00002b1b0000dd1b0000321c0000f21c0000f91c0000
191d0000d11f0000f7200000802200007d2300001b260000172700002e270000c127000050280000572800006e280000
4a290000092a0000842d00008b2e0000002f0000bd2f00004136000063380000e0000000fb0000001b01000043010000
570200007f020000fd030000cb040000c2050000c5050000d2050000a3070000aa070000c9070000df090000e8090000
ee090000b60c0000fb0c00008c0d0000a90d0000e9110000f81100003d120000de120000e3120000a61a0000cf1a0000
f01a0000fd1a0000021b00003b1b00007c1b0000c51b0000201c00003c1c00004c1c00006d1c00006f1c0000fb1c0000
001d000038200000122100006d230000772b0000802c00007d2e00001b2f00003a3300009b370000ac37000016000000
41000000b0000000b0010000e7010000f80100008b020000ec020000f8020000290300005d0300009d0300007a040000
110500007c05000080050000430600004a0600004e06000066080000db0800002b0900004a090000b1090000b5090000
6a0b00007b0b0000880b0000980b0000ef0b000024150000cb160000d01f0000f62000007c220000b0220000cf250000
162700002d270000bf2700004f280000562800006d28000046290000082a0000cc2c0000ff2e0000bc2f0000fc350000
3d36000011380000430200005a02000013060000150600001e060000cd1a0000271c0000b42c0000120000002b000000
4a0000007200000081000000c800000043020000520200005a020000870200008b020000ec020000f802000029030000
ac03000011050000890500008b0500009505000013060000150600001e060000430600004a0600004e06000076070000
7a0700008e070000740800007f08000009090000e1090000e70900006a0b00007b0b0000ef0b000024150000cb160000
a01a0000cd1a0000b91b0000271c0000b0220000cf250000162700002d270000bf2700004f280000562800006d280000
46290000632c0000b42c0000cc2c0000752e0000bc2f00002633000011380000e0000000e4000000f3000000fb000000
1b0100004301000052010000970100004a02000057020000600200007f020000fd03000009040000c4040000cb040000
c2050000c5050000d20500001706000019060000a3070000aa070000ac070000b0070000c9070000b4080000c3080000
020900006d09000078090000df090000e8090000ee0900007f0c0000a70c0000b60c0000fb0c00003d0d00005a0d0000
630d0000880d00008c0d00008e0d0000a90d0000ac0d0000d90d0000dc0d0000fa0d00001f0e0000d90e0000680f0000
d60f000034100000371000003b1000005a1000005f100000611000003b110000e9110000f81100001d1200003d120000
5c120000b8120000bc120000de120000e31200003314000042140000471400004e1400008b140000421500005c150000
6915000002160000d7160000e91600001c1700001e17000057180000a61a0000c51a0000cf1a0000ea1a0000f01a0000
fd1a0000021b00001d1b00002b1b00003b1b00007c1b0000c51b0000dd1b0000201c0000321c00003c1c00004c1c0000
591c00006d1c00006f1c0000f21c0000f91c0000fb1c0000001d0000191d0000ff1f0000382000000221000012210000
ea2200000f2300006d2300007d230000ef2500001b260000202700003d270000aa270000d12700005b2800005f280000
282900005f290000a02a0000772b0000802c0000452d0000842d00009c2d00007d2e00008b2e00000b2f00001b2f0000
3a330000c933000027360000d03600009b370000ac37000035380000633800007b38000043020000520200005a020000
8702000013060000150600001e06000009090000e1090000e7090000a01a0000cd1a0000b91b0000271c000016270000
2d270000bf2700004f280000562800006d28000046290000b42c0000752e0000bc2f00008f020000ed020000f9020000
2d03000013050000440600004b0600004f0600006c0b00007c0b0000f00b00008c0d0000a90d00003d120000de120000
e312000025150000cc160000cf1a0000f01a0000fd1a0000021b00003b1b00007c1b0000c51b00003c1c00004c1c0000
6d1c00006f1c0000fb1c0000001d00003820000012210000b22200006d230000d3250000172700002e270000c1270000
50280000572800006e2800004a290000772b0000cd2c00007d2e00001b2f0000bd2f0000ac3700001538000012000000
2b0000004a0000007200000081000000c8000000b0010000e7010000f801000043020000520200005a02000087020000
5d030000ac0300007a040000890500008b0500009505000013060000150600001e060000760700007a0700008e070000
740800007f080000db080000090900002b090000b1090000b5090000e1090000e7090000880b0000980b0000a01a0000
cd1a0000b91b0000271c0000d01f0000f62000007c220000162700002d270000bf2700004f280000562800006d280000
46290000082a0000632c0000b42c0000752e0000ff2e0000bc2f0000263300003d3600009108000013090000a30a0000
500b00009b0c0000170d0000990d0000e60d0000e70d0000760e00009b0f0000bb100000e41000000511000006110000
34120000571300005b130000831300009c130000a0130000e9130000ed130000ee1300001f140000231400002d140000
2e140000fe140000ba1500004317000047170000581700006d170000db1a0000f41a00006b1b0000811b0000061c0000
aa1c0000b91c0000bb1c0000c91c0000cb1c000022200000bd20000040210000fd210000002200000422000015220000
5a270000a828000085290000a5290000b3290000f136000007370000233700002e3700003237000048370000c1370000
c6370000ff370000953800006c3b00001c3c0000933c0000f63c0000fb3c0000303d0000343d0000253e0000633e0000
743e00005f00000036010000c0010000c40100006a020000ce030000440400008a0400008f04000086060000c2060000
fe0600000207000015070000f708000016090000470a0000500a0000650a0000a50a0000a90a0000dc0a0000e00a0000
ea0a0000eb0a00000f0b0000180b00001e0b0000530b00000f12000053130000a81300000115000083150000be150000
301600007516000050170000511700009a1700009d170000a1170000b01a00008d1c0000961c00009c1c000007200000
bf210000c6210000e3210000f32100005827000063270000a6280000b12800008329000088290000a1290000b1290000
d5290000db2900005b3600006e3600007b36000080360000893600004c37000061370000b5370000f237000091380000
a5380000203b00006e3b0000a53b0000b33b0000da3b0000e33b00001f3c0000ad3c0000d33d0000703e0000773e0000
c9080000d30a0000e416000082170000221b0000ea1c0000f01c0000e01f0000ca210000d5210000cd370000ec370000
9c3b0000bb3d0000660000003a0100006a020000080300000a030000d00300003e0500008d060000c606000015070000
4407000046070000c9080000f708000016090000570a0000590a00005a0a0000bd0a0000c30a0000d30a00000f0b0000
180b00001e0b0000530b0000570b00005b0b0000620b0000640b00000f12000028130000a81300000115000083150000
be1500003016000075160000e4160000391700004f1700005017000051170000821700009a1700009d170000a1170000
b01a0000221b00008d1c0000961c00009c1c0000ea1c0000f01c0000e01f000007200000ca210000d5210000e3210000
f32100005827000063270000a6280000b12800008329000088290000a1290000b1290000d5290000db2900005d360000
763600008936000090360000943600004c37000061370000b5370000cd370000ec370000f237000091380000a5380000
2c3b0000863b00009c3b0000da3b0000e33b00001f3c0000233c0000273c0000ad3c0000bb3d0000d33d0000703e0000
773e00002000000069000000ed000000ad010000b6010000450200004c02000066020000f20200000603000090060000
11070000420700008f080000cb080000d1080000f9080000990c00003a0d0000400d0000cf1000008115000082150000
74160000ac1a0000dc1f0000de1f00001a2700001c2700004c2700004e2700009d2800009e280000a5010000bc010000
fa0600005a1500005e150000641600001000000054000000ef0200007b0600000d090000f81400002900000065000000
fc000000a5010000bc010000450200004c02000066020000f1020000f2020000060300008c060000fa06000011070000
4207000097080000f908000011090000150900008a0c00003a0d0000400d0000cf100000f9140000001500005a150000
5e15000081150000821500006416000074160000ac1a00001a2700001c2700004c2700004e2700009d2800009e280000
1700000042000000b4000000e0000000ec00000002010000430100005601000082010000ac010000b1010000ce010000
e8010000fa0100008f020000a6020000ed020000f90200002d0300005f0300007f0300009e030000f2030000f5030000
700400007b040000a3040000130500007d05000081050000440600004b0600004f060000a3070000aa070000b2070000
b4070000c9070000ee070000f007000067080000b7080000d8080000dc0800002f0900004c0900006309000078090000
8c090000b2090000b60900006c0b00007c0b00008c0b00009a0b0000ba0b0000c30b0000f00b0000060c0000820c0000
b60c0000b70c0000030d0000060d0000330d00003b0d0000470d0000630d0000650d0000b20d0000d50d0000e10d0000
1f0e0000210e0000350e0000030f0000720f0000fe0f000003100000081000005b1000005f1000004111000070110000
7311000077110000da110000e911000008120000481200005c1200006a120000471400004e1400005014000055140000
5f1400006414000099140000251500003d15000080150000861500008915000023160000b0160000b2160000b3160000
cc160000ed160000071700004418000045180000571800002b1b0000f21c0000f91c0000191d0000101e0000161e0000
d11f0000e91f0000132000005220000055200000f72000005f210000a12100002d220000302200004322000045220000
572200005922000080220000b2220000b3220000ea220000ed220000162300003e230000472300007d230000d3250000
d7250000f5250000052600000b2600001b260000172700001d2700002e2700006c2700007c270000c127000050280000
572800006e280000e6280000ed280000022900003e2900004a290000092a0000a02a0000a12a0000cd2c0000612d0000
002f0000bd2f00003a330000cf330000de330000723400001a350000d2350000fd35000041360000a0360000bc360000
d0360000de36000015380000193800003b3800004b38000051380000633800000b00000034000000c600000092020000
e9020000190300003003000073050000760500009005000033080000390800007b080000210900006f0b00007d0b0000
f10b0000051500006b1500008f15000088160000a6170000ad170000c4170000da220000c0230000e325000023260000
5e2c000068340000253800006b380000d800000006010000b9010000e10100008f0200002d03000073040000b4050000
cb050000af090000b6090000ba0900006c0b00007c0b0000f00b0000fa0c0000880d00008e0d0000d80d0000f00d0000
34100000371000003b100000a4110000a9110000f4110000501200002f1500005d150000661500000016000094160000
1b1700001e1700001f170000ea1a0000021b0000201b00003b1b0000321c0000451c00004c1c0000fb1c0000001d0000
891d0000d81f0000692000008e210000b52100003622000044220000b22200002f2300006d230000d32500000e2b0000
772b0000792c0000842d00006c340000a6370000ac370000d2370000e337000015380000120000002f0000004c000000
7200000081000000b7000000f000000094010000f80100000302000092020000e2020000ff020000300300005d030000
87030000aa0300001d0500008a0500008b050000460600004a060000760700007a0700008e0700006b08000074080000
bb080000190900002b0900003f0900004d09000065090000750900006f0b00007d0b0000880b0000980b0000bc0b0000
c20b0000f10b0000690c0000ce0f00001d1500006b1500008f150000fb160000a6170000ad170000c41700007c220000
83220000da220000c0230000e325000023260000082a00000a2a00003d2d000026330000013600002e3600003d360000
51360000253800006b38000087280000ba280000df2800007b290000d62f0000ea2f00000f31000098320000e3320000
053300001c330000f13a0000030e0000f322000031270000b3270000502800005328000091290000e129000045010000
5b0200008102000014060000e1090000120b0000280b00006f230000280100000c02000033020000fc050000ca090000
f40a00000b0b0000d40b0000560c0000960d00002c1800005b1800006318000030190000d9190000361a00003d1a0000
e21b0000811c00005123000091240000342600006d2b0000912b0000902e0000502f0000f73300001f3a00007b3a0000
403b0000ed3c0000d03e0000083f00000b400000284100003c410000770d00003418000090270000a2270000a3280000
b628000086290000c7290000130700001a070000cd0c0000ba1a0000c11a0000091b00008e1c0000a21c0000de000000
4202000055020000fe1a0000dc000000f401000008020000780b0000c80b0000890c0000890d0000b00d0000fe0d0000
5618000059180000d61a00002c1b0000401b0000f31c0000051d00009c1d000081220000c62200004e230000fb060000
440700005b070000720700009d0d0000121500006516000039170000f71a0000261b0000371c0000c51c0000e71c0000
261d00002d1d0000f81f0000c2210000432500004a2500008e270000472a00005b2a000032300000653000007c300000
f2300000073200009d320000c0320000c7320000ad3f0000c13f00004b4000008340000063010000a1010000e3020000
3b0300008d030000780b0000c80b0000830d00009c0d000058150000eb1a0000f31c0000051d0000c71d000003230000
7323000086230000082700005f0d0000ae0d0000be0d0000fc0d0000741d0000ec22000010270000172700002e270000
5427000068270000ac2700005028000053280000a3280000b62800008629000091290000c7290000e1290000cd3c0000
0b3d0000753e0000813e0000d40000002d0100004102000052020000680200006f02000014060000130700001a070000
e1090000120b0000280b0000a60c000054180000a01a0000c41a00002a1b00008e1c0000a21c0000af1d00004e3b0000
dd3b0000f33b00002c3e000013060000de090000a90c0000a11a0000c71a00002d1b0000901c0000a61c000069010000
740200007b020000f8080000ff080000100b0000240b00005e180000cf0000003d020000510200005318000000000000
09000000eb010000890200000c000000130000007300000087000000da00000023010000f5010000160200008c020000
93020000a00200002a0300007103000077070000790700006b0b0000ac0b000000180000661800008318000003000000
07000000750000008b0000009d0100003b0200003e020000c0020000d902000077070000790700006b0b0000ac0b0000
c30c0000531d00008d220000dc2200008a23000005270000df0000004201000043020000560200005a0200007e020000
13060000f8080000ff080000de090000100b0000240b0000910c0000ae1a0000b51a0000ff1a0000151b0000901c0000
a61c00006c2300003d3b0000db3b0000ef3b0000fd3d0000450100005b020000810200001306000014060000de090000
e1090000120b0000280b0000a90c0000ff0d0000a11a0000c71a00002d1b0000901c0000a61c0000ef2200006f230000
30270000af2700004f2800005228000090290000dd29000069010000740200007b020000130700001a070000f8080000
ff080000100b0000240b0000cd0c0000750d0000321800005e180000ba1a0000c11a0000091b00008e1c0000a21c0000
8c270000a0270000a2280000b428000084290000c5290000cf000000de0000003d020000420200005102000055020000
5c0d0000aa0d000053180000fe1a00000727000015270000d4000000df0000002d010000420100004102000043020000
52020000560200005a020000680200006f0200007e0200001306000014060000130700001a070000f8080000ff080000
de090000e1090000100b0000120b0000240b0000280b0000910c0000a60c00005d0d0000ab0d0000bc0d0000f90d0000
54180000a01a0000ae1a0000b51a0000c41a0000ff1a0000151b00002a1b00008e1c0000901c0000a21c0000a61c0000
721d0000af1d0000e92200006c2300000d270000162700002d2700005327000066270000a92700004f28000052280000
a2280000b42800008429000090290000c5290000dd2900003d3b00004e3b0000db3b0000dd3b0000ef3b0000f33b0000
cb3c0000073d0000fd3d00002c3e0000713e0000803e00002c0600005c060000fa090000120a00008c0c00006f0d0000
f61700001d18000088180000f41900000b1a0000d71a0000061b00000e1b0000d21b0000751c0000d21c0000d91c0000
0f1d0000331d0000da24000086260000ed2900006f2a0000da2c0000992f000078350000cb380000cd3a0000383b0000
ea3c0000af3f0000c53f0000474000007540000086410000dc0000002501000090020000a20200002e03000073030000
6d0b0000ae0b0000620d0000890d0000950d00006818000085180000011b0000041b0000f71c0000091d0000ee220000
6e230000822300000c000000130000007300000087000000da000000f3010000f5010000060200001602000093020000
7707000079070000770b0000c40b0000870c0000001800009a1d00007d220000c42200004c230000060000000b000000
34000000560000006d000000b3000000d40000004b010000a7010000c8010000f0010000f20100000302000019020000
200200008e020000b5020000f4020000100300002c03000073050000750500007d06000094060000ea07000003080000
0a080000300800002f0a0000330a00005d0a00006b0a0000750b0000800b0000b60b0000bc0b00000f0c0000110c0000
230c0000270c0000a60c0000cd0c0000750d0000ab0d0000f90d000045150000a9170000ff1a0000481d0000881d0000
a31d0000881f0000991f0000322200007f2200008322000090220000d1220000e6220000ff2200002e23000054230000
672300006c23000094230000aa2300006525000067250000792500007d2500009f260000ab260000e0260000f8260000
132700006b2700002630000093320000c83300005b3500005d3500006f35000073350000a1350000ad35000029380000
0f3b0000133b0000ba3b0000f83b00000940000018400000d501000020030000c908000012090000d30a00004f0b0000
2e0c0000420c000063150000e416000082170000de1a0000051c0000161c00001d1c0000412000001422000001250000
182500008e270000842b00008b2b000032300000f230000014310000c8310000cf3100007932000090320000ca320000
cc3e0000fa3e00002a410000404100009e010000dc0200006d0b0000ae0b0000c70c0000840d0000130e000057150000
dd1a0000ec1a0000311b0000441b0000f71c0000091d00008e220000e02200008e230000082700000300000007000000
750000008b0000005f010000a00100003b0200003e020000c0020000df0200003a030000890300007707000079070000
770b0000c40b0000531d0000c31d000005270000060000000b00000034000000560000006d000000b3000000df000000
4201000069010000a3010000f00100008e02000092020000a5020000b5020000e90200002c030000300300003d030000
7e0300009303000073050000750500007d06000094060000eb0700001a0800002108000033080000490800004b080000
5d080000610800002f0a0000330a00005d0a00006b0a00006f0b00007a0b0000b90b0000ce0b0000af0c00005d0d0000
0f0e0000051500006b1500008f150000a6170000031800000a1800003218000041180000541800006f1800008b180000
9e1800005b1a00006d1a00002a1b0000481d0000cd1d0000e81f0000512000002c2200007f220000e922000013270000
6b270000282a00002a2a00003c2a0000402a0000f92b0000052c00003a2c0000522c0000cc3000000a31000039330000
5f330000613300007333000077330000ab340000ec340000c43600000f3b0000133b0000ba3b0000f83b000084410000
934100001a05000032050000f20600004d07000062070000e80f0000ef1000007c110000c115000005170000de170000
7d1b0000851b0000ca1b0000731c0000251d0000d02000003721000047210000452500005c250000462a0000572d0000
c92d0000822e0000a32e0000563000006c300000a1300000b4300000be30000064310000283200002c3200003c320000
44320000663200006f320000c2320000da3200003d340000d03900003e3a00008c3c00003c3e0000703f0000ac3f0000
5b40000088010000fc020000510300004706000069090000c90a0000360b00005e0b00008c0b0000a40d000070110000
de120000f6130000a71700006c1c0000f21c0000721f00007e1f00000e20000039200000f72100001b22000078230000
b4230000cb0600002d07000048070000ca0c0000510d0000e61000001112000026130000aa1300001915000050150000
dc1600004b170000761700000e180000f1190000e01a0000f91a00000a1b0000391c00003e1c0000ab1c0000cc1c0000
d01c0000f20000003f010000fa010000ba020000e60200000c03000047060000cb0600002d0700004807000069090000
c90a0000360b00005e0b00008c0b00006a0c00003b0d0000470d00008c0d00009b0d0000e61000007011000011120000
de12000026130000aa130000f61300001e1500006c15000090150000dc1600004b17000076170000a717000057180000
f1190000cf1a0000f11a0000fa1a00002b1b0000391c00003e1c00006c1c0000ab1c0000cc1c0000d01c0000f21c0000
b11d0000bd1d0000721f00007e1f00000c2000003f200000f72100001b22000080220000923b0000023c00002a3c0000
af3c0000033d0000af3d0000283e00002d3e00004b0000007b000000810300008a050000ad05000076070000ae090000
510a0000680a0000460b00006a0b00006f0b0000bc0b0000e80c000076130000261f00003a1f0000d31f000057200000
d02100001f22000032220000a0220000d422000095000000a900000062010000db010000220200002502000089060000
920600003107000083080000cf080000df080000e1080000310a00005f0a0000730a0000e40a0000f00a0000f20a0000
0f1800004b1800009a190000f2190000281a0000050000002a000000cd000000af010000ec010000ee010000a4020000
40180000120000002f000000620000006b00000072000000b7000000d700000005010000b8010000e001000003020000
8b02000092020000be02000029030000300300008a050000ad0500008906000092060000310700007607000083080000
cf080000df080000e1080000ae090000310a0000510a00005f0a0000680a0000730a0000e40a0000f00a0000f20a0000
460b00006a0b00006f0b0000bc0b0000a10c0000761300009a190000f2190000281a00004b1d0000511d0000881d0000
261f00003a1f0000e31f000048200000d02100001f22000032220000832200002e230000113b00002f3b0000363b0000
ad3b0000b93b0000bc3b0000123c0000f13d0000470000005d0000003a010000130200001b02000076030000a7030000
da03000077040000780400006905000086050000b6050000d70500000306000084060000c60600000508000045090000
47090000b8090000be0900001a0a00002e0a0000430a00004e0a0000610a0000bd0a0000c30a0000000b0000090b0000
430b0000790b00007f0b0000b10b0000d20b0000e90b00000e0c0000170c0000f20c00007d0d0000531100000f120000
cb1200002813000080130000a8130000dc130000e0140000051f0000301f0000371f0000671f00006d1f0000871f0000
8c1f0000d61f0000072000002d2000006120000080200000ad200000ec2000005c21000085210000d3210000e3210000
f32100000f220000292200003c2200004e220000aa220000c92200005923000064230000af240000642500006d250000
382600003c2600006e2600009e260000a3260000bc260000f0260000eb2900001a2b0000852c00006e2f00002a340000
f934000017350000313500003e350000543500005a350000633500005736000076360000f2370000ab380000d3380000
ed38000025390000583a00007f3a0000833a0000b53a00000e3b0000863b0000ad3c0000ee3e0000053f0000623f0000
cf3f0000e33f0000fa3f0000084000000f4000000f0000002d0000004600000053000000e1000000fc00000044010000
b2010000cf010000f4010000f6010000fd010000050200000b02000017020000a202000085050000fb0500007a060000
a4070000f10700000108000097080000f90900009c0b0000c00b00008a0c00003a0d0000400d0000660d0000cf100000
65140000f51700004318000047180000661900008c1d00009b1d00009d1d00008e1f00009d1f00003e22000085220000
c7220000eb220000402300004d2300004f230000a400000068010000d5010000de01000073020000ab030000b5030000
7504000088040000a5040000a30500000a0600008d060000a5060000a7060000b1060000eb0600000207000015070000
3c070000440700006707000070070000d5070000fc0700001008000087080000c9080000d2080000f7080000570a0000
770a0000d30a0000e90a00000f0b0000a0100000a4100000da100000031100002b110000121500003715000039170000
571700001b1900006a190000b91a0000f71a0000371c00008d1c0000c51c0000141e00008b1e00008f1e0000b01e0000
b61e0000fc1f0000292000002d2100003a2100003f2100004c21000056210000c6210000fc210000e923000035240000
8b27000092270000a6280000b12800008329000088290000492a00005d2a0000d62a00002d2b0000542b0000562b0000
712c0000ac2c0000ff2c0000212d0000322e0000562e0000153000003a300000713000007a3000007f300000d5300000
ea300000243100002a31000050310000f33100000a3200001032000036320000473200005132000088330000a5330000
a7330000c83400006940000080400000dd4000004a4100005e41000075410000240000009a000000c2000000ce000000
790100009e010000b3010000b40100003c02000047020000d0020000e3020000610300008503000085050000fb050000
7a060000a4070000f10700000108000097080000f90900009c0b0000c00b0000bf0c0000d20d0000360e0000cf100000
6514000066190000eb1a0000571d0000631d0000cf1d0000de1d00008e1f00009d1f0000ef1f0000142000001b200000
4c200000632000003e22000006270000092700002b0e00000e1300000e140000401400005a1400006e140000521f0000
1b23000059260000412700005a270000da2700004528000063280000a8280000542900005729000085290000a5290000
b3290000ce290000832a00009538000047390000ba390000623a0000a03a0000e63a0000003b0000743e000058010000
620200006a020000c9040000e50400001b06000015070000b607000099090000eb090000b70a0000180b00001e0b0000
270b000030110000551c00008d1c0000f81c00000e1d0000781f00008323000089260000bd33000089360000c0380000
0b39000022390000723a0000d03a0000e33b0000f50000004c02000054020000f908000079090000e50900006b0c0000
a71a0000ac1a0000011b0000051b0000d11b000077010000b1010000fa0100005f0300007a0300001e05000095080000
2f090000a5090000b2090000210a00008c0b00009a0b0000b50b0000880d00008e0d0000a20d0000341000008d100000
35120000ec120000411400006f1400005c1500001c170000571800001d1b00002b1b00007a1b0000f91b0000f21c0000
f91c0000081d0000151d0000191d0000dc1d0000181f00009b1f0000d11f0000802200001e2300007d23000085230000
1b260000692600008d260000172700002e27000050280000fd290000092a00003e2b0000c1300000bb31000041360000
63380000da3800004f3a0000b03a0000d43a0000c8040000a9070000be070000f7080000e6090000ea0900000f0b0000
bc0c00008a12000068130000a81a0000b01a0000411b00005c1b0000561c0000841c0000961c00009c1c0000a51c0000
e41c0000061d00006c2b00002e330000b5370000bf38000076390000223a00002f3a0000453a0000da3b0000d9000000
0701000045020000540200006102000066020000ae0500001a06000011070000561800005a1800002f1900000d000000
2c0000004500000051000000f30100000a020000a002000084050000fa05000079060000f5090000f417000012000000
2b0000004a00000072000000810000008a00000043020000520200005a0200008b020000ca020000ec020000f8020000
29030000aa03000072040000890500001306000043060000b8060000cd060000760700007a070000850700008c070000
8e070000030800000c080000210800007408000056090000e1090000090a00006a0b00007b0b0000b40b0000e30b0000
ef0b0000d90c0000921200004f1900005b1a0000711a0000a01a00005d1d0000f41e0000b0220000cc220000a1230000
cf2500004226000091260000162700002d2700004f2800001a3000002433000026330000483300009f34000011380000
893a0000d83a000058010000620200006a020000c8040000c9040000e50400001b06000015070000a9070000b6070000
be070000f708000099090000e6090000ea090000eb090000b70a00000f0b0000180b00001e0b0000270b0000bc0c0000
290e0000301100008a1200000a130000681300000c1400003f140000581400006d140000a81a0000b01a0000411b0000
5c1b0000551c0000561c0000841c00008d1c0000961c00009c1c0000a51c0000e41c0000f81c0000061d00000e1d0000
501f0000781f0000192300008323000055260000892600004027000058270000d92700004428000062280000a6280000
532900005629000083290000a1290000b1290000cd290000822a00006c2b00002e330000bd33000089360000b5370000
91380000bf380000c03800000b390000223900004339000076390000b6390000223a00002f3a0000453a00005e3a0000
723a00009c3a0000d03a0000e53a0000ff3a0000da3b0000e33b0000703e0000d9000000f50000000701000045020000
4c020000540200006102000066020000ae0500001a06000011070000f908000079090000e50900006b0c0000610d0000
670d0000b30d000021100000f012000024180000561800005a1800002f190000a71a0000ac1a0000011b0000051b0000
d11b00001a270000292700003f2700004c270000612800009d2800008f020000ed020000f90200002d03000073040000
44060000b9060000ce0600006c0b00007c0b0000b50b0000e40b0000f00b0000db0c00008c0d00002e0e0000e3100000
e710000096120000de1200001e1300005d140000001600005c1a0000721a0000cf1a0000e31a0000f01a0000021b0000
3b1b0000431b00004c1c0000681c00006d1c0000881c0000fb1c0000001d0000081d000038200000b2220000cd220000
6d230000a3230000d32500004326000095260000172700002e27000050280000842a0000732b0000772b00001b300000
ee300000ac3700001538000057390000263a00008a3a0000dc3a0000120000002b0000004a0000007200000081000000
8a00000075010000b0010000f801000043020000520200005a020000ca0200005d03000079030000aa0300001d050000
8905000013060000760700007a070000850700008c0700008e070000030800000c080000210800007408000093080000
2b09000056090000a1090000b1090000e1090000090a0000200a0000880b0000980b0000b40b00008c1000004f190000
a01a00005d1d0000da1d0000f41e0000141f0000991f0000d01f00007c220000162700002d2700004f280000fc290000
082a00003d2b0000c03000002433000026330000483300009f3400003d360000d93800004b3a0000500d00002d100000
001100000511000010120000a91300003815000058170000281900009b1e00009e270000e3270000f52700008e280000
ae280000d0280000d4280000e3280000bb2900007d2d0000ff2d00003b2e00005e2e0000dd2f0000fc2f0000fb320000
02330000cd040000c6060000f7060000190700002107000027070000cc0c0000e90f000028130000c01a0000f71a0000
4c1b0000c01b0000d51b0000f11b0000371c00009f1c0000c51c0000a71e0000582d0000ca2d00007c2e0000852e0000
a02e0000ae2e000049300000d1310000f7000000980100004e0200007502000085020000f908000079090000e5090000
eb1a0000d11b0000b31d0000f2000000960100000002000028020000370200001e050000bf080000e408000069090000
77090000ce090000a50b0000350c00005d0c00006a0c00008c0d0000a90d0000af0d0000fd0d0000cf0f00004a100000
701000003d120000de120000e3120000351400003f180000581800006018000065180000a3190000db190000cf1a0000
3c1b00007a1b0000c51b0000e91b0000141c0000011d0000891d0000a91d00006b1e0000c71f000036220000ba220000
2f230000a3240000ce240000fe240000092b0000852b0000952b00003e2d0000ab2d00007d2e0000972e0000622f0000
8d2f0000c631000076320000680100007a020000cd040000d5040000e5050000250600002007000087080000fe080000
770a0000210b0000b610000063150000e41600008217000033190000f21b0000f81b00000e1c0000932c0000bb2c0000
052d00002d2d00003e2e0000692e000048300000ab300000ce0000004d020000ae0500001a06000011070000fc0c0000
571500002f190000bb1a0000cb1a0000191b00002300000096000000c10000009d010000cc020000df02000084050000
fa05000079060000f50900005f1d00002700000084000000a0000000c4000000d700000005010000a7010000c8010000
9d020000d6020000e902000066030000aa03000072040000870500009c050000ad050000b3050000ca050000fd050000
06060000320600006d0600007e0600009e06000028070000570700008307000096070000a1070000ea0700002b080000
33080000ff090000a10b0000f80c0000f0110000051500006b1500008f150000a6170000101800002018000073180000
171900003719000043190000691d0000c01e00004a2a0000752a0000bb2b00006a2c0000782c0000a82c0000eb2c0000
2e2e00004a2e00000e30000060300000680100007a020000cd040000d5040000e505000025060000c6060000f7060000
1907000020070000210700002707000087080000fe080000770a0000210b0000cc0c00004f0d0000e90f00002c100000
b6100000fe100000031100000f12000028130000a81300003715000063150000e4160000571700008217000027190000
33190000c01a0000f71a00004c1b0000c01b0000d51b0000f11b0000f21b0000f81b00000e1c0000371c00009f1c0000
c51c0000991e0000a71e00009d270000e2270000f42700008d280000ad280000cf280000d2280000e2280000ba290000
932c0000bb2c0000052d00002d2d0000582d00007c2d0000ca2d0000fe2d00003a2e00003e2e00005d2e0000692e0000
7c2e0000852e0000a02e0000ae2e0000dc2f0000fb2f00004830000049300000ab300000d1310000f932000001330000
ce000000f7000000980100004d0200004e0200007502000085020000ae0500001a06000011070000f908000079090000
e5090000fc0c0000350d0000ca0d0000d20d000021100000f0120000571500002f190000bb1a0000cb1a0000eb1a0000
191b0000d11b0000801d0000b31d00002327000095270000bb270000612800009d280000d8000000060100009e020000
6703000073040000b4050000cb050000330600006e0600002907000058070000a20b0000fa0c0000650d0000820d0000
880d00008e0d000034100000371000003b100000f4110000d01200005f140000f41400006c1500009015000000160000
a71700001218000021180000751800003819000044190000ea1a0000031b00000b1b0000101b0000321c00003f1c0000
771c0000021d0000271d0000371d0000ed2200007e230000b1240000e1240000412500004e2a0000762a0000bf2b0000
792c0000ec2c0000842d00004b2e0000702f0000a02f000062300000be3200002700000084000000a0000000c4000000
f000000094010000a7010000c8010000ff0100002602000036020000d6020000e9020000aa0300001d05000087050000
9c050000fd050000060600007e0600009e0600008307000096070000a1070000ea0700002b08000033080000bb080000
e20800006509000075090000cd090000ff090000a40b0000310c00005c0c0000690c0000ce0f00000515000017190000
691d0000881d0000a71d00006a1e0000c01e0000c31f000032220000b92200002e230000a2240000cd240000fd240000
6a2c0000a82c00003d2d00002e2e0000612f00008c2f00000e300000743200007c04000092040000e4050000c3090000
2d0c000040100000b11000000e110000031600000b1600009916000022170000a31b0000011c0000111c0000181c0000
7a200000282100005321000008250000272b0000832b0000922c0000042d0000892d00000b2e0000033100003f310000
7a310000c4310000ca310000e0310000e7310000ed31000014320000313200004e3200005a3200007132000080320000
8834000011390000e6390000673c0000e43d0000cb3e0000304100006f410000af0900006c0b0000ec0c0000eb0d0000
34100000a41100007a1300002f1400001b170000e51a00001e1b0000361b0000c01c0000de1c0000ee1c0000fb1c0000
2a1f0000d41f00005b200000d12100002322000036220000a42200004b0000007b00000084010000fb0200004d030000
810300008a050000460600007607000065090000510a0000680a0000c50a0000320b0000460b00005d0b00006f0b0000
880b0000bc0b0000a61700003a1f00007a1f0000d4220000b0230000470000005d0000008e010000fe02000057030000
76030000a7030000da030000150500001b05000038050000860500004906000084060000e1070000190800003d080000
48080000510800008708000045090000470900006f090000fe090000160a00001a0a00002e0a0000430a00004e0a0000
610a0000770a0000cf0a00003c0b0000430b0000600b0000790b0000920b0000b10b0000d20b00009e0c0000e40d0000
db0f0000481000006e100000031100006e130000741300001b1400002b1400002116000000170000241700002c170000
57170000b0170000d1170000fd170000051800003a18000078180000901800009b180000001a0000091a0000241a0000
421a0000481a0000521a00005f1a00006a1a0000371f0000841f0000c9220000ba230000f123000085240000c1250000
3c260000eb290000022a0000272a0000302a0000f52a0000cb2b0000f82b0000fd2b0000162c00004a2c00004a2d0000
a92d0000563300005e330000673300009c330000af330000ba33000011350000bd35000057360000f83600002a370000
ab380000cf380000d3380000ed38000025390000c3390000583a0000833a00000e3b00003c3b00002c3d000049400000
774000008b400000fc400000084100000a410000834100008a41000066010000dc0100002402000085080000d0080000
e0080000750a0000e50a0000f10a00009f0d00000811000032120000e11300003915000065150000e616000059170000
891700004c1800005f1800009b190000a2190000291a0000341a000095000000a9000000250200008906000092060000
c90600002b0700003107000047070000e1080000310a00005f0a0000f20a0000c60c000024130000181500004f150000
db1600004a170000751700000c1800000f180000f0190000f2190000050000002a000000fd000000ee01000095020000
a4020000eb020000441500000f0000002d0000004600000053000000dd0000000301000026010000f40100000b020000
940200009b020000a2020000a3020000ee020000320300007403000085050000fb0500007a060000b4060000b9070000
1b08000037080000f9090000700b0000af0b0000a80c0000ad0d0000da0d0000fb0d000041120000341400000c150000
28150000471500004b1500006f150000a1150000a0160000b8170000f517000001180000671800006918000084180000
86180000561a0000571a0000a4000000d50100007302000024030000ab030000b5030000f50400002005000061050000
a30500000a0600008d060000a5060000a7060000b1060000c6060000e1060000e506000015070000380700003c070000
440700004607000052070000c9080000f708000016090000570a0000d30a00000f0b0000530b0000300c0000440c0000
cc0c00004f0d0000aa10000011110000471100000f12000028130000a8130000c1140000121500001b15000063150000
8b150000b715000012160000401600005c160000751600008f160000a4160000e4160000391700004f17000082170000
9a170000e41700001b19000053190000881a00008a1a0000b91a00008d1c00008f1e0000ab1e00000d25000016250000
312500004f250000552500005f2500008b27000092270000a6280000b12800008329000088290000712c0000ac2c0000
ff2c0000212d0000322e0000562e0000153000002f30000034300000513000005b3000007f3000008c30000006310000
9f31000004320000853200008e320000ad320000cd320000d3320000dd320000163400008534000093340000b7340000
ce3e0000fc3e0000103f0000813f00008d3f00008f3f0000240000009a000000c2000000f70000005b0100009e010000
3c02000047020000c4020000d0020000dd020000e3020000e70200001703000085050000fb0500007a060000b4060000
b90700001b08000037080000f9090000700b0000af0b0000dd0c0000350d0000f10d0000411200003414000057150000
7d150000a0160000b8170000561a0000571a0000631d0000bf1d0000b4220000d82200002623000096230000a5230000
bc2300000627000009270000d800000006010000b9010000e10100008f0200002d03000085080000d0080000e0080000
af090000750a0000e50a0000f10a00006c0b0000a30c0000880d00008e0d0000d80d0000e90d00003410000008110000
a4110000321200007a130000e11300002f1400002f1500005d15000066150000e61600001b1700005917000089170000
9b190000a2190000291a0000341a0000dc1a0000021b0000171b0000241b0000c01c0000de1c0000ee1c0000fb1c0000
4d1d0000891d00002a1f0000e41f00004a200000d121000023220000362200002f2300006d2300003a3b0000ae3b0000
bb3b0000ec3c0000403d0000c23d0000f23d0000fe3d0000120000002f000000620000006b00000072000000b7000000
f00000003d010000f80100000302000092020000b8020000be020000e20200000b030000300300008a05000046060000
8906000092060000c90600002b070000310700004707000076070000e108000065090000310a0000510a00005f0a0000
680a0000c50a0000f20a0000320b0000460b00005d0b00006f0b0000880b0000bc0b0000690c0000241300001d150000
6b1500008f150000db1600004a17000075170000a6170000f0190000f2190000511d0000bb1d00003a1f00007a1f0000
7c22000083220000113b00002f3b00008e3b0000bc3b0000fe3b0000123c0000293c0000ae3d0000db10000013110000
5d1600003c210000df27000009280000d7280000eb300000083100005131000072310000a03100005e32000000330000
14330000ca040000e5060000eb06000023070000a4100000aa10000068160000511b0000f41b0000081c0000121c0000
48210000343000003a3000004b300000f23000002a3100003a31000084310000bf310000d6310000e2310000ea310000
6701000079010000790200008608000097080000fd08000062150000e3160000dd1a0000041c00004020000066010000
770100002b020000f0040000e30500008508000095080000e7080000a50900003e0c0000270d00009f0d0000a20d0000
3f1000008d100000ae100000f3100000f610000016110000271100003212000035120000ec12000050150000dc160000
dd17000034180000351800003818000061180000a41900008a1b0000f91b0000001c00001b1c00009e1e000036200000
72220000102500003625000059250000d92a0000ea2a0000892b0000912c0000882d0000c1300000dd3000000c310000
0d31000020310000bb310000cd31000088320000b2320000d7320000fa3200008d27000071020000230200005e180000
c53100007532000009070000540700005016000068160000081c0000121c00002f21000048210000403000005d300000
f23000008431000098310000bf310000e2310000ea31000056320000fa320000d40100001f030000c808000011090000
62150000e3160000dd1a0000041c0000402000008d270000770d00003418000090270000a227000086280000a3280000
b6280000b9280000dc2800007a290000d52f00000c31000095320000e232000069010000740200007b02000022060000
f8080000ff080000f10900005e180000ed1b0000f51b0000b82c0000cc300000b7310000c5310000ca040000da040000
e5060000eb06000023070000a4100000aa10000068160000f41b0000081c0000121c000048210000343000003a300000
4b3000008c3000009c300000b0300000f230000084310000ab310000bf3100006c320000b4060000c506000018070000
cb0c0000dd0c00009c0d000064160000bf1a0000f61a0000251b0000361c0000a2000000d30100001b0300008b060000
f90600003f070000c70800000d09000010150000f31f000089270000a5000000d601000025030000a80300009f040000
8e060000a3060000b8060000c9060000cd060000ed060000fc060000050700002f070000490700004f07000069070000
9a070000f907000043080000ca08000017090000c60c0000d90c0000750d0000e60f000092120000131500004c160000
6c1600007c1600008c160000141800004b1800007f1800009a190000fd1f00002a2100004e2100006221000093270000
562a0000252b0000eb2b0000552d0000133000001a3000003c30000058300000733000007c3100008c31000033320000
4932000093320000ed320000b71a000094000000aa000000710200007b0600008f060000f90600003f07000010150000
b71a0000f31f000089270000130700001a0700001c07000024070000cd0c0000ba1a0000c11a0000091b0000bd1b0000
5c1c0000792e00002630000044300000bd320000ca040000da040000e5060000eb06000023070000a4100000aa100000
da100000111100005c16000068160000511b0000f41b0000081c0000121c00003a21000048210000de27000008280000
d6280000343000003a3000004b3000008c3000009c300000b0300000ea300000f2300000063100002a3100003a310000
5031000070310000843100009f310000ab310000bf310000d6310000e2310000ea3100005c3200006c320000ff320000
13330000670100007901000079020000b4060000c5060000180700008608000097080000fd080000cb0c0000dd0c0000
4e0d00009c0d0000f10d0000cf100000021100000e12000041120000361500006215000064160000e3160000bf1a0000
dd1a0000f61a0000251b0000041c0000361c000014200000402000009c270000ac28000071020000b71a000089270000
69010000740200007b02000022060000130700001a0700001c07000024070000f8080000ff080000f1090000cd0c0000
750d0000321800005e180000ba1a0000c11a0000091b0000bd1b0000ed1b0000f51b00005c1c00008c270000a0270000
85280000a2280000b4280000b8280000da28000076290000b82c0000792e0000d42f00002630000044300000cc300000
0a310000b7310000c531000093320000bd320000e1320000a0040000b9060000cb060000ce060000ef06000030070000
6a070000ca0c0000db0c0000270d0000770d0000780d00007b0d0000e70f0000e3100000e6100000e7100000ee100000
221200002512000096120000c4140000d51400006d1600007d160000151800004c18000081180000e41800009b190000
e01a0000e31a00000c1b0000c91b0000401c0000681c00002b1d0000502100001c2500002d25000048250000572a0000
262b0000ef2b0000562d0000812e00001b30000074300000dd300000ee3000008d3100004b3200009532000096320000
a9320000c5320000a50000006201000075010000d60100002a02000025030000a8030000ef040000e20500008e060000
a3060000fc06000005070000490700004f0700009a070000f9070000430800008308000093080000ca080000e6080000
17090000a10900003d0c00008c100000ac100000131500004f1500004c1600008c160000db160000dc17000032180000
9d1e0000fd1f0000342000002a210000622100006e2200000f250000352500005725000093270000902c000013300000
3c30000058300000c03000000a3100007c3100003332000087320000b1320000d5320000ed3200000d180000091b0000
61300000bd32000093000000a70000006901000023020000250200002c0200009e0500007d0600009406000097060000
ad060000fc06000005070000490700004f070000e1080000e8080000590900002f0c0000450c0000131500004f150000
8c160000db160000dc1700000d18000032180000091b00009d1e0000fd1f000034200000622100006e220000ff240000
132500003525000057250000932700006c2c0000073000003c3000005830000061300000cc3000000a31000075320000
773200008b320000b1320000bd320000d5320000ed32000009070000540700005016000068160000081c0000121c0000
2f21000048210000403000005d300000a4300000ba300000f230000084310000ab310000bf3100006c320000fa320000
fa060000410700009c0d00001115000064160000f61a0000251b0000361c0000f71f00008d27000094000000aa000000
d3010000710200001b0300007b0600008f060000c70800000d090000b71a00008927000093000000a7000000d6010000
23020000250300009e0500007d0600009406000097060000ad0600002a07000031070000590700006d070000f9070000
43080000ca0800001709000059090000cd0c0000750d00004c1600006c1600007c1600000d1800000f18000016180000
4b1800005e1800007f1800009a1900002a2100004e21000093270000482a00005e2a0000252b0000eb2b00006c2c0000
07300000263000006130000063300000773000007c3100008c310000c531000033320000493200007532000093320000
ed320000f10300006f040000ea0600000b0700005a0e0000d80e0000e10e0000280f0000a9100000c6100000c8100000
db100000dd100000eb100000ed100000ff1500002716000029160000691600007b160000671b0000a11b0000fe1b0000
ff1b0000131c000077200000302100003c2100003d210000d0280000d42800003930000042300000e4300000eb300000
ed300000f3300000f5300000373100004231000051310000583100005c310000853100008b310000b4310000de310000
eb31000057320000fb320000023300005407000050160000081c0000482100005d30000098310000bf310000e2310000
1f03000011090000041c0000402000007701000028020000220300001e0500005706000095080000e408000014090000
a5090000350c0000a20d00008d100000d2100000d610000035120000ec120000551600006d1600007d16000060180000
81180000a31900007a1b0000f91b0000071c00000a1c0000141c00001a20000043200000142100006e210000fe240000
852b0000ef2b0000d52c00001d2f0000c1300000e63000008d310000bb310000c631000076320000a3030000bf030000
f0030000280400007904000021050000230500002e05000030050000a9060000ab060000e90600000c07000020070000
210700005307000056070000a81000001111000051160000531600005c160000f11b0000f21b000078200000b2200000
b42000003121000044210000cf280000d1280000d2280000d82800001830000038300000433000004830000049300000
5c3000005f3000008830000098300000ab300000b9300000bc300000063100009f310000d13100004132000058320000
68320000f9320000fc32000001330000033300009e000000dd0100007502000090060000c10600001107000040070000
42070000d1080000f9080000d50c0000f10d000041120000141500001a150000bb1a0000282000003e21000095270000
a42700009d2800009e280000aa0000007b060000f9060000f31f0000a0000000ad0000002c020000aa03000072040000
a40500007e060000960600009e060000af060000b8060000cd060000030700000d070000280700002a07000057070000
5907000096070000e8080000450c0000d90c00009212000010180000161800009d1e0000f61f000034200000fe200000
6e220000ff240000352500004a2a00005e2a0000722c0000072f00000e3000001a300000603000006330000077320000
b13200009d000000700100007c010000dc01000028020000290200009e030000eb030000010400007b040000ec040000
1305000016050000a0050000ec05000095060000ae060000c4060000df06000029070000480700004a0700004c070000
5007000058070000d60700008e0800009a080000d0080000e4080000e5080000c2090000350c0000390c0000d80c0000
290d00007a0d0000f70d0000d10e0000470f000098100000af100000b9100000bd100000d5100000de100000f2100000
f310000015110000161100004b110000b21100002412000047120000b1120000cd140000171500001915000051150000
521500000e16000014160000581600008d160000dd160000de16000004170000e0170000e61700001218000036180000
381800000b1b00003f1c0000271d0000172000002b200000af2000000a21000027210000412100004221000077210000
fe240000142500002925000041250000582500005a2500009b270000a2270000a3280000a4280000b9280000c4280000
102900007a2900004e2a0000dc2a0000ea2a00006e2c00009a2c0000132f00002d300000553000005930000062300000
cd300000d73000000b3100000d31000080310000303200003f320000763200008c320000a5320000be320000d6320000
d8320000e2320000ee320000a70000002c0200007d06000097060000fc06000005070000e808000059090000450c0000
9d1e0000fd1f000034200000622100006e220000ff24000035250000073000003c30000077320000b1320000a9030000
be0300007904000082040000aa060000e5060000090700000c070000200700002107000054070000aa10000011110000
501600005c160000f11b0000f21b0000081c000078200000b2200000b42000002f210000312100004421000048210000
cf280000d1280000d2280000d82800001930000034300000403000004330000048300000493000005d30000087300000
8c300000a4300000a9300000ab30000006310000983100009f310000bf310000d1310000e23100004132000058320000
68320000f9320000fc3200000133000003330000a3000000dd010000750200001f0300008c060000b4060000fa060000
0107000011070000d1080000f908000011090000dd0c0000f10d000041120000bb1a0000041c0000f71f0000fb1f0000
28200000402000003e21000095270000a42700009d2800009e28000070010000780100007802000009040000c4040000
23060000d60700008e08000096080000fc080000a90900009410000098100000e3100000e71000006515000002160000
e61600002117000060180000a3190000e31a0000f61b0000101c0000141c0000681c0000852b0000b92c0000c8300000
cd300000ee300000c3310000c6310000a2270000a3280000b92800007a290000e23200007b020000ff080000f1090000
ed1b0000b7310000dc010000280200007b040000d0080000e4080000c2090000350c0000e3100000e710000065150000
02160000e61600002117000060180000a3190000e31a0000101c0000141c0000681c000027210000fe240000a2270000
a3280000b92800007a290000852b0000ee300000c3310000c63100003032000076320000e2320000fd030000cb040000
ba060000c8060000d5060000d90600001b07000025070000d40c0000dc0c0000a20d000048110000351200009a120000
ec120000be1a0000f91a00000b1b00007c1b0000be1b0000f91b0000391c00003f1c0000721c0000271d000046210000
412500007a2e00002230000027300000bb31000043320000be32000099000000db010000260200009d0300007a040000
110500009f05000093060000ac06000028070000470700004b07000057070000cf080000e2080000c1090000310c0000
18150000031700001018000026210000fd240000a0270000a2280000b8280000762900004a2a00006d2c000054300000
603000002f32000074320000e1320000130700001c070000c11a00005c1c000044300000a0000000a90000007b020000
ac030000110500007e060000920600009c0600009e060000130700001c07000028070000470700004b07000057070000
96070000ff0800005d090000f1090000181500000317000010180000c11a0000ed1b00005c1c0000a0270000a2280000
b8280000762900004a2a00000c3000000e300000443000005430000060300000b7310000e13200007001000078010000
78020000fd03000009040000c4040000cb04000023060000ba060000c8060000d5060000d90600001b07000025070000
d60700008e08000096080000fc080000a9090000d40c0000dc0c0000530d0000790d0000a20d0000d90e0000680f0000
9410000098100000e3100000e7100000f210000007110000091100001511000048110000131200002312000035120000
9a120000c6120000ec120000c71400003b1500006515000002160000e61600000f170000211700003618000060180000
a3190000be1a0000e31a0000f91a00000b1b00007c1b0000be1b0000f61b0000f91b0000101c0000141c0000391c0000
3f1c0000681c0000721c0000271d000032210000462100001b2500004125000098270000d127000089280000b5280000
db280000dc2a0000852b0000b92c00007a2e0000d82f00002230000027300000c8300000cd300000ee300000fe300000
0b310000bb310000c3310000c6310000373200004332000094320000be3200007b020000130700001c070000ff080000
f1090000c11a0000ed1b00005c1c0000a0270000a2280000b82800007629000044300000b7310000e132000013050000
29070000480700004c07000058070000a20d000035120000ec120000191500000417000012180000f91a00000b1b0000
7c1b0000f91b0000391c00003f1c0000721c0000271d00004621000041250000a2270000a3280000b92800007a290000
4e2a00005530000062300000bb31000043320000be320000e2320000a0000000a9000000db010000260200007b020000
ac0300007a0400007e060000920600009c0600009e060000130700001c07000096070000cf080000e2080000ff080000
5d090000c1090000f1090000310c0000c11a0000ed1b00005c1c000026210000fd240000a0270000a2280000b8280000
762900000c3000000e30000044300000b73100002f32000074320000e1320000db100000131100005d1600003c210000
df27000009280000d7280000eb3000000831000051310000a03100000033000014330000ca040000eb06000023070000
a4100000511b0000f41b0000081c0000482100003a3000004b3000002a310000bf310000d6310000e231000079010000
7902000097080000fd080000041c000040200000770100002b020000f004000095080000e7080000a50900003e0c0000
a20d00008d100000f31000001611000035120000ec1200003818000061180000a41900008a1b0000f91b00001b1c0000
9e1e000036200000722200001025000036250000ea2a0000892b0000c13000000d310000bb310000cd31000088320000
b2320000ca040000da040000e506000023070000aa10000068160000f41b0000121c0000343000004b3000008c300000
b030000084310000ab310000b406000018070000dd0c000064160000bf1a0000251b0000a20000001b0300008b060000
f90600000d090000f31f0000a500000025030000a80300009f0400008e060000a3060000b8060000cd060000fc060000
050700002f070000690700009a0700004308000017090000d90c0000921200004c1600006c1600007c16000014180000
7f180000fd1f000062210000562a0000eb2b0000133000001a3000003c300000733000007c3100008c310000ca040000
da040000e5060000eb06000023070000a4100000aa100000da100000111100005c16000068160000511b0000f41b0000
081c0000121c00003a21000048210000de27000008280000d6280000343000003a3000004b3000008c300000b0300000
ea300000063100002a31000050310000843100009f310000ab310000bf310000d6310000e2310000ff32000013330000
7901000079020000b40600001807000097080000fd080000dd0c0000f10d0000cf1000004112000064160000bf1a0000
251b0000041c000014200000402000009c270000ac280000a0040000b9060000ce060000300700006a070000db0c0000
7b0d0000e3100000e71000002512000096120000d51400006d1600007d1600001518000081180000e4180000e31a0000
0c1b0000401c0000681c00002b1d00001c25000048250000572a0000ef2b00001b30000074300000ee3000008d310000
96320000c5320000a5000000750100002a02000025030000a8030000ef0400008e060000a3060000fc06000005070000
9a0700004308000093080000e608000017090000a10900003d0c00008c1000004c1600009d1e0000fd1f000034200000
622100006e2200000f25000035250000133000003c300000c03000007c31000087320000b1320000f103000029040000
220500002f050000ea06000055070000280f0000360f0000770f0000a9100000c6100000c8100000ec100000ed100000
1311000014110000ca150000521600005d1600005f160000791b0000fd1b0000ff1b0000091c0000b3200000b5200000
ce2000004521000049210000d0280000d4280000393000005e30000099300000bb300000e4300000f4300000f5300000
08310000093100004231000062310000a0310000a7310000c0310000d831000042320000693200006d320000fb320000
02330000a3030000bf030000f00300006e040000790400002305000030050000a9060000ab060000e90600000a070000
0c070000200700002107000056070000590e0000a8100000da1000002616000028160000531600007a160000f11b0000
f21b000076200000782000002e210000312100003a210000cf280000d1280000d2280000d82800001830000038300000
413000004330000048300000493000005f30000088300000ab300000bc300000ea30000036310000503100008a310000
b3310000d13100005532000058320000f9320000fc32000001330000033300009e00000071010000d7010000dd010000
750200009006000011070000420700008f080000cb080000d1080000f9080000cf1000001a1500008a15000074160000
bb1a00001420000095270000a42700009d2800009e2800009d00000074010000da010000dc010000280200009e030000
f2030000f5030000700400007b040000a304000013050000a005000095060000ae060000ba060000cc060000d9060000
f00600002907000032070000480700004c070000580700006e070000d9070000fa07000092080000ce080000d0080000
e4080000c2090000350c0000d40c0000e00c0000290d0000790d00007b0d0000f40d0000030f0000720f0000f00f0000
691000009e100000b9100000bd100000d2100000d6100000f51000002311000048110000231200002512000044120000
b1120000c7140000d5140000191500008d15000023160000601600007716000078160000b51600000417000012180000
13180000371800004d1800004e180000601800009c1900009d190000a3190000141c0000101e0000161e00001a200000
272100002b2100004f210000512100006e210000fe2400001b2500001c2500009b270000a2270000a3280000a4280000
b9280000c4280000102900007a2900004e2a0000522a0000e22a0000292b00002f2b0000852b00006e2c00005f2d0000
a42d000027300000553000006230000078300000d3300000d7300000e63000001c31000088310000c631000030320000
343200004a3200004c320000763200009432000096320000e2320000ee3200000907000068160000121c00002f210000
40300000a430000084310000ab310000fa06000064160000251b0000f71f0000aa0000001b0300007b0600000d090000
a7000000250300007d060000970600002a070000590700004308000017090000590900004c1600006c1600007c160000
161800007f1800005e2a0000eb2b000007300000633000007c3100008c310000a9030000be0300002305000030050000
aa060000eb0600000907000020070000210700005407000056070000a4100000da100000b11500002616000028160000
5016000053160000681600007a160000f11b0000f21b0000121c00002f2100003a210000cf280000d1280000d2280000
d8280000193000003a3000004030000048300000493000005d3000005f30000087300000a4300000ab300000bc300000
ea3000002a31000050310000843100008a310000983100009d310000ab310000b3310000d1310000f9320000fc320000
0133000003330000a300000079010000750200001f030000230300008c060000fa060000110700004207000097080000
f90800001109000015090000cf1000001a1500008a1500006416000074160000bb1a0000251b0000f71f000014200000
95270000a42700009d2800009e28000073040000b9060000ce060000040700000e0700002907000058070000db0c0000
f70d0000e3100000e7100000b211000047120000961200000016000058160000671600006a16000012180000e31a0000
0b1b0000281b0000df1b00003f1c0000681c0000271d00009e1e0000fa1f000036200000ff2000007222000036250000
412500004e2a00008d2e0000082f00001b30000062300000ee30000080310000b2320000be320000a0000000ad000000
75010000260200002c0200001e030000aa0300001d050000a4050000560600007e060000960600009e060000af060000
2a070000590700009607000093080000e2080000e808000010090000a1090000310c0000450c00008c10000054160000
6c1600007c160000161800007f180000fd240000ff2400005e2a0000eb2b0000722c0000d42c00000e30000063300000
c03000008c3100007432000077320000f10400005a050000e4050000a60900003f0c0000401000008e100000b1100000
1911000028110000ed120000de1700008b1b0000991b0000fa1b0000011c00001c1c0000eb1d0000732200005c240000
11250000372500005c250000da2a0000eb2a00008a2b0000922c0000042d0000892d00000b2e0000c2300000de300000
0f31000011310000213100002c3100003f310000683100006e310000bc310000ce310000da310000e0310000e9310000
17320000233200002c32000089320000b3320000da320000f5380000ab390000703c00001a3e0000f43e0000703f0000
ec3f000095400000d54000003a410000a20b00006d0c0000ec0c00001a0d0000030e0000070e0000300e000034100000
dd120000311300007a130000ff130000101400003b1400005f140000a7170000d01a0000e51a00003d1b0000af1c0000
c01c0000e21c0000021d0000331f0000591f00007e1f00002f220000bd22000032230000b42300008500000008010000
84010000c90100001303000069030000af05000083070000ea070000eb0700003008000033080000650900005b0a0000
7f0a0000c50a0000d70a00003e0b0000650b0000a40b000006150000921500003d1700008d170000a9170000eb1f0000
57200000d82100001f22000032220000ef2200006e270000660000000b0100008e010000bd010000080300006c030000
d0030000c8040000c904000007050000b20500008d060000fb06000044070000a9070000ba070000be070000bf070000
de070000e1070000200800005a0800005b080000c9080000120900006f090000570a0000590a00005a0a0000820a0000
cf0a0000d30a0000d50a0000d60a0000410b00004f0b0000570b0000620b0000a70b0000ac0c0000bc0c0000110d0000
6f0d0000020e0000290e0000db0f0000dc0f0000481000006e10000071100000871200008a120000f112000004130000
0a1300003913000068130000fc1300000c1400003814000058140000fa14000095150000a9160000b8160000b9160000
391700003b1700003c17000090170000ac17000009180000251800003a180000481800007c1800009718000067190000
051a0000131a0000241a00002b1a0000461a0000541a0000661a0000e01f0000612000008221000085210000c2210000
ca210000d5210000292200003c220000f9220000e62300006d24000050270000d9270000392a00003a2a0000822a0000
852a0000ef2a0000f52a00001a2b00001b2b0000e02b0000e32b00002f2c0000322c00004a2d00004b2d0000a92d0000
ac2d0000cd2d0000162e00002e3300002f33000070330000713300008a3300009c330000b33300007534000076340000
973400002e3500003135000054350000783500007b3500005d3600007a3600009036000046370000ec3700003d390000
4339000076390000b63900002c3b00009c3b00009e3b00001b3c0000233c0000903c0000733e0000704000008b400000
c5400000ec4000001a4100006c410000b04100002d1b00008722000036000000bb000000450100003403000038030000
810300007305000075050000ea07000030080000330a00006b0a0000300b0000460b0000750b0000bc0b000006150000
921500003d1700008d170000a91700002d1b0000eb1f000057200000d82100001f2200003222000087220000ef220000
6e270000790b0000c90b0000d20b00004e0c00008c0c0000090e0000d71a0000301b0000411b0000e31b0000841c0000
dd1c0000e41c0000f61c0000061d0000231f0000371f00008a220000c922000051230000932400003c2600006c2b0000
8e2b0000912e0000b22e0000e02e0000522f0000fa330000223a0000453a0000583a0000833a0000383b0000ea3c0000
0b40000066010000770100002b0200008508000095080000e7080000750a0000af0a0000030b0000270d00009f0d0000
a20d0000f3100000f61000003212000035120000e1130000f213000050150000dc160000761700003418000035180000
3818000061180000a41900000f1a0000201a00003b1a00009e1e00003620000009220000a5000000d601000025030000
8e060000b8060000c9060000fc0600002f07000049070000ca08000017090000580a0000d40a0000540b0000c60c0000
d90c0000750d0000241300005e130000131500006c1600003a170000141800004b1800007f1800009a190000021a0000
281a00004a1a0000fd1f0000c72100009327000025000000d6000000fd0000009f010000a60100009c020000de020000
f30200005c0d00006a150000401800000a2700002900000065000000d9000000030100000701000083010000a5010000
bc0100009f020000f10200000503000068030000ae0500008c060000fa06000041070000a8070000b90700001f080000
c80800001109000064090000a30b0000a80c0000bb0c0000040d0000100d0000620d00006e0d0000ad0d0000b30d0000
fb0d0000280e000047100000f01200003414000057140000f91400006d15000091150000a8160000a817000008180000
241800003918000043180000471800006a1800007b1800009618000066190000651a0000dd1f00005620000031220000
ee2200001b2700004d270000230200005e180000ed0100005318000004000000890200000e0000005200000093020000
3103000000180000661800008318000093000000a7000000d601000023020000250300007d060000940600002a070000
31070000ca080000170900002f0a00005d0a0000d40a0000540b0000cd0c0000750d00006c1600000d1800000f180000
161800004b1800005e1800007f1800009a190000f2190000061a0000281a00004a1a000093270000010000000a000000
de0000009f010000ed0100008d02000091020000a4020000de0200005c0d00006a15000040180000531800000a270000
dc00000025010000f4010000080200000b02000030020000fb050000c7090000890d0000950d0000b00d00002b180000
56180000591800005a180000621800002f190000d81900009c1d00004e2300000c0000001300000035000000b8000000
da000000f50100008c02000093020000a00200003103000074050000770500002a060000f5090000870c0000f4170000
18180000661800008318000084220000680100007a0100007a020000a9030000be030000f20400005b050000e5050000
aa060000b7060000c6060000db060000e106000009070000190700003a070000540700008708000098080000fe080000
ab090000770a0000ba0a0000210b0000400c0000cc0c0000de0c00004f0d00009d0d0000f20d00008f100000b6100000
d0100000f7100000fe10000003110000471100004d1100000f12000042120000281300006b130000a813000015140000
c1140000d11400003715000063150000501600006516000070160000e41600005717000082170000df170000ab180000
f11800000d19000027190000561900006a19000076190000cc1900008f1a0000c01a0000de1a0000f71a0000261b0000
051c0000371c00009f1c0000c51c0000e71c000015200000412000002f2100004c210000dd2100001422000078220000
1225000020250000312500003825000053250000612500009d270000ad280000ba290000932c0000052d00003a2e0000
5d2e000019300000293000002f30000040300000533000005d30000087300000a4300000ba300000c3300000e2300000
f6300000143100008631000098310000fa31000047320000563200008a3200009b320000ad320000b4320000d1320000
df320000fa3200001634000026340000bc340000c8340000d0340000fa380000043a0000f53e0000103f00004a3f0000
713f00009f3f0000f13f0000a3000000ce000000d2000000f6000000f7000000490100005b010000d40100004d020000
4e020000c80200001f030000ae0500008c060000fa06000041070000a8070000b90700001f080000c808000011090000
64090000a30b0000720c0000fc0c0000220d0000350d0000360d0000830d0000840d0000b50d0000ca0d0000d10d0000
d20d0000130e000047100000f0120000341400005714000011150000571500005815000075150000a8160000a8170000
66190000651a0000eb1a0000ec1a0000791d0000f71f00004c20000031220000c2220000fb2200002623000037230000
9d230000c4230000232700008d270000900000003b0200003e020000c0020000952200008a2300000527000093000000
a7000000d4000000df000000420100004b01000023020000410200004302000052020000560200005a0200007e020000
c3020000ca0200009e05000013060000140600003a0600007d0600009406000097060000ad0600001a08000021080000
59090000de090000e1090000090a00007a0b0000ce0b0000d30b0000530c0000910c0000a60c00005d0d0000ab0d0000
bc0d0000f90d00000d180000541800006f1800004f190000571900005b1a00006d1a0000711a0000931a0000a01a0000
c41a0000ff1a00002a1b000098220000ce220000e9220000ff220000562300006c2300008d230000a123000095240000
e52400004a260000912600000d270000162700002d270000a92700004f280000522800006c2c0000c42c0000542f0000
a42f0000073000006130000075320000c83300009f340000ab34000029380000913a0000d83a00003d3b0000073d0000
10400000d80000000101000006010000810100009e020000670300008508000095080000e7080000750a0000af0a0000
030b0000a20b0000900c0000a30c0000020d0000150d0000190d00005f0d0000600d0000650d0000880d00008d0d0000
8e0d0000a30d0000be0d0000bf0d0000c20d000034100000f3100000f61000003212000035120000dd12000031130000
7a130000e1130000f2130000ff130000101400003b1400005f1400006c15000090150000dc16000076170000a7170000
42180000a41900000f1a0000201a00003b1a0000d91a0000dc1a0000031b0000181b0000af1c0000c01c0000e21c0000
021d0000501d00008f1d0000bd1d00009e1e0000331f0000591f00007e1f000054200000092200002f220000ec220000
ed2200001f2300007e2300003a3b0000783b0000cd3b0000943c0000ec3c0000ff3c00000b3d00000f3d0000213d0000
af3d0000053e0000443e0000270000006700000084000000d0000000f00000002b0100003d010000a3010000a7010000
be010000c8010000ff010000bc020000e9020000f40200000d03000010030000af0500008e060000b8060000c9060000
fc0600002f0700004907000083070000ea070000eb0700003008000033080000ca0800001709000065090000580a0000
5b0a00007f0a0000c50a0000d40a0000d70a00003e0b0000540b0000650b0000a40b0000690c0000e20c0000ab0d0000
f90d0000241300005e130000fb1400000515000045150000711500006c1600003a1700003d1700008d170000a9170000
9a190000021a0000281a00004a1a0000721d0000881d0000e51f0000e81f000048200000c7210000d82100001f220000
32220000b92200002e230000aa23000013270000552700006b2700002d3b0000463b00008e3b00009d3b0000a03b0000
0a3c0000203c0000313c0000cb3c0000c63d0000f13d0000783e00008e0200002c030000ff1a0000151b0000481d0000
6c230000ba3b0000fd3d0000060000000b00000034000000560000006d000000b3000000d40000002d010000a7010000
c8010000f0010000f2010000030200008e020000b5020000b7020000be020000f4020000100300002c03000073050000
750500007d060000940600002a07000031070000ea07000030080000ca080000170900002f0a0000330a00005d0a0000
6b0a0000d40a0000300b0000460b0000540b0000750b0000bc0b0000a60c0000ab0d0000f90d0000fb14000045150000
711500006c1600003d1700008d170000a91700009a190000f2190000061a0000281a00004a1a0000ff1a0000151b0000
481d0000721d0000881d0000e51f000048200000d82100001f220000322200007f22000083220000d12200002e230000
6c230000aa23000013270000552700006b2700000f3b0000133b00004e3b00009d3b0000ba3b0000f83b0000fc3b0000
123c0000203c0000cb3c0000c63d0000f13d0000fd3d0000783e0000d5010000200300000a060000c908000012090000
da090000d30a00004f0b000063150000e41600008217000033190000de190000de1a0000051c00000c1c00000e1c0000
861e00008f1e000041200000142200008e270000ac2c0000212d00003e2e0000692e000032300000f2300000fa300000
c1310000ee3100000732000017390000143a00009e010000dc020000fb050000c7090000c70c0000840d0000c30d0000
571500002f190000d8190000dd1a0000ec1a0000111b0000191b00003c1d0000631d0000c71d00000827000003000000
0700000038000000c90000005f010000a00100003b0200003e020000a8020000cc020000df0200004203000074050000
770500002a060000f5090000952200008a23000005270000060000000b0000003400000037000000b3000000c6000000
df0000004201000069010000a3010000f00100008e02000092020000a5020000ab020000d6020000e90200002c030000
300300003f0300007e030000730500007505000076050000900500002d0600005d060000eb070000230800002b080000
33080000650800007b0800004b090000ff090000170a00006f0b0000b90b0000910c00005d0d0000bc0d000005150000
6b1500008f150000a6170000f7170000221800003218000041180000541800006b180000731800008d18000017190000
3719000043190000bc190000e41900002a1b0000e81f0000512000002c2200007f22000092220000e922000094230000
132700006b270000ef2900007d2a0000992b0000bb2b00005e2c0000db2c00002e2e00004a2e0000cc3000000a310000
4c330000ad350000fb350000373600000b380000d0380000f13900003d3b0000073d00008b4100009a030000bc030000
d5030000f3030000000400002e0400003704000074040000830400009b040000010500001f0500002505000029050000
35050000580600009a060000d6060000dd0600000f0700006207000064070000da070000450800005b0900002d0c0000
5c0e0000850e0000da0e0000f60e0000040f0000580f0000151000009f100000ca1000000e1100002411000046110000
9b120000c7120000c0140000c5140000b0150000b2150000eb150000ef15000016160000181600004e16000056160000
811600008516000099160000181c00007120000099200000b1200000b7200000b9200000002100003321000043210000
78210000ee23000006240000782400007d24000008250000242500002e25000087280000c8280000df2800000e290000
462a0000602a0000e32a0000832b0000ed2b0000f42b0000d62c0000382d00006e2d0000e72d0000092f0000312f0000
d62f0000ea2f00000a300000233000002b3000006c3000006e30000085300000973000009f300000aa300000b4300000
b6300000d4300000033100001d310000393100004d3100006c3100007a3100007e31000091310000953100009c310000
9e310000b0310000b2310000ca310000e7310000143200001c320000213200003832000040320000643200006b320000
80320000a0320000aa320000f2320000113300001c33000095330000b733000015340000883400004d350000de350000
e83800006439000093390000383c00004a3c0000583c0000693c0000803c0000883c00008a3c0000603d00008c3d0000
e63d0000eb3d00006c3e0000cb3e00000f3f0000143f00005b4000005f400000bd400000f44000000241000030410000
3e0000001c0100004e010000e401000051030000550300007d050000c305000044060000ac070000b107000031080000
b20900004a0a00009e0a0000c10a0000ed0a0000360b00003a0b00006c0b00008c0b0000900b0000b80c00002c0d0000
eb0d0000220e0000fe0f0000a4110000b71200005c130000a1130000081400002f140000331400003514000051140000
09150000211500009b150000a615000048170000531700009117000097170000b2170000bd170000361b0000de1c0000
fb1c00002a1f0000461f0000541f0000002000002520000072210000ef21000005220000a42200000823000020230000
77270000b327000050280000e6280000b5290000e1290000bb0000008103000073050000ea0700006b0a0000460b0000
bc0b0000eb1f000057200000d82100001f220000322200005d000000be0000003a010000330200005703000084030000
a7030000b70300007704000078040000fe0400008e050000a7050000a90500002c0600005c0600007306000084060000
c6060000a9070000be070000f4070000fe070000190800004808000051080000ca0900002e0a0000430a00004e0a0000
6e0a0000bd0a0000c30a00000b0b00003c0b0000490b0000920b0000bf0b0000560c0000bc0c0000290e00000f120000
8a1200000a1300002813000068130000a81300000c14000058140000051800001d180000901800009b180000001a0000
0b1a0000421a0000481a00005f1a00006a1a0000d01e0000ee1f000007200000312000005a20000075200000ad200000
d4200000fc2000001e210000db210000e3210000f321000011220000222200003522000066220000912400009c250000
272a0000302a00006b2a00006f2a0000822a0000322b0000f82b0000fd2b0000162c00004a2c0000752c0000da2c0000
f12c0000012d0000352d0000052f0000272f0000352f00004a2f0000502f00002e3300005e33000067330000af330000
963500005736000076360000f23700004339000076390000b63900000e3b0000863b0000ad3c0000083f000002400000
4740000049400000084100000a410000834100008a410000a80000007401000024020000220300002603000088060000
c0060000c8060000040700002d0700002e07000092080000e008000014090000180900005e0a0000a40a0000f10a0000
510b0000550b0000ce0c0000dc0c0000240d0000530d0000760d0000780d0000bc100000f51000000811000013120000
2112000022120000291300006113000082130000ba130000c6130000c7130000391500006e1600006f16000059170000
0e18000017180000371800005f1800008018000082180000a2190000f1190000071a00001c1a0000341a00004b1a0000
4d1a0000fa1f00002b20000041210000c4210000fe2100009027000094270000ab280000b62800008629000089290000
93000000d60100009406000031070000ca0800002f0a0000d40a00000f1800004b1800009a190000f2190000281a0000
010000009f010000a4020000401800000f0000003100000053000000b5000000d9000000fc00000007010000ba010000
e20100000802000090020000940200009b020000a70200002e030000320300008d050000ae050000340600007a060000
1b08000097080000b00900006d0b0000700b0000c80b00008a0c00003a0d0000400d0000b30d0000cf100000f0120000
011800001b18000024180000461800004f18000067180000691800008418000086180000d0190000561a0000571a0000
8a1d00004622000081220000302300001700000061000000b4000000e4000000ee000000fa000000340100003c010000
53010000b1010000c6010000fa010000fb0100008f020000ba020000bb020000ed020000f5020000f902000011030000
2d0300007d050000c30500004406000088060000c0060000c8060000040700002d0700002e070000ac070000b1070000
3108000092080000e00800001409000018090000b20900004a0a00005e0a00009e0a0000a40a0000c10a0000ed0a0000
f10a0000360b00003a0b0000510b0000550b00006c0b00008c0b0000900b00009c0c0000a70c0000e60c0000030d0000
060d0000180d00003f0d0000550d0000640d0000ac0d0000af0d0000c10d0000d80d0000e90d0000fa0d0000fd0d0000
fe0f0000bc100000f510000008110000a4110000131200002112000022120000b7120000291300005c13000061130000
82130000a1130000ba130000c6130000c7130000081400002f140000331400003514000051140000ff14000003150000
2f150000481500004915000073150000741500006e1600006f1600004817000053170000591700009117000097170000
b2170000bd170000a2190000f1190000071a00001c1a0000341a00004b1a00004d1a0000021b0000171b0000de1c0000
fb1c00004d1d0000761d0000781d00002a1f0000461f0000541f0000d11f00000b2000001e2000002320000024200000
4121000072210000c4210000ef210000fe2100000522000080220000d2220000112300006d230000ab230000ae230000
172700001d2700002e2700005d270000682700006c27000050280000ab280000b6280000e62800008629000089290000
b5290000e1290000233b0000673b00006d3b00008a3b0000b63b0000bb3b0000023c0000063c00001d3c0000213c0000
913c0000bf3c0000cc3c0000ce3c0000193d0000403d0000ca3d0000d03d0000fe3d0000643e0000753e0000793e0000
0b000000340000006d000000a7010000c801000003020000be020000730500009406000031070000ea070000ca080000
2f0a00006b0a0000d40a0000460b0000bc0b00009a190000f2190000281a0000881d0000e51f000048200000d8210000
1f22000032220000832200002e2300000f3b00009d3b0000123c0000f13d0000a400000068010000d5010000de010000
73020000ad030000d60300007d04000093040000f8040000e50500008d0600009d060000a5060000a7060000eb060000
02070000150700003607000038070000440700007207000087080000c9080000d2080000f70800005c090000c4090000
570a0000770a0000d30a0000e90a00000f0b00002e0c0000300c0000a4100000b6100000da100000fe10000003110000
12150000371500003917000057170000b4180000d6180000de1800002719000053190000c3190000d6190000881a0000
8a1a0000b91a0000f71a0000371c00008d1c0000c51c0000fc1f000029200000292100003a2100003f2100004a210000
58210000c6210000fc2100000d250000182500004f250000552500008b27000092270000a6280000b128000083290000
88290000472a0000282b0000932c0000052d00003a2e00005d2e00000d300000153000003a3000004f30000051300000
7c3000007f300000ea3000002a310000503100003232000045320000533200008532000090320000cd320000d3320000
b7340000e938000012390000003a0000103a0000cc3e0000ce3e00008d3f00008f3f0000834000007d41000024000000
4e0000009a000000ce000000790100009e010000b3010000b40100003c02000047020000b2020000c4020000e3020000
8d0300008d050000ae050000340600007a0600001b08000097080000b00900006d0b0000700b0000c80b0000fc0c0000
ca0d0000d20d0000cf100000f0120000d0190000561a0000571a0000eb1a0000d91f0000142000001b20000044200000
6b20000046220000b4220000e022000096230000a523000006270000092700001205000084080000730900007f090000
740a0000ca0b00004f0c00007d0c0000950c0000200d00001d0e00002b0e00002c0e00008e0e0000250f0000640f0000
6f0f00005c1100005e110000bf1100003112000073120000ac120000e2120000e41200000e1300001213000042130000
4d130000671300009a130000e0130000071400000e1400000f1400004c1400005a1400005b140000d41a0000da1a0000
391b0000731b0000771b0000951b0000e61b0000611c0000b31c0000b71c0000bf1c0000e11c0000fe1c0000e31d0000
1f1e00002d1f0000611f0000691f0000891f0000ae200000402200004c220000a7220000422300005b2300009b240000
72260000a0260000c0260000832a0000982a0000ba2a00008f2b0000942e0000b32e0000e22e00005a2f0000d3330000
0334000055340000ea360000be370000b038000034390000473900004b3900006f3900008f390000ba390000be390000
393a00006b3a0000b93a0000393b0000eb3c0000d33f00000c4000007e0000001801000030010000d00100001b020000
500300009b030000b4030000ec0300005c0400006a0400007804000096040000f9040000150500009a050000bf050000
65060000bc0600007e0700009e070000f20700000508000019080000380800003c0800004808000081090000bf090000
540a00008f0a00009b0a0000b50a0000e70a0000000b0000350b00008b0b0000170c00006f120000231300003f140000
6d1400000d150000a2150000c51500001c16000021160000011700002f1700004d17000095170000b917000005180000
90180000001a0000421a00005f1a0000501f00005b21000019230000642500005526000082270000ec280000f7280000
6e290000cf290000302a0000642a0000c82b0000f82b0000162c0000682c0000e32c0000fe2c0000302d000055330000
5e330000163500005a350000c635000066360000b23800000339000015390000c6390000d4390000e93900005e3a0000
9c3a0000073b0000583b0000ee3e0000494000000841000083410000790b0000d20b0000411b0000841c0000e41c0000
061d0000371f0000c92200003c2600006c2b0000223a0000453a0000583a0000833a0000470000005d00000058010000
570300007603000078030000a7030000da0300000d050000150500001b0500008605000084060000b607000019080000
380800003c08000048080000510800004509000047090000990900001a0a00001e0a00002e0a0000430a00004e0a0000
610a0000b70a00003c0b0000430b0000450b0000790b0000920b0000b10b0000b30b0000d20b0000301100003f140000
6d1400000d150000a2150000c51500001c16000021160000011700002f1700004d17000095170000b917000005180000
90180000001a0000421a00005f1a0000411b0000841c0000e41c0000061d0000371f0000501f0000c922000019230000
3c2600005526000082270000ec280000f72800006e290000cf290000eb290000012a0000272a0000302a00006c2b0000
c82b0000f82b0000162c0000553300005e33000067330000af330000bd330000c635000057360000ab380000d3380000
d7380000ed3800000b3900002539000029390000c6390000d4390000e9390000223a0000453a0000583a00005e3a0000
833a00009c3a0000073b00000e3b000049400000084100008341000021000000b9000000e6000000f4000000b2010000
fd0100009402000098020000ee020000fa02000032030000820500002e060000450600008908000071090000b7090000
700b00009c0b00007b0c0000880c0000610d0000670d0000211000006f15000023170000191800006718000077180000
84180000561a0000d21f000085220000182700002f27000051280000f40100000b020000fb050000561800005a180000
2f1900000c00000035000000a002000074050000f5090000f41700000f0000002d0000004600000053000000f5000000
f40100000b020000940200009b020000a2020000a3020000ee020000fa0200003203000085050000fb05000045060000
7a0600001b08000079090000f9090000fd090000700b00006b0c0000610d0000670d0000211000006f15000023170000
f5170000fc17000001180000561800005a1800006718000077180000841800002f190000561a0000182700002f270000
512800009d000000e0000000e4000000f3000000fb0000001b01000043010000520100005a010000dc01000028020000
4a020000570200007f020000c70200009e030000eb030000010400007b040000ec0400001305000016050000a0050000
c2050000170600003b06000095060000ae06000029070000480700004c07000058070000a3070000ac070000b0070000
b80700001e08000088080000b4080000d0080000e40800006d09000074090000800900009d090000c2090000df090000
780a0000cf0b0000350c0000540c00007e0c00007f0c0000980c0000a70c0000290d00003d0d0000630d0000880d0000
8c0d00008e0d0000ac0d0000ba0d0000c00d0000d90d0000dc0d0000fa0d00002e0e0000d10e0000470f000034100000
4c1000005a100000b9100000bd100000f4100000371100003b110000841100008811000078120000b1120000b8120000
de120000f71200001e1300004f130000021400003314000042140000471400005c1400005d1400007f1400008b140000
191500005c150000781500000e16000014160000ab160000041700001c17000029170000121800005718000071180000
581900006e1900007419000078190000c41900000e1a00006e1a0000941a0000c51a0000cf1a0000f01a0000021b0000
1d1b00002b1b00006d1c0000f21c0000fb1c00007f1d0000001f00008d1f0000ff1f000038200000af20000027210000
412200004d220000b7220000ea2200000f2300001d230000432300005e2300006d23000099230000a0240000e9240000
fe240000ef2500006126000077260000a4260000d026000020270000a2270000aa2700005b280000a3280000b9280000
7a2900004e2a0000842a0000b32b00006e2c0000c52c00005f2f0000a82f00005530000062300000d730000030320000
76320000e2320000c4330000c9330000e2330000a9340000ac34000035380000b13800003839000057390000a83a0000
be3a00003e3b0000133d000011400000a700000043020000520200005a020000ca020000130600007d06000097060000
2108000059090000e1090000090a00007a0b0000d30b00004f1900005b1a0000711a0000a01a0000ce220000a1230000
4a26000091260000162700002d2700004f280000073000009f340000913a0000d83a00008f020000ed020000f9020000
2d030000a004000044060000b9060000ce060000e0080000ce090000d2090000f10a00006c0b0000db0c00008c0d0000
c90d0000e3100000e71000009711000096120000de120000ff120000e41800005b190000a2190000db190000dc190000
341a0000cf1a0000e31a0000f01a0000021b0000141b0000171b0000681c00006d1c00007c1c0000de1c0000fb1c0000
441d00004d1d0000dc1d0000ed1e0000181f00002a1f00009b1f0000382000006d230000172700002e27000050280000
3e2b00001b300000ee300000a3340000bb380000ed3900004f3a0000bb3b0000fe3d0000120000002b00000048000000
4a000000620000007200000075010000b0010000f801000043020000520200005a020000b0020000b80200007b030000
a8030000ef04000087050000890500001306000032060000890600002b07000076070000930800004609000049090000
a1090000b1090000e1090000010a0000280a0000310a0000510a0000320b00007a0b0000880b0000b60b0000d30b0000
8c100000b8190000f01900005b1a0000711a0000a01a0000d01f00007c220000ce220000a12300004a26000091260000
162700002d2700004f280000ec290000c0300000ac380000c2380000e1380000913a0000d83a0000113b0000fe3b0000
f10400005a050000e40500003f0c000040100000b110000028110000de1700008b1b0000991b0000011c00001c1c0000
eb1d00005c240000112500005c250000da2a00008a2b0000922c0000042d0000892d00000b2e0000213100003f310000
6e310000ce310000e0310000e9310000173200002c32000089320000da320000703c00001a3e0000f43e0000703f0000
d54000003a410000a20b0000ec0c0000300e0000341000007a130000101400005f140000a7170000e51a00003d1b0000
c01c0000e21c0000021d0000331f00007e1f0000bd220000b42300008500000084010000130300006903000083070000
ea07000033080000650900005b0a0000c50a00003e0b0000650b0000a40b0000eb1f000057200000d82100001f220000
32220000660000008e010000080300006c030000d0030000c8040000c9040000070500008d06000044070000a9070000
be070000e1070000200800005a0800005b080000c90800006f090000570a0000590a00005a0a0000cf0a0000d30a0000
410b0000570b0000620b0000a70b0000bc0c0000290e0000db0f0000481000006e1000008a1200000a13000068130000
0c14000058140000a9160000b816000039170000091800003a1800007c18000097180000051a0000241a0000461a0000
541a0000661a0000e01f00006120000085210000ca210000d5210000292200003c220000e62300006d240000d9270000
392a00003a2a0000822a0000f52a00001a2b0000e32b00002f2c0000322c00004a2d0000a92d00002e33000070330000
713300009c330000b33300007534000031350000543500005d36000090360000ec3700004339000076390000b6390000
2c3b00009c3b0000233c0000704000008b400000ec4000001a410000b0410000660100002b02000085080000e7080000
750a0000030b00009f0d0000f610000032120000e113000050150000dc160000761700003518000061180000a4190000
0f1a00003b1a0000a5000000d60100008e060000c90600002f07000049070000ca080000580a0000d40a0000c60c0000
24130000131500003a170000141800004b1800009a190000021a0000281a000025000000fd0000009f0100009c020000
f3020000401800002900000065000000d90000000301000007010000a5010000bc0100009f020000f102000068030000
ae0500008c060000fa060000b90700001f08000011090000a30b0000a80c0000ad0d0000b30d0000fb0d0000f0120000
34140000f91400006d15000091150000a8170000081800002418000043180000471800006a1800009618000066190000
651a0000680100007a020000a9030000be030000f20400005b050000e5050000aa060000c6060000e106000009070000
190700003a0700005407000087080000fe080000770a0000210b0000400c0000cc0c00004f0d0000b6100000fe100000
03110000471100000f12000028130000a8130000c1140000371500006315000050160000e41600005717000082170000
df170000ab180000f11800000d19000027190000561900006a1900008f1a0000c01a0000f71a0000371c00009f1c0000
c51c00002f2100004c210000122500003125000053250000612500009d270000ad280000ba290000932c0000052d0000
3a2e00005d2e0000193000002f30000040300000533000005d30000087300000a430000098310000473200008a320000
ad320000d1320000df32000016340000bc340000c8340000f53e0000103f0000713f00009f3f0000a3000000ce000000
f70000005b0100004d0200004e020000c80200001f030000ae0500008c060000fa060000b90700001f08000011090000
a30b0000fc0c0000350d0000ca0d0000d20d0000f01200003414000057150000a817000066190000651a0000eb1a0000
f71f00004c200000c2220000262300009d230000c423000023270000d8000000060100009e0200006703000085080000
e7080000750a0000030b0000a20b0000a30c0000650d0000880d00008e0d0000c20d000034100000f610000032120000
7a130000e1130000101400005f1400006c15000090150000dc16000076170000a7170000a41900000f1a00003b1a0000
dc1a0000031b0000181b0000c01c0000e21c0000021d0000501d0000bd1d0000331f00007e1f0000ed2200007e230000
3a3b0000cd3b0000ec3c0000213d0000af3d0000053e0000270000006700000084000000f00000003d010000a7010000
c8010000ff010000bc020000e90200000d0300008e060000c90600002f0700004907000083070000ea07000033080000
ca08000065090000580a00005b0a0000c50a0000d40a00003e0b0000650b0000a40b0000690c00002413000005150000
3a1700009a190000021a0000281a0000881d0000e51f000048200000d82100001f22000032220000b92200002e230000
2d3b00008e3b00009d3b00000a3c0000313c0000f13d00007301000021030000fa03000019040000a7040000ba040000
eb050000e40600009108000013090000db090000a30a0000500b0000260d0000a10d00002a0f0000310f00004c0f0000
1710000042100000a6100000b5100000bb100000ce100000e4100000eb100000fc100000001100000111000005110000
061100003412000083130000ee130000381500003c150000581700006d170000bc180000e6180000ec18000028190000
2a1900005f190000df190000df1a0000fe1b0000031c0000061c00000d1c0000aa1c0000151e0000881e0000a41e0000
b21e00002a20000042200000c12000001121000040210000fd210000152200008f270000a828000085290000552b0000
992c0000162d0000702d00008b2d0000e92d0000122e00003b2e00003d2e00005e2e0000652e00001a2f0000432f0000
333000008b300000f3300000fc3000005c310000c2310000f03100000c320000be34000018390000153a00004e410000
ac0000007302000024030000a4030000d8030000f903000075040000e9040000200500002a0500005906000086060000
9b060000c2060000e6060000f5060000fe0600000207000010070000150700003407000067070000f708000016090000
5e090000650a00000f0b0000530b0000300c0000d60c00004f0d0000490e0000ee0f00002c100000a21000000f120000
53130000a81300008b150000121600005716000072160000751600009a170000b2180000fb18000041190000c0190000
881a0000b91a00008d1c0000991e0000f51f0000fc1f00007220000001210000bf210000c62100000d2500004f250000
8b2700009227000088280000a6280000b1280000e42800008329000088290000492a0000d72c0000392d00005d2d0000
7c2d0000da2d0000fe2d0000482e0000712e00000a2f0000322f0000d72f0000eb2f00000b300000353000004d300000
713000002831000085320000cd320000eb380000fd390000ce3e00008d3f0000694000001800000043000000e9000000
6b01000090010000a9010000b4010000e90100003c02000047020000ac020000dd02000061030000820500002e060000
450600008908000071090000b7090000700b00009c0b0000350d00002110000026150000791500007d15000023170000
561a0000801d0000b4220000962300000627000009270000c3270000512800001700000042000000b4000000e0000000
ec0000000201000043010000700100008201000093010000ac010000b1010000e8010000fa0100008f020000a6020000
af020000ed020000f90200002d0300005f0300007f0300009e030000eb030000010400007b040000ec04000013050000
160500007d05000081050000c9050000f105000031060000440600004b0600004f060000a3070000b2070000d6070000
e5070000ee0700002408000067080000880800008e080000dc0800002f0900004c0900006309000074090000b2090000
b6090000000a0000180a0000780a00006c0b00007c0b00008c0b00009a0b0000ba0b0000f00b0000980c0000b70c0000
ff0c0000030d0000060d0000330d00003b0d0000470d0000630d0000650d0000820d0000b20d0000c00d0000cd0d0000
d50d0000210e0000d10e0000470f0000e20f0000fc0f0000fe0f0000031000000810000024100000281000004c100000
561000005b1000008010000098100000f2100000f4100000151100007011000008120000d0120000f31200004f130000
0214000047140000501400005f140000f4140000251500003d1500007c15000080150000861500000e16000014160000
ae160000b0160000cc16000026170000fb170000361800003e180000441800004518000052180000571800006d180000
951800002b190000391900003f190000bd190000d3190000e51900000e1a00005d1a0000641a00007d1a00002b1b0000
f21c0000861d0000cb1e0000d11f0000e91f00005220000055200000af200000f72000001d2100002d22000030220000
80220000b2220000ea220000ed2200009c230000b1240000b5250000d3250000172700001d2700002e2700006c270000
c127000050280000572800006e280000e62800004a290000fa290000092a0000dc2a0000012b00003b2b00009d2b0000
fe2b00002a2c00009f2c0000cd2c0000512d0000612d0000782d0000982d0000bb2d0000462e0000002f0000262f0000
702f0000bd2f0000cd3000000b3100004d330000b1350000fd3500004136000015380000d1380000f23900003e3b0000
133d00008c410000d50100000a060000c9080000d30a000063150000e416000082170000331900000e1c00008f1e0000
ac2c0000212d00003e2e0000692e00009e010000fb050000571500002f190000191b0000631d000003000000c9000000
cc020000df02000074050000f50900000b00000034000000c600000092020000d6020000e90200003003000073050000
76050000900500002d0600005d0600002b080000330800007b080000ff0900006f0b0000051500006b1500008f150000
a617000022180000731800001719000037190000431900007d2a0000bb2b00005e2c0000db2c00002e2e00004a2e0000
a4000000d50100007302000024030000ab030000b5030000f5040000200500002a050000a30500000a06000059060000
8d060000a5060000a7060000b1060000c6060000f706000015070000380700003c0700003e0700004407000046070000
c9080000f708000016090000570a0000d30a00000f0b0000530b0000300c0000cc0c00004f0d0000e90f00002c100000
0f12000028130000a8130000121500001b150000631500008b15000012160000571600007216000075160000e4160000
391700004f170000821700009a170000a6180000fb1800001b1900001e190000331900004119000053190000881a0000
b91a00000e1c00008d1c00008f1e0000991e00000d2500004f2500008b2700009227000088280000a6280000b1280000
e42800008329000088290000712c0000ac2c0000d72c0000ff2c0000212d0000392d0000582d00007c2d0000ca2d0000
fe2d0000322e0000352e00003e2e0000482e0000562e00005b2e0000692e0000712e0000d72f0000eb2f000015300000
513000007f30000085320000cd320000b7340000ce3e00008d3f0000240000009a000000c2000000f700000098010000
9e0100003c02000047020000c4020000d0020000d4020000dd020000e3020000e702000085050000fb05000045060000
7a0600001b08000079090000f9090000fd090000700b0000350d0000211000002615000057150000791500007d150000
231700002f190000561a0000191b0000631d0000801d0000b4220000962300000627000009270000c327000051280000
d800000006010000b9010000e10100008f0200002d030000a0040000b4050000cb050000050600000f060000e0080000
af090000f10a00006c0b0000fa0c0000880d00008e0d0000d00d0000d80d000034100000371000003b1000009f110000
a4110000f4110000f61200002f1500005d150000661500001b170000e4180000231900003219000035190000a2190000
341a0000ea1a0000021b0000171b00001c1b0000db1b0000321c0000de1c0000fb1c00004d1d0000661d0000891d0000
a91d00005b1e00006b1e00002a1f0000c71f0000362200002f2300006d230000ce240000792c0000b12c0000842d0000
362e0000402e00008d2f0000bb3b0000fe3d0000120000002f0000006200000072000000b7000000cc000000f0000000
94010000f8010000030200003802000092020000b8020000cf020000e202000030030000a8030000ef0400008a050000
8f050000a8050000ab0500002d0600003e060000460600005d060000890600002b07000076070000bb08000065090000
75090000cf090000f8090000310a0000510a0000320b00006f0b0000880b0000bc0b0000640c0000690c0000ce0f0000
1d1500006b1500008f150000a617000022180000731800001f1900003719000043190000f01900007c22000083220000
922400007d2a0000bb2b0000762c0000c82c0000db2c00003d2d00004a2e0000512f0000113b0000fe3b0000d30e0000
e40e0000740f00007c0f00006b100000e01000001f110000c2140000cd150000621600008a2000000c21000025250000
cd2700000628000039280000be2800007c290000d72a0000a62d0000242e0000152f0000382f0000183100005b310000
6a310000aa3100001d320000a1320000e732000010330000f23a0000693d00009a3d0000b93e0000113f0000a9400000
f803000031040000c3040000d9040000dd060000f40600001e0700004e0e0000f10f0000401000004611000001160000
061600006b160000591b00009e1b0000e01b0000011c00005e1c0000251d000045250000602d0000892d0000df2d0000
0b2e00008e2e0000b72e00002b3000004630000097300000a3300000af300000ae310000e031000028320000c2320000
153400002c3a00005e3c0000773c0000e53d0000ac3f00004e0100008c0100005e02000017060000ac0700006d090000
9e0a0000cd0a00001c0b000034100000671500001c1700008b170000e51a0000c01c0000f21c0000721f000078230000
310100008b01000010020000ed030000210400006b0400004f050000f305000000060000bd0600006c090000910a0000
9c0a0000cc0a0000ff0a0000dc0b0000310d0000990d0000a70d0000d50e0000260f0000330f0000f40f000004100000
0e10000044100000491000004d1000006f10000084100000e41000006b11000093110000b6110000e112000025130000
a6130000e9130000ed130000f913000055150000fd15000022160000491600001517000080170000ed1700002f180000
3c1800003d1800005c180000311900001b1a0000261a0000271a00003a1a0000cd1b0000821c0000aa1c0000691f0000
891f00005b2300002624000058240000f324000035260000a0260000c0260000c32a0000f92a0000fd2a0000702b0000
a12c00001e2d0000672d00008d2d0000aa2d0000bf2d0000142e0000b22f0000f8330000393400006836000023370000
203a00007c3a00005a3b0000f63c0000e73e00008a3f0000d33f00000c4000008d40000090400000d44000003d410000
87280000df280000d62f0000ea2f00001c330000b327000050280000e129000081020000e1090000280b000033020000
ca0900000b0b0000560c000063180000d91900003d1a0000e21b000091240000912b0000902e0000502f0000083f0000
2841000074040000830400000f070000620700004010000001160000061600006b1600009e1b0000e01b0000011c0000
251d000071200000002100004525000087280000df280000462a0000892d00000b2e00008e2e0000b72e0000092f0000
312f0000d62f0000ea2f00006c300000aa300000b4300000ae310000e031000028320000c23200001c330000693c0000
e53d0000ac3f00005b400000e401000051030000b2090000ed0a0000360b00008c0b000034100000671500001c170000
8b170000e51a0000c01c0000f21c0000721f000078230000b327000050280000e12900007f0d0000491000006f100000
cd120000de130000e41400003c180000261a0000b02400005a270000b6270000da270000fd2700006b28000093280000
96280000a828000085290000a5290000b3290000e4290000f92a0000aa2d00006f2f0000e22f00000430000095380000
743e0000663f00008d4000008e0100006a02000084020000c9040000d60400002806000015070000e10700006f090000
e4090000cf0a0000180b00001e0b00002b0b0000db0f000063180000d91900003d1a0000c21b0000e21b00008d1c0000
912b0000be2c00002e2d00004a2d0000902e00009c33000089360000e33b000028410000c0060000cc06000017070000
ce0c0000e00c00009f0d000032120000291300006d130000e113000067160000c21a00000a1b0000281b00003e1c0000
a31c0000d01c0000e91c000090270000b6280000862900001a070000ba1a00008e1c00005502000008020000c80b0000
591800002c1b0000f31c000081220000040700002d0700009f0d000032120000e1130000671600000e180000f1190000
0a1b0000281b00003e1c0000d01c0000e91c0000fa1f0000c421000090270000b628000086290000030100004c020000
580200001c060000b9070000f9080000a80c000059180000ac1a0000c61a00002c1b0000f31c0000080400009d040000
c3060000d8060000e7060000ff06000066070000d70c0000260d0000500d0000540d00009e0d0000830e00002c0f0000
4e0f0000bf0f0000a3100000bb100000c5100000e5100000ea100000ec10000067110000101200001412000031120000
991200005413000083130000a9130000be130000e0130000c3140000c6140000d81400008c150000f115000066160000
76160000871600009b170000e3180000e21a0000271b00006f1b0000b31b0000fd1b00006b1c0000b81c0000e81c0000
2e1d0000b21e0000f91f0000c3210000e82300007b240000282500003325000034250000472500008f270000a8280000
852900005c2a0000552b0000f22b0000253000003630000070300000e1300000f1300000f43000002931000097310000
d83100000c320000a4320000af320000b0320000c43200002e34000062390000343a0000123f0000153f0000593f0000
c23f000062400000054100004e41000044070000720700001215000039170000f71a0000371c0000c51c0000261d0000
4a250000472a00007c300000c7320000ad3f000083400000e30200008d030000c80b0000eb1a0000f31c000086230000
f20000003f010000fa010000e60200005f030000900300007b0400004706000076060000cb0600002f09000069090000
c90a00008c0b00009a0b0000cb0b00006a0c00003b0d0000470d00008c0d00009b0d0000e610000070110000de120000
26130000f613000045140000a61400001e1500006c1500009015000002160000a717000057180000a01800006f1a0000
cf1a0000f11a0000fa1a00002b1b00006c1c0000ab1c0000f21c0000f91c00000c1d0000191d0000321d000080220000
2c2300007d23000089230000e3240000972500001b260000092a0000692a0000fb2b0000562c0000f42c0000a22f0000
913500004136000063380000923b0000033d000088410000e4000000f300000034010000400100004a0200006c020000
17060000c0060000cc06000017070000ac0700006d0900009e0a0000cd0a00001c0b00007f0c0000a70c0000880d0000
8e0d00003410000032120000291300006d130000e11300005c15000061150000671600001c1700008b17000057180000
c51a0000dc1a00001d1b00002b1b00003e1c0000a31c0000c01c0000d01c0000e91c0000f21c0000b11d0000721f0000
673b0000963b0000e73b0000ec3c0000c43d00002d3e0000172700002e2700006827000050280000b628000086290000
e1290000753e0000520200006f0200001a070000e1090000280b0000a01a00008e1c0000f33b0000b1010000c6010000
fa010000ba020000040700002d070000b2090000ed0a0000360b00008c0b0000880d00008e0d00003410000032120000
e11300005c15000061150000671600001c1700008b17000057180000f1190000dc1a00001d1b00002b1b00003e1c0000
c01c0000d01c0000e91c0000f21c0000b11d0000721f0000d11f0000c421000080220000172700002e27000068270000
50280000b628000086290000e1290000b63b0000023c0000ec3c0000c43d00002d3e0000753e0000500d000005110000
2d11000010120000a9130000c31400003815000058170000332500009e270000e72700003a280000ae280000c3280000
d0280000d42800007d290000bb290000d82a000026310000af320000ec320000fb32000002330000f33a0000123f0000
e1400000d0040000c6060000e1060000190700001f07000021070000cc0c00004711000028130000c01a0000f71a0000
5a1b0000f11b0000371c00005f1c00009f1c0000c51c0000261d00004a2500002f3000004730000049300000d1310000
c7320000163400002d3a0000ad3f0000f70000005b0100004e02000063020000750200001c060000b9070000f9080000
eb1a0000f31c000086230000f20000003f0100000002000015020000280200007b04000005060000cb060000e4080000
69090000c90a0000a50b0000ec0b0000350c00006a0c00008c0d00009b0d0000af0d0000fd0d0000e610000094110000
b7110000de12000026130000f6130000351400000216000031180000581800005d1800006018000032190000a3190000
cf1a00003c1b0000141c0000831c0000ab1c0000011d0000891d00008a1f000036220000ba2200002f23000069230000
fe24000036260000a1260000fc260000d02a0000752b0000852b0000c631000076320000f9330000213a00007d3a0000
923b0000033d00000d400000020400001d040000cf040000e2040000ed050000d4070000f3090000620e00009c100000
b3100000ef100000501b00007b1b0000801b0000ca1b0000ef1b00000b1c0000181c0000cb20000015210000832b0000
9b2c00001a2d0000822e0000a32e00001e2f0000472f0000d1300000353100004131000064310000b9310000ca310000
d5310000e5310000e7310000873300001f390000563c00007a3c00003d3e000030410000c2050000a3070000df090000
b20c0000f00c0000a40d0000de1200004f1300007e130000f6130000a41a0000fb1a0000361b00006d1c00009a1c0000
ce1c0000de1c0000fb1c00003d000000e30100004d0300007c05000043060000b1090000490a0000ec0a0000320b0000
6a0b0000880b00002015000052170000261f0000a0220000af2700004f280000dd29000040000000e601000057030000
9b030000c5030000ea030000780400008904000010050000150500007f050000c7050000ef0500004d06000053060000
8a070000ff070000510800008208000053090000b4090000f70900000f0a00004c0a0000720a0000ef0a00003c0b0000
7f0b0000920b00000e0c0000940c0000eb0c00007d0d0000510e0000f60f0000cb120000401300004c13000079130000
dc130000e014000023150000b81500009216000055170000f91700005018000090180000d1190000fe190000321a0000
421a00005f1a0000301f0000ad200000fb2000001b210000aa220000d62300003d240000af2400006d250000b9270000
592800007a2800001c290000e7290000f4290000272a0000352b0000f82b0000162c00009d2c0000d12c0000e22d0000
042f0000242f00006e2f0000c92f0000223300006733000081330000a6330000af33000086340000f934000063350000
f7350000e8360000c8380000353b0000623f00007440000008410000654100008341000013060000c71a0000a61c0000
7b000000bf0000008102000089050000130600004306000076070000e1090000510a00006f0a0000280b00006a0b0000
2015000052170000c71a0000a61c0000261f0000a0220000af2700004f280000dd290000c8040000b6050000d7050000
1d06000027060000f70800000f0b0000f20c00005311000080130000b01a0000ca1a00000e1b00004d1b0000c31b0000
751c0000961c00009c1c0000a91c0000d91c0000331d0000da240000852c0000bd2c0000a12e0000992f00002a340000
b5370000da3b0000c53f00006a0100007c0100007c020000880800009a08000000090000780a0000bc0a0000250b0000
e61000005f180000a2190000341a0000e01a0000071c0000ab1c00004320000016220000a6000000220200001e030000
87060000030700002b070000df080000100900005c0a0000f00a00004d0b00000c180000f0190000f61f0000c0210000
8c270000b4280000842900001b000000b7010000ec01000095020000db020000072700001e00000088000000db000000
000100002401000080010000ba010000f6010000170200009b020000a1020000f60200001203000072030000b3060000
7f070000f3070000010800001b0800003208000062090000ad0b0000660d000065140000011800004618000067180000
84180000561a0000ea1f0000532000002e220000eb2200001e2700006d270000e728000074020000f8080000100b0000
3d0200000000000013000000730000008c0200002a030000770700006b0b000095000000ad0000002202000074020000
1e03000089060000960600001a070000df080000f808000010090000310a0000660a0000f00a0000100b00004d0b0000
ba1a00008e1c00008c270000b428000084290000050000002e000000ec0100003d02000055020000db02000007270000
e1000000440100004502000058020000660200008002000011070000a4070000e0090000041b0000091d00006e230000
0d0000003000000051000000b1000000060200008c0200002a0300008c050000790600006b0b0000c40b00007d220000
ac00000072010000730200001d03000024030000a0030000c803000006040000500400007d040000f304000026050000
360500005f05000086060000a2060000e3060000020700000807000015070000380700009b0700001008000046080000
90080000f70800000f09000016090000a4090000650a0000a20a00000f0b00004c0b0000530b0000410c000096100000
a5100000031100002b110000371500004f16000057170000d618000053190000881a0000b91a00008d1c00008b1e0000
fc1f0000292000007e200000e02000003f21000065210000c6210000fc210000712200000b2500003f2500004f250000
8b27000092270000a6280000b1280000cd2800000f2900008329000088290000d62a000012300000313000003f300000
513000008a300000ca300000243100007f310000f331000083320000bb320000cd320000f732000084330000a7330000
b8330000b73400003c350000df350000f3380000f93e00008d3f0000ea3f0000dd400000180000007f000000e8000000
b4010000d10100003c02000047020000c4020000da020000dd020000b30600007f070000f3070000010800001b080000
3208000062090000ad0b0000830c0000cf0c0000d20d0000360e0000651400000e150000561a0000571d00001b200000
2e220000ac2200004823000096230000062700000927000085270000e7280000030000008b0000009d01000077070000
6b0b0000dc220000120000002f00000072000000810000008e000000b7000000d700000005010000b8010000e0010000
03020000200200008b020000920200002903000030030000ac030000110500008a0500009d050000ad05000076070000
7a070000860700008e0700009f0700000a0800001a080000490800007408000083080000ae090000730a00006a0b0000
6f0b00007b0b0000bc0b0000c70b0000ef0b0000270c00004c0c0000a10c0000761300000a180000881d0000881f0000
3222000083220000b0220000df2200002e23000067230000aa24000065250000cf2500009f260000f8260000402a0000
6b2c0000692f0000263300005f3300005b35000011380000363b000009400000e0000000fb0000001b01000043010000
570200007f020000c2050000a3070000880800009a08000000090000df090000780a0000bc0a0000250b0000980c0000
a40c00008c0d00009b0d0000e6100000de1200004f1300007e130000f6130000a2190000341a0000b21a0000cf1a0000
f01a0000f51a0000021b0000171b0000071c00006d1c00009a1c0000ab1c0000ce1c0000de1c0000fb1c000038200000
162200006d2300003e3b0000853b0000f03b0000033d0000fe3d00002a3e00001600000060000000b0000000b0010000
c5010000f80100008b020000b8020000ec020000f8020000290300007c0500004306000087060000030700002b070000
df08000010090000b1090000490a00005c0a0000ec0a0000f00a0000320b00004d0b00006a0b0000880b000002150000
52170000f01900004b1d0000261f0000d01f0000c02100007c220000162700002d270000662700004f280000b4280000
84290000dd290000223b0000b53b0000b93b0000fe3b0000193c0000713e0000430200005a02000013060000f8080000
100b0000b51a0000a61c0000db3b0000120000002b0000004a000000620000006f000000720000004302000052020000
5a0200006f0200008b020000ec020000f80200002903000089050000130600004306000089060000960600001a070000
76070000df080000f808000010090000e1090000310a0000510a0000660a00006f0a0000f00a0000100b0000280b0000
4d0b00006a0b00000215000052170000a01a0000b51a00008e1c0000a61c00004b1d0000261f0000162700002d270000
662700004f280000b428000084290000dd290000113b0000313b0000b93b0000db3b0000f33b0000193c0000713e0000
680100007a020000d0040000e304000020070000d507000087080000fe080000f4090000770a0000210b0000a0100000
63150000e416000082170000f01b0000f21b00001d1c0000842b000048300000ab300000d5300000ba310000cf310000
883300002039000040410000ce0000004d02000011070000a4070000e0090000bf0c000057150000a91a0000bb1a0000
441b0000091d0000230000004d000000960000009d010000df020000890300008c050000790600006b0b0000c40b0000
dc220000270000005000000084000000a0000000d700000005010000a7010000c80100009d020000e902000066030000
93030000ac030000110500008f050000ad0500007e0600009e0600002807000057070000830700008d07000096070000
ea07000033080000610800008308000054090000f8090000100a0000730a0000800b0000a10b0000ce0b00000f0c0000
a10c000076130000051500006b1500008f150000a6170000fe170000101800009e1800006d1a0000e62200007d250000
042a0000282a00004a2a0000f92b0000522c00000e30000060300000253300007733000073350000c9380000363b0000
84410000f8030000020400001d04000031040000c3040000cf040000d9040000e2040000ed050000dd060000f4060000
1e070000d4070000f30900004e0e0000620e0000d20e0000e30e0000730f00007b0f0000f10f0000401000006a100000
9c100000b3100000df100000ef1000001e11000046110000c0140000cc1500000116000006160000611600006b160000
501b0000591b00007b1b0000801b00009e1b0000ca1b0000e01b0000ef1b0000011c00000b1c0000181c00005e1c0000
251d000089200000cb2000000b210000152100002425000045250000cb2700000528000037280000bd28000078290000
d52a0000832b00009b2c00001a2d0000602d0000892d0000a52d0000df2d00000b2e0000232e0000822e00008e2e0000
a32e0000b72e0000142f00001e2f0000372f0000472f00002b3000004630000097300000a3300000af300000d1300000
1731000035310000413100005a3100006431000069310000a9310000ae310000b9310000ca310000d5310000e0310000
e5310000e73100001c32000028320000a0320000c2320000e63200000f33000087330000153400001f3900002c3a0000
ee3a0000563c00005e3c0000773c00007a3c0000683d0000983d0000e53d00003d3e0000b83e00000f3f0000ac3f0000
a7400000304100004e0100008c0100005e020000c205000017060000a3070000ac0700006d090000df0900009e0a0000
cd0a00001c0b0000b20c0000f00c0000560d0000a40d0000180e0000341000005a100000b8120000de1200004f130000
7e130000c2130000f61300000214000033140000471400003e150000671500001c170000711700008b170000a41a0000
e51a0000fb1a0000361b00006d1c00009a1c0000c01c0000ce1c0000de1c0000f21c0000fb1c0000461f0000721f0000
0823000078230000392700005b280000ad2900008102000013060000e1090000280b0000c71a0000a61c0000af270000
4f280000dd2900008e0100006a02000084020000c8040000c9040000d6040000b6050000d70500001d06000027060000
2806000015070000e1070000f70800006f090000e4090000cf0a00000f0b0000180b00001e0b00002b0b0000f20c0000
7d0d0000db0f0000481000006e10000053110000cb12000080130000dc130000e01400003a18000063180000d9190000
241a00003d1a0000b01a0000ca1a00000e1b00004d1b0000c21b0000c31b0000e21b0000751c00008d1c0000961c0000
9c1c0000a91c0000d91c0000331d0000af240000da24000058270000b2270000d9270000fc2700006a28000092280000
95280000a628000083290000a1290000b1290000e0290000f52a0000912b0000852c0000bd2c0000be2c00002e2d0000
4a2d0000a92d0000902e0000a12e00006e2f0000992f0000e12f0000033000009c3300002a34000089360000b5370000
91380000da3b0000e33b0000703e0000623f0000c53f00008b400000284100006a0100007c0100007c020000c0060000
cc06000017070000880800009a08000000090000780a0000bc0a0000250b0000ce0c0000e00c0000760d00009f0d0000
f40d0000d5100000e6100000f4100000211200003212000044120000291300006d130000c6130000e113000017140000
67160000331800005f180000a21900000e1a0000341a0000c21a0000e01a00000a1b0000281b0000071c00003e1c0000
a31c0000ab1c0000d01c0000e91c00001720000043200000df21000016220000a1270000aa280000c629000074020000
1a070000f8080000100b0000ba1a00008e1c00008c270000b4280000842900003d0200005502000007270000e1000000
0301000044010000450200004c0200005802000066020000800200001c06000011070000a4070000b9070000f9080000
e0090000a80c0000660d0000ad0d0000fb0d0000341400006514000059180000ac1a0000c61a0000041b00002c1b0000
f31c0000091d0000eb2200006e2300001a2700002b2700004c270000ab270000692800009d280000e0000000e4000000
f3000000fb0000001b0100003401000040010000430100004a020000570200006c0200007f020000c205000017060000
c0060000cc06000017070000a3070000ac070000880800009a080000000900006d090000df090000780a00009e0a0000
bc0a0000cd0a00001c0b0000250b00007f0c0000980c0000a40c0000a70c00003d0d0000460d0000630d0000880d0000
8c0d00008e0d00009b0d0000ac0d0000c00d0000d90d0000dc0d0000fa0d0000341000005a100000d5100000e6100000
f4100000211200003212000044120000b8120000de120000291300004f1300006d1300007e130000c2130000c6130000
e1130000f6130000021400001714000033140000471400002e1500005c15000061150000671600001c17000071170000
8b17000057180000a21900000e1a0000341a0000b21a0000c51a0000cf1a0000dc1a0000f01a0000f51a0000021b0000
171b00001d1b00002b1b0000071c00003e1c00006d1c00009a1c0000a31c0000ab1c0000c01c0000ce1c0000d01c0000
de1c0000e91c0000f21c0000fb1c0000761d0000b11d0000461f0000721f0000ff1f000038200000df21000016220000
ea2200006d230000202700005c270000aa2700005b280000aa280000ad290000c62900003e3b0000673b0000853b0000
963b0000e73b0000f03b0000c73c0000cc3c0000ec3c0000033d0000133d0000283d0000c43d0000fe3d00002a3e0000
2d3e0000953e000043020000520200005a0200006f020000130600001a070000f8080000e1090000100b0000280b0000
a01a0000b51a00008e1c0000a61c0000162700002d270000662700004f280000b428000084290000dd290000db3b0000
f33b0000713e0000680100007a020000d0040000e3040000c6060000e1060000190700001f0700002007000021070000
d507000087080000fe080000f4090000770a0000210b0000cc0c00004f0d0000a0100000031100002b11000047110000
0f12000028130000a8130000c11400003715000063150000e41600005717000082170000c01a0000f71a00005a1b0000
f01b0000f11b0000f21b00001d1c0000371c00005f1c00009f1c0000c51c0000261d0000312500004a2500009d270000
e627000038280000ad280000c2280000cf280000d228000079290000ba290000d62a0000842b00002f30000047300000
4830000049300000ab300000d530000024310000ba310000cf310000d1310000ad320000c7320000eb320000f9320000
013300008833000016340000203900002d3a0000ef3a0000103f0000ad3f0000dd40000040410000ce000000f7000000
5b0100004d0200004e02000063020000750200001c06000011070000a4070000b9070000f9080000e0090000bf0c0000
350d0000d20d0000360e0000341400006514000057150000a91a0000bb1a0000eb1a0000441b0000f31c0000091d0000
2623000086230000232700004727000095270000692800009d28000012050000c8050000f005000084080000fb090000
130a0000740a0000950c0000ef0c0000310d0000720d00007f0d0000800d0000520e0000250f00006f0f0000cb0f0000
f70f0000041000000e1000003a100000431000006b1100008511000031120000cd120000ce120000421300004d130000
7d130000a6130000d3130000de130000df130000e0130000ae140000e4140000e8140000fa1700005118000092180000
d2190000ff190000331a0000441a0000611a0000da1a0000e81a0000071b0000641b0000771b0000ac1b0000ce1b0000
d31b0000b31c0000b71c0000c31c0000d61c0000121d0000ae2000001c210000d72300003e240000b0240000c5240000
8125000087260000f5290000362b0000fa2b00001a2c00009e2c0000672d00008c2d0000e32d0000ac2e0000252f0000
6f2f0000842f00003934000079350000ea360000be370000cc380000ce3a0000393b0000eb3c00003b3f0000663f0000
6a3f0000b93f000076400000094100006941000087410000400000003001000087010000e60100000f02000057030000
9b030000c5030000ec030000200400006a0400007804000089040000150500004e0500007f050000f2050000ff050000
4d06000053060000bc0600008a070000ff070000510800005309000068090000b40900004c0a00008f0a00009b0a0000
c80a0000ef0a0000fe0a00003c0b00007f0b0000920b0000db0b00000e0c0000f30f0000481000006e10000023130000
2315000054150000b815000021160000481600009216000014170000551700007f170000ec1700003a180000241a0000
301f0000671f0000871f0000fb200000aa22000059230000f22400006d250000312600009e260000bc260000b9270000
592800007a2800001c290000e7290000272a0000f52a0000a02c0000d12c00001d2d0000a92d0000042f0000b12f0000
c92f0000223300006733000081330000a6330000af33000086340000f934000063350000f735000066360000783a0000
583b0000e63e0000893f0000cf3f0000084000008b4000002c0600005c0600001d1800000b1a00000e1b0000751c0000
d91c0000331d0000da2400006f2a0000da2c0000992f0000c53f0000474000005d000000be0000008e0100001b020000
3302000035020000a7030000b7030000150500001b0500006f0500008e050000a7050000a90500002c0600004d060000
530600005c06000084060000e1070000050800006f090000ca090000cc0900002e0a0000430a00004e0a00006e0a0000
cf0a0000000b00000b0b00000d0b00007f0b00000e0c0000170c0000560c00005a0c0000db0f0000481000006e100000
2315000054150000b815000021160000481600009216000014170000551700007f170000ec1700001d1800003a180000
0b1a0000241a00000e1b0000751c0000d91c0000331d0000301f0000671f0000871f0000aa2200005923000091240000
a7240000da240000f2240000642500006d2500009e260000bc260000b9270000592800007a2800001c290000e7290000
6f2a0000f52a0000752c0000d12c0000da2c0000012d00004a2d0000a92d0000502f0000662f0000992f0000b12f0000
c92f00009c33000086340000f93400005a35000063350000f7350000573600000e3b0000ee3e0000083f00000c3f0000
893f0000c53f0000cf3f000008400000474000008b4000001e00000088000000e600000000010000ba010000f6010000
fc010000170200009b020000f602000012030000c60500007f070000f3070000010800001b0800003208000089080000
940b0000880c0000e40c0000ad0d0000fb0d0000341400004a150000c0170000011800009b1d00008e1f0000ea1f0000
c52200004d230000ac2300001e2700006d270000e7280000900200002e0300006d0b0000041b0000091d00006e230000
13000000730000000602000077070000c40b00007d2200000f0000003100000053000000b500000003010000f6010000
fd01000008020000090200001702000090020000f6020000120300002e0300008d0500007a060000b907000001080000
320800006d0b00009c0b0000c80b0000cc0b0000a80c0000ad0d0000fb0d0000341400004a150000c0170000041b0000
091d00009b1d00008e1f00008122000085220000d32200004d2300006e230000ac2300001e2700006d270000e7280000
1700000061000000b4000000e4000000ee000000fa00000052010000530100005e010000b1010000c6010000fa010000
fb0100001d0200008f020000ba020000ed020000f5020000f9020000110300002d030000fd03000009040000c4040000
cb0400007d050000c3050000e00500004406000088060000ba060000d9060000040700002d070000ac070000b0070000
b1070000bc0700000708000031080000b4080000e0080000140900007c09000098090000b20900004a0a00005e0a0000
ed0a0000f10a0000360b0000510b00006c0b00008c0b0000900b0000b70b00001b0c0000240c0000860c0000a70c0000
d40c0000e60c0000030d0000060d0000180d00003f0d0000550d0000640d00006d0d0000790d0000ac0d0000af0d0000
d80d0000fa0d0000fd0d00003c0e0000d90e0000680f0000fe0f000027100000bc100000391100003b11000048110000
5211000094110000a4110000b7110000cc11000023120000b712000082130000a1130000331400003514000042140000
51140000681400006b140000871400008b140000c7140000dc140000031500002f15000048150000491500004e150000
02160000a316000053170000b2170000bd170000da17000031180000f11900005d1a00007d1a0000021b00007c1b0000
fb1c00004d1d0000a51d0000d71e00002a1f00009a1f0000bb1f0000d11f00001e2000002420000072210000c4210000
492200006522000080220000af220000d22200000f23000011230000292300004b2300005d2300006d2300009c230000
ab230000ae230000c92400001b250000712500007a250000a5250000a7250000b5250000c0250000ef25000051260000
c8260000e1260000172700001d2700002e270000682700006c270000d127000050280000b6280000e628000086290000
e1290000bb2a0000d02a00008e2c0000882f00002730000094320000c6330000c9330000f93300001034000067350000
703500009f350000a2350000b1350000bc35000035380000983a0000233b0000b63b0000bb3b0000023c00001d3c0000
913c0000753e00002d4000000b000000340000006d000000a7010000c801000003020000200200007305000094060000
ea0700000a0800002f0a00006b0a0000800b0000bc0b00000f0c0000270c0000881d0000881f00003222000083220000
e62200002e23000067230000652500007d2500009f260000f82600005b350000733500000f3b000009400000d8000000
060100009e0200006703000013050000290700005807000085080000fc090000140a0000750a0000a20b0000a30c0000
650d0000740d0000880d00008e0d00003410000087110000321200007a130000e11300005f140000bb1400006c150000
90150000a7170000ff17000012180000a01800006f1a0000dc1a0000031b0000081b00000b1b00007c1b0000d41b0000
3f1c0000c01c0000021d0000171d0000271d0000ed2200007e230000412500008225000088260000052a00004e2a0000
fb2b0000562c000062300000be3200007a350000cd380000cf3a00003a3b0000ec3c0000884100002700000050000000
84000000a0000000f00000003d010000a7010000c8010000ff0100001402000026020000e902000093030000ac030000
7a0400008f050000040600007e0600009e060000c9060000830700008d07000096070000ea0700003308000061080000
e20800005409000065090000c50a0000800b0000a40b0000ce0b0000eb0b00000f0c0000310c0000690c000024130000
05150000881d0000881f000032220000b9220000e62200002e23000067230000fd2400007d250000322600009f260000
f8260000282a00000e30000074320000253300007733000073350000793a00008e3b0000094000001f05000029050000
580600002d0c0000ef100000b2150000561600007b1b0000801b0000ca1b00000b1c0000181c0000cb20000015210000
0825000087280000df280000832b0000d62c0000382d0000822e0000a32e00001e2f0000472f0000d62f0000ea2f0000
643100009e310000ca310000e5310000e731000014320000803200001c330000883c00003d3e0000cb3e000030410000
440600006c0b0000a40d0000de120000f61300002115000053170000fb1a0000361b00006d1c0000ce1c0000de1c0000
fb1c00002a1f0000a4220000b327000050280000e12900007b000000bf000000e3010000810200004d03000089050000
1306000076070000b1090000e1090000510a00006f0a0000ec0a0000280b0000320b0000880b0000c71a0000a61c0000
af2700004f280000dd2900005d000000be000000e60100003302000057030000a7030000b70300007704000078040000
890400008e050000a7050000a9050000b6050000d70500002c060000350600005c0600007206000084060000ff070000
190800004808000051080000b4090000ca0900002e0a0000430a00004e0a00006e0a0000ef0a00000b0b00003c0b0000
920b0000560c0000f20c00007d0d000053110000cb12000080130000dc130000e0140000051800001d1800001f180000
501800006318000090180000d1190000d9190000001a00000b1a00000d1a0000321a00003d1a0000421a00005f1a0000
e21b0000ad200000fb2000001b210000f72300003d24000091240000af240000b9270000592800007a2800001c290000
e7290000272a0000302a00006f2a0000732a0000352b0000912b0000f82b0000162c0000752c0000852c0000da2c0000
f02c0000012d0000902e0000042f0000242f0000502f00006e2f0000c92f00005e33000067330000a6330000af330000
2a340000f7350000573600000e3b0000083f0000623f000047400000494000007e400000084100002841000065410000
834100002402000022030000e008000014090000f10a0000510b0000e61000005f180000a2190000341a0000e01a0000
071c0000ab1c0000432000001622000090270000b62800008629000095000000ad000000740200008906000096060000
030700001a0700002b070000f8080000310a0000660a0000100b00000c180000f0190000ba1a00008e1c0000f61f0000
c02100008c270000b428000084290000050000002e000000b70100003d0200005502000095020000072700000f000000
3100000053000000b5000000e100000044010000ba0100000802000090020000940200009b020000a70200002e030000
32030000800300008d0500007a060000a4070000f30700001b0800006d0b0000700b0000bb0b0000c80b0000660d0000
651400000118000046180000591800006718000084180000561a00002c1b0000f31c0000ea1f0000532000002e220000
81220000eb2200001e2700006d270000e7280000a400000068010000d5010000de01000073020000ad030000d6030000
7d040000f8040000670500008d0600009d060000a5060000a70600000207000008070000150700003807000044070000
72070000d507000087080000c9080000d2080000f70800005c090000570a0000770a0000d30a0000e90a00000f0b0000
2e0c0000300c0000480c0000a0100000031100002b11000012150000371500003917000057170000d618000053190000
881a0000b91a0000f71a0000371c00008d1c0000c51c0000261d0000fc1f0000292000007e200000e02000003f210000
65210000c6210000fc210000712200000d250000182500001a2500003f2500004a2500004f2500008b27000092270000
a6280000b1280000cd2800000f2900008329000088290000472a0000d62a00000d300000153000003f30000051300000
7c3000007f300000d530000024310000853200009032000092320000bb320000c7320000cd320000f732000088330000
b73400003c350000df350000e9380000cc3e0000ce3e0000033f00008d3f0000ad3f0000ea3f000083400000dd400000
240000004e0000009a000000ce0000009e010000b3010000b4010000d10100003c02000047020000c4020000e3020000
8d0300008d0500007a060000a4070000f30700001b0800006d0b0000700b0000bb0b0000c80b0000bf0c0000d20d0000
360e000065140000561a0000eb1a0000f31c00001b2000002e220000b4220000e0220000e42200004823000086230000
96230000062700000927000085270000e72800008f020000ed020000f90200002d03000044060000e008000014090000
f10a0000510b00006c0b00008c0d00009b0d0000e6100000de120000f61300000315000053170000a2190000341a0000
cf1a0000f01a0000f51a0000021b0000171b0000071c00006d1c0000ab1c0000ce1c0000de1c0000fb1c00004d1d0000
2a1f000038200000162200006d230000172700002e2700006827000050280000b628000086290000e1290000bb3b0000
1d3c0000033d0000fe3d00002a3e0000753e0000120000002b0000004a000000620000006f00000072000000b0010000
c5010000f801000043020000520200005a0200006f020000b80200008905000013060000890600009606000003070000
1a0700002b07000076070000f8080000b1090000e1090000310a0000510a0000660a00006f0a0000ec0a0000100b0000
280b0000320b0000880b0000f0190000a01a0000b51a00008e1c0000a61c0000d01f0000c02100007c22000016270000
2d270000662700004f280000b428000084290000dd290000113b0000313b0000b53b0000db3b0000f33b0000fe3b0000
713e000073010000210300000804000052040000f404000060050000e40600009108000013090000a8090000a30a0000
500b0000430c0000260d0000a10d00000a0f00002c0f00003e0f000097100000a6100000bb100000c5100000e4100000
eb1000000511000006110000221100002d1100002e1100006711000034120000ef12000083130000ee13000038150000
3c150000581700006d170000d7180000891a0000df1a0000891b0000fc1b0000fe1b0000061c00001a1c0000aa1c0000
2a20000042200000e220000040210000fd21000015220000752200001a2400005f2400000c2500004025000051250000
8f270000a828000085290000d82a0000db2a0000ed2a00008c2b0000333000008b300000cb300000e1300000f3300000
1b31000026310000273100005c310000be310000cc31000084320000bc320000cf3200002e340000f7380000ad390000
fb3e00008e3f0000ee3f0000b6400000e1400000e540000034410000ac0000007302000024030000a0030000c8030000
060400007d0400009c040000260500003605000086060000a2060000c2060000d7060000e6060000fe06000002070000
080700001507000038070000650700009b0700001008000046080000f708000016090000650a00000f0b0000530b0000
d60c00004f0d0000810e0000a21000000f1200009512000053130000a8130000c11400008b150000f01500004f160000
75160000861600009a17000053190000b91a00008d1c00008b1e0000b01e0000f51f0000fc1f00007e20000065210000
bf210000c6210000e723000079240000312500008b27000092270000a6280000b1280000cd2800000f29000083290000
882900005a2a0000542b0000ee2b00001230000024300000353000003f300000513000006f300000283100007f310000
96310000f33100000a320000ad320000f732000084330000a7330000b8330000b73400003c350000df3500005e390000
103f000061400000044100004a410000180000007f000000e90000001f0100006b010000a9010000b4010000d1010000
3c02000047020000c4020000dd02000059030000c60500007f070000f3070000010800001b0800003208000089080000
940b0000350d0000341400000e1500007d150000a9150000c0170000571d0000cf1d00008e1f00002623000006270000
0927000085270000e72800001700000061000000b4000000e0000000ec00000002010000220100004301000070010000
82010000ac010000b1010000c6010000fa0100008f020000a6020000ba020000ed020000f90200002d0300005c030000
7f030000fd03000009040000c4040000cb0400007d050000c90500004406000088060000040700002d070000a3070000
aa070000b2070000bc070000c7070000c9070000d6070000e0070000ee07000022080000550800005e0800008e080000
e00800001409000063090000b20900004a0a00005e0a0000ed0a0000f10a0000360b0000510b00006c0b00008c0b0000
970b0000ba0b0000b60c0000b70c0000c20c0000030d0000060d0000180d00003b0d0000470d0000630d0000650d0000
740d0000b20d0000d50d00001f0e0000210e0000390e0000d90e0000680f0000e40f0000fe0f00005b10000088100000
98100000bc100000f2100000151100007011000087110000e91100005c12000089120000f31200000613000082130000
a113000045140000471400004e140000501400005f14000068140000a6140000bb140000031500003d15000080150000
86150000ac15000002160000b0160000c116000053170000c3170000071800002a180000361800004418000045180000
4a180000571800007118000094180000691900006e19000078190000f1190000631a00002b1b00007c1b0000f21c0000
4d1d0000d51d0000e41e00002a1f0000941f0000d11f0000e91f0000522000005520000084210000c42100002d220000
3022000080220000ea220000ed2200002c2300008225000097250000172700001d2700002e270000682700006c270000
d127000050280000b6280000e628000086290000e1290000342a00003d2a00009c2a0000a02a0000dc2a0000f12a0000
232b0000492b0000b32b0000e22b0000222c00003b2c0000532d0000c32d0000cd3000000b310000373300003a330000
6b330000743300007e340000ac340000f0340000303500007a35000091350000d03600003f390000233b0000b63b0000
bb3b0000023c00001d3c0000913c0000753e0000a8410000d5010000c9080000d30a00002e0c000063150000e4160000
821700001d1c000018250000842b0000cf31000090320000cc3e0000404100009e0100006d0b000057150000441b0000
091d0000e0220000030000008b000000df0200008903000077070000c40b00000b000000340000006d00000092020000
e9020000300300009303000073050000940600001a0800003308000049080000610800002f0a00006b0a00006f0b0000
ce0b0000051500006b1500008f150000a61700000a1800009e1800006d1a0000282a0000402a0000f92b0000522c0000
5f330000773300000f3b000084410000a4000000d50100007302000024030000ad030000d6030000a804000026050000
360500008d0600009d060000a5060000a7060000c6060000e10600001507000044070000460700006707000072070000
740700001008000046080000c9080000f7080000160900005c090000570a0000d30a00000f0b0000530b00002e0c0000
cc0c00004f0d0000471100000f12000028130000a8130000c1140000121500001b150000631500008b150000f0150000
4f1600007516000086160000e4160000391700004f170000821700009a170000b91a00001d1c00008d1c00008b1e0000
b01e0000ef2300007924000018250000312500008b27000092270000a6280000b1280000cd2800000f29000083290000
88290000472a0000492a0000612a0000542b0000842b0000ee2b00000d300000153000002f300000713000007c300000
7e3000007f3000007f31000096310000cf310000f33100000a32000090320000ad320000f7320000a7330000b8330000
16340000df350000e9380000cc3e0000103f000069400000834000008740000004410000404100004a41000024000000
4e0000009a000000f70000005b0100009e0100003c02000047020000dd020000e3020000e7020000610300008d030000
910300008d0500007a060000b907000001080000320800006d0b00009c0b0000c80b0000cc0b0000350d000034140000
0e150000571500007d150000a9150000c0170000441b0000091d0000571d0000cf1d00008e1f0000e022000026230000
062700000927000085270000e7280000d800000006010000b9010000e10100008f0200002d0300001305000085080000
af090000750a00006c0b00007c0b0000cb0b0000f00b0000500c0000a30c0000880d00008e0d0000d80d00003c0e0000
34100000a4110000cc110000321200007a130000e11300006b1400002f1500005d150000661500001b170000dc1a0000
021b00003b1b0000471b00007c1b0000eb1b00004c1c0000c01c0000fb1c0000001d00000c1d0000891d00008a1f0000
36220000b2220000e32200002f230000692300006d230000ab240000d3250000a1260000fc260000bb2a0000772b0000
902b0000992e00006a2f000010340000ac370000153800003a3b0000ec3c00000d400000120000002f00000072000000
810000008e000000b7000000f00000003d010000f8010000030200002002000092020000e2020000300300005d030000
8c030000ac0300007a0400008a0500009d0500004606000075060000c9060000760700007a070000860700008e070000
9f0700000a0800001a08000049080000740800002b09000065090000c50a00006f0b0000880b0000980b0000bc0b0000
c70b0000270c0000690c0000241300001d1500006b1500008f150000a61700000a1800009e1800006d1a00007c220000
8322000065250000082a0000402a0000652a0000f92b0000522c00006b2c0000f32c0000263300005f3300005b350000
3d3600008e3b000084410000a0040000b9060000cb060000ce060000ef060000300700006a070000ca0c0000db0c0000
770d0000e70f00009612000026130000601300006d1600007d160000151800004c180000811800009b190000031a0000
291a00004c1a000050210000e1230000572a0000262b0000ef2b0000562d0000c82d00001b300000743000008d310000
4b320000953200005f3900006e400000ea400000664100000d180000613000000907000054070000501600002f210000
403000005d300000a4300000ba3000009831000056320000fa320000fa060000410700001115000038170000f71f0000
c12100008d27000093000000a7000000230200009e0500007d0600009406000097060000ad060000590900002f0a0000
5d0a00000d1800006c2c0000f72c0000073000006130000075320000e63800008d0200002b030000d40100001f030000
c808000011090000d20a00004e0b00008d270000010000000a00000033000000b2000000ed0100008d0200002b030000
720500007e22000066010000770100002b020000f004000059050000e30500008508000095080000e7080000a5090000
750a0000af0a0000030b00003e0c00008d100000ae10000050150000dc16000076170000dd170000341800009e1e0000
362000000922000072220000102500003625000059250000912c0000032d0000c13000000c31000088320000b2320000
d7320000f4380000f33e00006f3f0000eb3f00002302000075320000ed0100007e220000dc00000025010000f4010000
080200000b02000030020000fb050000c7090000780b0000c80b0000d10b00004d0c0000890c00009c1d000081220000
c62200004e23000090240000332600004f2f00007a3a0000373b00000a4000002900000065000000a5010000bc010000
f1020000050300008c060000fa06000041070000c808000011090000560a0000d20a00004e0b0000f914000038170000
dd1f0000c12100001b2700004d2700002b3b00009b3b00001a3c0000723e00000e000000520000000c3b0000a5010000
bc010000f102000005030000fa06000041070000c808000011090000d20a00004e0b0000f914000038170000dd1f0000
c12100001b2700004d2700009b3b00001a3c0000723e0000dc0000002501000090020000a20200002e03000073030000
2b0600005b060000f9090000110a00006d0b0000ae0b0000890c0000f51700001a1800006818000085180000ea290000
662a0000d92c0000ca380000373b000085410000db100000131100005d1600003c210000df27000009280000d7280000
eb300000083100005131000072310000a03100005e3200000033000014330000c13e0000fa3200008d270000770d0000
3418000090270000a227000086280000a3280000b6280000b9280000dc2800007a29000086290000c7290000d52f0000
e92f00000c31000095320000e2320000f03a00001b2700004d270000723e000050150000dc16000076170000dd170000
341800009e1e000036200000092200007222000036250000592500000c310000b2320000d73200006f3f0000eb3f0000
9c1d00004e2300000a400000770d00006d1600007d1600004c180000811800009b190000291a00004c1a000050210000
262b0000ef2b00008d3100004b32000095320000ea40000066410000681800008518000085410000f103000029040000
220500002f050000ea060000550700005a0e0000a910000013110000ae150000521600005d160000b3200000b5200000
45210000d0280000d4280000393000005e30000099300000bb3000000831000037310000723100009a310000a0310000
4232000069320000fb3200000233000009330000483c0000863c00006a3e0000090700002f21000040300000a4300000
56320000fa060000f71f0000c121000073040000b9060000ce060000040700000e0700002907000058070000db0c0000
961200006013000012180000f81900009e1e0000fa1f00003620000070200000ff200000c42100000922000072220000
362500004e2a0000082f0000302f00001b30000062300000b23200005f390000eb3f000045400000d4010000c8080000
d20a0000a5010000bc010000fa060000c8080000d20a0000dd1f0000c12100009b3b000066010000dc01000024020000
7b04000091040000e305000085080000d0080000e0080000c2090000750a0000e50a0000f10a00002c0c0000ae100000
4c1800009b190000291a0000272100005021000005250000262b0000912c0000032d0000303200004b3200007d320000
10390000ca3e0000664100009e1e000036200000092200007222000036250000b2320000eb3f0000131100005d160000
b3200000b520000045210000d0280000d42800000831000072310000a03100004232000069320000fb32000002330000
093300006a3e00004c1800009b190000291a000050210000262b00004b320000664100009d000000dc01000028020000
9e030000af0300007b0400009104000013050000a005000095060000ae06000029070000480700004c07000058070000
d0080000e4080000c20900003d0a0000e50a0000f80a0000350c000019150000c0150000041700004b17000012180000
f819000027210000fe240000a2270000a3280000b92800007a290000c72900004e2a00006e2c0000f92c000055300000
623000003032000076320000e232000010390000cf390000f03a0000d73e000045400000a70000007d06000097060000
590900005d0a000007300000e63800001305000029070000480700004c0700005807000019150000c015000004170000
4b17000012180000f8190000a2270000a3280000b92800007a290000c72900004e2a00005530000062300000e2320000
cf390000f03a0000454000000a0000003300000072050000f40100000b020000fb050000780b0000d10b0000c6220000
332600007a3a00000f0000002d00000046000000530000005a000000f40100000b020000a202000073030000a6030000
85050000fb0500007a0600008106000044090000f9090000110a00002d0a00003a0a0000780b0000ae0b0000d10b0000
f5170000c622000033260000ea290000aa380000ca3800007a3a00000d3b0000a2270000a3280000b92800007a290000
c7290000e2320000f03a0000dc010000280200007b04000091040000d0080000e4080000c2090000e50a0000f80a0000
350c000027210000fe240000a2270000a3280000b92800007a290000c72900003032000076320000e232000010390000
f03a0000d73e0000a202000073030000f9090000110a0000ae0b0000f5170000ea290000ca380000a9030000be030000
aa0600000907000054070000501600002f21000019300000403000005d30000087300000a4300000ba30000098310000
563200003a3c0000a30000001f0300008c060000fa06000011090000560a00004e0b0000f71f0000c1210000a0040000
b9060000ce060000300700006a070000db0c000096120000601300006d1600007d1600001518000081180000031a0000
4c1a0000e1230000572a0000ef2b00001b300000743000008d3100005f3900006e400000ea400000a3000000d4010000
8c06000041070000c8080000560a0000d20a00001115000038170000660100002b020000f004000059050000e3050000
85080000e7080000750a0000030b00003e0c0000ae10000050150000dc16000076170000dd1700001025000059250000
912c0000032d000088320000d7320000f33e00006f3f00002900000065000000a5010000bc010000f102000005030000
8c060000fa06000041070000c808000011090000560a0000d20a00004e0b0000f914000038170000dd1f0000c1210000
2b3b00009b3b00001a3c0000db100000131100005d1600003c210000df27000009280000d7280000eb30000008310000
5131000072310000a03100005e3200000033000014330000c13e0000770100002b020000f00400005905000095080000
e7080000a5090000af0a0000030b00003e0c00008d1000009e1e00003620000009220000722200001025000036250000
c130000088320000b2320000f4380000f33e0000eb3f0000a0040000cb060000ef060000300700006a070000ca0c0000
e70f000026130000151800004c1800009b190000031a0000291a000050210000e1230000572a0000262b0000562d0000
c82d0000743000004b3200006e40000066410000a8000000240200002203000096030000d4030000730400001e050000
28050000570600008806000099060000040700000e0700002d0700005f070000e0080000140900005a0900005e0a0000
f10a0000510b00002c0c0000551600000e180000f1190000fa1f000070200000ff200000c42100000525000090270000
86280000b6280000dc28000086290000452a0000d52c0000372d0000082f0000302f0000d52f0000e92f000009300000
693000007d320000e7380000ca3e000052400000930000009e05000094060000ad0600002f0a00006c2c0000f72c0000
01000000b200000072050000900200002e0300002b0600005b0600006d0b00001a180000662a0000d92c000024020000
220300001e0500002805000057060000e008000014090000f10a0000510b00002c0c0000551600000525000090270000
86280000b6280000dc28000086290000d52c0000372d0000d52f0000e92f00007d320000ca3e00000f00000031000000
530000005a000000b50000000802000030020000900200002e030000a60300008d050000a60500002b0600005b060000
7a06000081060000c70900002d0a00003a0a00006d0b0000c80b00004d0c00001a1800008122000090240000662a0000
742c0000d92c00004f2f00000d3b00009027000086280000b6280000dc28000086290000d52f0000e92f000008020000
30020000c7090000c80b00004d0c000081220000902400004f2f000073040000040700000e0700002d0700005f070000
0e180000f1190000fa1f000070200000ff200000c42100009027000086280000b6280000dc28000086290000452a0000
082f0000302f0000d52f0000e92f00006930000052400000f1030000290400006f0400007f040000ea0600000b070000
5a0e0000a9100000db10000027160000291600007b16000077200000302100003c210000d0280000d428000039300000
4230000099300000a6300000eb30000037310000513100008b310000b4310000573200005e320000fb32000002330000
09330000483c0000613c0000ed3d000054070000501600005d300000ba300000983100001f030000110900004e0b0000
6d1600007d160000811800004c1a0000ef2b00008d310000ea400000db10000027160000291600007b1600003c210000
d0280000d4280000eb300000513100008b310000b43100005e320000fb3200000233000009330000ed3d000077010000
28020000220300001e050000280500005706000095080000e408000014090000a5090000af0a0000f80a0000510b0000
350c00008d100000551600006d1600007d160000811800004c1a0000fe240000ef2b0000d52c0000372d0000c1300000
8d31000076320000f4380000d73e0000ea40000041070000111500003817000050150000dc16000076170000dd170000
59250000d73200006f3f0000f10200000503000041070000110900004e0b0000f9140000381700001a3c000013050000
cb060000ef0600002d070000480700004c0700005f070000ca0c0000e70f0000261300001915000050150000c0150000
dc160000041700004b17000076170000dd1700000e180000f119000059250000452a0000562d0000c82d000055300000
69300000d7320000cf3900006f3f0000524000002d13000063130000041a00002a1a00004f1a0000e4230000cb2d0000
683900006f400000eb400000674100003b170000ca210000d80000000101000006010000810100009e02000067030000
a20b00005f0d00006c15000090150000a717000042180000542000002f220000ec2200008e0200002c030000d5010000
20030000c908000012090000d30a00004f0b00008e2700009e010000dc02000008270000f10400005a050000e4050000
a60900003f0c00008e100000b1100000de1700007322000011250000372500005c250000922c0000042d0000c2300000
0f31000089320000b3320000da320000f5380000f43e0000703f0000ec3f0000a20b00006d0c0000ec0c0000030e0000
a71700002f220000bd22000032230000b423000087220000790b0000c90b0000d20b00004e0c00008c0c00008a220000
c922000051230000932400003c260000522f0000833a0000383b00000b400000c908000012090000d30a00004f0b0000
fa1400003b170000e01f0000ca210000502700009c3b00001b3c0000733e00002c0600005c060000fa090000120a0000
8c0c0000f61700001d18000088180000ed2900006f2a0000da2c0000cb380000383b0000864100000a28000052310000
75310000a13100006132000015330000c23e0000ac1300001f1400005b170000e7210000be2900008d290000ca290000
ec2f0000f93a0000500d0000f50d0000d1100000051100001012000045120000a9130000181400003815000058170000
18200000e02100009e270000ae280000bb2900008e270000082700005f0d0000ae0d0000fc0d0000ec22000010270000
172700002e270000ac2700005028000053280000420d0000e60d0000d1100000051100001012000045120000a9130000
ac130000181400001f1400002a150000581700005b17000009200000e0210000e721000060270000ae280000bb290000
be290000ae3c0000b13c0000293d0000303d00009e3e000050270000733e000087280000ba280000df2800007b290000
d62f0000ea2f00000f31000098320000e3320000f13a0000030e0000f322000031270000b32700005028000053280000
5c0500007c0a0000b20a0000040b0000771700000c220000062d0000fd380000f63e0000723f0000f43f000077170000
0c220000723f0000f43f0000d1000000f200000000020000b005000069090000a50b00006a0c0000e50c0000ae0d0000
fc0d000046150000aa170000891d000036220000ba2200002f230000ad230000f00100007f220000ae0d0000fc0d0000
46150000aa170000891d0000362200002f230000ad230000120d0000690d00007f0d000023100000cd12000040140000
691400006e14000071140000dd140000e4140000971f0000f62200001b23000061230000b0240000b324000052260000
59260000d6260000d9260000da2700006f2f0000722f0000993a0000a03a0000923c000036400000512300000b400000
280100000c02000033020000fc050000ca090000d40b0000560c0000512300009124000034260000502f00007b3a0000
403b00000b400000d50a0000570b00002a1a00004f1a0000eb40000067410000fb060000440700001215000039170000
f81f0000c22100008e270000a1010000e302000008270000010101010101010101010101010101010101010101010101
010101010101010101010101010101010101010101010101010101010101010101010101010101010101010101010101
010101010101010101010101010101010101010101010101010101010101010101010101010101010101010101010101
010101010101010101010101010101010101010101010101010101010101010101010101010101010101010101010101
010101010101010101010101010101010101010101010101010101010101010101010101010101010101010101010101
010101010101010101010101010101010101010101010101010101010101010101010101010101010101010101010101
010101010101010101010101010101010101010101010101020101010101010101010101010101010101010101010101
010101010101010101010101010101010101010101010101010101010101010101010101010101010101010101010101
020101010101010101010101010101010101010101010101010101010101010101010101010102010101010101010101
010101010101010101010101010101010101010101010101010101010101010101010101010101010101010101010101
010101010101010101010102010101010101010101010101010101010101010101010101010101010101010101010101
010101010101010101010101010101010101010101010101010101010101010101010101010101010101010101010101
010101010101010101010101010101010101010101010101010101010101010101010101010202010101010101010101
010101010101010101010101010101010101010101010101020102010101010101010101020101010101010101010101
010101010101010101010101010101010101010101010101010101010101010101010101010101010101010101010101
010101010101010101010101010101010101010101010101010101010101010101020201010101010101010101010101
010101010101010101010101010101010101010101010101010101010101010101010101010101010101010102010101
010101010101010102020202020202020202020202020202020102010202010202020101020201010202010101010202
010101010201010102020102010101010101010101010101010101010101010101010101010101010101010101010101
010201010101010101010101010202020202020202020202020202020202010202020202020202020202020202020202
020202020202020102020101010101010101010101010101010101010101010101010101010101010101010101010101
010101010101010101010101010101010101010101010101010101010101010101010101010101010101010101010101
010101010101010101010101010101010101010201010101010101010101020201010101010101010101010101010102
020202020202020202020202020202020202020202020202020202020202020202020202020202020202020202020202
020202020102020202020202020202020102020201020201010101010101010101010101010101010101010101010101
010101010101010101010101010101010101010101010101010101010101010101010101010101010101010101010101
010101010101010101010201010101010101010101010101010101010101010102020202020202020202020202020202
020202020202020202020202020202010202020202020202020202020202020202020202020202020102020202020202
020202020202020202020202010201020202020202020201020201010101020202010202020101010101010101010101
010101010101010101010101010101010101010101010101010101010101010101010101010101010101010101010101
010101010101010101010101010101010101010101010101010102010101010101010101010101010101010101010102
020202020202020202020202020202020202020202020202020202020202010202020202020202020202020202020202
020202020202020202020102020202020202020202010201020202020202020202020202020201020201010101020202
020102020101010101010101010101010101010101010101010101020102010101010101010101010101010101010101
010101010101010101010101010201010101010101010101010101010101010101010101010101010101010101010101
010101010101010101010101010101010101010101010101010101010101010101010101010101010101010101010101
010101010101010101010101010101010101010101010101010101010101010101010101010101010101010101010101
010101010101010101010101010101010101010101010101010101010101010101010101010101010101010101010101
010101010101010101010101010101010101010101010101010102010201010101010101010101010101010101010101
010101010101010101010201010101010101010101010101010101010101010101010101010101010101010101010101
010101010101010101010101010101010101010101010101010101010101010101010101010101010101010101010101
010101010101010101010101010101010101010101010101010101010101010101010101010101010101010101010101
010101010101010101010101010101010101010101010101010101010101010101010101010101010101010101010101
010101010101010101010101010101010101010101010101010101010101010101010101010101010101010101010101
010101020201020101010101010101010101010101010101010101010101010101010101010101010101010101010101
010101010101010101010101010101010101010101010101010101010101010101010101010101010101010101010101
010101010101010101010101010101010101010101010101010101010101010101010101010101010101010101010101
010101010101010101010101010101010101010101010101010101010101010101010101010101010101010101010101
010101010101010101010101010101010101010101010101010101010101010101010101010101010101010101010101
010101010101010101010101010101010101010101010101010101010101010101010101010101010101010101010101
010101010101010101010101010101010101010101010101010101010101010101010101010101010101010101010101
010101010101010101010101010101010201010101010101010101010101010101010101020201010101010101010101
010102010101010101010101010101010101010101010101010101010101010101010101010101010101010101010101
010101010101010101010101010101010101010101010101010101010101010101010101010101010101010101010102
020202010102010101010101010101010201020102020101010101010101020101010201010201010101010101010101
010101010202010101010101010102010101010101010101010101010101010101010101010101010101010101010101
010101010101010101010101010101010101010101010101010101010101010101010101010101010101010101010102
010101020102010101010101020101020101010101020101010201010201010101010101010101010101010101010101
010101010102010201020102020101010101010101010101010101010101010201010101010101010101010101010101
010101010101010101010101010101010101010101010101010101010101010101010101010101010101010101010101
010101010101010101010101010101010101010101010101010101010101010101010101010101010101010101010101
010101010101010101010101010101010101010101010101010101010101010101010101010101010101010101010101
010101010101010101010101010101010101010101010101010101010101010101010101010101010101010101010101
010101010101010101010101010101010101010101010201010101010101010101010101010101010202020101010101
010101010101010101010101010101010101010101010101010101010101010101010101010101010101010101010101
010101010101010101010101010101010101010101010101010101010101010101010101010101010101010101010101
010101010101010101010101010101010101010101010101010101010101010101010101010101010101010101010101
010101010101010101010101010101010101010101010101010101010101010101010101010101010101010101010101
010101010101010101010101010101010101010101010101010101010101010101010101010101010101010101010101
010101010101010101010101010101010101010101010101010101010101010101010101010101010101010101010101
010101010101010101010101010101010101010101010101010101010101010101010101010101010101010101010101
010101010101010101010101010101010101010101010101010101010101010101010101010101010101010101010101
010101010101010101010101010101010101010101010101010101010101010101010101010101010101010101010101
010101010101010101010101010101010101010101010101010101010101010101010101010101010101010101010101
010101010101010101010101010101010101010101010101010101010101010101010101010101010101010101010101
010101010101010101010101010101010101010101010101010101010101010101010101010101010101010101010101
010101010101010101010101010101010101010101010101010101010101010101010101020101010101010102010101
020101010101010101010101010101010101010101010101010101010101010101010101010101010101010101010101
010101010101010101010101010101010101010101010101010101010101010101010101010101010101010101010101
010101010101010101010101010101010101010101010101010101010101010101010101010101010101010101010101
010101010101010101010101010101010101010101010101010101010101010101010101010101010101010101020201
010201020101010101010101010202010101010101010101010101010101010101010102010101010101020101010101
010101010101010201010102010102010101010101020101010101010101010101010101010101010101010101010101
010101010101010101010101010101010101010101010101010101010101010101010101010101010101010101010101
010101010101010101010101010101010101010101010101010101010101010101010101010101010101010101010101
010101010101010102010101010101010101010101010101010102020101010101010101010102010101010101010101
010101010101010101010101010101010101010101010101010101010101010101010101010101010101010101010101
010101010101010101010101010101010101010101010101010101010101010101010101010101010101010101010101
010101010101010101010101010101010101010101010101010101010101010101010101010101010101010101010101
010101010101010101010101010101010101010101010101010101010101010101010101010101010101010101010101
010101010101010101010101010102010101010101010101010101010101010102020101010101010101010101020101
010101010101010101010101010101010101010101010101010101010101010101010101010101010101010101010101
010101010101010101010101010101010101010101010101010101010101010101020201010101010101020101010101
010101010101010101010101010101010101010101010101010101010101010101010101010101010101010101010101
010101010101010101010101010101010101010101010101010101010101010101010101010101010101010101010101
010101010101010101010101010101010101010101010101010101010101010101010101010101010101010101010101
010101010101010101010101010101010101010101010101010101010101010101010101010101010101010101010101
010101010101010101010101010101010101010101010101010101010101010101010101010101010101010101010101
010101010101010101010101010101010101010101010101010101010101010101010101010101010101010101010101
010101010101010101010101010101010101010101010101010101010101010101010101010101010101010101010101
010101010101010101010101010101010101010101010101020101010102010101010201010101010101010102020101
020101010101010202010101010102020101020101020101010101010101010102010101010102020101010101010101
010101010101010101010101010101010101010101010101010101010101010101010101010101010101010101010101
010101020201010201010201010201010101010101010101010101010101010101010102010101010102010101010101
010202020101020101010101010101010101010101010101010101010101010101010101010101010101010101010101
010101010101010101010101010101010101010101010101010101010101010101010101010101010101010101010101
010101010101010101010101010101010101010101010101010101020101010101010202010102010102010101010201
010101020101020201010101010101010101010101010101010101010101010102010101010102010101020101020101
010201010101020101010101010101010101010101010101010101010101010101010101010101010101010101010101
010101010101010101010101010101010101010101010101010101010101010101010101010101010101010101010101
010101010101010101010101010101010101010101010101010101010102010101010101020101020201020101010101
010202010101020101020101010101010101010101010101010101010101010201010101010102010201010101010102
010101010201010102010101010101010101010101010101010101010101010101010101010101010101010101010101
010101010101010101010101010101010101010101010101010101010101010101010101010101010101010101010101
010101010101010101010101010101010101010101010101010101010101010101010101010101010101010101010101
010101010101010101010101010101010101010101010101010101010101010101010101010101010101010101010101
010101010101010101010101010101010101010101010101010101010101010101010101010101010101010101010101
010101010101010101010101010101010101010101010101010101010101010101010101010101010101010101010101
010101010101010101010101010101010101010101010101010101010101010101010101010101010101010101010101
010101010101010101010101010101010101010101010101010101010101010101010101010101010101010101010101
010101010101010101010101010101010101010101010101010101010101010101010101010101010101010101010101
010101010101010101010101010101010101010101010101010101010101010101010101010101010101010101010101
010101010101010101010101010101010101010101010101010101010101010101010101010101010101010101010101
010101010201010101010202010101010101010101010101010101010101010101010101010101010101010101010101
010101010101010101010101010101010101010101010101010101010101010101010101010101010101010101010101
010101010101010101010101010101010101010101010101010101010101010101010101010101010101010101010101
010101010101010101010101010101010101010101010101010101010101010101010101010101010101010101010101
010101010101010101010102010102020101020201010101010101010201010101010101010101010101010101010101
010101020101010201010101010101010101010101010102010202010101010101010201010101010101010101010101
010101010101010101010101010101010101010101010101010101010101010101010101010101010101010101010101
010101010101010101010101010101010101010101010101010101010101010101010101010101010101010101010101
010101010101010101010101010101010101010101010101010101010101010101010101010102010101010101010101
010101010101020202010101010101010101010101010101010101010101010101010101010101010101010101010101
010101010101010101010101010101010101010101010101010101010101010101010101010101010101010101010101
010101010101010101010101010101010101010101010101010101010101010101010101010101010101010101010101
010101010101010101010101010101010101010101010101010101010101010101010101010101010101010101010101
010101010101010101010101010101010101010101010101010101010101020101010101010101010101010101010202
020101010101010101010101010101010101010101010101010101010101010101010101010101010101010101010101
010101010101010101010101010101010101010101010101010101010101010101010101010101010101010101010101
010101010101010101010101010101010101010101010101020102010101010101010101010101010101010101010101
010101010101020101010101010101010101010101010101010101010101010101010101010101010102010201010101
010101010101010101010101010101010101010101010101010101020101010101010101010101010101010101010101
010101010101010101010101010101010101010101010101010101010101010101010101010101010101010101010101
010101010101010101010101010101010101010101010101010101010101010101010101010101010101010101010101
010101010101010101010101010101010101010101010101010101010101010101010101010101010101010101010101
010101010101010101010101010101010101010101010101010101010101010101010101010101010101010101010101
010101010101010101010101010101010101010101010101010101010101010101010101010101010101010101010101
010101010101010101010101010101010101010202020201010101010201010201020102010201010101010101010101
010101010102020101010101020101010101010201020101010101010101010101010201010101010101010101010101
010101010101010101010101010101010101010101010101010101010101010101010101010101010101010101010101
010101010101010101010101010101010101010101010101010101010101010101010101010101010101010101010101
010101010101010101010101010101010101010101010101010101010101010101010101010101010101010101010101
010101010101010101010101010101010101010101010101010101010101010101010101010101010101010101010101
010101010101010101010101010101010101010101010101010101010101010101010101010101010101010101010101
010101010101010101010101010101010101010101010101010101010101010101010101010101010101010101010101
010101010101010101010101010101010101010101010101010101010101010101010101010101010101010101010101
010101010101010101010101010101010101010101010101010101010101010101010101010101010101010101010101
010101010101010101010101010101010101010101010101010101010101010101010101010101010101010101010101
010101010101010101010101010101010101010101010101010101010101010101010101010101010101010101010101
010101010101010101010102010101010101010101010101010101010102020201010101010101010101010101010101
010101010101010101010101010101010101010101010101010101010101010101010101010101010101010101010101
010101010101010101010101010101010101010101010101010101010101010101010101010101010101010101010101
010101010101010101010101010101010101010101010101010101010101010101010101010202010201010101010101
010101010101010101010101010101010101010101010101010101010101010101010101010101010101010101010101
010101010101010101010101010201010101010101010102010202010101010102010101010102020101010101020101
010101010101020101010201020101020102010101010101010101010101010101010101010101010101010101010101
020101010101010101010101010101010101010101010101010101010101010101010101010101010101010101010101
010101010101010101010101010101010101010101010101010101010101010101010101010101010101010101010101
010101010101010101010101010101010101010101010101010101010101010101010101010101010101010101010101
010101010101010102010101010101010101010101010101010101010202010101010101010101010101010102010101
010101010101010101010101010101010101010101010101010101010101010101010101010101010101010101010101
010101010101010101010101010101010101010101010101010101010101010101010101010101010101010101010101
010101010101010101010101010101010101010101010101010101010101010101010101010101010101010101010101
010101010101010101010101010101010101010101010101010101010101010101010101010101010101010101010101
010101010101010101010101010101010101010101010101010101010101010101010101010101010101010101010101
010101010101010101010101010101010101010101010101010101010101010101010101010101010101010101010101
010101010101010101010101010101010101010101010101010101010101010101010101010101010101010101010101
010101010101010101010101010101010101010101010101010101010101010101010101010101010101010101010101
010101010101010101010101010101010101010101010101010101010101010101010101010101010101010101010101
010101010101010101010101010101010101010101010101010101010101010101010101010101010101010101010101
010101010101010101010101010101010101010101010101010101010101010101010101010101010101010101010101
010101010101010101010101010101010101010101010101010101010101010101010101010101010101010101010101
010101010101010101010101010101010101010101010101010101010101010101010101010101010101010101010101
010101010101010101010101010101010101010101010101010101010101010101010101010101010101010101010101
010101010101010101010101010101010101010101010101010101010101010101010101010101010101010101010101
010101010101010101010101010101010101010101010101010101010101010101010101010101010101010101010101
010101010101010101010101010101010101010101010101010101010101010101010101010101010101010101010101
010101010101010101010101010101010101010101010101010101010101010101010101010101010101010101010101
010101010101010101010101010101010101010101010101010101010101010101010101010101010101010101010101
010101010101010101010101010101010101010101010101010101010101010101010101010101010101010101010101
010101010101010101010101010101010101010101010101010101010101010101010101010101010101010101010101
010101010101010101010101010101010101010101010101010101010101010101010101010101010101010101010101
010101010101010101010101010101010101010101010101010101010101010101010101010101010101010101010101
010101010101010101010101010101010101010101010101010101010101010101010101010101010101010101010101
010101010101010101010101010101010101010101010101010101010101010101010101010101010101010101010101
010101010101010101010101010101010101010101010101010101010101010101010101010101010101010101010101
010101010101010101010101010101010101010101010101010101010101010101010101010101010101010101010101
010101010101010101010101010101010101010101010101010101010101010101010101010101010101010101010101
010101010101010101010101010101010101010101010101010101010101010101010101010101010101010101010101
010101010101010101010101010101010101010101010101010101010101010101010101010101010101010101010101
010101010101010101010101010101010101010101010101010101010101010101010101010101010101010101010101
010101010101010101010101010101010101010101010101010101010101010101010101010101010101010101010101
010101010101010101010101010101010101010101010101010101010101010101010101010101010101010101010101
010101010101010101010101010101010101010101010101010101010101010101010101010101010101010101010101
010101010101010101010101010101010101010101010101010101010101010101010101010101010101010101010101
010101010101010101010101010101010101010101010101010101010101010101010101010101010101010101010101
010101010101010101010101010101010101010101010101010101010101010101010101010101010101010101010101
010101010101010101010101010101010101010101010101010101010101010101010101010101010101010101010101
010101010101010101010101010101010101010101010101010101010101010101010101010101010101010101010101
010101010101010101010101010101010101010101010101010101010101010101010101010101010101010101010101
010101010101010101010101010101010101010101010101010101010101010101010101010101010101010101010101
010101010101010101010101010101010101010101010101010101010101010101010101010101010101010101010101
010101010101010101010101010101010101010101010101010101010101010101010101010101010101010101010101
010101010101010101010101010101010101010101010101010101010101010101010101010101010101010101010101
010101010101010101010101010101010101010101010101010101010101010101010101010101010101010101010101
010101010101010101010101010101010101010101010101010101010101010101010101010101010101010101010101
010101010101010101010101010101010101010101010101010101010101010101010101010101010101010101010101
010101010101010101010101010101010101010101010101010101010101010101010101010101010101010101010101
010101010101010101010101010101010101010101010101010101010101010101010101010101010101010101010101
010101010101010101010101010101010101010101010101010101010101010101010101010101010101010101010101
010101010101010101010101010101010101010101010101010101010101010101010101010101010101010101010101
010101010101010101010101010101010101010101010101010101010101010101010101010101010101010101010101
010101010101010101010101010101010101010101010101010101010101010101010101010101010101010101010101
010101010101010101010101010101010101010101010101010101010101010101010101010101010101010101010101
010101010101010101010101010101010101010101010101010101010101010101010101010101010101010101010101
010101010101010101010101010101010101010101010101010101010101010101010101010101010101010101010101
010101010101010101010101010101010101010101010101010101010101010101010101010101010101010101010101
010101010101010101010101010101010101010101010101010101010101010101010101010101010101010101010101
010101010101010101010101010101010101010101010101010101010101010101010101010101010101010101010101
010101010101010101010101010101010101010101010101010101010101010101010101010101010101010101010101
010101010101010101010101010101010101010101010101010101010101010101010101010101010101010101010101
010101010101010101010101010101010101010101010101010101010101010101010101010101010101010101010101
010101010101010101010101010101010101010101010101010101010101010101010101010101010101010101010101
010101010101010101010101010101010101010101010101010101010101010101010101010101010101010101010101
010101010101010101010101010101010101010101010101010101010101010101010101010101010101010101010101
010101010101010101010101010101010101010101010101010101010101010101010101010101010101010101010101
010101010101010101010101010101010101010101010101010101010101010101010101010101010101010101010101
010101010101010101010101010101010101010101010101010101010101010101010101010101010101010101010101
010101010101010101010101010101010101010101010101010101010101010101010101010101010101010101010101
010101010101010101010101010101010101010101010101010101010101010101010101010101010101010101010101
010101010101010101010101010101010101010101010101010101010101010101010101010101010101010101010101
010101010101010101010101010101010101010101010101010101010101010101010101010101010101010101010101
010101010101010101010101010101010101010101010101010101010101010101010101010101010101010101010101
010101010101010101010101010101010101010101010101010101010101010101010101010101010101010101010101
010101010101010101010101010101010101010101010101010101010101010101010101010101010101010101010101
010101010101010101010101010101010101010101010101010101010101010101010101010101010101010101010101
010101010101010101010101010101010101010101010101010101010101010101010101010101010101010101010101
010101010101010101010101010101010101010101010101010101010101010101010101010101010101010101010101
010101010101010101010101010101010101010101010101010101010101010101010101010101010101010101010101
010101010101010101010101010101010101010101010101010101010101010101010101010101010101010101010101
010101010101010101010101010101010101010101010101010101010101010101010101010101010101010101010101
010101010101010101010101010101010101010101010101010101010101010101010101010101010101010101010101
010101010101010101010101010101010101010101010101010101010101010101010101010101010101010101010101
010101010101010101010101010101010101010101010101010101010101010101010101010101010101010101010101
010101010101010101010101010101010101010101010101010101010101010101010101010101010101010101010101
010101010101010101010101010101010101010101010101010101010101010101010101010101010101010101010101
010101010101010101010101010101010101010101010101010101010101010101010101010101010101010101010101
010101010101010101010101010101010101010101010101010101010101010101010101010101010101010101010101
010101010101010101010101010101010101010101010101010101010101010101010101010101010101010101010101
010101010101010101010101010101010101010101010101010101010101010101010101010101010101010101010101
010101010101010101010101010101010101010101010101010101010101010101010101010101010101010101010101
010101010101010101010101010101010101010101010101010101010101010101010101010101010101010101010101
010101010101010101010101010101010101010101010101010101010101010101010101010101010101010101010101
010101010101010101010101010101010101010101010101010101010101010101010101010101010101010101010101
010101010101010101010101010101010101010101010101010101010101010101010101010101010101010101010101
010101010101010101010101010101010101010101010101010101010101010101010101010101010101010101010101
010101010101010101010101010101010101010101010101010101010101010101010101010101010101010101010101
010101010101010101010101010101010101010101010101010101010101010101010101010101010101010101010101
010101010101010101010101010101010101010101010101010101010101010101010101010101010101010101010101
010101010101010101010101010101010101010101010101010101010101010101010101010101010101010101010101
010101010101010101010101010101010101010101010101010101010101010101010101010101010101010101010101
010101010101010101010101010101010101010101010101010101010101010101010101010101010101010101010101
010101010101010101010101010101010101010101010101010101010101010101010101010101010101010101010101
010101010101010101010101010101010101010101010101010101010101010101010101010101010101010101010101
010101010101010101010101010101010101010101010101010101010101010101010101010101010101010101010101
010101010101010101010101010101010101010101010101010101010101010101010101010101010101010101010101
010101010101010101010101010101010101010101010101010101010101010101010101010101010101010101010101
010101010101010101010101010101010101010101010101010101010101010101010101010101010101010101010101
010101010101010101010101010101010101010101010101010101010101010101010101010101010101010101010101
010101010101010101010101010101010101010101010101010101010101010101010101010101010101010101010101
010101010101010101010101010101010101010101010101010101010101010101010101010101010101010101010101
010101010101010101010101010101010101010101010101010101010101010101010101010101010101010101010101
010101010101010101010101010101010101010101010101010101010101010101010101010101010101010101010101
010101010101010101010101010101010101010101010101010101010101010101010101010101010101010101010101
010101010101010101010101010101010101010101010101010101010101010101010101010101010101010101010101
010101010101010101010101010101010101010101010101010101010101010101010101010101010101010101010101
010101010101010101010101010101010101010101010101010101010101010101010101010101010101010101010101
010101010101010101010101010101010101010101010101010101010101010101010101010101010101010101010101
010101010101010101010101010101010101010101010101010101010101010101010101010101010101010101010101
010101010101010101010101010101010101010101010101010101010101010101010101010101010101010101010101
010101010101010101010101010101010101010101010101010101010101010101010101010101010101010101010101
010101010101010101010101010101010101010101010101010101010101010101010101010101010101010101010101
010101010101010101010101010101010101010101010101010101010101010101010101010101010101010101010101
010101010101010101010101010101010101010101010101010101010101010101010101010101010101010101010101
010101010101010101010101010101010101010101010101010101010101010101010101010101010101010101010101
010101010101010101010101010101010101010101010101010101010101010101010101010101010101010101010101
010101010101010101010101010101010101010101010101010101010101010101010101010101010101010101010101
010101010101010101010101010101010101010101010101010101010101010101010101010101010101010101010101
010101010101010101010101010101010101010101010101010101010101010101010101010101010101010101010101
010101010101010101010101010101010101010101010101010101010101010101010101010101010101010101010101
010101010101010101010101010101010101010101010101010101010101010101010101010101010101010101020201
010201020102010101010101010101010101010101010202010102010101010101020101010102010101010101010101
010101010101010201010101010101010101010101010101010101010101010101010201020101010101010201010101
010101010101010101010101010101010201010101010101010101010101010101010101010101010101010101010101
010101010101010101010101010101010101010101010101010101010101010101010101010101010101010101010101
010101010101010101010101010101010101010101010101010101010101010101010101010101010101010101010101
010101010101010101010101010101010101010101010101010101010101010101010101010101010101010101010101
010101010101010101010101010101010101010101010101010101020102010101010201020101010101010101010101
010101010101010101010101010101010101010101010201010101010101010101010101010101010101010101010102
010101010101010101010101010101010101010101020201010101010101010101010101010101010101010101010101
010101010101010101010101010101010101010101010101010101010101010101010101010101010101010101010101
010101010101010101010101010101010101010101010101010101010101010101010101010101010101010101010101
010101010101010101010101010101010101010101010101010101010101010101010101010101010101010101010101
010101010101010101010101010101010101010101010101010101010101010101010101010101010101010101010101
010101010101010101010101010101010101010101010101010101010101010101010101010101010101010101010101
010101010101010101010101010101010101010101010101010101010101010101010101010101010101010101010101
010101010101010101010101010101010101010101010101010101010101010101010101010101010101010101010101
010101010101010101010101010101010101010101010101010101010101010101010101010101010101010101010101
010101010101010101010101010101010101010101010101010101010101010101010101010101010101010101010101
010101010101010101010101010101010101010101010101010101010101010101010101010101010101010101010101
010101010101010101010101010101010101010101010101010101010101010101010101010101010101010101010101
010101010101010101010101010101010101010101010101010101010101010101010101010101010101010101010101
010101010101010101010101010101010101010101010101010101010101010101010101010101010101010101010101
010101010101010101010101010101010101010101010101010101010101010101010101010101010101010101010101
010101010101010101010101010101010101010101010101010101010101010101010101010101010101010101010101
010101010101010101010101010101010101010101010101010101010101010101010101010101010101010101010101
010101010101010101010101010101010101010101010101010101010101010101010101010101010101010101010101
010101010101010101010101010101010101010101010101010101010101010101010101010101010101010101010101
010101010101010101010101010101010101010101010101010101010101010101010101010101010101010101010101
010101010101010101010101010101010101010101010101010101010101010101010101010101010101010101010101
010101010101010101010101010101010101010101010101010101010101010101010101010101010101010101010101
010101010101010101010101010101010101010101010101010101010101010101010101010101010101010101010101
010101010101010101010101010101010101010101010101010101010101010101010101010101010101010101010101
010101010101010101010101010101010101010101010101010101010101010101010101010101010101010101010101
010101010101010101010101010101010101010101010101010101010101010101010101010101010101010101010101
010101010101010101010201010101010101010101010101010101010101010101010101010101010101020102010101
010101010101010101010101010101010101010101010101010101010101010101010101010101010101010101010101
010101010101010101010101010101010101010101010101010101010101010101010101010101010101010101010101
010101010101010101010101010101010101010101010101010101010101010101010101010101010101010101010101
010101010101010101010101010101010101010101010101010101010101010101010101010101010101010101010101
010101010101010101010101010101010101010101010101010101010101010101010101010101010101010101010101
010101010101010101010101010101010101010101010101010101010101010101010101010101010101010101010101
010101010101010101010101010101010101010101010101010101010101010101010101010101010101010101010101
010101010101010101010101010101010101010101010101010101010101010101010101010101010101010101010101
010101010101010101010101010101010101010101010101010101010101010101010101010101010101010101010101
010101010101010101010101010101010101010101010101010101010101010101010101010101010101010101010101
010101010101010101010101010101010101010101010101010101010101010101010101010101010101010101010101
010101010101010101010101010101010101010101010101010101010101010101010101010101010101010101010101
010101010101010101010101010101010101010101010101010101010101010101010101010101010101010101010101
010101010101010101010101010101010101010101010101010101010101010101010101010101010101010101010101
010101010101010101010101010101010101010101010101010101010101010101010101010101010101010101010101
010101010101010101010101010101010101010101010101010101010101010101010101010101010101010101010101
010101010101010101010101010101010101010101010101010101010101010101010101010101010101010101010101
010101010101010101010101010101010101010101010101010101010101010101010101010101010101010101010101
010101010101010101010101010101010101010101010101010101010101010101010101010101010101010101010101
010101010101010101010101010101010101010101010101010101010101010101010101010101010101010101010101
010101010101010101010101010101010101010101010101010101010101010101010101010101010101010101010101
010101010101010101010101010101010101010101010101010101010101010101010101010101010101010101010101
010101010101010101010101010101010101010101010101010101010101010101010101010101010101010101010101
010101010101010101010101010101010101010101010101010101010101010101010101010101010101010101010101
010101010101010101010101010101010101010101010101010101010101010101010101010101010101010101010101
010101010101010101010101010101010101010101010101010101010101010101010101010101010101010101010101
010101010101010101010101010101010101010101010101010101010101010101010101010101010101010101010101
010101010101010101010101010101010101010101010101010101010101010101010101010101010101010101010101
010101010101010101010101010101010101010101010101010101010101010101010101010101010101010101010101
010101010101010101010101010101010101010101010101010101010101010101010101010101010101010101010101
010101010101010101010101010101010101010101010101010101010101010101010101010101010101010101010101
010101010101010101010101010101010101010101010101010101010101010101010101010101010101010101010101
010101010101010101010101010101010101010101010101010101010101010101010101010101010101010101010101
010101010101010101010101010101010101010101010101010101010101010101010101010101010101010101010101
010101010101010101010101010101010101010101010101010101010101010101010101010101010101010101010101
010101010101010101010101010101010101010101010101010101010101010101010101010101010101010101010101
010101010101010101010101010101010101010101010101010101010101010101010101010101010101010101010101
010101010101010101010101010101010101010101010101010101010101010101010101010101010101010101010101
010101010101010101010101010101010101010101010101010101010101010101010101010101010101010101010101
010101010101010101010101010101010101010101010101010101010101010101010101010101010101010101010101
010101010101010101010101010101010101010101010101010101010101010101010101010101010102010101010101
010101010101010101010101010101010101010101010101010101010101010101010101010101010101010101010101
010101010101010101010101010101010101010101010101010101010101010101010102010201010101010101010101
010102010101010201010101010101010101010101010101010101010101010101010101010101010101010101020101
010201010101010101010101010101010101010101010101010101010101010101010101010101010101010101010101
010101010101010101010101010101010101010101010101010101010101010101010101010101010101010101010101
010101010101010101010101010101010101010101010101010101010101010101010101010101010101010101010101
010101010101010101010101010101010101010101010101010101010101010101010101010101010101010101010101
010102020101020101010101010101010201020102010101010101020101010101020101010101010101010201010101
010101010101010101010101010102010101010102010101010101010101010101010101010101010101010101010101
010101010201010101010101010101010101010101010101010101010101010101010101010101010101010101010101
010101010101010101010101010101010101010101020101010201010101010101010101010101010101010101010101
010101010101010101010102010101010101010101010101010101010101010101010101010101010101010101010101
010101010101010101010101010101010101010101010101010101010101010101010101010101010101010101010101
010101010101010101010101010101010101010101010101010101010101010101010101010101010101010101010101
010101010101010101010101010101010101010101010101010101010101010101010101010101010101010101010201
010102010101010101010101010101010101010101010101010101010101010101010101010101010101010101010101
010101010101010101010101010101010101010101010101010101010101010101010101010101010101020101010101
010101010101010101010101010101010101010101010101010101010101010101010101010101010101010101010101
010101010101010101010101010101010101010101010101010101010101010101010101010101010101010101010101
010101010101010101010101010101010101010101010101010101010101010101010101010101010101010101010101
010101010101010101010101010101010101010101010101010101010101010101010101010101010101010101010101
010101010101010101010101010101010101010101010101010101010101010101010101010101010101010101010101
010101010101010101010101010101010101010101010101010101010101010101010101010101010101010101010101
010101010101010101010101010101010101010101010101010101010101010101010101010101010101010101010101
010101010101010101010101010101010101010101010101010101010101010101010101010101010101010101010101
010101010101010101010101010101010101010101010101010101010101010101010101010101010101010101010101
010101010101010101010101010101010101010101010101010101010101010101010101010101010101010101010101
010101010101010101010101010101010101010101010101010101010102010101010101010101010101010101010101
010101010101010101010101010101010101010101010101010101010101010101010101010101010101010101010101
010101010101010101010101010101010101010101010101010101010101010101010101010101010101010101010101
010101010101010101010101010101010101010101010101010101010101010101010101010101010101010101010101
010101010101010101010101010101010101010101010101010101010101010101010101010101010101010101010101
010101010101010101010101010101010101010101010101010101010101010101010101010101010101010101010101
010101010101010101010101010101010101010101010101010101010101010101010101010101010101010101010101
010101010101010101010101010101010101010101010101010101010101010101010101010101010101010101010101
010101010101010101010101010101010101010101010101010101010101010101010101010101010101010101010101
010101010101010101010101010101010101010101010101010101010101010101010101010101010101010101010101
010101010101010101010101010101010101010101010101010101010101010101010101010101010101010101010101
010101010101010101010101010101010201010101010101010101010101010101010101010101010101010101010101
010101010101010101010101010101010101010101010101010101010101010101010101010101010101010101010101
010101010101010101010101010101010101010101010101010101010101010101010101010101010101010101010101
010101010101010101010101010101010101010101010101010101010101010101010101010101010101010101010101
010101010101010101010101010101010101010101010101010101010101010101010101010101010101010101010101
010101010101010101010101010101010101010101010101010101010101010101010101010101010101010101010101
010101010101010101010101010101010101010101010101010101010101010101010101010101010101010101010101
010101010101010101010101010101010101010101010101010101010101010101010101010101010101010101010101
010101010101010101010101010101010101010101010101010101010101010101010101010101010101010101010101
010101010101010101010101010101010101010101010101010101010101010101010101010101010101010101010101
010101010101010101010101010101010101010101010101010101010101010101010101010101010101010101010101
010101010101010101010101010101010101010101010101010101010101010101010101010101010101010101010101
010101010101010101010101010101010101010101010101010101010101010101010101010101010101010101010101
010101010101010101010101010101010101010101010101010101010101010101010101010101010101010101010101
010101010101010101010101010101010101010101010101010101010101010101010101010101010101010101010101
010101010101010101010101010101010101010101010101010101010101010101010101010101010101010101010101
010101010101010101010101010101010101010101010101010101010101010101010101010101010101010101010101
010101010101010101010101010101010101010101010101010101010101010101010101010101010101010101010101
010101010101010101010101010101010101010101010101010101010101010101010101010101010101010101010101
010101010101010101010101010101010101010101010101010101010101010101010101010101010101010101010101
010101010101010101010101010101010101010101010101010101010101010101010101010101010101010101010101
010101010101010101010101010102010101010101010101010101010101010101010101010101010101010101010101
010101010101010101010101010101010101010101010101010101010101010101010101010101010101010101010101
010101010101010101010101010101010101010101010101010101010101010101010101010101010101010101010101
010101010101010101010101010101010101010101010101010101010101010101010101010101010101010101010101
010101010101010101010101010101010101010101010101010101010101010101010101010101010101010101010101
010101010101010101010101010101010101010101010101010101010101010101010101010101010101010101010101
010101010101010101010101010101010101010101010101010101010101010101010101010101010101010101010101
010101010101010101010101010101010101010101010101010101010101010101010101010101010101010101010101
010101010101010101010101010101010101010101010101010101010101010101010101010101010101010101010101
010101010101010101010101010101010101010101010101010101010101010101010101010101010101010101010101
010101010101010101010101010101010101010101010101010101010101010101010101010101010101010101010101
010101010101010101010101010101010101010101010101010101010101010101010101010101010101010101010101
010101010101010101010101010101010101010101010101010101010101010101010101010101010101010101010101
010101010101010101010101010101010101010101010101010101010101010101010101010101010101010101010101
010101010101010101010101010101010101010101010101010101010101010101010101010101010101010101010101
010101010101010101010101010101010101010101010101010101010101010101010101010101010101010101010101
010101010101010101010101010101010101010101010101010101010101010101010101010101010101010101010101
010101010101010101010101010101010101010101010101010101010101010101010101010101010101010101010101
010101010101010101010101010101010101010101010101010101010101010101010101010101010101010101010101
010101010101010101010101010101010101010101010101010101010101010101010101010101010101010101010101
010101010101010101010101010101010101010101010101010101010101010101010101010101010101010101010101
010101010101010101010101010101010101010101010101010101010101010101010101010101010101010101010101
010101010101010101010101010101010101010101010101010101010101010101010101010101010101010101010101
010101010101010101010101010101010101010101010101010101010101010101010101010101010101010101010101
010101010101010101010101010101010101010101010101010101010101010101010101010101010101010101010101
010101010101010101010101010101010101010101010101010101010101010101010101010101010101010101010101
010101010101010101010101010101010101010101010101010101010101010101010101010101010101010101010101
010101010101010101010101010101010101010101010101010101010101010101010101010101010101010101010101
010101010101010101010101010101010101010101010101010101010101010101010101010101010101010101010101
010101010101010101010101010101010101010101010101010101010101010101010101010101010101010101010101
010101010101010101010101010101010101010101010101010101010101010101010101010101010101010101010101
010101010101010101010101010101010101010101010101010101010101010101010101010101010101010101010101
010101010101010101010101010101010101010101010101010101010101010101010101010101010101010101010101
010101010101010101010101010101010101010101010101010101010101010101010101010101010101010101010101
010101010101010101010101010101010101010101010101010101010101010101010101010101010101010101010101
010101010101010101010101010101010101010101010101010101010101010101010101010101010101010101010101
010101010101010101010101010101010101010101010101010101010101010101010101010101010101010101010101
010101010101010101010101010101010101010101010101010101010101010101010101010101010101010101010101
010101010101010101010101010101010101010101010101010101010101010101010101010101010101010101010101
010101010101010101010101010101010101010101010101010101010101010101010101010101010101010101010101
010101010101010101010101010101010101010101010101010101010101010101010101010101010101010101010101
010101010101010101010101010101010101010101010101010101010101010101010101010101010101010101010101
010101010101010101010101010101010101010101010101010101010101010101010101010101010101010101010101
010101010101010101010101010101010101010101010101010101010101010102010101010101010101010101010101
010101010101010101010101010101010101010101010101010101010101010101010101010101010101010101010101
010101010101010101010101010101010101010101010101010101010101010101010101010101010101010101010101
010101010101010101010101010101010101010101010101010101010101010101010101010101010101010101010101
010101010101010101010101010101010101010101010101010101010101010101010101010101010101010101010101
010101010101010101010101010101010101010101010101010101010101010101010101010101010101010101010101
010101010101010101010101010101010101010101010101010101010101010101010101010101010101010101010101
010101010101010101010101010101010101010101010101010101010101010101010101010101010101010101010101
010101010101010101010101010101010101010101010101010101010101010101010101010201010101010101010101
010101010101010101010101010101010101010101010101010101010101010101010101010101010101010101010101
010101010101010101010101010101010101010101010101010101010101010101010101010101010101010101010101
010101010101010101010101010101010101010101010101010101010101010101010101010101010101010101010101
010101010101010101010101010101010101010101010101010101010101010101010101010101010101010101010101
010101010101010101010101010101010101010101010101010101010101010101010101010101010101010101010101
010101010101010101010101010101010101010101010101010101010101010101010101010101010101010101010101
010101010101010101010101010101010101010101010101010101010101010101010101010101010101010101010101
010101010101010101010101010101010101010101010101010101010101010101010101010101010101010101010101
010101010101010101010101010101010101010101010101010101010101010101010101010101010101010101010101
010101010101010101010101010101010101010101010101010101010101010101010101010101010101010101010101
010101010101010101010101010101010101010101010101010101010101010101010101010101010101010101010101
010101010101010101010101010101010101010101010101010101010101010101010101010101010101010101010101
010101010101010101010101010101010101010101010101010101010101010101010101010101010101010101010101
010101010101010101010101010101010101010101010101010101010101010101010101010101010101010101010101
010101010101010101010101010101010101010101010101010101010101010101010101010101010101010101010101
010101010101010101010101010101010101010101010101010101010101010101010101010101010101010101010101
010101010101010101010101010101010101010101010101010101010101010101010101010101010101010101010101
010101010102020202010102020201010101010101010101010101010101010101010101010101010101010101010101
010101010101010101010101010101010101010101010101010101010101010101010101010101010101010101010101
010101010101010101010101010101010101010101010101010101010101010101010101010101010101010101010101
010101010101010101010101010101010101010101010101010101010101010101010101010101010101010101010101
010101010101010101010101010101010101010101010101010101010101010101010101010101010101010101010101
010101010101010101010101010101010101010101010101010101010101010101010101010101010101010101010101
010101010101010101010101020102020202020202020201020202020201010202020201010102020201010101020101
020101010101010101010101010101010101010101010101010101010101010101010101010101010101010101010101
010101010101010101010101010101010101010101010101010101010101010101010101010101010101010101010101
010101010101010101010101010101010101010101010101010101010101010101010101010101010101010101010101
010101010101010101010101010101010101010101010101010101010101010101010101010101010101010101010101
010101010101010101010101010101010101010101010101010101010101010101010101010101010101010101010101
010101010101010101010101010101010101010101010101010101010101010101010101010101010101010101010101
010101010101010101010101010101010101010101010101010101010101010101010101010101010101010101010101
010101010101010101010101010101010101010101010101010101020101010101010101010101010101010101010101
010101010101010101010101010101010101010101010101010101010101010101010101010101010101010101010101
010101010101010101010101010101010101010101010101010101010101010101010101010101010101010101020101
010101010101010101010101010101010101010101010101010101010101010101010101010101010101010101010101
010101010101010101010101010101010101010101010101010101010101010101010101010101010101010101010101
010101010101010101010101010101010101010101010101010101010101010101010101010101010101010101010101
010101010101010101010101010101010101010101010101010101010101010101010101010101010101010101010101
010101010101010101010101010101010101010101010101010101010101010101010101010101010101010102010201
010201010101010101010101010101010202010101010101010102010101010101010101010101010101010101010101
010101010101010101010101010101010101010101010101010101010101010101010101010101010101010101010101
010101010101010101010101010101010101010101010101010101010101010101010101010101010101010101010101
010101010101010101010101010101010101010101010101010101010101010101010101010101010101010101010101
010101010101010101010101010101010101010101010101010101010101010101010101010101010101010101010101
010101010101010101010101010101010101010101010101010101010101010101010101010101010101010101010101
010101010101010101010101010101010101010101010101010101010101010101010101010101010101010101010101
010101010101010101010101010101010101010101010101010101010101010101010101010101010101010101010101
010101010101010101010101010101010101010101010101010101010101010101010101010101010101010101010101
010101010101010101020101010101010101010101010101010101010101010101010101010101010101010101010101
010101010101010101010101010101010101010101010101010101010101010101010101010101010101010101010101
010101010101010101010101010101010101010101010101010101010101020101010201010101010101020101010101
010201010201010101010101010101010101010101010101010101010101010101010101010101010101010101010101
010101010101010101010101010101010101010101010101010101010101010101010101010101010101010101010101
010101010101010101010101010101010101010101010101010101010101010102010101010101010101010101010101
010101010101010101010101010101010101010101010101010101010102010101010101010101010101010101010101
010101010101010101010101010101010101010101010101010101010101010101010101010101010101010101010101
010101010101010101010101010101010101010101010101010101010101010101010101010101010101010101010101
010101010101010101010101010101010101010101010101010101010101010101010101010101010101010101010101
010101010101010101010101010101010101010101010101010101010101010101010101010101010101010101010101
010101010102010201010101010201010101010102010201010101010101010101010101010102010101010101010101
010101010101010101010101010101010101010101010101010101010101010101010101010101010101010101010101
010101010101010101010101010101010101010101010101010101010101010101010101010101010101010101010101
010101010101010101010101010101010101010101010101010101010101010101010101010101010101010101010101
010101010101010101010101010101010101010101010101010101010101010101010101010101010101010101010101
010101010101010101010101010101010101010101010101010101010101010101010101010101010101010101010101
010101010101010101010101010101010101010101010101010101010101010101010101010101010101010101010101
010101010101010101010101010101010101010101010101010101010101010101010101010101010101010101010101
010101010101010101010101010101010101010101010101010101010101010101010101010101010101010101010101
010101010101010101010101010101010101010101010101010101010101010101010101010101010101010101010101
010101010101010101010101010101010101010101010101010101010101010101010101010101010101010101010101
010101010101010101010101010101010101010101010101010101010101010101010101010101010101010101010101
010101010101010101010101010102020101020102020101010101010101010101010101010101020102020101010101
010102010101010101020101010101010101010101010101010101010101020101010101010101010101010101010101
010101010101010101010101010101010101010101010101010101010101010101010101010101010101010101010101
010101010101010101010101010101010101010101010101010101010201010201010101020101020101010101010101
010101010101010101010101010101010101010101010102010101010101010101010101010101010101010101010101
010102010101010101010101010101010101010101010102010201010101010101010101010101010101010101010101
010101010101010101010101010101010101010101010101010101010101010101010101010101010101010101010101
010101010101010101010101010101010101010101010101010101010101010101010101010101010101010101010101
010101010101010101010101010101010101010101010101010101010101010101010101010101010101010101010101
010101010101010101010101010101010101010101010101010101010101010101010101010101010101010101010101
010101010101010101010101010101010101010101010101010101010101010101010101010101010101010101010101
010101010101010101010101010101010101010101010101010101010101010101010101010101010101010101010101
010101010101010101010101010101010101010101010101010101010101010101010101010101010101010101010101
010101010101010101010101010101010101010101010101010101010101010101010101010101010101010101010101
010101010101010101010101010101010101010101010101010101010101010101010101010101010101010101010101
010101010101010101010101010101010101010101010101010101010101010101010101010101010101010101010101
010101010101010101010101010101010101010101010101010101010101010101010101010101010101010101010101
020102010101010101010102010101010101010101010101010101010101010201010101010101010101010101010101
010101010101010101010101010101010101010101010101010101010101010101010101010101010101010101010101
010101010101010101010101010101010101010101010101010101010101010101010101010101010101010101010101
010101010101010101010101010101010101010101010101010101010101010101010101010101010101010101010101
010101010101010101010101010101010101010101010101010101010101010101010101010101010101010101010101
010101010101010101010101010101010101010101010101010101010101010101010101010101010101010101010101
010101010101010101010101010101010101010101010101010101010101010101010101010101010101010101010101
010101010101010101010101010101010101010101010101010101010101010101010101010101010101010101010101
010101010101010101010101010101010101010101010101010101010101010101010101010101010101010101010101
010101010101010101010101010101010101010101010101010101010101010101010101010101010101010101010101
010101010101010101010101010101010101010101010101010101010101010101010101010101010101010101010101
010101010101010101010101010101010101010101010101010101010101010101010101010101010101010101010101
010101010101010101010101010101010101010101010101010101010101010101010101010101010101010101010101
010101010101010101010101010101010101010101010101010101010101010101010101010101010101010101010101
010101010101010101010101010101010101010101010101010101010101010101010101010101010101010101010101
010101010101010101010101010101010101010101010101010101010101010101010101010101010101010101010101
010101010101010101010101010101010101010101010101010101010101010101010101010101010101010101010101
010101010101010101010101010101010101010101010101010101010101010101010101010101010101010101010101
010101010101010101010101010101010101010101010101010101010101010101010101010101010101010101010101
010101010101010101010101010101010101010101010101010101010101010101010101010101010101010101010101
010101010101010101010101010101010101010101010101010101010101010101010101010101010101010101010101
010101010101010101010101010101010101010101010101010101010101010101010101010101010101010101010101
010101010101010101010101010101010101010101010101010101010101010101010101010101010101010101010101
010101010101010101010101010101010101010101010101010101010101010101010101010101010101010101010101
010101010101010101010101010101010101010101010101010101010101010101010101010101010101010101010101
010101010101010101010101010101010101010101010101010101010101010101010101010101010101010101010101
010101010101010101010101010101010101010101010101010101010101010101010101010101010101010101010101
010101010101010101010101010101010101010101010101010101010101010101010101010101010101010101010101
010101010101010101010101010101010101010101010101010101010101010101010101010101010101010101010101
010101010101010101010101010101010101010101010101010101010101010101010101010101010101010101010101
010101010101010101010101010101010101010101010101010101010101010101010101010101010101010101010101
010101010101010101010101010101010101010101010101010101010101010101010101010101010101010101010101
010101010101010101010101010101010101010101010101010101010101010101010101010101010101010101010101
010101010101010101010101010101010101010101010101010101010101010101010101010101010101010101010101
010101010101010101010101010101010101010101010101010101010101010101010101010101010101010101010101
010101010101010101010101010101010101010101010101010101010101010101010101010101010101010101010101
010101010101010101010101010101010101010101010101010101010101010101010101010101010101010101010101
010101010101010101010101010101010101010101010101010101010101010101010101010101010101010101010101
010101010101010101010101010101010101010101010101010101010101010101010101010101010201010101010101
010101010101010101010101010101010101010101010101020101020101010101010101010101010101010101010101
010101010101010101010101010101010101010101010101010101010101010101010101010101010101010101010101
010101010101010101010101010101010101010101010101010101010101010101010101010101010101010101010101
010101010101010101010101010101010101010101010101010101010101010101010101010101010101010101010101
010101010101010101010101010101010101010101010101010101010101010101010101010101010101010101010101
010101010101010101010101010101010101010101010101010101010101010101010101010101010101010101010101
010101010101010101010101010101010101010101010101010101010101010101010101010101010101010101010101
010101010101010101010101010101010101010101010101010101010101010101010101010101010101010101010101
010101010101010101010101010101010101010101010101010101010101010101010101010101010101010101010101
010101010101010101010101010101010101010101010101010101010101010101010101010101010101010101010101
010101010101010101010101010101010101010101010101010101010101010101010101010101010101010101010101
010101010101010101010101010101010101010101010101010101010101010101010101010101010101010101010101
010101010101010101010101010101010101010101010101010101010101010101010101010101010101010101010101
010101010101010101010101010101010101010101010101010101010101010101010101010101010101010101010101
010101010101010101010101010101010101010101010101010101010101010101010101010101010101010101010101
010101010101010101010101010101010101010101010101010101010101010101010101010101010101010101010101
010101010101010101010101010101010101010101010101010101010101010101010101010101010101010101010101
010101010101010101010101010101010101010101010101010101010101010101010101010101010101010101010101
010101010101010101010101010101010101010101010101010101010101010101010101010101010101010101010101
010101010101010101010101010101010101010101010101010101010101010101010101010101010101010101010101
010101010101010101010101010101010101010101010101010101010101010101010101010101010101010101010101
010101010101010101010101010101010101010101010101010101010101010101010101010101010101010101010101
010101010101010101010101010101010101010101010101010101010101010101010101010101010101010101010101
010101010101010101010101010101010101010101010101010101010101010101010101010101010101010101010101
010101010101010101010101010101010101010101010101010101010101010101010101010101010101010101010101
010101010101010101010101010101010101010101010101010101010101010101010101010101010101010101010101
010101010101010101010101010101010101010101010101010101010101010101010101010101010101010101010101
010101010101010101010101010101010101010101010101010101010101010101010101010101010101010101010101
010101010101010101010101010101010101010101010101010101010101010101010101010101010101010101010101
010101010101010101010101010101010101010101010101010101010101010101010101010101010101010101010101
010101010101010101010101010101010101010101010101010101010101010101010101010101010101010101010101
010101010101010101010101010101010101010101010101010101010101010101010101010101010101010101010101
010101010101010101010101010101010101010101010101010101010101010101010101010101010101010101010101
010101010101010101010101010101010101010101010101010101010101010101010101010101010101010101010101
010101010101010101010101010101010101010101010101010101010101010101010101010101010101010101010101
010101010101010101010101010101010101010101010101010101010101010101010101010101010101010101010101
010101010101010101010101010101010101010101010101010101010101010101010101010101010101010101010101
010101010101010101010101010101010101010101010101010101010101010101010101010101010101010101010101
010101010101010101010101010101010101010101010101010101010101010101010101010101010101010101010101
010101010101010101010101010101010101010101010101010101010101010101010101010101010101010101010101
010101010101010101010101010101010101010101010101010101010101010101010101010101010101010101010101
010101010101010101010101010101010101010101010101010101010101010101010101010101010101010101010101
010101010101010101010101010101010101010101010101010101010101010101010101010101010101010101010101
010101010101010101010101010101010101010101010101010101010101010101010101010101010101010101010101
010101010101010101010101010101010101010101010101010101010101010101010101010101010101010101010101
010101010101010101010101010101010101010101010101010101010101010101010101010101010101010101010101
010101010101010101010101010101010101010101010101010101010101010101010101010101010101010101010101
010101010101010101010101010101010101010101010101010101010101010101010101010101010101010101010101
010101010101010101010101010101010101010101010101010101010101010101010101010101010101010101010101
010101010101010101010101010101010101010101010101010101010101010101010101010101010101010101010101
010101010101010101010101010101010101010101010101010101010101010101010101010101010101010101010101
010101010101010101010101010101010101010101010101010101010101010101010101010101010101010101010101
010101010101010101010101010101010101010101010101010101010101010101010101010101010101010101010101
010101010101010101010101010101010101010101010101010101010101010101010101010101010101010101010101
010101010101010101010101010101010101010101010101010101010101010101010101010101010101010101010101
010101010101010101010101010101010101010101010101010101010101010101010101010101010101010101010101
010101010101010101010101010101010101010101010101010101010101010101010101010101010101010101010101
010101010101010101010101010101010101010101010101010101010101010101010101010101010101010101010101
010101010101010101010101010101010101010101010101010101010101010101010101010101010101010101010101
010101010101010101010101010101010101010101010101010101010101010101010101010101010101010101010101
010101010101010101010101010101010101010101010101010101010101010101010101010101010101010101010101
010101010101010101010101010101010101010101010101010101010101010101010102010101010101010101010101
010101010101010101010101010101010101010101010101010101010101010101010101010101010101010101010101
010101010101010101010101010101010101010101010101010101010101010101010101010101010101010101010101
010101010101010101010101010101010101010101010101010101010101010101010101010101010101010101010101
010101010101010101010101010101010101010101010101010101010101010101010102010101010101010101010101
010101010101010101010101010101010101010101010101010101010101010101010101010101010101010101010101
010101010101010101010101010101010101010101010101010101010101010101010101010101010101010101010101
010101010101010101010101010101010101010101010101010101010101010101010101010101010101010101010101
010101010101010101010101010101010101010101010101010101010101010101010101010101010101010101010101
010101010101010101010101010101010101010101010101010101010101010101010101010101010101010101010101
010101010101010101010101010101010101010101010101010101010101010101010101010101010101010101010101
010101010101010101010101010101010101010101010101010101010101010101010101010101010101010101010101
010101010101010101010101010101010101010101010101010101010101010101010101010101010101010101010101
010101010101010101010101010101010101010101010101010101010101010101010101010101010101010101010101
010101010101010101010101010101010101010101010101010101010101010101010101010101010101010101010101
010101010101010101010101010101010101010101010101010101010101010101010101010101010101010101010101
010101010101010101010101010101010101010101010101010101010101010101010101010101010101010101010101
010101010101010101010101010101010101010101010101010101010101010101010101010101010101010101010101
010101010101010101010101010101010101010101010101010101010101010101010101010101010101010101010101
010101010101010101010101010101010101010101010101010101010101010101010101010101010101010101010101
010101010101010101010101010101010101010101010101010101010101010101010101010101010101010101010101
010101010101010101010101010101010101010101010101010101010101010101010101010101010101010101010101
010101010101010101010101010101010101010101010101010101010101010101010101010101010101010101010101
010101010101010101010101010101010101010101010101010101010101010101010101010101010101010101010101
010101010101010101010101010101010101010101010101010101010101010101010101010101010101010101010101
010101010101010101010101010101010101010101010101010101010101010101010101010101010101010101010101
010101010101010101010101010101010101010101010101010101010101010101010101010101010101010101010101
010101010101010101010101010101010101010101010101010101010101010101010101010101010101010101010101
010101010101010101010101010101010101010101010101010101010101010101010101010101010101010101010101
010101010101010101010101010101010101010101010101010101010101010101010101010101010101010101010101
010101010101010101010101010101010101010101010101010101010101010101010101010101010101010101010101
010101010101010101010101010101010101010101010101010101010101010101010101010101010101010101010101
010101010101010101010101010101010101010101010101010101010101010101010101010101010101010101010101
010101010101010101010101010101010101010101010101010101010101010101010101010101010101010101010101
010101010101010101010101010101010101010101010101010101010101010101010101010101010101010101010101
010101010101010101010101010101010101010101010101010101010101010101010101010101010101010101010101
010101010101010101010101010101010101010101010101010101010101010101010101010101010101010101010101
010101010101010101010101010101010101010101010101010101010101010101010101010101010101010101010101
010101010101010101010101010101010101010101010101010101010101010101010101010101010101010101010101
010101010101010101010101010101010101010101010101010101010101010101010101010101010101010101010101
010101010101010101010101010101010101010101010101010101010101010101010101010101010101010101010101
010101010101010101010101010101010101010101010101010101010101010101010101010101010101010101010101
010101010101010101010101010101010101010101010101010101010101010101010101010101010101010101010101
010101010101010101010101010101010101010101010101010101010101010101010101010101010101010101010101
010101010101010101010101010101010101010101010101010101010101010101010101010101010101010101010101
010101010101010101010101010101010101010101010101010101010101010101010101010101010101010101010101
010101010101010101010101010101010101010101010101010101010101010101010101010101010101010101010101
010101010101010101010101010101010101010101010101010101010101010101010101010101010101010101010101
010101010101010101010101010101010101010101010101010101010101010101010101010101010101010101010101
010101010101010101010101010101010101010101010101010101010101010101010101010101010101010101010101
010101010101010101010101010101010101010101010101010101010101010101010101010101010101010201010101
010101010101010101010101010101010101010101010101010101010101010101010101010101010101010101010101
010101010101010102010101010101010202020202020202020202020202020202010201020201010201010101010101
010101010101010101020101010101010101010101010101010101010102010101010101020202020102020202020202
020102010101010101010101010101010101010101010101010201010101010101010101010101010101010102010101
010101010101010101010101010101020101010101010101010101010101020201010101010101010101010102010101
010101010101010101010101010101010101010101010101010101010101010101010101010101010101010101010101
010101010101010101010101010101010101010101010101010101010101010101010101010101010101010102020101
010101010201010101010101010101010101010101010101010101010101010101010101010101010101010101010101
010101010101010101010101010101010101010101010101010101010101010101010101010101010101010101010101
010101010101010101010102010101010101010201010102010101010101010101010101010101010101010101010101
010101010101010101010101010101010101010101010101010101010101020201010101010101020101010101010101
010101010101010101010101010101010101010101010101010101010101010101010101010101010101010101010101
010101010101010101010101010102010101010201010101020101010101010101010101010101020201010101010101
020101010101010101010101010101010101010101010101010101010101010101010101010101010101010101010101
010101010101010101010101010101010101010101010101010101010101010101010101010101010101010101010101
010101010101010101010101010101010101010101010101010101010101010101010101010101010101010101020101
010101020201010101010101010101010101010101010101010101010101010101010101010101010101010101010101
010101010101010101010101010101010101010101010102020101010101010101010101010102010101010101010101
010101010101010101010101010101010202010101010101020101010101010101010101010101010101010101010101
010101010101010101010101010101010101010101010101010101010101010101010101010101010101010101010101
010101010101010101010101010101010101010101010101010101010101010101010101010101010101010101010101
010101010101010101010101010101010101010101010101010101010101010101010101010101010101010101010101
010101010101010101010101010101010101010101010101010101010101010101010101010101010101010101010101
010101010101010101010101010101010101010101010101010101010101010101010101010101010101010101010101
010101010101010101010101010101010101010101010101010101010101010101010101010101010101010101010101
010101010101010101010101010101010101010101010101010101010101010101010101010101010101010101010101
01010101010101010101010101010101010101010101010101
