4b52433130310000bf4100000030000000040000249a00000000000000000000000000001b0000000000000036000000
000000006800000000000000e400000000000000ff000000000000000801000000000000620100000000000074010000
00000000d701000000000000e901000000000000ef010000000000003502000000000000aa02000000000000ca020000
00000000e50200000000000000030000000000001b0300000000000024030000000000005a03000000000000ab030000
00000000e103000000000000ea0300000000000007040000000000000d04000000000000370400000000000046040000
0000000064040000000000006a0400000000000070040000000000009e04000000000000bf04000000000000e0040000
00000000e60400000000000014050000000000003b050000000000006205000000000000e305000000000000fb050000
0000000004060000000000000d0600000000000016060000000000003a0600000000000043060000000000004c060000
0000000070060000000000008b06000000000000a606000000000000c906000000000000ed0600000000000010070000
0000000016070000000000001c0700000000000040070000000000006307000000000000690700000000000093070000
00000000f60700000000000008080000000000002c0800000000000056080000000000008c08000000000000c2080000
00000000d40800000000000037090000000000004909000000000000b009000000000000c2090000000000003d0a0000
00000000830a000000000000c90a000000000000e10a000000000000680b000000000000890b000000000000aa0b0000
00000000cb0b0000000000002e0c0000000000003a0c0000000000007c0c000000000000880c000000000000d60c0000
00000000e80c000000000000fa0c0000000000000c0d000000000000420d000000000000050e000000000000290e0000
00000000350e000000000000b60e000000000000eb0e000000000000210f000000000000330f000000000000960f0000
00000000fd0f0000000000000f1000000000000021100000000000009c10000000000000d110000000000000da100000
00000000e31000000000000019110000000000001c110000000000002e110000000000004e1100000000000083110000
00000000b811000000000000c11100000000000000120000000000001012000000000000131200000000000016120000
0000000029120000000000008f12000000000000a112000000000000c112000000000000df1200000000000075130000
0000000090130000000000009813000000000000f213000000000000281400000000000067140000000000007a140000
00000000f21400000000000058150000000000006a150000000000007c15000000000000f415000000000000fd150000
0000000033160000000000003c1600000000000045160000000000007b160000000000007e160000000000008d160000
00000000b016000000000000cb16000000000000011700000000000010170000000000001f1700000000000022170000
000000002b170000000000002e1700000000000034170000000000004b170000000000005a170000000000005d170000
000000006f1700000000000072170000000000008417000000000000ca17000000000000d617000000000000ec170000
0000000016180000000000001f1800000000000028180000000000006c18000000000000751800000000000087180000
000000009918000000000000ce1800000000000014190000000000001a1900000000000026190000000000005c190000
000000006519000000000000cf19000000000000e119000000000000e719000000000000251a000000000000751a0000
00000000901a000000000000b31a000000000000d51a000000000000f81a000000000000041b000000000000461b0000
00000000ae1b000000000000f01b000000000000f61b0000000000001a1c000000000000201c000000000000261c0000
000000004a1c0000000000005c1c000000000000801c000000000000ea1c000000000000f31c000000000000051d0000
00000000561d0000000000005c1d000000000000771d000000000000b51d000000000000f11d000000000000fd1d0000
00000000011e0000000000002e1e000000000000701e000000000000861e0000000000008a1e000000000000b81e0000
00000000061f000000000000201f000000000000a11f000000000000b91f000000000000cb1f000000000000dd1f0000
00000000e31f000000000000062000000000000018200000000000001e20000000000000422000000000000078200000
000000008a20000000000000ae20000000000000d220000000000000e620000000000000f920000000000000fd200000
000000001b21000000000000352100000000000075210000000000007b21000000000000812100000000000099210000
00000000ab21000000000000c321000000000000cd21000000000000d021000000000000e72100000000000008220000
000000002c22000000000000382200000000000044220000000000008622000000000000c722000000000000d3220000
00000000172300000000000069230000000000009723000000000000a723000000000000b72300000000000011240000
0000000027240000000000003d2400000000000053240000000000009524000000000000bd24000000000000c5240000
00000000f124000000000000252500000000000031250000000000003d2500000000000049250000000000006d250000
00000000d92500000000000005260000000000000d260000000000006326000000000000872600000000000093260000
000000009f26000000000000e126000000000000222700000000000066270000000000007227000000000000c4270000
00000000d827000000000000fb27000000000000002800000000000023280000000000002f2800000000000031280000
0000000033280000000000003f2800000000000080280000000000008c28000000000000a128000000000000b6280000
00000000d928000000000000e528000000000000e728000000000000f5280000000000003a290000000000004f290000
000000009229000000000000b429000000000000ba29000000000000f9290000000000001c2a000000000000282a0000
00000000362a000000000000872a000000000000c82a0000000000000d2b000000000000192b0000000000006a2b0000
00000000882b0000000000008e2b000000000000a02b000000000000a22b000000000000a82b000000000000be2b0000
00000000dc2b000000000000e22b000000000000062c000000000000082c000000000000142c0000000000005a2c0000
00000000662c0000000000007d2c000000000000d12c000000000000e32c000000000000e92c0000000000002d2d0000
000000003f2d000000000000632d0000000000006f2d000000000000a52d000000000000eb2d000000000000f12d0000
00000000fd2d000000000000322e000000000000382e0000000000003e2e0000000000004e2e000000000000522e0000
000000006e2e000000000000892e0000000000008f2e000000000000b82e000000000000be2e000000000000c42e0000
00000000e62e000000000000f62e000000000000fa2e0000000000001c2f000000000000362f0000000000003c2f0000
000000003e2f000000000000532f0000000000008f2f000000000000a72f000000000000ab2f000000000000d52f0000
0000000009300000000000001b3000000000000077300000000000008930000000000000a030000000000000a8300000
00000000be30000000000000d530000000000000dd3000000000000009310000000000004a3100000000000062310000
000000007831000000000000a431000000000000b831000000000000bc31000000000000c831000000000000dc310000
00000000e031000000000000f83100000000000030320000000000003c32000000000000483200000000000060320000
000000007a32000000000000b632000000000000bc32000000000000f03200000000000008330000000000000a330000
000000000e3300000000000020330000000000007c330000000000008e33000000000000a333000000000000cd330000
00000000033400000000000039340000000000004b34000000000000b734000000000000c934000000000000db340000
00000000ed3400000000000035350000000000007435000000000000b335000000000000d735000000000000fb350000
0000000067360000000000008b36000000000000f33600000000000008370000000000006b370000000000007d370000
000000008337000000000000c33700000000000029380000000000004c38000000000000523800000000000092380000
000000000d390000000000003639000000000000ed39000000000000103a000000000000193a0000000000007c3a0000
000000008e3a000000000000943a000000000000da3a0000000000002b3b000000000000463b000000000000543b0000
00000000573b0000000000005a3b0000000000006f3b000000000000913b000000000000b13b000000000000b73b0000
00000000e33b000000000000fe3b000000000000183c000000000000733c000000000000853c000000000000a53c0000
00000000e83c000000000000003d0000000000005c3d000000000000623d000000000000a33d000000000000af3d0000
00000000e53d0000000000006e3e000000000000893e000000000000923e000000000000ef3e000000000000313f0000
00000000733f000000000000893f0000000000000d40000000000000234000000000000039400000000000004f400000
00000000a740000000000000e640000000000000254100000000000051410000000000007d4100000000000001420000
000000002d420000000000004e420000000000006f420000000000007a42000000000000bc42000000000000dd420000
00000000e842000000000000f34200000000000035430000000000009843000000000000b943000000000000fb430000
000000003d440000000000005e440000000000007f44000000000000a044000000000000ab44000000000000ed440000
000000004f4500000000000091450000000000009c45000000000000a745000000000000bd45000000000000c8450000
00000000d345000000000000ff4500000000000020460000000000004046000000000000564600000000000082460000
00000000a346000000000000e546000000000000fb4600000000000057470000000000006d4700000000000083470000
000000009947000000000000da47000000000000fb470000000000003d480000000000005348000000000000af480000
00000000c14800000000000024490000000000003649000000000000ab49000000000000c649000000000000e1490000
00000000fc490000000000004d4a000000000000884a000000000000944a000000000000d64a000000000000244b0000
00000000364b000000000000484b0000000000005a4b000000000000904b000000000000c64b000000000000fc4b0000
00000000424c000000000000884c000000000000354d000000000000584d0000000000008e4d000000000000c44d0000
00000000f94d000000000000024e0000000000000b4e000000000000414e000000000000764e000000000000a44e0000
00000000ad4e000000000000e84e000000000000654f0000000000007e4f000000000000b44f000000000000ef4f0000
00000000f84f0000000000002e5000000000000037500000000000004050000000000000765000000000000091500000
00000000c750000000000000e550000000000000eb50000000000000fd500000000000001b5100000000000021510000
0000000045510000000000009851000000000000aa51000000000000bc51000000000000e051000000000000e9510000
000000004c520000000000005e52000000000000aa52000000000000cd52000000000000f05200000000000013530000
000000007a53000000000000dd53000000000000e653000000000000f8530000000000004454000000000000fd540000
0000000021550000000000002d55000000000000b955000000000000ef55000000000000255600000000000037560000
00000000a356000000000000e2560000000000001957000000000000245700000000000078570000000000008a570000
000000009c57000000000000ae57000000000000f65700000000000062580000000000008658000000000000ee580000
0000000003590000000000008359000000000000b3590000000000002d5a000000000000455a000000000000695a0000
000000008d5a000000000000f05a000000000000565b000000000000685b000000000000e35b000000000000065c0000
000000000c5c000000000000125c0000000000003b5c000000000000f25c000000000000155d000000000000555d0000
00000000955d000000000000f85d000000000000015e000000000000135e000000000000645e0000000000006a5e0000
00000000855e000000000000cb5e000000000000d95e000000000000fb5e000000000000fe5e000000000000195f0000
00000000395f0000000000003c5f000000000000425f0000000000005c5f000000000000b75f000000000000c95f0000
00000000de5f0000000000000a600000000000009360000000000000ae60000000000000b76000000000000014610000
00000000346100000000000077610000000000008f61000000000000eb610000000000002c6200000000000032620000
000000003e620000000000007462000000000000a762000000000000b062000000000000b962000000000000ef620000
00000000f262000000000000046300000000000027630000000000005a630000000000008a6300000000000093630000
00000000d063000000000000e163000000000000e463000000000000e763000000000000fc6300000000000061640000
0000000073640000000000009664000000000000b9640000000000003d65000000000000576500000000000060650000
00000000c965000000000000ff650000000000003c660000000000005166000000000000ce6600000000000033670000
0000000045670000000000005767000000000000d467000000000000e267000000000000f367000000000000f6670000
00000000086800000000000019680000000000001c680000000000001f68000000000000316800000000000073680000
000000007f680000000000009468000000000000ab68000000000000bc68000000000000cd68000000000000d0680000
00000000e36800000000000024690000000000003b690000000000006b6900000000000094690000000000009c690000
00000000db69000000000000ed69000000000000ff69000000000000126a000000000000636a000000000000a56a0000
00000000e66a000000000000f26a000000000000436b000000000000a76b000000000000b96b000000000000bf6b0000
00000000ff6b000000000000626c000000000000846c0000000000008a6c000000000000c96c000000000000436d0000
000000006d6d000000000000106e000000000000306e000000000000506e000000000000736e0000000000007f6e0000
00000000c16e000000000000e46e000000000000f06e000000000000fc6e0000000000003d6f0000000000009d6f0000
00000000c16f0000000000000370000000000000447000000000000066700000000000006c7000000000000072700000
000000009670000000000000b870000000000000d770000000000000dd70000000000000057100000000000059710000
000000006a710000000000008e71000000000000b6710000000000001a720000000000007d720000000000008f720000
0000000009730000000000002b7300000000000031730000000000003773000000000000617300000000000004740000
0000000024740000000000006474000000000000a374000000000000fc740000000000000e7500000000000014750000
000000005875000000000000bb75000000000000dc75000000000000e27500000000000026760000000000009b760000
00000000c276000000000000517700000000000070770000000000008b77000000000000a677000000000000af770000
00000000e577000000000000007800000000000009780000000000001278000000000000487800000000000099780000
00000000b478000000000000ea78000000000000207900000000000054790000000000005a7900000000000063790000
000000009679000000000000b279000000000000dc79000000000000267a000000000000357a000000000000627a0000
000000006b7a000000000000867a000000000000897a000000000000927a000000000000b47a000000000000e17a0000
00000000177b000000000000207b000000000000567b000000000000687b0000000000006b7b0000000000006e7b0000
00000000807b000000000000d07b000000000000df7b000000000000017c000000000000237c000000000000a07c0000
00000000bb7c000000000000c47c000000000000217d0000000000003c7d000000000000727d000000000000847d0000
00000000d07d000000000000207e000000000000297e000000000000387e000000000000847e000000000000b77e0000
00000000ea7e000000000000fc7e0000000000000e7f0000000000003b7f000000000000a77f00000000000013800000
000000002e80000000000000498000000000000064800000000000006d80000000000000a380000000000000f4800000
000000002a810000000000003c8100000000000042810000000000005481000000000000728100000000000078810000
000000008a810000000000009081000000000000ae81000000000000d281000000000000f6810000000000003e820000
0000000056820000000000005f820000000000006882000000000000718200000000000095820000000000009e820000
00000000a782000000000000cb82000000000000e6820000000000000183000000000000248300000000000048830000
000000007e83000000000000b483000000000000c6830000000000002984000000000000598400000000000089840000
000000009b8400000000000007850000000000002a850000000000004d850000000000005985000000000000a1850000
00000000b385000000000000c585000000000000d7850000000000000d8600000000000079860000000000009d860000
00000000c186000000000000218700000000000056870000000000008c870000000000009e8700000000000001880000
000000001c880000000000003788000000000000408800000000000076880000000000007f88000000000000b5880000
00000000cd88000000000000e888000000000000f188000000000000fa88000000000000308900000000000039890000
000000004289000000000000458900000000000057890000000000008d890000000000009f89000000000000b7890000
00000000cf89000000000000208a0000000000003b8a000000000000568a0000000000009e8a000000000000d38a0000
00000000098b0000000000001b8b000000000000848b000000000000ba8b000000000000f08b000000000000028c0000
000000006b8c000000000000838c0000000000009b8c000000000000b68c000000000000bf8c000000000000f58c0000
00000000fe8c000000000000348d0000000000004c8d0000000000008e8d000000000000c48d000000000000fa8d0000
00000000038e000000000000068e0000000000000f8e000000000000188e0000000000002a8e000000000000398e0000
00000000428e000000000000458e000000000000578e000000000000608e000000000000728e000000000000968e0000
00000000a28e000000000000b18e000000000000cc8e000000000000d58e000000000000f08e0000000000001d8f0000
00000000268f000000000000388f0000000000004a8f0000000000007f8f000000000000918f000000000000b58f0000
00000000c18f000000000000f68f0000000000001190000000000000479000000000000059900000000000006b900000
000000009b90000000000000eb900000000000003c9100000000000054910000000000006c9100000000000084910000
000000008d91000000000000c3910000000000000b920000000000004192000000000000529200000000000063920000
0000000075920000000000007b920000000000009f92000000000000cf92000000000000f3920000000000000e930000
0000000044930000000000005693000000000000a693000000000000b893000000000000099400000000000039940000
000000004b940000000000005d9400000000000063940000000000008194000000000000939400000000000099940000
000000009f94000000000000bd9400000000000005950000000000001d95000000000000419500000000000065950000
00000000779500000000000089950000000000008f95000000000000b295000000000000c495000000000000ca950000
00000000ee95000000000000249600000000000036960000000000005a960000000000007e9600000000000084960000
000000008a960000000000009096000000000000a196000000000000b996000000000000d196000000000000d7960000
00000000dd96000000000000f59600000000000007970000000000001f9700000000000043970000000000004f970000
000000005b970000000000009d97000000000000ba97000000000000c697000000000000d2970000000000001a980000
00000000269800000000000032980000000000003e980000000000006e980000000000007a9800000000000086980000
000000009298000000000000b698000000000000da98000000000000e698000000000000f2980000000000002e990000
0000000052990000000000005e990000000000006a99000000000000ac99000000000000b599000000000000be990000
00000000c799000000000000eb99000000000000ee99000000000000f199000000000000f499000000000000009a0000
00000000129a000000000000249a000000000000c101000009030000ff0600004507000091080000cd080000e10a0000
630b00009b0c0000450d0000d41000005b130000c11300006015000084150000661600007616000088170000a2170000
e11f0000d62100006027000064270000ae280000b2280000c2290000dc29000037010000c1010000c3060000ff060000
cd08000013090000aa0a0000e10a000014120000fe1400008415000076160000e516000047170000a2170000231b0000
f11c0000e11f00000a200000d6210000f62100005b27000060270000a9280000ae280000b4290000c229000073010000
d901000021030000c3060000ff0600004507000091080000cd08000013090000aa0a0000e10a0000630b0000d70c0000
540d0000d4100000141200005b130000c113000016150000641500008c1500006616000076160000e516000047170000
88170000a2170000271b0000f11c0000f91f000019200000d6210000f62100009a2700009e270000a6270000a9280000
ae280000b2280000b4290000c2290000dc290000733b0000aa3b00002f3c0000c63c0000c13d0000d93d00009a3e0000
a33e00008a01000053030000e5030000f703000007040000610400009a04000053050000ba050000a1080000c1080000
6b0900008f090000cb0a0000380b00008e0b0000fb0b0000770c0000ee0c0000300d0000ed0d00001c0e0000240e0000
460e0000920e00009c0e0000c80e0000db0e0000010f0000050f0000460f0000710f0000950f0000a80f0000b30f0000
d40f000006100000a6110000b0110000d6110000011200001f1200006012000080120000a8120000ba1200004a130000
7c130000a5130000061400000a140000311400004b14000053140000961400009b14000010160000d5160000f5160000
b4170000d2180000e21800004e1c0000fd1c0000561f00005e1f0000741f0000801f0000022000009120000004210000
b7210000f121000038220000222300003c2300007a230000b623000020240000322400005a2400008a240000d5250000
f7250000ff2500003b270000cd270000f12700005d280000732800004c290000af290000b42a0000132b00007c2b0000
d92b0000432d0000d72d00000d2f00003f2f0000c22f0000f82f0000f4330000673400000d3600009c360000a7360000
d436000040370000ae370000e5370000173800003d3800004538000009390000743900008e390000ec3e00003a3f0000
473f0000b5400000f9400000374100007b410000fd020000f10400001a0500002c050000480600005006000039090000
5f0b0000a60b000015160000cd160000fa160000be170000341f0000831f0000be220000b9230000e52300008b240000
1c2a0000da2b0000ce2c00003b2d00004b36000045370000724000000341000000020000ed0200006e0300004b060000
a90b00002515000049150000a8150000bf170000eb0000007301000092010000ab010000e5020000210300005b030000
8f030000f10300006f04000022050000c0050000f7050000000600006a060000c3060000450700009108000013090000
73090000cb090000260a0000aa0a0000630b0000960b0000ca0b0000d70c0000f60c00003e0d0000f60d0000340e0000
d80e0000fb0f0000261000008710000006110000461200005b1300002e14000063140000161500003c1500005b150000
7b1500007f150000a0150000ff15000027160000a2160000be160000251700004717000070170000b7170000ba170000
f1170000411d0000651d0000851d0000c11d0000d41d0000d81d0000e01d0000931f0000971f00009f1f0000be230000
fa2400002127000025270000d6270000df270000f92900007b2a0000082b0000ea2b0000292c0000372c0000512c0000
a52c0000e82c0000c22d0000b92f00007b340000df380000733b00002f3c00003f3d0000ad410000b641000022030000
1e050000280500005706000014090000510b0000551600007a1b0000071c00000a1c000043200000ca20000014210000
16220000d52c0000372d00001d2f0000462f0000a10000002d0200007802000099030000c1030000dd03000097040000
98040000c4040000cb040000d1040000f604000065050000230600008a060000a0060000bf060000d10600001b070000
250700002c0700002e0700005e0700006007000097070000e9080000fc080000410a0000070b0000170b0000460c0000
da0c0000f40d00007f0e0000720f00007a0f00006910000044120000931200005f130000171400006016000011180000
17180000d0180000f7190000071a0000be1a0000481b0000be1b0000f61b0000951c00009f1e000035200000de200000
082200006f220000c8230000ed230000062500003925000098270000a7270000d1270000e0270000e8270000f8270000
892800008f280000b5280000b7280000db280000dd2800009d290000d42900004b2a00005f2a0000b92c0000292d0000
a42d0000222e00007a2e00009c2e0000d82f0000de2f0000ef2f0000ff2f0000103000001e300000683000006a300000
7e320000b53200007d3300005c390000013f0000e83f00004f40000056400000ad000000aa030000b603000072040000
a405000096060000af060000030700000d070000660a0000f61f00006f200000fe200000c0210000722c0000002d0000
072f00002f2f00002e000000b6000000b7010000df01000088050000ad09000020000000210000005b00000069000000
7a000000b90000000001000080010000ad010000bf01000007020000090200002f02000031020000a702000080030000
97030000e9030000760400000f050000140500008205000098050000c6050000ee050000340600007106000082060000
90060000fd0600007c0700009d070000cb08000062090000c6090000c80900003e0a0000640a0000d80a0000bb0b0000
c50b0000cc0b00004a0c0000510c0000e40c0000f20f00001b180000461800004f180000d0190000dc1f000053200000
ac2000001a210000be2100002e2200009c220000d322000096240000a62400006a2a0000312b0000662c00009c2c0000
ef2c0000232f0000552f0000652f00001b3b0000a13b0000a80000002d020000780200002203000096030000d4030000
f50300006904000073040000c4040000cb040000d1040000f60400001e05000028050000650500002306000057060000
8806000099060000cc060000f00600000007000004070000060700000e0700001b07000025070000e9080000fc080000
140900005a0900005e0a0000070b0000170b0000510b0000460c0000e00c0000f40d00004d0e0000720f00007a0f0000
f00f000069100000441200006d130000171400005516000060160000d0180000be1a0000481b00007a1b0000be1b0000
f61b0000071c00000a1c0000951c00009f1e0000fa1f0000fe1f00003520000043200000702000007c200000ca200000
de200000ff2000001421000063210000c4210000c821000008220000162200006f220000062500003925000098270000
a7270000d1270000e0270000e8270000f8270000892800008f280000b5280000b7280000db280000dd2800009d290000
d4290000b92c0000d52c0000292d0000372d00005f2d0000a42d0000de2d0000222e00007a2e00009c2e0000082f0000
1d2f0000302f0000462f0000d82f0000de2f0000ef2f0000ff2f0000093000003d3000007e320000b53200003a350000
e7380000013f0000e83f000031000000b5000000ba010000e2010000a702000080030000a6030000760400008d050000
a60500003406000071060000f3070000fd070000b0090000bb0b00001b180000461800004f180000d0190000ea1f0000
53200000ac200000fa2000001a2100002e2200006a2a0000312b0000742c0000ef2c0000032f0000232f00007c010000
7c020000010400001c040000ce040000e1040000ec0500009a08000000090000f2090000bc0a0000250b0000af100000
7a1b0000ee1b0000071c00000a1c000043200000ca20000014210000162200009a2c0000192d00001d2f0000462f0000
b83100001e390000f5030000c0040000cc060000f0060000170700001d070000e00c00004d0e0000f00f00006d130000
00160000671600006a160000c21a0000281b0000581b00009d1b0000df1b00005d1c0000a31c0000e91c00005f2d0000
de2d00008d2e0000b62e0000453000002b3a0000a60000001e03000095030000d3030000720400001d05000027050000
560600008706000098060000030700000d07000010090000580900005c0a00004d0b000054160000f61f00006f200000
fe200000c0210000d42c0000362d0000072f00002f2f000008300000e53800001b00000039000000b7010000df010000
db0200007805000042060000ad0900001c1500001e0000003c000000880000000001000080010000ba010000e2010000
fc0100000e020000f60200001203000097030000e90300006604000076040000140500007b050000c6050000ee050000
fe0500004c060000520600007f07000088070000f3070000fd070000320800005209000062090000b0090000940b0000
d70b0000e40c0000f20f00001f1500004a15000053150000201600009016000013170000c0170000e8170000ea1f0000
fa200000c5220000ac230000f1240000302600009c2c0000d02c0000032f0000b02f000020330000773a00007c010000
7c020000f5030000010400001c040000c0040000ce040000e1040000ec050000cc060000f0060000170700001d070000
9a08000000090000f2090000bc0a0000250b0000e00c0000f40d00004d0e0000d10e0000720f00007a0f0000f00f0000
69100000af100000d5100000de100000441200006d130000171400000016000060160000671600006a160000c21a0000
281b0000581b00007a1b00009d1b0000df1b0000ee1b0000071c00000a1c00005d1c0000a31c0000e91c000017200000
4320000088200000ca2000000a21000014210000df21000016220000a1270000c827000036280000aa280000bc280000
77290000c62900009a2c0000192d00005f2d0000a42d0000de2d0000222e00008d2e0000b62e0000132f00001d2f0000
362f0000462f000045300000b8310000e53200001e3900002b3a0000ed3a00001e0000003c0000008800000000010000
80010000ba010000e2010000a1020000f6020000120300007203000097030000e9030000760400000f05000014050000
7b050000c6050000ee0500004c060000520600007f07000088070000f3070000fd070000320800005209000062090000
b0090000f60900000e0a0000ad0b0000e40c0000f20f00001f15000090160000f8170000461800004f180000d0190000
ea1f000053200000ac200000fa2000001a2100002e220000f0290000312b00009c2c0000d02c0000032f0000232f0000
20330000c73800005802000080020000c70400001c06000026060000e0090000c61a0000c11b0000bc2c00001f000000
59000000070200002f0200009802000049030000660400000f0500002e0600006106000080060000c6090000370a0000
840b0000c50b00004a0c0000191800009c220000962400002b270000ab270000d82700006928000091280000632a0000
df2c0000552f0000e02f0000163b000030000000b1000000a50300008c050000a5050000732c0000210000007a000000
b9000000070200002f020000580200008002000098020000490300009703000066040000c70400000f05000082050000
980500001c060000260600002e060000610600007c0700009d070000c6090000e0090000840b0000c50b00004a0c0000
19180000c61a0000c11b00009c220000962400002b270000ab270000d82700006928000091280000632a0000662c0000
bc2c0000df2c0000552f0000e02f00005802000080020000c70400001c06000026060000e0090000c61a0000c11b0000
2b270000ab270000d82700006928000091280000bc2c0000e02f00005704000049050000b30a0000fc0a0000a50e0000
3f0f00009e130000f4130000391a0000501a00005f1b0000b51c00008d2000009e200000ea210000ee21000055240000
80240000ed270000a8290000f72d0000a72e00003b2f0000f42f000045350000fe380000af390000e13e0000f2400000
2e4100002b0500005a0b0000cc2000001a2200003a2d0000482f0000e6020000470600001e150000f11a0000fa1a0000
6c1c00008b0100000903000054030000ed0300006b040000f305000066060000450700006c090000580b00008f0b0000
a70d0000d50e0000260f0000f40f000044100000761100007f110000e1120000fd1500002216000040170000c2170000
ea170000cd1b0000381c0000c81c00000b1d0000311d0000112000003e20000007210000182200007b230000b7230000
de240000f6240000682a0000a12c0000e42c00008d2d0000102f00009d2f0000b52f0000243c0000243e0000c4030000
d304000068050000480a0000080b00001b0b0000870e00007e0f0000621300001e140000fa190000081a00004a1b0000
991c0000e62000000b220000d0230000f0230000ec270000fa270000a4290000d82900002b2d0000262e00009e2e0000
f32f0000013000008033000067390000043f0000f33f000050400000574000001a00000079000000e500000010010000
040200004a020000570200007f020000970200009a020000480300004b030000b7050000170600007b070000df090000
830b0000860b0000bd0b0000d50d00005b1000003d150000c51a00008b1d0000332200009e2200003923000020270000
2a270000aa270000ad2700005b280000662800002f000000b7000000b8010000e00100008a050000ae0900006a000000
7e000000840300009b030000ea0300007804000010050000150500009a050000c7050000ef0500007306000091060000
7e0700009e070000cc0800003f0a0000670a0000d90a0000bf0b0000c60b0000cd0b00004b0c0000520c0000eb0c0000
f60f0000df1f00005a200000ad2000001e210000c921000035220000a3220000d72200009a240000a82400006b2a0000
322b0000682c00009d2c0000f12c0000272f0000592f0000672f00001c3b0000a23b0000d9030000d30400002b050000
68050000600a0000080b00001b0b00005a0b00004f0e00007e0f0000711300001e1400004a1b0000991c000073200000
7f200000cc200000e6200000cd210000cf2100000b2200001a220000ec270000fa270000a4290000d82900002b2d0000
3a2d0000e02d0000262e00009e2e0000332f0000482f0000f32f0000013000003d350000ec380000043f0000f33f0000
1d0000003b0000000201000082010000ae010000b9010000cb010000e1010000040200004a020000570200007f020000
e60200007a0500001706000047060000ed07000063090000af090000df090000bd0b0000d50d00005b1000001e150000
3d150000c51a0000f11a0000fa1a00006c1c00008b1d0000332200009e22000039230000202700002a270000aa270000
ad2700005b280000662800005e0000003b01000050010000340200005403000058030000de030000e103000068040000
6b040000bf040000c10400001205000018050000db05000030060000630600006606000085060000c7060000ae070000
af070000c10700001d0800004f08000052080000cb0900003c0a0000440a0000be0a00008f0b0000930b0000ca0b0000
4f0c0000570c0000bd0c00002e0d0000ee0d00002a0e0000970e0000670f0000690f00006a0f00006f0f000007100000
1a1000001b1000006610000051110000a7110000121200008b1200000b1300003e130000b31300005914000067140000
6a140000db140000de1400009c160000061800001e180000911800009c180000601a00006b1a0000391b0000761b0000
771b0000e61b0000fe1c0000d11e00000820000032200000e421000067220000a72200000a2300002323000098240000
9b240000bb240000c62400009f2500007a270000b6270000c7270000c9270000ce270000da2700006b2800007e280000
9328000096280000ef2800001a2900002e2a0000312a0000682a0000702a00008d2a00008f2b0000112c0000142c0000
172c00004b2c0000892c0000e12c0000e42c0000732d0000a12d0000942e0000572f00005a2f00007a2f0000852f0000
cd2f0000e22f00003133000065330000683300009935000044390000193b0000873b0000b83c00009e410000a0410000
be00000084030000a703000077040000780400008e050000a7050000a905000073060000f4070000fe070000bf0b0000
ee1f00005a200000ad200000fc2000001e210000352200006b2a0000322b0000752c0000f12c0000052f0000272f0000
7f0f0000221400008d200000ea2100003f280000cb290000272e00003b2f0000fa3a00001e040000e4040000c00a0000
260b0000cc2000001a2200001b2d0000482f000021390000fa00000053020000c3050000e2090000e60c0000a31a0000
f11a0000fa1a00006c1c00008b01000077030000ed03000018050000f30500006c0900001b0a0000b20b0000a70d0000
260f0000690f0000f40f000044100000e11200006a140000de140000761b0000cd1b0000ff1c0000111d00005e200000
ae2000001f210000392200002323000084230000c62400008a260000f2290000332b0000a12c00008d2d0000282f0000
852f0000d4380000d13a00004f0e0000711300005b1b00009f1b0000a41c0000ed1c0000e02d0000b82e00002e3a0000
02010000820100004b0200005d02000016060000630900005d150000661500001b170000890000001603000098030000
ea03000067040000770400001b050000c7050000ef050000540600008007000089070000f4070000fe07000036080000
55090000950b0000d80b0000eb0c0000f60f00002116000091160000c1170000e9170000ee1f0000fc200000c8220000
b3230000f52400003b2600009d2c0000d22c0000052f0000b42f000021330000823a00001e040000e4040000c00a0000
260b00004f0e00007e0f0000711300001e1400005b1b00009f1b0000a41c0000ed1c00008c200000cc200000e6210000
1a2200003e280000c92900001b2d0000e02d0000262e0000b82e00003a2f0000482f0000213900002e3a0000f83a0000
fa00000002010000820100004b020000530200005d020000c30500001606000063090000e2090000e60c00003f0d0000
550d0000d50d00005b100000b71200003d1500005d150000661500001b170000a31a0000f11a0000fa1a00006c1c0000
22270000382700005a28000068040000c8050000f0050000960b0000d90b0000ef0c0000330e0000d60e0000250f0000
f70f00003a100000431000008510000062140000fc15000022160000c2170000ea170000e81a0000421b0000ce1b0000
851c0000071d0000ca220000b7230000f62400003d260000f32a00006f2b00009e2c00008c2d0000c02d0000b52f0000
233a0000843a00008900000087010000160300007503000098030000ec03000077040000170500001b050000f2050000
540600008007000089070000f4070000fe070000360800005509000068090000190a0000b00b0000f30f000091160000
ee1f00005a200000ad200000fc2000001e21000035220000f1290000322b0000a02c0000d22c0000052f0000272f0000
21330000d2380000500100008f0100006b020000e1030000fe030000db05000016070000ae070000e207000070090000
190b0000250f0000de0f00003a1000004310000051110000fd15000064180000da190000e81a0000761b0000ce1b0000
e51b0000941c00000b1d0000311d00007b230000de240000922b0000892c00004d2d00008c2d0000932e00009d2f0000
e43b0000b6270000da2700006b2800009328000096280000e22f000084020000c904000028060000e4090000c21b0000
be2c000034020000540300006b0400001805000066060000cb0900008f0b0000570c0000250f00003a10000043100000
fd15000064180000da190000e81a0000761b0000ce1b0000e51b00000b1d0000311d00007b23000098240000de240000
b6270000da2700006b2800009328000096280000682a0000922b0000e42c00008c2d0000932e0000572f00009d2f0000
e22f0000de030000fc030000bd050000da050000bb070000df070000fb080000160b0000b40c0000f30c0000a70d0000
260f0000df0f00004410000054110000e1120000fc150000b11a00000f1b0000391b0000771b0000cd1b0000e61b0000
761c0000971c0000fe1c0000341d0000dd2400008f2b0000882c00004e2d00008d2d0000942e00009c2f0000e13b0000
c80400001d06000027060000ca1a0000c31b0000bd2c00007e000000c000000084020000980300009b03000067040000
c8040000c90400001005000083050000990500009a0500001d06000027060000280600002f060000620600007e070000
9e070000a0070000e4090000c60b00004b0c00001c180000ca1a0000c21b0000c31b0000a32200009a240000b2270000
d92700006a28000092280000952800006e2a0000672c0000682c0000bd2c0000be2c0000e02c0000592f0000e12f0000
500100008f0100006b020000de030000e1030000fc030000fe030000bd050000da050000db05000016070000ae070000
bb070000df070000e2070000fb08000070090000160b0000190b0000b40c0000f30c00007e0d0000a70d00001a0e0000
ca0e0000cb0e0000250f0000260f0000670f00006a0f0000de0f0000df0f00003a10000043100000441000004b100000
791000007a1000005111000054110000cc120000e11200004914000067140000db140000e1140000fc150000fd150000
3b18000064180000da190000b11a0000e81a00000f1b0000391b0000761b0000771b0000cd1b0000ce1b0000e51b0000
e61b0000761c0000941c0000971c0000fe1c00000b1d0000311d0000341d00000a2300007b230000ba240000bb240000
dd240000de24000059270000a72800009c290000a2290000f02a0000f62a00008f2b0000922b0000882c0000892c0000
4d2d00004e2d00008c2d00008d2d0000b42d0000b52d0000932e0000942e0000792f00007a2f00009c2f00009d2f0000
e13b0000e43b00008b3e000084020000c8040000c90400001d0600002706000028060000e4090000ca1a0000c21b0000
c31b0000b2270000d92700006a2800009228000095280000bd2c0000be2c0000e12f0000680400001205000030060000
63060000ca0b00004f0c0000a70d0000260f000044100000e1120000fc1500001e1800000f1b0000391b0000771b0000
cd1b0000e61b0000761c0000fe1c0000341d0000a72200009b240000dd240000b6270000da2700006b28000093280000
96280000702a00008f2b0000e12c00008d2d0000942e00005a2f00009c2f0000e22f00007e000000c000000032020000
8402000050030000980300009b0300006a040000c8040000c90400001705000083050000990500009a0500001d060000
2706000028060000650600007e0700009e070000a0070000c9090000e40900008b0b0000550c0000ca1a0000c21b0000
c31b000097240000b2270000d92700006a2800009228000095280000642a0000672c0000682c0000bd2c0000be2c0000
e32c0000562f0000e12f00008b01000077030000ed030000210400000a05000018050000f30500006c0900001b0a0000
cc0a0000440b0000b20b0000a70d0000260f0000330f0000690f0000f40f000044100000e1120000f91300006a140000
de140000761b0000cd1b0000ff1c0000111d0000fe1d0000331e0000571f0000791f00005e200000ae200000d5200000
1f21000026220000392200002323000084230000c62400008a260000f2290000332b0000a12c00001e2d00008d2d0000
142e0000f12e0000282f00004b2f0000852f0000d438000026390000733a0000d13a0000890000001603000098030000
dc030000ea03000067040000770400001b0500002d050000c7050000ef050000540600008007000089070000f4070000
fe0700003608000055090000620a0000680b0000950b0000d80b0000eb0c0000510e0000f60f00007913000021160000
91160000c1170000e9170000f21d0000361e0000361f00007d1f0000ee1f000075200000fc200000db210000c8220000
b3230000f52400003b2600009d2c0000d22c00003c2d0000e22d0000fb2e0000052f0000352f0000b42f000021330000
ef380000573a0000823a00001e0000003c0000000001000080010000ba010000e2010000fc0100000e020000f6020000
7b050000fe0500004c06000062090000b00900001f1500004a1500005315000013170000a8000000fa00000002010000
820100009b0100004b020000530200005d020000220300007c03000096030000f2030000fd0300007304000098040000
1e05000024050000c3050000f805000016060000570600008806000099060000040700000e070000bc070000e0070000
070800000d080000140900005a090000630900007c090000e2090000290a0000b70b0000c20c0000e60c00003f0d0000
550d0000d50d0000390e0000d90e0000030f0000e40f0000f50f000027100000301000005b10000088100000b7120000
681400003d1500005d15000066150000ea150000ee15000055160000a3160000a61600001b170000a31a0000f11a0000
fa1a00006c1c00005e1d0000831d0000c21d0000db1d0000661e0000781e0000f51e0000151f00009a1f0000fa1f0000
6e200000af200000ff200000242100004922000022270000382700005a280000f3290000f12a0000342b0000412b0000
a62c0000d52c0000532d0000802d0000c32d0000d22e0000082f00002d2f00000930000049330000e23800004c3a0000
d3020000e6020000f00400003f06000047060000fc0900001e15000020190000f11a0000fa1a00008a1b0000d41b0000
d71b00006c1c0000b61d0000741e0000c92c0000872e00001a0000006300000079000000e50000001001000004020000
390200004a020000570200007f020000970200009a020000480300004b03000064030000dd030000f403000069040000
700400001605000024050000b7050000bc050000ce0500001706000031060000640600006b0600008a060000ca060000
ee0600007b070000e3080000d0090000df090000410a0000520a0000f70a0000830b0000860b00009f0b0000bd0b0000
cf0b0000540c0000650c0000d10c0000f90c0000cd0d0000d50d0000470f0000ea0f0000561000005b100000f1110000
f31200003d150000ea150000231800002b190000c51a00004c1d00008b1d0000a81d0000d21d0000101e00006c1e0000
7e1e0000271f0000911f0000c41f0000332200009e220000b72200003923000099240000a0240000d124000020270000
2a270000aa270000ad270000c6270000db2700005b280000662800006c280000942800009b2800006d2a00007e2a0000
602b00007c2c0000e22c0000e92c0000592d0000982d0000d82e0000582f00005f2f0000902f0000e32f00001d3b0000
c13b00002f000000b7000000cc000000b8010000e0010000a80300009f0400008a0500008f050000a8050000ab050000
040600000e060000ae090000621d00005a1e0000762c0000b02c00001d0000003b0000009d000000c700000002010000
82010000ae010000b9010000cb010000e101000004020000390200004a020000570200007f020000d3020000e6020000
64030000960300009e030000eb0300007004000098040000a0040000a3040000f0040000240500007a05000081050000
92050000a0050000c9050000f10500000106000005060000070600000f060000170600003f060000470600006b060000
95060000ae060000ed0700000b080000150800007c08000063090000af090000d0090000df090000fc0900009f0b0000
bd0b0000650c0000ff0c0000cd0d0000d50d0000470f0000fc0f0000561000005b100000f31200001e1500003d150000
ea150000201900002b190000c51a0000f11a0000fa1a00008a1b0000d41b0000d71b00006c1c00005a1d0000661d0000
6a1d00008b1d0000a81d0000b61d0000d21d0000101e0000571e00005b1e00006c1e0000741e00007e1e0000c11e0000
911f0000c41f0000332200009e2200003923000099240000d1240000202700002a270000aa270000ad270000c6270000
db2700005b280000662800006c280000942800009b2800006d2a0000602b0000602c00006e2c00009f2c0000a92c0000
b12c0000c92c0000e92c0000982d0000872e0000bf2e0000d82e0000582f0000902f0000e32f00008b01000009030000
54030000ed030000210400006b040000fa0400003b050000f305000066060000450700006c090000cc0a0000390b0000
580b0000630b00008f0b0000a70d0000d50e0000260f0000330f0000f40f000044100000761100007f110000e1120000
f9130000fd1500002216000040170000c2170000ea170000cd1b0000381c0000c81c00000b1d0000311d00002e1e0000
371e0000751f0000811f0000112000003e20000092200000d120000007210000fa210000182200001e2200007b230000
b7230000de240000f6240000682a0000a12c0000e42c00001e2d0000312d00008d2d0000142e0000f82e0000fc2e0000
102f0000402f00009d2f0000b52f00009136000007380000243c0000243e00006a0000007e000000840300009b030000
b4030000d2030000ea03000078040000fe04000010050000150500009a050000c7050000ef0500007306000091060000
7e0700009e070000cc0800003f0a0000540a0000670a0000690a0000d90a0000490b0000bf0b0000c60b0000cd0b0000
4b0c0000520c0000eb0c0000510e0000f60f000079130000e21d0000e71d0000291f00003d1f0000df1f00005a200000
82200000ad200000d42000001e210000c9210000d42100002222000035220000a3220000d72200009a240000a8240000
6b2a0000322b0000682c00009d2c0000f12c0000fe2c0000352d0000e22d0000e12e0000e62e0000272f00004a2f0000
592f0000672f00005f360000eb3700001c3b0000a23b000020000000210000005b000000b90000000001000080010000
ad010000bf01000007020000090200002f02000031020000a7020000820500003406000082060000fd06000062090000
c6090000c80900001b180000461800004f180000d01900001d0000003b0000009d000000c7000000020100007c010000
82010000ae010000b9010000cb010000e1010000040200004a020000570200007f020000d3020000e602000064030000
88030000960300009e030000fd030000010400006904000070040000a0040000a3040000f0040000f60400007a050000
8105000092050000a0050000ec050000050600000f060000170600003f060000470600006b06000095060000ae060000
bc070000e0070000ed070000f0070000f60700000b080000150800007c0800009a0800004009000063090000af090000
df090000fc0900009f0b0000bd0b0000c30b0000c20c0000d50d0000390e0000d10e0000d90e0000e40f00005b100000
88100000af100000d5100000de100000681400001e1500003d150000d0180000d418000020190000691900006c190000
c51a0000f11a0000fa1a00006c1c00005a1d0000661d00008b1d0000d21d0000e11d0000101e0000161e0000571e0000
5b1e00007e1e0000841e0000911f0000a01f0000f21f0000172000004f200000682000000a2100001821000096210000
b221000033220000432200009e22000039230000202700002a270000aa270000ad2700005b28000066280000112a0000
6d2a0000f12a0000112b0000602b0000622b0000602c00006e2c00009a2c0000b12c0000c92c0000e92c0000532d0000
c32d0000bf2e0000d82e0000de2e0000132f0000212f00004533000052360000e0370000fa0000009b01000053020000
7802000088020000f2030000c4040000ce040000c3050000f805000023060000fc0800000a0900007c090000e2090000
e8090000e60c0000f50f0000a31a0000f11a0000fa1a00008a1b0000ba1b0000d41b0000d71b0000f61b00006c1c0000
b61d0000741e0000a62c0000b92c0000762e0000872e000002010000820100004b0200005d020000eb030000c0040000
cb040000c9050000f105000016060000190600001f0600001b0700002507000063090000ff0c0000fc0f00005d150000
661500001b170000e41800003219000035190000be1a0000ce1a00001c1b0000be1b0000db1b0000281c00009f2c0000
b52c0000402e00007a2e00001c0000003a00000099000000c5000000b8010000e0010000cf020000e202000095030000
9d0300009f040000ef0400007905000080050000910500009f050000040600000e0600003e0600004606000093060000
ac0600007a080000ae090000f80900001d1500001f190000621d00005a1e00005f2c00006d2c0000b02c0000c82c0000
fa00000002010000820100009b0100004b020000530200005d0200007802000088020000eb030000f2030000c0040000
c4040000cb040000ce040000c3050000c9050000f1050000f805000016060000190600001f060000230600001b070000
25070000fc0800000a090000630900007c090000e2090000e8090000e60c0000ff0c00003f0d0000550d0000cd0d0000
d50d0000030f0000470f0000f50f0000fc0f00002710000030100000561000005b100000b7120000f31200003d150000
5d150000661500001b170000e41800002b1900003219000035190000a31a0000be1a0000ce1a0000f11a0000fa1a0000
1c1b00008a1b0000ba1b0000be1b0000d41b0000d71b0000db1b0000f61b0000281c00006c1c0000831d0000b61d0000
661e0000741e0000222700003827000098270000c0270000c8270000d12700005a2800005f2800007128000089280000
b5280000db280000472900009f2c0000a62c0000b52c0000b92c0000802d0000982d0000402e0000762e00007a2e0000
872e0000c02f0000d82f0000220300001e0500005706000014090000551600007a1b0000071c00000a1c000043200000
14210000d52c00001d2f0000a10000002d0200007802000099030000dd0300009704000098040000c4040000cb040000
f6040000230600008a060000a0060000bf060000d10600001b070000250700002c0700002e0700005e07000060070000
97070000e9080000fc080000460c0000da0c0000f40d0000720f00006910000044120000931200006016000011180000
17180000d0180000be1a0000be1b0000f61b00009f1e0000352000006f220000062500003925000098270000a7270000
d1270000e0270000892800008f280000b5280000b7280000db280000dd2800004b2a00005f2a0000b92c0000a42d0000
7a2e0000d82f0000de2f0000103000001e300000683000006a3000007e320000b5320000ad000000aa03000072040000
a405000096060000af060000030700000d070000f61f0000fe200000722c0000072f0000a80000002d02000078020000
2203000096030000f50300006904000073040000c4040000cb040000f60400001e050000230600005706000088060000
99060000cc060000f00600000007000004070000060700000e0700001b07000025070000e9080000fc08000014090000
5a090000460c0000e00c0000f40d0000720f0000f00f000069100000441200005516000060160000d0180000be1a0000
7a1b0000be1b0000f61b0000071c00000a1c00009f1e0000fa1f0000fe1f00003520000043200000ff20000014210000
632100006f220000062500003925000098270000a7270000d1270000e0270000892800008f280000b5280000b7280000
db280000dd280000b92c0000d52c00005f2d0000a42d00007a2e0000082f00001d2f0000d82f0000de2f000009300000
3d3000007e320000b53200007c0100007c02000001040000ce040000ec0500009a08000000090000f2090000af100000
7a1b0000ee1b0000071c00000a1c000043200000142100009a2c00001d2f0000b8310000f5030000c0040000cc060000
f0060000170700001d070000e00c0000f00f000000160000671600006a160000c21a0000281b0000df1b00005d1c0000
5f2d00008d2e000045300000a60000001e03000095030000720400001d05000056060000870600009806000003070000
0d070000100900005809000054160000f61f0000fe200000d42c0000072f0000083000007c0100007c020000f5030000
01040000c0040000ce040000ec050000cc060000f0060000170700001d0700009a08000000090000f2090000e00c0000
f40d0000d10e0000720f0000f00f000069100000af100000d5100000de10000044120000001600006016000067160000
6a160000c21a0000281b00007a1b0000df1b0000ee1b0000071c00000a1c00005d1c000017200000432000000a210000
14210000a1270000c8270000aa280000bc280000772900009a2c00005f2d0000a42d00008d2e0000132f00001d2f0000
45300000b8310000e53200005e0000003b01000050010000340200005403000058030000cb030000de030000e1030000
160400004b040000680400006b040000bf040000c1040000fa0400000405000012050000180500006c050000db050000
30060000630600006606000085060000c7060000ae070000af070000c10700001d0800004f08000052080000cb090000
3c0a0000440a00004f0a0000a00a0000be0a0000c40a00000c0b0000390b00003d0b00008f0b0000930b0000ca0b0000
4f0c0000570c0000bd0c00002e0d0000ee0d00002a0e0000940e0000970e0000a80e00005f0f0000670f0000690f0000
6a0f00006f0f0000840f0000071000001a1000001b1000006610000051110000a7110000121200008b1200000b130000
3e13000069130000a3130000b31300000d1400003214000059140000671400006a140000db140000de1400009c160000
061800001e180000911800009c180000011a00000c1a0000431a0000491a0000601a00006b1a0000391b0000761b0000
771b0000951b0000e61b0000e11c0000fe1c0000e31d0000f81d0000fe1d0000d11e00002d1f0000481f0000571f0000
0820000032200000a4200000f3200000e4210000f42100001222000067220000a72200000a23000023230000dd230000
f42300006524000074240000982400009b240000bb240000c62400009f2500007a270000b6270000c7270000c9270000
ce270000da270000f2270000fd2700006b2800007e2800009328000096280000ef2800001a290000b8290000e4290000
2e2a0000312a0000682a0000702a00008d2a00008f2b0000112c0000142c0000172c00004b2c0000892c0000e12c0000
e42c0000132d0000312d0000732d0000a12d0000fa2d00002c2e0000942e0000b32e0000e22e0000eb2e0000f12e0000
572f00005a2f00007a2f0000852f0000cd2f0000e22f0000f92f000004300000313300006533000068330000b0330000
993500005836000077360000f33700004439000077390000b7390000193b0000873b0000b83c0000093f000003400000
55400000594000000f410000114100009e410000a0410000be00000084030000a7030000b70300007704000078040000
fe0400008e050000a7050000a905000073060000f4070000fe0700006e0a0000490b0000bf0b0000ee1f00005a200000
75200000ad200000d4200000fc2000001e210000db21000022220000352200006b2a0000322b0000752c0000f12c0000
012d0000352d0000052f0000272f0000352f00004a2f000031000000b5000000ba010000e2010000a70200008d050000
34060000b00900001b180000461800004f180000d01900001d0000003b0000006e0000009d000000020100007c010000
82010000ae010000b9010000cb010000e1010000040200004a020000570200007f020000bf020000c7020000e6020000
900300009e030000eb030000010400007b040000ec04000013050000160500007a050000a0050000c9050000ec050000
f1050000170600003b060000470600007606000095060000ae06000032070000ed0700001e0800009a080000ce080000
63090000af090000df0900003d0a00006c0a0000db0a0000470b0000bd0b0000cb0b0000cf0b0000500c0000540c0000
ff0c0000cd0d0000d50d0000d10e0000470f0000fc0f0000561000005b100000af100000d5100000de100000f3120000
1e1500003d1500000e160000141600002b190000581900009c190000f91900002c1a00006e1a0000701a0000941a0000
961a0000c51a0000f11a0000fa1a00006c1c00008b1d0000e61f000017200000492000006e200000af2000000a210000
24210000d92100002022000033220000492200009e220000b7220000e32200003923000099230000a8230000a0240000
ab240000e9240000ef240000202700002a270000aa270000ad2700005b28000066280000692a0000342b00006e2c0000
9a2c00009f2c0000c52c0000f42c0000982d0000132f00002d2f00005f2f00006a2f0000a82f0000ae2f00001a3b0000
a43b0000133c0000f53d000068040000c8050000f0050000960b0000d90b0000ef0c0000330e0000520e0000d60e0000
250f0000550f0000f70f00003a10000043100000851000007d1300001314000062140000fc15000022160000c2170000
ea170000e81a0000421b0000641b00009a1b0000ce1b0000851c0000c31c0000e51c0000071d0000f31d0000371e0000
381f0000811f0000ca220000b7230000f62400003d260000f32a00006f2b00009e2c00008c2d0000c02d0000e32d0000
202e0000ac2e0000fc2e0000b52f0000233a0000463a0000593a0000843a000089000000870100001603000075030000
98030000dc030000ec030000200400007704000009050000170500001b0500002d050000f20500005406000080070000
89070000f4070000fe070000360800005509000068090000190a0000620a0000c80a0000420b0000680b0000b00b0000
f30f000091160000ee1f00005a20000075200000ad200000d4200000fc2000001e210000db2100002222000035220000
f1290000322b0000a02c0000d22c00001d2d00003c2d0000052f0000272f0000352f00004a2f000021330000d2380000
ef380000243900001e0000003c00000000010000ba010000e2010000a1020000f60200007b050000c60500004c060000
b0090000f6090000e40c00001f150000f8170000461800004f180000d0190000a8000000fa000000020100005e010000
820100004b020000530200005d020000cb0200002203000096030000eb030000090400006904000073040000f6040000
1e050000c3050000c9050000e0050000f105000016060000570600008806000099060000040700000e070000bc070000
22080000140900005a09000063090000e20900000a0a0000970b0000da0b0000e60c0000ff0c00003f0d0000550d0000
cd0d0000d50d0000470f0000680f0000fc0f0000561000005b10000052110000b7120000f312000068140000dc140000
3d1500005d1500006615000023160000551600001b170000c3170000eb170000d0180000d41800002b19000050190000
691900006c190000631a0000751a0000a31a0000f11a0000fa1a00006c1c0000fa1f00004f200000ff20000018210000
cf22000029230000a2230000c7230000c9240000fb2400004b2600009226000022270000382700005a2800008e2c0000
9f2c0000d52c0000982d0000082f0000212f0000882f0000ba2f000009300000a0340000923a0000d93a00001a000000
6300000079000000f10000006d01000095010000f901000004020000390200004a020000570200007f0200009a020000
b90200004b03000064030000e30300000404000069040000700400001605000024050000e60500001706000031060000
640600006b0600008a0600002c0700007b0700008b080000bc0800006609000076090000d0090000df090000410a0000
520a0000330b0000860b0000890b00009f0b0000bd0b0000cf0b0000540c0000650c0000740c00003f0d0000550d0000
030f0000d20f00002710000030100000ad100000b71200006e1500009a1500000e160000b11700002318000074180000
d01800003919000047190000f71900006e1a0000941a0000c51a0000831d0000661e00009b2200009e220000b7220000
9923000099240000a0240000e9240000202700002a270000aa270000ad270000c6270000db2700005b28000066280000
6c280000942800009b2800006d2a00007e2a0000bc2b0000942c0000e22c0000e92c0000412d0000802d00004e2e0000
582f00005f2f0000a82f0000e32f00001d3b0000ff3b0000b9010000e1010000a0040000050600000f060000af090000
5d150000661500001b170000e418000032190000351900001c1b0000db1b0000661d00005b1e0000b12c0000402e0000
2f000000b7000000cc000000cf020000e2020000a8030000ef0400008a0500008f050000a8050000ab0500003e060000
46060000f80900001d1500001f190000762c0000c82c00001d0000003b0000009d000000c7000000fa0000009b010000
b9010000e10100004a020000570200007f0200009a020000c7020000d3020000d7020000e6020000ea0200004b030000
960300009e030000f203000069040000a0040000ec040000f0040000f6040000160500007a0500008105000092050000
a0050000c3050000f8050000050600000f06000017060000310600003b0600003f060000470600006406000095060000
ae0600001e0800002c080000340800007c0800007c090000af090000df090000fc090000000a0000860b0000cf0b0000
540c0000e60c00003f0d0000550d0000030f0000f50f00002710000030100000b7120000081500001e1500005d150000
661500006e1500009a1500000e1600001b170000b11700002318000074180000d0180000e41800001819000020190000
32190000351900003919000047190000581900006e1a0000941a0000c51a00001c1b0000db1b0000661d0000831d0000
5b1e0000661e0000b722000099230000a0240000e9240000202700002a270000aa270000ad270000c6270000db270000
5b280000662800006c280000942800009b2800007e2a0000bc2b0000602c00006e2c0000a62c0000b12c0000c52c0000
c92c0000e22c0000802d00002f2e0000402e00004e2e00005f2f0000a82f0000e32f0000500100008f0100006b020000
e1030000fe030000160400003d040000dc040000db05000016070000ae070000e207000070090000a00a0000d00a0000
190b00001f0b0000250f0000de0f00003a1000004310000051110000fd15000064180000da1900003e1a0000e81a0000
641b0000761b0000ce1b0000e51b0000941c0000c31c00000b1d0000311d00002e1e0000751f00007b23000062240000
de240000922b0000892c0000132d00004d2d00008c2d0000932e0000ac2e0000f82e00009d2f00009d3300008a360000
e43b00002f410000b6270000da270000fd2700006b2800009328000096280000e4290000e22f00000430000084020000
c9040000d604000028060000e40900002b0b0000c21b0000be2c00002e2d000034020000540300006b040000fa040000
180500006c05000066060000cb0900000c0b0000390b00008f0b0000570c0000250f00003a10000043100000fd150000
64180000da1900003e1a0000e81a0000641b0000761b0000ce1b0000e51b0000c31c00000b1d0000311d00002e1e0000
751f00007b2300006224000098240000de240000b6270000da270000fd2700006b2800009328000096280000e4290000
682a0000922b0000e42c0000312d00008c2d0000932e0000ac2e0000f82e0000572f00009d2f0000e22f000004300000
093f00002f410000580200001c060000c61a0000e6020000900300007b0400004706000076060000cb0b00001e150000
02160000f11a0000fa1a00006c1c00000c1d0000321d000089230000e3240000692a0000f42c0000a22f0000fa000000
5e01000053020000700200007802000009040000c4040000c3050000e0050000230600001b070000bc070000fc080000
e2090000290b0000e60c00005211000002160000a31a0000f11a0000fa1a0000f61b00006c1c0000951c00000c1d0000
321d000089230000e32400008e2c0000b92c0000a22f0000f43b0000de030000fc030000bd050000da050000bb070000
df070000fb080000160b0000b40c0000f30c0000a70d0000470e00006e0e0000260f0000330f0000df0f000044100000
54110000e11200005113000081130000f9130000fc150000b11a00000f1b0000391b0000531b0000771b0000951b0000
b61b0000cd1b0000e61b0000761c0000971c00009d1c0000da1c0000e11c0000fe1c0000341d0000dd2400008f2b0000
882c00004e2d00008d2d0000d82d0000142e0000942e0000b32e00009c2f00002b340000b6370000e13b0000c63f0000
5c0000003202000050030000ca030000670400006a040000f904000010050000170500006b0500002f06000062060000
6506000083060000c9090000380a0000420a00004d0a00000a0b0000350b00008b0b0000c60b00004b0c0000550c0000
1c1800000a1a0000e21d0000291f0000a3220000f3230000972400009a240000b2270000d9270000fc2700006a280000
9228000095280000e0290000642a00006e2a0000e02c0000e32c0000302d0000e12e0000562f0000592f0000e12f0000
0330000056360000173b0000073f000051400000c80400001d06000027060000ca1a00004d1b0000c31b0000a91c0000
bd2c0000a12e00007e000000c000000084020000980300009b030000b4030000c903000067040000c8040000c9040000
d60400001005000083050000990500009a0500001d06000027060000280600002f060000620600007e0700009e070000
a0070000e4090000540a0000700a00002b0b0000c60b00004b0c00001c1800000a1a0000ca1a00004d1b0000c21b0000
c31b0000a91c0000e21d0000291f0000a3220000f32300009a240000b2270000d9270000fc2700006a28000092280000
95280000e02900006e2a0000672c0000682c0000bd2c0000be2c0000e02c0000fe2c00002e2d0000a12e0000e12e0000
592f0000e12f00000330000085330000514000001f00000059000000070200002f02000098020000490300002e060000
80060000c6090000840b0000c50b0000191800009c2200002b270000ab270000692800005802000080020000e0090000
30000000b10000008c050000210000007a000000b9000000070200002f02000058020000800200009802000049030000
820500001c0600007c070000c6090000e0090000840b0000c61a00002b270000ab270000692800001a00000079000000
82000000e50000001001000004020000210200004a020000570200007f020000970200009a020000c702000048030000
4b03000099030000f403000097040000a3040000c0040000ce040000ec040000b7050000170600003b060000ca060000
ee0600007b07000081070000900700000b080000150800001e08000050080000750800008b080000df0900008b0a0000
830b0000860b0000990b0000bd0b0000f60b0000280c0000a20c0000d10c0000d50d0000390e0000d90e0000ea0f0000
5b1000008810000077130000681400003d1500000e1600000b180000581900006e1a0000941a0000c51a00005a1d0000
8b1d0000571e0000911f0000332200009e220000b1220000392300006823000099230000e92400006c250000d0250000
b8260000f9260000202700002a27000088270000aa270000ad270000c8270000e42700005b2800006628000083280000
f52800001b290000412a0000f12a0000c52c0000592d0000c32d0000bf2e0000a82f0000d22f00002833000066330000
6235000012380000543b0000244000002f0000008e000000b7000000b8010000e0010000ac030000110500008a050000
9d050000860700009f070000ae090000c70b00004c0c0000df220000aa2400006b2c0000692f00000201000082010000
4b0200005d020000fd030000cb040000160600001b07000025070000bc070000e0070000fc08000063090000170b0000
c20c0000e40f00005d150000661500001b170000b61a0000be1a0000471b00007c1b0000be1b0000eb1b0000a71c0000
0c1d0000902b0000532d00007a2e0000992e0000e23b00001c0000003a0000006c00000099000000b8010000e0010000
e20200008c0300009d0300007a04000011050000790500009f050000460600007506000093060000ac060000ae090000
390a00006a0a0000c70b00004c0c00001d150000df220000aa240000652a00006d2c0000f32c0000692f0000183b0000
500100008f0100006b020000de030000e1030000fc030000fe030000160400003d040000dc040000bd050000da050000
db05000016070000ae070000bb070000df070000e2070000fb08000070090000a00a0000d00a0000160b0000190b0000
1f0b0000b40c0000f30c00007e0d0000a70d00001a0e0000470e00006e0e0000ca0e0000cb0e0000250f0000260f0000
330f00004f0f0000670f00006a0f0000c60f0000de0f0000df0f00003a10000043100000441000004b10000079100000
7a1000005111000054110000cc120000e11200005113000081130000dd130000f9130000041400004914000067140000
db140000e1140000fc150000fd1500003b18000064180000da190000251a00003e1a0000b11a0000e81a00000f1b0000
391b0000531b0000641b0000761b0000771b0000951b0000b61b0000cd1b0000ce1b0000e51b0000e61b0000761c0000
941c0000971c00009d1c0000c31c0000da1c0000e11c0000fe1c00000b1d0000311d0000341d0000f81d00002e1e0000
481f0000751f00000a2300007b2300002124000062240000ba240000bb240000dd240000de2400005927000024280000
a72800009c290000a2290000b2290000f02a0000f62a00008f2b0000922b0000882c0000892c0000132d00004d2d0000
4e2d00008c2d00008d2d0000b42d0000b52d0000d82d0000142e00001a2e0000932e0000942e0000ac2e0000b32e0000
eb2e0000f82e0000792f00007a2f00009c2f00009d2f00009d3300002b3400008a360000b637000092380000e13b0000
e43b00008b3e0000633f0000c63f0000a34000002f41000084020000c8040000c9040000d60400001d06000027060000
28060000e40900002b0b0000ca1a00004d1b0000c21b0000c31b0000a91c0000b2270000d9270000fc2700006a280000
9228000095280000e0290000bd2c0000be2c00002e2d0000a12e0000e12f00000330000058020000800200001c060000
e0090000c61a00002b270000ab27000069280000fa000000020100005e010000820100004b020000530200005d020000
7002000078020000fd03000009040000c4040000cb040000c3050000e005000016060000230600001b07000025070000
bc070000e0070000fc08000063090000e2090000170b0000290b0000c20c0000e60c00003f0d0000550d0000d50d0000
390e0000d90e0000680f0000e40f00005b1000008810000052110000b712000068140000dc1400003d1500005d150000
66150000021600001b170000a31a0000b61a0000be1a0000f11a0000fa1a0000471b00007c1b0000be1b0000eb1b0000
f61b00006c1c0000951c0000a71c00000c1d0000321d00002923000089230000c9240000e32400002227000038270000
6727000098270000d12700005a28000089280000b5280000db2800009d290000de290000f12a0000902b00008e2c0000
b92c0000532d0000c32d00007a2e0000992e0000882f0000a22f0000d82f0000e23b0000f43b00008c3e000068040000
120500003006000063060000ca0b00004f0c0000a70d0000260f0000330f000044100000e1120000f9130000fc150000
1e1800000c1a00000f1b0000391b0000771b0000951b0000b61b0000cd1b0000e61b0000761c0000da1c0000e11c0000
fe1c0000341d0000e31d00002d1f0000a7220000f42300009b240000dd240000b6270000da270000fd2700006b280000
9328000096280000e4290000702a00008f2b0000e12c00008d2d0000142e0000942e0000b32e0000e22e00005a2f0000
9c2f0000e22f000004300000c63f0000554000007e000000c0000000320200008402000050030000980300009b030000
b4030000c90300006a040000c8040000c9040000d6040000f9040000170500006b05000083050000990500009a050000
1d0600002706000028060000650600007e0700009e070000a0070000c9090000e4090000540a0000700a00000a0b0000
2b0b0000350b00008b0b0000550c0000ca1a00004d1b0000c21b0000c31b0000a91c000097240000b2270000d9270000
fc2700006a2800009228000095280000e0290000642a0000672c0000682c0000bd2c0000be2c0000e32c0000fe2c0000
2e2d0000302d0000a12e0000562f0000e12f00000330000085330000073f0000210000007a000000b900000007020000
580200008002000098020000820500001c0600002e0600007c070000e0090000c50b000019180000c61a00009c220000
2b270000ab270000692800001d0000003b0000006e0000009d0000000201000082010000ae010000b9010000cb010000
e101000004020000210200004a020000570200007f020000c7020000e6020000900300009e030000fd0300007b040000
c0040000ce040000ec04000013050000160500007a050000a0050000170600003b060000470600007606000095060000
ae060000bc070000e0070000ed0700000b0800001e08000063090000af090000df0900003d0a00006c0a00009f0b0000
bd0b0000cb0b0000cf0b0000160c0000280c0000500c0000540c0000c20c0000d50d0000390e0000d90e0000e40f0000
5b10000088100000681400001e1500003d150000021600000e160000581900006e1a0000941a0000c51a0000f11a0000
fa1a00006c1c00000c1d0000321d00008b1d0000911f0000332200009e220000b7220000e3220000e722000039230000
682300008923000099230000a0240000ab240000e3240000e92400006c2500007e250000b8260000f926000020270000
2a27000088270000aa270000ad270000c8270000e42700005b2800006628000083280000f52800001b290000692a0000
f12a00006e2c0000c52c0000f42c0000532d0000c32d00005f2f00006a2f0000a22f0000a82f0000d22f000062350000
743500001a3b0000244000001a0000007900000082000000f10000003e0100006d010000f90100000402000021020000
4a020000570200007f0200009a020000c70200004b0300005e03000099030000e3030000a3040000c0040000ce040000
e7040000ec040000e6050000170600003b060000ca0600007b07000081070000900700000b080000150800001e080000
50080000750800008b0800002c09000066090000df090000c60a0000860b0000890b0000990b0000bd0b0000280c0000
740c00003f0d0000550d0000680f0000ad100000b71200003c13000068140000dc1400006e1500009a150000b1170000
0b1800009f180000581900006e1a0000c51a00005a1d0000d21d0000101e0000571e00007e1e0000911f00009b220000
9e22000029230000c92400006c250000202700002a27000088270000aa270000ad270000c8270000e42700005b280000
6628000083280000f52800001b2900000f2a0000412a0000602b0000122c0000532c0000942c0000c52c0000bf2e0000
d82e0000882f0000d22f00002833000066330000623500003e3600008f3b00009f410000b9010000e101000013050000
af090000cb0b0000500c00005d150000661500001b170000471b00007c1b0000eb1b00000c1d0000e3220000ab240000
902b0000992e00006a2f00002f0000008e000000b7000000e20200008c030000ac0300007a0400008a0500009d050000
4606000075060000860700009f070000c70b00001d150000652a00006b2c0000f32c00001d0000003b0000006e000000
9d000000fa0000005e010000b9010000e10100004a020000570200007f0200009a020000e6020000ea0200004b030000
6403000090030000940300009e03000009040000700400007b040000a3040000c0040000ce040000130500007a050000
a0050000c3050000e005000017060000470600006b0600007606000095060000ae060000bc0700000b08000015080000
1e080000340800005008000062080000af090000df0900003d0a00006c0a0000860b00009f0b0000cb0b0000cf0b0000
500c0000e60c00003f0d0000550d0000680f000052110000b712000068140000dc140000081500001e1500005d150000
661500006e1500009a1500001b170000b11700000b1800009f1800006e1a0000c51a0000471b00007c1b0000eb1b0000
0c1d00005a1d0000d21d0000101e0000571e00007e1e0000911f0000e322000029230000ab240000c924000020270000
2a27000088270000aa270000ad270000c8270000e42700005b2800006628000083280000f52800001b2900002f2a0000
412a0000692a00006d2a0000602b0000902b0000122c0000532c00006e2c00008e2c0000e92c0000f42c0000992e0000
bf2e0000d82e00006a2f0000882f0000d22f000066330000783300001a3b00009f410000220300001e05000028050000
5706000014090000510b000055160000d52c0000372d0000a10000002d0200007802000099030000c103000098040000
c4040000cb040000d1040000f604000065050000230600008a060000a00600001b070000250700002e07000060070000
97070000e9080000fc080000410a0000070b0000170b0000460c000017180000071a0000be1a0000481b0000be1b0000
f61b0000951c0000ed23000006250000a7270000e0270000f82700008f280000b7280000dd280000d42900005f2a0000
b92c0000292d00007a2e00009c2e0000de2f0000ff2f0000103000006a3000007e3200007d330000013f000056400000
73040000040700000e070000fa1f000070200000ff200000c4210000082f0000302f0000ad000000aa030000b6030000
a405000096060000af060000660a0000722c0000002d0000a80000002203000096030000d40300007304000098040000
cb0400001e05000028050000570600008806000099060000040700000e0700001b070000250700002e07000060070000
140900005a0900005e0a0000510b00005516000017180000071a0000be1a0000481b0000be1b0000951c0000fa1f0000
70200000ff200000c4210000ed230000a7270000e0270000f82700008f280000b7280000dd280000d42900005f2a0000
d52c0000372d00007a2e00009c2e0000082f0000302f0000de2f0000ff2f0000093000006a300000e738000056400000
2e000000b60000008805000031000000b50000000902000031020000a6030000140500008d050000a6050000c8090000
cc0b0000510c0000d3220000a6240000742c0000652f000020000000210000005b000000690000007a000000b9000000
0902000031020000a7020000800300009703000076040000140500008205000098050000340600007106000082060000
900600007c0700009d070000c80900003e0a0000640a0000bb0b0000cc0b0000510c00001b180000d3220000a6240000
6a2a0000662c0000ef2c0000652f00001b3b000022030000730400001e0500002805000057060000040700000e070000
14090000510b000055160000fa1f000070200000ff200000c4210000a7270000e0270000f82700008f280000b7280000
dd280000d4290000d52c0000372d0000082f0000302f0000de2f0000ff2f0000a80000002d0200007802000022030000
96030000d403000073040000c4040000d1040000f60400001e0500002805000065050000230600005706000088060000
99060000040700000e070000e9080000fc080000140900005a0900005e0a0000070b0000170b0000510b0000460c0000
55160000f61b0000fa1f000070200000ff200000c421000006250000a7270000e0270000f82700008f280000b7280000
dd280000d4290000b92c0000d52c0000292d0000372d0000082f0000302f0000de2f0000ff2f0000093000007e320000
e7380000013f000031000000b5000000a702000080030000a6030000760400008d050000a60500003406000071060000
bb0b00001b1800006a2a0000742c0000ef2c00005704000049050000b30a0000fc0a0000501a00008d200000ea210000
80240000ed270000a82900003b2f0000f42f0000fe380000e13e0000f24000002b0500005a0b00003a2d0000501a0000
8d200000ea21000080240000ed270000a82900003b2f0000f42f0000f2400000e6020000470600001e15000022160000
c2170000ea170000b7230000f6240000b52f00008b0100000903000054030000ed0300006b040000f305000066060000
450700006c090000580b00008f0b0000f40f00002216000040170000c2170000ea170000b7230000f6240000682a0000
a12c0000e42c0000b52f0000243c0000880e00007f0f00006413000022140000fc190000e72000000d220000d1230000
ed270000a8290000272e0000f42f000069390000f53f00005440000073200000cd210000332f0000d90300002b050000
600a00005a0b0000081a00004a1b0000991c000073200000cd210000f0230000fa270000d82900003a2d00009e2e0000
332f000001300000ec38000057400000b9010000e1010000af0900001d0000003b000000b9010000e101000057020000
7f0200009a020000e60200004b0300007a05000047060000af090000df090000860b00001e1500002a270000ad270000
662800005e0000003402000054030000fc030000680400006b040000bf04000012050000180500003006000063060000
6606000085060000bb070000df0700008d080000cb0900003c0a0000440a00008d0a00008f0b00009e0b0000ca0b0000
150c00004f0c0000570c00009f0c0000b40c0000330e0000d60e0000df0f0000851000006f13000062140000fd150000
1e1800000b1d0000311d0000931f0000a7220000ab220000652300007b230000982400009b240000de2400006e250000
ba260000f1260000b6270000c9270000da2700006b2800009328000096280000682a0000702a0000f32a0000e12c0000
e42c00004e2d0000c02d0000572f00005a2f00009d2f0000e22f000064350000193b0000563b000025400000be000000
a7030000150500008e050000a7050000a9050000cd0b0000520c0000d7220000a8240000752c0000672f000012050000
c8050000f0050000cd080000da0a0000ca0b00004f0c0000ef0c0000f70f0000e11f00005e200000ae2000001f210000
cb21000039220000a72200009b240000332b00009e2c0000282f00005a2f0000a33b00005704000049050000b30a0000
fc0a0000880e00002e0f00007f0f0000c00f000064130000da130000eb13000022140000fc190000221a0000501a0000
5f1b0000b51c00008d200000e7200000ea2100000d220000d12300001b24000080240000ed27000014280000a8290000
ac2900000f2e0000272e0000a72e00003b2f0000f42f0000e8350000fe38000069390000e13e00005b3f0000f53f0000
54400000a5400000f24000002b0500005a0b000073200000cd210000fa270000d82900003a2d0000332f000001300000
b9010000e1010000e602000047060000af0900001e1500002a270000ad270000662800008b0100000903000054030000
ed0300006b04000012050000c8050000f0050000f30500006606000045070000cd0800006c090000da0a0000580b0000
8f0b0000ca0b00004f0c0000ef0c0000330e0000d60e0000690f0000f40f0000f70f000085100000621400006a140000
de1400002216000040170000c2170000ea170000e11f00005e200000ae2000001f210000cb21000039220000a7220000
23230000b72300009b240000c6240000f6240000642700007a270000ce2700007e280000b2280000ef2800001a290000
9f290000d6290000682a0000f32a0000332b00009e2c0000a12c0000e42c0000c02d0000282f00005a2f0000852f0000
b52f0000cd2f0000a33b0000243c00008d3e00007f0f000022140000e72000000d220000ed270000a8290000272e0000
f42f0000f53f0000d9030000d30400002b05000068050000600a0000080b00001b0b00005a0b000073200000cd210000
fa270000d82900002b2d00003a2d0000332f000001300000ec380000043f00001d0000003b000000b9010000e1010000
040200004a020000e60200007a0500001706000047060000af090000bd0b00001e150000c51a00009e2200002a270000
ad270000662800003402000054030000680400006b04000018050000c8050000f005000066060000cb0900008f0b0000
960b0000d90b0000570c0000ef0c0000330e0000d60e0000f70f00008510000062140000fd15000022160000c2170000
ea1700000b1d0000311d0000931f0000ca220000652300007b230000b723000098240000de240000f62400003d260000
ba260000f1260000b6270000c9270000da2700006b2800009328000096280000682a0000f32a00009e2c0000e42c0000
c02d0000572f00009d2f0000b52f0000e22f0000843a0000254000005e0000003b010000500100003402000054030000
58030000e1030000680400006b040000c10400001205000018050000db05000030060000630600006606000085060000
c7060000ae07000052080000cb0900003c0a0000440a0000be0a00008f0b0000930b0000ca0b00004f0c0000570c0000
690f0000511100003e1300006a140000de1400001e1800009c1800006b1a0000391b0000771b0000e61b0000fe1c0000
a722000023230000982400009b240000c6240000b6270000c9270000da2700006b28000093280000962800002e2a0000
682a0000702a00008f2b0000142c00004b2c0000892c0000e12c0000e42c0000942e0000572f00005a2f0000852f0000
e22f000068330000193b0000873b0000a04100005e200000ae2000001f21000039220000332b0000282f0000be000000
84030000a7030000780400008e050000a7050000a905000073060000bf0b00006b2a0000752c0000f12c00008b010000
77030000ed030000680400001205000018050000f305000030060000630600006c0900001b0a0000b20b0000ca0b0000
4f0c0000690f0000f40f00006a140000de1400001e1800009c1800006b1a0000391b0000771b0000e61b0000fe1c0000
5e200000ae2000001f21000039220000a7220000232300009b240000c6240000b6270000c9270000da2700006b280000
9328000096280000f2290000702a0000332b00008f2b0000142c00004b2c0000a12c0000e12c0000942e0000282f0000
5a2f0000852f0000e22f0000d4380000a041000022160000c2170000ea170000371e0000811f0000b7230000f6240000
fc2e0000b52f00005e0000003402000054030000cb030000fc030000680400006b040000bf040000fa04000012050000
180500006c05000030060000630600006606000085060000bb070000df0700008d080000cb0900003c0a0000440a0000
4f0a00008d0a00000c0b0000390b00008f0b00009e0b0000ca0b0000150c00004f0c0000570c00009f0c0000b40c0000
330e0000470e00007c0e0000d60e0000550f0000df0f000085100000511300006f130000751300001314000062140000
fd1500001e1800000c1a00000b1d0000311d0000e31d0000ed1d00002e1e00004f1e00002d1f0000311f00006e1f0000
751f0000931f0000a7220000ab220000652300007b230000f4230000982400009b240000de2400006e250000ba260000
f1260000b6270000c9270000da270000fd2700006b2800009328000096280000e4290000682a0000702a0000f32a0000
e12c0000e42c0000312d00004e2d0000c02d0000d82d0000202e0000e22e0000f82e0000572f00005a2f00009d2f0000
e22f000004300000fa3400006435000058360000f9360000193b0000563b0000093f0000e43f00002540000055400000
be000000a7030000b7030000150500008e050000a7050000a90500006e0a0000cd0b0000520c0000e71d00003d1f0000
d7220000a8240000752c0000012d0000e62e0000672f000031000000b500000009020000310200008d050000c8090000
1d0000003b0000006e0000009d000000b9010000e1010000570200007f0200009a020000e60200004b03000090030000
9e030000f50300007b040000a3040000130500007a050000a0050000470600007606000095060000ae060000cc060000
f00600000b08000015080000e5080000af090000df0900003d0a00006c0a0000f90a0000860b0000cb0b0000500c0000
e00c0000f00f00001e150000521d00005a1d0000e11d0000161e0000571e0000841e00003b1f0000a01f0000e3220000
ab2400002a270000ad27000066280000692a0000622b00006e2c0000f42c00005f2d0000bf2e0000de2e00006a2f0000
1a3b0000c33b00003402000054030000680400006b040000fa040000180500006c050000c8050000f005000066060000
cb0900000c0b0000390b00008f0b0000960b0000d90b0000570c0000ef0c0000330e0000520e0000d60e0000550f0000
f70f0000851000007d1300001314000062140000fd15000022160000c2170000ea1700000b1d0000311d0000f31d0000
2e1e0000371e00004f1e0000381f00006e1f0000751f0000811f0000931f0000ca220000652300007b230000b7230000
98240000de240000f62400003d260000ba260000f1260000b6270000c9270000da270000fd2700006b28000093280000
96280000e4290000682a0000f32a00009e2c0000e42c0000312d0000c02d0000e32d0000202e0000f82e0000fc2e0000
572f00009d2f0000b52f0000e22f000004300000593a0000843a0000093f0000e43f000025400000b9010000e1010000
e6020000900300007b040000a0040000050600000f0600004706000076060000af090000cb0b00001e150000661d0000
e11d0000161e00005b1e0000841e0000a01f00002a270000ad27000066280000692a0000622b0000b12c0000f42c0000
de2e00008b0100000903000054030000ed030000210400006b040000fa0400003b050000f30500006606000045070000
6c090000cc0a0000390b0000580b0000630b00008f0b0000f40f00002216000040170000c2170000ea170000371e0000
811f0000b7230000f6240000682a0000a12c0000e42c00001e2d0000312d0000fc2e0000b52f000091360000243c0000
12050000c8050000f0050000cd080000da0a0000ca0b00004f0c0000ef0c0000520e0000f70f00007d130000e31d0000
2d1f0000e11f00005e20000083200000ae200000d52000001f210000cb210000d62100002622000039220000a7220000
9b240000332b00009e2c0000e32d0000e22e0000282f00004b2f00005a2f0000ed370000a33b00006a0000007e000000
840300009b030000b4030000d203000078040000fe040000150500009a05000073060000910600007e0700009e070000
3f0a0000540a0000670a0000690a0000490b0000bf0b0000cd0b0000520c0000e71d00003d1f0000d7220000a8240000
6b2a0000682c0000f12c0000fe2c0000352d0000e62e0000672f00005f3600001c3b000020000000210000005b000000
b90000000902000031020000a7020000820500003406000082060000c80900001b1800001d0000003b0000009d000000
c7000000b9010000e1010000570200007f0200009a020000d3020000e60200004b030000960300009e030000f5030000
98040000a0040000f0040000160500007a0500008105000092050000a0050000050600000f0600003f06000047060000
95060000ae060000cc060000f00600007c080000af090000df090000fc090000860b00009b0b0000cf0b0000f80b0000
540c0000e00c0000f00f00001e1500001416000020190000701a0000961a0000661d00005b1e0000b7220000db220000
a8230000a0240000ef240000e42500002a270000ad27000066280000602c00006e2c0000b12c0000c92c00005f2d0000
5f2f0000ae2f0000263800008b0100000903000054030000ed030000210400006b040000fa040000120500003b050000
c8050000f0050000f30500006606000045070000cd0800006c090000cc0a0000da0a0000390b0000580b0000630b0000
8f0b0000ca0b00004f0c0000ef0c0000330e0000520e0000d60e0000550f0000690f0000f40f0000f70f000085100000
7d13000013140000621400006a140000de1400002216000040170000c2170000ea170000e31d0000fe1d0000371e0000
2d1f0000571f0000811f0000e11f00005e20000083200000ae200000d52000001f210000cb210000d621000026220000
39220000a722000023230000b72300009b240000c6240000f6240000642700007a270000ce270000f227000033280000
7e280000b2280000ef2800001a2900009f290000b8290000d6290000dc290000682a0000f32a0000332b00009e2c0000
a12c0000e42c00001e2d0000312d0000c02d0000e32d0000202e0000e22e0000f12e0000fc2e0000282f00004b2f0000
5a2f0000852f0000b52f0000cd2f0000f92f000091360000ed370000a6380000a33b0000243c00008d3e00001d000000
3b0000009d000000c70000007c010000b9010000e1010000040200004a020000d3020000e60200006403000088030000
960300009e0300000104000070040000a0040000f0040000f60400007a0500008105000092050000a0050000ec050000
050600000f060000170600003f060000470600006b06000095060000ae0600007c0800009a08000040090000af090000
fc0900009f0b0000bd0b0000c30b0000af1000001e15000020190000c51a0000661d0000e11d0000161e00005b1e0000
841e0000a01f00009e2200002a270000ad27000066280000112a00006d2a0000622b0000602c00006e2c00009a2c0000
b12c0000c92c0000e92c0000de2e000052360000220300001e050000570600001409000055160000d52c0000a1000000
2d020000780200009903000098040000c4040000cb040000f6040000230600008a060000a00600001b07000025070000
2e0700006007000097070000e9080000fc080000460c000017180000be1a0000be1b0000f61b000006250000a7270000
e02700008f280000b7280000dd2800005f2a0000b92c00007a2e0000de2f0000103000006a3000007e32000073040000
040700000e070000fa1f0000ff200000082f0000ad000000aa030000a405000096060000af060000722c0000a8000000
22030000960300007304000098040000cb0400001e050000570600008806000099060000040700000e0700001b070000
250700002e07000060070000140900005a0900005516000017180000be1a0000be1b0000fa1f0000ff200000a7270000
e02700008f280000b7280000dd2800005f2a0000d52c00007a2e0000082f0000de2f0000093000006a30000022030000
730400001e05000057060000040700000e0700001409000055160000fa1f0000ff200000a7270000e02700008f280000
b7280000dd280000d52c0000082f0000de2f0000a80000002d02000078020000220300009603000073040000c4040000
f60400001e05000023060000570600008806000099060000040700000e070000e9080000fc080000140900005a090000
460c000055160000f61b0000fa1f0000ff20000006250000a7270000e02700008f280000b7280000dd280000b92c0000
d52c0000082f0000de2f0000093000007e3200005e0000003b01000050010000340200005403000058030000cb030000
e1030000160400004b040000680400006b040000c1040000fa0400000405000012050000180500006c050000db050000
30060000630600006606000085060000c7060000ae07000052080000cb0900003c0a0000440a00004f0a0000a00a0000
be0a0000c40a00000c0b0000390b00003d0b00008f0b0000930b0000ca0b00004f0c0000570c0000690f000051110000
3e1300006a140000de1400001e1800009c1800000c1a0000491a00006b1a0000391b0000771b0000951b0000e61b0000
e11c0000fe1c0000e31d0000fe1d00002d1f0000571f0000a722000023230000f423000074240000982400009b240000
c6240000b6270000c9270000da270000fd2700006b2800009328000096280000e42900002e2a0000682a0000702a0000
8f2b0000142c00004b2c0000892c0000e12c0000e42c0000132d0000312d0000942e0000b32e0000e22e0000f12e0000
572f00005a2f0000852f0000e22f00000430000068330000b03300005836000077360000193b0000873b0000093f0000
5540000011410000a04100005e200000ae200000d52000001f2100002622000039220000332b0000282f00004b2f0000
be00000084030000a7030000b703000078040000fe0400008e050000a7050000a9050000730600006e0a0000490b0000
bf0b00006b2a0000752c0000f12c0000012d0000352d00008b01000077030000ed03000021040000680400000a050000
1205000018050000f305000030060000630600006c0900001b0a0000cc0a0000440b0000b20b0000ca0b00004f0c0000
690f0000f40f00006a140000de1400001e1800009c1800000c1a0000491a00006b1a0000391b0000771b0000951b0000
e61b0000e11c0000fe1c0000e31d0000fe1d00002d1f0000571f00005e200000ae200000d52000001f21000026220000
39220000a722000023230000f4230000742400009b240000c6240000b6270000c9270000da270000fd2700006b280000
9328000096280000e4290000f2290000702a0000332b00008f2b0000142c00004b2c0000a12c0000e12c00001e2d0000
942e0000b32e0000e22e0000f12e0000282f00004b2f00005a2f0000852f0000e22f000004300000d438000026390000
5540000011410000a041000031000000b5000000a70200008d050000340600001b180000b9010000e1010000d3020000
e6020000f0040000130500003f06000047060000af090000fc090000cb0b0000500c00001e1500001416000020190000
701a0000961a0000e3220000a8230000ab240000ef2400002a270000ad27000066280000c92c00006a2f0000ae2f0000
1d0000003b0000006e0000009d0000007c010000b9010000e1010000040200004a020000bf020000c7020000e6020000
900300009e030000010400007b040000ec040000130500007a050000a0050000ec050000170600003b06000047060000
7606000095060000ae060000320700001e0800009a080000af0900003d0a00006c0a0000470b0000bd0b0000cb0b0000
500c0000af1000001e1500001416000058190000f9190000701a0000961a0000c51a00009e220000e3220000a8230000
ab240000ef2400002a270000ad27000066280000692a00006e2c00009a2c0000c52c0000f42c00006a2f0000ae2f0000
1a3b0000133c00000704000051040000ea04000043050000a7090000370c00009c0e0000a40e0000ce0e0000d30e0000
290f00002b0f00003d0f00001910000092100000cc100000d8100000e0100000f0100000ee120000ec15000082160000
5e1b0000881b0000cb1b0000fb1b0000191c00008a2000009c2000000c21000070210000532400007a24000009250000
d3270000ea2700008b280000e0280000872b0000f12b0000722d0000f62d0000832e0000a62e0000152f0000382f0000
da2f0000f12f0000c6300000e830000092310000bd310000cb3100008132000042350000f6380000ac390000d93e0000
f5400000314100001f0500002905000058060000561600007b1b00000b1c0000cb20000015210000d62c0000382d0000
1e2f0000472f00004406000021150000fb1a00006d1c000068040000c8050000f0050000300600006306000013090000
500b0000ef0c0000590d0000d60e0000250f0000f70f00003a1000004310000080110000bb120000fe14000055150000
fc150000221600001517000043170000ed1700001e180000e81a0000f41a00000f1b0000ce1b0000061c0000761c0000
c91c0000341d00000621000015220000dd240000f3240000702a00009e2c0000e12c00008c2d00000f2f00009c2f0000
b22f00001c3c0000253e00009c030000c2030000df030000990400009b040000c5040000cc040000d2040000f7040000
6605000024060000a1060000d206000026070000610700006407000098070000470c0000800e0000730f00007b0f0000
6a1000009412000061160000d1180000491b0000bf1b0000f71b0000df20000070220000c9230000ee2300000a250000
3a250000d2270000e1270000e9270000f92700008a28000090280000de280000e12800004c2a0000602a0000ba2c0000
2a2d0000a52d0000232e00007b2e00009d2e0000d92f0000df2f0000f02f000000300000113000001f3000006b300000
6e30000082320000b63200007e3300005d390000023f0000e93f00005a4000005f4000007c0000001101000082020000
4e03000055030000b8050000160600007b070000e2090000890b0000900b0000ba0b00005a1000003e150000c81a0000
2d220000a82200003a230000b0270000b72700005a28000065280000bf000000e301000089050000b10900005f000000
c000000087010000c0010000320200003502000098030000ec03000077040000170500001b0500008305000099050000
f2050000350600007206000086060000fe060000a007000068090000c9090000cc090000470a0000650a0000dc0a0000
550c00005a0c0000f30f00001f18000050180000d1190000ad2000001b210000bf21000097240000a7240000732a0000
352b0000672c0000a02c0000f02c0000242f0000562f0000662f0000203b0000a53b00009a030000d5030000f8030000
6d04000074040000c5040000cc040000d2040000f70400001f050000290500006605000024060000580600009a060000
f4060000070700000f070000260700005b090000470c00004e0e0000730f00007b0f0000f10f00006a10000056160000
61160000d1180000491b00007b1b0000bf1b0000f71b00000b1c0000712000007d200000cb200000df20000000210000
1521000064210000702200000a2500003a250000d2270000e1270000e9270000f92700008a28000090280000de280000
e1280000ba2c0000d62c00002a2d0000382d0000602d0000a52d0000df2d0000232e00007b2e00009d2e0000092f0000
1e2f0000312f0000472f0000d92f0000df2f0000f02f0000003000000a3000003e30000082320000b63200003b350000
e8380000023f0000e93f00003e0000008c010000cc010000e4010000820200007d0500001606000044060000ee070000
6d090000b2090000e2090000ba0b00005a100000211500003e150000c81a0000fb1a00006d1c00002d220000a8220000
3a230000b0270000b72700005a280000652800005e00000014010000340200005403000058030000de030000e1030000
680400006b040000bf040000c10400001205000018050000bb050000bd050000da050000300600006306000066060000
85060000c20700001d0800004f0800005208000099080000cb0900003c0a0000440a0000bb0a00008f0b0000930b0000
ca0b00004f0c0000570c0000960c0000f30c00002e0d0000440d00007e0d0000800d0000970e0000670f0000690f0000
6a0f00006f0f0000071000001a1000001b1000006010000065100000d31000005411000088120000cc120000ce120000
f21200000513000045130000b4130000e1140000e8140000411500009d160000061800001e1800002818000064180000
9118000093180000da190000601a0000621a0000761b0000771b0000e51b0000de2100004822000064220000a7220000
3d230000982400009b240000ba240000c5240000a0250000b6270000ba270000c7270000c9270000ce270000da270000
602800006b2800007d28000093280000962800001d2900002e2a0000312a0000682a0000702a00008e2a0000922b0000
112c0000172c00001e2c0000482c0000882c0000e12c0000e42c0000732d0000a02d0000932e0000572f00005a2f0000
792f0000842f0000cc2f0000e22f00003233000065330000683300009a3500003e390000193b0000843b0000b93c0000
9e410000a5410000be000000e6010000a703000077040000780400008e050000a7050000a90500003506000072060000
ff070000b40900001f18000050180000d1190000ad200000fb2000001b210000732a0000352b0000752c0000f02c0000
042f0000242f0000d30e0000740f00007c0f00006b100000e0100000621600008a2000000c210000cd27000039280000
be2800007c290000a62d0000242e0000152f0000382f0000e7320000f23a0000020400001d040000cf040000e2040000
ed050000f3090000b31000007b1b0000ef1b00000b1c0000cb200000152100009b2c00001a2d00001e2f0000472f0000
b93100001f390000c2050000df090000f00c0000a41a0000fb1a00006d1c000012050000c8050000f0050000fb090000
130a0000ef0c0000800d0000250f00006f0f0000f70f00003a10000043100000ce120000e8140000fa17000051180000
d2190000e81a0000071b0000771b0000ce1b0000d31b0000121d0000ae2000001c210000c524000087260000f5290000
362b00009e2c00008c2d0000252f0000842f0000cc380000ce3a0000f8030000c3040000f40600001e0700004e0e0000
f10f0000011600006b160000591b00009e1b0000e01b00005e1c0000602d0000df2d00008e2e0000b72e000046300000
2c3a00008c0100005e020000170600006d090000671500001c1700004000000087010000e60100000f0200009b030000
ec0300006a04000078040000150500007f050000f2050000ff0500004d060000530600008a070000ff07000053090000
68090000b4090000db0b0000f30f00002315000054150000211600009216000014170000ec170000fb200000f2240000
31260000a02c0000d12c0000042f0000b12f000022330000783a0000f8030000020400001d040000c3040000cf040000
e2040000ed050000f40600001e070000f30900004e0e0000d20e0000730f00007b0f0000f10f00006a100000b3100000
df10000001160000611600006b160000591b00007b1b00009e1b0000e01b0000ef1b00000b1c00005e1c000089200000
cb2000000b21000015210000cb27000037280000bd280000782900009b2c00001a2d0000602d0000a52d0000df2d0000
232e00008e2e0000b72e0000142f00001e2f0000372f0000472f000046300000b9310000e63200001f3900002c3a0000
ee3a00008c0100005e020000c2050000170600006d090000df090000f00c0000560d00005a100000b81200003e150000
671500001c170000a41a0000fb1a00006d1c0000392700005b2800008b01000010020000ed0300006b040000f3050000
000600006c090000dc0b0000a70d0000d50e0000260f0000f40f0000441000004d10000084100000e112000055150000
fd1500002216000015170000ed1700003d1800005c18000031190000cd1b0000821c0000f324000035260000fd2a0000
702b0000a12c00008d2d0000bf2d0000b22f0000203a00007c3a000040000000e60100009b030000ea03000078040000
10050000150500007f050000c7050000ef0500004d060000530600008a070000ff07000053090000b4090000f7090000
0f0a0000eb0c0000f60f00002315000092160000f917000050180000d1190000ad200000fb2000001b210000f4290000
352b00009d2c0000d12c0000042f0000242f000022330000c8380000580400004a050000a60e0000400f0000601b0000
8e2000009f2000005624000081240000ee270000f82d0000a82e00003c2f0000f52f000046350000ff380000b0390000
e23e0000f6400000324100006b0900008e0b0000770c0000300d00004b0d0000580d0000a60d00000610000074110000
ba120000e01200009d150000b4170000d31a0000381b0000fd1c0000a6220000b52700005d2800004806000022150000
fc1a00006e1c0000ee0300006c040000f405000067060000590b0000d70e0000270f0000f80f00004510000081110000
fe1500002416000044170000ee170000cf1b0000ca1c0000351d00000821000019220000df240000f7240000712a0000
a22c0000e52c00008e2d0000112f00009e2f0000b62f0000253c0000263e00003f0000008d010000cd010000e5010000
830200007e0500001806000048060000ef0700006e090000b3090000e3090000be0b00005c100000221500003f150000
c91a0000fc1a00006e1c000034220000a92200003b230000b1270000b82700005c28000067280000e20300006c040000
c204000019050000dc05000067060000c307000053080000450a0000bf0a0000580c0000980e00006b0f0000700f0000
1c10000067100000551100008c1200000c13000046130000b5130000e2140000e91400009e160000781b0000e71b0000
e5210000682200009c240000bc240000c7240000a1250000ca270000cf270000dc2700007f280000972800001e290000
322a0000712a00008f2a0000932b0000182c00001f2c00004c2c00008a2c0000e52c0000742d0000a22d0000952e0000
5b2f00007b2f0000862f0000ce2f0000e42f000033330000693300009b350000453900001e3b0000883b0000ba3c0000
a1410000a6410000800f00008e20000040280000282e00003c2f0000fb3a0000580d00005d100000ba12000040150000
3b2700005d280000ee03000019050000f40500001c0a0000270f0000700f0000f80f000045100000e9140000781b0000
cf1b0000131d0000b020000020210000c72400008b260000f6290000372b0000a22c00008e2d0000292f0000862f0000
d5380000d23a00008d0100005f020000c4050000180600006e090000e3090000f10c0000570d00005c100000b9120000
3f150000681500001d170000a51a0000fc1a00006e1c00003a2700005c280000ee0300006c040000f4050000dd0b0000
d70e0000270f0000f80f00004510000086100000fe15000024160000ee170000cf1b0000861c0000f72400003e260000
fe2a0000712b0000a22c00008e2d0000c12d0000b62f0000243a0000853a0000cd0e00006d0f00007c100000e6140000
bd240000a7290000fb2a0000b72d00007c2f0000903e0000dc27000097280000e42f00006c0400001905000067060000
580c0000270f000045100000fe150000781b0000cf1b0000e71b0000351d00009c240000df240000dc27000097280000
712a0000932b0000e52c00008e2d0000952e00005b2f00009e2f0000e42f0000e2030000ff030000dc050000e3070000
1a0b0000cc0e0000270f00006b0f0000e00f0000451000007b10000055110000e2140000fe150000781b0000cf1b0000
e71b0000981c0000351d0000bc240000df240000a3290000f72a0000932b00008a2c00004f2d00008e2d0000b62d0000
952e00007b2f00009e2f0000e53b00008e3e0000ee030000220400000b05000019050000f40500001c0a0000270f0000
340f0000700f0000f80f000045100000e9140000781b0000cf1b0000131d0000ff1d0000341e0000b0200000d6200000
20210000c72400008b260000f6290000372b0000a22c00001f2d00008e2d0000152e0000f22e0000292f00004c2f0000
862f0000d538000027390000743a0000d23a0000c8050000fb090000ef0c0000800d00003a100000ce120000fa170000
51180000d2190000e81a0000071b0000d31b00004000000087010000e60100000f0200007f050000ff0500004d060000
68090000b40900002315000054150000141700008d0100005f0200009a030000f303000000040000740400009b040000
1f05000025050000c4050000f905000018060000580600009a0600000f070000e40700000e0800005b0900006e090000
e30900002a0a0000f10c0000570d0000da0e0000040f0000e50f0000f90f0000311000005c10000089100000b9120000
3f15000068150000eb150000ef15000056160000a71600001d170000a51a0000fc1a00006e1c0000671e0000791e0000
f61e0000161f0000b120000000210000252100003a2700005c280000f7290000f82a0000382b0000422b0000a72c0000
d62c0000542d0000812d0000c42d0000d32e0000092f00002e2f00000a3000004a330000e33800004d3a0000e5030000
07040000e8050000c10800006b090000380b00008e0b0000770c0000300d00004b0d0000580d0000a60d00009a0e0000
010f0000050f0000070f0000240f00002b0f0000d40f0000061000001e100000201000002a1000003210000041100000
b210000074110000911100003f120000ba120000e01200009d15000010160000b4170000d218000049190000fc190000
991a0000d31a0000381b0000c71b0000021c0000d51c0000fd1c0000641e0000681e0000cd1e0000741f0000a6220000
eb240000b52700005d280000c12b0000962c0000432d0000762d00007a2d0000822d00008a2d0000502e00007f2e0000
c82e0000aa2f0000043c0000323e0000f104000040060000480600002215000021190000fc1a00008b1b0000d81b0000
6e1c0000751e0000ca2c0000882e00007d00000012010000830200004f03000056030000df030000f60300006d040000
710400001c05000025050000b9050000cf05000018060000680600006c060000f10600007d070000e3090000480a0000
530a0000fa0a00008a0b0000910b0000be0b00005b0c0000660c0000480f0000eb0f0000571000005c100000f2110000
3f150000eb1500002c190000c91a0000111e00007f1e0000281f0000c51f000034220000a92200003b2300009d240000
a1240000d2240000b1270000b8270000dd2700005c28000067280000982800009c280000742a00007f2a0000632b0000
7d2c0000e62c0000ea2c00005a2d0000992d0000d92e00005c2f0000602f0000912f0000e52f0000213b0000c43b0000
3f0000008d010000cd010000e5010000830200009a0300009f030000ef030000710400009b040000a1040000a4040000
f1040000250500007e05000093050000a1050000f505000008060000100600001806000040060000480600006c060000
b0060000ef070000160800007d0800006e090000b3090000e3090000be0b0000660c0000480f0000fd0f000057100000
5c100000221500003f150000eb150000211900002c190000c91a0000fc1a00008b1b0000d81b00006e1c0000111e0000
581e00005c1e0000751e00007f1e0000c21e0000c51f000034220000a92200003b2300009d240000d2240000b1270000
b8270000dd2700005c28000067280000982800009c280000742a0000632b0000612c00006f2c0000a32c0000aa2c0000
b22c0000ca2c0000ea2c0000992d0000882e0000c02e0000d92e00005c2f0000912f0000e52f0000ee03000022040000
6c040000fb0400003c050000f405000067060000590b0000d70e0000270f0000340f0000f80f00004510000081110000
fe1500002416000044170000ee170000cf1b0000ca1c0000351d00002f1e0000381e000093200000d220000008210000
19220000df240000f7240000712a0000a22c0000e52c00001f2d0000322d00008e2d0000152e0000f92e0000fd2e0000
112f0000412f00009e2f0000b62f00009236000008380000253c0000263e0000c80500003006000013090000ef0c0000
590d00003a100000bb120000fe14000055150000151700001e180000e81a0000f41a00000f1b0000061c0000761c0000
5f000000c000000087010000c00100003202000035020000830500003506000086060000fe06000068090000c9090000
cc0900001f18000050180000d11900003f0000008d010000cd010000e5010000830200009a0300009f03000000040000
020400006d04000071040000a1040000a4040000f1040000f70400007e05000093050000a1050000ed05000010060000
1806000040060000480600006c060000b0060000e4070000ef070000f7070000160800007d080000410900006e090000
b3090000e3090000be0b0000d20e0000da0e0000e50f00005c10000089100000b3100000df100000221500003f150000
d1180000d5180000211900006d190000c91a0000fc1a00006e1c0000111e0000171e0000581e00005c1e00007f1e0000
851e00000b2100001921000097210000b321000034220000a92200003b230000b1270000b82700005c28000067280000
152a0000742a0000f82a0000122b0000632b0000662b0000612c00006f2c00009b2c0000b22c0000ca2c0000ea2c0000
542d0000c42d0000c02e0000d92e0000df2e0000142f0000222f00004633000053360000e1370000580d0000050f0000
490f000032100000581000005d100000ba120000401500002d190000681e00003b270000cd270000d32700005d280000
732800008b280000e02800004c290000822d00009a2d0000c22f0000da2f0000f3030000c5040000cf040000c4050000
f9050000240600000b090000e3090000f10c0000f90f0000a51a0000fc1a00008b1b0000bb1b0000d81b0000f71b0000
6e1c0000751e0000a72c0000ba2c0000772e0000882e00008d0100005f020000ef030000c3040000cc040000f5050000
1806000020060000260700006e090000fd0f0000681500001d170000e518000036190000bf1b0000dc1b0000291c0000
a32c0000b62c0000412e00007b2e00008d0100005f020000ef030000f3030000c3040000c5040000cc040000cf040000
c4050000f5050000f9050000180600002006000024060000260700000b0900006e090000e3090000f10c0000570d0000
040f0000480f0000f90f0000fd0f000031100000571000005c100000b91200003f150000681500001d170000e5180000
2c19000036190000a51a0000fc1a00008b1b0000bb1b0000bf1b0000d81b0000dc1b0000f71b0000291c00006e1c0000
671e0000751e00003a270000cb270000d22700005c280000722800008a280000de28000048290000a32c0000a72c0000
b62c0000ba2c0000812d0000992d0000412e0000772e00007b2e0000882e0000c12f0000d92f000007040000ea040000
a7090000370c00009c0e0000ce0e0000d30e0000290f00002b0f00001910000092100000cc100000d8100000e0100000
f0100000ee120000ec15000082160000881b0000cb1b0000fb1b0000191c00000c2100007021000009250000d3270000
8b280000e0280000872b0000f12b0000722d0000832e0000152f0000da2f0000c6300000e830000092310000bd310000
cb310000813200001f05000058060000561600007b1b00000b1c000015210000d62c00001e2f00009c030000df030000
990400009b040000c5040000cc040000f704000024060000a1060000d206000026070000610700006407000098070000
470c0000730f00006a1000009412000061160000d1180000bf1b0000f71b0000702200000a2500003a250000d2270000
e12700008a28000090280000de280000e12800004c2a0000602a0000ba2c0000a52d00007b2e0000d92f0000df2f0000
113000001f3000006b3000006e30000082320000b63200009a030000f80300006d04000074040000c5040000cc040000
f70400001f05000024060000580600009a060000f4060000070700000f070000260700005b090000470c0000730f0000
f10f00006a1000005616000061160000d11800007b1b0000bf1b0000f71b00000b1c0000002100001521000064210000
702200000a2500003a250000d2270000e12700008a28000090280000de280000e1280000ba2c0000d62c0000602d0000
a52d00007b2e0000092f00001e2f0000d92f0000df2f00000a3000003e30000082320000b6320000d30e0000740f0000
6b100000e0100000621600000c210000cd270000be2800007c290000a62d0000152f0000e732000002040000cf040000
ed050000f3090000b31000007b1b0000ef1b00000b1c0000152100009b2c00001e2f0000b9310000f8030000c3040000
f40600001e070000f10f0000011600006b160000e01b00005e1c0000602d00008e2e000046300000f803000002040000
c3040000cf040000ed050000f40600001e070000f3090000d20e0000730f0000f10f00006a100000b3100000df100000
01160000611600006b1600007b1b0000e01b0000ef1b00000b1c00005e1c00000b21000015210000cb270000bd280000
782900009b2c0000602d0000a52d00008e2e0000142f00001e2f000046300000b9310000e6320000cc030000e2030000
170400004c0400006c040000c2040000fb04000005050000190500006d050000dc05000067060000c307000053080000
450a0000bf0a0000580c0000950e0000980e0000a90e0000600f00006b0f0000700f0000850f00001c10000067100000
551100008c1200000c13000046130000b5130000e2140000e91400009e160000781b0000961b0000e71b0000e41d0000
f91d0000ff1d0000a5200000f4200000e521000068220000de230000f523000066240000752400009c240000bc240000
c7240000a1250000ca270000cf270000dc270000f3270000fe2700007f280000972800001e290000322a0000712a0000
8f2a0000932b0000182c00001f2c00004c2c00008a2c0000e52c0000142d0000322d0000742d0000a22d0000fb2d0000
2d2e0000952e0000b42e0000e32e0000ec2e0000f22e00005b2f00007b2f0000862f0000ce2f0000e42f0000fa2f0000
053000003333000069330000b13300009b3500005936000078360000f43700004539000078390000b83900001e3b0000
883b0000ba3c00000a3f0000044000005e400000604000001241000015410000a1410000a64100005e00000014010000
340200005403000058030000bb050000bd05000030060000850600001d08000099080000cb0900008f0b0000930b0000
ca0b0000960c0000f30c00002e0d0000440d00007e0d0000800d00000710000060100000d3100000cc120000ce120000
f212000041150000061800001e18000028180000641800009118000093180000da190000601a0000621a000048220000
a72200003d230000b6270000ba270000602800006b280000be000000e60100008e05000035060000b40900001f180000
50180000d11900003f0000008d010000cd010000e5010000830200009f030000ef030000020400007c040000ed040000
1a0500001c0500007e050000a1050000ed050000f5050000180600003c0600004806000077060000b0060000ef070000
6e090000b3090000e3090000460a00006d0a0000df0a0000480b0000be0b0000590c00005b0c0000d20e0000480f0000
fd0f0000571000005c100000b3100000df100000221500003f1500000f160000151600002c19000059190000fd190000
2d1a0000971a00009a1a0000c91a0000fc1a00006e1c0000b12000000b21000025210000da2100002122000034220000
a92200003b230000a1240000ac240000ea240000f0240000b1270000b82700005c28000067280000722a0000382b0000
6f2c00009b2c0000a32c0000c62c0000f52c0000992d0000142f00002e2f0000602f00006b2f0000a92f0000af2f0000
1f3b0000a83b0000143c0000f63d0000ee0300006c040000f4050000dd0b0000530e0000d70e0000270f0000560f0000
f80f00004510000086100000fe15000024160000ee170000651b00009b1b0000cf1b0000861c0000f41d0000381e0000
f72400003e260000fe2a0000712b0000a22c00008e2d0000c12d0000e42d0000212e0000ad2e0000fd2e0000b62f0000
243a0000473a00005a3a0000853a00008b01000010020000000600006c090000a70d00004d100000e112000055150000
151700003d1800005c1800003119000040000000e60100007f050000c70500004d060000b4090000f7090000eb0c0000
23150000f917000050180000d11900008d0100005f0200009a030000ef0300000a0400006d04000074040000f7040000
1f050000c4050000e1050000f505000018060000580600009a0600000f0700005b0900006e090000e30900000b0a0000
de0b0000f10c0000570d0000480f00006c0f0000fd0f0000571000005c10000056110000b9120000e31400003f150000
6815000025160000561600001d170000ef170000d1180000d51800002c190000511900006d190000761a0000a51a0000
fc1a00006e1c00000021000019210000ca240000fc2400004c260000932600003a2700005c2800008f2c0000a32c0000
d62c0000992d0000092f0000222f0000892f0000bb2f00000a300000a1340000933a0000da3a00001301000053030000
e0030000f7030000ba050000d0050000f3060000fc0a00008e0b0000300d0000920d00009a0e0000230f0000290f0000
460f0000490f00004d0f0000ec0f0000061000001e10000020100000381000003d10000054100000581000005d100000
f0100000a1110000a6110000f61100003315000040150000ec150000251900002d19000064190000391a0000e71a0000
cb1b0000341c0000e01c0000fd1c0000121e0000801e00002c1f0000c91f0000382200003c2300007a230000d3240000
b52700005d280000652b00007e2c00005b2d0000762d0000862d0000962d00009a2d0000382e0000832e0000da2e0000
922f0000c63b0000033e00007d0000008302000056030000e4030000050400006d040000710400001c05000025050000
e705000018060000680600006c0600007d070000bd08000067090000e3090000480a0000530a0000340b00008a0b0000
910b0000be0b00005b0c0000660c0000760c0000570d0000040f0000d30f000031100000b0100000b91200009c150000
0f160000b3170000d118000048190000fa190000971a0000c91a0000671e0000a2220000a92200009d240000a1240000
ea240000b1270000b8270000dd2700005c28000067280000982800009c280000742a00007f2a0000bd2b0000952c0000
e62c0000ea2c0000422d0000812d00004f2e00005c2f0000602f0000a92f0000e52f0000213b0000003c0000e5010000
a104000010060000b3090000681500001d170000e518000036190000dc1b00005c1e0000b22c0000412e00003f000000
e501000083020000560300009a0300009f030000f30300006d040000a1040000ed040000f1040000f70400001c050000
7e05000093050000a1050000c4050000f905000010060000180600003c060000400600004806000068060000b0060000
2d080000350800007d080000b3090000e3090000910b00005b0c0000f10c0000570d0000040f0000f90f000031100000
b91200000a15000022150000681500009c1500000f1600001d170000b3170000d1180000e51800001919000021190000
361900004819000059190000971a0000c91a0000dc1b00005c1e0000671e0000a1240000ea240000b1270000b8270000
dd2700005c28000067280000982800009c2800007f2a0000bd2b0000612c00006f2c0000a72c0000b22c0000c62c0000
ca2c0000e62c0000812d0000302e0000412e00004f2e0000602f0000a92f0000e52f0000cd0e0000510f00006d0f0000
c90f00007c100000e6140000fa1d000024240000bd24000027280000a7290000fb2a0000b72d00001c2e0000ed2e0000
7c2f000097380000903e0000683f0000ab400000e2030000ff030000170400003e040000dd040000dc050000e3070000
1a0b0000270f0000e00f00004510000055110000fe150000651b0000781b0000cf1b0000e71b0000981c0000351d0000
2f1e000063240000df240000932b00008a2c0000142d00004f2d00008e2d0000952e0000ad2e0000f92e00009e2f0000
9e3300008b360000e53b000033410000dc270000fe27000097280000e42f0000053000006c040000fb04000019050000
6d05000067060000580c0000270f000045100000fe150000651b0000781b0000cf1b0000e71b0000351d00002f1e0000
632400009c240000df240000dc270000fe27000097280000712a0000932b0000e52c0000322d00008e2d0000952e0000
ad2e0000f92e00005b2f00009e2f0000e42f0000053000000a3f000033410000bd050000bb070000fb080000b40c0000
f30c0000a70d0000e1120000b11a00000f1b0000391b0000761c0000fe1c0000b62700006b2800001d060000ca1a0000
30060000ca0b0000a70d0000e11200001e1800000f1b0000391b0000761c0000fe1c0000a7220000b62700006b280000
e5030000ea040000e8050000310900006b090000cb0a00008e0b0000770c0000300d00004b0d0000580d0000a60d0000
9e0e0000230f0000240f00006e0f0000710f0000061000001310000041100000b21000006d11000074110000ba120000
e012000044130000f8130000b0140000e7140000eb1400009d150000b4170000d31a0000381b0000881b0000021c0000
b51c0000fd1c00001e1d0000121e0000801e0000a6220000c0240000cb240000992500001d260000b5270000cd270000
5d280000142a0000652b00001d2c0000582c0000962c00006c2d00008a2d0000da2e00007f2f00008a2f000093350000
4336000065380000943b0000053d0000a44100007c04000048060000770600002215000003160000fc1a00006e1c0000
361d0000e4240000722a0000f52c0000a32f0000580d0000db0e00006e0f00005d1000008a100000ba120000e7140000
40150000cb2400003b270000d32700005d2800008b280000e0280000a8290000e3290000fc2a0000c52d00008a2f0000
da2f0000913e00000a040000c5040000c4050000e105000024060000e30900002a0b0000f10c00005611000003160000
a51a0000fc1a0000f71b00006e1c0000991c0000361d0000e42400008f2c0000ba2c0000a32f0000f53b0000e2030000
ff030000dc050000e30700001a0b0000480e00006f0e0000270f0000340f0000e00f00004510000055110000fe150000
541b0000781b0000961b0000b71b0000cf1b0000e71b0000981c0000351d0000df240000932b00008a2c00004f2d0000
8e2d0000d92d0000152e0000952e0000b42e00009e2f00002c340000b7370000e53b0000c73f0000500100008f010000
6b02000016070000ae070000700900003a10000064180000da190000e81a00000b1d00007b23000084020000e4090000
7e000000c0000000320200008402000050030000830500001d0600007e070000c9090000e40900008b0b0000ca1a0000
b22700006a2800007d00000012010000830200004f030000560300009c030000f603000099040000a4040000c3040000
cf040000ed040000b9050000180600003c060000f10600007d07000091070000160800005408000076080000e3090000
900a00008a0b0000910b0000be0b0000f90b0000290c0000da0e0000eb0f00005c10000089100000781300003f150000
0f16000059190000971a0000c91a0000581e000034220000a92200003b230000ea24000070250000d1250000bf260000
fa260000b1270000b8270000cb270000e52700005c28000067280000842800001f290000422a0000f82a0000c62c0000
5a2d0000c42d0000c02e0000a92f0000d32f0000293300006a3300006635000013380000593b0000274000008d010000
5f02000000040000cc0400001806000026070000e40700006e0900001b0b0000e50f0000681500001d1700007d1b0000
bf1b0000ec1b0000a81c0000942b0000542d00007b2e00009a2e0000e63b0000e2030000ff030000170400003e040000
dd040000dc050000e30700001a0b0000480e00006f0e0000cc0e0000270f0000340f0000500f00006b0f0000c70f0000
e00f0000451000007b10000055110000e2140000fe150000541b0000651b0000781b0000961b0000b71b0000cf1b0000
e71b0000981c0000351d0000f91d00002f1e00002224000063240000bc240000df24000025280000a3290000f72a0000
932b00008a2c0000142d00004f2d00008e2d0000b62d0000d92d0000152e00001b2e0000952e0000ad2e0000b42e0000
ec2e0000f92e00007b2f00009e2f00009e3300002c3400008b360000b737000093380000e53b00008e3e0000643f0000
c73f0000a840000033410000500100008f0100006b020000bd05000016070000ae070000bb070000fb08000070090000
b40c0000f30c00007e0d0000a70d00001a0e00003a1000004b100000cc120000e112000049140000671400003b180000
64180000da190000b11a0000e81a00000f1b0000391b0000761c0000fe1c00000b1d00000a2300007b23000059270000
a7280000840200001d060000e4090000ca1a0000b22700006a2800008d0100005f020000000400000a040000c5040000
cc040000c4050000e1050000180600002406000026070000e40700006e090000e30900001b0b00002a0b0000f10c0000
570d0000da0e00006c0f0000e50f00005c1000008910000056110000b9120000e31400003f1500006815000003160000
1d170000a51a0000fc1a00007d1b0000bf1b0000ec1b0000f71b00006e1c0000991c0000a81c0000361d0000ca240000
e42400003a270000d22700005c2800008a280000de280000a4290000df290000f82a0000942b00008f2c0000ba2c0000
542d0000c42d00007b2e00009a2e0000892f0000a32f0000d92f0000e63b0000f53b00008f3e00006c04000019050000
67060000580c0000270f0000340f000045100000fe150000781b0000961b0000b71b0000cf1b0000e71b0000351d0000
e41d0000f52300009c240000df240000dc270000fe27000097280000712a0000932b0000e52c00008e2d0000152e0000
952e0000b42e0000e32e00005b2f00009e2f0000e42f000005300000c73f00005e4000003402000054030000cb090000
8f0b00003a10000064180000da190000e81a00000b1d00007b230000b62700006b2800007e000000c000000084020000
830500001d0600002f0600007e070000e4090000c60b00001c180000ca1a0000a3220000b22700006a2800003f000000
8d010000cd010000e5010000830200009f030000000400007c040000c3040000cf040000ed0400001a0500001c050000
7e050000a1050000180600003c0600004806000077060000b0060000e4070000ef0700006e090000b3090000e3090000
460a00006d0a0000be0b00001a0c0000290c0000590c00005b0c0000da0e0000e50f00005c1000008910000022150000
3f150000031600000f16000059190000971a0000c91a0000fc1a00006e1c0000361d000034220000a92200003b230000
a1240000ac240000e4240000ea240000702500007f250000bf260000fa260000b1270000b8270000cb270000e5270000
5c28000067280000842800001f290000722a0000f82a00006f2c0000c62c0000f52c0000542d0000c42d0000602f0000
6b2f0000a32f0000a92f0000d32f000066350000753500001f3b0000274000001301000053030000f70300009a040000
ba050000f3060000930a00008e0b0000fb0b0000300d0000920d00009e0e0000d00e0000db0e0000290f00002b0f0000
ec0f00000610000013100000381000005d1000007f1000008a100000f01000006d110000a6110000ce1100007c130000
eb130000331500004015000010160000e2180000991a0000e71a0000cb1b00004e1c0000c21c0000fd1c000038220000
3c2300007a230000eb240000d5250000c3260000fe260000b5270000cd2700005d280000c52a0000fc2a0000002b0000
7c2b00005b2d00006c2d0000ba2d0000c52d0000832e0000aa2f000012340000ae370000173800005c3b0000f83c0000
294000007d00000083020000560300009c030000e4030000a4040000c3040000cf040000e8040000ed040000e7050000
180600003c0600007d070000910700001608000054080000760800002d09000067090000e3090000c70a00008a0b0000
910b0000be0b0000290c0000760c0000570d00006c0f0000b0100000b912000041130000e31400009c150000b3170000
59190000c91a0000111e0000581e00007f1e0000a2220000a9220000ca24000070250000b1270000b8270000cb270000
e52700005c28000067280000842800001f290000122a0000422a0000632b0000192c0000542c0000952c0000c62c0000
c02e0000d92e0000892f0000d32f0000293300006a330000663500003f360000903b0000a2410000e50100001a050000
b3090000590c0000681500001d1700007d1b0000ec1b0000ac240000942b00009a2e00006b2f00003f000000e5010000
83020000560300009f0300000a040000710400007c040000a4040000c3040000cf0400001a0500007e050000a1050000
c4050000e105000018060000480600006c06000077060000b006000016080000350800005408000063080000b3090000
e3090000460a00006d0a0000910b0000590c0000f10c0000570d00006c0f000056110000b9120000e31400000a150000
22150000681500009c1500001d170000b3170000c91a00007d1b0000ec1b0000111e0000581e00007f1e0000ac240000
ca240000b1270000b8270000cb270000e52700005c28000067280000842800001f290000332a0000422a0000722a0000
742a0000632b0000942b0000192c0000542c00006f2c00008f2c0000ea2c0000f52c00009a2e0000c02e0000d92e0000
6b2f0000892f0000d32f00006a330000793300001f3b0000a24100000704000051040000ea04000043050000a7090000
370c0000d30e000092100000e0100000ec150000821600008a2000000c2100007a24000009250000d3270000ea270000
8b280000e0280000f12b0000152f0000382f0000da2f0000f12f0000c63000009231000081320000f6380000d93e0000
f54000001f050000290500005806000056160000d62c0000382d0000d30e0000e0100000ec150000821600008a200000
0c2100007a240000d3270000ea2700008b280000e0280000f12b0000152f0000382f0000da2f0000f12f000092310000
f54000004406000021150000551500002216000015170000ed170000f3240000b22f000068040000c8050000f0050000
300600006306000013090000500b0000ef0c0000f70f0000fe14000055150000221600001517000043170000ed170000
1e180000f3240000702a00009e2c0000e12c0000b22f00001c3c0000e00300009a040000d306000063070000820e0000
740f00007c0f00006b1000009812000062160000d2180000e120000074220000cb2300003b250000d3270000ea270000
8b280000e0280000502a0000a62d0000242e0000da2f0000f12f0000203000006d300000b732000061390000ed3f0000
5c400000740400000f0700007120000000210000092f0000312f00009a030000d5030000740400009b040000cc040000
1f05000029050000580600009a0600000f07000026070000640700005b09000056160000491b0000bf1b000071200000
00210000ee230000e1270000f927000090280000e1280000602a0000d62c0000382d00007b2e00009d2e0000092f0000
312f0000df2f0000003000000a3000006e300000e83800005f400000e4010000b20900003e000000e401000082020000
550300007d05000044060000b2090000e2090000900b000021150000b7270000652800005e000000320100008f010000
1c0200003402000054030000fe030000680400006b040000c10400001205000018050000300600006306000066060000
85060000be060000e20700000608000070090000cb0900003c0a0000440a0000940a00008f0b0000ca0b0000180c0000
4f0c0000570c0000d50e0000de0f00004d100000841000006c130000fc1500001e1800003d1800000f1b0000761c0000
341d00009f1f0000a72200005c230000982400009b240000dd2400006b250000c4260000ee260000b6270000ce270000
da2700006b2800009328000096280000682a0000702a0000fd2a0000e12c0000e42c00004d2d0000bf2d0000572f0000
5a2f00009c2f0000e22f000061350000193b00005d3b00002a400000be00000035020000a70300001b0500008e050000
a7050000a9050000cc0900005a0c0000a7240000752c0000662f00008b010000c101000034020000ed03000018050000
f3050000ff0600006c090000cb090000dd0a0000570c0000f40f000051180000d2190000ae2000001c210000c3210000
98240000362b0000a12c0000252f0000572f0000a63b0000e003000007040000510400009a040000ea04000043050000
d306000063070000a7090000370c0000820e0000d30e0000010f0000240f0000290f00002d0f00004d0f0000740f0000
7c0f0000be0f0000411000006b10000092100000e0100000f01000002011000098120000d7140000ec15000062160000
82160000d21800005e1b0000cb1b0000021c00008a200000e12000000c21000074220000cb230000192400007a240000
09250000262500003b250000d0270000d3270000ea270000122800008b280000c9280000e028000012290000502a0000
ec2a0000f12b00008a2d0000a62d00000e2e0000242e0000832e0000a62e0000152f0000382f0000da2f0000f12f0000
203000006d300000c6300000193100009231000081320000a2320000b7320000f3320000e5350000f638000061390000
d93e0000583f0000ed3f00005c400000ac400000f5400000740400001f05000029050000580600000f07000056160000
7120000000210000e1270000f927000090280000e1280000d62c0000382d0000092f0000312f0000df2f000000300000
e401000044060000b209000021150000b7270000652800008b010000c101000034020000ed0300006804000018050000
c8050000f0050000f30500003006000063060000ff060000130900006c090000cb090000dd0a0000500b0000570c0000
ef0c0000800d0000d50e00006f0f0000f40f0000f70f00004d10000084100000ce120000e8140000fe14000055150000
221600001517000043170000ed1700001e1800003d18000051180000d2190000ae2000001c210000c321000098240000
c5240000f32400005b270000ba270000c9270000602800007d280000a92800001d290000a9290000d3290000702a0000
fd2a0000362b00009e2c0000a12c0000e12c0000bf2d0000252f0000572f0000842f0000b22f0000cc2f0000a63b0000
1c3c0000923e0000740f00007c0f00006b10000062160000d2180000e1200000742200003b250000d3270000ea270000
8b280000e0280000a62d0000242e0000da2f0000f12f0000b7320000ed3f00009a030000d503000074040000c5040000
d2040000f70400001f050000290500006605000024060000580600009a0600000f0700005b090000470c000056160000
f71b000071200000002100000a250000e1270000f927000090280000e1280000ba2c0000d62c00002a2d0000382d0000
092f0000312f0000df2f0000003000000a30000082320000e8380000023f00003e000000e40100007d05000016060000
44060000b2090000ba0b000021150000c81a0000a8220000b7270000652800008b01000010020000ed03000068040000
6b04000012050000f30500000006000030060000630600006c090000ca0b0000dc0b00004f0c0000d50e0000f40f0000
4d1000008410000055150000fc1500002216000015170000ed1700001e1800003d1800000f1b0000761c0000341d0000
9f1f0000a72200005c2300009b240000dd240000f324000035260000c4260000ee260000b6270000ce270000da270000
6b2800009328000096280000702a0000fd2a0000a12c0000e12c0000bf2d00005a2f00009c2f0000b22f0000e22f0000
7c3a00002a4000005e0000003402000054030000de030000680400006b040000bf0400001205000018050000bd050000
da050000300600006306000066060000850600001d0800004f08000099080000cb0900003c0a0000440a0000bb0a0000
8f0b0000ca0b00004f0c0000570c0000960c0000f30c0000800d00006f0f000054110000ce12000045130000e8140000
061800001e1800006418000093180000da190000621a0000761b0000e51b0000a7220000982400009b240000c5240000
b6270000ce270000da2700006b2800009328000096280000312a0000682a0000702a0000922b00001e2c0000482c0000
882c0000e12c0000e42c0000932e0000572f00005a2f0000842f0000e22f000065330000193b0000843b0000a5410000
51180000d2190000ae2000001c210000362b0000252f0000be000000a7030000770400008e050000a7050000a9050000
35060000720600001f180000732a0000752c0000f02c000034020000540300006b0400001205000018050000c8050000
f005000066060000cb090000fb090000130a00008f0b0000570c0000ef0c0000800d00006f0f0000f70f0000ce120000
e8140000fa170000511800006418000093180000d2190000da190000621a0000761b0000e51b0000ae2000001c210000
98240000c5240000b6270000ce270000da2700006b2800009328000096280000f5290000682a0000362b0000922b0000
1e2c0000482c00009e2c0000e42c0000932e0000252f0000572f0000842f0000e22f0000cc380000a54100008e200000
81240000ee2700003c2f0000f52f0000f6400000580d0000ba1200009d150000b4170000b52700005d280000990e0000
cd0e00001d1000007c100000211400007b140000651700005b260000c2260000cc270000fb2a0000752d0000b72d0000
a23a0000323d00002840000024160000ee170000f7240000b62f0000580400004a050000890e00002f0f0000800f0000
c10f0000601b00008e200000e8200000d22300001c24000081240000ee27000015280000102e0000282e0000a82e0000
3c2f0000f52f0000e9350000ff3800006a390000e23e00005c3f0000f63f00005d400000ad400000f640000013010000
53030000ba0500006b0900008e0b0000770c0000580d0000a60d00001c0e0000381000005d100000ba120000e0120000
4b14000061140000401500009d150000b4170000e71a000038220000a62200000c2300003c23000079270000b5270000
5d280000ee280000e501000048060000b309000022150000b827000067280000ee0300006c04000019050000f4050000
67060000de0a0000590b0000580c0000d70e0000700f0000f80f000086100000e91400002416000044170000ee170000
b020000020210000cc2100009c240000c7240000f7240000cf2700007f2800001e290000aa290000d7290000712a0000
fe2a0000372b0000a22c0000e52c0000c12d0000292f00005b2f0000862f0000b62f0000ce2f0000a73b0000253c0000
933e0000800f0000e8200000ee270000282e0000f52f0000f63f00005d10000040150000382200003c230000b5270000
5d280000ee0300006c04000019050000f405000067060000dd0b0000580c0000d70e0000f80f000086100000fe150000
24160000ee170000351d00009c240000df240000f72400003e260000c5260000f2260000cf270000dc27000097280000
712a0000fe2a0000a22c0000e52c0000c12d00005b2f00009e2f0000b62f0000e42f0000853a00002b400000990e0000
6d0f00001d10000010130000b6130000e6140000e9210000bd240000cc270000902a00001c2c0000752d00007c2f0000
49390000bb3c0000a3410000b020000020210000372b0000292f0000ee0300006c04000019050000f405000067060000
1c0a0000580c0000700f0000f80f0000e9140000781b0000e71b0000b0200000202100009c240000c7240000cf270000
dc27000097280000f6290000712a0000372b0000932b00001f2c00004c2c0000a22c0000e52c0000952e0000292f0000
5b2f0000862f0000e42f0000d5380000a6410000990e0000aa0e0000cd0e0000510f0000990f00001d1000007c100000
211400007b140000651700000b1e0000431e00005b260000c2260000cc270000fb2a0000752d0000b72d0000fc2d0000
1c2e000030370000643a0000a23a0000323d0000d53f00002840000024160000ee170000381e0000f7240000fd2e0000
b62f00005515000015170000580d0000050f0000740f0000321000006b100000ba1200009d150000621600007b170000
b4170000121e0000681e0000801e0000801f0000b52700005d280000652b0000822d0000a62d0000da2e0000b43d0000
cc030000ff0300006c040000c2040000fb040000190500006d05000067060000e3070000450a0000950a0000190c0000
580c0000480e00007d0e0000d70e0000560f0000e00f00008610000070130000fe150000351d0000e41d0000ee1d0000
2f1e0000501e0000f52300009c240000df2400006f250000c5260000f2260000cf270000dc270000fe27000097280000
712a0000fe2a0000e52c0000322d00004f2d0000c12d0000d92d0000212e0000e32e0000f92e00005b2f00009e2f0000
e42f000005300000fb3400006535000059360000fa3600001e3b00005e3b00000a3f0000e53f00002b4000005e400000
5e000000320100008f0100001c02000034020000540300003006000085060000be0600000608000070090000cb090000
8f0b0000ca0b00004d1000001e1800003d1800000f1b0000761c00009f1f0000a72200005c230000b62700006b280000
be000000350200008e050000cc0900003f000000e501000083020000560300009f030000f80300007c040000a4040000
1a0500007e050000a10500004806000077060000b0060000f406000016080000b3090000e3090000460a00006d0a0000
fd0a0000910b0000590c0000f10f000022150000171e0000581e0000851e00003c1f0000ac240000b827000067280000
722a0000662b00006f2c0000f52c0000602d0000c02e0000df2e00006b2f00001f3b0000c73b0000ee0300006c040000
fb040000190500006d050000f405000067060000dd0b0000580c0000530e0000d70e0000560f0000f80f000086100000
fe15000024160000ee170000351d0000f41d00002f1e0000381e0000501e00009c240000df240000f72400003e260000
c5260000f2260000cf270000dc270000fe27000097280000712a0000fe2a0000a22c0000e52c0000322d0000c12d0000
e42d0000212e0000f92e0000fd2e00005b2f00009e2f0000b62f0000e42f0000053000005a3a0000853a00000a3f0000
e53f00002b4000008b0100001002000000060000300600006c090000ca0b00004d10000055150000151700001e180000
3d1800000f1b0000761c00009f1f0000a72200005c230000b62700006b2800001301000053030000e0030000e5030000
f7030000ea040000ba050000d0050000e8050000f3060000310900006b090000cb0a0000fc0a00008e0b0000770c0000
580d0000a60d00001c0e00009c0e0000d00e0000070f0000490f00004d0f00006e0f0000ec0f00001910000038100000
581000005d1000007f100000b2100000cc10000091110000f61100006c120000ba120000e012000044130000d1130000
4b14000061140000e7140000401500009d150000ec150000b41700002d190000e71a0000881b0000121e0000641e0000
801e0000e61e00002c1f0000561f0000c91f000038220000a62200000c2300003c230000cb240000d324000079270000
b5270000cd2700005d280000ee280000142a0000ab2a0000002b00004e2b0000652b00001d2c0000582c00007e2c0000
962c00005b2d0000722d00009a2d0000ba2d0000c82e0000da2e00008a2f0000922f0000f234000043360000e0360000
943b0000c63b0000da3c0000a4410000e50100007c040000a1040000100600004806000077060000b309000022150000
171e00005c1e0000851e0000b827000067280000722a0000662b0000b22c0000f52c0000df2e0000ee03000022040000
6c040000fb0400003c050000f405000067060000590b0000f80f00002416000044170000ee170000381e0000f7240000
712a0000a22c0000e52c00001f2d0000322d0000fd2e0000b62f000092360000253c0000c80500003006000013090000
ef0c0000fe14000055150000151700001e180000580d00006e0f0000740f00006b100000ba120000e71400009d150000
ec1500001016000062160000b4170000ca170000991a0000cb240000eb24000029260000b52700005d280000a62d0000
8a2f0000aa2f000071380000ee03000019050000f4050000de0a0000580c0000530e0000f80f0000e41d000084200000
b0200000d620000020210000cc2100009c240000372b0000a22c0000e42d0000e32e0000292f00004c2f00005b2f0000
ee370000a73b00008b010000c101000034020000ff0600006c090000cb09000051180000d21900003f000000e5010000
83020000560300009a0300009f030000f80300009b040000a1040000f10400001c0500007e05000093050000a1050000
100600004006000048060000b0060000f40600007d080000b3090000e3090000910b0000fc0b00005b0c0000f10f0000
2215000015160000211900009a1a00005c1e0000a1240000f0240000e5250000b827000067280000612c00006f2c0000
b22c0000ca2c0000602d0000602f0000af2f000027380000ee030000220400006c040000fb040000190500003c050000
f405000067060000de0a0000590b0000580c0000530e0000d70e0000560f0000700f0000f80f000086100000e9140000
2416000044170000ee170000e41d0000ff1d0000381e000084200000b0200000d620000020210000cc2100009c240000
c7240000f7240000cf270000f3270000342800007f2800001e290000aa290000d7290000712a0000fe2a0000372b0000
a22c0000e52c00001f2d0000322d0000c12d0000e42d0000212e0000e32e0000f22e0000fd2e0000292f00004c2f0000
5b2f0000862f0000b62f0000ce2f0000fa2f000092360000ee370000a7380000a73b0000253c0000933e00008b010000
c101000034020000c805000030060000ff060000130900006c090000cb090000ef0c0000800d00004d100000ce120000
fe14000055150000151700001e1800003d18000051180000d21900005b270000ba27000060280000a9280000d30e0000
db0e00005d1000008a100000e010000040150000d2180000121e0000801e00000c210000b7210000382200003c230000
b52700005d280000fc2a0000132b0000652b0000c52d0000da2e0000152f0000e53700003f000000e50100009a030000
9f0300000204000071040000a1040000f1040000f70400007e05000093050000a1050000ed0500001006000018060000
40060000480600006c060000b00600007d08000041090000b3090000be0b0000b31000002215000021190000c91a0000
171e00005c1e0000851e0000a9220000b827000067280000152a0000742a0000662b0000612c00006f2c00009b2c0000
b22c0000ca2c0000ea2c0000df2e00005336000007040000ea040000a7090000370c0000d30e000092100000e0100000
ec150000821600000c21000009250000d32700008b280000e0280000f12b0000152f0000da2f0000c630000092310000
813200001f0500005806000056160000d62c0000d30e0000e0100000ec150000821600000c210000d32700008b280000
e0280000f12b0000152f0000da2f000092310000e00300009a040000d306000063070000740f00006b10000098120000
62160000d2180000742200003b250000d32700008b280000e0280000502a0000a62d0000da2f0000203000006d300000
b7320000740400000f07000000210000092f00009a030000740400009b040000cc0400001f050000580600009a060000
0f07000026070000640700005b09000056160000bf1b000000210000e127000090280000e1280000602a0000d62c0000
7b2e0000092f0000df2f00000a3000006e300000e0030000070400009a040000ea040000d306000063070000a7090000
370c0000d30e0000010f0000240f0000290f00004d0f0000740f0000411000006b10000092100000e0100000f0100000
2011000098120000d7140000ec1500006216000082160000d2180000cb1b0000021c00000c2100007422000009250000
262500003b250000d0270000d32700008b280000c9280000e028000012290000502a0000ec2a0000f12b00008a2d0000
a62d0000832e0000152f0000da2f0000203000006d300000c6300000193100009231000081320000a2320000b7320000
f3320000740400001f050000580600000f0700005616000000210000e127000090280000e1280000d62c0000092f0000
df2f0000740f00006b10000062160000d2180000742200003b250000d32700008b280000e0280000a62d0000da2f0000
b73200009a03000074040000c5040000f70400001f05000024060000580600009a0600000f0700005b090000470c0000
56160000f71b0000002100000a250000e127000090280000e1280000ba2c0000d62c0000092f0000df2f00000a300000
82320000990e0000aa0e0000620f00006d0f00001d10000010130000b6130000e6140000fa1d0000a7200000e9210000
68240000bd240000cc270000902a00001c2c0000752d0000fc2d0000ed2e00007c2f0000f837000049390000bc390000
bb3c000014410000a3410000cc030000e2030000170400004c0400006c040000c2040000fb0400000505000019050000
6d050000dc0500006706000053080000450a0000bf0a0000580c0000700f00005511000046130000e9140000781b0000
961b0000e71b0000e41d0000ff1d0000f5230000752400009c240000c7240000cf270000dc270000fe27000097280000
322a0000712a0000932b00001f2c00004c2c00008a2c0000e52c0000142d0000322d0000952e0000b42e0000e32e0000
f22e00005b2f0000862f0000e42f00000530000069330000b133000059360000783600001e3b0000883b00000a3f0000
5e40000015410000a6410000b0200000d620000020210000372b0000292f00004c2f0000ee030000220400006c040000
0b05000019050000f4050000670600001c0a0000580c0000700f0000f80f0000e9140000781b0000961b0000e71b0000
e41d0000ff1d0000b0200000d620000020210000f5230000752400009c240000c7240000cf270000dc270000fe270000
97280000f6290000712a0000372b0000932b00001f2c00004c2c0000a22c0000e52c00001f2d0000952e0000b42e0000
e32e0000f22e0000292f00004c2f00005b2f0000862f0000e42f000005300000d5380000273900005e40000015410000
a64100005e0000003402000054030000bd05000030060000850600001d08000099080000cb0900008f0b0000ca0b0000
960c0000f30c0000800d0000ce120000061800001e1800006418000093180000da190000621a0000a7220000b6270000
6b28000051180000d2190000be0000008e050000350600001f1800003402000054030000c8050000cb090000fb090000
8f0b0000ef0c0000800d0000ce120000fa170000511800006418000093180000d2190000da190000621a0000b6270000
6b2800001301000053030000e5030000f7030000070400009a040000ba050000e8050000f3060000c10800006b090000
930a0000380b00008e0b0000fb0b0000770c0000580d0000a60d00001c0e00009c0e0000db0e0000010f0000050f0000
460f0000710f0000d40f0000ec0f0000191000003210000038100000541000005d1000008a100000b2100000cc100000
ba120000e01200007c130000121400004b1400006114000096140000eb140000401500009d15000010160000b4170000
d2180000e21800004919000064190000fc190000191a0000821a0000991a0000e71a0000681e000038220000a6220000
0c2300003c230000c0240000eb240000b7250000d5250000ff250000c3260000fe26000079270000b5270000cd270000
5d280000ee280000fc2a0000c12b0000962c0000432d00005b2d0000722d0000822d0000962d0000c52d0000502e0000
7f2f0000aa2f0000b335000017380000453800005c3b0000043c0000233d000029400000e5010000f10400001a050000
4006000048060000b3090000590c00002215000015160000211900009a1a0000ac240000f0240000b827000067280000
ca2c00006b2f0000af2f0000d30e0000490f0000581000005d100000e010000040150000101600002d1900002e1a0000
991a00000c21000025220000382200003c230000eb240000b52700005d2800009a2d0000152f0000aa2f0000f73d0000
3f000000e50100009f030000020400007c040000ed0400001a0500007e050000a1050000ed050000180600003c060000
4806000077060000b0060000b3090000460a00006d0a0000480b0000be0b0000590c0000b31000002215000015160000
59190000fd1900009a1a0000c91a0000a9220000ac240000f0240000b827000067280000722a00006f2c00009b2c0000
c62c0000f52c00006b2f0000af2f00001f3b0000143c00007301000021030000fa03000019040000a7040000ba040000
eb0500009108000013090000db090000a30a0000500b0000a10d00002a0f0000310f00004c0f000042100000b5100000
011100000611000034120000ee1300003c1500006d170000bc180000e6180000ec1800002a190000df190000031c0000
061c00000d1c0000151e0000881e0000a41e00002a20000042200000c12000001121000040210000fd21000015220000
992c0000162d00008b2d0000122e00003d2e0000652e00001a2f0000432f0000c2310000f031000018390000153a0000
ac00000024030000a4030000d8030000f903000075040000e9040000200500002a05000059060000860600009b060000
c2060000f5060000fe060000020700001007000034070000160900005e090000650a0000530b0000d60c0000490e0000
ee0f0000531300008b150000121600005716000072160000751600009a170000b2180000fb18000041190000c0190000
f51f0000fc1f00007220000001210000bf210000c6210000d72c0000392d00005d2d0000da2d0000482e0000712e0000
0a2f0000322f00000b3000004d300000eb380000fd3900001800000043000000e900000090010000a9010000b4010000
e9010000ac020000dd020000820500002e0600004506000071090000b709000026150000791500007d15000023170000
1700000042000000b4000000ec000000020100008201000093010000ac010000b1010000e8010000a6020000af020000
ed020000f90200007f0300009e030000eb030000010400007b040000ec04000013050000160500007d05000081050000
c9050000f105000031060000440600004b0600004f060000b2070000e5070000ee0700002408000067080000dc080000
4c0900006309000074090000b2090000b6090000000a0000180a0000ba0b0000b70c0000ff0c0000b20d0000cd0d0000
d50d0000210e0000d10e0000470f0000e20f0000fc0f00004c100000561000005b10000080100000f312000050140000
251500003d1500007c15000080150000861500000e16000014160000ae160000b0160000cc16000026170000fb170000
3e1800004418000045180000521800006d1800002b190000391900003f190000bd190000d3190000e5190000d11f0000
e91f00005220000055200000af200000f72000001d2100002d22000030220000fa290000012b00003b2b00009d2b0000
9f2c0000cd2c0000512d0000982d0000bb2d0000462e0000002f0000262f00004d330000fd350000d1380000f2390000
1a040000bc040000a70a0000590b0000320f0000f01300006f170000bd180000ed180000c22000000122000019220000
172d0000132e0000662e0000442f00001a390000163a0000eb000000e5020000c0050000cb090000f60c00008b0d0000
cf0d0000d70d000039100000f5120000da190000e91a0000ef1a0000131b0000411d0000981d0000061f00001d200000
1900000044000000ea00000091010000aa010000b5010000ea010000ad020000e8020000830500002f06000049060000
72090000b8090000271500007a1500007e15000024170000bd0000008d010000fd020000830300009f030000ef030000
020400007c040000ed0400001a0500001c0500007e050000f50500004806000050060000b3070000e6070000ef070000
2508000068080000dd0800004e0900006e090000b30900001f0a0000be0b0000b90c0000230e0000d20e0000480f0000
e30f0000fd0f0000571000005c10000081100000521400003f150000881500000f16000015160000af160000b1160000
cd1600002c19000040190000be190000e8190000d51f0000ed1f00005920000060200000b1200000f820000021210000
342200003b220000fb290000022b00003c2b00009e2b0000a32c0000ce2c0000522d0000992d0000bc2d0000472e0000
012f00002a2f00004e330000fe350000d8380000f5390000eb00000092010000d9010000d2020000e5020000f1030000
9d040000a7040000c0050000f70500000c060000cd080000f408000073090000cb090000fb090000f60c00008b0d0000
a80d0000cf0d0000d70d0000280f00004a0f0000fb0f00003910000046100000591000005e100000e2120000f5120000
4315000064150000e5160000e3180000e61800002e19000034190000a8190000da190000e91a0000ef1a0000131b0000
d01b0000d31b0000da1b00000f1c0000411d0000981d0000b51d0000251e0000541e0000711e0000901e0000061f0000
1d200000a52c0000ae2c00008f2d00009b2d00003f2e00008a2e0000bc2e0000cd2e000019000000440000009f000000
cb000000ea00000091010000aa010000b5010000ea010000ad020000d5020000e8020000a0030000a4030000f0030000
a2040000e9040000f2040000f30400007f0500008305000094050000a2050000bf050000f6050000ff05000003060000
110600002f06000037060000410600004906000091060000b20600003b070000430700008008000072090000b8090000
fe090000f50c0000fa0f000015150000271500007a1500007e15000024170000f11800001c190000221900003d190000
8b190000611d0000681d00005d1e0000622c0000702c0000a42c0000b32c0000c12c0000cb2c0000332e0000442e0000
7301000021030000fa030000a7040000eb0500009108000013090000db090000a10d00002a0f00004c0f000042100000
b51000000111000006110000341200003c150000e61800002a190000df190000031c0000061c00000d1c0000151e0000
881e0000a41e00002a200000422000001121000040210000992c00008b2d00003d2e00001a2f0000c2310000f0310000
ac00000024030000a4030000f903000075040000e90400002005000059060000860600009b060000c2060000f5060000
fe060000020700001007000034070000160900005e090000d60c0000ee0f00008b150000121600005716000072160000
7516000041190000c0190000f51f0000fc1f000001210000d72c00005d2d0000482e00000a2f00000b3000004d300000
bd0000008d010000fd020000830300009f030000db030000ef03000002040000230400007c040000ed0400000e050000
1a0500001c0500002c0500007e050000f50500004806000050060000b3070000e6070000ef0700002508000068080000
dd0800004e0900006e090000b30900001f0a00006d0a0000ce0a0000480b00005f0b0000be0b0000b90c0000230e0000
4c0e0000d20e0000480f0000530f0000e30f0000fd0f0000571000005c100000811000005d1300000914000052140000
3f150000881500000f16000015160000af160000b1160000cd16000072170000a4170000b7180000be180000f8180000
fe1800002c19000040190000be190000e8190000d51f0000ed1f0000592000006020000074200000b1200000d7200000
f820000021210000d2210000da2100002122000028220000342200003b220000fb290000022b00003c2b00009e2b0000
a32c0000ce2c0000202d00003b2d0000522d0000992d0000bc2d0000dd2d00001e2e0000472e0000672e0000742e0000
012f00002a2f0000342f00004d2f00004e330000fe350000d8380000ee3800002a390000f5390000033a0000183a0000
1700000042000000ec0000000201000093010000ac010000b1010000e8010000a6020000af020000ed02000081050000
c9050000310600004b06000074090000b6090000000a0000ff0c0000b20d0000cd0d0000d50d00004c100000f3120000
251500007c1500008015000026170000fb1700003e1800004418000045180000521800006d18000039190000d3190000
9c000000f90000006f0100009a010000ab01000049020000c6020000d2020000e50200005b030000e60300000b040000
6f04000022050000e9050000000600006a060000850600001d0800008d080000c6080000700900007b090000fb090000
4f0a00003d0b0000930b0000960b0000b20b0000620c00007a0c0000050d0000320d00003c0d00003e0d00005b0d0000
b90d00009b0e0000060f0000450f00004b0f0000d50f0000051000001f1000002510000026100000331000004b100000
50100000b7100000ff10000004110000bd1200003a1500005b150000a015000011160000b7170000d318000029190000
311900004a19000097190000011a0000431a0000601a00006b1a00009e1a00001b1b0000651d0000821d0000851d0000
691e0000ae220000b6220000982300009b2300009f240000ec2400001f2700002127000025270000bd270000c5270000
df2700005e280000632800009a2800007b2a0000c62b0000972c0000e82c0000442d0000772d0000832d0000922d0000
3c2e0000512e00005e2f0000ab2f0000e72f0000273b0000093c00000d3e000026000000c3000000d5020000e8020000
a9030000f204000086050000aa0500004106000049060000fe090000271500007a1500007e15000024170000f1180000
221900003d190000772c0000cb2c0000442e00001301000053030000e0030000f70300001504000030040000b5040000
ba050000d0050000f3060000990a0000fc0a0000380b00008e0b0000300d0000920d00009a0e0000ab0e0000230f0000
290f0000300f0000380f0000460f0000490f00004d0f0000ec0f0000061000001e10000020100000381000003d100000
54100000581000005d100000f0100000a1110000a6110000f6110000a5130000ec1300003315000040150000ec150000
6817000073170000bb180000bf180000c3180000ea180000251900002d19000064190000391a0000e71a0000cb1b0000
341c0000c21c0000e01c0000fd1c0000121e0000271e0000801e00002c1f00005e1f0000741f0000c91f000038220000
3c2300007a23000051240000d3240000b52700005d280000e3290000652b00007e2c0000122d00005b2d0000762d0000
862d0000962d00009a2d0000fd2d0000112e0000382e0000642e0000682e0000832e0000da2e0000f52e0000922f0000
a230000065310000c73400008436000094370000c63b0000033e000051410000e5010000a1040000ae04000010060000
b3090000ee0a0000681500001d1700008c170000e5180000e918000036190000dc1b00005c1e0000b22c0000272d0000
412e00006c2e0000b9010000050600005d150000321900001c1b0000661d0000eb00000021010000d9010000e5020000
8f030000080400009d040000c0050000c8050000d50500000c060000cd080000cb0900000c0b0000ca0b0000f60c0000
8b0d0000940d0000cf0d0000d70d00002c0f00004e0f0000391000003a1000003e100000a2110000a7110000f7110000
f51200003515000064150000f1150000e5160000e31800002619000034190000da1900003e1a0000e91a0000ef1a0000
131b00000f1c0000351c0000e11c0000fe1c0000411d0000981d0000901e0000061f00002d1f0000ca1f00001d200000
392200004a23000088230000d8240000832c0000ae2c0000872d0000392e00003f2e0000972f0000d63b0000083e0000
7d0000008302000056030000cf030000e4030000050400006d04000071040000fc0400001c0500002505000070050000
e705000018060000680600006c0600007d070000bd08000067090000e3090000480a0000530a00002a0b0000340b0000
3b0b00008a0b0000910b0000be0b00005b0c0000660c0000760c0000570d0000450e0000600e0000040f0000110f0000
d30f000031100000b0100000b912000049130000c31300009c1500000f16000092170000b3170000ad180000d1180000
f31800001419000048190000fa190000971a0000c91a0000a81c0000e51d0000671e0000281f00002f1f0000a2220000
a9220000f82300009d240000a1240000ea240000b1270000b8270000dd270000ff2700005c2800006728000098280000
9c280000df290000e6290000742a00007f2a0000bd2b0000952c0000e62c0000ea2c0000332d0000422d0000812d0000
d62d0000082e00004f2e00006e2e0000e42e00005c2f0000602f0000a92f0000e52f0000063000003e3100005c360000
7e370000213b0000003c00000d3f0000a73f00006c4000001a00000063000000f10000006d01000095010000f9010000
04020000390200004a020000570200009a020000b902000064030000310600008a0600002c0700008b08000076090000
d00900009f0b0000cf0b00003f0d0000271000006e1500002318000074180000391900006e1a0000831d0000b7220000
99230000202700002a270000c62700006c2800002f000000cc000000cf020000e20200008f050000f809000019000000
440000008d0000009f000000ea00000091010000aa010000b5010000ea010000ad020000e802000092030000a0030000
060400007d040000f30400002605000083050000a20500002f060000490600007806000091060000b20600003b070000
430700007e070000be0800006809000072090000b8090000540a0000700a0000350b00008b0b0000bf0b0000cd0b0000
670c0000840c0000d80f000015150000271500007a1500007e150000aa15000024170000c1170000d61800001c190000
4d1900000a1a0000de220000e5220000ad240000802a0000be2b0000702c0000f62c0000472d0000332e0000542e0000
6c2f0000293b0000013c00003f000000e501000083020000560300009a0300009f030000b3030000c0030000f3030000
6d040000a1040000ae040000ed040000f1040000f7040000fc0400001c050000700500007e05000093050000a1050000
c4050000f905000010060000180600003c060000400600004806000068060000b00600002d080000350800007d080000
b3090000e30900004b0a0000ee0a00002a0b00003b0b0000910b00005b0c0000f10c0000570d0000540e0000040f0000
110f0000f90f000031100000b91200007f130000c31300000a15000022150000681500009c1500000f1600001d170000
49170000541700008c17000092170000b3170000a5180000a7180000ac180000d1180000e5180000e9180000f3180000
141900001919000021190000361900004819000059190000971a0000c91a0000dc1b0000a81c00005c1e0000671e0000
a1240000ea240000b1270000b8270000dd270000ff2700005c28000067280000982800009c280000df290000e6290000
7f2a0000bd2b0000612c00006f2c0000a72c0000b22c0000c62c0000ca2c0000e62c0000fd2c0000272d0000332d0000
812d0000e52d0000082e0000302e0000412e00004f2e00005a2e00005c2e00006c2e00006e2e0000602f0000a92f0000
e52f00000630000089300000bd3400000d3f0000a73f00001d0000009d000000c7000000fa0000009b010000b9010000
4a020000570200009a020000c7020000d3020000d7020000e6020000ea02000081050000050600003106000095060000
1e0800007c090000fc090000000a0000cf0b00003f0d0000271000005d1500006e150000231800007418000032190000
391900006e1a00001c1b0000661d0000831d0000b722000099230000202700002a270000c62700006c2800009c000000
f90000005d0100006f0100009a010000ab01000049020000ae020000c6020000d2020000e50200005b03000063030000
8f030000a2030000e6030000e803000003040000a7040000eb040000ee040000e9050000000600003006000038060000
85060000b7070000bb070000d8070000e8070000060800001d080000290800006f0800008d080000f408000032090000
36090000700900007b090000cb090000fb090000d00a00008f0b0000930b0000960b00009e0b0000b20b0000ca0b0000
0b0c00007a0c0000b50c0000050d00000f0d0000320d00003c0d00003e0d00004d0d00005b0d0000b90d00001e0e0000
9f0e0000cf0e0000090f00000a0f00004b0f0000790f0000e10f000005100000071000000d1000002510000026100000
2b1000004b1000007e100000a1100000b7100000ff100000041100002c110000761100000a120000bd12000051130000
04140000491400004d14000062140000f71400003a1500005b15000077150000a0150000aa160000b7170000e6180000
ef180000f018000029190000311900003c19000073190000891900008d190000b1190000251a0000601a00006b1a0000
871a00001b1b0000461b00000b1d0000411d0000591d0000651d0000821d0000851d0000d11d0000d41d0000131e0000
541e0000811e0000ce1e0000901f0000931f0000ae220000b6220000e2220000282300002b230000982300009b230000
cc240000b8250000d62500001f27000021270000252700004927000087270000bd270000c5270000d7270000e7270000
5e280000632800006b28000078280000ef2800004d290000192a0000242a0000de2a0000062b00006a2b0000a92b0000
2d2c00005d2c0000972c0000c22c0000502d0000662d00007b2d0000b92d00003c2e0000432e0000bc2e0000db2e0000
8b2f0000c72f0000d63000002531000052330000b43500000436000044360000483600007637000018380000993b0000
153d0000ae410000260000004f000000c3000000d5020000e802000092030000ad0300007d040000f804000086050000
8e0500009605000049060000780600002e080000360800007e080000fe090000cd0b00000f150000271500007a150000
7e150000aa15000024170000c1170000d61800001a1900004d190000802a0000be2b0000642c0000f62c0000312e0000
542e00008c1500001316000073160000761600009b170000fc18000042190000492e0000722e0000d901000021030000
a2030000b9030000e7030000fb0300009d040000aa040000ee040000f4040000600500000c060000a8060000c7060000
e8060000f8060000ff06000016070000390700003d0700004507000066070000cd08000013090000da0a0000500b0000
430c0000d30c0000540d0000400e00005d0e0000080f00000f0f0000ed0f00002f100000ab100000141200003e130000
be1300001615000064150000e51600004017000085170000a3180000a8180000e3180000e7180000f018000011190000
1d1900003419000055190000921a0000bd1a00000f1c0000941c0000901e00009c1e0000f91f0000c3210000e8230000
0c250000522500009e270000a6270000e3270000f52700008e280000a9280000ae280000e3280000bb290000d3290000
5c2a0000ae2c0000232d00005c2d00007f2d0000d12d0000062e0000342e00003f2e0000582e00006a2e0000dd2f0000
fc2f000017300000373000005230000070300000823000003b31000084320000d0320000b9340000fb3e0000a43f0000
62400000a4000000ab030000b5030000f5040000a30500008d060000b10600003e07000046070000570a00001b150000
4f170000a61800001e190000712c0000ff2c0000352e00005b2e000024000000c2000000d4020000e702000085050000
fd090000170000001d0000003b00000061000000b4000000c7000000f300000097010000fb0100000002000037020000
9e020000bb020000d7020000ea02000067030000960300000904000073040000f60400001e0500007a0500007d050000
8105000092050000330600006e060000880600002e0700002c080000340800007c080000c30800006d09000078090000
ce090000000a00004a0a00005e0a00003a0b0000900b0000a20b0000a50b00005d0c00007f0c0000d60f000008150000
70150000a5150000bc1700002118000076180000d4180000181900003a1900004b190000071a0000ba220000d2220000
a3240000762a0000c32b0000602c0000ec2c0000452d00002f2e0000522e0000622f0000233b0000063c0000d9010000
21030000fa0300009d040000aa040000eb040000f4040000600500000c060000c3060000f6060000ff06000035070000
cd08000013090000da0a0000500b0000430c0000d70c0000540d00004a0e0000080f00000f0f0000ef0f00002f100000
1412000054130000be130000641500008c150000131600007316000076160000e5160000851700009b170000b3180000
e3180000e7180000f0180000fc180000111900003419000042190000c2190000921a00000f1c0000901e00009c1e0000
f91f0000c32100000c250000522500009e270000a6270000e3270000f52700008e280000a9280000ae280000e3280000
bb290000d3290000ae2c0000232d00005e2d00007f2d0000db2d0000062e00003f2e0000492e00006a2e0000722e0000
dd2f0000fc2f00004e30000084320000d0320000ff390000fb3e0000a43f00009e020000d3020000e602000067030000
73040000f0040000330600003f060000470600006e060000fc090000a20b00001e15000070150000a5150000bc170000
2118000076180000d4180000201900003a1900004b190000762a0000c32b0000c92c0000ec2c0000522e0000a20e0000
0d0f0000890f000091130000b6130000cb18000008190000e9210000a7290000f42d0000042e0000763100000a3a0000
993f00009f170000fd180000732e00007b1500007f15000025170000df0d0000490f00006e0f0000581000005d100000
63100000401500009d150000d916000093170000b4170000d21800002d19000049190000501a0000b6230000c12b0000
9a2d00009e2d0000502e0000cc3d0000bb030000ab04000062050000de0a0000590b0000440e00005e0e0000100f0000
46130000c01300004417000087170000a4180000a9180000e818000012190000981c0000cc210000ea230000f6270000
bf290000d7290000242d0000d52d0000072e0000592e00006b2e0000fd2f0000843000003c310000ba340000fd3e0000
a53f0000634000009c000000f90000006f0100009a010000ab01000049020000c6020000d2020000e50200005b030000
00060000850600001d0800008d0800007b090000fb090000960b0000b20b00003e0d0000261000005b15000031190000
6b1a00001b1b0000651d0000851d0000ae2200009b2300002127000025270000bd2700006328000026000000c3000000
d5020000e802000086050000fe0900003f000000bd0000006b0300009a0300000a04000074040000f70400001f050000
7e050000930500006f0600002d080000350800007d080000c40800006e0900004b0a0000600a00003b0b0000910b0000
a60b00005e0c0000810c0000d70f00000a150000a7150000be170000d5180000191900004c190000081a0000be220000
d6220000a4240000772a0000c42b0000612c0000ed2c0000462d0000302e0000532e0000632f0000243b0000073c0000
ab04000062050000de0a0000590b00004b0e0000100f000058130000c0130000871700009f170000b5180000e8180000
fd18000012190000cc210000f6270000bf290000d7290000242d0000dc2d0000072e00006b2e0000732e0000fd2f0000
013a0000fd3e0000a53f0000eb00000092010000ab010000ae020000e5020000000600003006000073090000b20b0000
3e0d0000261000005b1500007b1500007f15000025170000311900006b1a00001b1b0000651d0000851d0000ae220000
9b2300002127000025270000bd27000063280000130100008a010000e0030000e5030000070400009a040000ba050000
d0050000e805000063070000c10800006b090000b30a0000380b00008e0b0000770c00000e0d0000580d00001c0e0000
9e0e0000ce0e0000050f0000070f00004d0f0000740f0000d40f0000061000000c100000321000007d100000b2100000
29110000a1110000a6110000f61100000c120000ba1200004a130000061400004b14000053140000ee14000033150000
9d15000010160000b4170000d2180000e218000025190000491900007d190000fc190000221a0000991a0000381b0000
fd1c0000681e00005d20000038220000a62200001423000022230000c3240000eb240000b5270000d32700005d280000
502a0000e02a00000b2b0000b52b0000c12b0000242c0000402c00007e2c0000962c0000432d0000652d0000822d0000
b82d0000382e0000502e0000822f0000aa2f00006d30000022310000b13400007c3b0000043c0000173d0000aa410000
6b03000074040000f104000040060000480600006f060000a60b000022150000a7150000be170000d518000021190000
4c190000772a0000c42b0000ca2c0000ed2c0000532e0000df0d0000490f00006e0f0000830f0000581000005d100000
6310000029140000401500009d150000d91600007317000093170000b4170000bf180000d2180000f418000003190000
2d19000049190000501a0000801f0000b6230000c12b00009a2d00009e2d00002b2e0000502e0000682e00006f2e0000
98370000cc3d00003f000000bd0000006b0300009a030000b3030000d10300000a04000074040000f7040000fd040000
1f0500007e050000930500006f0600002d080000350800007d080000c40800006e0900004b0a0000600a00006d0a0000
3b0b0000400b0000910b0000a60b00005e0c0000810c0000500e0000d70f0000731300000a150000a715000049170000
98170000be170000a5180000b1180000d5180000f5180000191900004c190000081a0000e61d0000341f00003c1f0000
be220000d6220000a4240000772a0000c42b0000612c0000ed2c0000fd2c0000342d0000462d0000e12d0000302e0000
532e00005a2e0000702e0000e52e0000632f00005e36000083370000243b0000073c0000170000001d00000061000000
c7000000f300000097010000fb01000000020000370200009e020000bb020000d7020000ea0200008105000033060000
880600002e07000078090000ce090000000a00007015000021180000761800003a190000eb0000007301000092010000
ab010000ae020000e50200005b0300008f030000f1030000fa0300006f040000eb040000f4040000c0050000eb050000
f70500000006000030060000380600006a0600003d07000045070000910800003d09000073090000960b0000b20b0000
ca0b0000f60c00003e0d0000340e0000d80e00004c0f0000fb0f00002610000087100000b51000000111000006110000
63140000161500003c1500005b1500007b1500007f150000a015000025170000b7170000d3180000f0180000f2180000
1d1900002a190000311900003e1900004a1900008d190000b71900006b1a00001b1b0000651d0000851d0000d81d0000
e01d0000151e0000831e0000971f00009f1f0000ae2200009b2300002127000025270000bd27000063280000172a0000
7b2a0000082b0000682b0000ab2b0000c62b0000992c0000a52c0000c22c0000e82c0000c22d0000342e00003d2e0000
452e0000512e0000dd2e00004f3600007c3700008c15000013160000731600007616000042190000492e0000d9010000
21030000a2030000e7030000fb0300009d040000ee040000f40400000c060000a8060000c7060000e8060000f8060000
ff06000016070000390700003d0700004507000066070000cd08000013090000430c0000d30c0000540d0000080f0000
ed0f00002f100000ab100000141200001615000064150000e5160000e3180000f01800001d1900003419000055190000
921a0000bd1a00000f1c0000901e00009c1e0000f91f00000c250000522500009e270000a6270000e32700008e280000
a9280000ae280000e32800005c2a0000ae2c00005c2d00007f2d0000342e00003f2e0000dd2f00001730000037300000
523000007030000084320000d0320000a4000000ab030000f5040000a30500008d060000b10600003e07000046070000
1b1500001e190000712c0000352e0000d901000021030000fa0300009d040000eb040000f40400000c060000c3060000
f6060000ff06000035070000cd08000013090000430c0000d70c0000540d0000080f0000ef0f00002f10000014120000
641500008c150000131600007316000076160000e5160000e3180000f01800003419000042190000c2190000921a0000
0f1c0000901e00009c1e0000f91f00000c250000522500009e270000a6270000e32700008e280000a9280000ae280000
e3280000ae2c00005e2d00007f2d00003f2e0000492e0000dd2f00004e30000084320000d0320000130100008a010000
e0030000e50300000704000015040000490400009a04000000050000ba050000d0050000e805000063070000c1080000
6b090000990a0000b30a0000cb0a0000380b00008e0b0000770c00000e0d0000580d00001c0e0000460e0000610e0000
9e0e0000a70e0000ce0e0000050f0000070f0000120f00004d0f0000520f00005a0f0000740f0000d40f000006100000
0c100000321000007d100000b210000029110000a1110000a6110000f61100000c120000ba1200004a1300009f130000
c4130000061400004b14000053140000ee140000331500009d150000101600006817000093170000b4170000ae180000
bb180000c7180000d2180000e2180000f4180000f61800001519000025190000491900007d190000fc190000221a0000
991a0000381b0000e01c0000fd1c0000fd1d0000681e00002c1f00004e1f0000561f00005d2000002522000038220000
a6220000142300002223000072240000c3240000eb240000b5270000d32700005d280000e3290000502a0000e02a0000
0b2b0000b52b0000c12b0000242c0000402c00007e2c0000962c0000122d0000432d0000652d0000822d0000b82d0000
d72d0000f92d0000092e00001d2e0000382e0000502e0000642e00006f2e0000f02e0000822f0000aa2f00006d300000
b530000022310000403100006f310000b1340000ce34000074360000803700008d3700007c3b0000043c0000173d0000
a93f000017410000aa4100006b03000074040000f1040000fd04000040060000480600006f060000400b0000a60b0000
22150000a71500005417000098170000be170000a7180000d5180000f5180000211900004c190000772a0000c42b0000
ca2c0000ed2c0000342d0000532e00005c2e0000702e00009e020000d3020000e602000033060000fc09000070150000
21180000761800003a190000eb0000007301000092010000ab010000ae020000d2020000e5020000fa03000008040000
eb040000f4040000eb0500000006000030060000380600003d0700004507000091080000c20800006c09000073090000
fb090000390b0000440b00008f0b0000b20b0000850c00003e0d0000bb0d00004c0f00004e0f0000d90f000026100000
4d10000051100000b51000000111000006110000161500003c1500005b150000771500007b1500007f150000ab150000
13160000aa16000025170000c2170000d7180000f01800001d1900002a190000311900003c1900004e19000073190000
8d19000099190000ff1900000c1a0000451a0000491a0000621a0000671a00006b1a00009c1a00001b1b0000651d0000
851d0000ae220000e22200009b2300009f230000a7230000ee2400002127000025270000bd27000063280000c22b0000
992c0000c22c0000482d0000932d0000342e00003d2e0000432e0000552e0000ad2f0000053c0000103c00000e3e0000
73010000d9010000fa030000190400009d040000aa040000220500002f050000eb0500000c0600005507000091080000
cd080000a30a0000da0a0000a10d0000d40e00002a0f0000310f000042100000b5100000d4100000e110000034120000
ee130000641500008c15000013160000521600007316000076160000e5160000851700009b170000e3180000e7180000
fc1800003419000042190000791b0000031c0000091c00000f1c0000901e0000192000008b200000ce2000000d210000
49210000e1210000992c0000ae2c0000162d0000232d00008b2d0000122e00003f2e0000492e00006a2e0000722e0000
162f0000392f00005e300000bb300000c03100006d3200009f000000de010000a0030000a3030000b1030000bf030000
f90300006e040000a5040000ad040000f3040000f5040000a20500000d06000091060000a9060000ab060000b2060000
c2060000f50600000a0700003b0700003e0700004307000046070000d20800003f0a0000e90a0000d60c0000490e0000
ee0f000053130000151500001b1500003f1700004f170000a2180000a61800001c1900001e190000141e0000911e0000
a31e00002920000076200000c0200000102100002e2100003f210000fc210000702c0000af2c0000fb2c0000262d0000
5d2d0000da2d0000332e0000352e0000572e00005b2e0000192f0000422f000018300000413000008830000055320000
150000009e000000ca000000e900000090010000b3010000d7010000cd020000d4020000e0020000e70200007b050000
0206000090060000cb08000071090000f6090000fd090000671d0000961d0000041f00001b2000001d0000003b000000
9d000000c7000000ec000000fb0000001b01000093010000b9010000da010000e10100009a020000d3020000d7020000
e6020000ea0200004b030000960300009e030000fd030000010400006904000070040000a0040000a3040000f0040000
f60400007a0500008105000092050000a0050000c2050000c5050000d2050000050600000f060000310600003f060000
470600006406000095060000ae060000320700006e070000b2070000e5070000fa0700002c080000340800007c080000
ce08000074090000af090000fc090000000a0000860b0000b70c0000fb0c00003d0d00005a0d0000b20d0000210e0000
d10e0000d90e0000e20f00004c10000080100000f81100001d120000b8120000bc12000050140000081500001e150000
6e150000701500009a150000a5150000b1170000bc17000013180000231800003e1800004d1800007418000076180000
d0180000d41800001819000020190000391900003a190000471900004b1900009c190000661d0000991d0000101e0000
161e00005b1e0000d51e0000071f0000ff1f00001e20000024200000022100000e2100002b2100004f21000072210000
522a00007e2a0000012b0000292b0000bc2b0000c32b0000602c00006e2c0000802c0000b12c0000c92c0000e22c0000
512d0000bb2d00002f2e00004e2e0000522e00000b2f0000172f000078300000343200004a3200001a040000ab040000
31050000a70a0000de0a0000320f0000f0130000871700009f170000e8180000fd1800008f200000cf200000ec210000
172d0000242d0000132e00006b2e0000732e00003d2f0000bd3000006e320000eb000000ab010000c005000000060000
45070000f60c00003e0d00005b0d00008b0d000039100000bd120000161500005b1500007b1500007f15000025170000
31190000e91a0000f81a00001b1b0000381c0000651d0000190000009f000000cb000000ea00000091010000b5010000
d8010000ce020000d5020000e1020000e80200007f0500000306000091060000cc08000072090000f7090000fe090000
681d0000971d0000051f00001c2000003f0000001d010000e5010000560300009a0300009f0300000004000002040000
6d04000071040000a1040000a4040000f1040000f70400007e05000093050000a1050000c4050000d305000010060000
400600004806000068060000b00600006f070000b3070000e6070000fb0700002d080000350800007d080000b3090000
910b0000b90c0000230e0000d20e0000da0e0000e30f000081100000f91100001e120000b9120000521400000a150000
221500009c150000a7150000b3170000be170000d1180000d51800001919000021190000481900004c190000111e0000
171e00005c1e0000d61e00000120000026200000032100000f2100002c2100005221000073210000532a00007f2a0000
022b00002a2b0000bd2b0000c42b0000612c00006f2c0000812c0000b22c0000ca2c0000e62c0000522d0000bc2d0000
302e00004f2e0000532e00000c2f0000182f000079300000353200004d320000eb00000092010000ab010000ae020000
f1030000eb040000f4040000c0050000f70500000006000030060000380600003d0700004507000073090000f60c0000
3e0d00005b0d00008b0d0000a80d0000060f0000280f0000fb0f000026100000331000003910000046100000bd120000
e2120000161500005b1500007b1500007f15000025170000f21800001d190000311900003e1900008d190000e91a0000
f81a00001b1b0000891b00008c1b0000d01b0000d61b0000381c0000441c0000761c0000651d0000851d0000ad1d0000
691e0000731e0000a81e0000a52c0000c22c0000832d00008f2d0000342e0000452e0000862e0000cf2e000019000000
440000009f000000cb000000ea00000091010000b5010000d8010000ea010000ce020000d5020000e1020000e8020000
a0030000a4030000f00300009c040000a2040000a6040000f20400007f0500008305000094050000a2050000bf050000
f6050000030600000b06000011060000410600004906000091060000b206000080080000cc080000f208000072090000
b8090000c9090000f7090000fe090000f50c0000fa0f00002715000022190000401d0000681d0000971d0000241e0000
531e00005d1e0000701e00008e1e0000051f00001c200000622c0000702c0000a42c0000ad2c0000b32c0000cb2c0000
bb2e0000cc2e000073010000d9010000fa0300009d04000022050000eb0500000c0600005507000091080000cd080000
a10d0000d40e00002a0f000042100000b5100000d4100000e110000034120000641500008c1500001316000052160000
7316000076160000e5160000e31800003419000042190000791b0000031c0000091c00000f1c0000901e000019200000
0d21000049210000992c0000ae2c00008b2d00003f2e0000492e0000162f00005e300000c03100009f000000de010000
a0030000a3030000f90300006e040000a5040000f3040000f5040000a20500000d06000091060000a9060000ab060000
b2060000c2060000f50600000a0700003b0700003e0700004307000046070000d2080000d60c0000ee0f000015150000
1b1500001c1900001e190000141e0000911e0000a31e000029200000102100002e2100003f210000702c0000af2c0000
5d2d0000332e0000352e0000192f000018300000413000003f0000001d010000e5010000560300009a0300009f030000
b3030000c003000000040000020400001f0400006d04000071040000a1040000a4040000ae040000f1040000f7040000
fc040000030500007e05000093050000a1050000c4050000d305000010060000400600004806000068060000b0060000
6f070000b3070000e6070000fb0700002d080000350800007d080000b30900004b0a0000c20a0000ee0a00003b0b0000
910b0000b90c0000230e00004c0e0000d20e0000da0e0000530f0000e30f000081100000f91100001e120000b9120000
5d13000009140000521400000a150000221500009c150000a715000049170000541700009217000098170000b3170000
be170000a5180000a7180000d1180000d5180000f3180000f51800001919000021190000481900004c190000111e0000
171e00005c1e0000d61e000001200000262000007b20000090200000c3200000d8200000032100000f2100002c210000
5221000073210000f021000006220000532a00007f2a0000022b00002a2b0000bd2b0000c42b0000612c00006f2c0000
812c0000b22c0000ca2c0000e62c0000fd2c00001c2d0000272d0000332d0000522d0000bc2d0000dd2d00001e2e0000
302e00004f2e0000532e00005a2e00005c2e00006e2e0000702e00000c2f0000182f00003e2f0000452f000079300000
89300000b8300000353200004d3200005b320000703200001d0000009d000000c7000000ec000000fb00000093010000
b9010000da0100009a020000d3020000d7020000e6020000ea02000081050000c5050000050600003106000095060000
32070000ce08000074090000fc090000000a0000fb0c00003d0d00005a0d0000b20d00004c100000bc1200006e150000
7015000013180000231800003e1800004d1800007418000076180000391900003a1900009c190000661d0000991d0000
071f00001e200000580d0000050f0000120f0000490f000032100000581000005d100000ba120000c413000040150000
73170000bf1800002d190000681e00003b270000cd270000d3270000f1270000102800005d280000732800008b280000
e02800004c290000af290000822d00009a2d0000092e0000682e0000c22f0000da2f0000f82f00001d3300008d010000
5f020000ef03000023040000c3040000cc040000d4040000db040000f50500001806000020060000260700006e090000
ce0a00001d0b0000fd0f0000681500001d1700008c170000e5180000e918000036190000bf1b0000dc1b0000291c0000
a32c0000b62c0000202d00002c2d0000412e00006c2e00007b2e0000b1300000020100004b020000c905000019060000
1b070000ff0c00005d15000032190000be1a0000ce1a00001c1b0000eb00000021010000ab0100005b03000008040000
6f040000a7040000c0050000c8050000d5050000000600006a0600004507000073070000960b0000f60c00003e0d0000
5b0d00008b0d0000940d00002c0f0000790f0000391000003a1000003e100000f7110000bd12000062140000f7140000
161500005b1500007b1500007f150000ab150000ff15000025170000c2170000d7180000e6180000311900004e190000
e91a0000f81a00001b1b0000351c0000381c0000071d00002a1d00003a1d0000651d00002b2300007c230000cc240000
e02400004b250000512a00007b2a0000c22b0000832c0000e82c0000872d0000552e00008b2f00009f2f00007d300000
c8320000f3030000c5040000cf040000c4050000f9050000240600000b090000e3090000f10c0000540e0000f90f0000
7f130000a51a0000fc1a00004b1b0000521b00008b1b00008f1b0000bb1b0000d81b0000f71b00006e1c00009b1c0000
cf1c0000751e0000a72c0000ba2c0000e52d0000772e0000882e00009f2e0000b12e0000d7310000fa0000009b010000
530200007802000088020000fc0800007c090000e8090000f11a0000d41b0000b61d00001c00000099000000c5000000
b8010000cf020000e2020000800500000406000093060000f8090000621d000019000000800000009f000000cb000000
ea00000091010000b5010000d2010000d8010000ce020000d5020000e1020000e8020000a3030000a403000006040000
a8040000e9040000f8040000210500007f0500009b050000030600000906000091060000a40600008007000099070000
a2070000f40700002e08000036080000be080000cc0800006809000072090000f7090000fe090000b00b0000340c0000
600c0000840c0000d80f00000f150000f01500001a190000681d0000971d0000c31e0000051f0000c61f00001c200000
35220000ad220000492300009e240000d724000017250000692c0000ab2c0000472d0000312e00005d2f0000962f0000
143000008f3200008d0100005f020000ef030000f303000023040000c3040000c5040000cc040000cf040000d4040000
db040000c4050000f5050000f9050000180600002006000024060000260700000b0900006e090000e3090000ce0a0000
1d0b0000f10c0000570d0000540e0000040f0000110f0000480f0000f90f0000fd0f000031100000571000005c100000
b91200007f130000c31300003f150000681500001d170000721700008c170000be180000e5180000e91800002c190000
36190000a51a0000fc1a00004b1b0000521b00008b1b00008f1b0000bb1b0000bf1b0000d81b0000dc1b0000f71b0000
291c00006e1c00009b1c0000cf1c0000671e0000751e00003a270000cb270000d2270000f02700000f2800005c280000
722800008a280000de28000048290000ae290000a32c0000a72c0000b62c0000ba2c0000202d00002c2d0000812d0000
992d0000e52d0000082e0000412e0000672e00006c2e0000772e00007b2e0000882e00009f2e0000b12e0000c12f0000
d92f0000f72f0000b1300000d73100001b330000fa000000020100009b0100004b020000530200007802000088020000
c9050000190600001b070000fc0800007c090000e8090000ff0c00003f0d0000cd0d0000d50d000027100000f3120000
5d15000032190000be1a0000ce1a0000f11a00001c1b0000d41b0000831d0000b61d00002227000098270000c0270000
5f280000b5280000eb00000092010000d9010000d2020000e502000008040000eb04000022050000c2080000cd080000
6c09000073090000fb090000b20b0000380c0000620c0000850c00008b0d0000a80d0000d70d00003b0e0000dc0e0000
2c0f0000d90f00005e1000008b10000040120000e1120000e21200006a1400004315000064150000f1150000e5160000
d51a0000ef1a00003a1b0000791b00008c1b0000c81b0000d31b0000e81b00001e1c0000ff1c0000981d0000b51d0000
061f0000ca1f00001d20000039220000ae2200004a2300009f240000d8240000192500000c2b0000882b0000982b0000
482d0000c62d0000802e0000962e00005e2f0000972f0000d03100009132000019000000800000009f000000cb000000
ea00000020010000aa010000b5010000d2010000d5020000e80200005a030000a3030000a4030000060400006e040000
a6040000a8040000f80400007f0500009b050000bf050000c7050000d4050000ff050000030600000906000069060000
91060000a406000043070000710700008007000099070000a2070000f40700002e08000036080000fe090000950b0000
f50c0000f31100000f150000151500007a1500007e150000aa15000024170000c1170000d61800001a1900004d190000
611d0000681d0000c31e00004d2a0000792a0000be2b0000692c0000822c0000ab2c0000e72c0000312e0000542e0000
143000007b30000073010000d9010000fa030000190400009d040000aa040000220500002f050000eb0500000c060000
5507000091080000cd080000a30a0000da0a0000b51000008c150000131600005216000073160000761600009b170000
fc18000042190000901e0000992c0000ae2c0000162d0000232d0000492e0000722e00005e300000bb300000fa030000
6f040000f4040000c3060000f60600000b0700003d07000045070000d70c00004a0e0000ef0f00005413000016150000
40170000a31800001d190000151e0000a41e00002a20000077200000c1200000112100003021000040210000fd210000
5e2d0000db2d0000342e0000582e00001a2f0000432f000042300000573200009f000000de010000a0030000a3030000
b1030000bf030000a5040000ad040000f5040000a20500000d06000091060000a9060000ab060000b20600003e070000
46070000d20800003f0a0000e90a00001b1500004f170000a61800001e190000911e0000702c0000af2c0000fb2c0000
262d0000352e00005b2e00001830000088300000150000009e000000ca000000b3010000d4020000e70200007b050000
0206000090060000fd090000671d00001d0000003b0000009d000000c7000000f300000097010000b9010000e1010000
040200002902000039020000d3020000e6020000960300009e03000009040000a0040000ec040000f004000024050000
7a0500008105000092050000a0050000050600000f0600003f0600004706000095060000ae0600007c080000c3080000
e50800006d09000078090000af090000d0090000fc090000bd0b0000390c0000650c00007f0c0000d60f00001e150000
ee15000020190000661d00008d1d0000aa1d00005b1e00006d1e0000cb1f00003a2200009e2200004423000099240000
d524000014250000602c00006e2c0000b12c0000c92c0000452d0000582f0000942f00008c32000073010000d9010000
fa030000190400006f0400009d040000aa040000f4040000220500002f050000eb0500000c060000c3060000f6060000
0b0700003d070000450700005507000091080000cd080000a30a0000da0a0000d70c0000540d00004a0e0000080f0000
0f0f00004c0f0000ef0f00002f100000b510000001110000061100001412000054130000be130000161500003c150000
8c15000013160000521600007316000076160000401700006d1700009b170000a3180000bc180000fc1800001d190000
2a19000042190000151e0000901e00009c1e0000a41e00002a20000077200000c1200000112100003021000040210000
fd2100009a270000d4270000d6270000eb2700000c2800008c280000b2280000d5280000d9280000e52800009f290000
992c0000ae2c0000162d0000232d00005e2d00007f2d0000db2d0000062e0000342e00003d2e0000492e0000582e0000
652e0000722e00001a2f0000432f0000db2f0000f22f0000423000005e300000bb30000057320000fe32000018330000
1d0000003b0000009d000000c7000000fb0000001b010000b9010000e10100009a020000d3020000e60200004b030000
960300009e030000fd03000069040000a0040000a3040000f00400007a0500008105000092050000a0050000c2050000
c5050000d2050000050600000f060000310600003f060000470600006406000095060000ae060000320700006e070000
7c080000af090000fc090000860b0000fb0c0000f81100001e15000070150000a5150000bc1700001318000023180000
76180000d4180000201900003a1900004b190000661d00005b1e0000522a00007e2a0000c32b0000602c00006e2c0000
802c0000b12c0000c92c0000e22c0000522e0000783000001a040000ab04000031050000a70a0000de0a00009f170000
fd180000172d0000242d0000732e0000bd300000eb000000ab010000c00500000006000045070000f60c000016150000
7b1500007f15000025170000651d0000df0d00006e0f0000740f00005d1000006310000053140000ee140000ec150000
10160000d9160000e2170000c91f000038220000142300003c230000c3240000d32400005d2500009e2d0000822f0000
922f0000db3200004b0e00005813000044170000a418000079200000c220000001220000dc2d0000592e0000442f0000
59320000eb00000092010000d9010000d2020000e5020000cd08000073090000fb090000981d0000061f00001d200000
3f000000e50100009a0300009f0300000a040000a1040000ed040000f1040000250500007e05000093050000a1050000
100600004006000048060000b00600007d080000c40800006e090000b3090000be0b00003a0c0000660c0000810c0000
d70f000022150000ef150000211900005c1e0000cc1f00003b220000a9220000462300009d240000d624000015250000
612c00006f2c0000b22c0000ca2c0000462d00005c2f0000952f00008d3200001a040000ab04000031050000a70a0000
de0a00004b0e0000100f000058130000c0130000441700006f1700009f170000a4180000bd180000fd18000079200000
c220000001220000ef2700000d280000aa290000172d0000242d0000dc2d0000072e0000592e0000662e0000732e0000
442f0000f62f0000bd3000005932000019330000eb00000092010000ab010000d9010000d2020000e5020000c0050000
0006000045070000cd08000073090000fb090000f60c00003e0d0000cf0d0000d70d000026100000f512000016150000
7b1500007f15000025170000651d0000851d0000981d0000061f00001d200000212700009a270000c52700005e280000
b2280000240e0000d30e0000db0e0000821000001f120000ba120000531400009d150000b4170000d218000049190000
121e0000022000000421000054210000032b00002b2b0000c12b0000bd2d0000502e00000d2f00004f3200003f000000
1d010000e5010000560300009a0300009f030000000400006d040000a1040000a4040000f10400007e05000093050000
a1050000c4050000d305000010060000400600004806000068060000b00600006f0700007d080000b3090000910b0000
f911000022150000a7150000be170000d5180000211900004c1900005c1e0000532a00007f2a0000c42b0000612c0000
6f2c0000812c0000b22c0000ca2c0000e62c0000532e000079300000df0d00006e0f0000740f0000830f00005d100000
631000002914000053140000ee140000ec15000010160000d9160000e2170000fd1d0000271e00003b1e00004e1f0000
5e1f0000c91f000038220000142300003c230000c3240000d32400005d2500009e2d00002b2e0000f02e0000f52e0000
822f0000922f00002d320000db3200003f000000e50100009a0300009f030000b3030000c00300000a040000a1040000
ae040000ed040000f1040000250500007e05000093050000a1050000100600004006000048060000b00600007d080000
c40800006e090000b30900004b0a0000ee0a0000be0b00003a0c0000660c0000810c0000500e0000d70f000073130000
22150000ef15000054170000a718000021190000e51d0000ec1d0000281e00005c1e00002f1f0000631f0000cc1f0000
3b220000a9220000462300009d240000d624000015250000612c00006f2c0000b22c0000ca2c0000fd2c0000272d0000
462d0000e12d00005c2e0000e42e0000f62e00005c2f0000952f000089300000183200008d3200001d0000009d000000
c7000000f300000097010000b9010000040200002902000039020000d3020000e6020000810500000506000095060000
e508000078090000d0090000fc090000661d00008d1d0000aa1d00006d1e0000eb0000002101000092010000ab010000
d9010000d2020000e50200005b030000f1030000080400006f0400009d040000a7040000c0050000c8050000d5050000
f7050000000600000c0600006a0600004507000073070000cd080000f408000073090000cb090000fb090000960b0000
f60c00003e0d0000cf0d0000d70d0000340e0000d80e00000a0f0000fb0f00002610000087100000f711000030120000
ce120000f512000063140000161500007b1500007f150000ab15000025170000c2170000d71800004e190000411d0000
651d0000711d0000851d0000981d0000d41d0000131e0000231e0000251e0000541e0000611e0000711e0000811e0000
901e0000b71e0000061f0000931f00001d200000212700009a270000c52700005e280000b2280000512a00007b2a0000
082b00005a2b00006a2b0000c22b0000832c0000a52c0000ae2c0000e82c0000c22d0000552e0000bc2e0000c52e0000
cd2e0000db2e00007d3000001132000073010000d9010000fa0300009d04000022050000eb0500000c06000055070000
91080000cd080000b51000008c1500001316000052160000731600007616000042190000901e0000992c0000ae2c0000
492e00005e300000fa0300006f040000f4040000c3060000f60600000b0700003d07000045070000d70c0000ef0f0000
161500001d190000151e0000a41e00002a2000001121000030210000402100005e2d0000342e00001a2f000042300000
9f000000de010000a0030000a3030000a5040000f5040000a20500000d06000091060000a9060000ab060000b2060000
3e07000046070000d20800001b1500001e190000911e0000702c0000af2c0000352e00001830000073010000d9010000
fa0300006f0400009d040000f404000022050000eb0500000c060000c3060000f60600000b0700003d07000045070000
5507000091080000cd080000d70c0000540d0000080f00004c0f0000ef0f00002f100000b51000000111000006110000
14120000161500003c1500008c150000131600005216000073160000761600001d1900002a19000042190000151e0000
901e00009c1e0000a41e00002a2000001121000030210000402100009a270000d4270000d62700008c280000b2280000
d5280000d9280000e5280000992c0000ae2c00005e2d00007f2d0000342e00003d2e0000492e00001a2f0000db2f0000
423000005e300000fe320000240e0000d30e0000db0e0000540f0000821000001f120000ba1200000a14000053140000
9d15000093170000b4170000d2180000f418000049190000121e00000220000091200000d92000000421000054210000
f1210000032b00002b2b0000c12b0000bd2d00001f2e0000502e00006f2e00000d2f00003f2f00004f32000072320000
3f0000001d010000e5010000560300009a0300009f030000b3030000c0030000000400001f0400006d040000a1040000
a4040000ae040000f1040000fc040000030500007e05000093050000a1050000c4050000d30500001006000040060000
4806000068060000b00600006f0700007d080000b30900004b0a0000c20a0000ee0a00003b0b0000910b0000f9110000
22150000a71500005417000098170000be170000a7180000d5180000f5180000211900004c1900005c1e0000532a0000
7f2a0000c42b0000612c00006f2c0000812c0000b22c0000ca2c0000e62c0000fd2c00001c2d0000272d0000332d0000
532e00005c2e0000702e00007930000089300000b83000001d0000009d000000c7000000fb000000b90100009a020000
d3020000e602000081050000c505000005060000310600009506000032070000fc090000fb0c00007015000013180000
23180000761800003a190000661d0000eb00000092010000ab010000d9010000ae020000d2020000e5020000f1030000
08040000eb040000f404000022050000c0050000f70500000006000030060000380600003d07000045070000c2080000
cd0800006c09000073090000fb090000b20b0000380c0000620c0000850c0000f60c00003e0d0000bb0d0000cf0d0000
d70d00004e0f0000770f0000d90f0000fb0f0000261000004d10000051100000f51200005b140000f314000016150000
7b1500007f150000f11500001116000025170000f0180000f21800001d1900003e1900008d190000991900006b1a0000
8e1a00009e1a0000651d0000851d0000981d0000061f0000ca1f00001d20000039220000ae220000242300004a230000
9b2300009f240000c8240000d8240000ec2400001925000056250000212700009a270000c52700005e280000b2280000
a52c0000c22c0000482d0000932d0000342e0000452e00005e2f0000872f0000972f0000ab2f000091320000d4320000
ed020000f902000013050000440600004b0600004f06000025150000cc160000f01a0000fd1a00007c1b00003c1c0000
6d1c00006f1c00003820000012210000cd2c00001b2f00001a0000007900000082000000e200000015010000f9010000
fb0100004b020000530200005d02000088020000a60200005e030000600300007f03000099030000e3030000a3040000
c0040000ce040000e7040000ec040000b8050000bc05000016060000190600001f0600007b0700008107000090070000
750800009f0800000a0900002c09000033090000e2090000e8090000890b0000900b0000990b00009b0b0000ba0b0000
c30b0000060c0000e30c0000d90d0000dc0d0000680f00005a1000005f100000611000007b12000042150000d7160000
44180000a31a0000ce1a0000ba1b0000281c0000101e0000522000002d22000043220000572200009b220000b3220000
d22200003e230000d72500000526000022270000282700003827000043270000c0270000c2270000c8270000e4270000
5a2800005f28000065280000682800007128000075280000472900004e2900000f2a00001f2a0000b52c00009c2d0000
762e0000c02f0000c42f0000283300000b3600003e36000045360000193800004b3800002b0000004a000000c8000000
b0010000e7010000ac0300007a040000890500008b050000950500007f080000db080000b1090000b5090000d01f0000
f6200000632c0000ff2e00001700000042000000b4000000f300000097010000ac010000b1010000ce010000e8010000
4b020000530200005d02000088020000a6020000ed020000f90200007f0300009e03000009040000700400007b040000
a3040000c0040000ce040000130500007d0500008105000016060000190600001f060000440600004b0600004f060000
ee070000f007000067080000c3080000d8080000dc0800000a0900004c0900006d09000078090000b2090000b6090000
e2090000e8090000ba0b0000c30b0000060c00007f0c0000d90d0000dc0d0000680f0000d60f00005a1000005f100000
611000002515000042150000cc160000d716000044180000a31a0000ce1a0000f01a0000fd1a00007c1b0000ba1b0000
281c00003c1c00006d1c00006f1c0000101e0000d11f0000e91f00003820000052200000f7200000122100005f210000
2d2200004322000057220000b32200003e230000d72500000526000022270000282700003827000043270000c0270000
c2270000c8270000e42700005a2800005f28000065280000682800007128000075280000472900004e290000b52c0000
cd2c0000452d00009c2d0000762e0000002f00001b2f0000c02f0000c42f00001a350000fd350000193800004b380000
fb0000001b010000570200007f020000fd030000cb040000c2050000c5050000d2050000df090000e8090000ee090000
fb0c0000f8110000a61a0000f01a0000fd1a00007c1b0000201c00003c1c00006d1c00006f1c00003820000012210000
802c00001b2f00009b370000f3000000970100004a0200006002000009040000c40400001706000019060000c3080000
020900006d090000780900007f0c0000d60f00005c1500006915000002160000e91600001c1700001e170000c51a0000
1d1b0000dd1b0000591c0000452d00008b2e0000273600001600000041000000b0000000b0010000e7010000ec020000
f80200009d0300007a040000110500007c05000080050000430600004a0600004e06000066080000db0800004a090000
b1090000b509000024150000cb160000d01f0000f6200000cc2c0000ff2e0000fc350000f3000000fb0000001b010000
970100004a02000057020000600200007f020000fd03000009040000c4040000cb040000c2050000c5050000d2050000
1706000019060000c3080000020900006d09000078090000df090000e8090000ee0900007f0c0000fb0c00003d0d0000
5a0d0000d90d0000dc0d0000d90e0000680f0000d60f00005a1000005f10000061100000f81100001d120000b8120000
bc120000421500005c1500006915000002160000d7160000e91600001c1700001e170000a61a0000c51a0000f01a0000
fd1a00001d1b00007c1b0000dd1b0000201c00003c1c0000591c00006d1c00006f1c0000ff1f00003820000002210000
12210000202700003d270000aa270000d12700005b2800005f280000282900005f290000802c0000452d00009c2d0000
8b2e00000b2f00001b2f0000273600009b3700007b3800008a01000053030000f70300009a0400006b0900008f090000
8e0b0000fb0b00000e0d0000a60d00009e0e0000d00e0000db0e0000290f00002b0f0000061000000c10000074110000
d61100000c1200001b1200001f1200003f120000ba120000e0120000ea12000010160000f5160000b4170000e2180000
d31a0000c71b00002d1c00004e1c0000fd1c00000220000010200000042100006c2100007a230000b6230000d5250000
3b270000cd2700005d280000732800004c2900007c2b0000d92b0000652d00007f2e00000d2f0000c22f000023350000
9c36000040370000a0370000ae37000017380000fd0200001a0500004806000050060000cd1600007d1b00003d1c0000
6e1c00003a20000013210000ce2c00001c2f00007d0000005f020000830300009c030000e4030000a4040000c3040000
cf040000e8040000ed040000b905000018060000200600007d0700009107000076080000a00800000b0900002d090000
34090000e30900008a0b0000910b0000be0b0000070c0000ea0c0000de0d00006c0f00005c100000621000007e120000
d8160000a51a0000bb1b0000291c0000111e000059200000342200005a220000a2220000d6220000d825000006260000
3a27000045270000cb270000e52700005c280000672800007228000076280000482900004f290000122a0000202a0000
b62c00009d2d0000772e0000c12f0000c52f0000293300000c3600003f360000463600001a3800004c380000bd000000
5f020000fd020000830300009f0300000a040000710400007c040000a4040000c3040000cf0400001a0500007e050000
18060000200600004806000050060000ef07000068080000c4080000d9080000dd0800000b0900004e0900006e090000
b3090000e3090000be0b0000070c0000810c0000de0d00006c0f0000d70f00005c10000062100000cd160000d8160000
a51a00007d1b0000bb1b0000291c00003d1c00006e1c0000111e0000d51f0000ed1f00003a20000059200000f8200000
1321000060210000342200005a220000d8250000062600003a27000045270000cb270000e52700005c28000067280000
7228000076280000482900004f290000b62c0000ce2c0000462d00009d2d0000772e0000012f00001c2f0000c12f0000
c52f00001b350000fe3500001a3800004c380000df0d0000db0e00006e0f00005d100000631000001f120000ba120000
d91600000220000004210000b5270000d32700005d2800002a290000642900009e2d00000d2f00007d3800001d010000
8302000000040000cc040000c4050000d3050000e3090000ef090000f91100007d1b0000211c00003d1c00006e1c0000
3a20000013210000812c00001c2f00009c3700000a040000c504000018060000c4080000030900006e090000810c0000
d70f000003160000ea1600001d170000c91a00001f1b0000de1b00005a1c0000462d00008c2e0000283600001d010000
83020000000400000a040000c5040000cc040000c4050000d305000018060000c4080000030900006e090000e3090000
ef090000810c0000de0d0000da0e00006c0f0000d70f00005c10000062100000f91100001e120000b912000003160000
d8160000ea1600001d170000c91a00001f1b00007d1b0000de1b0000211c00003d1c00005a1c00006e1c000001200000
3a2000000321000013210000b1270000d22700005c2800002929000062290000812c0000462d00009d2d00008c2e0000
0c2f00001c2f0000283600009c3700007c380000eb00000021010000d2020000e502000008040000f4040000c0050000
c8050000d5050000cb090000fb090000070a0000f60c00008b0d0000940d0000cf0d0000d70d00000a0f00002c0f0000
391000003a1000003e100000f711000030120000ce120000f5120000d718000085190000a1190000d2190000da190000
e91a0000ef1a0000131b0000891b0000d31b0000351c0000421c0000411d0000711d0000981d0000b51d0000611e0000
061f0000131f00001d2000004620000017210000832c0000872d0000c52e0000202f000067370000a537000019000000
44000000cb000000ea00000091010000aa010000b5010000ea010000ad020000e802000002030000a003000006040000
7d0400009c040000260500007f05000083050000ff0500002f060000490600004d0600005106000069080000be080000
de080000eb080000500900006809000072090000b4090000b8090000840c0000d80f0000271500007a1500007e150000
f0150000ce160000e11600001417000024170000611d0000b81d0000761e0000f01e0000da1f0000f9200000cf2c0000
472d0000d02e0000022f0000ff35000023360000eb00000021010000ab010000ae0200002103000008040000eb040000
22050000c0050000c8050000d505000000060000300600003806000045070000130900001f090000f60c00003e0d0000
5b0d00008b0d0000940d0000dc0e00002c0f0000391000003a1000003e100000f711000020120000bb120000bd120000
161500005b1500007b1500007f150000f1150000c5160000e21600001517000025170000311900008d190000e91a0000
f81a00001b1b0000791b00008c1b0000061c0000351c0000381c00003b1c0000441c0000761c0000651d0000ad1d0000
b91d0000731e0000771e0000052000004220000005210000b0210000832c0000c22c0000872d0000cf2e0000d12e0000
0e2f000034360000a337000019000000440000009f000000ac000000cb000000ea00000091010000b5010000d8010000
b3020000ce020000d5020000e1020000e8020000a3030000a4030000060400006e040000a6040000a8040000f8040000
7f05000083050000940500000306000035060000390600008606000091060000fe060000700800007208000080080000
be080000cc080000d4080000f2080000f50800006809000072090000c9090000cc090000f7090000fe090000840c0000
d80f0000d61800008e190000a0190000d1190000401d0000461d0000681d0000971d0000531e0000551e0000051f0000
f51f00001c200000452000001621000091210000622c0000c32c0000472d0000bb2e0000bd2e00001f2f000005360000
1f3600009c000000e3000000160100007b010000ab01000049020000ae020000c6020000d2020000e50200005b030000
630300008f030000a2030000e6030000e803000003040000a7040000eb040000ee040000bb050000bd050000d1050000
00060000300600003806000085060000c7060000060800001d080000290800006f08000099080000a2080000b0080000
f40800003209000036090000cb090000fb0900008f0b0000930b0000960b00009e0b0000b20b0000ca0b00000b0c0000
d30c0000fe0c0000050d00000f0d0000320d0000520d0000cc0d0000cf0d0000d40d0000d70d0000e20d00009f0e0000
cf0e0000090f00000a0f00004b0f0000790f000005100000071000000d1000005e1000006010000064100000d3100000
e1110000fb1100000a12000012120000171200002e1200003012000085120000cc120000ce120000f2120000f5120000
fc12000043150000da160000e6180000ef180000f0180000891900008d19000091190000a8190000b1190000b3190000
da190000601a0000621a0000ef1a0000131b0000d31b0000da1b0000411d0000591d0000651d00006f1d0000711d0000
b51d0000d11d0000d41d0000131e0000541e0000601e0000611e0000901f0000931f0000162000006d2000009e210000
3d2200004822000061220000ae220000b6220000e22200003f23000098230000a7230000d6250000082600001f270000
21270000252700003e27000049270000bd270000c5270000d7270000e72700005e28000060280000632800006b280000
74280000782800004d29000051290000192a0000242a0000a92b0000af2b00007f2c0000c22c0000662d00009f2d0000
8a2e0000bc2e0000c42e0000c52e0000c32f0000c72f000052330000043600000e3600001d3600004436000048360000
ae3600006b3700007637000078370000183800004e380000260000004f000000c3000000b5010000ea010000b3020000
ad0300007d040000f8040000860500008e050000960500000306000035060000390600007e080000de080000b4090000
b8090000d61800008e190000a0190000d1190000681d0000971d0000051f0000da1f00001c20000045200000f9200000
16210000642c0000c32c0000022f00001f2f0000eb00000092010000ab010000ae020000080400009d04000000060000
30060000c2080000ec0800006c09000073090000850c00003e0d00008b0d0000a80d0000bb0d00002c0f00004e0f0000
d90f0000261000004d1000005110000040120000e1120000e21200005b1500007b1500007f150000f1150000e2160000
1517000025170000e31800003119000099190000a6190000d51a00001b1b0000c81b0000761c00007f1c0000651d0000
851d0000ad1d0000b91d0000771e0000f21e0000482d0000932d0000802e0000d12e0000243600006e37000019000000
44000000cb000000ea00000020010000b5010000ea010000ce020000e1020000e802000002030000a003000006040000
7d040000f3040000260500007f05000083050000bf050000c7050000d4050000490600004d0600005106000069080000
de08000050090000b4090000b8090000c9090000f7090000050a0000f50c0000f311000027150000ce160000d6180000
84190000a0190000d1190000401d0000971d0000051f0000da1f00001c20000045200000f920000016210000822c0000
cf2c0000022f00001f2f0000ff35000066370000e3000000f9000000160100005d01000077020000e80300000b040000
c6040000bb050000bd050000d105000016070000b7070000bb070000d2070000fb08000007090000b50c0000fe0c0000
8b0d0000a80d00002c0f0000eb110000fb11000040120000e1120000e21200005b150000e618000031190000bd1a0000
d51a0000ef1a00001b1b00003a1b00008c1b0000c81b0000251c0000441c00004f1c0000761c0000fe1c0000ff1c0000
ad1d0000731e000088230000812b00007f2c0000802e0000cf2e0000433300002c360000af3700002527000049270000
bd270000e7270000632800006b280000782800004d290000c72f00004f02000064020000d00400001b0600001d060000
21060000cc1a00002a1c0000b72c0000ab010000ae020000e50200008f030000a7040000eb0400000006000030060000
38060000b20b0000ca0b00000b0c00008b0d0000a80d00002c0f000040120000e1120000e21200005b150000e6180000
311900008d190000d51a0000ef1a00001b1b00003a1b00008c1b0000c81b0000441c00004f1c0000761c0000fe1c0000
ff1c0000651d0000ad1d0000731e0000ae22000088230000d62500002527000049270000bd270000e727000063280000
6b280000782800004d290000812b0000c22c0000802e0000cf2e0000c72f0000af37000018380000e3000000f9000000
510100009a01000077020000e80300000b040000c604000016070000ae070000af070000b6080000c6080000fb080000
07090000700900007b0900007a0c0000c10c00008b0d0000940d00002c0f0000d50f0000391000003a1000003e100000
441100005b150000e6180000a8190000da190000bd1a0000e91a0000ef1a0000131b0000461b00008c1b0000d31b0000
da1b0000251c0000351c0000071d00000b1d0000231d0000b51d00007c2300001e260000442d0000872d00008a2e0000
d23300002c3600006638000098000000aa010000ad020000ce020000e10200005a0300008b030000a1030000a6040000
e9040000ff0500002f06000037060000830600006d080000f20800002e090000c9090000f70900008b0b0000950b0000
b00b0000c60b0000090c00008b190000401d0000611d0000531e0000ad220000de220000d22500002427000048270000
bc270000e6270000622800006a2800007728000049290000222a0000c12c0000bb2e0000c62f00000336000040360000
143800004f02000086020000d00400000c090000e4090000e6090000aa1a0000bc1b0000782e00001900000044000000
800000008d000000cb000000aa0100004f0200006402000086020000ce020000e10200005a030000a4030000a6040000
d0040000e90400007f05000083050000940500001b0600001d060000210600007e070000800700009407000077080000
80080000f20800000c0900002e090000c9090000e4090000e6090000f70900008b0b0000950b0000aa1a0000cc1a0000
bc1b00002a1c0000401d0000531e0000de2200002427000048270000bc270000e6270000622800006a28000077280000
49290000222a0000622c0000b72c0000782e0000bb2e0000c62f00002c33000040360000e3000000f900000016010000
510100005d0100009a01000077020000e80300000b040000c6040000bb050000bd050000d105000016070000ae070000
af070000b7070000bb070000d2070000b6080000c6080000fb08000007090000700900007b0900007a0c0000b50c0000
c10c0000fe0c00003c0d00008b0d0000940d0000a80d0000b90d0000cc0d0000d40d00001e0e0000380e0000090f0000
2c0f0000450f0000d50f000025100000391000003a1000003e1000004b1000005010000044110000eb110000fb110000
2e120000401200005e120000cc120000e1120000e2120000f2120000491400004d1400005914000067140000a2140000
5b150000e61800003119000097190000a8190000da190000bd1a0000d51a0000e91a0000ef1a0000131b00001b1b0000
3a1b0000461b00008c1b0000c81b0000d31b0000da1b0000251c0000351c0000441c00004f1c0000761c0000fe1c0000
ff1c0000071d00000b1d0000231d00006f1d0000821d0000ad1d0000b51d0000601e0000731e00000e23000028230000
7c23000088230000f12500001e26000097270000d5270000a728000034290000b72a0000812b00007f2c0000442d0000
872d0000922d0000802e00008a2e0000c42e0000cf2e000043330000d23300002c360000d2360000af37000037380000
66380000873800004f0200006402000086020000d00400001b0600001d060000210600000c090000e4090000e6090000
aa1a0000cc1a0000bc1b00002a1c00002427000048270000bc270000e6270000622800006a2800007728000049290000
b72c0000782e0000c62f0000ab010000d2020000e50200005b030000a7040000eb040000f408000032090000cb090000
fb0900008f0b0000960b00008b0d0000940d00002c0f0000391000003a1000003e1000005b150000e6180000a8190000
da190000e91a0000ef1a0000131b0000461b00008c1b0000d31b0000da1b0000351c0000071d00000b1d0000231d0000
411d0000b51d0000541e0000e22200007c2300001e2600002527000049270000bd270000e7270000632800006b280000
782800004d290000242a0000872d00008a2e0000bc2e0000c72f00004436000066380000190000004400000080000000
8d000000cb000000aa0100004f0200006402000086020000ad020000e10200008b030000a4030000a6040000d0040000
e90400007f0500008305000094050000ff0500001b0600001d060000210600002f060000370600007e07000080070000
9407000077080000800800000c090000e4090000e6090000b00b0000c60b0000090c00008b190000aa1a0000cc1a0000
bc1b00002a1c0000611d0000ad220000d22500002427000048270000bc270000e6270000622800006a28000077280000
49290000622c0000b72c0000c12c0000782e0000c62f00002c33000014380000ed020000f90200001305000044060000
4b0600004f06000025150000cc160000cd2c00001a0000007900000082000000fb0100004b020000530200005d020000
88020000a6020000600300007f03000099030000a3040000c0040000ce040000ec04000016060000190600001f060000
7b0700008107000090070000750800000a09000033090000e2090000e8090000900b00009b0b0000ba0b0000c30b0000
060c0000a31a0000ce1a0000ba1b0000281c0000b3220000d2220000d72500002827000043270000c2270000e4270000
6528000068280000752800004e2900001f2a0000b52c0000762e0000c42f0000283300004536000019380000b1010000
e80100007b040000dc080000b2090000b6090000d11f0000f7200000002f00002b0000004a000000c8000000ac030000
890500008b050000950500007f080000632c00001700000042000000b4000000b1010000e8010000fb01000053020000
88020000ed020000f9020000600300009e0300007b040000ce040000ec040000130500007d0500008105000044060000
4b0600004f06000067080000dc0800000a090000330900004c090000b2090000b6090000e2090000e8090000900b0000
9b0b000025150000cc160000a31a0000ba1b0000d11f0000f7200000d22200002827000043270000c2270000e4270000
6528000068280000752800004e2900001f2a0000cd2c0000762e0000002f0000c42f0000fd35000045360000b1010000
e8010000ed020000f90200007b04000013050000440600004b0600004f060000dc080000b2090000b609000025150000
cc160000d11f0000f72000002827000043270000c2270000e42700006528000068280000752800004e290000cd2c0000
002f0000c42f00001700000042000000b4000000b1010000e80100004b0200005d020000a6020000ed020000f9020000
7f0300009e0300007b040000a3040000c0040000130500007d0500008105000016060000190600001f06000044060000
4b0600004f06000067080000dc0800004c090000b2090000b6090000ba0b0000c30b0000060c000025150000cc160000
ce1a0000281c0000d11f0000f7200000b3220000d72500002827000043270000c2270000e42700006528000068280000
752800004e290000b52c0000cd2c0000002f0000c42f0000fd350000193800008a01000053030000f70300009a040000
6b0900008f0900008e0b0000fb0b0000db0e0000d61100001f120000ba12000010160000f5160000b417000002200000
04210000b6230000d52500003b270000cd2700005d280000732800004c290000d92b00000d2f0000c22f00009c360000
4037000017380000fd0200001a0500004806000050060000cd160000ce2c0000db0e00001f120000ba12000010160000
f5160000b41700000220000004210000b62300003b270000cd2700005d280000732800004c290000d92b00000d2f0000
c22f000040370000e5030000ea040000ba050000a1080000310900008e0b0000ee0c0000df0d00006e0f00005d100000
6310000080120000d9160000121e00005d200000382200005c220000a6220000072600003b270000cd2700005d280000
732800004c290000142a00009e2d0000c22f00000d360000433600004d3800007c040000dd080000b3090000d51f0000
f8200000012f0000bd000000fd0200009f0300007c040000cf040000ed0400001a0500007e0500004806000050060000
68080000dd0800000b090000340900004e090000b3090000e3090000910b0000cd160000a51a0000bb1b0000d51f0000
f8200000d622000045270000e527000067280000762800004f290000202a0000ce2c0000772e0000012f0000c52f0000
fe350000463600008a01000053030000e5030000f70300009a040000ea040000ba050000a1080000310900006b090000
8f0900008e0b0000fb0b0000ee0c0000920d0000df0d0000320e0000db0e0000070f0000230f00002b0f0000460f0000
6e0f0000381000003d1000005d10000063100000d61100001f1200003f1200006012000080120000ba120000e0120000
4b140000611400009f14000010160000d9160000f5160000b4170000d31a0000c71b0000341c0000121e000002200000
5d20000004210000382200005c220000a622000022230000b6230000d5250000f3250000072600003b27000079270000
cd270000d02700005d28000073280000ee28000007290000402900004c290000142a0000b42a0000d92b0000862d0000
9e2d00007f2e00000d2f0000c22f0000d73500000d360000433600009c360000d4360000403700001738000039380000
4d380000fd0200007c0400001a0500004806000050060000dd080000b3090000cd160000d51f0000f820000045270000
e527000067280000762800004f290000ce2c0000012f0000c52f0000df0d00006e0f00005d10000063100000d9160000
121e00005d200000382200005c220000072600003b270000cd2700005d280000732800004c2900009e2d0000c22f0000
4d380000bd0000005f020000fd020000830300009f0300007c040000a4040000c30400001a0500007e05000018060000
20060000480600005006000068080000dd0800004e090000b3090000be0b0000070c0000cd160000291c0000d51f0000
f8200000d825000045270000e527000067280000762800004f290000b62c0000ce2c0000012f0000c52f0000fe350000
1a3800007b1500007f150000f1150000e21600001517000025170000b91d0000771e0000d12e00009c000000f9000000
6f0100009a010000ab01000049020000ae020000c6020000d2020000e50200005b0300008f030000a2030000e7030000
0b0400009e040000a7040000eb04000000060000300600003806000085060000be060000060800001d0800006f080000
8d080000ac080000c6080000f0080000f408000032090000700900007b090000cb090000fb0900008f0b0000960b0000
b20b0000ca0b00000b0c00007a0c0000df0c00003e0d0000bb0d00004e0f0000d50f0000261000004d10000051100000
e51100005b150000311900008d190000991900006b1a00001b1b00008c1b0000441c0000761c0000411d0000591d0000
651d0000851d0000ad1d0000e01d0000231e0000541e0000731e0000be1e00009f1f0000b71f0000ae220000e2220000
9b230000d625000013260000212700002527000049270000bd270000e7270000632800006b280000782800004d290000
242a0000c22c0000442d0000932d0000bc2e0000cf2e0000c72f0000da34000004360000193600004436000018380000
5a380000260000004f000000c3000000d5020000e8020000ad030000a8040000860500008e050000960500007e080000
f5080000cc090000fe090000461d0000551e0000642c0000bd2e0000eb00000092010000ab010000ae020000e5020000
8f030000080400009d040000a7040000eb040000000600003006000038060000c2080000ec0800006c09000073090000
b20b0000ca0b00000b0c0000850c00003e0d0000bb0d00004e0f0000d90f0000261000004d100000511000005b150000
7b1500007f150000f1150000e21600001517000025170000311900008d190000991900006b1a00001b1b00008c1b0000
441c0000761c0000651d0000851d0000ad1d0000b91d0000e01d0000231e0000731e0000771e0000f21e00009f1f0000
b71f0000ae2200009b230000d625000013260000212700002527000049270000bd270000e7270000632800006b280000
782800004d290000c22c0000482d0000932d0000cf2e0000d12e0000c72f000024360000183800005a380000eb000000
21010000ab010000ae0200002103000008040000eb04000022050000c0050000c8050000d50500000006000030060000
3806000045070000130900001f090000f60c0000f7110000161500007b1500007f150000f1150000c5160000e2160000
15170000251700008d190000651d0000b91d0000771e0000832c0000c22c0000d12e000034360000eb00000092010000
d9010000d2020000e5020000080400006f040000a7040000ff060000c2080000cd080000d5080000f40800006c090000
73090000cb090000fb090000850c0000d90f0000d7180000a1190000d2190000411d0000981d0000541e0000061f0000
f91f00001d200000462000001721000093210000482d0000bc2e0000202f00002036000019000000440000009f000000
ac000000cb000000b5010000b3020000d5020000e8020000a3030000a4030000a8040000f80400007f05000083050000
940500000306000035060000390600008606000091060000700800007208000080080000f5080000cc090000fe090000
8e190000461d0000681d0000551e0000622c0000c32c0000bd2e000005360000eb0000002101000092010000ab010000
d9010000ae020000d2020000e502000021030000080400006f040000a7040000eb04000022050000c0050000c8050000
d5050000000600003006000038060000ff06000045070000c2080000cd080000d5080000f4080000130900001f090000
6c09000073090000cb090000fb090000850c0000f60c00003e0d0000bb0d0000cf0d0000d70d00000a0f00004e0f0000
d90f0000261000004d10000051100000f711000030120000ce120000f5120000161500007b1500007f150000f1150000
c5160000e21600001517000025170000d71800008d19000099190000a1190000d2190000411d0000651d0000711d0000
851d0000981d0000b91d0000541e0000611e0000771e0000061f0000f91f00001d200000462000001721000093210000
212700003e2700009a270000a6270000c5270000d6270000d72700005e2800006028000074280000a9280000b2280000
362900003a29000051290000832c0000c22c0000482d0000932d0000bc2e0000c52e0000d12e0000202f0000c32f0000
2036000034360000883800009c000000e3000000160100007b010000ab01000049020000ae020000c6020000d2020000
e50200005b0300008f030000a2030000e803000003040000a7040000eb040000ee040000bb050000bd050000d1050000
00060000300600003806000085060000c7060000060800001d080000290800006f08000099080000b0080000f4080000
32090000cb090000fb0900008f0b0000960b0000b20b0000ca0b00000b0c0000d30c0000fe0c0000cf0d0000d70d0000
0a0f0000e1110000fb11000030120000ce120000f5120000e6180000f0180000891900008d190000a8190000b3190000
da190000621a0000ef1a0000131b0000d31b0000da1b0000411d0000591d0000651d0000711d0000b51d0000d41d0000
541e0000611e0000931f0000ae220000e2220000a7230000d6250000212700002527000049270000bd270000e7270000
632800006b280000782800004d290000242a0000af2b00007f2c0000c22c00008a2e0000bc2e0000c52e0000c72f0000
52330000043600001d360000443600007837000018380000d7180000a1190000d2190000981d0000061f00001d200000
4620000017210000202f0000260000004f000000c3000000b5010000b3020000ad030000f8040000860500008e050000
960500000306000035060000390600007e0800008e190000681d0000642c0000c32c0000eb00000021010000ab010000
d2020000e50200005b03000008040000a7040000eb040000f4040000c0050000c8050000d5050000f408000032090000
cb090000fb090000070a00008f0b0000960b0000f60c0000cf0d0000d70d00000a0f0000f711000030120000ce120000
f5120000d7180000e6180000f018000085190000a1190000a8190000b3190000d2190000da190000621a0000ef1a0000
131b0000d31b0000da1b0000411d0000711d0000981d0000b51d0000d41d0000541e0000611e0000061f0000931f0000
1d2000004620000017210000e2220000a7230000212700002527000049270000bd270000e7270000632800006b280000
782800004d290000242a0000af2b0000832c00008a2e0000bc2e0000c52e0000202f0000c72f00004436000067370000
783700006f010000d90100007702000021030000a2030000b9030000e6030000e8030000030400000f0400002c040000
9d0400009e040000aa040000af040000f404000060050000e90500000c060000a8060000be060000d4060000ec060000
ff060000160700003d070000450700006607000068070000120800008d080000cd080000fb080000130900008d0a0000
da0a0000160b0000500b0000430c0000df0c0000280d0000f30d0000f60d0000860e00009d0e0000a00e0000cf0e0000
090f00001b0f00004b0f00004c0f0000750f00007d0f0000181000006c100000a7100000b7100000ba100000cd100000
dc100000ff10000001110000041100000611000043120000461200009d120000da1200006c1300008e13000016140000
19140000161500003a1500003c1500006316000040170000621700006d170000a3180000b8180000bc180000d3180000
1d190000291900002a190000bd1a0000f81a0000891b00008d1b0000d61b0000061c0000381c0000941c0000c81c0000
221e0000231e00008c1e0000901e0000941e0000a81e0000b11e0000b31e0000f91f00004220000094200000e5200000
3b210000c32100001522000079220000cf230000e8230000412400004d2400000c2500003c250000972700009a270000
9e270000a6270000d4270000e3270000eb270000f52700008c2800008e280000a7280000a9280000ae280000b2280000
e3280000e52800009c2900009f290000bb290000d3290000552a00005c2a0000582b00005e2b0000972c0000ae2c0000
0c2d0000232d0000712d0000a72d0000f22d0000252e0000342e00003c2e00003d2e0000582e0000612e0000652e0000
862e0000af2e0000db2f0000dd2f0000f22f0000fc2f000017300000213000003b300000703000007230000082300000
9d300000ec300000f4310000f83100000b3200000d3200005d32000084320000b8320000a9330000663900009f390000
fb3e0000f23f0000624000006a4000004b41000052410000a4000000de010000ab030000b503000075040000a5040000
ad040000a30500000d0600008d060000b10600000207000010070000d2080000570a0000e90a0000141e0000911e0000
a31e0000fc1f00002920000072200000c020000001210000102100003f210000c6210000fc210000712c0000af2c0000
ff2c0000262d00000a2f0000192f0000322f0000422f000024000000c2000000b3010000b4010000e901000085050000
02060000b7090000671d0000961d0000041f00001b200000170000001d0000003b00000061000000b4000000c7000000
fa000000fb0000001b0100009b010000ac010000ae010000c2010000cb01000000020000040200003702000039020000
9e020000a6020000670300007f03000096030000f2030000fd03000073040000980400001e050000240500007a050000
7d0500008105000092050000c2050000c3050000c5050000d2050000f80500000106000007060000330600006e060000
8806000000070000ed070000ee0700007c080000e90800007c090000ce090000d00900004a0a00005e0a0000e20a0000
070b0000a20b0000a50b0000ba0b0000bd0b00005d0c0000650c0000e60c0000fb0c00003d0d00003f0d0000550d0000
5a0d0000d90e0000030f0000f50f00002710000030100000f81100001d120000b7120000b8120000bc120000ea150000
ee15000021180000441800004518000052180000d31900004e1d00006a1d0000831d00008b1d00008d1d0000901d0000
a81d0000aa1d0000661e00006c1e00006d1e00009f1e0000c11e00002e1f00005c1f0000c41f0000cb1f0000e91f0000
ff1f00005220000055200000af200000022100001d210000c8210000082200002d22000030220000332200003a220000
9e220000ba220000392300004423000099240000a3240000d1240000d5240000762a00003b2b0000602c0000802c0000
a62c0000a92c0000ec2c0000802d00000b2f0000262f0000582f0000622f0000902f0000942f0000233b0000ab3b0000
d13b0000473e0000fa030000eb040000c3060000f6060000ff06000035070000d70c0000540d00004a0e0000080f0000
0f0f00002a0f0000ef0f00002f100000e5100000f11000001412000054130000be1300008c1500001316000066160000
73160000761600009b170000b3180000fc18000042190000c2190000e21a0000271b0000621b00008c1b0000921b0000
cc1b00007b1c0000b81c0000e81c00009c1e0000a61e0000f91f0000c32100005e2d00007f2d0000db2d0000062e0000
492e0000722e0000842e0000aa2e00004e30000001320000ff390000423a0000ac000000720100001d03000024030000
a4030000d8030000f90300001804000075040000a6040000b9040000200500002a050000ea0500005906000086060000
9b0600000207000010070000900800000f090000160900005e090000d9090000650a0000a20a00004c0b0000530b0000
b410000057160000141e0000871e0000a31e0000fc1f00002920000072200000c020000001210000102100003f210000
c6210000fc210000982c0000d72c0000152d0000392d00000a2f0000192f0000322f0000422f00000b300000ef310000
eb380000163900001800000043000000e8000000b4010000e9010000da020000dd02000082050000be05000045060000
b7090000c6090000f40c0000261500003f1d0000961d0000041f00001b2000001700000042000000b4000000ee000000
fa000000530100009b010000b1010000e8010000fb01000011020000ed020000f5020000f9020000110300009e030000
f2030000f5030000700400007b040000a3040000130500007d05000081050000c1050000c3050000de050000f8050000
01060000440600004b0600004f060000b10700003108000067080000dc0800004c0900007c090000b2090000b6090000
d0090000d6090000900b0000e10b0000e60c0000f70c00003f0d0000550d0000640d0000810d0000030f0000720f0000
f50f0000271000003010000057110000b7120000cf12000051140000ec14000025150000481500004915000056150000
23160000cc16000016170000b2170000bd170000f2170000421d0000831d0000991d0000a11d0000101e0000161e0000
661e00006c1e0000b91e0000d51e0000071f0000a51f0000d11f00001e20000024200000f72000000e21000072210000
d222000011230000ab230000ae230000c1240000f42400003a2600007a2600008c2c0000a62c0000cd2c0000802d0000
002f0000172f0000802f0000b32f0000d5340000fd350000813a0000c13a0000bb030000130400002d040000ab040000
b004000062050000950a0000de0a00001a0b0000590b00008c0e0000a10e00001d0f0000810f00007013000090130000
1d1400002414000044170000641700006f170000a4180000b9180000bd1800008e1b0000981c0000ca1c000096200000
eb200000cc21000019220000d5230000ea230000432400004e240000ef270000f6270000a3290000aa290000bf290000
d7290000102d0000242d0000f32d0000292e0000592e0000622e0000662e0000b02e0000f62f0000fd2f000084300000
9e30000060320000aa3300006d390000a2390000fd3e0000f93f0000634000006b4000004c410000534100009c000000
e300000016010000ab01000049020000d2020000e50200005b03000063030000bb050000bd0500000006000085060000
c706000006080000fb090000960b00009e0b0000b20b0000d30c0000fe0c0000050d0000320d0000520d0000cc0d0000
cf0d0000d40d0000d70d0000051000005e10000012120000cc120000f2120000f512000043150000ef1a0000d31b0000
591d0000651d00006f1d0000b51d0000d11d0000d41d0000901f0000931f00003d220000ae2200003f2300001f270000
2127000025270000bd270000c52700005e2800006328000026000000c3000000b5010000ea0100008605000003060000
b8090000681d0000971d0000051f00001c2000003f000000bd0000001d010000cd0100006b030000830300009a030000
f303000000040000740400009b0400001f050000250500007e05000093050000c4050000d3050000f905000008060000
6f060000ef0700007d0800004b0a0000600a0000e30a0000080b0000a60b0000be0b00005e0c0000660c0000f10c0000
570d0000da0e0000040f0000f90f000031100000f91100001e120000b9120000eb150000ef150000671e0000c21e0000
2f1f00005d1f0000c51f0000cc1f0000ed1f0000012000005920000060200000b12000000321000021210000cf210000
0b220000342200003b220000a9220000be2200003b230000462300009d240000a4240000d2240000d6240000772a0000
3c2b0000612c0000812c0000a72c0000aa2c0000ed2c0000812d00000c2f00002a2f00005c2f0000632f0000912f0000
952f0000243b0000ac3b0000d23b0000483e00004b0e0000100f000058130000c01300009f170000b5180000fd180000
631b0000931b0000ba1c0000ec1c0000cc210000dc2d0000072e0000732e0000ab2e0000013a0000433a0000eb000000
92010000ab010000ae02000030060000730900003e0d00008b0d0000a80d000026100000e21200005b1500007b150000
7f15000025170000761c0000851d0000ad1d00001900000044000000ea000000b5010000ea010000e1020000e8020000
83050000bf05000049060000b8090000c9090000f50c000027150000401d0000971d0000051f00001c200000bd000000
55010000fd020000150300009f030000f3030000f8030000710400007c040000a40400001a0500007e050000c4050000
df050000f90500004806000050060000b30700003508000068080000dd0800004e090000b3090000d7090000910b0000
e20b0000f10c0000570d0000040f0000730f0000f90f00003110000058110000b912000052140000ed14000025160000
cd160000b3170000be170000f3170000111e0000171e0000671e0000ba1e0000d61e0000a61f0000d51f000026200000
f82000000f21000073210000d622000013230000b2230000b9230000c2240000f8240000412600007d2600008d2c0000
a72c0000ce2c0000812d0000012f0000182f0000812f0000b72f0000d6340000fe350000883a0000c43a0000bd000000
55010000fd020000150300009f030000db030000f3030000f80300001b040000710400007c040000a4040000be040000
1a0500002c0500007e050000c4050000df050000f90500004806000050060000b30700003508000068080000dd080000
4e090000b3090000d70900006d0a0000ac0a00005f0b0000670b0000910b0000e20b0000f10c0000570d0000540e0000
040f0000110f0000730f0000f90f00003110000058110000b91200007f130000c313000052140000ed14000025160000
cd160000b3170000be170000f3170000f71d0000fc1d0000111e0000171e00002b1e0000391e0000671e0000ba1e0000
d61e00003c1f00004d1f00007c1f0000831f0000a61f0000d51f00002620000074200000c3200000f82000000f210000
73210000d221000006220000d622000013230000b2230000b9230000c2240000f8240000412600007d2600008d2c0000
a72c0000ce2c0000182d00003b2d0000812d0000e52d0000082e0000ef2e0000fe2e0000012f0000182f0000342f0000
452f0000812f0000b72f0000d6340000fe350000ee3800001c3900005d3a00006e3a0000883a0000c43a000017000000
42000000ee000000fa0000009b010000b1010000e8010000fb01000011020000ed020000f502000081050000c1050000
010600004b0600007c090000b6090000d0090000f70c00003f0d0000640d0000810d000027100000cf12000025150000
48150000491500005615000016170000421d0000831d0000991d0000a11d00006c1e0000071f00001e2000009c000000
e300000016010000ab01000049020000d2020000e50200005b03000063030000e8030000fb0300006f04000022050000
bb050000bd050000d1050000000600006a06000085060000c7060000f806000006080000fb0900004f0a0000010b0000
960b00009e0b0000b20b0000620c0000d30c0000fe0c0000050d0000320d0000520d0000cc0d0000cf0d0000d40d0000
d70d00009b0e0000020f0000090f00004a0f0000ed0f0000051000001f1000002e100000591000005e100000fb110000
121200002e120000cc120000f2120000f512000043150000ed1500002e190000ef1a0000d31b0000591d0000651d0000
6f1d0000b51d0000d11d0000d41d0000131e0000601e0000811e00009a1e0000311f0000681f0000901f0000931f0000
ce1f00003d220000ae2200003f2300009f240000d42400001f2700002127000025270000bd270000c5270000df270000
5e280000632800009a2800007b2a00006a2b00007f2c0000e82c00005c2d0000772d00007e2d00009b2d0000c42e0000
db2e00005e2f0000932f0000e72f0000273b0000cb3b0000533e000026000000c3000000b5010000ea010000a9030000
a204000086050000aa0500000306000011060000b8090000681d0000971d0000241e00005d1e0000701e0000051f0000
1c200000772c0000b32c0000cc2e00003f000000bd0000001d010000cd0100006b030000830300009a030000b3030000
d1030000f3030000000400001f040000740400009b040000ac040000b8040000fd0400001f050000250500007e050000
93050000c4050000d3050000f9050000080600006f060000ef0700007d0800004b0a0000600a00006d0a0000c20a0000
e30a0000080b0000400b0000480b0000a60b0000be0b00005e0c0000660c0000f10c0000570d0000540e0000da0e0000
040f0000110f0000f90f000031100000f91100001e120000b91200007f130000c3130000eb150000ef150000e51d0000
e61d0000261e0000281e0000671e0000c21e00002f1f0000341f00005d1f0000631f0000c51f0000cc1f0000ed1f0000
0120000059200000602000008720000090200000b1200000c7200000d72000000321000021210000cf210000da210000
f02100000b2200002122000028220000342200003b220000a9220000be2200003b230000462300009d240000a4240000
d2240000d6240000772a00003c2b0000612c0000812c0000a72c0000aa2c0000ed2c0000fd2c00001c2d0000252d0000
342d0000812d0000e52d0000082e0000e42e0000e52e0000f42e0000f62e00000c2f00002a2f00003e2f00004d2f0000
5c2f0000632f0000912f0000952f00005e36000087360000f137000002380000243b0000ac3b0000d23b0000483e0000
170000001d00000061000000c7000000fa000000fb0000009b010000ac010000ae010000c20100000002000004020000
37020000390200009e020000a602000081050000c505000001060000330600008806000000070000e90800007c090000
ce090000d0090000fb0c00003d0d00003f0d00005a0d000027100000bc12000021180000441800004518000052180000
d31900004e1d00006a1d0000831d00008b1d00008d1d0000901d0000a81d0000aa1d00006c1e00006d1e00009f1e0000
6f010000d90100007702000021030000a2030000e6030000e8030000030400009d0400009e040000f4040000e9050000
0c060000a8060000be060000d4060000ec060000ff060000160700003d07000045070000660700006807000012080000
8d080000cd080000fb08000013090000430c0000df0c0000280d0000f30d0000f60d00009d0e0000cf0e0000090f0000
4b0f00004c0f0000750f0000181000006c100000a7100000b7100000ba100000cd100000dc100000ff10000001110000
041100000611000043120000461200009d120000da120000161500003a1500003c15000063160000d31800001d190000
291900002a190000bd1a0000f81a0000891b0000d61b0000061c0000381c0000221e0000231e00008c1e0000901e0000
941e0000a81e0000b11e0000b31e0000f91f0000422000003b210000792200000c2500003c250000972700009a270000
9e270000a6270000d4270000e32700008c2800008e280000a7280000a9280000ae280000b2280000e3280000e5280000
552a00005c2a0000582b00005e2b0000972c0000ae2c0000712d0000a72d0000342e00003c2e00003d2e0000862e0000
db2f0000dd2f000017300000213000003b3000007030000072300000ec300000f4310000f83100000b3200000d320000
84320000b8320000a4000000de010000ab03000075040000a5040000a30500000d0600008d060000b106000002070000
10070000d2080000141e0000911e0000a31e0000fc1f00002920000001210000102100003f210000712c0000af2c0000
0a2f0000192f0000fa030000eb040000c3060000f6060000ff06000035070000d70c0000540d0000080f00002a0f0000
ef0f00002f100000e5100000f1100000141200008c1500001316000066160000731600007616000042190000c2190000
e21a0000271b00008c1b0000cc1b00007b1c00009c1e0000a61e0000f91f00005e2d00007f2d0000492e0000842e0000
4e30000001320000ac000000720100001d03000024030000a4030000f903000075040000a604000020050000ea050000
59060000860600009b0600000207000010070000900800000f090000160900005e090000d9090000b410000057160000
141e0000871e0000a31e0000fc1f00002920000001210000102100003f210000982c0000d72c00000a2f0000192f0000
0b300000ef310000e503000007040000e8050000c10800006b090000380b00008e0b0000770c0000300d00004b0d0000
580d0000a60d0000460e0000610e00009a0e0000ab0e0000010f0000050f0000070f00000e0f0000120f0000160f0000
240f00002b0f0000d40f0000061000001e100000201000002a1000003210000041100000b21000007411000091110000
3f120000ba120000e01200004a130000a5130000b9130000c4130000f81300009d1500001016000093170000b4170000
ae180000d2180000f41800001519000049190000fc190000991a0000d31a0000381b0000611b0000691b0000901b0000
c71b0000021c0000b61c0000d51c0000e01c0000fd1c0000641e0000681e0000cd1e00002c1f0000741f0000a6220000
eb240000b52700005d280000e3290000c12b0000962c0000432d0000762d00007a2d0000822d00008a2d0000d72d0000
fd2d0000052e0000092e0000502e00006f2e00007f2e0000a92e0000c82e0000aa2f000040310000e131000051340000
80370000cb370000043c0000323e0000a93f00007d00000012010000830200004f03000056030000cf030000df030000
f6030000140400002f0400006d04000071040000b4040000fc0400001c0500002505000070050000b9050000cf050000
18060000680600006c060000f10600007d070000e3090000480a0000530a0000980a0000fa0a00002a0b0000340b0000
3b0b00008a0b0000910b0000be0b00005b0c0000660c0000480f0000eb0f0000571000005c100000f21100003f150000
eb15000072170000be1800002c190000c91a0000a81c0000e51d0000111e0000261e00007f1e0000281f00002f1f0000
5d1f0000c51f000034220000a92200003b230000f8230000502400009d240000a1240000d2240000b1270000b8270000
dd270000ff2700005c28000067280000982800009c280000df290000e6290000742a00007f2a0000632b00007d2c0000
e62c0000ea2c0000112d0000332d00005a2d0000992d0000672e0000d92e0000e42e0000f42e00005c2f0000602f0000
912f0000e52f000006300000a03000005c36000082360000213b0000c43b00000d3f00006c4000004d410000f1040000
40060000480600002215000054170000a718000021190000fc1a00008b1b00008f1b0000d81b00006e1c0000cf1c0000
751e0000ca2c00005c2e0000882e0000b12e00003f0000008d010000cd010000e5010000830200009a0300009f030000
b3030000c0030000ef03000023040000710400009b040000a1040000a4040000ac040000ae040000b3040000f1040000
250500007e05000093050000a1050000f505000008060000100600001806000040060000480600006c060000b0060000
ef070000160800007d0800006e090000b3090000e30900004b0a0000ce0a0000e30a0000ee0a00002a0b0000be0b0000
660c0000480f0000fd0f0000571000005c100000221500003f150000eb1500005417000072170000a7180000be180000
211900002c190000c91a0000fc1a00008b1b00008f1b0000d81b00006e1c0000a81c0000cf1c0000e51d0000111e0000
261e0000581e00005c1e0000751e00007f1e0000c21e00002f1f00005d1f0000c51f000034220000a92200003b230000
f8230000502400009d240000d2240000b1270000b8270000dd270000ff2700005c28000067280000982800009c280000
df290000e6290000742a0000632b0000612c00006f2c0000a32c0000aa2c0000b22c0000ca2c0000ea2c0000fd2c0000
202d0000252d0000272d0000992d00005c2e0000672e0000882e0000b12e0000c02e0000d92e0000e42e0000f42e0000
5c2f0000912f0000e52f00000630000089300000ad3300006c4000004d4100001a00000063000000e500000004020000
390200004a02000057020000970200009a02000064030000bc050000310600008a060000ca060000e3080000d0090000
9f0b0000cf0b0000d10c0000f90c0000cd0d0000d50d0000f3120000231800004c1d00008b1d0000a81d0000d21d0000
6c1e0000911f0000b7220000202700002a270000c62700006c280000d3020000e6020000fc090000f11a0000d41b0000
b61d00002f000000cc000000b80100008f05000004060000621d00001d0000009d000000c700000002010000ae010000
b901000004020000390200004a02000057020000d3020000e60200006403000081050000c90500000106000005060000
950600000b080000d0090000fc0900009f0b0000ff0c0000cd0d0000d50d0000f3120000f11a0000d41b00005a1d0000
661d00006a1d00008b1d0000a81d0000b61d0000d21d00006c1e0000911f0000202700002a270000c62700006c280000
9c000000e30000001601000051010000ab01000049020000ae020000c6020000d2020000e50200005b03000063030000
8f030000a2030000e7030000fb0300000b0400009e040000a7040000eb040000bb050000bd050000dd05000000060000
300600003806000085060000c7060000e2060000f8060000ae070000af070000060800001d0800006f080000f0080000
f408000032090000cb090000fb090000a00a00008f0b0000930b0000960b00009e0b0000b20b0000ca0b0000000c0000
0b0c0000c10c0000d30c0000fe0c0000050d00000f0d0000320d0000520d0000cc0d0000cf0d0000d40d0000d70d0000
380e00003b0e00009f0e0000dc0e0000020f0000450f00004e0f0000760f0000ed0f000005100000071000000d100000
2e1000005e1000008b1000004a1100005a110000a2110000a71100000a12000012120000cc120000f2120000f5120000
81130000dd13000059140000671400006a140000c9140000f1140000351500004315000011160000261900008d190000
601a00006b1a00009e1a0000ef1a00008c1b0000d31b0000fe1c0000411d0000591d0000651d00006f1d0000941d0000
b51d0000d11d0000d41d0000221e0000231e0000541e00006f1e00009a1e0000be1e0000d11e0000dc1e0000e71e0000
481f0000901f0000931f0000b11f00003d220000ae220000b6220000e22200000e2300003f2300008823000098230000
9b230000bf240000ec24000032250000d6250000da25000011260000d3260000032700001f2700002127000025270000
4927000087270000bd270000c5270000d7270000e72700005e280000632800006b28000078280000ef2800004d290000
242a00000c2b0000532b00008b2c0000c22c00005c2d0000662d00007e2d0000c62d0000392e0000bc2e0000cb2e0000
7e2f0000ab2f0000c72f000030300000ae320000da340000f33400000436000044360000183800001c38000058380000
693b0000e63c000033400000260000004f000000c3000000b5010000d2010000ea010000ad030000a804000026050000
860500008e050000960500000306000009060000f40700007e080000b8090000bf0b0000670c0000f0150000681d0000
971d0000c31e0000051f0000c61f00001c20000035220000e522000049230000ad240000d7240000642c0000ab2c0000
6c2f0000962f0000eb00000092010000ab010000ae02000008040000f4040000300600003d07000045070000c2080000
6c09000073090000390b00008f0b0000850c00003e0d00004d0d00008b0d0000a80d00000a0f00002c0f0000d90f0000
261000002b1000007611000040120000e1120000e2120000161500005b1500007b1500007f150000ab15000025170000
c2170000d71800001d1900004e1900000c1a0000d51a0000f81a0000461b0000891b0000c81b0000d61b0000381c0000
761c0000da1c00000b1d0000851d0000ad1d0000a81e0000ce1e0000751f0000e2220000c22b0000482d00007b2d0000
342e0000552e0000802e0000862e0000053c0000373e000019000000440000008d0000009f000000ea00000020010000
b5010000d8010000ea010000e1020000e80200008b03000092030000a0030000060400007d0400009c04000026050000
83050000a2050000bf050000c7050000d40500000b060000490600007806000091060000b20600007e070000cc080000
b8090000c9090000540a0000700a00000a0b0000bf0b0000c60b0000cd0b0000670c0000f50c0000f311000027150000
f0150000401d0000971d00008e1e0000051f0000291f0000c61f00001c20000035220000e522000049230000ad240000
d7240000802a0000702c0000822c0000ad2c0000f62c00006c2f0000962f0000293b0000d43b00006f010000d9010000
7702000021030000a2030000b9030000e6030000030400000f0400002c0400009d0400009e040000aa040000af040000
f404000060050000e90500000c060000a8060000ec060000ff0600003d0700004507000066070000120800008d080000
cd080000fb080000130900008d0a0000da0a0000160b0000500b0000430c00004c0f0000a7100000b710000001110000
06110000161500003c150000401700006d170000a3180000bc1800001d1900002a190000f81a0000891b00008d1b0000
d61b0000381c0000c81c0000231e00008c1e0000901e0000a81e0000b31e0000f91f0000c3210000e82300004d240000
0c2500009e270000a6270000e3270000f52700008e280000a9280000ae280000e3280000bb290000d32900005c2a0000
5e2b0000972c0000ae2c00000c2d0000232d0000342e00003d2e0000582e0000652e0000862e0000af2e0000dd2f0000
fc2f0000173000003b30000070300000823000009d300000f43100000d32000084320000a9330000fb3e000062400000
52410000151e0000a41e00002a200000c12000001121000040210000fd2100001a2f0000432f0000a4000000de010000
ab030000b5030000a5040000ad040000a30500000d0600008d060000b1060000d2080000570a0000e90a0000911e0000
712c0000af2c0000ff2c0000262d00007301000021030000fa030000190400009d040000a7040000ba040000f4040000
eb050000ff0600003d07000045070000660700009108000013090000db090000a30a0000500b00004c0f0000b5100000
0111000006110000161500003c150000401700006d170000a3180000bc1800001d1900002a190000f81a0000891b0000
8d1b0000d61b0000381c0000c81c0000151e0000231e0000881e0000a41e0000a81e0000b31e0000f91f00002a200000
c12000001121000040210000c3210000fd210000e82300004d2400009e270000a6270000e3270000f52700008e280000
a9280000ae280000e3280000bb290000d32900005c2a00005e2b0000992c0000162d0000342e00003d2e0000582e0000
652e0000862e0000af2e00001a2f0000432f0000dd2f0000fc2f000070300000f03100000d3200001839000062400000
5241000024000000c2000000b30100008505000002060000671d0000b9010000e10100000002000037020000a0040000
1e050000050600000f060000af090000ce090000a50b00005d0c0000ee150000661d00008d1d0000aa1d00005b1e0000
6d1e0000cb1f00003a220000ba22000044230000a3240000d5240000b12c0000622f0000942f0000170000001d000000
3b00000061000000b4000000c7000000fb0000001b010000ae010000cb01000000020000370200009e020000a6020000
670300007f03000096030000fd03000073040000980400001e0500007a0500007d0500008105000092050000c2050000
c5050000d20500000106000007060000330600006e06000088060000ed0700007c080000e9080000ce0900004a0a0000
5e0a0000070b0000a20b0000a50b0000ba0b00005d0c0000fb0c0000f8110000ee150000211800004e1d00006a1d0000
8d1d0000aa1d00006d1e0000c11e00002e1f0000cb1f00003a220000ba22000044230000a3240000d5240000762a0000
602c0000802c0000a92c0000ec2c0000622f0000942f0000233b0000d13b0000a20e00001e0f00009113000021140000
65170000ba1800009720000044240000a7290000f42d0000632e000062320000a439000050410000bb03000013040000
2d040000ab040000b004000062050000950a0000de0a00001a0b0000590b0000441700006f170000a4180000bd180000
8e1b0000ca1c0000cc210000ea2300004e240000f6270000bf290000d7290000102d0000242d0000592e0000662e0000
b02e0000fd2f0000843000009e300000aa330000fd3e00006340000053410000c220000001220000442f00001a040000
bc040000a70a0000590b0000441700006f170000a4180000bd1800008e1b0000ca1c0000c2200000cc21000001220000
ea2300004e240000f6270000bf290000d7290000172d0000592e0000662e0000b02e0000442f0000fd2f00001a390000
63400000534100009c000000e3000000ab01000049020000d2020000e50200005b030000bb0500000006000085060000
c706000006080000fb090000960b0000b20b0000d30c0000fe0c0000cf0d0000d70d0000f5120000ef1a0000d31b0000
591d0000651d0000b51d0000d41d0000931f0000ae2200002127000025270000bd27000063280000981d0000061f0000
1d20000026000000c3000000b50100008605000003060000681d0000eb000000ab010000d2020000e50200005b030000
c0050000cb090000fb090000960b0000f60c0000cf0d0000d70d0000f5120000ef1a0000d31b0000411d0000981d0000
b51d0000d41d0000061f0000931f00001d2000002127000025270000bd270000632800001301000053030000e0030000
f703000007040000ea040000ba050000d0050000f3060000c10800006b090000990a0000fc0a00008e0b0000370c0000
770c0000ee0c00000e0d00004b0d0000240e0000320e00009e0e0000d30e0000010f0000460f0000490f0000780f0000
d40f0000ec0f0000061000000c1000002a100000581000005d1000008210000074110000f61100000c12000064130000
da1300005314000061140000cb140000f614000040150000ec150000b41700002d190000881b0000fd1c0000121e0000
801e0000cd1e00002c1f00004a1f0000bd1f0000c91f0000382200000c2300003c2300007a230000b6230000be240000
d3240000092500002f250000ac250000ca260000e6260000b5270000d32700005d280000032b0000652b00007e2c0000
432d00005b2d0000652d00007a2d00009a2d0000bd2d0000da2e00007d2f0000922f000081320000ab320000a7350000
623b0000c63b0000e33c00002f400000e5010000a10400001f05000010060000b3090000a60b00005e0c0000ef150000
5c1e0000cc1f00003b220000be22000046230000a4240000d6240000b22c0000632f0000952f0000580d0000db0e0000
050f0000321000001f120000ba120000ec150000681e00005e1f0000c91f0000022000005d200000042100000d220000
382200003c230000d3240000822d00000d2f0000922f0000493e00003f000000bd0000001d010000cd0100006b030000
830300009a03000000040000740400009b0400001f0500007e05000093050000c4050000d3050000080600006f060000
ef0700007d0800004b0a0000600a0000080b0000a60b0000be0b00005e0c0000f9110000ef150000c21e00002f1f0000
cc1f00003b220000be22000046230000a4240000d6240000772a0000612c0000812c0000aa2c0000ed2c0000632f0000
952f0000243b0000d23b00001301000053030000e0030000f7030000070400001504000030040000b5040000ea040000
ba050000d0050000f3060000c10800006b090000990a0000fc0a0000380b00008e0b0000370c0000770c0000ee0c0000
0e0d00004b0d0000240e0000320e0000460e00007a0e00009e0e0000a70e0000d30e0000010f00000e0f00001a0f0000
460f0000490f0000540f0000780f0000d40f0000ec0f0000061000000c1000002a100000581000005d10000082100000
74110000f61100000c1200004a130000641300007c1300009f130000b9130000da1300000a1400001214000053140000
61140000cb140000f614000040150000ec15000073170000b4170000bf1800002d190000881b0000fd1c0000e91d0000
fb1d0000031e0000121e0000271e0000291e00004d1e0000801e0000cd1e00002c1f00004a1f00005e1f0000741f0000
801f0000bd1f0000c91f0000382200000c2300003c2300007a230000b623000051240000be240000d324000009250000
2f250000ac250000ca260000e6260000b5270000d32700005d280000e3290000032b0000652b00007e2c0000122d0000
432d00005b2d0000652d00007a2d00009a2d0000bd2d0000d72d0000f92d0000052e00001f2e0000682e0000da2e0000
ee2e0000f52e00007d2f0000922f0000a2300000153200002232000081320000ab3200000f350000a735000084360000
f63600001f370000623b0000c63b0000e33c0000e13f00002f40000051410000e5010000a1040000ae0400001f050000
10060000b3090000ee0a0000a60b00005e0c0000ef150000e61d0000281e00005c1e0000341f0000631f0000cc1f0000
3b220000be22000046230000a4240000d6240000b22c0000272d0000e52e0000f62e0000632f0000952f0000b9010000
000200003702000005060000ce090000661d00008d1d0000aa1d00006d1e0000eb00000021010000ab010000d9010000
d2020000e50200005b0300008f030000fa030000080400009d040000a7040000c0050000c8050000d505000000060000
0c060000c3060000f6060000cd080000f4080000cb090000fb090000ff0a00000c0b0000960b0000ca0b0000d70c0000
f60c0000540d0000cf0d0000d70d0000080f00000a0f0000ef0f00002f100000f71100001412000030120000ce120000
f5120000f1150000ef1a0000d31b0000411d0000651d0000711d0000941d0000981d0000b51d0000d41d0000d81d0000
e01d0000151e0000231e0000541e0000611e00006f1e0000831e0000901e00009c1e0000d11e0000dc1e0000061f0000
2d1f0000381f00006a1f00006e1f0000931f0000971f00009f1f0000ca1f00001d200000392200004a230000d8240000
2127000025270000bd27000063280000682b0000832c0000ae2c00005e2d00007f2d0000bc2e0000c52e0000cb2e0000
dd2e0000972f0000c93b0000d63b0000543e0000580d0000db0e0000050f0000120f0000321000001f120000ba120000
c4130000ec150000271e0000681e00005e1f0000c91f0000022000005d20000091200000c820000004210000f1210000
0d22000025220000382200003c230000d3240000822d0000092e0000f52e00000d2f00003f2f0000922f000004380000
493e00003f000000bd0000001d010000cd0100006b030000830300009a030000b3030000d1030000000400001f040000
740400009b040000ac040000b8040000fd0400001f0500007e05000093050000c4050000d3050000080600006f060000
ef0700007d0800004b0a0000600a00006d0a0000c20a0000e30a0000080b0000400b0000480b0000a60b0000be0b0000
5e0c0000f9110000ef150000e61d0000281e0000c21e00002f1f0000341f0000631f0000cc1f00003b220000be220000
46230000a4240000d6240000772a0000612c0000812c0000aa2c0000ed2c0000fd2c00001c2d0000252d0000342d0000
e52e0000f62e0000632f0000952f00005e36000087360000243b0000d23b0000170000001d00000061000000c7000000
fb000000ae01000000020000370200009e020000a602000081050000c5050000010600003306000088060000e9080000
ce090000fb0c0000211800004e1d00006a1d00008d1d0000aa1d00006d1e0000eb00000092010000ab010000d9010000
d2020000e50200005b030000f1030000fa0300009d040000a704000022050000c0050000f70500000c060000c3060000
f6060000cd080000f408000073090000cb090000fb0900008f0b0000960b0000b20b0000fe0b0000620c0000d70c0000
f60c0000540d0000cf0d0000d70d0000080f0000770f0000ef0f0000fb0f00002f10000014120000f51200005b140000
f3140000ed15000013160000621a0000671a00009c1a0000ef1a0000d31b0000411d0000981d0000b51d0000d41d0000
231e0000251e0000541e0000711e0000901e00009c1e0000061f0000931f0000b31f0000ce1f00001d2000003d220000
ae220000e2220000242300003f2300009f230000a72300009f240000c8240000d4240000ee240000e125000017260000
2127000025270000bd27000063280000a52c0000ae2c00005e2d00007f2d0000bc2e0000cd2e00005e2f0000872f0000
932f0000ad2f0000233800005e3800006f010000d90100007702000021030000a2030000e6030000030400009d040000
9e040000f4040000e90500000c060000a8060000ec060000ff0600003d0700004507000066070000120800008d080000
cd080000fb08000013090000430c00004c0f0000a7100000b71000000111000006110000161500003c1500001d190000
2a190000f81a0000891b0000d61b0000381c0000231e00008c1e0000901e0000a81e0000b31e0000f91f00000c250000
9e270000a6270000e32700008e280000a9280000ae280000e32800005c2a00005e2b0000972c0000ae2c0000342e0000
3d2e0000862e0000dd2f0000173000003b30000070300000f43100000d32000084320000151e0000a41e00002a200000
11210000402100001a2f0000a4000000de010000ab030000a5040000a30500000d0600008d060000b1060000d2080000
911e0000712c0000af2c00007301000021030000fa0300009d040000a7040000f4040000eb050000ff0600003d070000
45070000660700009108000013090000db0900004c0f0000b51000000111000006110000161500003c1500001d190000
2a190000f81a0000891b0000d61b0000381c0000151e0000231e0000881e0000a41e0000a81e0000b31e0000f91f0000
2a20000011210000402100009e270000a6270000e32700008e280000a9280000ae280000e32800005c2a00005e2b0000
992c0000342e00003d2e0000862e00001a2f0000dd2f000070300000f03100000d3200006f0100007b010000e6030000
fb0300000f0400003a040000c6040000d7040000e905000022070000dc0700008d080000990800008d0a0000bb0a0000
2a0f00009d100000b7100000e5100000f110000064150000e516000085170000e3180000e718000034190000e21a0000
621b0000891b0000cc1b0000f31b0000061c00000f1c00001a1c0000b81c000042200000152200005f2400008c2b0000
972c00000c2d00003f2e00006a2e0000842e0000aa2e00004a300000ad300000d2300000cc3100009933000034410000
9e270000e3270000f52700008e280000ae280000e3280000bb290000dd2f0000fc2f00007a020000cd040000d5040000
25060000fe080000210b0000f81b0000bb2c00002d2d0000d9010000210300009d040000aa040000f404000060050000
0c060000cd08000013090000da0a0000500b0000430c00002a0f0000e5100000f110000064150000e516000085170000
e3180000e718000034190000e21a0000621b0000891b0000cc1b0000061c00000f1c00001a1c0000b81c0000901e0000
42200000152200005f2400000c2500009e270000e3270000f52700008e280000ae280000e3280000bb2900008c2b0000
ae2c0000232d00003f2e00006a2e0000842e0000aa2e0000dd2f0000fc2f0000cc31000084320000fb3e000034410000
4d0200001a060000cb1a00009e0200006703000073040000330600006e060000a20b00000016000021180000031b0000
101b0000771c0000021d0000371d00007e230000e1240000762a0000ec2c0000a02f0000ee000000530100004b020000
570200005d0200007f020000f5030000c0040000c1050000de05000016060000190600001f060000b107000000090000
df090000250b0000f70c00005711000000160000b21a0000ce1a0000031b0000101b0000281c0000771c00009a1c0000
021d0000371d00007e230000e12400008c2c0000b52c0000a02f0000f03b0000e6030000fb030000c6040000be060000
c7060000de060000f806000022070000d30c0000df0c0000a10d0000400e00006b0e00002a0f0000310f0000ed0f0000
421000004e110000341200003e1300006c130000ee13000066160000e3180000f81a0000271b00004e1b0000891b0000
8d1b0000b31b0000d61b0000f31b0000031c0000381c0000c81c0000e81c00002e1d0000a81e0000472500005c2d0000
8b2d0000d12d0000122e0000862e0000af2e00002c3000004a300000d3310000c432000027340000c23f0000d8010000
1d030000a1030000b80300009c040000a9040000f30400005f0500000b060000a6060000fe0600003b07000043070000
65070000cc0800000f090000d90a00004c0b0000410c0000151500003f170000a21800001c1900008e1e0000f51f0000
bf210000e72300000b2500009d270000e2270000f42700008d280000ad280000e2280000ba2900005a2a0000ad2c0000
222d0000332e0000572e0000dc2f0000fb2f0000163000006f3000008030000083320000f93e000061400000cd040000
1907000027070000c01a00004c1b0000c01b00009f1c00007c2e0000a02e00009f000000ac0000007a020000a0030000
b1030000c80300009c040000cd040000d5040000f3040000a2050000250600008606000091060000a2060000b2060000
fe06000019070000270700003b07000043070000650700009b070000fe0800003f0a0000650a0000210b000015150000
3f170000a21800001c190000c01a00004c1b0000c01b0000f81b00009f1c0000f51f0000bf210000e72300009d270000
e2270000f42700008d280000ad280000e2280000ba2900005a2a0000702c0000bb2c0000fb2c00002d2d0000332e0000
572e00007c2e0000a02e0000dc2f0000fb2f0000123000006f300000843300006140000097000000a8010000a9010000
cd020000da020000e002000059030000fe05000080060000f6090000940b0000ad0b0000601d0000ac22000023270000
bb270000612800004e02000085020000e509000023000000c10000008405000015000000180000007f000000ca000000
a90100004d0200004e02000085020000cd020000e0020000590300007b0500001a0600007f070000e5090000f6090000
940b0000cb1a000023270000bb27000061280000a1000000e2000000f10000003301000095010000ac010000ae010000
cb01000027020000d7020000ea020000f5020000110300005c030000990300000404000098040000c4040000cb040000
e7040000f6040000b805000001060000070600008a060000a0060000bf06000097070000ed070000ee0700002c080000
310800003408000055080000bc080000e30800006609000076090000000a0000970a0000970b0000b70b0000240c0000
320c0000740c0000e30c0000b20d0000210e0000d10e0000d20f00004c100000801000005f1300005014000008150000
48150000ea150000b21700003e180000181900006a1d00008b1d0000a81d00006c1e0000c11e00009a1f0000c41f0000
e91f000033220000af220000392300005d230000ab230000d12400000425000071250000c8260000e126000026270000
7d270000be270000d1270000e02700006428000081280000f1280000202900003d2a0000012b0000a92c0000412d0000
bb2d00002f2e0000902f0000d02f0000103000007c3200006b33000067350000603b00002d4000002700000084000000
c4000000ff01000036020000aa0300001d050000870500009c05000083070000a1070000cd090000a40b00005c0c0000
b9220000a22400006a2c0000612f0000ec000000930100004a020000530200006c0200008802000001040000ce040000
1706000017070000b2070000e50700000a09000074090000e2090000e80900001c0b0000b70c0000e20f000058180000
65180000db190000a31a0000c51a00003c1b00007a1b0000ba1b0000e91b0000a31c0000011d0000952b0000512d0000
762e0000972e0000e73b0000160000001c0000003a00000060000000b0000000c5000000ff010000360200009d020000
6603000095030000720400001d050000790500007c0500008005000091050000320600006d060000870600007a080000
cd090000490a00005c0a0000a10b0000a40b00005c0c000020180000b9220000a2240000752a00005f2c0000eb2c0000
612f0000223b00006f0100007b010000e6030000fb0300000f0400003a040000c6040000d7040000e9050000be060000
c7060000de060000f806000022070000dc0700008d080000990800008d0a0000bb0a0000d30c0000df0c0000520d0000
a10d0000f30d0000400e00006b0e0000020f00000b0f00002a0f0000310f00004b0f0000b60f0000ed0f00002e100000
421000009d100000b7100000d3100000e5100000f1100000ff10000004110000211100004e1100001212000034120000
431200003e1300006c130000b3130000ee13000016140000d21400003a1500006415000066160000e516000062170000
85170000b8180000e3180000e71800002919000034190000e21a0000f81a0000271b00004e1b0000621b0000891b0000
8d1b0000b31b0000cc1b0000d61b0000f31b0000031c0000061c00000f1c00001a1c0000381c0000b81c0000c81c0000
e81c00002e1d00009a1e0000a81e00001620000042200000de21000015220000112400005f2400002725000047250000
d527000000280000d3280000e72a00008c2b0000972c00000c2d00005c2d00007e2d00008b2d0000d12d0000022e0000
122e00003c2e00003f2e0000612e00006a2e0000842e0000862e0000aa2e0000af2e00002c3000004a300000ad300000
d23000001a310000cc310000d3310000a3320000c4320000fd3200000833000099330000273400004b3f0000c23f0000
af400000344100007a020000cd040000d5040000250600001907000027070000fe080000210b0000c01a00004c1b0000
c01b0000f81b00009f1c00009d270000e2270000f42700008d280000ad280000e2280000ba290000bb2c00002d2d0000
7c2e0000a02e0000dc2f0000fb2f00004d0200004e020000850200001a060000e5090000cb1a000023270000bb270000
61280000ec000000ee00000053010000930100004a0200004b02000053020000570200005d0200006c0200007f020000
88020000f503000001040000c0040000ce040000c1050000de0500001606000017060000190600001f06000017070000
b1070000b2070000e5070000000900000a09000074090000df090000e2090000e80900001c0b0000250b0000b70c0000
f70c0000640d0000810d0000b20d0000210e0000d10e0000720f0000e20f00004c1000008010000057110000cf120000
5014000051140000ec140000001600003e1800005818000065180000db190000a31a0000b21a0000c51a0000ce1a0000
031b0000101b00003c1b00007a1b0000ba1b0000e91b0000281c0000771c00009a1c0000a31c0000011d0000021d0000
371d0000112300007e230000c1240000e12400002027000022270000382700005c270000aa270000c0270000c8270000
5a2800005b2800005f28000071280000aa28000047290000ad290000c6290000012b0000952b00008c2c0000b52c0000
512d0000bb2d0000762e0000972e0000802f0000a02f0000c02f0000e73b0000f03b0000953e00009d040000f4040000
ff0600003d0700004507000066070000a10d00002a0f0000310f00004210000034120000ee1300001615000066160000
40170000a3180000e31800001d190000f81a0000271b0000891b00008d1b0000b31b0000d61b0000031c0000381c0000
c81c0000e81c00002e1d0000a81e0000f91f0000c3210000e8230000472500009e270000e3270000f52700008e280000
ae280000e3280000bb2900005c2a00008b2d0000122e0000342e0000582e0000862e0000af2e0000dd2f0000fc2f0000
70300000c4320000c23f0000624000009f000000ac000000d80100007a0200001d030000a0030000b1030000c8030000
9c040000a9040000cd040000d5040000f30400005f050000a20500000b060000250600008606000091060000a2060000
b206000019070000270700009b070000cc080000fe0800000f0900003f0a0000650a0000d90a0000210b00004c0b0000
410c0000c01a00004c1b0000c01b0000f81b00009f1c00008e1e00000b2500009d270000e2270000f42700008d280000
ad280000e2280000ba290000702c0000ad2c0000bb2c0000fb2c0000222d00002d2d00007c2e0000a02e0000dc2f0000
fb2f0000123000008332000084330000f93e000015000000180000007f000000ca000000a80100004d0200004e020000
85020000da0200007b050000fe0500001a0600007f070000e5090000ad0b0000cb1a0000601d0000ac22000023270000
bb27000061280000170000001d0000003b00000061000000b4000000c7000000ec00000093010000ae010000cb010000
fb01000000020000040200001d02000037020000390200009e020000f502000011030000670300009603000001040000
7304000098040000c4040000cb0400001e050000240500007a0500007d05000081050000920500000106000007060000
330600006e06000088060000b2070000e5070000ed07000007080000310800007c08000074090000ce090000d0090000
4a0a00005e0a0000900b0000a20b0000a50b0000b70b0000bd0b00001b0c0000240c00005d0c0000650c0000b70c0000
b20d0000210e0000d10e0000e20f00004c100000801000005014000048150000ea15000000160000b217000021180000
3e180000031b0000101b0000771c0000021d0000371d00006a1d00008b1d0000a81d00006c1e0000c11e00009a1f0000
c41f0000332200009e220000af220000ba220000d2220000392300005d2300007e230000ab23000099240000a3240000
d1240000e1240000712500007a250000c8260000e1260000262700007d270000be270000d1270000e027000064280000
81280000f128000020290000762a0000012b0000602c0000a92c0000ec2c0000512d0000bb2d0000582f0000622f0000
902f0000a02f0000d02f00006735000070350000233b00002d400000a1000000e5000000ff000000100100007f010000
ac010000ae010000cb010000d7020000ea020000f5020000110300005c03000099030000dd0300009704000098040000
c4040000cb040000f6040000b7050000bc050000ce05000001060000070600008a060000a00600002c0700005e070000
97070000ed070000ee0700002c0800003108000034080000550800009408000061090000000a0000ae0a0000970b0000
b70b0000240c0000970c0000f90c0000640d0000810d0000720f0000f1110000cf1200004813000051140000ec140000
081500006e1500009a150000b117000011180000441800007418000094180000d0180000181900003919000047190000
631a00006a1d0000c11e0000e91f0000522000002d220000af22000011230000c124000071250000262700007d270000
be270000d1270000e02700006428000081280000f1280000202900003d2a00004b2a0000bc2b0000222c00003b2c0000
7c2c0000a92c00002f2e00004e2e0000802f0000d02f000010300000683000006b33000067350000773b0000a8410000
00020000370200001e050000ce090000a50b00005d0c00005818000065180000db1900003c1b00007a1b0000e91b0000
011d0000ba220000a3240000952b0000972e0000622f00002700000084000000c40000009d02000066030000aa030000
72040000870500009c050000320600006d06000083070000a1070000a10b000020180000752a00006a2c0000eb2c0000
170000001d0000003b00000061000000b4000000c7000000ee00000053010000ac01000000020000370200009a020000
9e020000a6020000d7020000ea0200004b0300005c030000670300007f03000096030000f50300006904000073040000
c4040000cb040000f60400001e0500007a0500007d0500008105000092050000c1050000de0500003106000033060000
640600006e06000088060000b1070000ee070000220800002c08000034080000550800005e0800007c080000ce090000
000a00004a0a00005e0a0000860b0000970b0000a20b0000a50b0000ba0b00005d0c0000f70c0000640d0000810d0000
720f000057110000cf12000051140000ec140000081500006e1500009a150000b1170000071800002118000023180000
4418000058180000651800007418000094180000d0180000181900003919000047190000db190000631a00003c1b0000
7a1b0000e91b0000011d0000e91f0000522000002d220000ba22000011230000a3240000c1240000262700007d270000
be270000d1270000e02700006428000081280000f128000020290000342a00003d2a0000762a00007e2a0000952b0000
bc2b0000222c00003b2c0000602c00008c2c0000e22c0000ec2c00002f2e00004e2e0000972e0000622f0000802f0000
d02f00006b33000074330000233b0000a84100000d0f0000b90f0000b61300002114000065170000ba180000e9210000
1424000003280000042e0000632e00000d330000503f0000b1400000130400003b040000d8040000950a0000bf0a0000
87170000e8180000631b0000ba1c00001922000060240000102d00006b2e0000ab2e0000ae3000009a33000035410000
f6270000bf290000fd2f0000ab04000062050000de0a0000590b000087170000e8180000631b0000ba1c000019220000
60240000f6270000bf290000242d00006b2e0000ab2e0000fd2f0000fd3e000035410000e3000000f9000000bb050000
16070000b7070000b50c0000fe0c00008b0d0000a80d0000e21200005b15000031190000bd1a0000ef1a00001b1b0000
3a1b0000ff1c000025270000bd270000632800004f0200001b060000cc1a0000ab010000e502000000060000b20b0000
8b0d0000a80d0000e21200005b15000031190000ef1a00001b1b00003a1b0000ff1c0000651d0000ae22000025270000
bd27000063280000130100008a010000e00300009a040000ba050000d0050000630700006b090000b30a00001f0d0000
920d0000a60d00009c0e0000230f0000240f0000740f0000780f000012100000381000003d1000005d1100006e110000
f6110000e01200004a130000f41300004b1400005314000061140000b1140000ee140000f61400009d150000b4170000
d2180000e218000049190000341c0000b61c0000291d00005d200000382200000c2300001423000022230000be240000
c32400004625000095250000d3270000502a0000c12b0000242c0000402c00007e2c00006b2d0000862d0000502e0000
7d2f0000822f00006d300000c33200008f3500007c3b0000013d0000aa4100006b030000740400006f060000a60b0000
01160000031d0000381d000080230000e2240000772a0000ed2c0000a12f0000240e0000d30e0000740f000082100000
53140000ee14000014230000c32400003b270000b5270000cd2700005d280000732800004c290000af290000cb290000
032b0000bd2d0000822f0000c22f0000973e0000550100005f02000083020000f8030000c3040000df05000018060000
20060000b3070000e3090000260b00005811000001160000291c00009b1c0000031d0000381d000080230000e2240000
8d2c0000b62c0000a12f0000f13b0000440e00006c0e0000320f00004613000070130000f01300004f1b00008e1b0000
b41b0000ca1c0000ec1c0000d52d0000132e0000b02e0000d431000028340000c33f0000e3000000f900000051010000
9a01000077020000af070000fb0800007b0900008b0d0000391000005b150000e91a0000ef1a0000d31b0000071d0000
b51d00007c2300004f02000086020000e60900001900000080000000cb000000aa0100004f02000086020000ce020000
e10200005a0300007f0500001b06000080070000e6090000f7090000950b0000cc1a000024270000bc27000062280000
cd010000150300009c030000050400009b040000c5040000cc040000e8040000f7040000b905000008060000a1060000
98070000ef0700002d0800003508000056080000bd08000067090000980a0000250c0000330c0000760c0000ea0c0000
230e0000d20e0000d30f00008110000062130000521400000a150000eb150000b317000019190000c21e0000c51f0000
ed1f0000342200003b230000b2230000d22400000725000072250000c9260000e42600007f270000d2270000e1270000
82280000f2280000212900003e2a0000022b0000aa2c0000422d0000bc2d0000302e0000912f0000d12f000011300000
7f3200006c33000068350000613b00002e40000002040000cf04000018060000b3070000e60700000b090000e3090000
1d0b0000b90c0000e30f0000a51a0000c91a00003e1b00007b1b0000bb1b0000ea1b0000a41c0000031d0000962b0000
522d0000772e0000982e0000e83b0000130400003b040000d8040000950a0000bf0a0000440e00006c0e00000c0f0000
320f0000b80f00004613000070130000b5130000f01300001d1400006417000087170000b9180000e81800004f1b0000
631b00008e1b0000b41b0000ba1c0000ca1c0000ec1c0000e521000019220000132400006024000002280000102d0000
d52d0000032e0000132e0000622e00006b2e0000ab2e0000b02e0000ae300000d43100000b3300009a33000028340000
4e3f0000c33f0000b040000035410000e3000000f9000000510100009a01000077020000bb05000016070000af070000
b7070000fb0800007b090000b50c0000fe0c00003c0d00008b0d0000a80d0000cc0d0000d40d00001e0e000025100000
39100000e2120000f21200004d140000591400005b15000031190000bd1a0000e91a0000ef1a00001b1b00003a1b0000
d31b0000ff1c0000071d0000821d0000b51d00000e2300007c23000097270000a72800004f020000860200001b060000
e6090000cc1a000024270000bc27000062280000550100005f02000083020000f803000002040000c3040000cf040000
df0500001806000020060000b3070000e60700000b090000e30900001d0b0000260b0000b90c0000230e0000d20e0000
730f0000e30f0000811000005811000052140000ed14000001160000a51a0000c91a00003e1b00007b1b0000bb1b0000
ea1b0000291c00009b1c0000a41c0000031d0000381d00001323000080230000c2240000e22400003a270000b1270000
cb2700005c2800007228000048290000ae290000c9290000022b0000962b00008d2c0000b62c0000522d0000bc2d0000
772e0000982e0000812f0000a12f0000c12f0000e83b0000f13b0000963e0000320f0000f013000044170000a4180000
8e1b0000b41b0000ca1c0000ec1c0000cc210000ea230000f6270000bf290000132e0000592e0000b02e0000fd2f0000
c33f000063400000ab010000d2020000e50200005b030000fb090000960b00008b0d0000391000005b150000e91a0000
ef1a0000d31b0000071d0000b51d00007c23000025270000bd270000632800001900000080000000cb000000aa010000
4f02000086020000e10200007f050000ff0500001b06000080070000e6090000b00b0000cc1a0000611d0000ad220000
24270000bc270000622800003f000000bd000000cd010000150300006b0300009a03000002040000740400009b040000
c5040000cc0400001f050000250500007e05000093050000080600006f060000b3070000e6070000ef07000035080000
7d0800004b0a0000600a0000910b0000a60b0000be0b00001c0c0000250c00005e0c0000660c0000b90c0000230e0000
d20e0000e30f00008110000052140000eb15000001160000b3170000031d0000381d0000c21e0000c51f000034220000
a9220000be220000d62200003b23000080230000b22300009d240000a4240000d2240000e2240000722500007b250000
c9260000e42600007f270000d2270000e127000082280000f228000021290000772a0000022b0000612c0000aa2c0000
ed2c0000522d0000bc2d00005c2f0000632f0000912f0000a12f0000d12f00006835000071350000243b00002e400000
07040000ea040000ba050000c10800006b090000990a0000370c0000770c0000ee0c00001f0d00001c0e0000240e0000
320e00009c0e0000ce0e0000d30e0000290f00002b0f0000d40f000012100000381000007d100000821000005d110000
6e110000ca1100003f120000e012000064130000ec1300004b1400005314000061140000ec150000b4170000d31a0000
e71a0000881b0000c71b0000191c0000be1c0000c91f0000382200003c230000b6230000d324000009250000ca260000
e6260000d3270000c62a0000032b00000b2b0000872b0000432d00006b2d0000b82d0000bd2d00007f2e0000922f0000
cb310000813200000e340000623b0000f93c00002f4000001201000086010000cd010000150300009c030000df030000
990400009b040000c5040000cc040000f7040000b9050000cf05000008060000a10600006107000098070000ef070000
2d080000350800005608000067090000b10a0000250c0000730f0000f21100004913000052140000ed1400000a150000
9c150000b3170000d11800001919000048190000c21e0000ed1f0000592000003422000013230000c224000072250000
7f270000d2270000e127000082280000f2280000212900003e2a00004c2a0000bd2b0000232c00003e2c00007d2c0000
aa2c0000302e00004f2e0000812f0000d12f0000113000006b3000006c330000683500007a3b0000a94100001f050000
a60b00005e0c00003e1b00007b1b0000ea1b0000031d0000be220000a4240000962b0000982e0000632f00003f000000
bd00000055010000560300006b030000830300009a030000f80300006d04000074040000c5040000cc040000f7040000
1f0500007e05000093050000df050000680600006f060000b3070000ef0700002d08000035080000560800005f080000
7d0800004b0a0000600a0000910b0000a60b0000be0b00005e0c0000730f00005811000052140000ed1400000a150000
9c150000b3170000d118000019190000481900003e1b00007b1b0000ea1b0000031d0000ed1f00005920000034220000
be22000013230000a4240000c22400007f270000d2270000e127000082280000f228000021290000352a00003e2a0000
772a00007f2a0000962b0000bd2b0000232c00003e2c0000612c00008d2c0000e62c0000ed2c0000302e00004f2e0000
982e0000632f0000812f0000d12f00006c33000075330000243b0000a9410000130100008a010000e003000015040000
490400009a04000000050000ba050000d0050000630700006b090000990a0000b30a0000cb0a00001f0d0000920d0000
a60d00009c0e0000a30e0000230f0000240f0000300f00003c0f0000740f0000780f000012100000381000003d100000
5d1100006e110000f6110000e01200004a13000094130000ec130000f4130000f81300004b1400005314000061140000
b1140000ee140000f61400009d15000093170000b4170000d2180000e2180000f418000049190000341c0000b61c0000
291d0000fb1d0000fd1d0000071e0000311e00004a1f00004e1f0000561f00005d20000025220000382200000c230000
142300002223000072240000be240000c32400004625000095250000d3270000502a0000c12b0000242c0000402c0000
7e2c0000122d00006b2d0000862d0000f52d0000112e0000502e00006f2e0000ee2e0000f02e00007d2f0000822f0000
6d300000b530000029320000c3320000083500008f35000074360000293700007c3b0000013d000017410000aa410000
6b03000074040000fd0400006f060000400b0000a60b000001160000031d0000381d0000301e0000771f000080230000
e2240000772a0000ed2c0000342d0000fa2e0000a12f00009e0200003306000021180000031b0000101b0000771c0000
73010000ab010000ae020000d2020000e5020000fa030000eb040000eb05000000060000300600003806000091080000
fb090000440b0000b20b00008b0d0000a10d0000a80d0000080f00002a0f000042100000b51000008611000092110000
34120000e21200005b15000013160000311900008d190000ff190000671a00009c1a0000ef1a00001b1b00003a1b0000
8c1b0000d31b0000031c0000441c0000761c0000d61c0000ff1c0000651d00007e1d0000ad1d0000b51d0000651e0000
731e0000791f0000ae2200009f230000ee24000025270000bd27000063280000992c0000c22c00008b2d0000c92e0000
cf2e0000ad2f0000103c0000333e0000cd010000150300009c030000bd030000050400009b040000ac040000c5040000
cc040000e8040000f704000064050000b905000008060000a106000098070000ef0700002d0800003508000056080000
bd08000067090000980a0000e30a0000670b0000250c0000330c0000760c0000ea0c0000230e0000450e0000790e0000
d20e0000530f0000d30f00008110000049130000621300007813000009140000521400000a150000eb15000049170000
b3170000a518000019190000e81d0000261e00004c1e0000c21e00005d1f00007c1f0000c51f0000ed1f0000da210000
342200003b230000b2230000ec230000d22400000725000072250000c9260000e42600007f270000d2270000e1270000
f727000082280000f228000021290000c42900003e2a0000022b0000aa2c0000252d0000422d0000bc2d0000d62d0000
1e2e0000302e00005a2e0000f42e0000912f0000d12f0000fe2f00001130000086300000133200007f3200006c330000
68350000f4360000613b0000ff3e0000df3f00002e40000064400000a1000000e2000000f10000003301000095010000
ac010000ae01000027020000d7020000ea020000f50200005c030000010600008a060000bf060000e308000076090000
000a0000970b0000b70b0000b20d00004c100000481500003e1800006a1d00008b1d0000a81d00006c1e00009a1f0000
af2200005d23000026270000be2700006428000027000000c4000000ff0100003602000087050000cd09000019000000
4400000080000000cb000000aa0100004f02000086020000ce020000e10200005a03000070030000a4030000f9030000
75040000a6040000200500007f0500008305000094050000ff0500001b06000070060000c2060000f506000080070000
80080000f2080000c9090000e6090000f70900004c0a0000620a0000fe0a0000950b0000a70b0000ab0b00005f0c0000
d60c0000ee0f0000cc1a0000401d0000611d0000d71d0000141e0000531e0000821e0000361f0000961f0000c3220000
a524000024270000bc27000062280000782a0000672b0000622c0000ee2c00005d2d0000bb2e0000dc2e0000642f0000
253b0000c83b00003f000000bd000000cd010000150300006b0300009a030000b3030000d10300000204000074040000
9b040000ac040000c5040000cc040000fd0400001f05000025050000640500007e05000093050000080600006f060000
b3070000e6070000ef070000350800007d0800004b0a0000600a00006d0a0000e30a0000400b0000670b0000910b0000
a60b0000be0b00001c0c0000250c00005e0c0000660c0000b90c0000230e00004c0e0000d20e0000530f0000e30f0000
811000005d1300000914000052140000eb15000001160000b3170000031d0000381d0000e51d0000e61d0000f11d0000
261e0000301e00004c1e0000c21e00002f1f0000341f00003c1f00005d1f0000771f00007c1f0000c51f000034220000
a9220000be220000d62200003b23000080230000b22300009d240000a4240000d2240000e2240000722500007b250000
c9260000e42600007f270000d2270000e1270000f727000082280000f228000021290000c4290000772a0000022b0000
612c0000aa2c0000ed2c0000fd2c0000252d0000342d0000522d0000bc2d0000dd2d00001e2e0000e42e0000e52e0000
f42e0000fa2e00005c2f0000632f0000912f0000a12f0000d12f0000fe2f0000fe34000068350000713500005e360000
243b0000ff3e0000df3f00002e400000170000001d00000061000000c7000000ec00000093010000ae010000fb010000
00020000040200001d02000037020000390200009e020000f50200008105000001060000330600008806000007080000
74090000ce090000d0090000b70b0000b20d00004c10000048150000211800003e180000031b0000101b0000771c0000
6a1d00008b1d0000a81d00006c1e00009a1f0000af2200005d23000026270000be27000064280000e3000000f9000000
16010000510100009a010000d90100007702000021030000a2030000e6030000e8030000030400009d0400009e040000
f4040000bb050000bd050000d10500000c060000a8060000ff060000160700003d070000450700006607000068070000
ae070000af070000b7070000ce070000e807000012080000cd080000fb080000130900007b090000b80a0000430c0000
b50c0000c10c0000fe0c0000280d00003c0d00008b0d0000a80d0000c80d0000cc0d0000d40d00001e0e0000380e0000
9d0e0000cf0e0000090f00004b0f00004c0f0000750f0000e10f0000181000002510000039100000551000007e100000
ba100000cd10000096110000ef110000fb1100002e12000067120000cc120000e2120000f21200004b130000d2130000
4d140000541400005914000067140000ef140000161500005b150000a0150000a2160000b7170000d31800001d190000
311900004a19000065190000bd1a0000e91a0000ef1a00001b1b00003a1b0000891b0000d31b0000ff1c0000071d0000
6f1d0000821d0000941d0000b51d0000c11d0000221e0000231e0000601e00006f1e00008c1e0000901e0000b11e0000
d11e0000dc1e0000511f0000c21f0000f91f00006d200000482200000e230000172300007c230000c42400000c250000
ad250000972700009e270000d4270000e32700008e280000a7280000ae280000e3280000552a00005c2a0000ac2a0000
062b0000582b0000c62b0000252c0000452c00007f2c0000ae2c0000502d0000712d0000972d0000b92d0000342e0000
512e0000c42e0000cb2e0000832f0000dd2f0000173000007030000072300000f43100000b320000843200003f330000
a8350000db360000813b0000db3c0000ab410000a40000004f0200008602000070030000ab03000075040000a5040000
a30500001b060000700600008d060000b10600000908000017080000e6090000ab0b0000cc1a00005c1d0000d71d0000
141e0000591e0000821e0000961f000024270000bc27000062280000782a0000672b0000712c0000ee2c0000c12e0000
dc2e0000240e0000d30e0000540f0000740f0000821000000a14000053140000ee140000fd1d00004e1f000014230000
c32400003b270000b5270000cd270000f1270000312800005d280000732800004c290000af290000cb290000e3290000
032b0000bd2d00001f2e0000f02e0000822f0000c22f0000f82f0000a3380000973e0000550100005f02000083020000
f80300001b040000c3040000d4040000e0040000df0500001806000020060000b3070000e3090000ac0a00001d0b0000
260b00002a0b00005811000001160000291c00009b1c0000031d0000381d0000301e0000771f000080230000e2240000
8d2c0000b62c0000182d00002c2d0000fa2e0000a12f00008e360000f13b0000ee0000004b02000057020000c1050000
1906000000090000f70c0000b21a0000ce1a0000031b0000101b0000771c000073010000ab010000e50200005b030000
8f030000fa0300006f040000f4040000eb050000000600006a060000910800003d090000960b0000b20b0000ca0b0000
8b0d0000a10d0000a80d00002a0f0000750f000042100000b510000034120000e212000054140000ef1400005b150000
ff15000031190000ef1a00001b1b00003a1b0000891b0000031c0000fe1c0000ff1c0000071d00001f1d00003a1d0000
651d0000d81d0000151e0000831e0000971f0000ae220000172300007c23000088230000c4240000e024000022260000
25270000bd27000063280000172a00007b2a0000682b0000992c0000e82c00008b2d0000dd2e0000832f00009f2f0000
4f3600006a38000002040000cf04000018060000b3070000e60700000b090000e30900001d0b0000b90c00004c0e0000
e30f00005d130000a51a0000c91a00003e1b00004b1b0000571b00007b1b0000971b0000bb1b0000ea1b00009b1c0000
a41c0000a81c0000e31c0000031d0000962b0000522d0000dd2d0000772e0000982e00009f2e0000b52e0000ba370000
e83b0000ec000000930100004a020000530200006c020000880200001707000074090000e80900005818000065180000
db190000160000001c00000060000000c5000000ff010000360200009d020000800500003206000087060000cd090000
2018000019000000800000008d000000cb000000aa0100004f02000086020000c9020000ce020000e10200005a030000
a0030000a3030000f90300009c040000a5040000f5040000210500007f0500009b0500001b0600003d060000c2060000
f50600007e0700008007000092070000a207000009080000170800002008000079080000e6090000f70900008b0b0000
950b0000b00b0000fd0b0000600c0000d60c0000ee0f0000121600005a190000661a00009b1a0000cc1a00005c1d0000
591e0000ad220000de2200009e2300009e240000ed240000df25000024270000bc27000062280000692c0000c72c0000
5d2d0000c12e00005d2f0000ac2f00002a33000021380000550100005f02000083020000f8030000020400001b040000
c3040000cf040000d4040000e0040000df0500001806000020060000b3070000e60700000b090000e3090000ac0a0000
1d0b0000260b00002a0b0000b90c0000230e00004c0e0000d20e0000530f0000730f0000e30f00008110000058110000
5d1300000914000052140000ed14000001160000a51a0000c91a00003e1b00004b1b0000571b00007b1b0000971b0000
bb1b0000ea1b0000291c00009b1c0000a41c0000a81c0000e31c0000031d0000381d0000fc1d0000301e00004d1f0000
771f00001323000080230000c2240000e22400003a270000b1270000cb270000f0270000302800005c28000072280000
48290000ae290000c9290000df290000022b0000962b00008d2c0000b62c0000182d00002c2d0000522d0000bc2d0000
dd2d00001e2e0000772e0000982e00009f2e0000b52e0000ef2e0000fa2e0000812f0000a12f0000c12f0000f72f0000
8e360000ba370000a1380000e83b0000f13b0000963e0000ec000000ee000000930100004a0200004b02000053020000
570200006c02000088020000c105000019060000170700000009000074090000e8090000f70c0000640d0000810d0000
b20d00004c100000cf1200003e1800005818000065180000db190000b21a0000ce1a0000031b0000101b0000771c0000
20270000222700005c270000c02700005f280000aa280000ab010000d2020000e50200005b030000fa0300009d040000
22050000c3060000f6060000fb0900008f0b0000960b0000b20b0000fe0b0000620c0000d70c00008b0d0000270e0000
d40e00002a0f0000ef0f00003910000083100000e5100000f1100000561400005b15000013160000e3180000671a0000
9c1a0000e21a0000e91a0000ef1a00003a1b0000461b0000791b0000cc1b0000d31b0000e81b0000531c0000ff1c0000
071d00000b1d0000b51d0000ae220000e22200007c2300009f2300009f240000ee240000e125000025270000bd270000
63280000042b00007d2b0000982b00005e2d0000be2d0000842e0000962e00005e2f0000ad2f0000b337000023380000
19000000800000008d000000cb00000072010000aa0100004f02000086020000c9020000e10200005a0300008b030000
a0030000a3030000f90300006e040000a5040000f3040000f50400007f0500009b050000ea050000ff0500001b060000
3d060000690600007e0700008007000092070000a207000009080000170800002008000079080000900800003b090000
e6090000950b0000b00b0000c60b0000b41000005a190000cc1a00005c1d0000611d0000d71d0000141e0000591e0000
821e0000961f0000ad22000024270000bc27000062280000162a0000792a0000672b0000692c0000982c0000c72c0000
e72c0000c12e0000dc2e00002a3300004d3600006f0100007b010000e6030000fb030000c6040000e905000022070000
dc0700008d080000990800002a0f00009d100000b7100000e5100000f110000064150000e5160000e318000034190000
e21a0000891b0000cc1b0000f31b0000061c00000f1c00001a1c0000422000008c2b0000972c00003f2e0000842e0000
4a300000d2300000cc3100009e270000e32700008e280000ae280000e3280000dd2f00007a020000cd04000025060000
fe080000f81b0000bb2c0000d9010000210300009d040000f40400000c060000cd08000013090000430c00002a0f0000
e5100000f110000064150000e5160000e318000034190000e21a0000891b0000cc1b0000061c00000f1c00001a1c0000
901e0000422000000c2500009e270000e32700008e280000ae280000e32800008c2b0000ae2c00003f2e0000842e0000
dd2f0000cc31000084320000e6030000fb030000c6040000be060000c7060000de060000f806000022070000d30c0000
df0c0000a10d00002a0f0000ed0f0000421000004e1100003412000066160000e3180000f81a0000271b0000891b0000
d61b0000f31b0000031c0000381c00002e1d0000a81e0000472500005c2d00008b2d0000862e00002c3000004a300000
c4320000d80100001d030000a10300009c040000f30400000b060000a6060000fe0600003b0700004307000065070000
cc0800000f090000410c0000151500001c1900008e1e0000f51f00000b2500009d270000e22700008d280000ad280000
e22800005a2a0000ad2c0000332e0000dc2f0000163000006f30000083320000cd0400001907000027070000c01a0000
c01b00007c2e00009f000000ac0000007a020000a00300009c040000cd040000f3040000a20500002506000086060000
91060000a2060000b2060000fe06000019070000270700003b07000043070000650700009b070000fe08000015150000
1c190000c01a0000c01b0000f81b0000f51f00009d270000e22700008d280000ad280000e22800005a2a0000702c0000
bb2c0000332e00007c2e0000dc2f0000123000006f3000006f0100007b010000e6030000fb030000c6040000e9050000
be060000c7060000de060000f806000022070000dc0700008d08000099080000d30c0000df0c0000520d0000a10d0000
f30d0000020f00002a0f00004b0f0000ed0f00002e100000421000009d100000b7100000d3100000e5100000f1100000
ff10000004110000211100004e110000121200003412000043120000d21400003a1500006415000066160000e5160000
e31800002919000034190000e21a0000f81a0000271b0000891b0000cc1b0000d61b0000f31b0000031c0000061c0000
0f1c00001a1c0000381c00002e1d00009a1e0000a81e000016200000422000002725000047250000d5270000d3280000
e72a00008c2b0000972c00005c2d00007e2d00008b2d00003c2e00003f2e0000842e0000862e00002c3000004a300000
d23000001a310000cc310000a3320000c4320000fd3200007a020000cd040000250600001907000027070000fe080000
c01a0000c01b0000f81b00009d270000e22700008d280000ad280000e2280000bb2c00007c2e0000dc2f00009d040000
f4040000ff0600003d0700004507000066070000a10d00002a0f000042100000341200001615000066160000e3180000
1d190000f81a0000271b0000891b0000d61b0000031c0000381c00002e1d0000a81e0000f91f0000472500009e270000
e32700008e280000ae280000e32800005c2a00008b2d0000342e0000862e0000dd2f000070300000c43200009f000000
ac000000d80100007a0200001d030000a00300009c040000cd040000f3040000a20500000b0600002506000086060000
91060000a2060000b206000019070000270700009b070000cc080000fe0800000f090000410c0000c01a0000c01b0000
f81b00008e1e00000b2500009d270000e22700008d280000ad280000e2280000702c0000ad2c0000bb2c00007c2e0000
dc2f0000123000008332000007040000ea040000ba050000c10800006b090000990a0000370c0000770c0000ee0c0000
1f0d00001c0e0000240e0000320e0000460e00007a0e00009c0e0000a30e0000ce0e0000d30e0000290f00002b0f0000
520f0000540f00005e0f0000d40f000012100000381000007d100000821000005d1100006e110000ca1100003f120000
e01200004a130000641300007c13000094130000ec130000061400000a140000121400004b1400005314000061140000
ec150000b4170000d31a0000e71a0000611b00006d1b0000881b0000981b0000c71b0000191c0000b61c0000be1c0000
c21c0000e91d0000271e00004d1e00005e1f0000801f0000c91f0000382200003c230000b6230000d324000009250000
ca260000e6260000d3270000c62a0000032b00000b2b0000872b0000432d00006b2d0000b82d0000bd2d0000d72d0000
f52d00001d2e00001f2e00007f2e0000a92e0000f52e0000922f0000cb310000e831000015320000813200000e340000
5b340000f6360000c4370000623b0000f93c0000e13f00002f4000001201000086010000cd010000150300009c030000
bd030000df0300001404000048040000990400009b040000ac040000c5040000cc040000f7040000ff04000064050000
b9050000cf05000008060000a10600006107000098070000ef0700002d080000350800005608000067090000980a0000
b10a0000c70a0000e30a0000670b0000250c0000730f0000f21100004913000052140000ed1400000a1500009c150000
4917000092170000b3170000a5180000d1180000f31800001919000048190000fc1d0000c21e00004d1f0000ed1f0000
59200000da210000212200003422000013230000ec23000071240000c2240000722500007f270000d2270000e1270000
f727000082280000f228000021290000c42900003e2a00004c2a0000bd2b0000232c00003e2c00007d2c0000aa2c0000
112d0000252d0000302e00004f2e00005a2e00006e2e0000ef2e0000812f0000d12f0000fe2f0000113000006b300000
86300000b33000006c33000068350000723600007a3b0000ff3e00006440000016410000a94100001f050000a60b0000
5e0c00003e1b00007b1b0000971b0000ea1b0000e31c0000031d0000e61d0000341f0000be220000a4240000962b0000
982e0000b52e0000e52e0000632f00003f000000bd00000055010000560300006b030000830300009a030000b3030000
d1030000f80300001b0400006d04000074040000c5040000cc040000f7040000fc040000fd040000080500001f050000
7e05000093050000df050000680600006f060000b3070000ef0700002d08000035080000560800005f0800007d080000
4b0a0000600a00006d0a0000ac0a00003b0b0000400b0000480b0000910b0000a60b0000be0b00005e0c0000730f0000
5811000052140000ed1400000a1500009c1500004917000092170000b3170000a5180000d1180000f318000019190000
481900003e1b00007b1b0000971b0000ea1b0000e31c0000031d0000e61d0000fc1d0000341f00004d1f0000ed1f0000
59200000da2100002122000034220000be22000013230000ec23000071240000a4240000c22400007f270000d2270000
e1270000f727000082280000f228000021290000c4290000352a00003e2a0000772a00007f2a0000962b0000bd2b0000
232c00003e2c0000612c00008d2c0000e62c0000ed2c0000fd2c0000182d0000332d0000342d0000302e00004f2e0000
5a2e00006e2e0000982e0000b52e0000e52e0000ef2e0000632f0000812f0000d12f0000fe2f00006c33000075330000
b43300005e360000243b00006440000016410000a9410000a1000000e5000000ff000000ac010000ae010000d7020000
ea020000f50200005c030000bc050000010600008a0600002c07000094080000000a0000970b0000b70b0000970c0000
f90c0000640d0000810d0000cf1200006e1500001118000044180000741800009418000039190000631a00006a1d0000
af22000026270000be270000642800000002000037020000ce0900005818000065180000db19000027000000c4000000
9d020000870500003206000020180000170000001d00000061000000c7000000ee000000ac0100000002000037020000
9a0200009e020000a6020000d7020000ea0200005c03000081050000c105000031060000330600008806000022080000
ce090000000a0000970b0000f70c0000640d0000810d0000cf1200006e15000007180000211800002318000044180000
5818000065180000741800009418000039190000db190000631a000026270000be27000064280000e3000000f9000000
510100005d0100009a010000d90100007702000021030000a2030000e7030000fb0300000b0400009d040000ee040000
f4040000bb050000dd0500000c060000a8060000ff06000016070000390700003d0700004507000066070000af070000
b7070000bb070000ba080000c6080000cd080000fb08000013090000700900007b0900009a0a00003c0c0000430c0000
7a0c0000b50c0000fe0c0000280d00003c0d00008b0d0000a80d0000b90d0000cc0d0000d40d00001e0e0000270e0000
9d0e0000d40e0000020f0000080f0000450f0000760f0000d50f00001810000025100000391000004b10000050100000
83100000ba100000cd100000401100005a1100008611000092110000e2120000f2120000691300000d14000049140000
4d140000561400005914000097140000f1140000161500005b15000077150000ed150000aa160000b5170000e3180000
ef180000f01800001d190000311900003c1900005519000068190000731900007e190000971900001a1a00008c1a0000
bd1a0000e91a0000ef1a00001b1b00003a1b0000d31b0000ff1c0000071d00007e1d0000821d0000b51d0000651e0000
901e0000ce1f0000f91f00004e2000003d2200000e230000282300003f2300007c230000c6230000bf240000d4240000
0c2500000e25000050250000fa250000cb260000eb260000972700009e270000d4270000e32700008e280000a7280000
ae280000e32800005c2a0000042b0000ba2b00008b2c0000ae2c0000442d0000712d0000922d0000be2d0000342e0000
432e0000c92e00007e2f0000932f0000dd2f00001730000052300000703000008432000086320000ce320000ce330000
b234000040380000633b00001e3d000030400000a40000004f02000086020000c9020000ab030000f504000020050000
a30500001b0600003d0600008d060000b106000020080000e6090000a70b00005f0c0000121600005a190000661a0000
9b1a0000cc1a0000c32200009e230000a5240000ed24000024270000bc27000062280000712c0000c72c0000642f0000
ac2f0000ab010000d2020000e50200005b030000fa030000a704000000060000c3060000f6060000f4080000cb090000
fb090000ff0a0000960b0000d70c00008b0d0000c80d00002a0f00004c0f0000ef0f00003910000055100000e5100000
f1100000961100005b150000e61800003119000065190000a8190000da1900003a1a0000e21a0000e91a0000ef1a0000
131b00001b1b0000cc1b0000d31b0000da1b0000e51c0000071d0000411d0000651d0000b51d0000d81d0000151e0000
541e0000831e0000381f0000971f00007c23000025270000bd27000063280000682b00005e2d0000972d0000842e0000
8a2e0000bc2e0000dd2e0000c93b0000043e0000190000004400000080000000cb00000072010000aa0100004f020000
86020000ad020000ce020000e102000070030000a4030000f903000075040000e9040000200500007f05000083050000
94050000ea050000ff0500001b0600002f0600003706000070060000800700008008000090080000e6090000f7090000
4c0a0000620a0000420b0000a70b0000ab0b0000b00b00005f0c0000b4100000121600008b190000fe190000661a0000
9b1a0000cc1a0000611d0000ad220000c32200009e230000a5240000ed24000024270000bc27000062280000782a0000
622c0000982c0000c12c0000ee2c0000642f0000ac2f0000253b00000e3c00008a01000053030000f703000061040000
9a040000530500006b0900008f090000cb0a0000380b00008e0b0000fb0b00000e0d0000a60d00009e0e0000a70e0000
d00e0000db0e0000290f00002b0f0000440f0000061000000c10000074110000d61100000c1200001b1200001f120000
3f120000ba120000e0120000ea1200009f130000f813000010160000f5160000b4170000e2180000d31a0000611b0000
c71b00002d1c00004e1c0000b61c0000fd1c0000741f0000801f0000022000001020000091200000a320000004210000
6c210000f1210000f92100007a230000b62300005a2400008a240000d52500003b270000cd270000f12700005d280000
732800004c290000af2900007c2b0000d92b0000652d0000f92d00007f2e0000a92e00000d2f00003f2f0000c22f0000
f82f0000233500004b3500009c36000040370000a0370000ae3700001738000009390000b5390000ec3e0000f9400000
37410000fd0200001a0500002c05000048060000500600005f0b0000cd1600007d1b00003d1c00006e1c00003a200000
cd200000132100001c220000ce2c00003b2d00001c2f0000492f0000ed0200004b06000025150000f01a0000fd1a0000
6f1c0000eb00000092010000ab010000210300005b030000f10300006f040000c0050000f7050000000600006a060000
450700001309000073090000630b0000960b0000f60c00003e0d00005b0d00008b0d0000a80d0000d80e0000280f0000
fb0f000039100000461000007511000082110000bd120000e2120000161500005b1500007b1500007f150000ff150000
271600002517000047170000ba170000f117000031190000e91a0000f81a00001b1b0000d01b0000061c0000381c0000
cb1c0000071d00003a1d0000651d00001220000042200000092100001e2200007c230000be230000e0240000fa240000
7b2a0000a52c0000e82c00008f2d0000122f00009f2f0000b92f00002f3c0000273e00007d0000005f02000083030000
9c030000c6030000e4030000a4040000c3040000cf040000d4040000e8040000ed0400006a050000b905000018060000
200600007d0700009107000076080000a00800000b0900002d09000034090000e3090000530a00001d0b0000480b0000
8a0b0000910b0000be0b0000070c0000ea0c0000de0d0000910e00006c0f0000820f00005c100000621000007e120000
7813000028140000d8160000a51a00004b1b0000bb1b0000291c00009b1c0000111e0000281f00003c1f000059200000
f020000021220000342200005a220000a2220000d6220000da230000f2230000d8250000062600003a27000045270000
cb270000e5270000f0270000fb2700005c280000672800007228000076280000482900004f290000ae290000da290000
122a0000202a0000b62c00002c2d00009d2d00002a2e0000772e00009f2e0000c12f0000c52f0000f72f000002300000
29330000823300000c3600003f360000463600001a3800004c38000072390000063f0000fe3f00006540000068400000
1a00000082000000e200000015010000f9010000fb0100004b0200005302000088020000a60200005e03000060030000
bc0500001906000081070000e8090000990b00009b0b0000c30b0000d90d00005f1000004215000044180000ce1a0000
43220000b32200003e2300002227000028270000c0270000c22700005f280000682800002b000000c8000000b0010000
e70100008b050000b509000019000000800000009f000000ac000000cb000000ea00000091010000b5010000d8010000
ce020000d5020000e1020000e802000086030000a3030000f00300007904000021050000230500007f0500009b050000
bf050000f605000003060000740600008606000091060000fe06000080070000a2070000cc08000072090000f7090000
fe090000500a0000690a0000e00a0000b00b0000b30b0000c10b0000600c0000630c0000f50c0000fa0f0000681d0000
971d0000051f0000f51f00001c20000064200000b220000022210000d42100003f220000ad220000d92200009e240000
a92400007c2a0000392b0000692c0000a42c0000f22c00002b2f00005d2f0000682f0000283b0000a93b0000bd000000
5f020000fd020000830300009f030000db0300000a040000710400007c040000a4040000c3040000cf040000d4040000
1a0500002c0500006a0500007e05000018060000200600004806000050060000ef07000068080000c4080000d9080000
dd0800000b0900004e0900006e090000b3090000e30900006d0a00001d0b0000480b00005f0b0000be0b0000070c0000
810c0000de0d0000500e00006c0f0000820f0000d70f00005c100000621000007313000028140000cd160000d8160000
a51a00004b1b00007d1b0000bb1b0000291c00003d1c00006e1c00009b1c0000111e0000d51f0000ed1f00003a200000
592000007420000081200000cd200000f0200000f82000001321000060210000d2210000da2100001c22000021220000
342200005a220000d8250000062600003a27000045270000cb270000e5270000f0270000fb2700005c28000067280000
7228000076280000482900004f290000ae290000da290000b62c0000ce2c00002c2d00003b2d0000462d00009d2d0000
e12d00002a2e0000772e00009f2e0000012f00001c2f0000342f0000492f0000c12f0000c52f0000f72f000002300000
1b3500003f350000fe3500001a3800004c380000ee380000063f0000fe3f00001700000042000000f300000097010000
ac010000b1010000ce010000e80100004b0200005302000088020000a6020000ed02000081050000190600004b060000
f007000078090000b6090000e8090000c30b0000d90d00005f100000251500004215000044180000ce1a0000f01a0000
fd1a00006f1c000043220000b32200003e2300002227000028270000c0270000c22700005f280000682800009c000000
e300000016010000510100007b010000ab01000049020000d2020000e50200005b03000063030000e70300006f040000
c604000022050000bb050000bd050000dd050000000600006a06000085060000c7060000ae070000af070000c4070000
060800005808000099080000fb0900004f0a0000c40a0000960b00009e0b0000b20b0000620c0000c10c0000d30c0000
fe0c0000050d0000320d0000520d0000cc0d0000cf0d0000d40d0000d70d0000ef0d0000380e00009b0e0000760f0000
770f0000051000001f1000005e10000068100000d31000005a110000a81100001212000091120000cc120000f2120000
f51200001b1300004e130000b8130000591400005b14000067140000f1140000f3140000431500009f16000068190000
ef1a00003a1b0000791b0000d31b0000e81b0000ff1c0000591d0000651d00006f1d0000b51d0000d11d0000d41d0000
e01d0000901f0000931f00009f1f0000162000004e200000f42100003d2200006d220000ae2200000e23000024230000
3f2300009f240000bf240000c8240000a22500001f27000021270000252700007b270000bd270000c5270000d5270000
d6270000df2700005e28000063280000802800009a280000f028000023290000372a00007b2a0000922a0000982b0000
272c0000292c0000512c00008b2c0000e82c0000772d0000a32d0000962e00005e2f00007e2f0000872f0000cf2f0000
e72f0000343300006e3300009c35000054390000273b00008d3b0000bd3c0000ac410000ad41000026000000c3000000
b5010000ea01000086030000a90300007904000086050000aa0500000306000074060000f207000000080000b8090000
c10b0000681d0000971d0000051f0000f01f00001c20000064200000b2200000fd200000222100003f2200007c2a0000
392b0000772c0000f22c0000062f00002b2f0000df0d0000db0e00006e0f0000830f00005d100000631000001f120000
ba12000029140000d9160000022000009120000004210000f1210000b5270000d3270000492800005d2800002a290000
64290000e32900009e2d00002b2e00000d2f00003f2f00007d380000053b00001d01000083020000000400001f040000
cc040000e6040000c4050000d3050000e3090000ef090000c20a00002a0b0000f91100007d1b0000211c00003d1c0000
6e1c00003a200000cd200000132100001c220000812c00001c2d00001c2f0000492f00009c37000023390000fb000000
57020000c5050000e8090000fb0c0000a61a0000f01a0000fd1a00006f1c0000eb00000092010000e50200008f030000
f103000022050000c0050000f705000073090000cb090000260a0000ca0b0000f60c00008b0d0000a80d0000cf0d0000
d70d0000280f0000770f0000fb0f00003910000046100000e2120000f51200005b140000f3140000da190000e91a0000
ef1a0000131b0000791b0000d01b0000fe1c0000141d0000411d0000981d0000061f00001d20000065200000b3200000
23210000402200002423000088230000c824000090260000f92900003a2b0000a52c00008f2d00002c2f0000872f0000
df380000d73a00000a040000c504000018060000c4080000030900006e090000810c0000500e0000d70f000073130000
03160000ea1600001d170000c91a00001f1b00005d1b0000a01b0000de1b00005a1c0000a81c0000ef1c0000462d0000
e12d00008c2e0000b92e000028360000303a0000f3000000970100004a0200006002000019060000780900005c150000
691500001e1700001600000041000000b0010000e7010000ec020000800500004a060000b50900002415000019000000
440000008d000000ea00000091010000aa010000b5010000ea010000ad020000e802000018030000a3030000f0030000
6e040000790400002305000083050000bf050000f60500002f06000049060000550600007e0700008b070000f2070000
00080000380800005709000072090000b80900008b0b0000df0b0000f50c0000fa0f0000271500007a1500007e150000
261600009316000024170000b9170000f0170000f01f0000fd200000de220000bd230000f924000046260000a42c0000
d32c0000062f0000b82f0000233300008d3a00001d01000083020000000400000a0400001f040000c5040000cc040000
e6040000c4050000d305000018060000c4080000030900006e090000e3090000ef090000c20a00002a0b0000810c0000
de0d0000500e0000da0e00006c0f0000820f0000d70f00005c10000062100000f91100001e120000b912000073130000
2814000003160000d8160000ea1600001d170000c91a00001f1b00005d1b00007d1b0000a01b0000de1b0000211c0000
3d1c00005a1c00006e1c0000a81c0000ef1c0000012000003a20000090200000cd2000000321000013210000f0210000
1c220000b1270000d2270000482800005c2800002929000062290000df290000812c00001c2d0000462d00009d2d0000
e12d00002a2e00008c2e0000b92e00000c2f00001c2f00003e2f0000492f0000283600009c3700007c38000023390000
303a0000033b0000f3000000fb000000970100004a0200005702000060020000c50500001906000078090000e8090000
fb0c00003d0d00005a0d0000d90d00005f100000bc120000421500005c150000691500001e170000a61a0000f01a0000
fd1a00006f1c0000202700003d2700005f280000eb00000092010000ab010000ae020000f10300006f040000c0050000
f705000030060000730900008f0b0000e00b0000f60c00003e0d00008b0d0000a80d0000340e0000d80e0000280f0000
fb0f000026100000391000004610000087100000e2120000631400005b1500007b1500007f150000ff15000027160000
25170000ba170000f1170000e91a0000461b0000d01b0000761c00008b1c00000b1d0000851d0000ad1d0000e2220000
be230000fa24000048260000082b0000722b0000a52c00008f2d0000c22d0000b92f0000293a00008f3a000019000000
440000008d000000ea00000091010000b5010000ea010000e1020000e8020000180300008b030000a3030000f0030000
79040000210500002305000083050000bf050000f605000049060000550600007e0700008b070000f207000000080000
380800005709000072090000b8090000c9090000240a0000c60b0000f50c0000fa0f00002715000093160000401d0000
971d0000051f0000f01f00001c20000064200000b2200000fd200000222100003f220000f8290000392b0000a42c0000
d32c0000062f00002b2f000023330000dd380000e3000000f9000000510100009a01000077020000e703000003040000
bb050000dd05000016070000af070000b7070000e8070000fb0800007b0900001f0b0000b50c0000fe0c00008b0d0000
a80d0000280f0000e10f000039100000461000005a110000e21200005b150000ff15000031190000bd1a0000e91a0000
ef1a00001b1b00003a1b0000791b0000d01b0000d31b0000e81b00009d1c0000ff1c0000071d00003a1d0000b51d0000
7c230000e0240000982b00008b2c0000502d00008f2d0000962e00009f2f0000ea3b000025270000bd270000df270000
632800009a280000e72f00004f02000086020000ca0400001b06000029060000e6090000cc1a0000c41b0000bf2c0000
ab010000d2020000e50200005b0300006f04000022050000000600006a060000fb090000960b0000b20b0000620c0000
8b0d0000a80d0000280f00003910000046100000e21200005b150000ff15000031190000e91a0000ef1a00001b1b0000
3a1b0000791b0000d01b0000d31b0000e81b0000ff1c0000071d00003a1d0000651d0000b51d0000ae2200007c230000
9f240000e024000025270000bd270000df270000632800009a2800007b2a0000982b0000e82c00008f2d0000962e0000
5e2f00009f2f0000e72f000098000000aa010000ce020000e10200005a0300006e04000021050000ff05000069060000
83060000f70900004d0a0000950b0000b00b0000600c0000611d0000ad2200009e24000024270000bc270000de270000
6228000099280000792a0000e72c00005d2f0000e62f0000263b00001900000080000000cb000000aa0100004f020000
86020000ce020000e10200005a030000a30300006e040000ca040000210500007f0500009b050000ff0500001b060000
290600006906000080070000a2070000e6090000f7090000950b0000b00b0000600c0000cc1a0000c41b0000611d0000
ad2200009e24000024270000bc270000de2700006228000099280000792a0000692c0000bf2c0000e72c00005d2f0000
e62f0000e3000000f9000000510100009a01000077020000e703000003040000bb050000dd05000016070000af070000
b7070000e8070000fb0800007b0900001f0b0000b50c0000fe0c00003c0d00008b0d0000a80d0000cc0d0000d40d0000
1e0e0000cf0e0000280f0000760f0000e10f00002510000039100000461000007e1000005a110000e2120000f2120000
4d14000059140000f11400005b150000ff15000031190000bd1a0000e91a0000ef1a00001b1b00003a1b0000791b0000
d01b0000d31b0000e81b00009d1c0000ff1c0000071d00003a1d0000821d0000b51d00000e2300007c230000bf240000
e024000097270000a7280000b2290000062b0000982b00008b2c0000502d00008f2d0000b92d0000962e00007e2f0000
9f2f0000ea3b0000993e00004f02000086020000ca0400001b06000029060000e6090000cc1a0000c41b000024270000
bc270000de2700006228000099280000bf2c0000e62f00008a01000053030000f7030000610400009a04000053050000
6b0900008f090000cb0a0000380b00008e0b0000fb0b0000db0e0000d61100001f120000ba12000010160000f5160000
b4170000801f0000022000009120000004210000f1210000b62300008a240000d52500003b270000cd270000f1270000
5d280000732800004c290000af290000d92b00000d2f00003f2f0000c22f0000f82f00009c3600004037000017380000
09390000ec3e0000f9400000fd0200001a0500002c05000048060000500600005f0b0000cd160000ce2c00003b2d0000
db0e00001f120000ba12000010160000f5160000b4170000801f0000022000009120000004210000f1210000b6230000
8a2400003b270000cd270000f12700005d280000732800004c290000af290000d92b00000d2f00003f2f0000c22f0000
f82f000040370000f9400000ed0200004b060000251500007b1500007f1500002716000025170000ba170000f1170000
be230000fa240000b92f0000eb00000092010000ab010000210300005b030000f10300006f040000c0050000f7050000
000600006a060000450700001309000073090000630b0000960b0000f60c0000fb0f0000161500007b1500007f150000
271600002517000047170000ba170000f1170000651d0000be230000fa2400007b2a0000a52c0000e82c0000b92f0000
2f3c0000e5030000ea040000ba050000a1080000310900008e0b0000ee0c0000df0d0000920e00006e0f0000830f0000
5d10000063100000801200007c13000029140000d9160000121e00002c1f00005d200000f12000002522000038220000
5c220000a6220000db230000072600003b270000cd270000f12700005d280000732800004c290000af290000142a0000
9e2d00002b2e0000c22f0000f82f00000d360000433600004d3800007439000000400000674000007d0000005f020000
830300009c030000c6030000a4040000c3040000cf040000d4040000ed0400006a05000018060000200600007d070000
91070000760800000b09000034090000e3090000530a00001d0b0000480b0000910b0000be0b0000070c0000a51a0000
4b1b0000bb1b0000291c00009b1c00003c1f0000d6220000f2230000d825000045270000e5270000fb27000067280000
762800004f290000da290000202a0000b62c00002c2d0000772e00009f2e0000c52f0000023000002933000082330000
463600001a380000063f0000684000007c040000dd080000b3090000d51f000074200000f8200000d2210000012f0000
342f0000bd000000fd0200009f030000db0300007c040000cf040000ed0400001a0500002c0500007e05000048060000
5006000068080000dd0800000b090000340900004e090000b3090000e30900006d0a00005f0b0000910b0000cd160000
a51a00004b1b0000bb1b00009b1c00003c1f0000d51f000074200000f8200000d2210000d6220000f223000045270000
e5270000fb27000067280000762800004f290000da290000202a0000ce2c00003b2d0000772e00009f2e0000012f0000
342f0000c52f000002300000fe35000046360000ee380000684000001a00000082000000fb0100004b02000053020000
88020000a6020000600300001906000081070000e80900009b0b0000c30b0000ce1a0000b322000028270000c2270000
68280000b1010000e8010000b60900002b000000c80000008b0500001700000042000000b1010000e8010000fb010000
5302000088020000ed02000060030000810500004b060000b6090000e80900009b0b00002515000028270000c2270000
682800009c000000f90000006f0100009a010000ab01000049020000c6020000d2020000e50200005b03000003040000
6f040000c604000022050000000600006a06000085060000be060000b7070000e80700001d0800008d0800007b090000
fb0900004f0a00009d0a0000930b0000960b0000b20b00001e0c0000620c0000b50c0000df0c00003e0d0000340e0000
d80e0000e10f0000261000008710000075130000631400005b150000ff15000031190000621a00006b1a00001b1b0000
071d00003a1d0000651d0000851d0000ae220000b62200007c2300009b230000a72300009f240000e024000074250000
cf260000f72600002127000025270000bd270000d6270000df270000632800009a2800007b2a0000082b0000e82c0000
502d0000c22d00005e2f00009f2f0000e72f00006a350000273b0000663b00003240000026000000c3000000d5020000
e8020000a90300002305000086050000aa050000fe090000b30b0000630c0000d9220000a9240000772c0000682f0000
eb00000092010000d9010000d2020000e5020000f103000022050000c0050000f7050000ff060000cd08000073090000
fb090000e10a0000b20b0000620c0000f60c0000fb0f0000981d0000061f0000f91f00001d20000065200000b3200000
23210000d621000040220000ae2200009f2400003a2b0000a52c00002c2f00005e2f0000aa3b00001900000080000000
9f000000ac000000cb000000b5010000d5020000e802000086030000a303000079040000230500007f0500009b050000
0306000074060000860600009106000080070000a2070000fe090000500a0000690a0000b30b0000c10b0000630c0000
681d0000d9220000a92400007c2a0000692c0000f22c0000682f0000283b00008a01000053030000e5030000f7030000
610400009a040000ea04000053050000ba050000a1080000310900006b0900008f090000cb0a0000380b00008e0b0000
fb0b0000ee0c0000920d0000df0d0000320e0000920e0000db0e0000070f0000230f00002b0f0000300f0000460f0000
6e0f0000830f0000c50f0000381000003d1000005d10000063100000d61100001f1200003f1200006012000080120000
ba120000e01200007c130000ec13000012140000291400004b140000611400009f14000010160000d9160000f5160000
b4170000d31a0000611b0000c71b0000341c0000b61c0000121e00002c1f0000561f0000801f0000022000005d200000
91200000f120000004210000f121000025220000382200005c220000a622000022230000b6230000db23000020240000
8a240000d5250000f3250000072600003b27000079270000cd270000d0270000f1270000192800005d28000073280000
ee28000007290000402900004c290000af290000b7290000142a0000b42a0000d92b0000862d00009e2d0000112e0000
2b2e00007f2e0000a92e00000d2f00003f2f0000c22f0000f82f0000d7350000ee3500000d360000433600009c360000
d43600004037000017380000393800004d3800000939000074390000ec3e0000613f00000040000067400000b5400000
f9400000fd0200007c0400001a0500002c0500004806000050060000dd080000b30900005f0b0000cd160000d51f0000
74200000f8200000d221000045270000e5270000fb27000067280000762800004f290000da290000ce2c00003b2d0000
012f0000342f0000c52f000002300000b1010000e8010000ed0200004b060000b60900002515000028270000c2270000
68280000eb00000092010000ab010000d9010000d2020000e5020000210300005b030000f10300006f04000022050000
c0050000f7050000000600006a060000ff06000045070000cd0800001309000073090000fb090000e10a0000630b0000
960b0000b20b0000620c0000f60c00003e0d0000cf0d0000d70d0000340e0000d80e0000770f0000fb0f000026100000
87100000f51200005b14000063140000f3140000161500007b1500007f150000271600002517000047170000ba170000
f1170000651d0000851d0000981d0000061f0000f91f00001d20000065200000b320000023210000d621000040220000
ae22000024230000be2300009f240000c8240000fa240000212700007b2700009a270000a6270000c5270000d6270000
5e28000080280000a9280000b2280000f028000023290000b4290000dc2900007b2a0000082b00003a2b0000a52c0000
e82c0000c22d00002c2f00005e2f0000872f0000b92f0000cf2f0000aa3b00002f3c00009a3e0000df0d00006e0f0000
830f00005d1000006310000029140000d9160000121e00005d200000f120000025220000382200005c22000007260000
3b270000cd270000f12700005d280000732800004c290000af2900009e2d00002b2e0000c22f0000f82f00004d380000
00400000bd0000005f020000fd020000830300009f030000db0300007c040000a4040000c3040000d40400001a050000
2c0500006a0500007e0500001806000020060000480600005006000068080000dd0800004e090000b30900006d0a0000
1d0b0000480b00005f0b0000be0b0000070c0000cd160000291c0000d51f000074200000f8200000d2210000d8250000
45270000e5270000fb27000067280000762800004f290000da290000b62c0000ce2c00002c2d00003b2d0000012f0000
342f0000c52f000002300000fe3500001a380000ee380000063f00001700000042000000b1010000e80100004b020000
a6020000ed02000081050000190600004b060000b6090000c30b000025150000ce1a0000b322000028270000c2270000
68280000eb00000092010000ab010000ae020000d2020000e50200005b030000f10300006f04000022050000c0050000
f705000000060000300600006a06000073090000fb0900008f0b0000960b0000b20b0000e00b0000620c0000f60c0000
3e0d0000340e0000d80e0000fb0f00002610000087100000631400005b1500007b1500007f150000ff15000027160000
25170000ba170000f117000031190000621a00006b1a00001b1b0000071d00003a1d0000651d0000851d0000ae220000
e22200007c2300009b230000a7230000be2300009f240000e0240000fa24000048260000cf260000f726000021270000
25270000bd270000d6270000df270000632800009a2800007b2a0000082b0000a52c0000e82c0000c22d00005e2f0000
9f2f0000b92f0000e72f00008f3a0000324000009c000000e3000000510100007b010000ab01000049020000d2020000
e50200005b03000063030000e70300006f040000c604000022050000bb050000dd050000000600006a06000085060000
c7060000af070000060800005808000099080000fb0900004f0a0000c40a0000960b00009e0b0000b20b0000620c0000
d30c0000fe0c0000cf0d0000d70d0000770f00005a110000f51200004e1300005b140000f3140000ef1a00003a1b0000
791b0000d31b0000e81b0000ff1c0000591d0000651d0000b51d0000d41d0000e01d0000931f00009f1f0000ae220000
242300009f240000c82400002127000025270000bd270000d6270000df270000632800009a280000372a00007b2a0000
982b0000292c0000512c00008b2c0000e82c0000962e00005e2f0000872f0000e72f00006e330000273b00008d3b0000
ad410000981d0000061f00001d20000065200000b320000023210000402200003a2b00002c2f000026000000c3000000
b501000086030000a90300007904000086050000aa0500000306000074060000c10b0000681d00007c2a0000772c0000
f22c0000eb00000092010000ab010000d2020000e50200005b0300008f030000f10300006f04000022050000c0050000
f7050000000600006a06000073090000cb090000fb090000260a0000960b0000b20b0000ca0b0000620c0000f60c0000
cf0d0000d70d0000770f0000fb0f0000f51200005b140000f3140000ef1a00003a1b0000791b0000d31b0000e81b0000
ff1c0000411d0000651d0000981d0000b51d0000d41d0000e01d0000061f0000931f00009f1f00001d20000065200000
b32000002321000040220000ae220000242300009f240000c82400002127000025270000bd270000d6270000df270000
632800009a280000f92900007b2a00003a2b0000982b0000292c0000512c0000a52c0000e82c0000962e00002c2f0000
5e2f0000872f0000e72f0000df380000ad410000f1030000290400006f0400007f040000ea0600000b0700005a0e0000
d80e0000e10e0000280f0000360f0000a9100000dd100000ed100000ff15000004160000271600002916000069160000
7b160000671b0000a11b0000ff1b0000131c00007720000095200000302100003d210000393000004230000099300000
a6300000ed300000f5300000373100005831000062310000853100008b310000ac310000b4310000de310000eb310000
573200005f320000483c0000613c0000643d00007e3d0000e03d0000ed3d0000a3030000ba030000bf030000f0030000
28040000790400008204000021050000230500002e05000030050000a9060000ab060000e90600000c07000053070000
56070000590e0000a8100000ad150000b1150000511600005316000078200000b2200000b42000003121000044210000
1830000038300000433000005c3000005f300000833000008830000098300000a9300000b9300000bc30000036310000
993100009d310000413200005832000068320000363c0000473c0000683c0000853c0000893c0000693e00009e000000
dd01000090060000c10600004007000042070000d10800003e0a0000e80a0000d50c000052130000141500001a150000
3e1700004e170000282000003e210000fb210000ab000000710100001c0300002303000082060000010700008f080000
0e09000015090000640a0000a10a00004b0b0000520b0000fb1f0000282000003e210000c5210000fb21000020000000
5b00000069000000ed00000035010000b6010000c3010000f0020000f202000004030000060300008206000090060000
c10600000107000040070000420700008f080000d10800000e090000150900003e0a0000640a0000a10a0000e80a0000
4b0b0000520b0000990c000052130000fc140000001500003e1700004e170000de1f00001f200000202000003e210000
c5210000fb2100001b3b00006a3b0000b13b0000173c00001e3c0000613e00009d0000007c010000dc01000029020000
9e030000af030000eb030000010400001c0400007b04000091040000ec040000130500001605000045050000a0050000
ec05000095060000ae060000c4060000df060000480700004a0700004c070000500700009a080000d0080000e5080000
c20900003d0a0000bc0a0000e50a0000f90a0000390c0000d80c00007a0d0000670e0000d10e0000470f0000aa0f0000
af100000d5100000de1000004b1100002412000055130000d4130000cd14000017150000191500005115000052150000
b3150000c01500000e1600001416000034160000441600008d160000dd160000de16000004170000411700004b170000
791700007d170000e0170000e6170000172000002b20000088200000af200000b82000000a2100002721000041210000
4221000077210000df210000fe2100001425000029250000582500005a2500006e2c00009a2c0000f92c0000192d0000
132f0000362f00002d3000005530000059300000303200003f3200008c320000a5320000d6320000d832000022340000
813400004c35000010390000cf390000db3e00003e3f0000753f0000853f0000a8000000740100002203000026030000
96030000d4030000f2030000fd0300003604000073040000980400001e05000024050000280500003405000057060000
8806000099060000c8060000d5060000040700000e0700002e07000060070000d9070000440800009208000014090000
180900005a0900005e0a0000a40a0000510b0000550b0000dc0c0000530d0000840e0000d90e0000f50e0000030f0000
9e100000f510000023110000131200009a120000c612000061130000ba130000ea150000ee1500004d16000055160000
6e1600006f160000801600008416000017180000371800008018000082180000071a00001c1a00004b1a00004d1a0000
fa1f00002b20000070200000af200000b8200000ff20000032210000412100004221000077210000c4210000fe210000
ed23000005240000772400007c2400005f2a0000e22a0000ec2b0000f32b0000d52c0000372d0000082f0000302f0000
09300000223000006a300000d33000001c3100007d3100009031000094310000373200003f32000094330000b6330000
4c350000e7380000633900009239000056400000b9400000f04000000041000078010000780200000904000053040000
c4040000d10400002306000096080000fc080000a9090000b00a0000170b00009410000065150000021600000a160000
e61600002117000089170000f61b0000101c0000b92c0000292d0000c8300000c3310000f8380000e5390000fd030000
cb040000c8060000d50600001b07000025070000dc0c0000840e00009a12000061130000be1a0000f91a0000481b0000
7c1b0000841b0000be1b0000391c0000721c0000951c0000cc1c0000462100007a2e00009c2e00002230000043320000
633900003d3a000099000000db0100009d030000ae0300007a04000090040000110500009f05000093060000ac060000
470700004b070000cf080000c1090000390a0000e40a000018150000bf150000031700004a170000262100006d2c0000
f82c0000543000002f3200000f390000ce39000014000000af000000af010000eb020000f70200007805000042060000
ad090000cf1f0000210000007a000000b9000000f400000017010000b2010000cf010000070200002f020000ee020000
fa02000097030000e9030000760400000f050000140500008205000098050000be050000450600007c0700009d070000
f1070000370800003b080000710900007d090000b7090000bd090000c6090000c50b00004a0c00007b0c00006e120000
0c150000ff1600008c1d0000041f0000d21f00002c200000ac2000005a2100003e2200004a2200009c22000040230000
962400006d260000662c0000552f00005433000015350000ae380000b43a00007801000078020000fd03000009040000
53040000c4040000cb040000d104000023060000c8060000d50600001b0700002507000096080000fc080000a9090000
b00a0000170b0000dc0c0000530d0000840e0000d90e0000f50e0000680f000094100000071100000911000013120000
9a120000c612000061130000ba1300003b15000065150000de150000021600000a160000e61600000f17000021170000
6917000089170000be1a0000f91a0000481b00007c1b0000841b0000be1b0000f61b0000101c0000391c0000721c0000
951c0000cc1c0000322100004621000098270000d1270000e827000089280000b5280000db2800009d290000b92c0000
292d00007a2e00009c2e0000d82f0000ef2f000022300000c8300000fe300000c33100003732000043320000f8380000
6339000092390000d5390000e53900003d3a0000210000007a000000b9000000f400000017010000b2010000cf010000
98020000ee020000fa0200004903000097030000e90300006604000076040000140500008205000098050000be050000
2e06000045060000610600007c0700009d070000f1070000370800003b080000710900007d090000b7090000bd090000
840b00007b0c00006e1200000c1500006f150000a115000020160000ff160000231700002b170000b817000019180000
77180000d21f00005a210000632a0000c72b0000662c0000df2c00005433000015350000ae380000c23900002a040000
80040000370f0000051600002a160000982000009a300000a730000063310000ad310000b5310000633200004b3c0000
643c0000653d0000803d0000e23d0000ee3d0000a60a0000dd0a0000ef130000861700009e170000eb210000c3060000
ff060000d70c0000540d0000e51000001412000054130000be1300008c15000066160000761600009b170000e21a0000
271b0000b81c0000e81c0000f91f0000c321000037010000c1010000c3060000ff060000a60a0000dd0a00009a0d0000
e51000001412000054130000be130000ef13000060150000841500006616000076160000861700009b1700009e170000
b81c0000e81c00000a200000c3210000eb2100006f3b0000a63b0000c33c0000fc3c0000bf3d0000d43d0000470a0000
ea0a0000561300004217000050170000ff210000ac000000720100001d03000024030000860600000207000090080000
0f09000016090000650a0000a20a00004c0b0000530b0000fc1f0000292000003f210000c6210000fc21000018000000
e8000000b4010000da020000dd0200001b2000005f000000c40100008606000002070000900800000f09000016090000
470a0000650a0000a20a0000ea0a00004c0b0000530b00009a0c000056130000fd140000011500004217000050170000
212000003f210000c6210000fc210000ff210000203b00006b3b0000b33b0000183c00001f3c0000623e0000b2030000
1e040000940400004c050000460a0000c00a0000e60a0000fd0a0000690e0000ae0f000059130000d5130000b5150000
c31500003816000046160000451700004c1700007a1700007e1700008c200000ba200000e621000002220000fc2c0000
1b2d00003a2f000024340000833400004e35000013390000d2390000e43e0000423f0000793f0000873f000017000000
b4000000ee000000fa00000053010000b1010000fb010000ed020000f5020000f9020000110300007d050000c3050000
44060000b107000031080000b2090000900b0000e60c00003f0d0000550d0000640d0000b71200005114000048150000
49150000b2170000bd170000d11f00001e2000002420000072210000d222000011230000ab230000ae2300009a030000
d5030000f30300000004000037040000740400009b0400001f050000250500002905000035050000580600009a060000
d60600000f07000064070000da070000450800005b090000850e0000da0e0000f60e0000040f00009f10000024110000
9b120000c7120000eb150000ef1500004e16000056160000811600008516000071200000b1200000b920000000210000
332100004321000078210000ee23000006240000782400007d240000602a0000e32a0000ed2b0000f42b0000d62c0000
382d0000092f0000312f00000a300000233000006e300000d43000001d3100007e310000913100009531000038320000
4032000095330000b73300004d350000e838000064390000933900005f400000bd400000f4400000024100003e000000
1c010000e4010000550300007d050000c305000044060000b107000031080000b2090000900b0000b80c0000220e0000
b71200005114000009150000211500009b150000a6150000b2170000bd170000002000002520000072210000fa0e0000
bc130000e31500006b170000ed270000a8290000f42f000097390000da3900005a040000d3040000b40a00001b0b0000
0c1600008a1700002b2d000001390000e7390000f30000004a020000170600006d0900007f0c00005c1500001c170000
c51a00001d1b00001901000054030000ed0300006b040000c005000066060000820900008f0b0000930d0000d50e0000
260f00003910000070120000e51200006314000083140000a3150000fd1500002216000030170000ba170000601c0000
0b1d0000311d00001c2300007b230000de2400005d260000682a0000c92b0000e42c00009d2f0000b338000035390000
c7390000a43a00008b0e0000651300004a1b0000861b0000991c0000cd1c00009e2e00006c3900003f3a0000fb000000
1b010000570200007f020000c2050000df090000f01a00006d1c0000382000007e000000d00100009b030000ea030000
7804000010050000150500009a0500007e0700009e070000f2070000380800003c080000720900007e090000bf090000
c60b00004b0c00007c0c0000721200000d15000001170000ad2000005b2100003f2200004b220000a322000041230000
9a24000071260000682c0000592f00005533000016350000af380000b83a00005a040000d3040000b40a00001b0b0000
8b0e0000f90e000065130000bb130000e21500000c1600006a1700008a1700004a1b0000861b0000991c0000cd1c0000
ec270000a42900002b2d00009e2e0000f32f0000013900006c39000096390000d9390000e73900003f3a0000f3000000
fb0000001b0100004a020000570200007f020000c2050000170600006d090000df0900007f0c00003d0d0000d90d0000
dc0d00005a100000b81200005c1500001c170000c51a0000f01a00001d1b00006d1c0000ff1f00003820000020270000
aa2700005b28000012050000730900007f090000ca0b00004f0c00007d0c00002c0e0000250f00006f0f000073120000
e2120000e4120000121300005b140000d41a0000391b0000771b0000e61b0000611c0000fe1c0000ae20000040220000
4c220000a7220000422300009b24000072260000982a00008f2b0000942e00005a2f0000b0380000343900004b390000
b93a00007e00000018010000d0010000500300009b030000ec0300006a04000078040000150500009a050000bf050000
650600007e0700009e070000f2070000380800003c08000081090000bf0900008b0b00006f1200000d150000a2150000
21160000011700002f170000b91700005b210000642a0000c82b0000682c0000e32c00005533000016350000b2380000
c63900001901000054030000ed0300005d0400006b040000fa040000c00500006606000082090000b60a0000390b0000
8f0b0000930d0000d50e0000260f0000420f00003910000070120000e5120000f51300006314000083140000a3150000
fd1500001d160000221600003017000096170000ba170000601c00000b1d0000311d00000d1e00002e1e0000531f0000
751f00001c2300007b230000de2400005d260000682a0000c92b0000e42c0000312d0000f82e00009d2f0000b3380000
0439000035390000b2390000c7390000ea390000663a0000a43a00007e000000d00100009b030000b4030000ea030000
780400009604000010050000150500009a0500007e0700009e070000f2070000380800003c080000720900007e090000
bf090000540a0000e70a0000c60b00004b0c00007c0c00008d0e000072120000661300000d150000c515000001170000
4d170000e21d00001e1e0000291f0000601f0000ad2000005b2100003f2200004b220000a3220000412300009a240000
71260000682c0000fe2c0000e12e0000592f00005533000016350000af380000153900006e390000d43900006a3a0000
b83a000021000000b9000000f400000017010000b2010000070200002f020000ee020000fa02000082050000be050000
45060000b7090000c60900008c1d0000041f0000d21f00002c2000009d000000f3000000fb0000001a0100001b010000
dc0100004a020000570200007f020000640300009e030000f2030000f5030000700400007b040000a304000013050000
a0050000c1050000c2050000170600006b06000095060000ae060000480700004c070000b8070000c50700000b080000
15080000d00800006d09000087090000c2090000df0900009f0b00007f0c0000be0c00003d0d0000d90d0000dc0d0000
2d0e0000030f0000720f00005a100000711200008e120000b8120000cf120000d1120000161300005c14000019150000
5c150000a415000023160000041700001c17000035170000bb170000c51a0000f01a00001d1b00006d1c00005a1d0000
701d0000951d0000d21d0000101e0000161e0000571e00007e1e0000d21e0000f81e00000a1f0000911f0000ff1f0000
38200000272100007921000020270000aa2700005b2800006d2a0000942a0000602b0000ca2b00006e2c0000e92c0000
bf2e0000d82e000055300000303200003533000027350000b8380000303900004f390000cc39000037010000c1010000
450400008b040000c3060000ff060000a60a0000aa0a0000dd0a0000e10a00009a0d00003a0f0000e510000014120000
54130000be130000ef130000f11300006015000084150000071600003116000066160000761600008617000088170000
9b1700009e170000a2170000b81c0000e81c00000a200000a9200000c3210000eb210000f62100006f3600007c360000
263700005e37000062370000fa3700006f3b0000a63b0000c33c0000fc3c0000bf3d0000d43d00005f000000c4010000
ce0300008f0400008606000002070000900800000f09000016090000470a0000500a0000650a0000a20a0000ea0a0000
eb0a00004c0b0000530b00009a0c0000750e0000561300005a130000fd14000001150000b9150000be15000042170000
46170000501700005117000021200000bc2000003f210000c6210000fc210000ff210000032200005b36000080360000
f0360000473700004c370000fe370000203b00006b3b0000b33b0000183c00001f3c0000623e00002000000069000000
ed00000035010000b6010000f0020000f2020000040300000603000090060000c10600004007000042070000d1080000
de1f00001f200000202000003e2100001700000042000000b4000000ee000000fa0000001e01000053010000b1010000
e8010000fb010000ed020000f5020000f902000011030000600300009e030000eb030000010400007b040000ec040000
13050000160500007d05000081050000c3050000c5050000440600004b0600004f060000b1070000b4070000cf070000
310800003a0800004008000067080000a5080000dc080000330900004c090000b2090000b6090000900b00009b0b0000
ba0c0000e60c00003f0d0000550d0000640d0000260e0000d10e0000470f0000ec110000621200007d120000b7120000
bc120000be12000051140000551400000b1500002515000048150000491500009f150000a81500000e16000014160000
c8160000cc160000f3160000f9160000b2170000b6170000bd170000bf170000d11f0000042000001e20000024200000
27200000af200000f720000072210000742100007521000099210000a7210000d222000011230000ab230000ae230000
1f2a0000ae2a0000d42b0000d62b0000cd2c0000002f0000403300005933000025350000fd3500001136000045360000
d63600003e37000044370000d5370000f10300006f040000ea0600000b0700005a0e0000d80e0000e10e0000280f0000
a9100000dd100000ed100000ff1500002716000029160000691600007b160000671b0000a11b0000ff1b0000131c0000
77200000302100003d2100003930000042300000ed300000f53000003731000058310000853100008b310000b4310000
de310000eb31000057320000a3030000bf030000f0030000280400007904000021050000230500002e05000030050000
a9060000ab060000e90600000c0700005307000056070000a8100000511600005316000078200000b2200000b4200000
31210000442100001830000038300000433000005c3000005f3000008830000098300000b9300000bc30000041320000
58320000683200009e000000dd01000090060000c10600004007000042070000d1080000d50c0000141500001a150000
282000003e2100009d0000007c010000dc010000290200009e030000eb030000010400007b040000ec04000013050000
16050000a0050000ec05000095060000ae060000c4060000df060000480700004a0700004c070000500700009a080000
d0080000e5080000c2090000390c0000d80c00007a0d0000d10e0000470f0000af100000d5100000de1000004b110000
24120000cd140000171500001915000051150000521500000e160000141600008d160000dd160000de16000004170000
e0170000e6170000172000002b200000af2000000a210000272100004121000042210000772100001425000029250000
582500005a2500006e2c00009a2c0000132f00002d3000005530000059300000303200003f3200008c320000a5320000
d6320000d8320000780100007802000009040000c40400002306000096080000fc080000a90900009410000065150000
02160000e616000021170000f61b0000101c0000b92c0000c8300000c3310000fd030000cb040000c8060000d5060000
1b07000025070000dc0c00009a120000be1a0000f91a00007c1b0000be1b0000391c0000721c0000462100007a2e0000
223000004332000099000000db0100009d0300007a040000110500009f05000093060000ac060000470700004b070000
cf080000c10900001815000003170000262100006d2c0000543000002f3200007801000078020000fd03000009040000
c4040000cb04000023060000c8060000d50600001b0700002507000096080000fc080000a9090000dc0c0000530d0000
d90e0000680f0000941000000711000009110000131200009a120000c61200003b1500006515000002160000e6160000
0f17000021170000be1a0000f91a00007c1b0000be1b0000f61b0000101c0000391c0000721c00003221000046210000
98270000d127000089280000b5280000db280000b92c00007a2e0000d82f000022300000c8300000fe300000c3310000
37320000433200009a030000bc030000d5030000f3030000000400002e0400003704000074040000830400009b040000
010500001f050000250500002905000035050000580600009a060000d60600000f07000064070000da07000045080000
5b0900005c0e0000850e0000da0e0000f60e0000040f0000580f00009f100000241100009b120000c7120000b0150000
b2150000eb150000ef15000016160000181600004e1600005616000081160000851600007120000099200000b1200000
b7200000b920000000210000332100004321000078210000ee23000006240000782400007d240000602a0000e32a0000
ed2b0000f42b0000d62c0000382d0000092f0000312f00000a300000233000006e300000853000009f300000aa300000
b6300000d43000001d310000393100006c3100007e31000091310000953100009c3100009e310000b0310000b2310000
3832000040320000643200006b32000095330000b73300004d350000e83800006439000093390000383c00004a3c0000
583c0000693c0000803c0000883c00008a3c0000603d00008c3d0000e63d0000eb3d00006c3e00005f400000bd400000
f4400000024100003e0000001c010000e4010000550300007d050000c305000044060000b107000031080000b2090000
4a0a0000c10a0000ed0a00003a0b0000900b0000b80c0000220e0000b71200005c130000081400005114000009150000
211500009b150000a615000048170000531700009117000097170000b2170000bd170000002000002520000072210000
ef21000005220000a800000074010000220300002603000088060000c8060000040700002e0700009208000014090000
180900005e0a0000a40a0000510b0000550b0000dc0c0000530d0000f51000001312000061130000ba1300006e160000
6f16000017180000371800008018000082180000071a00001c1a00004b1a00004d1a0000fa1f00002b20000041210000
c4210000fe2100001700000061000000b4000000ee000000fa0000003c01000053010000b1010000c6010000fb010000
bb020000ed020000f5020000f9020000110300007d050000c30500004406000088060000c8060000040700002e070000
b107000031080000920800001409000018090000b20900004a0a00005e0a0000a40a0000c10a0000ed0a00003a0b0000
510b0000550b0000900b00009c0c0000e60c00003f0d0000550d0000640d0000c10d0000f510000013120000b7120000
5c13000061130000ba1300000814000051140000ff14000003150000481500004915000073150000741500006e160000
6f16000048170000531700009117000097170000b2170000bd170000071a00001c1a00004b1a00004d1a0000d11f0000
0b2000001e20000023200000242000004121000072210000c4210000ef210000fe21000005220000d222000011230000
ab230000ae230000233b00006d3b00008a3b0000b63b0000063c00001d3c0000213c0000bf3c0000193d0000ca3d0000
d03d0000643e000012050000730900007f090000ca0b00004f0c00007d0c00002c0e00008e0e0000250f0000640f0000
6f0f000073120000e2120000e412000012130000671300000f1400005b140000d41a0000391b0000731b0000771b0000
951b0000e61b0000611c0000bf1c0000e11c0000fe1c0000e31d00001f1e00002d1f0000611f0000ae20000040220000
4c220000a7220000422300009b24000072260000982a00008f2b0000942e0000b32e0000e22e00005a2f0000b0380000
343900004b3900006f390000be390000393a00006b3a0000b93a00007e00000018010000d0010000500300009b030000
b4030000ec0300005c0400006a0400007804000096040000f9040000150500009a050000bf050000650600007e070000
9e070000f2070000380800003c08000081090000bf090000540a0000b50a0000e70a0000350b00008b0b00006f120000
0d150000a2150000c51500001c16000021160000011700002f1700004d17000095170000b91700005b210000642a0000
c82b0000682c0000e32c0000fe2c0000302d00005533000016350000b23800000339000015390000c6390000d4390000
e939000021000000b9000000f4000000b201000098020000ee020000fa020000820500002e0600004506000071090000
b70900007b0c00006f150000231700001918000077180000d21f00009d000000f3000000fb0000001b0100005a010000
dc0100004a020000570200007f020000c70200009e030000eb030000010400007b040000ec0400001305000016050000
a0050000c2050000170600003b06000095060000ae060000480700004c070000b80700001e080000d00800006d090000
74090000800900009d090000c2090000df090000cf0b0000540c00007e0c00007f0c00003d0d0000ba0d0000d90d0000
dc0d0000d10e0000470f00004c1000005a1000003711000078120000b8120000f71200005c1400007f14000019150000
5c150000781500000e16000014160000ab160000041700001c170000291700005819000074190000c41900006e1a0000
941a0000c51a0000f01a00001d1b00006d1c0000ff1f000038200000af20000027210000412200004d220000b7220000
1d2300004323000099230000a0240000e9240000612600007726000020270000aa2700005b2800006e2c0000c52c0000
5f2f0000a82f00005530000030320000c4330000a9340000b138000038390000a83a0000be3a0000d30e0000e40e0000
740f00007c0f00006b100000e0100000cd150000621600008a2000000c210000cd2700000628000039280000be280000
7c290000a62d0000242e0000152f0000382f00005b310000aa310000e732000010330000f23a0000693d00009a3d0000
b93e0000f803000031040000c3040000d9040000f40600001e0700004e0e0000f10f000001160000061600006b160000
591b00009e1b0000e01b00005e1c0000602d0000df2d00008e2e0000b72e000046300000a3300000af300000ae310000
2c3a00005e3c0000773c0000e53d00008c0100005e020000170600006d090000cd0a00001c0b0000671500001c170000
8b1700008b01000010020000ed030000210400006b0400004f050000f3050000000600006c090000cc0a0000ff0a0000
dc0b0000a70d0000d50e0000260f0000330f0000f40f0000441000004d10000084100000e1120000f913000055150000
fd15000022160000491600001517000080170000ed1700003d1800005c18000031190000271a00003a1a0000cd1b0000
821c00002624000058240000f324000035260000fd2a0000702b0000a12c00001e2d00008d2d0000bf2d0000142e0000
b22f0000203a00007c3a0000e73e00008a3f0000d44000003d410000cc06000017070000e00c00006d13000067160000
c21a0000281b0000a31c0000e91c0000080400009d040000c3060000d8060000ff06000066070000d70c0000540d0000
830e00002c0f00004e0f0000bf0f0000e5100000ea100000141200009912000054130000be130000d81400008c150000
f11500006616000076160000871600009b170000e3180000e21a0000271b00006f1b0000b31b00006b1c0000b81c0000
e81c00002e1d0000f91f0000c3210000e82300007b24000034250000472500005c2a0000f22b00002530000070300000
f130000097310000b0320000c432000062390000343a0000593f0000c23f00006240000005410000f300000040010000
4a0200006c02000017060000cc060000170700006d090000cd0a00001c0b00007f0c00006d1300005c15000061150000
671600001c1700008b170000c51a00001d1b0000a31c0000e91c0000963b0000e73b0000c43d0000020400001d040000
cf040000e2040000ed050000f3090000620e0000b3100000501b00007b1b0000801b0000ef1b00000b1c0000cb200000
152100009b2c00001a2d00001e2f0000472f000041310000b9310000d5310000e53100001f390000563c00007a3c0000
3d3e0000c2050000df090000f00c00007e130000a41a0000fb1a00006d1c00009a1c0000ce1c00003d000000e3010000
7c05000043060000b1090000490a0000ec0a0000201500005217000040000000e60100009b030000c5030000ea030000
780400008904000010050000150500007f050000c7050000ef0500004d060000530600008a070000ff07000053090000
b4090000f70900000f0a00004c0a0000ef0a0000eb0c0000510e0000f60f00007913000023150000b815000092160000
55170000f917000050180000d1190000fe190000321a0000ad200000fb2000001b210000d62300003d240000f4290000
352b00009d2c0000d12c0000e22d0000042f0000242f00002233000081330000a633000086340000c838000074400000
654100007c0100007c0200009a08000000090000bc0a0000250b0000071c00004320000016220000a60000001e030000
8706000003070000100900005c0a00004d0b0000f61f0000c02100001b000000b7010000db0200001e00000088000000
0001000080010000ba010000a1020000f602000012030000720300007f070000f30700003208000062090000ad0b0000
46180000ea1f0000532000002e220000ac000000720100001d03000024030000a0030000c80300000604000050040000
7d040000f304000026050000360500005f05000086060000a206000002070000080700009b0700004608000090080000
0f09000016090000a4090000650a0000a20a00004c0b0000530b0000410c0000961000004f160000d6180000fc1f0000
292000007e200000e02000003f21000065210000c6210000fc210000712200000b2500003f250000123000003f300000
ca3000007f31000083320000bb32000084330000b83300003c350000f3380000f93e0000ea3f0000180000007f000000
e8000000b4010000d1010000da020000dd0200007f070000f30700003208000062090000ad0b0000830c00000e150000
1b2000002e220000ac22000048230000fb0000001b010000570200007f020000c20500009a08000000090000df090000
bc0a0000250b0000a40c00007e130000b21a0000f01a0000f51a0000071c00006d1c00009a1c0000ce1c000038200000
16220000853b0000f03b00002a3e00001600000060000000b0000000b0010000c5010000ec020000f80200007c050000
43060000870600000307000010090000b1090000490a00005c0a0000ec0a00004d0b00000215000052170000d01f0000
c0210000223b0000b53b0000193c0000f8030000020400001d04000031040000c3040000cf040000d9040000e2040000
ed050000f40600001e070000f30900004e0e0000620e0000d20e0000e30e0000730f00007b0f0000f10f00006a100000
b3100000df100000cc1500000116000006160000611600006b160000501b0000591b00007b1b0000801b00009e1b0000
e01b0000ef1b00000b1c00005e1c000089200000cb2000000b21000015210000cb2700000528000037280000bd280000
782900009b2c00001a2d0000602d0000a52d0000df2d0000232e00008e2e0000b72e0000142f00001e2f0000372f0000
472f000046300000a3300000af300000413100005a310000a9310000ae310000b9310000d5310000e5310000e6320000
0f3300001f3900002c3a0000ee3a0000563c00005e3c0000773c00007a3c0000683d0000983d0000e53d00003d3e0000
b83e00008c0100005e020000c2050000170600006d090000df090000cd0a00001c0b0000f00c0000560d00005a100000
b81200007e130000c21300003e150000671500001c170000711700008b170000a41a0000fb1a00006d1c00009a1c0000
ce1c0000392700005b280000ad2900007c0100007c020000cc060000170700009a08000000090000bc0a0000250b0000
e00c0000f40d0000d5100000441200006d1300001714000067160000c21a0000281b0000071c0000a31c0000e91c0000
1720000043200000df21000016220000a1270000aa280000c6290000f3000000fb0000001b010000400100004a020000
570200006c0200007f020000c205000017060000cc060000170700009a080000000900006d090000df090000bc0a0000
cd0a00001c0b0000250b00007f0c0000a40c00003d0d0000460d0000d90d0000dc0d00005a100000d510000044120000
b81200006d1300007e130000c2130000171400002e1500005c15000061150000671600001c170000711700008b170000
b21a0000c51a0000f01a0000f51a00001d1b0000071c00006d1c00009a1c0000a31c0000ce1c0000e91c0000ff1f0000
38200000df21000016220000202700005c270000aa2700005b280000aa280000ad290000c6290000853b0000963b0000
e73b0000f03b0000c73c0000283d0000c43d00002a3e0000953e000012050000c8050000f0050000fb090000130a0000
ef0c0000800d0000520e0000250f00006f0f0000cb0f0000f70f00003a10000043100000ce1200007d130000df130000
e8140000fa17000051180000d2190000ff190000331a0000e81a0000071b0000641b0000771b0000ac1b0000ce1b0000
d31b0000c31c0000d61c0000121d0000ae2000001c210000d72300003e240000c524000087260000f5290000362b0000
9e2c00008c2d0000e32d0000ac2e0000252f0000842f0000cc380000ce3a00006a3f0000b93f00007640000069410000
4000000087010000e60100000f0200009b030000c5030000ec030000200400006a040000780400008904000015050000
4e0500007f050000f2050000ff0500004d060000530600008a070000ff0700005309000068090000b40900004c0a0000
c80a0000ef0a0000fe0a0000db0b0000f30f00002315000054150000b815000021160000481600009216000014170000
551700007f170000ec170000fb200000f224000031260000a02c0000d12c00001d2d0000042f0000b12f000022330000
81330000a633000086340000783a0000e63e0000893f00001e0000008800000000010000ba010000fc010000f6020000
12030000c60500007f070000f307000032080000940b0000e40c00004a150000c0170000ea1f0000c5220000ac230000
1700000061000000b4000000ee000000fa000000530100005e010000b1010000c6010000fb0100001d020000ed020000
f5020000f902000011030000fd03000009040000c4040000cb0400007d050000c3050000e00500004406000088060000
04070000b1070000bc0700000708000031080000140900007c09000098090000b20900004a0a00005e0a0000ed0a0000
510b0000900b0000b70b00001b0c0000240c0000860c0000e60c00003f0d0000550d0000640d00006d0d0000d90e0000
680f0000271000003911000052110000b7120000511400006814000087140000dc140000031500004815000049150000
4e15000002160000a316000053170000b2170000bd170000da1700007c1b00009a1f0000d11f00001e20000024200000
72210000c42100004922000065220000af220000d222000011230000292300004b2300005d230000ab230000ae230000
c9240000712500007a250000a5250000c025000051260000c8260000e1260000d12700008e2c0000882f0000c6330000
67350000703500009f350000bc350000983a0000233b0000b63b00001d3c00002d400000730100002103000008040000
52040000f4040000600500009108000013090000a8090000a30a0000500b0000430c0000a10d00000a0f00002c0f0000
3e0f000097100000061100002e11000034120000ef120000ee1300003c1500006d170000d7180000891b0000fc1b0000
061c00001a1c00002a20000042200000e220000040210000fd21000015220000752200001a2400005f2400000c250000
40250000ed2a00008c2b0000cb30000027310000be310000cc31000084320000bc320000f7380000ad390000fb3e0000
ee3f0000e540000034410000ac00000024030000a0030000c8030000060400007d0400009c0400002605000036050000
86060000a2060000c2060000d7060000fe0600000207000008070000650700009b0700004608000016090000650a0000
530b0000d60c0000810e000095120000531300008b150000f01500004f16000075160000861600009a170000f51f0000
fc1f00007e20000065210000bf210000c6210000e7230000792400005a2a0000ee2b000012300000243000003f300000
6f3000007f3100009631000084330000b83300003c3500005e3900006140000004410000180000007f000000e9000000
1f010000a9010000b4010000d1010000dd02000059030000c60500007f070000f307000032080000940b00000e150000
7d150000a9150000c01700001700000061000000b4000000ec000000020100002201000082010000ac010000b1010000
c6010000a6020000ed020000f90200005c0300007f030000fd03000009040000c4040000cb0400007d050000c9050000
440600008806000004070000b2070000bc070000c7070000e0070000ee07000022080000550800005e08000014090000
63090000b20900004a0a00005e0a0000ed0a0000510b0000970b0000ba0b0000b70c0000c20c0000b20d0000d50d0000
210e0000390e0000d90e0000680f0000e40f00005b1000008810000089120000f3120000061300005014000068140000
031500003d1500008015000086150000ac15000002160000b0160000c116000053170000c3170000071800002a180000
44180000451800004a1800009418000069190000631a00007c1b0000d11f0000e91f0000522000005520000084210000
c42100002d22000030220000d1270000342a00003d2a00009c2a0000f12a0000232b0000e22b0000222c00003b2c0000
532d0000c32d0000373300006b330000743300007e340000303500003f390000233b0000b63b00001d3c0000a8410000
f1030000290400006f0400007f040000ea0600000b0700005a0e0000a910000027160000291600007b16000077200000
30210000393000004230000099300000a6300000373100008b310000b431000057320000483c0000613c0000ed3d0000
f103000029040000220500002f050000ea060000550700005a0e0000a9100000ae15000052160000b3200000b5200000
45210000393000005e30000099300000bb300000373100009a3100004232000069320000483c0000863c00006a3e0000
a3030000ba030000bf03000079040000820400002305000030050000a9060000ab0600000c07000056070000b1150000
53160000782000003121000018300000433000005f3000008330000088300000a9300000bc3000009d31000058320000
363c0000683c0000893c00009e000000dd0100009006000042070000d10800003e0a0000e80a00001a1500004e170000
9d000000dc0100009e030000af030000f50300007b04000091040000a304000013050000a005000095060000ae060000
cc060000f006000032070000480700004c0700006e070000d0080000c20900003d0a0000e50a0000e00c00004d0e0000
f00f00006d13000019150000c0150000041700004b170000131800004e1800009d190000f9190000301a0000161e0000
2721000051210000cd23000039240000522a00002f2b00006e2c0000f92c00005f2d0000de2d00005530000078300000
303200004c32000010390000cf3900007c4000006a410000ab00000023030000820600000107000015090000640a0000
520b0000fb1f0000c5210000a8000000780100002d0200002203000096030000d4030000090400005304000073040000
f60400001e0500002805000065050000570600008806000099060000040700000e07000096080000e908000014090000
5a090000a90900005e0a0000b00a0000070b0000510b0000460c00009410000055160000d4180000a01e0000fa1f0000
3720000070200000e3200000ff200000c42100000a22000076220000062500003d250000d52c0000372d0000082f0000
302f000009300000c83000007e320000b9320000e7380000f8380000013f0000ef3f0000200000005b00000069000000
b6010000c3010000f20200000603000082060000900600000107000042070000d1080000150900003e0a0000640a0000
e80a0000520b0000001500004e170000de1f0000c52100001b3b0000b13b00001e3c0000f1030000290400006f040000
7f040000220500002f050000ea0600000b070000550700005a0e0000d80e0000e10e0000770f0000870f0000a9100000
dd10000014110000ae150000ca1500002716000029160000521600005f1600007b1600007720000095200000b3200000
b5200000302100003d21000045210000d6270000012800000c280000d5280000d928000039300000423000005e300000
99300000a6300000bb300000ed300000093100003731000058310000733100008b3100009a310000a7310000b4310000
42320000573200005f32000069320000fe3200000a33000018330000483c0000613c0000863c0000643d00009b3d0000
ed3d00006a3e0000b13e00009d0000007c010000dc010000290200009e030000af030000010400001c0400007b040000
91040000ec0400001305000045050000a0050000ec05000095060000ae060000480700004c0700009a080000d0080000
e5080000c20900003d0a0000bc0a0000e50a0000f90a0000390c0000af1000001915000052150000c015000014160000
44160000de160000041700004b1700007d170000e617000027210000142500005a2500006e2c00009a2c0000f92c0000
192d000055300000303200008c320000d832000010390000cf390000db3e0000853f0000a80000002203000096030000
d4030000fd03000073040000980400001e05000028050000570600008806000099060000c8060000d506000004070000
0e0700002e07000060070000140900005a0900005e0a0000510b0000dc0c0000840e00009a12000061130000ee150000
551600006f160000841600001718000082180000071a00004d1a0000fa1f000070200000ff200000c4210000ed230000
7c2400005f2a0000f32b0000d52c0000372d0000082f0000302f000009300000223000006a30000094310000e7380000
6339000056400000004100002a040000800400002a1600009a300000a7300000b53100004b3c0000643c0000ee3d0000
a60a0000dd0a00009e1700007f0f0000221400001e1a00002e1a00000a2400002e240000272e0000bb40000068410000
c3060000ff060000d70c0000541300008c150000761600009b170000f91f0000c3210000490f00006e0f0000ac0f0000
0b110000cf140000e015000011170000d2180000e1200000742200002b2500003b25000000310000a7320000b7320000
d7390000403f0000ed3f000037010000c1010000c3060000ff060000a60a0000dd0a0000541300008415000076160000
9b1700009e170000c32100006f3b0000a63b0000d43d00005b0e0000af150000b6200000383100009b3100006a320000
493c0000873c00006b3e0000571300004317000000220000b203000094040000460a0000e60a00004f0e000071130000
c31500004c170000fd190000311a0000d42300003b240000fc2c0000e02d000013390000d23900007d4000006b410000
73010000210300009108000013090000a30a0000500b00002a20000040210000fd21000017000000b400000002010000
82010000b1010000a6020000ed020000f90200007f0300007d0500004406000063090000b2090000ba0b000045180000
d11f000055200000302200009a030000d50300000a0400005404000074040000f70400001f0500002905000066050000
580600009a0600000f0700005b090000aa090000470c00009510000056160000d518000071200000e420000000210000
772200000a2500003e250000d62c0000382d0000092f0000312f00000a300000c930000082320000ba320000e8380000
f9380000023f0000f03f00003e000000e40100007d0500004406000063090000b2090000ba0b0000800c000021150000
30220000a8220000452300009108000013090000a30a0000500b00009b0c000057130000fe1400004317000022200000
40210000fd210000002200006c3b00001c3c0000633e00002a040000800400005b0e0000e20e0000af150000cb150000
2a160000b6200000042800009a300000a730000038310000593100009b310000a8310000b53100006a3200000e330000
493c00004b3c0000643c0000873c0000663d00009c3d0000ee3d00006b3e0000b63e0000a60a0000dd0a000057130000
bf130000431700006e1700009e17000000220000a92900007301000021030000c3060000ff0600009108000013090000
a30a0000500b0000d70c0000f60d0000d41000004612000054130000191400008c150000761600009b170000f91f0000
192000002a20000040210000c3210000e1210000fd210000a6270000a9280000d329000037010000c1010000c3060000
ff0600009108000013090000a30a0000a60a0000dd0a0000500b00009b0c0000450d0000d41000004612000054130000
57130000bf13000019140000fe1400002d1500008415000076160000431700006e1700009b1700009e17000022200000
40210000c3210000e1210000fd210000002200005b270000a9280000a9290000d32900006c3b00006f3b0000a63b0000
1c3c0000c43c00002a3d0000d43d0000633e0000923e0000af0f0000d6130000391600007b1700008d200000ea210000
3b2f0000433f00007a3f0000b20300001e040000940400004c050000460a0000c00a0000e60a0000fd0a0000c3150000
461600004c1700007e170000fc2c00001b2d000013390000d2390000e43e0000873f000017000000b4000000fa000000
b1010000fb010000ed020000f90200007d050000c305000044060000b2090000900b0000e60c000049150000bd170000
d11f0000d2220000ae2300008b01000010020000ed0300006b04000012050000f3050000000600006c09000073090000
7f090000ca0b0000dc0b00004f0c00007d0c00006c0d0000d60e0000690f0000f40f000026100000731200006a140000
84140000de140000551500002216000015170000ed1700009f1f0000ae200000402200004c220000a722000023230000
422300005c2300009b240000c6240000f3240000352600005326000072260000c4260000ee260000ce270000a12c0000
5a2f0000852f0000b22f0000b03800007c3a00009a3a0000b93a00002a400000db0e0000f70e0000050f000025110000
c8120000ec1500008216000034210000072400007a240000e42a0000f12b00001e310000923100003932000094390000
be400000f54000009a030000d503000000040000740400009b0400001f05000029050000580600009a060000d6060000
0f070000640700005b090000850e00009b120000ef15000056160000851600007120000000210000ee2300007d240000
602a0000f42b0000d62c0000382d0000092f0000312f00000a300000233000006e30000095310000e838000064390000
5f400000024100003e0000001c010000e4010000550300007d050000c305000044060000b2090000900b000021150000
a6150000bd1700001901000054030000ed0300006b04000012050000c0050000c8050000f00500006606000082090000
fb090000130a00008f0b0000ef0c0000330e0000d60e0000690f0000f70f00008510000070120000f512000008130000
62140000a31500002216000030170000ba170000fa170000291800005118000093180000d2190000621a0000ae200000
1c210000ce270000f5290000682a0000992a0000f32a0000362b0000c92b00001e2c0000482c00009e2c0000e42c0000
c02d0000252f0000b3380000cc38000041390000c7390000a5410000490f00006e0f00008c0f0000ac0f00000b110000
cf140000e015000011170000d2180000021e0000191e0000e1200000742200002b2500003b2500000031000079310000
2032000025320000a7320000b7320000d7390000713d0000a53d0000583e0000403f0000ed3f00009a030000bc030000
d50300000a040000540400007404000083040000f70400001f0500002905000066050000580600009a0600000f070000
5b090000aa090000470c00005f0e000095100000b215000056160000d5180000ea1d00001a1e000071200000e4200000
00210000772200000a2500003e250000d62c0000382d0000092f0000312f00000a30000085300000aa300000c9300000
3d3100009e310000163200002632000082320000ba320000e8380000f9380000383c0000503c0000693c0000713c0000
883c00005c3e0000023f0000f03f00003e000000e40100007d0500004406000063090000b20900004a0a0000ed0a0000
ba0b0000800c00007213000021150000531700002e1f0000621f000030220000a822000045230000a800000078010000
2d02000022030000880600000407000096080000e9080000140900005e0a0000b00a0000070b0000510b0000a01e0000
fa1f000037200000c42100000a2200001700000061000000b40000000201000082010000b1010000c6010000a6020000
ed020000f90200007f0300007d05000044060000880600000407000096080000e90800001409000063090000b2090000
4a0a00005e0a0000b00a0000ed0a0000070b0000510b0000ba0b0000a00c000072130000031500005317000045180000
4e1d0000911d0000a01e00002e1f0000621f0000d11f000055200000c42100000a22000030220000233b0000793b0000
b63b0000d13b00001d3c00004d3e00008b01000010020000ed030000210400006b040000120500004f050000f3050000
000600006c090000730900007f090000cc0a0000ff0a0000ca0b0000dc0b00004f0c00007d0c00006c0d00008e0e0000
d60e0000690f0000c30f0000f40f0000261000007312000067130000db1300006a14000084140000de14000055150000
22160000491600001517000080170000ed170000e31d0000fe1d00001f1e0000451e00002d1f0000571f0000611f0000
6a1f00009f1f0000ae200000402200004c220000a722000023230000422300005c2300009b240000c6240000f3240000
352600005326000072260000c4260000ee260000ce270000a12c00001e2d0000e22e0000f12e00005a2f0000852f0000
b22f0000b03800006f3900006b3a00007c3a00009a3a0000b93a0000e73e00005e3f00008a3f0000d73f00002a400000
7301000021030000fa03000008040000190400009d040000a7040000ba040000eb050000c3060000d8060000ff060000
660700009108000013090000db090000a30a0000500b0000d70c0000f60d0000830e0000080f00000a0f00001c0f0000
b5100000d41000002a1100004612000099120000dc12000054130000191400008c150000f11500007616000087160000
9b170000151e0000231e0000881e0000951e0000a41e0000b31e0000f91f0000192000002a200000c120000011210000
40210000c3210000e1210000fd210000e8230000122400004d2400007b240000a6270000a9280000d32900005c2a0000
e92a00005e2b0000f22b0000992c0000162d00001a2f0000432f000025300000703000002331000097310000f0310000
f93100000d3200001839000062390000a139000062400000d9400000054100005241000037010000c101000045040000
8b040000c3060000ff060000a60a0000aa0a0000dd0a0000e10a0000541300008415000031160000761600009b170000
9e170000a2170000c32100006f3600007c360000623700006f3b0000a63b0000d43d00009108000013090000a30a0000
500b00009b0c0000760e0000571300005b130000fe140000ba150000431700004717000022200000bd20000040210000
fd2100000022000004220000f136000048370000ff3700006c3b00001c3c0000633e00005f000000c4010000ce030000
8f040000860600000207000016090000470a0000500a0000650a0000ea0a0000eb0a0000530b000001150000be150000
5017000051170000c62100005b360000803600004c370000203b0000b33b00001f3c00002000000069000000b6010000
f2020000060300009006000042070000d1080000de1f00001700000042000000b40000000201000082010000b1010000
e8010000a6020000ed020000f90200007f0300009e030000f50300007b040000a3040000130500007d05000081050000
440600004b0600004f06000067080000dc0800004c09000063090000780900008c090000b2090000b6090000ba0b0000
c30b0000060c0000820c0000da11000025150000cc16000045180000161e0000d11f000055200000f720000030220000
4522000059220000b322000047230000d72500000b260000cd2c0000002f0000fd350000a03600001938000051380000
37010000c1010000450400008b040000c3060000ff0600009108000013090000a30a0000a60a0000aa0a0000dd0a0000
e10a0000500b00009b0c0000450d0000760e0000f30e0000d41000004612000054130000571300005b130000bf130000
c113000019140000fe1400002d15000084150000ba150000dc150000311600007616000043170000471700006e170000
701700009b1700009e170000a217000022200000bd20000040210000c3210000e1210000fd2100000022000004220000
5b27000029280000a9280000a9290000b4290000d32900006f3600007c360000f1360000143700004837000057370000
62370000ff370000993800006c3b00006f3b0000a63b00001c3c0000c43c00002a3d0000d43d0000633e0000923e0000
1700000042000000b4000000fa0000001e010000b1010000e8010000fb010000ed020000f9020000600300009e030000
010400007b040000ec040000130500007d05000081050000c3050000c5050000440600004b0600004f06000067080000
a5080000dc080000330900004c090000b2090000b6090000900b00009b0b0000e60c00007d1200002515000049150000
a815000014160000cc160000f9160000bd170000bf170000d11f0000f7200000d2220000ae2300001f2a0000d62b0000
cd2c0000002f0000fd350000113600004536000044370000f10300006f040000ea0600000b0700005a0e0000a9100000
27160000291600007b16000077200000302100003930000042300000373100008b310000b431000057320000f1030000
29040000220500002f050000ea06000055070000a910000052160000b3200000b520000045210000393000005e300000
99300000bb3000004232000069320000a3030000bf030000790400002305000030050000a9060000ab0600000c070000
5607000053160000782000003121000018300000433000005f30000088300000bc300000583200009e000000dd010000
9006000042070000d10800001a1500009d000000dc0100009e030000f50300007b040000a304000013050000a0050000
95060000ae060000cc060000f006000032070000480700004c0700006e070000d0080000c2090000e00c0000f00f0000
1915000004170000131800004e1800009d190000161e00002721000051210000522a00002f2b00006e2c00005f2d0000
5530000078300000303200004c320000f1030000290400006f040000220500002f050000ea0600000b07000055070000
5a0e0000d80e0000770f0000870f0000a9100000dd100000141100002716000029160000521600005f1600007b160000
7720000095200000b3200000b5200000302100003d21000045210000d62700000c280000d5280000d928000039300000
423000005e30000099300000bb300000ed3000000931000037310000733100008b310000b43100004232000057320000
5f32000069320000fe320000183300009d0000007c010000dc010000290200009e030000010400007b040000ec040000
13050000a0050000ec05000095060000ae060000480700004c0700009a080000d0080000e5080000c2090000390c0000
af100000191500005215000014160000de16000004170000e617000027210000142500005a2500006e2c00009a2c0000
55300000303200008c320000d8320000db0e0000f70e0000050f0000590f000025110000c8120000ec15000017160000
821600009a20000034210000072400007a240000e42a0000f12b00001e3100006d31000092310000b131000039320000
6532000094390000613d00008d3d0000e73d0000be400000f54000009a030000bc030000d5030000000400002e040000
74040000830400009b040000010500001f05000029050000580600009a060000d60600000f070000640700005b090000
850e00009b120000b2150000ef1500001816000056160000851600007120000000210000ee2300007d240000602a0000
f42b0000d62c0000382d0000092f0000312f00000a300000233000006e300000853000009f300000aa300000b6300000
953100009e310000b2310000e838000064390000383c0000583c0000693c0000803c0000883c0000eb3d00005f400000
024100003e0000001c010000e4010000550300007d050000c305000044060000b20900004a0a0000c10a0000ed0a0000
3a0b0000900b000021150000a61500005317000097170000bd1700001901000054030000ed0300005d0400006b040000
fa04000012050000c0050000c8050000f00500006606000082090000fb090000130a0000b60a0000390b00008f0b0000
ef0c0000330e0000520e0000d60e0000550f0000690f0000f70f00008510000070120000f5120000081300007d130000
1314000062140000a31500001d160000221600003017000096170000ba170000fa170000291800005118000093180000
d2190000ff190000231a0000331a0000451a0000621a0000ae2000001c210000d72300001e2400003e2400006a240000
ce270000f5290000682a0000992a0000f32a0000362b0000c92b00001e2c0000482c00009e2c0000e42c0000312d0000
c02d0000e32d0000202e0000252f0000b3380000cc3800000439000041390000c7390000ea39000076400000c8400000
1f41000069410000a5410000a80000002203000088060000c8060000040700002e070000140900005e0a0000510b0000
dc0c0000611300006f1600001718000082180000071a00004d1a0000fa1f0000c42100007301000021030000fa030000
0804000052040000eb040000f404000060050000c3060000f6060000ff060000350700009108000013090000a8090000
a30a0000500b0000430c0000d70c0000f60d00004a0e00004c0f00004e0f0000b70f0000ef0f000097100000d4100000
fa100000461200005413000019140000d41400008c1500001316000073160000761600009b170000b3180000c9180000
d7180000f0180000fc1800001119000042190000c2190000cf190000921a0000f91f0000192000002a200000e2200000
40210000c3210000e1210000fd210000752200000c250000302500004025000052250000a6270000a9280000d3290000
5e2d0000db2d0000492e0000722e00004e300000cb300000f930000084320000ac320000bc320000d0320000f7380000
ff390000073a0000fb3e00004d3f0000a43f0000ee3f00001700000061000000b4000000fa0000003c010000b1010000
c6010000fb010000bb020000ed020000f90200007d050000c30500004406000088060000c8060000040700002e070000
14090000b20900004a0a00005e0a0000c10a0000ed0a00003a0b0000510b0000900b0000e60c00006113000003150000
49150000741500006f1600005317000097170000bd170000071a00004d1a0000d11f0000c4210000d2220000ae230000
233b00008a3b0000b63b0000063c00001d3c0000d03d00005b0e0000e20e00002a160000681b0000a21b000079200000
3831000059310000b5310000df310000ec31000059320000493c0000623c0000663d00007f3d0000e13d0000ee3d0000
73010000d901000091080000cd080000a30a0000da0a0000a10d0000d410000034120000ee130000641500008c150000
76160000e5160000851700009b17000019200000e121000057130000bf1300009e170000b91c0000eb1c0000cb210000
91080000cd080000a30a0000da0a00009b0c0000450d0000d41000003412000057130000bf130000ee13000084150000
76160000e5160000851700009b1700009e170000db1a0000231b0000b91c0000eb1c0000e11f0000cb210000e1210000
6c3b0000a33b0000c43c0000fb3c0000be3d0000d43d00009f000000de01000091060000c20600004307000046070000
d20800003f0a0000e90a0000d60c000053130000151500001b1500003f1700004f170000292000003f210000fc210000
670a0000a50a0000560b00005b0b0000ce210000ff21000015000000e9000000b3010000e0020000e70200001b200000
6a00000036010000070300000a03000091060000c20600004307000046070000d20800003f0a0000670a0000a50a0000
e90a0000560b00005b0b0000531300003f1700004f170000e21f0000212000003f210000ce210000fc210000ff210000
1c3b00006e3b0000b23b0000223c0000273c0000623e00009f030000b0030000ef030000020400001d0400007c040000
92040000ed0400001a0500001c05000046050000a1050000ed050000b0060000e00600004d07000051070000c3090000
3a0c0000680e0000d20e0000480f0000ab0f0000b3100000df1000004c110000ce140000b4150000c11500000f160000
1516000035160000451600008e16000005170000e1170000e717000089200000b1200000b92000000b21000028210000
4321000078210000152500002a2500005b2500005e2500006f2c00009b2c0000fa2c00001a2d0000142f0000372f0000
2e300000563000005a30000031320000403200008d320000a6320000d9320000dc32000023340000823400004d350000
11390000d0390000dc3e00003f3f0000763f0000863f0000bc00000054010000fc020000140300007a050000c2050000
47060000b207000034080000af090000860b0000f00c0000560d0000b812000050140000b1170000bc170000d41f0000
2520000072210000d522000012230000b1230000b8230000d9030000380400002b05000037050000600a0000a80a0000
5a0b00005c0b00008b0e0000f90e000065130000bb130000081a00001d1a00004e1a0000511a000073200000ba200000
cd21000002220000f0230000092400007f240000832400003a2d0000332f000096330000b93300004e350000ec380000
6c3900009639000057400000ba400000f1400000014100001d0000003b000000ec000000fb0000001b010000b9010000
e10100009a020000e6020000ea0200004b0300007a050000c205000047060000b207000034080000af090000860b0000
b70c00003d0d0000b20d0000210e0000b812000050140000081500001e1500006e150000701500009a150000a5150000
b1170000bc170000ff1f00001e2000002420000072210000db0e0000f70e00006e0f00000b110000c8120000e0150000
1117000034210000d3270000ea2700008b280000e0280000da2f0000f12f0000003100003932000094390000d7390000
0a04000054040000c5040000d204000024060000aa09000095100000031600000b16000022170000f71b0000111c0000
ba2c00002a2d0000c9300000c4310000f9380000e63900001606000063090000800c00001b170000c81a00001e1b0000
680400003006000063060000730900007f0900007d0c00006c0d0000d60e0000250f00002610000073120000e2120000
e412000084140000fc15000022160000251700002d1700001e18000079180000d41a00000f1b0000611c0000761c0000
341d0000dd24000053260000702a0000cc2b0000e12c00009c2f0000b038000034390000c43900009a3a000000040000
cc040000d606000026070000850e00009b120000491b00007d1b0000851b0000bf1b0000731c0000472100007b2e0000
9d2e00002330000044320000643900003e3a00001c01000082020000c3050000e20900006c1c000039200000c0000000
1801000032020000fe02000098030000ec03000077040000170500001b0500008305000099050000bf05000049060000
a00700003d08000081090000b8090000be090000c9090000550c00006f12000000170000051f0000d61f00002d200000
ad2000005c2100004e220000972400006e260000672c0000562f00005633000017350000b2380000b53a000000040000
0a04000054040000c5040000cc040000d204000024060000d606000026070000aa090000850e0000da0e0000f60e0000
6c0f0000951000000a1100009b120000c7120000df150000031600000b1600001017000022170000491b00007d1b0000
851b0000bf1b0000f71b0000111c0000731c00003321000047210000d2270000e92700008a280000de280000ba2c0000
2a2d00007b2e00009d2e0000d92f0000f02f000023300000c9300000ff300000c43100003832000044320000f9380000
6439000093390000d6390000e63900003e3a00001c01000082020000c30500001606000063090000e2090000800c0000
dd0d00005b100000b71200001b170000c81a00001e1b00006c1c00000020000039200000b02700005a28000019010000
34020000ed03000018050000c005000082090000cb090000570c0000930d0000260f0000690f00003910000070120000
e5120000f5120000081300002918000064180000da190000761b0000e51b0000601c0000061f00002e200000ae200000
4f220000982400006f260000992a0000922b0000932e0000572f0000b33800003539000041390000b63a0000c0000000
fe02000098030000ea03000067040000770400001b05000083050000990500002f0600004906000062060000a0070000
3d080000720900007e090000b8090000be0900007c0c0000721200002116000000170000241700002c1700001c180000
78180000d61f00005c2100006e2a0000cb2b0000672c0000e02c00005633000017350000af380000c3390000a70a0000
de0a0000f0130000871700009f170000ec21000058130000c01300009f170000ba1c0000ec1c0000cc210000eb000000
ab0100003e0d00008b0d00005b1500007f150000a70a0000de0a000058130000c0130000f0130000871700009f170000
ba1c0000ec1c0000cc210000ec210000703b0000a73b0000c53c0000fd3c0000c03d0000d63d0000bd00000055010000
fd020000150300007e050000c405000048060000b307000035080000b3090000910b0000f10c0000570d0000b9120000
52140000b3170000be170000d51f00002620000073210000d622000013230000b2230000b92300003f0000001d010000
e5010000560300007e050000c405000048060000b307000035080000b3090000910b0000b90c0000230e0000b9120000
521400000a150000221500009c150000a7150000b3170000be170000012000002620000073210000fb0e0000e4150000
ee270000f52f000098390000db390000df0d00005d100000ba12000002200000b52700005d280000ee0300006c040000
6706000083090000d70e0000270f000074120000e612000085140000fe1500002416000031170000621c0000351d0000
df2400005e260000712a0000cd2b0000e52c00009e2f0000b438000036390000c8390000a53a00001d01000083020000
c4050000180600006e090000e3090000810c0000de0d00005c100000b91200001d170000c91a00001f1b00006e1c0000
012000003a200000b12700005c280000ee0300001905000083090000580c0000270f0000700f000074120000e6120000
13130000781b0000e71b0000621c0000b0200000502200009c240000732600009a2a0000932b0000952e00005b2f0000
b4380000363900004c390000ba3a0000ee0300005e0400006c040000fb0400006706000083090000d70e0000270f0000
430f000074120000e612000085140000fe1500001e1600002416000031170000621c0000351d00000e1e00002f1e0000
df2400005e260000712a0000cd2b0000e52c0000322d0000f92e00009e2f0000b43800000539000036390000b3390000
c8390000eb390000673a0000a53a000030060000730900007d0c00006c0d000026100000e2120000251700001e180000
79180000d41a00000f1b0000761c0000c00000001801000032020000fe02000083050000bf05000049060000b8090000
c9090000051f0000d61f00002d2000001d010000830200009f030000f3030000f8030000710400007c040000a4040000
1a050000a1050000c4050000180600006c060000b00600004d070000c6070000160800006e09000088090000c3090000
e3090000810c0000de0d0000040f0000730f00005c100000751200008f120000b9120000d21200001713000025160000
051700001d17000036170000c91a00001f1b00006e1c0000111e0000171e0000581e00007f1e0000f91e00000b1f0000
012000003a200000282100007a210000b12700005c280000742a0000952a0000632b0000ce2b00006f2c0000ea2c0000
c02e0000d92e000056300000313200003633000028350000b93800003139000050390000cd390000460400008c040000
a70a0000de0a00003b0f000058130000c0130000f01300000816000032160000871700009f170000ba1c0000ec1c0000
aa200000cc210000ec210000703600007d360000273700005f37000063370000fb370000703b0000a73b0000c53c0000
fd3c0000c03d0000d63d000091080000cd0800009b0c0000450d0000d4100000341200008415000076160000e5160000
db1a0000231b0000e11f00006a00000036010000070300000a03000091060000c20600004307000046070000d2080000
e21f0000212000003f210000bd00000055010000fd020000150300009f030000ef030000020400007c040000ed040000
1a0500001c0500007e050000c40500004806000050060000b3070000d0070000350800004108000068080000a6080000
dd080000340900004e090000b3090000910b0000f10c0000570d0000d20e0000480f0000ed1100006312000081120000
b9120000bf120000521400000f16000015160000c9160000cd160000f4160000fa160000b3170000be170000d51f0000
26200000b1200000f820000073210000762100009a210000a8210000d622000013230000b2230000b9230000202a0000
af2a0000d72b0000da2b0000ce2c0000012f0000413300005a33000026350000fe3500001236000046360000d7360000
3f37000045370000d63700005b0e0000e20e00002a160000681b0000a21b0000792000003831000059310000b5310000
df310000ec3100005932000073010000d901000091080000cd080000a10d0000d410000034120000641500008c150000
76160000e5160000192000009f000000de01000091060000c20600004307000046070000d2080000d60c000015150000
1b150000292000003f2100009f030000ef030000020400007c040000ed0400001a0500001c050000a1050000ed050000
b0060000e00600004d07000051070000c30900003a0c0000d20e0000480f0000b3100000df1000004c110000ce140000
0f160000151600008e16000005170000e1170000e7170000b12000000b21000028210000432100007821000015250000
2a2500005b2500005e2500006f2c00009b2c0000142f00002e300000563000005a30000031320000403200008d320000
a6320000d9320000dc320000db0e00006e0f00000b110000c81200001117000034210000d32700008b280000e0280000
da2f000000310000393200000a040000c504000024060000aa090000951000000316000022170000f71b0000111c0000
ba2c0000c9300000c431000000040000cc040000d6060000260700009b1200007d1b0000bf1b0000731c000047210000
7b2e00002330000044320000000400000a040000c5040000cc04000024060000d606000026070000aa090000da0e0000
6c0f0000951000000a1100009b120000c71200000316000010170000221700007d1b0000bf1b0000f71b0000111c0000
731c00003321000047210000d22700008a280000de280000ba2c00007b2e0000d92f000023300000c9300000ff300000
c431000038320000443200003f0000001d010000e5010000560300007e050000c405000048060000b307000035080000
b30900004b0a0000c20a0000ee0a00003b0b0000910b0000b90c0000230e0000b91200005d1300000914000052140000
0a150000221500009c150000a715000049170000541700009217000098170000b3170000be1700000120000026200000
73210000f021000006220000600a0000a80a00005a0b00005c0b000065130000bb130000081a00001d1a00004e1a0000
511a0000cd210000022200001d000000ec000000fb000000b90100009a020000e6020000ea0200003d0d0000b20d0000
6e150000701500001e200000bd00000055010000fd020000150300007e050000c405000048060000b307000035080000
b30900004b0a0000600a0000a80a0000c20a0000ee0a00003b0b00005a0b00005c0b0000910b0000f10c0000570d0000
b91200005d13000065130000bb130000091400005214000049170000541700009217000098170000b3170000be170000
081a00001d1a00004e1a0000511a0000d51f00002620000073210000cd210000f02100000222000006220000d6220000
13230000b2230000b9230000243b0000713b00008b3b0000b73b0000073c0000263c0000283c0000c03c00001a3d0000
cb3d0000d13d0000663e0000ee0300001905000083090000580c00008f0e0000270f0000650f0000700f000074120000
e612000013130000741b0000781b0000961b0000e71b0000621c0000e41d0000201e0000b0200000502200009c240000
732600009a2a0000932b0000952e0000b42e0000e32e00005b2f0000b4380000363900004c39000070390000bf390000
3a3a00006c3a0000ba3a00001901000034020000c0050000cb090000930d000039100000f51200002918000064180000
da190000061f00002e200000c0000000fe020000830500002f0600004906000072090000b80900007c0c000024170000
1c18000078180000d61f00001d010000830200009f030000ef030000020400007c040000ed0400001a0500001c050000
a1050000c4050000180600003c060000b00600004d0700006e090000840900009e090000c3090000e30900005b0c0000
810c0000de0d0000d20e0000480f00005c1000003811000079120000b9120000f8120000801400000f16000015160000
051700001d1700002a1700005919000075190000c5190000971a0000c91a00001f1b00006e1c0000012000003a200000
b12000002821000051220000a1240000ea2400006226000078260000b12700005c2800006f2c0000c62c0000602f0000
a92f00005630000031320000c5330000aa340000b538000039390000a93a0000bf3a0000800f00008e20000040280000
282e00003c2f0000fb3a00006a3d0000a13d0000ba3e0000580d00005d100000ba120000c41300004015000073170000
3b2700005d280000af2900008d0100005f020000180600006e090000ce0a00001d0b0000681500001d1700008c170000
ee030000220400006c04000050050000f4050000dd0b0000d70e0000270f0000340f0000f80f00004510000086100000
fe150000241600004a160000ee170000cf1b0000861c00002724000059240000f72400003e260000fe2a0000712b0000
a22c00001f2d00008e2d0000c12d0000152e0000b62f0000243a0000853a0000e83e00008b3f0000d84000003e410000
22140000ea210000cb29000071130000a41c0000ed1c0000020100004b0200005d150000c8050000960b0000ef0c0000
330e00003a10000062140000c2170000e81a0000421b0000071d0000ca220000b72300008a0e0000c20f000058130000
c01300009f170000721b0000b41b0000ba1c0000ec1c0000cc210000ea230000822400006b390000383a00005d3f0000
c33f00006340000006410000eb00000021010000ab0100005b030000c8050000960b00003e0d00008b0d0000940d0000
3a100000621400005b1500007f150000ab150000c2170000071d00002b2300007c230000010101010101010101010101
010101010101010101010101010101010101010101010101010101010101010101010101010101010101010201010201
010201010201010101010101010102010201010102010102010201010201010201010201010201010101010101010101
010101010101010201010101010101010101010101010101010101010101010101010101010101010101010101010101
020101010201020201010101010101020101010101010101010201010102010101010101010101010101010201010101
010101010101010102010101010101010101010101020101010101010101010101010101010101010101010101010101
010101010101010101010101010101020101020101020101010202010101010101010101020101010101010101010101
010101010101010101010101010101010101010101020101010201010201010101010101010201010102010102010101
010101010101010101010101010101010101010101010101010101010101010101010101010101010101010101010101
010101010101010101010101010101010101010101010101010101010101010101010101010101010101010101010101
010101010101010101010101010101010101010101010101010101010101010101010101010101010101010101010101
010101010101010101010101010101010101010101010101010101010101010101010101010101010101010101010101
010101010101010101010101010101010101010101010101010101010101010101010101010101010101010101010101
010101010101010101010101010101010101010101010101010101010101010101010101010101010101010101010101
010101010101010101010101010101010101010101010101010101010101010101010101010101010101010101010102
010101010102020201010101010101010101010101010101010101010101010101010101010101010101010101010101
010101010101010101010101010101010101010101010101010101010101010101010101010101010101010101010101
010101010101010101010101010101010101010101010101010101010101010101010101010101010101010101010101
010101010101010101010101010101010101010101010101010101010101010101010101010101010101010101010101
010101010101010101010101010101010101010101010101010101010101010101010101010101010101010101010101
010101010101010101010101010101010101010101010101010101010101010101010101010101010101010101010101
010101010101010101010101010101010101010101010101010101010101010202020202020202020202020202020202
020102010202020202010101020102020102020201010202010102010201020202020101020201020101010102020101
010201020201020201010102020202020202020102010202020101010101010101010101010101010101010101010101
010101010101010101010101010101010101010101010101010101010101010101010101010101010101010101010101
010101010101010101010101010101010101010101010101010101010101010101010101010101010101010101010101
010101010101010101010101010101010101010101010101010101010101010101010101010101010101010101010101
010101010101010101010101010101010101010101010101010101010101010101010101010101010101010101010101
010101010101010101010101010101010101010101010101010101010101010101010101010101010101010101010101
010101010101010101010101010101010101010101010101010101010101010101010101010101010101010101010101
010101010101010101010101010101010101010101010101010101010101010101010101010101010101010101010101
010101010101010101010101010101010101010101010101010101010101010101010101010101010101010101010101
010101010101010101010101010101010101010101010101010101010101010101010101010101010101010101010101
010101010101010101010101010101010101010101010101010101010101010101010101010101010101010101010101
010101010101010101010101010101010101010101010101010101010101010101010101010101010101010101010101
010101010101010101010101010101010101010101010101010101010101010101010101010101010101010101010101
010101010101010101010101010101010101010101010101010101010101010101010101010101010101010101010101
010101010101010101010101010101010101010101010101010101010101010101010101010101010101010101010101
010101010101010101010101010101010101010101010101010101010101010101010101010101010101010101010101
010101010101010101010101010101010101010101010101010101010101010101010101010101010101010101010101
010101010101010101010101010101010101010101010101010101010101010101010101010101010101010101010101
010101010101010101010101010101010101010101010101010101010101010101010101010101010101010101010101
010101010101010101010101010101010101010101010101010101010101010101010101010101010101010101010101
010101010101010101010101010101010101010101010101010101010101010101010101010101010101010101010101
010101010101010101010101010101010101010101010101010101010101010101010101010101010101010101010101
010101010101010101010101010101010101010101010101010101010101010101010101010101010101010101010101
010101010101010101010101010101010101010101010101010101010101010101010101010101010101010101010101
010101010101010101010101010101010101010101010101010101010101010101010101010101010101010101010101
010101010101010101010101010101010101010101010101010101010101010101010101010101010101010101010101
010101010101010101010101010101010101010101010101010101010101010101010101010101010101010101010101
010101010101010101010101010101010101010101010101010101010101010101010101010101010101010101010101
010101010101010101010101010101010101010101010101010101010101010101010101010101010101010101010101
010101010101010101010101010101010101010101010101010101010101010101010101010101010101010101010101
010101010101010101010101010101010101010101010101010101010101010101010101010101010101010101010101
010101010101010101010101010101010101010101010101010101010101010101010101010101010101010101010101
010101010101010101010101010101010101010101010101010101010101010101010101010101010101010101010101
010101010101010101010101010101010101010101010101010101010101010101010101010101010101010101010101
010101010101010101010101010101010101010101010101010101010101010101010101010101010101010101010101
010101010101010101010101010101010101010101010101010101010101010101010101010101010101010101010101
010101010101010101010101010101010101010101010101010101010101010101010101010101010101010101010101
010101010101010101010101010101010101010101010101010101010101010101010101010101010101010101010101
010101010101010101010101010101010101010101010101010101010101010101010101010101010101010101010101
010101010101010101010101010101010101010101010101010101010101010101010101010101010101010101010101
010101010101010101010101010101010101010101010101010101010101010101010101010101010101010101010101
010101010101010101010101010101010101010101010101010101010101010101010101010101010101010101010101
010101010101010101010101010101010101010101010101010101010101010101010101010101010101010101010101
010101010101010101010101010101010101010101010101010101010101010101010101010101010101010101010101
010101010101010101010101010101010101010101010101010101010101010101010101010101010101010101010101
010101010101010101010101010101010101010101010101010101010101010101010101010101010101010101010101
010101010101010101010101010101010101010101010101010101010101010101010101010101010101010101010101
010101010101010101010101010101010101010101010101010101010101010101010101010101010101010101010101
010101010101010101010101010101010101010101010101010101010101010101010101010101010101010101010101
010101010101010101010101010101010101010101010101010101010101010101010101010101010101010101010101
010101010101010101010101010101010101010101010101010101010101010101010101010101010101010101010101
010101010101010101010101010101010101010101010101010101010101010101010101010101010101010101010101
010101010101010101010101010101010101010101010101010101010101010101010101010101010101010101010101
010101010101010101010101010101010101010101010101010101010101010101010101010101010101010101010101
010101010101010101010101020101010101010101010101010101020101010101010101010101010101010101010101
010101010101010101010101010101010101010101010101010101010101010101010101010101010101010101010101
010101010101010101010101010101010101010101010101010101010101010101010101010101010101010101010101
010101010101010101010101010101010101010101010101010101010101010101010101010101010101010101010101
010101010101010101010101010101010101010101010101010101010101010101010101010101010101010101010101
010101010101010101010101010101010101010101010101010101010101010101010101010101010101010101010101
010101010101010101010101010101010101010101010101010101010101010101010101010101010101010101010101
010101010101010101010101010101010101010101010101010101010101010101010101010101010101010101010101
010101010101010101010101010101010101010101010101010101010101010101010101010101010101010101010101
010101010101010101010101010101010101010101010101010101010101010101010101010101010101010101010101
010101010101010101010101010101010101010101010101010101010101010101010101010101010101010101010101
010101010101010101010101010101010101010101010101010101010101010101010101010101010101010101010101
010101010101010101010101010101010101010101010101010101010101010101010101010101010101010101010101
010101010101010101010101010101010101010101010101010101010101010101010101010101010101010101010101
010101010101010101010101010101010101010101010101010101010101010101010101010101010101010101010101
010101010101010101010101010101010101010101010101010101010101010101010101010101010101010101010101
010101010101010101010101010101010101010101010101010101010101010101010101010101010101010101010101
010101010101010101010101010101010101010101010101010101010101010101010101010101010101010101010101
010101010101010101010101010101010101010101010101010101010101010101010101010101010101010101010101
010101010101010101010101010101010101010101010101010101010101010101010101010102010201010101010101
010101010101010101010201010101020101010101010101010101010101010101010101010101010101010101010101
010101010101010101010102010201010101010101010101010101010101010101010101010101010101010101010101
010101010101010101010101010101010101010101010101010101010101010101010101010101010101010101010101
010101010101010101010101010101010101010101010101010101010101010101010101010101010101010101010101
010101010201010101020101010101010101010101010101010101010101010101010101010101010101010101010101
010101010101010101010101010101010101010101010101010101010101010101010101010101010101010101010101
010101010101010101010101010101010101010101010101010101010101010101010101010101010101010101010101
010101010101010101010101010101010101010101010101010101010101010101010101010101010101010101010101
010101010201010101010101010101010101010101010101010101010102010201020101010101010101010101010101
010101020101010101010101010101010101010101010102010101010101010101010101020101010101010101010101
010101010101010101010101010101010101010101010101010101010101010101010101010101010101010101010101
010101010101010101010101010101010101010101010101010101010101010101010101010101010101010101010101
010101010101010101010101010101010101010101010101010101020101010201010101010101010101010101010101
010101010101010101010101010101010101010101010101010101010101020101010101010101010101010102010101
010101010101010101010101010101010101010101010101010101010101010101010101010101010101010101010101
010101010101010101010101010101010101010101010101010101010101010101010101010101010101010101010101
010101010201020101010101010101010101010101010101010101010101010101010101010101010101010101010101
010101010101010101010101010101010101010101010101010101010101010101010101010101010101010101010101
010101010101010101010101010101010101010101010101010101010101010101010101010101010101010101010101
010102010101010101010101010101010102010101010101010101010101010101010101010101010101010101010101
010101010101010101010101010101010101010101010101010101010101010101010101010101010101010101010101
010101010101010101010101010101010101010101010101010101010101010101010101010101010101010101010101
010101010101010101010101010101010101010101010101010101010101010101010101010101010101010101010101
010101010101010101010101010101010101010101010101010101010101010101010102010101010202010101010101
010101010101010101010101010101010101010101010101010101010101010101010101010101010101010101010101
010101010101010101010101010101010101010101010101010101010101010101010101010101010101010101010101
010101010101010101010101010101010101010101010201010101020201010101010101010101010101010101010101
010101010101010101010101010101010101010101010101010101010101010101010101010101010101010101010101
010101010101010101010101010101010101010101010101010101010101010101010101010101010101010101010101
010101010101010101010101010101010101010101010101010101010101010101010101010101010101010101010101
010101010101010101010101010101010101010101010101010101010101010101010101010101010101010101010101
010101010101010101010101010101010101010101010101010101010101010101010101010101010201020101010101
020101010101010101010101010101010101010101010101010101010101010101010101010101010101010101010101
010101010101010101010101010101010101010101010101010101010101010101010101010101010101010101010101
010101010101010101010101010101010101010101010101010101010101010101010101010101010101010101010101
010101010101010101010101010101010101010101010101010101010101010101010101010101010101010101010101
010101010101010101010101010101010101010101010101010101010101010101010101010101010101010101010101
010101010101010101010101010101010101010101010101010101010101010101010101010101010101010101010101
010101010101010101010101010101010101010101010101010101010101010101010101010101010101010101010101
010101010101010101010101010101010101010101010101010101010101010101010101010101010101010101010101
010101010101010101010101010101010101010101010101010101010101010101010101010101010101010101010101
010101010101010101010101010101010101010101010101010101010101010101010101010101010101010101010101
010101010101010101010101010101010201010101010101010101010102010101010101010101010101010101010101
010101010101010101010101010101010101010101010101010101010101010101010101010101010101010101010101
010101010101010101010101010101010101010101010101010101010101010101010101010101010101010101010101
010101010101010101010101010101010101010101010101010101010101010101010101010101010101010101010101
010101010101010101010101010101010101010101010101010101010101010101010101010101010101010101010101
010101010101010101010101010101010101010101010101010101010101010101010101010101010101010101010101
010101010101010101010101010101010101010101010101010101010101010101010101010101010101010101010101
010101010101010101010101010101010101010101010101010101010101010101010101010101010101010101010101
010101010101010101010101010101010101010101010101010101010101010101010101010101010101010101010101
010101010101010101010101010101010101010101010101010101010101010101010101010101010101010101010101
010101010101010101010101010101010101010101010101010101010101010101010101010101010101010101010101
010101010101010101010101010101010101010101010101010101010101010101010101010101010101010101010101
010101010101010101010101010101010101010101010101010101010101010101010101010101010101010101010101
010101010101010101010101010101010101010101010101010101010101010101010101010101010101010101010101
010101010101010101010101010101010101010101010101010101010101010101010101010101010101010101010101
010101010101010101010101010101010101010101010101010101010101010101010101010101010101010101010101
010101010101010101010101010101010101010101010101010101010101010101010101010101010101010101010101
010101010101010101010101010101010101010101010101010101010101010101010101010101010101010101010101
010101010101010101010101010101010101010101010101010101010101010101010101010101010101010101010101
010101010101010101010101010101010101010102010101010101010101020101010101010101010101010101010101
010101010101010101010101010101010101010101010101010101010101010101010101010101010101010101010101
010101010101010101010101010101010101010101010101010101010101010101010101010101010101010101010101
010101010101010101010101010101010101010101010101010101010101010101010101010101010101010101010101
010101010101010101010101010101010101010101010101010101010101010101010101010101010101010101010101
010101010101010101010101010101010101010101010101010101010101010101010101010101010101010101010101
010101010101010101010101010101010101010101010101010101010101010101010101010101010101010101010101
010101010101010101010101010101010101010101010101010101010101010101010101010101010101010101010101
010101010101010101010101010101010101010101010101010101010101010101010101010101010101010101010101
010101010101010101010101010101010101010101010101010101010101010101010101010101010101010101010101
010101010101010101010101010101010101010101010101010101010101010101010101010101010101010101010101
010101010101010101010101010101010101010101010101010101010101010101010101010101010101010101010101
010101010101010101010101010101010101010101010101010101010101010101010101010101010101010101010101
010101010101010101010101010101010101010101010101010101010101010101010101010101010101010101010101
010101010101010101010101010101010101010101010101010101010101010101010101010101010101010101010101
010101010101010101010101010101010101010101010101010101010101010101010101010101010101010101010101
010101010101010101010101010101010101010101010101010101010101010101010101010101010101010101010101
010101010101010101010101010101010101010101010101010101010101010101010101010101010101010101010101
010101010101010101010101010101010101010102010101010101010101010101010101010101010101010101010101
010101010101010101010101010101010101010101010101010101010101010101010101010101010102020202010201
020201020102020201010101010101010102010101020101010102010102010202010102010101020101010201010101
010201010101010101010101010101010101010101010101010101010101010101010101010101010101010101010101
010101010101010101010101010101010101010101010101010101010101010101010101010101020202020202020202
010102010101010101010101010101010101020101010101010101020202020202020202020202020202020202020202
020202020202020202020201010101010101010101010101010101010101010101010101010101010101010101010101
010101010101010101010101010101010101010101010101010101010101010101010101010101010101010101010101
010101010101010101010101010101010101010101010101010101010101010101010101010101010101010101010101
010101010101010101010101010101010101010101010101020101010101010101010101010101010101010101010101
010101010101010101010101010101010101010101010101010101010101010101010101010101010101010101010101
010101010101010101010101010101010101010101010101010101010101010101010101010101010101010101010101
010101010101010101010101010101010101010101010101010101010101010101010101010101010101010101010101
010101010101010101010101010101010101010101010101010101010101010101010101010101010101010101010101
010101010101010101010101010101010101010101010101010101010101010101010101010101010101010101010101
010101010101010101010101010101010101010101010101010101010101010101010101010101010101010101010101
010101010101010101010101010101010101010101010101010101010101010101010101010101010101010101010101
010101010101010101010101010101010101010101010101010101010101010101010101010101010101010101010101
010101010101010101010101010101010101010101010101010101010101010101010101010101010101010101010101
010101010101010101010101010101010101010101010101010101010101010101010101010101010101010101010101
010101010101010101010101010101010101010101010101010101010101010101010101010101010101010101010101
010101010101010101010101010101010101010101010101010101010101010101010101010101010101010101010101
010101010101010101010101010101010101010101010101010101010101010101010101010101010101010101010101
010101010101010101010101010101010101010101010101010101010101010101010101010101010101010101010101
010101010101010101010101010101010101020101020201010201010201020201020101010102020102010101010101
010101020101010101010101010101010102010101010201010101020102020101020101010201010101010101010101
010201010101010101020101010101010101010101010101010101010101010101010101010101010101010101010101
010101010101010101010101010101010101010101010101010101010101010101010101010101010101010101010101
010101010101010101010101010101010101010101010101010101010101010101010101010101010101010101010101
010101010101010101010101010101010101010101010101010101010101010101010101010101010101010101010101
010101010101010101010101010101010101010101010101010101010101010101010101010101010101010101010101
010101010101010101010101010101010101010101010101010101010101010101010101010101010101010101010101
010101010101010101010101010101010101010101010101010102010101010101010101010101010101010101010101
010101010101010101010101010101010101010101010101010101010101010101010101010101010101010101010101
010101010101010101010101010101010101010101010101010101010101010101010101010101010101010101010101
010101010101010101010101010101010101010101010101010101010101010101010101010101010101010101010101
010101010101010101010101010101010101010101010101010101010101010101010101010101010201020102020101
020102020201010201010101010101010101010101010101010101010101010101010101010101010101010101010101
010201010101010101010101010101010101010101010101020101010101010101010101010101010101010101010101
010101010101010101010101010101010101010101010101010101010101010101010101010101010101010201010101
010101010101010101010101010101010101010101010101010101010101010101010101010101010101010101010101
010101010101010101010101010101010101010101010101010101010101010101010101010101010101010101010101
010101010101010101010101010101010101010101010101010101010101010101010101010101010101010101010101
010101010101010101010101010101010101010101010101010101010101010101010101010101010101010101010101
010101010101010101010101010101010101010101010101010101010101010101010101010101010101010101010101
010101020201010102020201010202010102010202020202020101020101020202020101010102020102020202010202
020101010201010101020201010101010201010101010101010101010101010101010101010101010101010101010101
010101010101010101010101010101010101010101010101010101010101010101010101010101010101010101010101
010101010101010101010101010101010101010101010101010101010101010101010101010101010101010101010101
010201010101010101010101010101010101010101010101010101010101010101010101010101010101010101010101
010101010101010101010101010101010101010101010101010101010101010101010101010101010101010101010101
010101010101010101010101010101010101010101010101010101010101010101010101010101010101010101010201
010101010101010101010101010101010101010101010101010101010101010101010101010101010101010101010101
010101010101010101010101010101010101010101010101010101010101010101010101010101010101010101010101
010101010101010101010101010101010101010101010101010101010101010101010101010101010101010101010101
010101010101010101010101010101010101010101010101010101010101010101010101010101010101010101010101
010101010101010101010101010101010101010101010101010101010101010101010101010101010101010101010101
010101010101010101010101010101010101010101010101010101010101010101010101010101010101010101010101
010101010101010101010101010101010101010101010101010101010101010101010101010101010101010101010101
010101010101010101010101010101010101010101010101010101010101010101010101010101010101010101010101
010101010101010101010101010101010101010101010101010101010101010101010101010101010101010101010101
010101010101010101010101010101010101010101010101010101010101010101010101010101010101010101010101
010101010101010101010101010101010101010101010101010101010101010101010101010101010101010101010102
020102010201010101010101010101010102020101010101010101010101010101010101010101010101010101010101
010101010101010101010101010101010101010101010101010101010101010101010101010101010101010101010101
010101010101010101010101010101010101010101010101010101010101010101010101010101010101010101010101
010101010101010101010101010101010101010101010101010101010101010101010101010101010101010101010101
010101010101010101010101010101010101010101010101010101010101010101010101010101010101010101010101
010101010101010101010101010101010101010101010101010101010101010101010101010101010101010101010101
010101010101010101010101010101010101010101010101010101010101010101010101010101010101010101010101
010101010101010101010101010101010101010101010101010101010101010101010101010101010101010101010101
010101010101010101010101010101010101010202010101010102010101010101010101010101010101010101010101
010102010101010102010101010101010101010101010201010101010101010101010101010101010101020201010101
010101020101020101010101010201010101010101010101010101010101010101020101010101010101010101010101
010101010101010101020101010101010101010101010101010101010101020101010101010101010101010202010101
010101010201010101010101010101010201010101010101010101010101010102010101010101010101010101010101
010102010102010101010101010201010101010101010101010101010101010101010101010101010101010101010101
010101010101010101020101020102010201010201010101010101010101010101010201010101010101020201020101
010101010102010101010101010101010101010101010101010101010101010101010101010101010101010101010101
010101010101010101010101010101010101010101010101010101010101010101010101010101010101020101010101
010101010101010101010101010101010101010101010101020101010101010101010101010101010101010101010101
010101010101010101010101010101010101010101010101010101010102010101010101010101010101010101010101
010101010101010101010101010101010102010201010101010101010101010201020101010101020101010101010101
010201010101010101010101010101010101010101010101010101010101010101010101010101010101010101010101
010101010101010101010101010101010101010101010101010101010101010101010101010101010101010101010101
010101010101010101010101010101010101010101010101010101010101010101010101010101010101010101010101
010101010101010101010101010201010101010201010101010101010201010101010101010101010101010101010101
010101010101010201010101010101010101010101010101010101010101010101010101010101010101010101010101
010101010101010101010101010101010101010101010101010101010101010101010101010101010101010101010101
010101010101010101010101010101010101010101010101010101010101010101010101010101010101010101010101
010101010101010101010101010101010101010101010101010101010101010101010101010101010101010101010101
010101010101010101010101010101010101010101010101010101010101010101010101010101010101010101010202
010201010101010101010201010101010101010101010101010101010101010101010101010101010101010101010101
010101010101010101010101010101010101010101010102020101010101010101010102010101010101010101010101
010102010101020101020102010201010101010101010101010201010101020102010101010201010101010102010101
010101010101010101010101010101010101010102010101010101010101010101010101010101010101010201010101
010101010101010101010101010101010101010101010101010101010101010101010101010101010101010101010101
010101010101010101010101010101010101010101010101010101010101010101020101010101010101010101010101
010101010101010101010101010101010102010101010101010102010101010101010201010101010102010201010101
010101010101010102010101010101010101010101010101010101010101010101010101010101010101010101010101
010101010101010101010101010101010101010101010101010101010101010101010101010101010101010101010101
010101010101010101010101010101010101010101010101010101010101010101010101010101010101010101010101
010101010101010101010101010101010101010101010101010101010101010101010101010101010101010101010101
010101010101010101010101010101010101010101010101010101010101010101010101010101010101010101010101
010101010101010101010101010101010101010101010101010101010101010101010101010101010101010101010101
010101010101010101010101010101010101010101010101010101010101010101010101010101010101010101010101
010101010101010101010101010101010101010101010101010101010101010101010101010101010101010101010101
010101010101010101010101010101010101010101010101010101010101010101010101010101010101010101010101
010101010101010101010101010101010101010101010101010101010101010101010101010101010101010101010101
010101010101010101010101010101010101010101010101020101010201020101010101010101010101010101010101
010101010101010101010101010101010101010101010101010101010101010101010101020102010101020101010101
010101010101010101010101010101010101010101010101010101010101010101010101010101010101010101010101
010101010101010101010101010101010101010101010101010101010101010101010101010101010101010101010101
010101010101010101010101010101010101010101010101010101010101010101010101010101010101010101010101
010101010101010101010101010101010101010101010101010101010101010101010101010101010101010101010101
010101010101010101010101010101010101010101010101010101010101010202020202020202020202020202020202
020202020202020202020202020201020202020201020202020202020202020202020202020202020202020202020202
020202020202020202020202020201020102020102020202020202020102020202020201010201010202020102020202
020202020102010202010201010101010101010101010101010101010101010101010101010101010102010101010101
010101010101010101010101010101010101010101010101010101010101010101010101010101010101010101010101
010101010101010101010101010101010101010101010101010101010101010101010101010101010101010101010101
010101010101010101010101010101010101010101010101010101010101010101010101010101010101010101010101
010101010101010101010101010101010101010101010101010101010201010101010101010101010101010101010101
010101010101010101010101010101010101010101010101010101010101010101010101010101010101010101010101
010101010101010101010101010101010101010101010101010101010101010101010101010101010101010101010101
010101010101010101010101010101010101010101010101010101010101010101010101010101010101010101010101
010101010101010101010101010101010101010101010101010101010101010101010101010101010101010101010101
010101010101010101010101010101010101010101010101010101010101010101010101010101010101010101010101
010101010101010101010101010101010101010101010101010101010101010101010101010101010101010101010101
010101010101010101010101010101010101010101010101010101010101010101010101010101010101020201020102
020101010201010101010101020202010101010201010101010101020201010101010101010101010101010101010101
010202010101010101010101010101010101010101010101010201010101010101010101020201010101010101010101
010101010101010101010101010101010101010101010101010101010101010101010102010101010101010101010101
010101010101010101010101010101010101010101010101010101010101010101010101010201010101010101010101
010101010101010101010101010101010101010101010101010101010101010101010102010102010102010101010101
010101010101010101010101010101010101010101010101010101010101010101010101010101010101010101010101
010101010101010101010101010101010101010101010101010101010101010101010101010101010101010101010101
010101010101010101010101010101010101010101010101010101010101010101010101010101010101010101010101
010101010101010101010101010101010101010101010101010101010101010101010101010101010101010101010101
010101010101010101010101010101010101010101010101010101010101010101010101010101010101010101010101
010101010101010101010101010101010101010101010101010101010101010101010101010101010101010101010101
010101010101010101010101010101010101020101010101020101010101010101010101010101010101010101010101
010101010101010101010101010101010101010101010101010201010102010101010101010101010101010101010101
010101010101010101010101010101010101010201010101010101010101010201010101010101010101010101010101
010101010101010101010101010101010101010101010101010101010101010101010101020101010101010101010101
010101010101010101010101010101010101010101010102010101010101010101010101010101010101010101010101
010101020101010201020201010201010101010101010101010101010101010101010102010101010101010101020101
010101010101010101010101010101010101010101010101010101010101020101010101010202010101010101010101
010101010101010101010101010101010101010102010101010101010201010101010201010101010101010101010101
010101010101010101010101010101010101010101010101010101010101010101010101010101010101010101010101
010101010101010201010101010101010201010102010101010101010101010101010101010101010101010101010102
010102010101010101010201010101010201010101010101010101010101010101010101010101010101010101010101
010101010101010101010102010201020101010101010101010101010101010101010101010101010101010101010101
010101010101010101010101010101010101010101010101010101010101010101010101010101010101010101010101
010101010101010101010101010101010101010101010101010101010101010101010101010101010101010101010101
010101010101010201010101010101010101010101010101010101010101010101010101010101010102010102020101
010201010202010101020102010101020101010101010101010101010101010101010101010101010101010101020101
010101010101010101010101020102010101010101010101010101010101010101010101010101010101010101010101
010101010101010101010101010101010101010101010101010202010101010101010102010101010101010101010101
010101010101010101010101010101010101010101010101010101010101010101010101010101010101010101010101
010101010101010101010101010101010101010101010101010101010101010101010101010101010101010101010101
010101010101010101010101010101010101010101010101010101010101010101010101010101010101010101010101
010101010101010101010101010101010101010101010101010101010101010101010101010101010101010101010101
010101010101010101010101010101010101010101010101010101010101010101010101010101010101010101010101
010101010101010101010101010101010101010101010101010101010101010101010101010101010101010101010101
010101010101010101010101010101010101010101010101010101010101010101010101010101010101010101010101
010101010101010101010101010101010101010101010101010101010101010101010101010101010101010101010101
010101010101010101010101010101010101010101010101010101010101010101010101010101010101010101010101
010101010101010101010101010101010101010101010101010101010101010101010101010101010101010101010101
010101010101010101010101010101010101010101010101010101010101010101010101010101010101010101010101
010101010101010101010201020101010201010101010101010101010101010101010101010101010101010101010101
010101010101010101010101010101010101010101010101010101010101010101010101010101010102010101020102
010101010101010101010101010101010101010101010101010101010101010101010101010101010101010101010101
010101010101010101010101010101010101010101010101010101010101010101010101010101010101010101010101
010101010101010101010101010101010101010101010101010101010101010101010101010101010101010101010101
010101010101010101010101010101010101010101010101010101010101010101010101010101010101010101010101
010101010101010101010101010101010101010101010101010101010101010101010101010101010101010101010101
010101010101010101010101010101010101010101010101010101010101010101010101010101010101010101010101
010101010101010101010101010101010101010101010101010101010101010101010101010101010101010101010101
010101010101010101010101010101010101010101010101010101010101010101010101010101010101010101010101
010101010101010101010101010101010101010101010101010101010101010101010101010101010101010101010101
010101010101010101010101010101010101010101010101010101010101010101010101010101010101010101010101
010101010101010101010101010101010101010101010101010101010101010101010101010101010101010101010101
010101010101010101010101010101010101010101010101010101010101010101010101010101010101010101010101
010101010101010101010101010101010101010101010101010101010101010101010101010101010101010101010101
010101010101010101010101010101010101010101010101010101010101010101010101010101010101010101010101
010101010101010101010101010101010101010101010101010101010101010101010101010101010101010101010101
010101010101010101010101010101010101010101010101010101010101010101010101010101010101010101010101
010101010101010101010101010101010101010101010101010101010101010101010101010101010101010101010101
010101010101010101010101010101010101010101010101010101010101010101010101010101010101010101010101
010101010101010101010101010101010101010101010101010101010101010101010101010101010101010101010101
010101010101010101010101010101010101010101010101010101010101010101010101010101010101010101010101
010101010101010101010101010101010101010201010101010101010101010101010101010101010101010101010101
010101010101010101010101010101010101010101010101010101010101010101010101010101010101010101010101
010101010101010101010101010101010101010101010101010101010101010101010101010101010101010101010101
010101010101010101010101010101010101010101010101010101010101010101010101010101010101010101010101
010101010101010101010101010101010101010101010101010101010101010101010101010101010101010101010101
010101010101010101010101010101010101010101010101010101010101010101010101010101010101010101010101
010101010101010101010101010101010101010101010101010101010101010101010101020101010101010101010101
010101010101010101010101010101010101010101010101010101010101010101010101010101010101010101010101
010101010101010101010101010101010101010101010101010101010101010101010101010101010101010101010101
010101010101010101010101010101010101010101010101010101010101010101010101010101010101010101010101
010101010101010101010101010101010101010101010101010101010101010101010101010101010101010101010101
010101010101010101010101010101020101010101010101010101020201010101010101010101010101010201010101
010101010101010101010101010101010101010101010201010101010102010101020101010101010101010101010101
010101010101010101010101010101010101010101010101010101010101010101010101010101010101010101010101
010101010101010101010101010101010101010101010101010101010101010201010101010101010101010101010101
010101010101010101010101010101010101010101010101010101010101010101010101010101010101010101010101
010101010101010101010101010101010101010101010101010101010101010101010101010101010101010101010101
010101010101010101010101010101010101010101010101010101010101010101010101010101010101010101010101
010101010101010101010101010101010101010101010102020101010101010102010101010101010101010101020101
010101010101010101010101010101010101010201010102010101020101010101010101010101010101010101010101
010101010101010101010101010101010101010101010101010101010101010101010101010101010101010101010101
010101010101010101010101010101010101010101010101010101010101010101010101010101010101010101010101
010101010101010101010101010101010101010101010101010101010101010101010101010101010101010101010101
010101010101010101010101010101010101010101010101010101010101010101010101010101010101010101010101
010101010101010101010101010101010101010101010101010101010101010101010101010101010101010101010101
010101010101010101010101010101010101010101010101010101010101010101010101010101010101010101010101
010101010101010101010101010101010101010101010101010101010101010101010101010101010101010101010101
010101010101010101010101010101010101010101010101010101010101010101010101010101010101010101010101
010101010101010101010101010101010101010101010101010101010101010101010101010101010101010101010101
010101010101010101010101010101010101010101010101010201010101010101010101010101010101010101010101
010101010101010101010101010101010101010101010101010101010101010101010101010101010101010101010101
010101010101010101010101010101010101010101010101010101010101010101010101010101010101010101010101
010101010101010101010101010101010101010101010101010101010101010101010101010101010101010101010101
010101010101010101010101010101010101010101010101010101010101010101010101010101010101010101010101
010101010101010101010101010101010101010101010101010101010101010101010101010101010101010101010101
010101010101010101010101010101010101010101010101010101010101010101010101010101010101010101010101
010101010101010101010101010101010101010101010101010101010101010101010101010101010101010101010101
010101010101010101010101010101010101010101010101010101010101010101010101010101010101010101010101
010101010101010101010101010101010101010101010101010101010101010101010101010101010101010101010101
010101010101010101010101010101010101010101010101010101010101010101010101010101010101010101010101
010101010101010101010101010101010101010101010101010101010101010101010101010101010101010102020201
020201010102010101010101010202020202010101010201010101020101010101010101010101010101010102010101
010201020201010101010101010101010101010101010101010101020102010101010101010101010101010101010201
010101010102010101010101010101010101010101010101010101010101010201010101010101010101010101010101
010101010101010101010101010101010101010101010101010101010201010101010101010101010101010101010101
010101010101010101010101010101010101010101010101010101010101010101010101010101010101010101010101
010101010101010101010101010101010101010101010101010101010101010101010101010101010101010101010101
010101010101010101010101010101010101010101010101010101010101010101010101010101010101010101010101
010101010101010101010101010101010101010101010101010101010101010101010101010101010101010101010101
010101010101010101010101010101010101010101010101010101010101010101010101010101010101010101010101
010101010101010101010101010101010101010101010101010101010101010101010101010101010101010101010101
010101010101010101010202010102010101020201010102020101010101010101010101010101010101010101010101
010101010101010101010101010101010102010101010102010101010102010201010101010101010101010101010101
010101010101010101010101010101010101010101010101010101010202010101010202020201010102010101010101
010202010101010101020201010101020101020202010101010101010101010101010101010101010101010202010101
010201010201010101020101010201010101010101010101010101010101010101010102010202010101010101010101
010101020101010101020101020101010101010101010101010101010101010101010101010101010101010101010101
010101010101010101010101010101010101010101010101010101010101010101010101010101010201010101010201
010101010201020101010101010101010101010101010101010101010101010101010101010101010101010101010101
010101010101010101010101010101010101010101010101010101010101010101010101010101010101010101010101
010101010101010101010101010101010101010101010101010101010101010101010101010101010101010101010101
010101010101010101010101010101010101010101010101010101010101010101010101010101010101010101010101
010101010101010101010101010101010101010101010101010101010101010101010101010101010101010101010101
010101010101010101010101010101010101010101010101010101010101010101010101010101010101010101010101
010101010101010101010101010101010101010101010101010101010101010101010101010101010101010101010101
010101010101010101010101010101010101010101010101010101010101010101010101010101010101010101010101
010101010101010101010101010101010101010102010101010101010101010101010101010101010101010101010101
010101010101010101010101010101010102010201020201010102010101010101010201010101010101010101010101
010101010101010101010101010101010101010101010101010101010101010101010101010101010101010101010101
010101010101010101010101010101010101010101010101010101010102010101020101010102010101010101020201
010102010101020101010101010101010101010101010101010101010101010101010101010101010101010101010101
010101010101010101010101010101010101010101010101010101010101010101010101010101010101010101010101
010101010202010101010101020201010101010101010101010101010101010101010101010101010101010101020101
010101010101010101010101010101010101010101010101010101010101010101010101010101010101010101010101
010101010101010101010101010101010101010101010101010101010101010101010101010101010101010101010101
010101010101010101010101010101010101010101010101010101010101010101010101010101020101010101010101
020101010101010101010101010101010101010101010101010101010101010101010101010101010101010101010101
010101010101010101010101010101010101010101010101010101010101010101010101010101010101010101010201
010102010101010201010101010202010101010101010201010101020101010101010101010101010101010101010101
010101010101010101010101010101010101010101010101010101010101010101010101010101010101010101010101
010101010101010101010101010101010101010101010101010101010101010202010101010101010101010202010101
010101010101010101010101010101010101010101010201010101010101010101010101010101010101010101010101
010101010101010101010101010101010101010202010102010101020101010101010101010101010101010101010101
010101010101010101010101010101010101010101010101010101010101010101010101010101010101010101010101
010101010101010101010101010101010101010101010101010101010101010101010101010101010101010101010101
010101010101010101010101010101010101010101010101010101010101010101010101010101010101010101010101
010101010101010101010101010101010101010101010101010101010101010101010101010101010101010101010101
010101010101010101010101010101010101010101010101010101010101010101010101010101010101010101010101
010101010101010101010101010101010101010101010101010101010101010101010101010101010101010101010101
010101010101010101010101010101010101010101010101010101010101010101010101010101010101010101010101
010101010101010101010101010101010101010101010101010101010101010101010101010101010101010101010101
010101010101010101010101010101010101010101010101010101010101010101010101010101010101010101010101
010101010101010101010101010101010101010101010101010101010101010101010101010101010101010101010101
010101010101010101010101010101010101010101010101010101010101010101010101010101010101010101010101
010101010101010101010101010101010101010101010101010101010101010101010101010101010101010101010101
010101010101010101010101010101010101010101010101010101010101010101010101010101010101010101010101
010101010101010201020201020101010101010101010101010101010101010102020101010101010102010101010101
010101010101010201010101010101020101010101010101010101010101010101010101010201020101010102010101
010102020101010101010101010102010101010101010101010101010101010102020101010101010101010101010101
010101010101010101010101010101010101010101010101010101010101010101010101010101010101010101010101
010101010101010101010101010101010101010101010101010101010101010101010101010101010101010101010101
010101010101010101010101010101010101010101010101010101010101010101010101010101010101010101010101
010101010101010101010101010101010101010101010101010101010101010101010101010101010101010101010101
010101010101010101010101010101010101010101010101010101010101010101010101010101010101010101010101
010101010101010101010101010101010101010101010101010101010101010101010101010101010101020202020202
020202020202020202020202020202020202020202020202020102020202020201020202020202020202020202020202
020202020202020202020202020202020202020202020202020102010202010202020202020202010202020202020101
020101020202010202020202020202010202020101020101010101010101010101010101010101010101020102010101
010201020101010201010102020101010101010101010101010201010101010101010101020102010101010101010101
010101010101010101010102020101010101010101010101010101010101010101010101010101010101010101010101
010101010101010101010101010101010101010101010101010101010101010101010101010101010101010101010101
010101010101010101010101010101020202010102010101010101010101010101010101010101010101010101010101
010101010101010101010101010101010101010101010101010101010101010101010101010101010101010101010101
010101010101010101010101010101010101010101010101010101010101010101010101010101010101010101010101
010101010101010101010101010101010101010101010101010101010101010101010101010101010101010101010101
010101010101010101010101010101010101010101010101010101010101010101010101010101010101010101010101
010101010101010101010101010101010101010101020101010101010101010101010101010101010101010101010101
010101010101010101010101010101010101010101010101010101010101010101010101010101010101010101010101
010101010101010101010101010102010101010101010101010101010101010101010101010101010101010101010101
010101010101010101010101010101010101010101010101010101010101010101010101010101010101010101010101
010101010101010101010101010101010101010101010101010101010101010101010101010101010101010101010101
010101010101010101010101010101010101010101010101010101010101010101010101010101010101010101010101
010101010101010101010101010101010101010101010101010101010101010101010101010101010101010101010101
010101010101010101010101010101010101010101010101010101010101010101010101010101010101010101010101
010101010101010101010101010101010101010101010101010101010101010202010102020101010201010101010101
020202010101010101020201010101010102010101010101010101010101010101020101010102010102020101010101
010101010101010101010101010101020101010101010101010101010101010101010201010101010101010101010101
010101010101010101010101010101010101010101010101010101010102010101010101010101010101010101010101
010101010101010101010101010101010101010101010101010201010101010101010101010101010101010101010101
010101010101010101010101010101010101010101010101010101010101010101010101010101010101010101010101
010101010101010101010101010101010101010101010101010101010101010101010101010101010101010101010101
010101010101010101010101010101010101010101010101010101010101010101010101010101010101010101010101
010101020101010201010102010101010101010101010101010101010101010101010101010101010101010101010101
010101010101010101010101010101010101010101010101010101010101010101010101010101010101010101010101
010101010101010101010101010101010101010101010101010101010101010101010101010101010101010101010101
010101010101010101010101010101010101010101010101010101010101010101010101010101010101010101010101
010101010101010101010101010101010101010101010101010101010101010101010101010101010101010101010101
010101010101010101010101010101010101010101010101010101010101010101010101010101010101010101010101
010101010101010101010101010101010101010101010101010101010101010101010101010101010101010101010101
010101010101010101010101010101010101010101010101010101010101010101010101010101010101010101010102
010102010101010101010101010101010101010101010101010101010101010101010101010101010102010101010101
010101010101010101010101010101010101010101010201010101010101010101010101010101010101010101010101
010101010101010101020101010201010101010101010101020201020101010201010101010101010101010101010101
010101020101010101010101010101010101010101010101010101010101010101010201010101010101010201010101
010101010101010101010101010201010101010101010101020101010101010101010101010101010101010101010101
010101010101010201010101020101010101010101010101010101010101010101010101010101010101010101010101
010101010101010201010102010101010101010101010201010101010202010101020201020101010102010101010101
010101010101010101010101010101010101010102010201010101010101010101010101010101010101010101010101
010101010101010101010101010101010101010101010101010101010101010102010101010101010101010101010101
020101010101010101010101010101010101010101010102010101010101010101010101010101010101010101010101
010101010101010101010101010101010101010101010101010101010101020101010102010101010101010101020101
010101010101010101010101010101010101010101010101010201010101010101020101010101010102010101010101
010101010101010101010101010101010101010101010101010101010101010101010101010101010101010101010101
010101010101010202010101020101010101010101010101020101010101010101010101010101010101010101010101
010101010201010101010201010201010101010101010101010101010101010101010101010101010101010101010101
010101010101020102010102010101010101010101010101010101010101010101010101010101010101010101010101
010101010101010101010101010101010101010101010101010101010101010101010101010101010101010101010101
010101010101010101010101010101010101010101010101010101010101010101010101010101010101010101010101
010101010101010101010101010101010101010101010101010101010101010101010101010101010101010101010101
010101010101010101010101010101010101010101010101010101010101010101010101010101010101010101010101
010101010101010101010101010101010101010101010101010101010101010101010101010101010101010101010101
010101010101010101010101010101010101010101010101010101010101010101010101010101010101010101010101
010101010101010101010101010101010101010101010101010101010101010101010201020101020101010101010101
010101010101010101010101010101010101010101010101010101010101010101010101010101010101020101010201
010101010101010101010101010101010101010101010101010101010101010101010101010101010101010101010101
010101010101010101010101010101010101010101010101010101010101010101010101010101010101010101010101
010101010101010101010101010101010101010101010101010101010101010101010101010101010101010101010101
010101010101010101010101010101010101010101010101010101010101010101010101010101010101010101010101
010101010101010101010101010101010101010101010101010101010101010101010101010101010101010101010101
010101010101010101010101010101010101010101010101010101010101010101010101010101010101010101010102
020101020101010101010201010101010101010101010102010201020101010101010101010101010101010101010101
010101010101010101020101010101010101020101010102010101010101010101010101010101010101010101020101
010101010101010101010101010101010102010101010101010101010101010101010201010101010101010101010101
010101010101010101010101010101010101010101010101010101010101010101010101010101010101010101010101
010101010101010101010101010101010101010101010101010101010101010101010101010101010101010101010101
010101010101010101010101010101010101010101010101010101010101010101010101010101010101010101010101
010101010101010101010101010101010101010101010101010101010101010101010101010101010201010101020101
010101010101010101010101010101010101010101010101010101010101010101010101010101010101010101010101
010101010101010101010101010101010101010101010101010101010101010101010101010101010101010101010101
010101010101010101010101010101010101010101010101010101010101010101010101010101010101010101010101
010101010101010101010101010101010101010101010101010101010101010101010101010101010101010101010101
010101010101010101010101010101010101010101010101010101010101010101010101010101010101010101010101
010101010101010101010101010101010101010101010101010101010101010101010101010101010101010101010101
010101010101010101010101010101010101010101010101010101010101010101010101010101010101010101010101
010101010101010101010101010101010101010101010101010101010101010101010101010101010101010101010101
010101010101010101010101010101010101010101010101010101010101010101010101010101010101010101010101
010101010101010101010101010101010101010101010101010101010101010101010101010101010101010101010101
010101010101010101010101010101010101010101010101010101010101010101010101010101010101010101010101
010101010101010101010101010101010101010101010101010101010101010101010101010101010101010101010101
010101010101010101010101010101010101010101010101010101010101010101010101010101010101010101010101
010101010101010201010101010102010101010101010101010101010101010101010101010101010101010101010101
010101010101010101010101010101010101010101010101010101010101010101010101020101010201010101010101
010101010101010101010101010101010101010102010201010101010101010101010101010101010101010101010101
010101010101010101010101010101010101010101010101010101010101010101010101010101010101010101010101
010101010101010101010101010101010101010101010101010101010101010101010101010101010101010101010102
020101010101010101010101020201010201010101010101020101010201010101010101010101010201010101010101
010101010101010102010201010201010101010101010102010101010101010101010102010101010101010102010101
010101010101010101010101010101010101010101010101010101010101010101010101010101010101010101010101
010101020101010201010101010101010101010101010101010101010101010101010102010101010101010101010102
010101010101010101010101010101010101010101010101010101010101010101010101010101010101010101010101
010101010101010101010101010101010101010101010101010101010101010101010101010101010101010101010101
010101010101010101010101010101010101010101010101010101010101010101010101010101010101020102010101
010101010101010101010101010101010101010101010101010101010101010101010101010101010101010101010101
010101010101010101010101010101010101010102010101010101010101010101010102010101010101010101010101
010101010101010101010101010101010101010101010101010101010101010101010101010101010101010101010101
010101010101010101010101010101010101010101010101010101010101010101010101010101010101010101010101
010101010101010101010101010101010101010101010101010101010101010101010101010101010101010101010101
010101010101010101010101010101010101010101010101010101010101010101010101010101010101010101010101
010101010101010101010101010101010101010101010101010101010101010101010101010101010101010101010101
010101020102010101010101010101010101010101010101010101010101010101010101010101010101010101010101
010101010101010101010101010101010101010101010101010101010101010101010101010101010101010101010101
010101010101010101010101010101010101010101010101010101010101020101020102010101010101010101010201
010101010101010101010101010101010101010101010101010101010101010101010101010101010101010101010101
010101010101010101010101010101020101010101010101020101010101010201010101010101010101010101010101
010101010101010101010101010101010101010101010101010101010101010101010101010101010101010101010101
010101010101010101010101010101010101010101010101010101010101010101010101010101010101010101010101
010101010101010101010101010101010102020101020101010101010102020201010101020101010101010101020101
010101010201010201010102020101010202010101010101010101020101010101010101010101010101010201010101
010201010101010101010101020101010101010102010101010101010101010101010101010101010101010101010101
010101010101010101010101010101010101010101010101010101010101010101010101010201010101010101010101
010101010101010101010101010101010101010101010101010102010101010101010101010201010201010101010101
010101010101010101010101010101010101010101010101010101010101010101010101010101010101010101010101
010101010101010101010101010101010101010101010101010101010101010101010101010101010101010101010101
010101010101010101010101010101010101010101010101010101010101010101010101010101010101010101010101
010101010101010101010101010101010101010101010101010101010101010102020101010201010101010101010101
010101010101010101020101010101010101010101010101010101010101010101010101010101010101010101010101
010101010101010101010101020102010102010201010101010101010101010101020101010101010101010101010201
010102010101010101010101010101010102010102010101010101010101010101010101010101010101010101010101
010101010101010101010101010101010101010101010101010101010101010101010101010101010101010101010101
010101010101010101010101010101010101010101010101010101010101010101010101010101010101010101010101
010101010101010202010101010201010101010101010101010101010101010101010201010101010101010101010101
010101010101010101010101010101010101010101010101010101010101010101010101010101010101010101010101
010101010101010101010101010101010101010101010101010101010101010101010101010101010101010101010101
010101010101010101010101010101010101010101010101010101010101010101010101010101010101010101010102
020102010101010101010101010101010101010101010101010101010101010101010101020102010101010101010101
010101010101010101010101010101010101010101010101010101020202010101010102010101010101010102020201
010101010101010101010101010101010101010201010101010201010201010101010101010101010101020101010101
010101010101020101010101010102010101010101010101010101010101010101010101010101010101010101010101
010101010101010101010101010101010101010101010102010201010101010101010101010101010101010101010101
010101010101010101010101010101010101010101010101010101010101010101010101010101010101010101010101
010101010101010101010101010101010101010101010101010101010101010101010101010101010101010101010101
010101010101010101010101010101010101010101010101010101010101010101010101010201020101010101010101
010101010101010101010101010101010101010101010101010101010101010101010101010101010101010101010101
010101010101010101010101010101010101010101010101010101010101010101010101010101010101010101010101
010101010101010201010101010101010101010201010101010101020101010101010101010101010101010101010101
010101010101010101010101010101010101010101010101010101010101010101010101010101010101010101010101
010101010101010101010101010101010101010101010101010101010101010101010101010101010101010101010101
010101010101010101010101010101010101010101010101010101010101010101010101010101010101010101010101
010101010102020201010101010101010102020202010102010101010101020101010101010101010101010101020102
020101020201010101010101010101010101010101010101010101020101010101020101010201010101010101010101
010101010101010101020101010101010101010101010101020101010101010101010101010101010101010101010101
010101010101010101010101010101010101010101010101010201010101010101010101010101010101010101010101
010101010101010101010101010101010101010101010101010101010101010101010101010101010101010101010101
010101010101010101010101010101010101010101010101020101020101020101010101010101010102010101010101
010101010101010101010101010101010101010101010101010101010101010101010101010101010101010101010101
010101010101010101010101010101010101010101020101010101010101010101010101010101010101010101010101
010101010101010101010101010101010101010101010101010101010101010101010101010101010101010101010101
010101010101010101010101010101010101010101010101010101010101010101010101010101010101010101010101
010101010101010101010101010101010101010101010101010101010101010101010101010101010101010101010101
010101010101010101010101010101010101010101010101010101010101010101010101010101010101010101010101
010101010101010101010101010101010101010101010101010101010101010101010101010101010101010101010101
010101010101010101010101010101010101010101010101010101010101010101010101010101010101010101010101
010101010101010101010101010101010101010101010101010101010101010101010101010101010101010101010101
010101010101010101010101010101010101010101010101010101010101010101010101010101010101010101010101
010101010101010101010101010101010101010101010101010101010101010101010101010101010101010101010101
010101010101010101010101010101010101010101010101010101010101010101010101010101010101010101010101
010101010101020201010102020202020202020202010101020202010101010202010202010202020201010101020101
010202010101020202020101010101010101010101010101010101010101010201020101010202010102010102010101
010101010201010102010101010201010201010201010201020101020201010201010102010101020101010101020101
010101010101020201010102020201010101010101010101010101010101010101010101010101010101010101010101
010101010101010101010101010101010101010101010101010101010101010101010101010101010101010101010101
010101010101010101010101010101010101010101010101010101010101010101010101010101010101010101010101
010101010101010101010101010101010101010101010101010101010101010101010101010101010101010101010101
010101010101010101010101010101010101010101010101010101010101010101010101010101010101010101010101
010101010101010101010101010101010101010101010101010101010101010101010101010101010101010101010101
010101010101010101010101010101010101010101010101010101010101010101010101010101010101010101010101
010101010101010101010101010101010101010101010101010101010101010101010101010101010101010101010101
010101010101010101010101010101010101010101010101010101010101010101010101010101010101010101010101
010101010101010101010101010101010101010101010101010101010101010101010101010101010101010101010101
010101010101010101010101010101010101010101010101010101010101010101010101010101010102010202010101
010101010101010101010101010101010101010101010101010101010101010101010101010101010101010101010201
020201010101010101010202020202020202020202020202020202020102010202020202010102020201020201010102
010201020201020201020202010101010202010101010201020201020201010102020202020202020202020202020202
020202020202020202020202020202020202020202020202020202020202020202020202020202020202020202020202
020202020202020202010202020202020202010201020202010101010101010101010101010101010101010101010101
010101010101010101010101010101010101010101010101010101010101010101010101010101010101010101010101
010101010101010101010101010101010101010101010101010101010101010101010101010101010101010101010101
010101010101010101010101010101010101010101010101010101010101010101010101010101010101010101010101
010101010101010101010101010101010101010101010101010101010101010101010101010101010101010101010101
010101010101010101010101010101010101010101010101010101010101010101010101010101010101010101010101
010101010101010101010101010101010101010101010101010101010101010101010101010101010101010101010101
010101010101010101010101010101010101010102010101020101020202010201020202020101010101010202010102
020102010101010101010101010101010101010101020102010101010201010101010102010102020201020101020101
010101010102010101010202010101010101010101010101010101010101010101010101010101010101010101010101
010101010101010101010101010101010101010101010101010101010101010101010101010101010101010101010101
010101010101020101010101010101010101010101010101010101010101010101010101010101010101010101010101
010101010101010101010101010101010101010101010102010201020102020101010202010101010101010101010101
020201010101010101010101010101010101010101010101010101010101010101010101010101010101010101010101
010101010101010102020101010101010201010202010101010101020101010101010201010101010102010101010101
010101010101010101010101010101010101010101010101010101010101010101010101010101010101020101010101
010101010101010101010101010101010101010101010101010101010101010101010101010101010101010101010101
010101010101010101010101010101010101010101010101010101010101010101010101010101010101010101010101
010101010101010101010201010101010201010101010101010101010101010101010101010101010101010101010101
010101010101010101010101010101010101010102010102020101010101010101010101020101010201020202010102
010201010202020101010101020201020102020101010101010101010101010101010101020101010101020102010101
020101020201020101010102010201010101010101010101010101010101020101010102020101010101010101010101
020101010102010101010101010101010101010101010101010101010101010101010101010101010101010101010101
010101010201010202010101010101010101010101010101010101010101010101010101010101010102010201010101
010101010101010101010101010101010201010101010101010101010101010101010101010101010101010101010101
010101010201020101010101010101010101010101010102010101010101010101010101010101010101010101010101
010101010101010101010101010101010101010101010101010101010101010101010101010101010101010101010101
010101010102020102010101010101010101010101010101010101010101010101010101010101010101010101010101
010101010101010101010101010101010101010101010101010101010101010101010101010101010101010101010101
010101010101010101010101010101010101010101010101010101010101010101010101010101010101010101010101
010101010101010101010101010101010101010101010101010101010101010101010101010101010101010101010101
010101010101010101010101010101010101010101010101010101010101010101010101010101010101010101010101
010101010101010101010101010101010101010101010101010101010101010101010101010101010101010101010101
010101010101010101010101010101010101010101010101010101010101010101010101010101010101010101010101
010101010101010101010101010101010101010101010101010101010101010101010101010101010101010101010101
010101010101010101010101010101010101010101010101010101010101010101010101010101010101010101010101
010101010101010101010101010101010101010101010101010101010101010101010101010101010101010101010101
010101010101010101010101010101010101010101010101010101010101010101010101010101010101010101010101
010101010101010101010101010101010101010101010101010101010101010101010101010101010101010101010101
010101010101010101010101010101010101010101010101010101010101010101010101010101010101010101010101
010101010101010101010101010101010101010101010101010101010101010101010101010101010101010101010101
010101010101010101010101010101010101010101010101010101010101010101010101010101010101010101010101
010101010101010101010101010101010101010101010101010101010101010101010101010101010101010101010101
010101010101010101010101010101010101010101010101010101010101010101010101010101010101010101010101
010101010101010101010101010101010101010101010101010101010101010101010101010101010101010101010101
010101010101010101010101010101010101010101010101010101010101010101010101010101010101010101010101
010101010101010101010101010101010101010101010101010101010101010101010101010101010101010101010101
010101010101010101010101010101010101010101010101010101010101010101010101010101010101010101010101
010101010101010101010101010101010101010101010101010101010101010101010101010101010101010101010101
010101010101010101010101010101010101010101010101010101010101010101010101010101010101010101010101
010101010101010101010101010101010101010101010101010101010101010101010101010101010101010101010101
010101010101010101010101010101010101010101010101010101010101010101010101010101010101010101010101
010101010101010101010101010101010101010101010101010101010101010101010101010101010101010101010101
010101010101010101010101010101010101010101010101010101010101010101010101010101010101010101010101
010101010101010101010101010101010101010101010101010101010101010101010101010101010101010101010101
010101010101010101010101010101010101010101010101010101010101010101010101010101010101010101010101
010101010101010101010101010101010101010101010101010101010101010101010101010101010101010101010101
010101010101010101010101010101010101010101010101010101010101010101010101010101010101010101010101
010101010101010101010101010101010101010101010101010102010101010101010101010101010101010101010101
010101010101010101010101010101010101010102010101010101010101010101010101010101010101010101010101
010101010101010101010101010101010101010101010101010101010101010101010101010101010101010101010101
010101010101010101010101010101010101010101010101010101010101010101010101010101010101010101010101
010101010101010101010101010101010101010101010101010101010101010101010101010101010101010101010101
010101010101010101010101010101010101010101010101010101010101010101010101010101010101010101010101
010101010101010101010101010101010101010101010101010101010101010101010101010101010101010101010101
010101010101010101010101010101010101010101010101010101010101010101010101010101010101010101010101
010101010101010101010101010101010101010101010101010101010101010101010101010101010101010101010101
010101010101010101010101010101010101010101010101010101010101010101010101010101010101010101010101
010101010101010101010101010101010101010101010101010101010101010101010101010101010101010101010101
010101010101010101010101010101010101010101010101010101010101010101010101010101010101010101010101
010101010101010101010101010101010101010101010101010101010101010101010101010101010101010101010101
010101010101010101010101010101010101010101010101010101010101010101010101010101010101010101010101
010101010101010101010101010101010101010101010101010101010101010101010101010101010101010101010101
010101010101010101010101010101010101010101010101010101010101010101010101010101010101010101010101
010101010101010101010101010101010101010101010101010101010101010101010101010101010101010101010101
010101010101010101010101010101010101010101010101010101010101010101010101010101010101010101010101
010101010101010101010101010101010101010101010101010101010101010101010101010101010101010101010101
010101010101010101010101010101010101010101010101010101010101010101010101010101010101010101010101
010101010101010101010101010101010101010101010101010101010101010101010101010101010101010101010101
010101010101010101010101010101010101010101010101010101010101010101010101010101010101010101010101
010101010101010101010101010101010101010101010101010101010101010101010101010101010101010101010101
010101010101010101010101010101010101010101010101010101010101010101010101010101010101010101010101
010101010101010101010101010101010101010101010101010101010101010101010101010101010101010101010101
010101010101010101010101010101010101010101010101010101010101010101010101010101010101010101010101
010101010101010101010101010101010101010101010101010101010101010101010101010101010101010101010101
010101010101010101010101010101010101010101010101010101010101010101010101010101010101010101010101
010101010101010101010101010101010101010101010101010101010101010101010101010101010101010101010101
010101010101010101010101010101010101010101010101010101010101010101010101010101010101010101010101
010101010101010101010101010101010101010101010101010101010101010101010101010101010101010101010101
010101010101010101010101010101010101010101010101010101010101010101010101010101010101010101010101
010101010101010101010101010101010101010101010101010101010101010101010101010101010101010101010101
010101010101010101010101010101010101010101010101010101010101010101010101010101010101010101010101
010101010101010101010101010101010101010101010101010101010101010101010101010101010101010101010101
010101010101010101010101010101010101010101010101010101010101010101010101010101010101010101010101
010101010101010101010101010101010101010101010101010101010101010101010101010101010101010101010101
010101010101010101010101010101010101010101010101010101010101010101010101010101010101010101010101
010101010101010101010101010101010101010101010101010101010101010101010101010101010101010101010101
010101010101010101010101010101010101010101010101010101010101010101010101010101010202010101010101
010102010101010101010101010101010101020201010101010101020101010101010101010101010101010101010101
010101010101010101010101010101010101010101010101010101010101010101010101010101010101010101010101
010101010101010101010101010101010101010101010101010101010101010101010101010101010101010101010101
010101010101010101010101010101010101010101010101010101010101010101010101010101010101010101010101
010101010101010101010101010101010202010101010201010201010101020101010101020101020101010201010201
010101010201010201010101020101010101020101010201010102010101010101010101010101010101010101010101
010101010101010101010101010101010101010101010101010101010101010101010101010101010101010101010101
010101010101010101010101010101010101010101010101010101010101010101010101010101010101010101010101
010101010101010101010101010101010101010101010101010101010101010101010101010101010101010101010101
010101010101010101010101010101010101010101010101010101010101010101010101010101010101010101010101
010101010101010101010101010101010101010101010101010101010101010101010101010101010101010101010101
010101010101010101010101010101010101010101010101010101010101010101010101010101010101010101010101
010101010101010101010101010101010101010101010101010101010101010101010101010101010101010101010101
010101010101010101010101010101010101010101010101010101010101010101010101010101010101010101010101
010101010101010101010101010101010101010101010101010101010101010101010101010101010101010101010101
010101010101010101010101010101010101010101010101010101010101010101010101010101010101010101010101
010101010101010101010101010101010101010101010101010101010101010101010101010101010101010101010101
010101010101010101010101010101010101010101010101010101010101010101010101010101010101010101010101
010101010101010101010101010101010101010101010101010101010101010101010101010101010101010101010101
010101010101010101010101010101010101010101010101010101010101010101010101010101010101010101010101
010101010101010101010101010101010101010101010101010101010101010101010101010101010101010101010101
010101010101010101010101010101010101010101010101010101010101010101010101010101010101010101010101
010101010101010101010101010101010101010101010101010101010101010101010101010101010101010101010101
010101010101010101010101010101010101010101010101010101010101010101010101010101010101010101010101
010101010101010101010101010101010101010101010101010101010101010101010101010101010101010101010101
010101010101010101010101010101010101010101010101010101010101010101010101010101010101010101010101
010101010101010101010101010101010101010101010101010101010101010101010101010101010101010101010101
010101010101010101010101010101010101010101010101010101010101010101010101010101010101010101010101
010101010101010101010101010101010101010101010101010101010101010101010101010101010101010101010101
010101010101010101010101010101010101010101010101010101010101010101010101010101010101010101010101
010101010101010101010101010101010101010101010101010101010101010101010101010101010101010101020101
010101010101010101010101010101010201010101010101010101010101010101010101010101010101010101010101
010101010101010101010101010101010101010101010101010101010101010101010102010101010201010101010102
010101010101020101010101010201010101020101010101010101010101010101010101010101010101010101010101
010101010101010101010101010101010101010101010101010101010101010101010101010101010101010101010101
010101010101010101010101010101010101010101010101010101010101010101010101010101010101010101010101
010101010101010101010101010101010101010101010101010101010101010101010101010101010101010101010101
010101010101010101010101010101010101010101010101010101010101010101010101010101010101010101010101
010101010101010101010101010101010101010101010101010101010101010101010101010101010101010101010101
010101010101010101010101010101010101010101010101010101010101010101010101010101010101010101010101
010101010101010101010101010101010101010101010101010101010101010101010101010101010101010101010101
010101010101010101010101010101010101010101010101010101010101010101010101010101010101010101010101
010101010101010101010101010101010101010101010101010101010101010101010101010101010101010101010101
010101010101010101010101010101010101010101010101010101010101010101010101010101010101010101010101
010101010101010101010101010101010101010101010101010101010101010101010101010101010101010101010101
010101010101010101010101010101010101010101010101010101010101010101010101010101010101010101010101
010101010101010101010101010101010101010101010101010101010101010101010101010101010101010101010101
010101010101010101010101010101010101010101010101010101010101010101010101010101010101010101010101
010101010101010101010101010101010101010101010101010101010101010101010101010101010101010101010101
010101010101010101010101010101010101010101010101010101010101010101010101010101010101010101010101
010101010101010101010101010101010101010101010101010101010101010101010101010101010101010101010101
010101010101010101010101010101010101010101010101010101010101010101010101010101010101010101010101
010101010101010101010101010101010101010101010101010101010101010101010101010101010101010101010101
010101010101010101010101010101010101010101010101010101010101010101010101010101010101020101010101
010101010101010101010101010101010101010101010101010101010101010101010101010101010101010101010101
010101010101010101010101010101010101010101010101010101010101010101010101010101010101010101010101
010101010101010101010101010101010101010101010101010101010101010101010101010101010101010101010101
010101010101010101010101010101010101010101010101010101010101010101010101010101010101010101010101
010101010101010101010101010101010101010101010101010101010101010101010101010101010101010101010101
010101010101010101010101010101010101010101010101010101010201010101010101010101010101010101010101
010101010101010101010101010101010101010101010101010101010101010101010101010101010101010101010101
010101010101010101010101010101010101010101010101010101010101010101010101010101010101010101010101
010101010101010101010101010101010101010101010101010101010101010101010101010101010101010101010101
010101010101010101010101010101010101010101010101010101010101010101010101010101010101010101010101
010101010101010101010101010101010101010101010101010101010101010101010101010101010101010101010101
010101010101010101010101010101010101010101010101010101010101010101010101010101010101010101010101
010101010101010101010101010101010101010101010101010101010101010101010101010101010101010101010101
010101010101010101010101010101010101010101010101010101010101010101010101010101010101010101010101
010101010101010101010101010101010101010101010101010101010101010101010101010101010101010101010101
010101010101010101010101010101010101010101010101010101010101010101010101010101010101010101010101
010101010101010101010101010101010101010101010101010101010101010101010101010101010101010101010101
010101010101010101010101010101010101010101010101010101010101010101010101010101010101010101010101
01010101010101010101010101010101010101010101010101010101010101010101010101010101
